arm,opponent,game_index,seat,outcome,end_reason,turns,candidate_prize_remaining,opponent_prize_remaining
BASELINE,tb_567ea9be_llccqq624_ptcg-alakazam-marniebelief-0723-a,0,first,loss,PRIZES,151,2,0
BASELINE,tb_567ea9be_llccqq624_ptcg-alakazam-marniebelief-0723-a,3,second,loss,PRIZES,117,1,0
BASELINE,tb_567ea9be_llccqq624_ptcg-alakazam-marniebelief-0723-a,2,first,win,PRIZES,190,0,5
BASELINE,tb_567ea9be_llccqq624_ptcg-alakazam-marniebelief-0723-a,1,second,loss,PRIZES,150,3,0
BASELINE,tb_567ea9be_llccqq624_ptcg-alakazam-marniebelief-0723-a,4,first,loss,PRIZES,107,3,0
BASELINE,tb_567ea9be_llccqq624_ptcg-alakazam-marniebelief-0723-a,6,first,loss,PRIZES,116,4,0
BASELINE,tb_567ea9be_llccqq624_ptcg-alakazam-marniebelief-0723-a,5,second,win,PRIZES,165,0,2
BASELINE,tb_567ea9be_llccqq624_ptcg-alakazam-marniebelief-0723-a,8,first,win,PRIZES,141,0,5
BASELINE,tb_567ea9be_llccqq624_ptcg-alakazam-marniebelief-0723-a,7,second,loss,PRIZES,118,5,0
BASELINE,tb_567ea9be_llccqq624_ptcg-alakazam-marniebelief-0723-a,10,first,win,PRIZES,163,0,1
BASELINE,tb_567ea9be_llccqq624_ptcg-alakazam-marniebelief-0723-a,9,second,win,PRIZES,141,0,3
BASELINE,tb_567ea9be_llccqq624_ptcg-alakazam-marniebelief-0723-a,11,second,win,PRIZES,127,0,1
BASELINE,tb_567ea9be_llccqq624_ptcg-alakazam-marniebelief-0723-a,12,first,win,PRIZES,142,0,6
BASELINE,tb_567ea9be_llccqq624_ptcg-alakazam-marniebelief-0723-a,13,second,win,PRIZES,148,0,1
BASELINE,tb_567ea9be_llccqq624_ptcg-alakazam-marniebelief-0723-a,14,first,loss,PRIZES,146,1,0
BASELINE,tb_567ea9be_llccqq624_ptcg-alakazam-marniebelief-0723-a,15,second,loss,PRIZES,118,2,0
BASELINE,tb_567ea9be_llccqq624_ptcg-alakazam-marniebelief-0723-a,16,first,loss,PRIZES,145,3,0
BASELINE,tb_567ea9be_llccqq624_ptcg-alakazam-marniebelief-0723-a,18,first,win,PRIZES,139,0,3
BASELINE,tb_567ea9be_llccqq624_ptcg-alakazam-marniebelief-0723-a,17,second,loss,PRIZES,122,4,0
BASELINE,tb_567ea9be_llccqq624_ptcg-alakazam-marniebelief-0723-a,19,second,loss,PRIZES,134,4,0
BASELINE,tb_567ea9be_llccqq624_ptcg-alakazam-marniebelief-0723-a,20,first,loss,PRIZES,144,2,0
BASELINE,tb_567ea9be_llccqq624_ptcg-alakazam-marniebelief-0723-a,22,first,win,PRIZES,111,0,6
BASELINE,tb_567ea9be_llccqq624_ptcg-alakazam-marniebelief-0723-a,21,second,loss,PRIZES,154,3,0
BASELINE,tb_567ea9be_llccqq624_ptcg-alakazam-marniebelief-0723-a,24,first,loss,PRIZES,90,3,0
BASELINE,tb_567ea9be_llccqq624_ptcg-alakazam-marniebelief-0723-a,23,second,loss,PRIZES,115,4,0
BASELINE,tb_567ea9be_llccqq624_ptcg-alakazam-marniebelief-0723-a,25,second,loss,PRIZES,100,5,0
BASELINE,tb_567ea9be_llccqq624_ptcg-alakazam-marniebelief-0723-a,27,second,loss,PRIZES,164,1,0
BASELINE,tb_567ea9be_llccqq624_ptcg-alakazam-marniebelief-0723-a,26,first,loss,PRIZES,149,2,0
BASELINE,tb_567ea9be_llccqq624_ptcg-alakazam-marniebelief-0723-a,28,first,loss,PRIZES,116,3,0
BASELINE,tb_567ea9be_llccqq624_ptcg-alakazam-marniebelief-0723-a,31,second,win,PRIZES,130,0,1
BASELINE,tb_567ea9be_llccqq624_ptcg-alakazam-marniebelief-0723-a,29,second,loss,PRIZES,146,2,0
BASELINE,tb_567ea9be_llccqq624_ptcg-alakazam-marniebelief-0723-a,32,first,loss,PRIZES,119,3,0
BASELINE,tb_567ea9be_llccqq624_ptcg-alakazam-marniebelief-0723-a,30,first,loss,PRIZES,133,4,0
BASELINE,tb_567ea9be_llccqq624_ptcg-alakazam-marniebelief-0723-a,33,second,loss,PRIZES,126,3,0
BASELINE,tb_567ea9be_llccqq624_ptcg-alakazam-marniebelief-0723-a,36,first,loss,NO_BENCH,62,5,3
BASELINE,tb_567ea9be_llccqq624_ptcg-alakazam-marniebelief-0723-a,34,first,loss,PRIZES,141,1,0
BASELINE,tb_567ea9be_llccqq624_ptcg-alakazam-marniebelief-0723-a,35,second,loss,PRIZES,116,3,0
BASELINE,tb_567ea9be_llccqq624_ptcg-alakazam-marniebelief-0723-a,37,second,win,PRIZES,136,0,2
BASELINE,tb_567ea9be_llccqq624_ptcg-alakazam-marniebelief-0723-a,39,second,win,PRIZES,131,0,2
BASELINE,tb_567ea9be_llccqq624_ptcg-alakazam-marniebelief-0723-a,38,first,win,PRIZES,142,0,5
BASELINE,tb_567ea9be_llccqq624_ptcg-alakazam-marniebelief-0723-a,40,first,loss,PRIZES,133,3,0
BASELINE,tb_567ea9be_llccqq624_ptcg-alakazam-marniebelief-0723-a,42,first,loss,PRIZES,131,1,0
BASELINE,tb_567ea9be_llccqq624_ptcg-alakazam-marniebelief-0723-a,43,second,loss,PRIZES,129,5,0
BASELINE,tb_567ea9be_llccqq624_ptcg-alakazam-marniebelief-0723-a,44,first,win,PRIZES,125,0,3
BASELINE,tb_567ea9be_llccqq624_ptcg-alakazam-marniebelief-0723-a,41,second,loss,PRIZES,152,2,0
BASELINE,tb_567ea9be_llccqq624_ptcg-alakazam-marniebelief-0723-a,45,second,loss,PRIZES,95,6,0
BASELINE,tb_567ea9be_llccqq624_ptcg-alakazam-marniebelief-0723-a,46,first,win,PRIZES,152,0,5
BASELINE,tb_567ea9be_llccqq624_ptcg-alakazam-marniebelief-0723-a,48,first,loss,PRIZES,123,4,0
BASELINE,tb_567ea9be_llccqq624_ptcg-alakazam-marniebelief-0723-a,49,second,loss,PRIZES,136,5,0
BASELINE,tb_567ea9be_llccqq624_ptcg-alakazam-marniebelief-0723-a,47,second,loss,PRIZES,142,3,0
BASELINE,tb_567ea9be_llccqq624_ptcg-alakazam-marniebelief-0723-a,52,first,win,PRIZES,119,0,5
BASELINE,tb_567ea9be_llccqq624_ptcg-alakazam-marniebelief-0723-a,50,first,win,PRIZES,148,0,1
BASELINE,tb_567ea9be_llccqq624_ptcg-alakazam-marniebelief-0723-a,53,second,loss,PRIZES,100,5,0
BASELINE,tb_567ea9be_llccqq624_ptcg-alakazam-marniebelief-0723-a,51,second,loss,PRIZES,161,2,0
BASELINE,tb_567ea9be_llccqq624_ptcg-alakazam-marniebelief-0723-a,54,first,win,PRIZES,163,0,1
BASELINE,tb_567ea9be_llccqq624_ptcg-alakazam-marniebelief-0723-a,55,second,loss,PRIZES,91,4,0
BASELINE,tb_567ea9be_llccqq624_ptcg-alakazam-marniebelief-0723-a,56,first,loss,PRIZES,160,1,0
BASELINE,tb_567ea9be_llccqq624_ptcg-alakazam-marniebelief-0723-a,57,second,loss,PRIZES,99,6,0
BASELINE,tb_567ea9be_llccqq624_ptcg-alakazam-marniebelief-0723-a,60,first,win,NO_BENCH,16,5,6
BASELINE,tb_567ea9be_llccqq624_ptcg-alakazam-marniebelief-0723-a,58,first,win,PRIZES,142,0,6
BASELINE,tb_567ea9be_llccqq624_ptcg-alakazam-marniebelief-0723-a,59,second,loss,PRIZES,153,1,0
BASELINE,tb_567ea9be_llccqq624_ptcg-alakazam-marniebelief-0723-a,61,second,win,PRIZES,149,0,2
BASELINE,tb_567ea9be_llccqq624_ptcg-alakazam-marniebelief-0723-a,63,second,loss,PRIZES,135,3,0
BASELINE,tb_567ea9be_llccqq624_ptcg-alakazam-marniebelief-0723-a,62,first,loss,PRIZES,138,1,0
BASELINE,tb_567ea9be_llccqq624_ptcg-alakazam-marniebelief-0723-a,64,first,loss,PRIZES,131,2,0
BASELINE,tb_567ea9be_llccqq624_ptcg-alakazam-marniebelief-0723-a,65,second,win,PRIZES,138,0,2
BASELINE,tb_567ea9be_llccqq624_ptcg-alakazam-marniebelief-0723-a,66,first,win,PRIZES,156,0,2
BASELINE,tb_567ea9be_llccqq624_ptcg-alakazam-marniebelief-0723-a,67,second,loss,PRIZES,155,1,0
BASELINE,tb_567ea9be_llccqq624_ptcg-alakazam-marniebelief-0723-a,68,first,win,PRIZES,161,0,4
BASELINE,tb_567ea9be_llccqq624_ptcg-alakazam-marniebelief-0723-a,70,first,win,PRIZES,148,0,2
BASELINE,tb_567ea9be_llccqq624_ptcg-alakazam-marniebelief-0723-a,69,second,win,PRIZES,137,0,5
BASELINE,tb_567ea9be_llccqq624_ptcg-alakazam-marniebelief-0723-a,71,second,loss,PRIZES,143,2,0
BASELINE,tb_567ea9be_llccqq624_ptcg-alakazam-marniebelief-0723-a,72,first,loss,PRIZES,132,2,0
BASELINE,tb_567ea9be_llccqq624_ptcg-alakazam-marniebelief-0723-a,74,first,loss,PRIZES,125,3,0
BASELINE,tb_567ea9be_llccqq624_ptcg-alakazam-marniebelief-0723-a,75,second,loss,PRIZES,113,3,0
BASELINE,tb_567ea9be_llccqq624_ptcg-alakazam-marniebelief-0723-a,73,second,win,PRIZES,150,0,2
BASELINE,tb_567ea9be_llccqq624_ptcg-alakazam-marniebelief-0723-a,78,first,win,PRIZES,116,0,6
BASELINE,tb_567ea9be_llccqq624_ptcg-alakazam-marniebelief-0723-a,77,second,loss,PRIZES,122,2,0
BASELINE,tb_567ea9be_llccqq624_ptcg-alakazam-marniebelief-0723-a,76,first,win,PRIZES,143,0,5
BASELINE,tb_567ea9be_llccqq624_ptcg-alakazam-marniebelief-0723-a,80,first,win,NO_BENCH,38,5,6
BASELINE,tb_567ea9be_llccqq624_ptcg-alakazam-marniebelief-0723-a,81,second,win,NO_BENCH,16,5,6
BASELINE,tb_567ea9be_llccqq624_ptcg-alakazam-marniebelief-0723-a,79,second,win,PRIZES,148,0,2
BASELINE,tb_567ea9be_llccqq624_ptcg-alakazam-marniebelief-0723-a,83,second,loss,PRIZES,159,1,0
BASELINE,tb_567ea9be_llccqq624_ptcg-alakazam-marniebelief-0723-a,82,first,loss,PRIZES,124,3,0
BASELINE,tb_567ea9be_llccqq624_ptcg-alakazam-marniebelief-0723-a,85,second,win,PRIZES,137,0,6
BASELINE,tb_567ea9be_llccqq624_ptcg-alakazam-marniebelief-0723-a,84,first,loss,PRIZES,125,4,0
BASELINE,tb_567ea9be_llccqq624_ptcg-alakazam-marniebelief-0723-a,87,second,win,PRIZES,117,0,5
BASELINE,tb_567ea9be_llccqq624_ptcg-alakazam-marniebelief-0723-a,86,first,win,PRIZES,185,0,5
BASELINE,tb_567ea9be_llccqq624_ptcg-alakazam-marniebelief-0723-a,88,first,loss,PRIZES,132,4,0
BASELINE,tb_567ea9be_llccqq624_ptcg-alakazam-marniebelief-0723-a,89,second,win,PRIZES,161,0,2
BASELINE,tb_567ea9be_llccqq624_ptcg-alakazam-marniebelief-0723-a,90,first,win,PRIZES,180,0,1
BASELINE,tb_567ea9be_llccqq624_ptcg-alakazam-marniebelief-0723-a,91,second,loss,PRIZES,138,2,0
BASELINE,tb_567ea9be_llccqq624_ptcg-alakazam-marniebelief-0723-a,94,first,win,NO_BENCH,20,5,6
BASELINE,tb_567ea9be_llccqq624_ptcg-alakazam-marniebelief-0723-a,93,second,win,PRIZES,130,0,3
BASELINE,tb_567ea9be_llccqq624_ptcg-alakazam-marniebelief-0723-a,92,first,loss,PRIZES,169,1,0
BASELINE,tb_567ea9be_llccqq624_ptcg-alakazam-marniebelief-0723-a,95,second,loss,PRIZES,157,2,0
BASELINE,tb_567ea9be_llccqq624_ptcg-alakazam-marniebelief-0723-a,97,second,win,PRIZES,158,0,1
BASELINE,tb_567ea9be_llccqq624_ptcg-alakazam-marniebelief-0723-a,96,first,win,PRIZES,153,0,2
BASELINE,tb_567ea9be_llccqq624_ptcg-alakazam-marniebelief-0723-a,98,first,win,PRIZES,149,0,3
BASELINE,tb_567ea9be_llccqq624_ptcg-alakazam-marniebelief-0723-a,99,second,loss,PRIZES,118,3,0
BASELINE,tb_567ea9be_llccqq624_ptcg-alakazam-marniebelief-0723-a,101,second,loss,PRIZES,137,2,0
BASELINE,tb_567ea9be_llccqq624_ptcg-alakazam-marniebelief-0723-a,100,first,loss,PRIZES,158,2,0
BASELINE,tb_567ea9be_llccqq624_ptcg-alakazam-marniebelief-0723-a,102,first,loss,PRIZES,134,4,0
BASELINE,tb_567ea9be_llccqq624_ptcg-alakazam-marniebelief-0723-a,104,first,win,PRIZES,135,0,5
BASELINE,tb_567ea9be_llccqq624_ptcg-alakazam-marniebelief-0723-a,105,second,loss,PRIZES,121,2,0
BASELINE,tb_567ea9be_llccqq624_ptcg-alakazam-marniebelief-0723-a,103,second,win,PRIZES,150,0,2
BASELINE,tb_567ea9be_llccqq624_ptcg-alakazam-marniebelief-0723-a,107,second,loss,PRIZES,121,4,0
BASELINE,tb_567ea9be_llccqq624_ptcg-alakazam-marniebelief-0723-a,106,first,loss,PRIZES,176,1,0
BASELINE,tb_567ea9be_llccqq624_ptcg-alakazam-marniebelief-0723-a,109,second,loss,NO_BENCH,77,6,1
BASELINE,tb_567ea9be_llccqq624_ptcg-alakazam-marniebelief-0723-a,108,first,loss,PRIZES,144,2,0
BASELINE,tb_567ea9be_llccqq624_ptcg-alakazam-marniebelief-0723-a,112,first,loss,NO_BENCH,62,6,4
BASELINE,tb_567ea9be_llccqq624_ptcg-alakazam-marniebelief-0723-a,110,first,loss,PRIZES,146,1,0
BASELINE,tb_567ea9be_llccqq624_ptcg-alakazam-marniebelief-0723-a,113,second,win,NO_BENCH,69,3,6
BASELINE,tb_567ea9be_llccqq624_ptcg-alakazam-marniebelief-0723-a,111,second,win,PRIZES,144,0,3
BASELINE,tb_567ea9be_llccqq624_ptcg-alakazam-marniebelief-0723-a,116,first,win,NO_BENCH,31,5,6
BASELINE,tb_567ea9be_llccqq624_ptcg-alakazam-marniebelief-0723-a,115,second,loss,PRIZES,102,5,0
BASELINE,tb_567ea9be_llccqq624_ptcg-alakazam-marniebelief-0723-a,114,first,win,PRIZES,172,0,1
BASELINE,tb_567ea9be_llccqq624_ptcg-alakazam-marniebelief-0723-a,117,second,loss,PRIZES,118,3,0
BASELINE,tb_567ea9be_llccqq624_ptcg-alakazam-marniebelief-0723-a,118,first,win,PRIZES,153,0,6
BASELINE,tb_567ea9be_llccqq624_ptcg-alakazam-marniebelief-0723-a,120,first,loss,PRIZES,142,1,0
BASELINE,tb_567ea9be_llccqq624_ptcg-alakazam-marniebelief-0723-a,119,second,loss,PRIZES,151,3,0
BASELINE,tb_567ea9be_llccqq624_ptcg-alakazam-marniebelief-0723-a,121,second,loss,PRIZES,160,1,0
BASELINE,tb_567ea9be_llccqq624_ptcg-alakazam-marniebelief-0723-a,124,first,win,NO_BENCH,68,2,6
BASELINE,tb_567ea9be_llccqq624_ptcg-alakazam-marniebelief-0723-a,123,second,loss,PRIZES,82,3,0
BASELINE,tb_567ea9be_llccqq624_ptcg-alakazam-marniebelief-0723-a,122,first,loss,PRIZES,109,4,0
BASELINE,tb_567ea9be_llccqq624_ptcg-alakazam-marniebelief-0723-a,127,second,win,NO_BENCH,26,5,6
BASELINE,tb_567ea9be_llccqq624_ptcg-alakazam-marniebelief-0723-a,126,first,win,PRIZES,135,0,2
BASELINE,tb_567ea9be_llccqq624_ptcg-alakazam-marniebelief-0723-a,125,second,loss,PRIZES,153,2,0
BASELINE,tb_567ea9be_llccqq624_ptcg-alakazam-marniebelief-0723-a,129,second,win,PRIZES,134,0,4
BASELINE,tb_567ea9be_llccqq624_ptcg-alakazam-marniebelief-0723-a,128,first,win,PRIZES,162,0,3
BASELINE,tb_567ea9be_llccqq624_ptcg-alakazam-marniebelief-0723-a,131,second,win,NO_BENCH,20,5,6
BASELINE,tb_567ea9be_llccqq624_ptcg-alakazam-marniebelief-0723-a,130,first,loss,PRIZES,99,4,0
BASELINE,tb_567ea9be_llccqq624_ptcg-alakazam-marniebelief-0723-a,133,second,loss,PRIZES,112,4,0
BASELINE,tb_567ea9be_llccqq624_ptcg-alakazam-marniebelief-0723-a,132,first,loss,PRIZES,125,1,0
BASELINE,tb_567ea9be_llccqq624_ptcg-alakazam-marniebelief-0723-a,136,first,win,PRIZES,143,0,6
BASELINE,tb_567ea9be_llccqq624_ptcg-alakazam-marniebelief-0723-a,135,second,loss,PRIZES,116,3,0
BASELINE,tb_567ea9be_llccqq624_ptcg-alakazam-marniebelief-0723-a,134,first,win,PRIZES,163,0,4
BASELINE,tb_567ea9be_llccqq624_ptcg-alakazam-marniebelief-0723-a,137,second,loss,PRIZES,141,2,0
BASELINE,tb_567ea9be_llccqq624_ptcg-alakazam-marniebelief-0723-a,139,second,win,PRIZES,127,0,6
BASELINE,tb_567ea9be_llccqq624_ptcg-alakazam-marniebelief-0723-a,138,first,loss,PRIZES,153,3,0
BASELINE,tb_567ea9be_llccqq624_ptcg-alakazam-marniebelief-0723-a,140,first,loss,PRIZES,77,5,0
BASELINE,tb_567ea9be_llccqq624_ptcg-alakazam-marniebelief-0723-a,142,first,loss,PRIZES,141,2,0
BASELINE,tb_567ea9be_llccqq624_ptcg-alakazam-marniebelief-0723-a,141,second,loss,PRIZES,147,2,0
BASELINE,tb_567ea9be_llccqq624_ptcg-alakazam-marniebelief-0723-a,143,second,loss,PRIZES,131,1,0
BASELINE,tb_567ea9be_llccqq624_ptcg-alakazam-marniebelief-0723-a,144,first,win,PRIZES,146,0,3
BASELINE,tb_567ea9be_llccqq624_ptcg-alakazam-marniebelief-0723-a,147,second,win,NO_BENCH,29,6,6
BASELINE,tb_567ea9be_llccqq624_ptcg-alakazam-marniebelief-0723-a,145,second,loss,PRIZES,136,2,0
BASELINE,tb_567ea9be_llccqq624_ptcg-alakazam-marniebelief-0723-a,149,second,win,PRIZES,131,0,3
BASELINE,tb_567ea9be_llccqq624_ptcg-alakazam-marniebelief-0723-a,146,first,loss,PRIZES,162,2,0
BASELINE,tb_567ea9be_llccqq624_ptcg-alakazam-marniebelief-0723-a,151,second,win,NO_BENCH,43,5,6
BASELINE,tb_567ea9be_llccqq624_ptcg-alakazam-marniebelief-0723-a,148,first,win,PRIZES,144,0,3
BASELINE,tb_567ea9be_llccqq624_ptcg-alakazam-marniebelief-0723-a,153,second,loss,PRIZES,120,3,0
BASELINE,tb_567ea9be_llccqq624_ptcg-alakazam-marniebelief-0723-a,152,first,loss,PRIZES,161,2,0
BASELINE,tb_567ea9be_llccqq624_ptcg-alakazam-marniebelief-0723-a,150,first,loss,PRIZES,157,2,0
BASELINE,tb_567ea9be_llccqq624_ptcg-alakazam-marniebelief-0723-a,155,second,loss,PRIZES,137,3,0
BASELINE,tb_567ea9be_llccqq624_ptcg-alakazam-marniebelief-0723-a,154,first,win,PRIZES,140,0,5
BASELINE,tb_567ea9be_llccqq624_ptcg-alakazam-marniebelief-0723-a,157,second,win,NO_BENCH,13,5,6
BASELINE,tb_567ea9be_llccqq624_ptcg-alakazam-marniebelief-0723-a,159,second,win,PRIZES,81,0,5
BASELINE,tb_567ea9be_llccqq624_ptcg-alakazam-marniebelief-0723-a,156,first,loss,PRIZES,142,3,0
BASELINE,tb_567ea9be_llccqq624_ptcg-alakazam-marniebelief-0723-a,160,first,loss,PRIZES,100,6,0
BASELINE,tb_567ea9be_llccqq624_ptcg-alakazam-marniebelief-0723-a,158,first,loss,PRIZES,149,2,0
BASELINE,tb_567ea9be_llccqq624_ptcg-alakazam-marniebelief-0723-a,161,second,loss,PRIZES,154,2,0
BASELINE,tb_567ea9be_llccqq624_ptcg-alakazam-marniebelief-0723-a,162,first,loss,PRIZES,139,4,0
BASELINE,tb_567ea9be_llccqq624_ptcg-alakazam-marniebelief-0723-a,164,first,loss,PRIZES,125,2,0
BASELINE,tb_567ea9be_llccqq624_ptcg-alakazam-marniebelief-0723-a,163,second,loss,PRIZES,138,3,0
BASELINE,tb_567ea9be_llccqq624_ptcg-alakazam-marniebelief-0723-a,165,second,loss,PRIZES,95,4,0
BASELINE,tb_567ea9be_llccqq624_ptcg-alakazam-marniebelief-0723-a,167,second,loss,PRIZES,135,3,0
BASELINE,tb_567ea9be_llccqq624_ptcg-alakazam-marniebelief-0723-a,169,second,win,NO_BENCH,19,5,6
BASELINE,tb_567ea9be_llccqq624_ptcg-alakazam-marniebelief-0723-a,166,first,loss,PRIZES,133,3,0
BASELINE,tb_567ea9be_llccqq624_ptcg-alakazam-marniebelief-0723-a,168,first,loss,PRIZES,166,2,0
BASELINE,tb_567ea9be_llccqq624_ptcg-alakazam-marniebelief-0723-a,170,first,win,PRIZES,159,0,3
BASELINE,tb_567ea9be_llccqq624_ptcg-alakazam-marniebelief-0723-a,172,first,loss,PRIZES,117,4,0
BASELINE,tb_567ea9be_llccqq624_ptcg-alakazam-marniebelief-0723-a,171,second,win,PRIZES,146,0,2
BASELINE,tb_567ea9be_llccqq624_ptcg-alakazam-marniebelief-0723-a,174,first,loss,PRIZES,153,3,0
BASELINE,tb_567ea9be_llccqq624_ptcg-alakazam-marniebelief-0723-a,175,second,loss,PRIZES,132,3,0
BASELINE,tb_567ea9be_llccqq624_ptcg-alakazam-marniebelief-0723-a,173,second,loss,PRIZES,122,3,0
BASELINE,tb_567ea9be_llccqq624_ptcg-alakazam-marniebelief-0723-a,176,first,loss,PRIZES,131,6,0
BASELINE,tb_567ea9be_llccqq624_ptcg-alakazam-marniebelief-0723-a,178,first,win,PRIZES,166,0,1
BASELINE,tb_567ea9be_llccqq624_ptcg-alakazam-marniebelief-0723-a,177,second,loss,PRIZES,157,1,0
BASELINE,tb_567ea9be_llccqq624_ptcg-alakazam-marniebelief-0723-a,179,second,win,PRIZES,143,0,6
BASELINE,tb_567ea9be_llccqq624_ptcg-alakazam-marniebelief-0723-a,180,first,loss,PRIZES,138,2,0
BASELINE,tb_567ea9be_llccqq624_ptcg-alakazam-marniebelief-0723-a,181,second,win,PRIZES,136,0,6
BASELINE,tb_567ea9be_llccqq624_ptcg-alakazam-marniebelief-0723-a,182,first,win,PRIZES,154,0,1
BASELINE,tb_567ea9be_llccqq624_ptcg-alakazam-marniebelief-0723-a,183,second,win,PRIZES,152,0,3
BASELINE,tb_567ea9be_llccqq624_ptcg-alakazam-marniebelief-0723-a,184,first,loss,PRIZES,158,1,0
BASELINE,tb_567ea9be_llccqq624_ptcg-alakazam-marniebelief-0723-a,185,second,loss,PRIZES,118,3,0
BASELINE,tb_567ea9be_llccqq624_ptcg-alakazam-marniebelief-0723-a,186,first,loss,PRIZES,164,1,0
BASELINE,tb_567ea9be_llccqq624_ptcg-alakazam-marniebelief-0723-a,187,second,loss,PRIZES,145,1,0
BASELINE,tb_567ea9be_llccqq624_ptcg-alakazam-marniebelief-0723-a,189,second,loss,PRIZES,111,2,0
BASELINE,tb_567ea9be_llccqq624_ptcg-alakazam-marniebelief-0723-a,188,first,win,PRIZES,134,0,3
BASELINE,tb_567ea9be_llccqq624_ptcg-alakazam-marniebelief-0723-a,190,first,loss,PRIZES,132,5,0
BASELINE,tb_567ea9be_llccqq624_ptcg-alakazam-marniebelief-0723-a,191,second,loss,PRIZES,83,5,0
BASELINE,tb_567ea9be_llccqq624_ptcg-alakazam-marniebelief-0723-a,192,first,loss,PRIZES,140,1,0
BASELINE,tb_567ea9be_llccqq624_ptcg-alakazam-marniebelief-0723-a,193,second,loss,PRIZES,173,1,0
BASELINE,tb_567ea9be_llccqq624_ptcg-alakazam-marniebelief-0723-a,194,first,loss,PRIZES,140,2,0
BASELINE,tb_567ea9be_llccqq624_ptcg-alakazam-marniebelief-0723-a,196,first,loss,NO_BENCH,38,6,5
BASELINE,tb_567ea9be_llccqq624_ptcg-alakazam-marniebelief-0723-a,195,second,loss,PRIZES,145,2,0
BASELINE,tb_567ea9be_llccqq624_ptcg-alakazam-marniebelief-0723-a,197,second,loss,PRIZES,138,1,0
BASELINE,tb_567ea9be_llccqq624_ptcg-alakazam-marniebelief-0723-a,199,second,loss,PRIZES,83,5,0
BASELINE,tb_567ea9be_llccqq624_ptcg-alakazam-marniebelief-0723-a,198,first,loss,PRIZES,146,1,0
BASELINE,tb_567ea9be_llccqq624_ptcg-alakazam-marniebelief-0723-a,200,first,loss,PRIZES,136,4,0
BASELINE,tb_567ea9be_llccqq624_ptcg-alakazam-marniebelief-0723-a,201,second,win,PRIZES,132,0,6
BASELINE,tb_567ea9be_llccqq624_ptcg-alakazam-marniebelief-0723-a,202,first,loss,PRIZES,115,2,0
BASELINE,tb_567ea9be_llccqq624_ptcg-alakazam-marniebelief-0723-a,203,second,win,PRIZES,137,0,6
BASELINE,tb_567ea9be_llccqq624_ptcg-alakazam-marniebelief-0723-a,205,second,loss,PRIZES,130,2,0
BASELINE,tb_567ea9be_llccqq624_ptcg-alakazam-marniebelief-0723-a,204,first,win,PRIZES,138,0,2
BASELINE,tb_567ea9be_llccqq624_ptcg-alakazam-marniebelief-0723-a,206,first,loss,PRIZES,122,2,0
BASELINE,tb_567ea9be_llccqq624_ptcg-alakazam-marniebelief-0723-a,209,second,win,NO_BENCH,43,4,6
BASELINE,tb_567ea9be_llccqq624_ptcg-alakazam-marniebelief-0723-a,208,first,loss,NO_BENCH,35,6,5
BASELINE,tb_567ea9be_llccqq624_ptcg-alakazam-marniebelief-0723-a,207,second,loss,PRIZES,95,6,0
BASELINE,tb_567ea9be_llccqq624_ptcg-alakazam-marniebelief-0723-a,211,second,loss,PRIZES,120,5,0
BASELINE,tb_567ea9be_llccqq624_ptcg-alakazam-marniebelief-0723-a,212,first,loss,PRIZES,153,2,0
BASELINE,tb_567ea9be_llccqq624_ptcg-alakazam-marniebelief-0723-a,213,second,loss,PRIZES,138,3,0
BASELINE,tb_567ea9be_llccqq624_ptcg-alakazam-marniebelief-0723-a,210,first,win,PRIZES,144,0,2
BASELINE,tb_567ea9be_llccqq624_ptcg-alakazam-marniebelief-0723-a,214,first,win,PRIZES,116,0,6
BASELINE,tb_567ea9be_llccqq624_ptcg-alakazam-marniebelief-0723-a,215,second,win,PRIZES,131,0,6
BASELINE,tb_567ea9be_llccqq624_ptcg-alakazam-marniebelief-0723-a,216,first,win,PRIZES,125,0,6
BASELINE,tb_567ea9be_llccqq624_ptcg-alakazam-marniebelief-0723-a,218,first,loss,PRIZES,162,1,0
BASELINE,tb_567ea9be_llccqq624_ptcg-alakazam-marniebelief-0723-a,217,second,loss,PRIZES,153,1,0
BASELINE,tb_567ea9be_llccqq624_ptcg-alakazam-marniebelief-0723-a,219,second,loss,PRIZES,153,1,0
BASELINE,tb_567ea9be_llccqq624_ptcg-alakazam-marniebelief-0723-a,220,first,loss,PRIZES,147,1,0
BASELINE,tb_567ea9be_llccqq624_ptcg-alakazam-marniebelief-0723-a,221,second,loss,PRIZES,121,3,0
BASELINE,tb_567ea9be_llccqq624_ptcg-alakazam-marniebelief-0723-a,223,second,loss,PRIZES,149,2,0
BASELINE,tb_567ea9be_llccqq624_ptcg-alakazam-marniebelief-0723-a,222,first,loss,PRIZES,149,2,0
BASELINE,tb_567ea9be_llccqq624_ptcg-alakazam-marniebelief-0723-a,224,first,loss,PRIZES,133,2,0
BASELINE,tb_567ea9be_llccqq624_ptcg-alakazam-marniebelief-0723-a,225,second,loss,PRIZES,135,3,0
BASELINE,tb_567ea9be_llccqq624_ptcg-alakazam-marniebelief-0723-a,226,first,loss,PRIZES,116,3,0
BASELINE,tb_567ea9be_llccqq624_ptcg-alakazam-marniebelief-0723-a,227,second,loss,PRIZES,124,1,0
BASELINE,tb_567ea9be_llccqq624_ptcg-alakazam-marniebelief-0723-a,229,second,loss,PRIZES,94,5,0
BASELINE,tb_567ea9be_llccqq624_ptcg-alakazam-marniebelief-0723-a,228,first,loss,PRIZES,170,1,0
BASELINE,tb_567ea9be_llccqq624_ptcg-alakazam-marniebelief-0723-a,232,first,loss,PRIZES,158,2,0
BASELINE,tb_567ea9be_llccqq624_ptcg-alakazam-marniebelief-0723-a,231,second,loss,PRIZES,150,2,0
BASELINE,tb_567ea9be_llccqq624_ptcg-alakazam-marniebelief-0723-a,230,first,loss,PRIZES,178,1,0
BASELINE,tb_567ea9be_llccqq624_ptcg-alakazam-marniebelief-0723-a,235,second,win,PRIZES,134,0,1
BASELINE,tb_567ea9be_llccqq624_ptcg-alakazam-marniebelief-0723-a,233,second,loss,PRIZES,164,2,0
BASELINE,tb_567ea9be_llccqq624_ptcg-alakazam-marniebelief-0723-a,234,first,win,PRIZES,140,0,5
BASELINE,tb_567ea9be_llccqq624_ptcg-alakazam-marniebelief-0723-a,236,first,loss,PRIZES,128,3,0
BASELINE,tb_567ea9be_llccqq624_ptcg-alakazam-marniebelief-0723-a,238,first,loss,PRIZES,114,3,0
BASELINE,tb_567ea9be_llccqq624_ptcg-alakazam-marniebelief-0723-a,237,second,loss,PRIZES,154,2,0
BASELINE,tb_567ea9be_llccqq624_ptcg-alakazam-marniebelief-0723-a,241,second,win,NO_BENCH,17,5,6
BASELINE,tb_567ea9be_llccqq624_ptcg-alakazam-marniebelief-0723-a,239,second,loss,PRIZES,116,5,0
BASELINE,tb_567ea9be_llccqq624_ptcg-alakazam-marniebelief-0723-a,242,first,win,PRIZES,181,0,3
BASELINE,tb_567ea9be_llccqq624_ptcg-alakazam-marniebelief-0723-a,240,first,win,PRIZES,165,0,2
BASELINE,tb_567ea9be_llccqq624_ptcg-alakazam-marniebelief-0723-a,243,second,loss,PRIZES,122,2,0
BASELINE,tb_567ea9be_llccqq624_ptcg-alakazam-marniebelief-0723-a,244,first,loss,PRIZES,159,1,0
BASELINE,tb_567ea9be_llccqq624_ptcg-alakazam-marniebelief-0723-a,245,second,loss,PRIZES,112,4,0
BASELINE,tb_567ea9be_llccqq624_ptcg-alakazam-marniebelief-0723-a,247,second,win,PRIZES,124,0,6
BASELINE,tb_567ea9be_llccqq624_ptcg-alakazam-marniebelief-0723-a,246,first,win,PRIZES,146,0,2
BASELINE,tb_567ea9be_llccqq624_ptcg-alakazam-marniebelief-0723-a,249,second,win,NO_BENCH,24,5,6
BASELINE,tb_567ea9be_llccqq624_ptcg-alakazam-marniebelief-0723-a,248,first,win,PRIZES,137,0,2
BASELINE,tb_567ea9be_llccqq624_ptcg-alakazam-marniebelief-0723-a,250,first,win,PRIZES,167,0,1
BASELINE,tb_567ea9be_llccqq624_ptcg-alakazam-marniebelief-0723-a,251,second,win,PRIZES,161,0,5
BASELINE,tb_567ea9be_llccqq624_ptcg-alakazam-marniebelief-0723-a,253,second,loss,NO_BENCH,90,6,1
BASELINE,tb_567ea9be_llccqq624_ptcg-alakazam-marniebelief-0723-a,252,first,loss,PRIZES,168,1,0
BASELINE,tb_567ea9be_llccqq624_ptcg-alakazam-marniebelief-0723-a,254,first,loss,PRIZES,147,1,0
BASELINE,tb_567ea9be_llccqq624_ptcg-alakazam-marniebelief-0723-a,256,first,loss,PRIZES,132,2,0
BASELINE,tb_567ea9be_llccqq624_ptcg-alakazam-marniebelief-0723-a,255,second,win,PRIZES,147,0,6
BASELINE,tb_567ea9be_llccqq624_ptcg-alakazam-marniebelief-0723-a,257,second,loss,PRIZES,135,3,0
BASELINE,tb_567ea9be_llccqq624_ptcg-alakazam-marniebelief-0723-a,259,second,win,PRIZES,148,0,1
BASELINE,tb_567ea9be_llccqq624_ptcg-alakazam-marniebelief-0723-a,258,first,win,PRIZES,145,0,2
BASELINE,tb_567ea9be_llccqq624_ptcg-alakazam-marniebelief-0723-a,262,first,win,NO_BENCH,112,1,6
BASELINE,tb_567ea9be_llccqq624_ptcg-alakazam-marniebelief-0723-a,261,second,win,PRIZES,124,0,6
BASELINE,tb_567ea9be_llccqq624_ptcg-alakazam-marniebelief-0723-a,260,first,loss,PRIZES,137,3,0
BASELINE,tb_567ea9be_llccqq624_ptcg-alakazam-marniebelief-0723-a,264,first,loss,PRIZES,120,4,0
BASELINE,tb_567ea9be_llccqq624_ptcg-alakazam-marniebelief-0723-a,263,second,loss,PRIZES,120,2,0
BASELINE,tb_567ea9be_llccqq624_ptcg-alakazam-marniebelief-0723-a,265,second,loss,PRIZES,124,5,0
BASELINE,tb_567ea9be_llccqq624_ptcg-alakazam-marniebelief-0723-a,266,first,win,PRIZES,115,0,6
BASELINE,tb_567ea9be_llccqq624_ptcg-alakazam-marniebelief-0723-a,267,second,win,NO_BENCH,96,1,6
BASELINE,tb_567ea9be_llccqq624_ptcg-alakazam-marniebelief-0723-a,269,second,loss,NO_BENCH,40,6,5
BASELINE,tb_567ea9be_llccqq624_ptcg-alakazam-marniebelief-0723-a,270,first,win,PRIZES,136,0,6
BASELINE,tb_567ea9be_llccqq624_ptcg-alakazam-marniebelief-0723-a,268,first,loss,PRIZES,127,2,0
BASELINE,tb_567ea9be_llccqq624_ptcg-alakazam-marniebelief-0723-a,271,second,loss,PRIZES,129,3,0
BASELINE,tb_567ea9be_llccqq624_ptcg-alakazam-marniebelief-0723-a,273,second,win,PRIZES,121,0,4
BASELINE,tb_567ea9be_llccqq624_ptcg-alakazam-marniebelief-0723-a,274,first,loss,PRIZES,126,4,0
BASELINE,tb_567ea9be_llccqq624_ptcg-alakazam-marniebelief-0723-a,272,first,win,PRIZES,142,0,5
BASELINE,tb_567ea9be_llccqq624_ptcg-alakazam-marniebelief-0723-a,276,first,loss,PRIZES,118,4,0
BASELINE,tb_567ea9be_llccqq624_ptcg-alakazam-marniebelief-0723-a,275,second,loss,PRIZES,129,4,0
BASELINE,tb_567ea9be_llccqq624_ptcg-alakazam-marniebelief-0723-a,278,first,loss,PRIZES,127,3,0
BASELINE,tb_567ea9be_llccqq624_ptcg-alakazam-marniebelief-0723-a,277,second,loss,PRIZES,129,3,0
BASELINE,tb_567ea9be_llccqq624_ptcg-alakazam-marniebelief-0723-a,279,second,win,PRIZES,149,0,1
BASELINE,tb_567ea9be_llccqq624_ptcg-alakazam-marniebelief-0723-a,280,first,win,PRIZES,129,0,5
BASELINE,tb_567ea9be_llccqq624_ptcg-alakazam-marniebelief-0723-a,283,second,win,NO_BENCH,16,5,6
BASELINE,tb_567ea9be_llccqq624_ptcg-alakazam-marniebelief-0723-a,281,second,loss,PRIZES,130,5,0
BASELINE,tb_567ea9be_llccqq624_ptcg-alakazam-marniebelief-0723-a,282,first,loss,PRIZES,147,1,0
BASELINE,tb_567ea9be_llccqq624_ptcg-alakazam-marniebelief-0723-a,286,first,win,NO_BENCH,24,5,6
BASELINE,tb_567ea9be_llccqq624_ptcg-alakazam-marniebelief-0723-a,284,first,loss,PRIZES,104,3,0
BASELINE,tb_567ea9be_llccqq624_ptcg-alakazam-marniebelief-0723-a,285,second,loss,PRIZES,147,2,0
BASELINE,tb_567ea9be_llccqq624_ptcg-alakazam-marniebelief-0723-a,288,first,loss,PRIZES,162,1,0
BASELINE,tb_567ea9be_llccqq624_ptcg-alakazam-marniebelief-0723-a,289,second,loss,PRIZES,147,2,0
BASELINE,tb_567ea9be_llccqq624_ptcg-alakazam-marniebelief-0723-a,287,second,win,PRIZES,173,0,2
BASELINE,tb_567ea9be_llccqq624_ptcg-alakazam-marniebelief-0723-a,292,first,win,NO_BENCH,125,1,6
BASELINE,tb_567ea9be_llccqq624_ptcg-alakazam-marniebelief-0723-a,290,first,loss,PRIZES,153,3,0
BASELINE,tb_567ea9be_llccqq624_ptcg-alakazam-marniebelief-0723-a,294,first,loss,NO_BENCH,35,6,5
BASELINE,tb_567ea9be_llccqq624_ptcg-alakazam-marniebelief-0723-a,291,second,loss,PRIZES,145,1,0
BASELINE,tb_567ea9be_llccqq624_ptcg-alakazam-marniebelief-0723-a,295,second,loss,NO_BENCH,65,6,4
BASELINE,tb_567ea9be_llccqq624_ptcg-alakazam-marniebelief-0723-a,293,second,loss,PRIZES,127,4,0
BASELINE,tb_567ea9be_llccqq624_ptcg-alakazam-marniebelief-0723-a,296,first,loss,PRIZES,129,3,0
BASELINE,tb_567ea9be_llccqq624_ptcg-alakazam-marniebelief-0723-a,298,first,win,PRIZES,142,0,5
BASELINE,tb_567ea9be_llccqq624_ptcg-alakazam-marniebelief-0723-a,297,second,win,PRIZES,152,0,5
BASELINE,tb_567ea9be_llccqq624_ptcg-alakazam-marniebelief-0723-a,299,second,loss,PRIZES,147,2,0
BASELINE,tb_567ea9be_llccqq624_ptcg-alakazam-marniebelief-0723-a,301,second,loss,PRIZES,145,2,0
BASELINE,tb_567ea9be_llccqq624_ptcg-alakazam-marniebelief-0723-a,302,first,loss,NO_BENCH,62,6,3
BASELINE,tb_567ea9be_llccqq624_ptcg-alakazam-marniebelief-0723-a,300,first,loss,PRIZES,120,3,0
BASELINE,tb_567ea9be_llccqq624_ptcg-alakazam-marniebelief-0723-a,303,second,loss,PRIZES,164,1,0
BASELINE,tb_567ea9be_llccqq624_ptcg-alakazam-marniebelief-0723-a,305,second,loss,PRIZES,129,3,0
BASELINE,tb_567ea9be_llccqq624_ptcg-alakazam-marniebelief-0723-a,307,second,win,NO_BENCH,21,5,6
BASELINE,tb_567ea9be_llccqq624_ptcg-alakazam-marniebelief-0723-a,306,first,loss,PRIZES,144,4,0
BASELINE,tb_567ea9be_llccqq624_ptcg-alakazam-marniebelief-0723-a,304,first,loss,PRIZES,137,1,0
BASELINE,tb_567ea9be_llccqq624_ptcg-alakazam-marniebelief-0723-a,308,first,win,PRIZES,168,0,4
BASELINE,tb_567ea9be_llccqq624_ptcg-alakazam-marniebelief-0723-a,310,first,loss,PRIZES,122,4,0
BASELINE,tb_567ea9be_llccqq624_ptcg-alakazam-marniebelief-0723-a,309,second,loss,PRIZES,136,3,0
BASELINE,tb_567ea9be_llccqq624_ptcg-alakazam-marniebelief-0723-a,311,second,win,PRIZES,150,0,3
BASELINE,tb_567ea9be_llccqq624_ptcg-alakazam-marniebelief-0723-a,314,first,win,NO_BENCH,55,4,6
BASELINE,tb_567ea9be_llccqq624_ptcg-alakazam-marniebelief-0723-a,313,second,loss,PRIZES,134,2,0
BASELINE,tb_567ea9be_llccqq624_ptcg-alakazam-marniebelief-0723-a,312,first,win,PRIZES,140,0,3
BASELINE,tb_567ea9be_llccqq624_ptcg-alakazam-marniebelief-0723-a,315,second,loss,PRIZES,112,3,0
BASELINE,tb_567ea9be_llccqq624_ptcg-alakazam-marniebelief-0723-a,317,second,loss,PRIZES,111,3,0
BASELINE,tb_567ea9be_llccqq624_ptcg-alakazam-marniebelief-0723-a,316,first,loss,PRIZES,146,3,0
BASELINE,tb_567ea9be_llccqq624_ptcg-alakazam-marniebelief-0723-a,318,first,win,PRIZES,160,0,4
BASELINE,tb_567ea9be_llccqq624_ptcg-alakazam-marniebelief-0723-a,319,second,loss,PRIZES,144,3,0
BASELINE,tb_567ea9be_llccqq624_ptcg-alakazam-marniebelief-0723-a,320,first,loss,PRIZES,143,1,0
BASELINE,tb_567ea9be_llccqq624_ptcg-alakazam-marniebelief-0723-a,322,first,win,PRIZES,106,0,6
BASELINE,tb_567ea9be_llccqq624_ptcg-alakazam-marniebelief-0723-a,321,second,win,PRIZES,146,0,1
BASELINE,tb_567ea9be_llccqq624_ptcg-alakazam-marniebelief-0723-a,325,second,loss,PRIZES,99,5,0
BASELINE,tb_567ea9be_llccqq624_ptcg-alakazam-marniebelief-0723-a,323,second,loss,PRIZES,130,1,0
BASELINE,tb_567ea9be_llccqq624_ptcg-alakazam-marniebelief-0723-a,324,first,loss,PRIZES,124,2,0
BASELINE,tb_567ea9be_llccqq624_ptcg-alakazam-marniebelief-0723-a,326,first,loss,PRIZES,147,1,0
BASELINE,tb_567ea9be_llccqq624_ptcg-alakazam-marniebelief-0723-a,327,second,loss,PRIZES,107,2,0
BASELINE,tb_567ea9be_llccqq624_ptcg-alakazam-marniebelief-0723-a,328,first,loss,PRIZES,136,1,0
BASELINE,tb_567ea9be_llccqq624_ptcg-alakazam-marniebelief-0723-a,329,second,loss,PRIZES,170,1,0
BASELINE,tb_567ea9be_llccqq624_ptcg-alakazam-marniebelief-0723-a,331,second,loss,PRIZES,131,1,0
BASELINE,tb_567ea9be_llccqq624_ptcg-alakazam-marniebelief-0723-a,330,first,win,PRIZES,134,0,4
BASELINE,tb_567ea9be_llccqq624_ptcg-alakazam-marniebelief-0723-a,333,second,loss,PRIZES,131,5,0
BASELINE,tb_567ea9be_llccqq624_ptcg-alakazam-marniebelief-0723-a,332,first,loss,PRIZES,129,2,0
BASELINE,tb_567ea9be_llccqq624_ptcg-alakazam-marniebelief-0723-a,334,first,win,PRIZES,159,0,1
BASELINE,tb_567ea9be_llccqq624_ptcg-alakazam-marniebelief-0723-a,337,second,loss,NO_BENCH,69,6,3
BASELINE,tb_567ea9be_llccqq624_ptcg-alakazam-marniebelief-0723-a,335,second,win,PRIZES,136,0,3
BASELINE,tb_567ea9be_llccqq624_ptcg-alakazam-marniebelief-0723-a,336,first,win,PRIZES,153,0,1
BASELINE,tb_567ea9be_llccqq624_ptcg-alakazam-marniebelief-0723-a,338,first,loss,PRIZES,133,1,0
BASELINE,tb_567ea9be_llccqq624_ptcg-alakazam-marniebelief-0723-a,339,second,win,PRIZES,193,0,6
BASELINE,tb_567ea9be_llccqq624_ptcg-alakazam-marniebelief-0723-a,341,second,loss,PRIZES,131,4,0
BASELINE,tb_567ea9be_llccqq624_ptcg-alakazam-marniebelief-0723-a,342,first,win,PRIZES,170,0,4
BASELINE,tb_567ea9be_llccqq624_ptcg-alakazam-marniebelief-0723-a,340,first,loss,PRIZES,169,2,0
BASELINE,tb_567ea9be_llccqq624_ptcg-alakazam-marniebelief-0723-a,345,second,loss,PRIZES,124,5,0
BASELINE,tb_567ea9be_llccqq624_ptcg-alakazam-marniebelief-0723-a,343,second,win,PRIZES,146,0,1
BASELINE,tb_567ea9be_llccqq624_ptcg-alakazam-marniebelief-0723-a,344,first,win,PRIZES,146,0,1
BASELINE,tb_567ea9be_llccqq624_ptcg-alakazam-marniebelief-0723-a,347,second,loss,PRIZES,119,2,0
BASELINE,tb_567ea9be_llccqq624_ptcg-alakazam-marniebelief-0723-a,346,first,loss,PRIZES,134,3,0
BASELINE,tb_567ea9be_llccqq624_ptcg-alakazam-marniebelief-0723-a,348,first,loss,PRIZES,129,2,0
BASELINE,tb_567ea9be_llccqq624_ptcg-alakazam-marniebelief-0723-a,351,second,win,NO_BENCH,40,4,6
BASELINE,tb_567ea9be_llccqq624_ptcg-alakazam-marniebelief-0723-a,349,second,win,PRIZES,116,0,6
BASELINE,tb_567ea9be_llccqq624_ptcg-alakazam-marniebelief-0723-a,353,second,win,NO_BENCH,23,5,6
BASELINE,tb_567ea9be_llccqq624_ptcg-alakazam-marniebelief-0723-a,350,first,win,PRIZES,151,0,2
BASELINE,tb_567ea9be_llccqq624_ptcg-alakazam-marniebelief-0723-a,354,first,loss,PRIZES,142,2,0
BASELINE,tb_567ea9be_llccqq624_ptcg-alakazam-marniebelief-0723-a,356,first,win,NO_BENCH,105,1,6
BASELINE,tb_567ea9be_llccqq624_ptcg-alakazam-marniebelief-0723-a,352,first,win,PRIZES,161,0,5
BASELINE,tb_567ea9be_llccqq624_ptcg-alakazam-marniebelief-0723-a,355,second,win,PRIZES,142,0,6
BASELINE,tb_567ea9be_llccqq624_ptcg-alakazam-marniebelief-0723-a,358,first,win,PRIZES,145,0,2
BASELINE,tb_567ea9be_llccqq624_ptcg-alakazam-marniebelief-0723-a,359,second,loss,PRIZES,142,3,0
BASELINE,tb_567ea9be_llccqq624_ptcg-alakazam-marniebelief-0723-a,357,second,loss,PRIZES,174,1,0
BASELINE,tb_567ea9be_llccqq624_ptcg-alakazam-marniebelief-0723-a,360,first,win,PRIZES,148,0,2
BASELINE,tb_567ea9be_llccqq624_ptcg-alakazam-marniebelief-0723-a,362,first,loss,PRIZES,136,1,0
BASELINE,tb_567ea9be_llccqq624_ptcg-alakazam-marniebelief-0723-a,361,second,loss,PRIZES,159,2,0
BASELINE,tb_567ea9be_llccqq624_ptcg-alakazam-marniebelief-0723-a,363,second,loss,PRIZES,82,6,0
BASELINE,tb_567ea9be_llccqq624_ptcg-alakazam-marniebelief-0723-a,364,first,loss,PRIZES,123,4,0
BASELINE,tb_567ea9be_llccqq624_ptcg-alakazam-marniebelief-0723-a,366,first,loss,PRIZES,153,1,0
BASELINE,tb_567ea9be_llccqq624_ptcg-alakazam-marniebelief-0723-a,365,second,loss,PRIZES,100,5,0
BASELINE,tb_567ea9be_llccqq624_ptcg-alakazam-marniebelief-0723-a,367,second,loss,PRIZES,98,5,0
BASELINE,tb_567ea9be_llccqq624_ptcg-alakazam-marniebelief-0723-a,368,first,loss,PRIZES,141,3,0
BASELINE,tb_567ea9be_llccqq624_ptcg-alakazam-marniebelief-0723-a,369,second,win,PRIZES,188,0,4
BASELINE,tb_567ea9be_llccqq624_ptcg-alakazam-marniebelief-0723-a,370,first,loss,PRIZES,145,1,0
BASELINE,tb_567ea9be_llccqq624_ptcg-alakazam-marniebelief-0723-a,373,second,loss,PRIZES,110,3,0
BASELINE,tb_567ea9be_llccqq624_ptcg-alakazam-marniebelief-0723-a,371,second,win,PRIZES,162,0,1
BASELINE,tb_567ea9be_llccqq624_ptcg-alakazam-marniebelief-0723-a,372,first,loss,PRIZES,172,1,0
BASELINE,tb_567ea9be_llccqq624_ptcg-alakazam-marniebelief-0723-a,375,second,loss,PRIZES,149,1,0
BASELINE,tb_567ea9be_llccqq624_ptcg-alakazam-marniebelief-0723-a,374,first,loss,PRIZES,142,2,0
BASELINE,tb_567ea9be_llccqq624_ptcg-alakazam-marniebelief-0723-a,377,second,loss,PRIZES,104,5,0
BASELINE,tb_567ea9be_llccqq624_ptcg-alakazam-marniebelief-0723-a,376,first,loss,PRIZES,131,2,0
BASELINE,tb_567ea9be_llccqq624_ptcg-alakazam-marniebelief-0723-a,378,first,loss,PRIZES,110,4,0
BASELINE,tb_567ea9be_llccqq624_ptcg-alakazam-marniebelief-0723-a,380,first,win,PRIZES,148,0,6
BASELINE,tb_567ea9be_llccqq624_ptcg-alakazam-marniebelief-0723-a,379,second,win,DECKOUT,173,1,1
BASELINE,tb_567ea9be_llccqq624_ptcg-alakazam-marniebelief-0723-a,381,second,win,PRIZES,126,0,6
BASELINE,tb_567ea9be_llccqq624_ptcg-alakazam-marniebelief-0723-a,382,first,win,PRIZES,186,0,2
BASELINE,tb_567ea9be_llccqq624_ptcg-alakazam-marniebelief-0723-a,383,second,win,PRIZES,130,0,6
BASELINE,tb_567ea9be_llccqq624_ptcg-alakazam-marniebelief-0723-a,386,first,win,NO_BENCH,85,3,6
BASELINE,tb_567ea9be_llccqq624_ptcg-alakazam-marniebelief-0723-a,384,first,loss,PRIZES,131,4,0
BASELINE,tb_567ea9be_llccqq624_ptcg-alakazam-marniebelief-0723-a,387,second,loss,PRIZES,120,3,0
BASELINE,tb_567ea9be_llccqq624_ptcg-alakazam-marniebelief-0723-a,385,second,loss,PRIZES,140,1,0
BASELINE,tb_567ea9be_llccqq624_ptcg-alakazam-marniebelief-0723-a,390,first,loss,PRIZES,137,1,0
BASELINE,tb_567ea9be_llccqq624_ptcg-alakazam-marniebelief-0723-a,388,first,loss,PRIZES,140,3,0
BASELINE,tb_567ea9be_llccqq624_ptcg-alakazam-marniebelief-0723-a,389,second,loss,PRIZES,106,5,0
BASELINE,tb_567ea9be_llccqq624_ptcg-alakazam-marniebelief-0723-a,393,second,win,PRIZES,107,0,2
BASELINE,tb_567ea9be_llccqq624_ptcg-alakazam-marniebelief-0723-a,391,second,loss,PRIZES,132,2,0
BASELINE,tb_567ea9be_llccqq624_ptcg-alakazam-marniebelief-0723-a,392,first,loss,PRIZES,132,3,0
BASELINE,tb_567ea9be_llccqq624_ptcg-alakazam-marniebelief-0723-a,394,first,loss,NO_BENCH,84,5,3
BASELINE,tb_567ea9be_llccqq624_ptcg-alakazam-marniebelief-0723-a,396,first,loss,PRIZES,134,2,0
BASELINE,tb_567ea9be_llccqq624_ptcg-alakazam-marniebelief-0723-a,395,second,loss,PRIZES,143,4,0
BASELINE,tb_567ea9be_llccqq624_ptcg-alakazam-marniebelief-0723-a,397,second,loss,PRIZES,147,2,0
BASELINE,tb_567ea9be_llccqq624_ptcg-alakazam-marniebelief-0723-a,398,first,win,PRIZES,155,0,5
BASELINE,tb_567ea9be_llccqq624_ptcg-alakazam-marniebelief-0723-a,399,second,loss,PRIZES,172,2,0
BASELINE,tb_567ea9be_llccqq624_ptcg-alakazam-marniebelief-0723-a,400,first,loss,PRIZES,146,2,0
BASELINE,tb_567ea9be_llccqq624_ptcg-alakazam-marniebelief-0723-a,401,second,win,PRIZES,112,0,6
BASELINE,tb_567ea9be_llccqq624_ptcg-alakazam-marniebelief-0723-a,402,first,win,NO_BENCH,101,2,5
BASELINE,tb_567ea9be_llccqq624_ptcg-alakazam-marniebelief-0723-a,403,second,loss,PRIZES,172,2,0
BASELINE,tb_567ea9be_llccqq624_ptcg-alakazam-marniebelief-0723-a,404,first,loss,PRIZES,117,3,0
BASELINE,tb_567ea9be_llccqq624_ptcg-alakazam-marniebelief-0723-a,405,second,win,PRIZES,146,0,2
BASELINE,tb_567ea9be_llccqq624_ptcg-alakazam-marniebelief-0723-a,406,first,loss,PRIZES,145,1,0
BASELINE,tb_567ea9be_llccqq624_ptcg-alakazam-marniebelief-0723-a,407,second,loss,PRIZES,131,2,0
BASELINE,tb_567ea9be_llccqq624_ptcg-alakazam-marniebelief-0723-a,408,first,loss,PRIZES,89,4,0
BASELINE,tb_567ea9be_llccqq624_ptcg-alakazam-marniebelief-0723-a,409,second,loss,PRIZES,134,3,0
BASELINE,tb_567ea9be_llccqq624_ptcg-alakazam-marniebelief-0723-a,410,first,loss,PRIZES,152,1,0
BASELINE,tb_567ea9be_llccqq624_ptcg-alakazam-marniebelief-0723-a,411,second,loss,PRIZES,118,4,0
BASELINE,tb_567ea9be_llccqq624_ptcg-alakazam-marniebelief-0723-a,413,second,loss,PRIZES,117,2,0
BASELINE,tb_567ea9be_llccqq624_ptcg-alakazam-marniebelief-0723-a,412,first,win,PRIZES,144,0,2
BASELINE,tb_567ea9be_llccqq624_ptcg-alakazam-marniebelief-0723-a,416,first,loss,PRIZES,138,2,0
BASELINE,tb_567ea9be_llccqq624_ptcg-alakazam-marniebelief-0723-a,415,second,win,PRIZES,134,0,5
BASELINE,tb_567ea9be_llccqq624_ptcg-alakazam-marniebelief-0723-a,414,first,win,PRIZES,155,0,3
BASELINE,tb_567ea9be_llccqq624_ptcg-alakazam-marniebelief-0723-a,419,second,win,NO_BENCH,24,5,6
BASELINE,tb_567ea9be_llccqq624_ptcg-alakazam-marniebelief-0723-a,417,second,loss,PRIZES,133,2,0
BASELINE,tb_567ea9be_llccqq624_ptcg-alakazam-marniebelief-0723-a,418,first,loss,PRIZES,134,3,0
BASELINE,tb_567ea9be_llccqq624_ptcg-alakazam-marniebelief-0723-a,421,second,loss,PRIZES,113,3,0
BASELINE,tb_567ea9be_llccqq624_ptcg-alakazam-marniebelief-0723-a,422,first,win,PRIZES,140,0,4
BASELINE,tb_567ea9be_llccqq624_ptcg-alakazam-marniebelief-0723-a,420,first,loss,PRIZES,124,4,0
BASELINE,tb_567ea9be_llccqq624_ptcg-alakazam-marniebelief-0723-a,423,second,loss,NO_BENCH,63,6,3
BASELINE,tb_567ea9be_llccqq624_ptcg-alakazam-marniebelief-0723-a,425,second,win,PRIZES,146,0,3
BASELINE,tb_567ea9be_llccqq624_ptcg-alakazam-marniebelief-0723-a,424,first,win,PRIZES,153,0,6
BASELINE,tb_567ea9be_llccqq624_ptcg-alakazam-marniebelief-0723-a,428,first,win,PRIZES,130,0,6
BASELINE,tb_567ea9be_llccqq624_ptcg-alakazam-marniebelief-0723-a,427,second,win,PRIZES,139,0,5
BASELINE,tb_567ea9be_llccqq624_ptcg-alakazam-marniebelief-0723-a,426,first,loss,PRIZES,167,1,0
BASELINE,tb_567ea9be_llccqq624_ptcg-alakazam-marniebelief-0723-a,429,second,loss,PRIZES,152,1,0
BASELINE,tb_567ea9be_llccqq624_ptcg-alakazam-marniebelief-0723-a,430,first,loss,PRIZES,135,3,0
BASELINE,tb_567ea9be_llccqq624_ptcg-alakazam-marniebelief-0723-a,431,second,loss,PRIZES,147,1,0
BASELINE,tb_567ea9be_llccqq624_ptcg-alakazam-marniebelief-0723-a,433,second,win,NO_BENCH,22,5,6
BASELINE,tb_567ea9be_llccqq624_ptcg-alakazam-marniebelief-0723-a,432,first,win,PRIZES,139,0,5
BASELINE,tb_567ea9be_llccqq624_ptcg-alakazam-marniebelief-0723-a,435,second,win,PRIZES,134,0,5
BASELINE,tb_567ea9be_llccqq624_ptcg-alakazam-marniebelief-0723-a,434,first,loss,NO_BENCH,69,6,2
BASELINE,tb_567ea9be_llccqq624_ptcg-alakazam-marniebelief-0723-a,436,first,loss,PRIZES,148,3,0
BASELINE,tb_567ea9be_llccqq624_ptcg-alakazam-marniebelief-0723-a,437,second,loss,PRIZES,139,2,0
BASELINE,tb_567ea9be_llccqq624_ptcg-alakazam-marniebelief-0723-a,438,first,loss,PRIZES,107,2,0
BASELINE,tb_567ea9be_llccqq624_ptcg-alakazam-marniebelief-0723-a,439,second,loss,PRIZES,123,4,0
BASELINE,tb_567ea9be_llccqq624_ptcg-alakazam-marniebelief-0723-a,440,first,win,DECKOUT,160,1,2
BASELINE,tb_567ea9be_llccqq624_ptcg-alakazam-marniebelief-0723-a,441,second,loss,PRIZES,94,5,0
BASELINE,tb_567ea9be_llccqq624_ptcg-alakazam-marniebelief-0723-a,443,second,loss,PRIZES,150,1,0
BASELINE,tb_567ea9be_llccqq624_ptcg-alakazam-marniebelief-0723-a,444,first,loss,PRIZES,124,3,0
BASELINE,tb_567ea9be_llccqq624_ptcg-alakazam-marniebelief-0723-a,445,second,loss,PRIZES,120,5,0
BASELINE,tb_567ea9be_llccqq624_ptcg-alakazam-marniebelief-0723-a,442,first,win,PRIZES,191,0,1
BASELINE,tb_567ea9be_llccqq624_ptcg-alakazam-marniebelief-0723-a,446,first,loss,PRIZES,129,3,0
BASELINE,tb_567ea9be_llccqq624_ptcg-alakazam-marniebelief-0723-a,448,first,loss,PRIZES,120,4,0
BASELINE,tb_567ea9be_llccqq624_ptcg-alakazam-marniebelief-0723-a,447,second,loss,PRIZES,152,2,0
BASELINE,tb_567ea9be_llccqq624_ptcg-alakazam-marniebelief-0723-a,451,second,win,NO_BENCH,82,3,6
BASELINE,tb_567ea9be_llccqq624_ptcg-alakazam-marniebelief-0723-a,449,second,loss,PRIZES,136,2,0
BASELINE,tb_567ea9be_llccqq624_ptcg-alakazam-marniebelief-0723-a,450,first,loss,PRIZES,90,6,0
BASELINE,tb_567ea9be_llccqq624_ptcg-alakazam-marniebelief-0723-a,453,second,loss,PRIZES,108,2,0
BASELINE,tb_567ea9be_llccqq624_ptcg-alakazam-marniebelief-0723-a,452,first,loss,PRIZES,150,2,0
BASELINE,tb_567ea9be_llccqq624_ptcg-alakazam-marniebelief-0723-a,455,second,win,PRIZES,140,0,3
BASELINE,tb_567ea9be_llccqq624_ptcg-alakazam-marniebelief-0723-a,456,first,loss,PRIZES,96,3,0
BASELINE,tb_567ea9be_llccqq624_ptcg-alakazam-marniebelief-0723-a,454,first,loss,PRIZES,161,1,0
BASELINE,tb_567ea9be_llccqq624_ptcg-alakazam-marniebelief-0723-a,457,second,win,PRIZES,141,0,6
BASELINE,tb_567ea9be_llccqq624_ptcg-alakazam-marniebelief-0723-a,459,second,loss,PRIZES,134,2,0
BASELINE,tb_567ea9be_llccqq624_ptcg-alakazam-marniebelief-0723-a,458,first,win,PRIZES,158,0,1
BASELINE,tb_567ea9be_llccqq624_ptcg-alakazam-marniebelief-0723-a,462,first,win,NO_BENCH,36,5,6
BASELINE,tb_567ea9be_llccqq624_ptcg-alakazam-marniebelief-0723-a,460,first,loss,PRIZES,133,3,0
BASELINE,tb_567ea9be_llccqq624_ptcg-alakazam-marniebelief-0723-a,463,second,loss,PRIZES,126,4,0
BASELINE,tb_567ea9be_llccqq624_ptcg-alakazam-marniebelief-0723-a,464,first,loss,PRIZES,117,3,0
BASELINE,tb_567ea9be_llccqq624_ptcg-alakazam-marniebelief-0723-a,461,second,win,PRIZES,144,0,2
BASELINE,tb_567ea9be_llccqq624_ptcg-alakazam-marniebelief-0723-a,465,second,loss,PRIZES,124,4,0
BASELINE,tb_567ea9be_llccqq624_ptcg-alakazam-marniebelief-0723-a,466,first,loss,PRIZES,156,2,0
BASELINE,tb_567ea9be_llccqq624_ptcg-alakazam-marniebelief-0723-a,467,second,loss,PRIZES,110,4,0
BASELINE,tb_567ea9be_llccqq624_ptcg-alakazam-marniebelief-0723-a,468,first,loss,PRIZES,119,4,0
BASELINE,tb_567ea9be_llccqq624_ptcg-alakazam-marniebelief-0723-a,471,second,loss,PRIZES,150,1,0
BASELINE,tb_567ea9be_llccqq624_ptcg-alakazam-marniebelief-0723-a,470,first,win,PRIZES,134,0,6
BASELINE,tb_567ea9be_llccqq624_ptcg-alakazam-marniebelief-0723-a,469,second,loss,PRIZES,120,2,0
BASELINE,tb_567ea9be_llccqq624_ptcg-alakazam-marniebelief-0723-a,472,first,loss,PRIZES,118,4,0
BASELINE,tb_567ea9be_llccqq624_ptcg-alakazam-marniebelief-0723-a,473,second,loss,PRIZES,158,1,0
BASELINE,tb_567ea9be_llccqq624_ptcg-alakazam-marniebelief-0723-a,474,first,loss,PRIZES,138,3,0
BASELINE,tb_567ea9be_llccqq624_ptcg-alakazam-marniebelief-0723-a,475,second,loss,PRIZES,107,5,0
BASELINE,tb_567ea9be_llccqq624_ptcg-alakazam-marniebelief-0723-a,478,first,win,NO_BENCH,29,6,6
BASELINE,tb_567ea9be_llccqq624_ptcg-alakazam-marniebelief-0723-a,476,first,win,PRIZES,132,0,6
BASELINE,tb_567ea9be_llccqq624_ptcg-alakazam-marniebelief-0723-a,480,first,loss,PRIZES,120,3,0
BASELINE,tb_567ea9be_llccqq624_ptcg-alakazam-marniebelief-0723-a,479,second,loss,PRIZES,143,2,0
BASELINE,tb_567ea9be_llccqq624_ptcg-alakazam-marniebelief-0723-a,481,second,win,NO_BENCH,29,5,6
BASELINE,tb_567ea9be_llccqq624_ptcg-alakazam-marniebelief-0723-a,477,second,win,PRIZES,148,0,2
BASELINE,tb_567ea9be_llccqq624_ptcg-alakazam-marniebelief-0723-a,483,second,win,PRIZES,142,0,3
BASELINE,tb_567ea9be_llccqq624_ptcg-alakazam-marniebelief-0723-a,482,first,loss,PRIZES,153,1,0
BASELINE,tb_567ea9be_llccqq624_ptcg-alakazam-marniebelief-0723-a,484,first,loss,PRIZES,124,4,0
BASELINE,tb_567ea9be_llccqq624_ptcg-alakazam-marniebelief-0723-a,485,second,loss,PRIZES,161,1,0
BASELINE,tb_567ea9be_llccqq624_ptcg-alakazam-marniebelief-0723-a,486,first,win,PRIZES,154,0,1
BASELINE,tb_567ea9be_llccqq624_ptcg-alakazam-marniebelief-0723-a,489,second,win,NO_BENCH,23,5,6
BASELINE,tb_567ea9be_llccqq624_ptcg-alakazam-marniebelief-0723-a,487,second,loss,PRIZES,152,3,0
BASELINE,tb_567ea9be_llccqq624_ptcg-alakazam-marniebelief-0723-a,488,first,loss,PRIZES,123,2,0
BASELINE,tb_567ea9be_llccqq624_ptcg-alakazam-marniebelief-0723-a,490,first,loss,PRIZES,127,3,0
BASELINE,tb_567ea9be_llccqq624_ptcg-alakazam-marniebelief-0723-a,491,second,win,PRIZES,119,0,6
BASELINE,tb_567ea9be_llccqq624_ptcg-alakazam-marniebelief-0723-a,492,first,loss,PRIZES,170,1,0
BASELINE,tb_567ea9be_llccqq624_ptcg-alakazam-marniebelief-0723-a,493,second,loss,PRIZES,150,1,0
BASELINE,tb_567ea9be_llccqq624_ptcg-alakazam-marniebelief-0723-a,494,first,win,PRIZES,171,0,1
BASELINE,tb_567ea9be_llccqq624_ptcg-alakazam-marniebelief-0723-a,495,second,win,PRIZES,133,0,1
BASELINE,tb_567ea9be_llccqq624_ptcg-alakazam-marniebelief-0723-a,497,second,loss,PRIZES,124,3,0
BASELINE,tb_567ea9be_llccqq624_ptcg-alakazam-marniebelief-0723-a,496,first,loss,PRIZES,165,1,0
BASELINE,tb_567ea9be_llccqq624_ptcg-alakazam-marniebelief-0723-a,498,first,win,PRIZES,147,0,3
BASELINE,tb_567ea9be_llccqq624_ptcg-alakazam-marniebelief-0723-a,499,second,win,PRIZES,161,0,3
BASELINE,tb_567ea9be_llccqq624_ptcg-alakazam-marniebelief-0723-a,500,first,loss,PRIZES,135,1,0
BASELINE,tb_567ea9be_llccqq624_ptcg-alakazam-marniebelief-0723-a,502,first,win,NO_BENCH,99,1,6
BASELINE,tb_567ea9be_llccqq624_ptcg-alakazam-marniebelief-0723-a,501,second,win,PRIZES,133,0,6
BASELINE,tb_567ea9be_llccqq624_ptcg-alakazam-marniebelief-0723-a,503,second,loss,PRIZES,129,3,0
BASELINE,tb_567ea9be_llccqq624_ptcg-alakazam-marniebelief-0723-a,504,first,loss,PRIZES,135,2,0
BASELINE,tb_567ea9be_llccqq624_ptcg-alakazam-marniebelief-0723-a,505,second,win,PRIZES,137,0,2
BASELINE,tb_567ea9be_llccqq624_ptcg-alakazam-marniebelief-0723-a,508,first,loss,PRIZES,135,2,0
BASELINE,tb_567ea9be_llccqq624_ptcg-alakazam-marniebelief-0723-a,506,first,loss,PRIZES,175,1,0
BASELINE,tb_567ea9be_llccqq624_ptcg-alakazam-marniebelief-0723-a,507,second,win,PRIZES,136,0,2
BASELINE,tb_567ea9be_llccqq624_ptcg-alakazam-marniebelief-0723-a,511,second,win,NO_BENCH,39,4,6
BASELINE,tb_567ea9be_llccqq624_ptcg-alakazam-marniebelief-0723-a,509,second,loss,PRIZES,126,2,0
BASELINE,tb_567ea9be_llccqq624_ptcg-alakazam-marniebelief-0723-a,510,first,loss,PRIZES,149,2,0
BASELINE,tb_567ea9be_llccqq624_ptcg-alakazam-marniebelief-0723-a,513,second,win,DECKOUT,157,3,2
BASELINE,tb_567ea9be_llccqq624_ptcg-alakazam-marniebelief-0723-a,512,first,win,DECKOUT,181,1,2
BASELINE,tb_567ea9be_llccqq624_ptcg-alakazam-marniebelief-0723-a,515,second,loss,PRIZES,144,2,0
BASELINE,tb_567ea9be_llccqq624_ptcg-alakazam-marniebelief-0723-a,516,first,win,PRIZES,102,0,6
BASELINE,tb_567ea9be_llccqq624_ptcg-alakazam-marniebelief-0723-a,514,first,loss,PRIZES,144,4,0
BASELINE,tb_567ea9be_llccqq624_ptcg-alakazam-marniebelief-0723-a,517,second,loss,PRIZES,160,1,0
BASELINE,tb_567ea9be_llccqq624_ptcg-alakazam-marniebelief-0723-a,519,second,loss,PRIZES,126,5,0
BASELINE,tb_567ea9be_llccqq624_ptcg-alakazam-marniebelief-0723-a,518,first,loss,PRIZES,120,3,0
BASELINE,tb_567ea9be_llccqq624_ptcg-alakazam-marniebelief-0723-a,522,first,win,NO_BENCH,53,3,6
BASELINE,tb_567ea9be_llccqq624_ptcg-alakazam-marniebelief-0723-a,521,second,loss,PRIZES,131,3,0
BASELINE,tb_567ea9be_llccqq624_ptcg-alakazam-marniebelief-0723-a,523,second,loss,PRIZES,165,1,0
BASELINE,tb_567ea9be_llccqq624_ptcg-alakazam-marniebelief-0723-a,520,first,loss,PRIZES,131,4,0
BASELINE,tb_567ea9be_llccqq624_ptcg-alakazam-marniebelief-0723-a,524,first,loss,NO_BENCH,69,6,3
BASELINE,tb_567ea9be_llccqq624_ptcg-alakazam-marniebelief-0723-a,525,second,win,PRIZES,143,0,4
BASELINE,tb_567ea9be_llccqq624_ptcg-alakazam-marniebelief-0723-a,526,first,win,PRIZES,121,0,3
BASELINE,tb_567ea9be_llccqq624_ptcg-alakazam-marniebelief-0723-a,528,first,loss,PRIZES,104,6,0
BASELINE,tb_567ea9be_llccqq624_ptcg-alakazam-marniebelief-0723-a,527,second,loss,PRIZES,127,5,0
BASELINE,tb_567ea9be_llccqq624_ptcg-alakazam-marniebelief-0723-a,529,second,loss,PRIZES,145,2,0
BASELINE,tb_567ea9be_llccqq624_ptcg-alakazam-marniebelief-0723-a,532,first,loss,PRIZES,133,2,0
BASELINE,tb_567ea9be_llccqq624_ptcg-alakazam-marniebelief-0723-a,531,second,win,PRIZES,133,0,3
BASELINE,tb_567ea9be_llccqq624_ptcg-alakazam-marniebelief-0723-a,530,first,loss,PRIZES,134,3,0
BASELINE,tb_567ea9be_llccqq624_ptcg-alakazam-marniebelief-0723-a,534,first,loss,PRIZES,135,2,0
BASELINE,tb_567ea9be_llccqq624_ptcg-alakazam-marniebelief-0723-a,535,second,loss,PRIZES,139,3,0
BASELINE,tb_567ea9be_llccqq624_ptcg-alakazam-marniebelief-0723-a,533,second,loss,PRIZES,160,1,0
BASELINE,tb_567ea9be_llccqq624_ptcg-alakazam-marniebelief-0723-a,536,first,loss,PRIZES,119,2,0
BASELINE,tb_567ea9be_llccqq624_ptcg-alakazam-marniebelief-0723-a,538,first,loss,NO_BENCH,83,5,1
BASELINE,tb_567ea9be_llccqq624_ptcg-alakazam-marniebelief-0723-a,539,second,loss,PRIZES,122,3,0
BASELINE,tb_567ea9be_llccqq624_ptcg-alakazam-marniebelief-0723-a,540,first,loss,PRIZES,135,3,0
BASELINE,tb_567ea9be_llccqq624_ptcg-alakazam-marniebelief-0723-a,537,second,loss,PRIZES,152,2,0
BASELINE,tb_567ea9be_llccqq624_ptcg-alakazam-marniebelief-0723-a,541,second,loss,PRIZES,146,3,0
BASELINE,tb_567ea9be_llccqq624_ptcg-alakazam-marniebelief-0723-a,542,first,loss,PRIZES,114,3,0
BASELINE,tb_567ea9be_llccqq624_ptcg-alakazam-marniebelief-0723-a,543,second,win,PRIZES,156,0,1
BASELINE,tb_567ea9be_llccqq624_ptcg-alakazam-marniebelief-0723-a,544,first,loss,PRIZES,127,3,0
BASELINE,tb_567ea9be_llccqq624_ptcg-alakazam-marniebelief-0723-a,545,second,win,PRIZES,149,0,1
BASELINE,tb_567ea9be_llccqq624_ptcg-alakazam-marniebelief-0723-a,547,second,loss,PRIZES,132,4,0
BASELINE,tb_567ea9be_llccqq624_ptcg-alakazam-marniebelief-0723-a,546,first,win,NO_BENCH,123,1,4
BASELINE,tb_567ea9be_llccqq624_ptcg-alakazam-marniebelief-0723-a,548,first,win,PRIZES,144,0,3
BASELINE,tb_567ea9be_llccqq624_ptcg-alakazam-marniebelief-0723-a,551,second,win,PRIZES,147,0,1
BASELINE,tb_567ea9be_llccqq624_ptcg-alakazam-marniebelief-0723-a,549,second,win,DECKOUT,163,2,1
BASELINE,tb_567ea9be_llccqq624_ptcg-alakazam-marniebelief-0723-a,550,first,loss,PRIZES,101,6,0
BASELINE,tb_567ea9be_llccqq624_ptcg-alakazam-marniebelief-0723-a,552,first,loss,PRIZES,135,1,0
BASELINE,tb_567ea9be_llccqq624_ptcg-alakazam-marniebelief-0723-a,554,first,loss,PRIZES,86,6,0
BASELINE,tb_567ea9be_llccqq624_ptcg-alakazam-marniebelief-0723-a,555,second,loss,PRIZES,116,5,0
BASELINE,tb_567ea9be_llccqq624_ptcg-alakazam-marniebelief-0723-a,553,second,loss,PRIZES,124,3,0
BASELINE,tb_567ea9be_llccqq624_ptcg-alakazam-marniebelief-0723-a,557,second,loss,PRIZES,128,1,0
BASELINE,tb_567ea9be_llccqq624_ptcg-alakazam-marniebelief-0723-a,558,first,loss,PRIZES,128,4,0
BASELINE,tb_567ea9be_llccqq624_ptcg-alakazam-marniebelief-0723-a,559,second,win,NO_BENCH,89,2,6
BASELINE,tb_567ea9be_llccqq624_ptcg-alakazam-marniebelief-0723-a,556,first,win,PRIZES,151,0,3
BASELINE,tb_567ea9be_llccqq624_ptcg-alakazam-marniebelief-0723-a,561,second,loss,PRIZES,137,3,0
BASELINE,tb_567ea9be_llccqq624_ptcg-alakazam-marniebelief-0723-a,563,second,win,PRIZES,127,0,6
BASELINE,tb_567ea9be_llccqq624_ptcg-alakazam-marniebelief-0723-a,562,first,win,PRIZES,157,0,2
BASELINE,tb_567ea9be_llccqq624_ptcg-alakazam-marniebelief-0723-a,564,first,win,PRIZES,140,0,4
BASELINE,tb_567ea9be_llccqq624_ptcg-alakazam-marniebelief-0723-a,560,first,loss,PRIZES,153,2,0
BASELINE,tb_567ea9be_llccqq624_ptcg-alakazam-marniebelief-0723-a,565,second,loss,PRIZES,140,2,0
BASELINE,tb_567ea9be_llccqq624_ptcg-alakazam-marniebelief-0723-a,566,first,win,PRIZES,130,0,6
BASELINE,tb_567ea9be_llccqq624_ptcg-alakazam-marniebelief-0723-a,567,second,loss,PRIZES,161,1,0
BASELINE,tb_567ea9be_llccqq624_ptcg-alakazam-marniebelief-0723-a,568,first,loss,PRIZES,132,3,0
BASELINE,tb_567ea9be_llccqq624_ptcg-alakazam-marniebelief-0723-a,569,second,loss,PRIZES,162,2,0
BASELINE,tb_567ea9be_llccqq624_ptcg-alakazam-marniebelief-0723-a,570,first,loss,PRIZES,87,6,0
BASELINE,tb_567ea9be_llccqq624_ptcg-alakazam-marniebelief-0723-a,572,first,win,PRIZES,145,0,3
BASELINE,tb_567ea9be_llccqq624_ptcg-alakazam-marniebelief-0723-a,573,second,loss,PRIZES,131,1,0
BASELINE,tb_567ea9be_llccqq624_ptcg-alakazam-marniebelief-0723-a,571,second,loss,PRIZES,158,2,0
BASELINE,tb_567ea9be_llccqq624_ptcg-alakazam-marniebelief-0723-a,575,second,win,PRIZES,136,0,5
BASELINE,tb_567ea9be_llccqq624_ptcg-alakazam-marniebelief-0723-a,574,first,win,PRIZES,160,0,5
BASELINE,tb_567ea9be_llccqq624_ptcg-alakazam-marniebelief-0723-a,577,second,loss,PRIZES,162,2,0
BASELINE,tb_567ea9be_llccqq624_ptcg-alakazam-marniebelief-0723-a,576,first,win,PRIZES,150,0,2
BASELINE,tb_567ea9be_llccqq624_ptcg-alakazam-marniebelief-0723-a,578,first,loss,PRIZES,110,3,0
BASELINE,tb_567ea9be_llccqq624_ptcg-alakazam-marniebelief-0723-a,579,second,loss,PRIZES,125,4,0
BASELINE,tb_567ea9be_llccqq624_ptcg-alakazam-marniebelief-0723-a,580,first,win,PRIZES,145,0,3
BASELINE,tb_567ea9be_llccqq624_ptcg-alakazam-marniebelief-0723-a,581,second,loss,PRIZES,160,2,0
BASELINE,tb_567ea9be_llccqq624_ptcg-alakazam-marniebelief-0723-a,583,second,loss,PRIZES,126,2,0
BASELINE,tb_567ea9be_llccqq624_ptcg-alakazam-marniebelief-0723-a,582,first,win,PRIZES,158,0,3
BASELINE,tb_567ea9be_llccqq624_ptcg-alakazam-marniebelief-0723-a,584,first,win,PRIZES,157,0,1
BASELINE,tb_567ea9be_llccqq624_ptcg-alakazam-marniebelief-0723-a,586,first,win,NO_BENCH,135,1,3
BASELINE,tb_567ea9be_llccqq624_ptcg-alakazam-marniebelief-0723-a,585,second,loss,PRIZES,140,3,0
BASELINE,tb_567ea9be_llccqq624_ptcg-alakazam-marniebelief-0723-a,589,second,loss,PRIZES,109,5,0
BASELINE,tb_567ea9be_llccqq624_ptcg-alakazam-marniebelief-0723-a,588,first,loss,PRIZES,142,2,0
BASELINE,tb_567ea9be_llccqq624_ptcg-alakazam-marniebelief-0723-a,587,second,win,PRIZES,146,0,1
BASELINE,tb_567ea9be_llccqq624_ptcg-alakazam-marniebelief-0723-a,590,first,win,PRIZES,163,0,2
BASELINE,tb_567ea9be_llccqq624_ptcg-alakazam-marniebelief-0723-a,591,second,loss,PRIZES,139,1,0
BASELINE,tb_567ea9be_llccqq624_ptcg-alakazam-marniebelief-0723-a,592,first,win,PRIZES,132,0,5
BASELINE,tb_567ea9be_llccqq624_ptcg-alakazam-marniebelief-0723-a,594,first,loss,PRIZES,124,3,0
BASELINE,tb_567ea9be_llccqq624_ptcg-alakazam-marniebelief-0723-a,595,second,loss,PRIZES,138,3,0
BASELINE,tb_567ea9be_llccqq624_ptcg-alakazam-marniebelief-0723-a,593,second,loss,PRIZES,135,3,0
BASELINE,tb_567ea9be_llccqq624_ptcg-alakazam-marniebelief-0723-a,598,first,win,PRIZES,115,0,6
BASELINE,tb_567ea9be_llccqq624_ptcg-alakazam-marniebelief-0723-a,596,first,loss,PRIZES,131,3,0
BASELINE,tb_567ea9be_llccqq624_ptcg-alakazam-marniebelief-0723-a,597,second,loss,PRIZES,129,3,0
BASELINE,tb_567ea9be_llccqq624_ptcg-alakazam-marniebelief-0723-a,599,second,loss,PRIZES,139,3,0
BASELINE,tb_f2e2c18d_grimmsnarl_bc_alias,0,first,loss,PRIZES,172,1,0
BASELINE,tb_f2e2c18d_grimmsnarl_bc_alias,1,second,win,PRIZES,154,0,5
BASELINE,tb_f2e2c18d_grimmsnarl_bc_alias,2,first,loss,PRIZES,177,2,0
BASELINE,tb_f2e2c18d_grimmsnarl_bc_alias,3,second,loss,PRIZES,139,5,0
BASELINE,tb_f2e2c18d_grimmsnarl_bc_alias,4,first,win,PRIZES,186,0,4
BASELINE,tb_f2e2c18d_grimmsnarl_bc_alias,5,second,loss,PRIZES,158,2,0
BASELINE,tb_f2e2c18d_grimmsnarl_bc_alias,6,first,loss,PRIZES,152,1,0
BASELINE,tb_f2e2c18d_grimmsnarl_bc_alias,7,second,loss,PRIZES,148,2,0
BASELINE,tb_f2e2c18d_grimmsnarl_bc_alias,8,first,win,PRIZES,201,0,4
BASELINE,tb_f2e2c18d_grimmsnarl_bc_alias,9,second,loss,PRIZES,172,2,0
BASELINE,tb_f2e2c18d_grimmsnarl_bc_alias,10,first,win,PRIZES,130,0,3
BASELINE,tb_f2e2c18d_grimmsnarl_bc_alias,11,second,win,PRIZES,134,0,6
BASELINE,tb_f2e2c18d_grimmsnarl_bc_alias,12,first,loss,PRIZES,122,3,0
BASELINE,tb_f2e2c18d_grimmsnarl_bc_alias,13,second,win,PRIZES,200,0,4
BASELINE,tb_f2e2c18d_grimmsnarl_bc_alias,14,first,loss,PRIZES,122,3,0
BASELINE,tb_f2e2c18d_grimmsnarl_bc_alias,15,second,win,PRIZES,125,0,6
BASELINE,tb_f2e2c18d_grimmsnarl_bc_alias,16,first,win,NO_BENCH,33,5,6
BASELINE,tb_f2e2c18d_grimmsnarl_bc_alias,17,second,loss,PRIZES,122,2,0
BASELINE,tb_f2e2c18d_grimmsnarl_bc_alias,18,first,win,PRIZES,179,0,1
BASELINE,tb_f2e2c18d_grimmsnarl_bc_alias,19,second,win,NO_BENCH,65,5,6
BASELINE,tb_f2e2c18d_grimmsnarl_bc_alias,20,first,loss,PRIZES,151,3,0
BASELINE,tb_f2e2c18d_grimmsnarl_bc_alias,21,second,loss,NO_BENCH,44,6,5
BASELINE,tb_f2e2c18d_grimmsnarl_bc_alias,22,first,loss,PRIZES,177,1,0
BASELINE,tb_f2e2c18d_grimmsnarl_bc_alias,23,second,win,PRIZES,199,0,4
BASELINE,tb_f2e2c18d_grimmsnarl_bc_alias,24,first,win,PRIZES,182,0,3
BASELINE,tb_f2e2c18d_grimmsnarl_bc_alias,25,second,loss,PRIZES,159,1,0
BASELINE,tb_f2e2c18d_grimmsnarl_bc_alias,26,first,win,PRIZES,133,0,4
BASELINE,tb_f2e2c18d_grimmsnarl_bc_alias,27,second,loss,PRIZES,135,3,0
BASELINE,tb_f2e2c18d_grimmsnarl_bc_alias,28,first,win,PRIZES,140,0,2
BASELINE,tb_f2e2c18d_grimmsnarl_bc_alias,29,second,win,PRIZES,151,0,6
BASELINE,tb_f2e2c18d_grimmsnarl_bc_alias,30,first,win,PRIZES,118,0,6
BASELINE,tb_f2e2c18d_grimmsnarl_bc_alias,31,second,win,PRIZES,148,0,6
BASELINE,tb_f2e2c18d_grimmsnarl_bc_alias,32,first,loss,PRIZES,138,4,0
BASELINE,tb_f2e2c18d_grimmsnarl_bc_alias,33,second,win,NO_BENCH,42,5,6
BASELINE,tb_f2e2c18d_grimmsnarl_bc_alias,34,first,win,PRIZES,136,0,2
BASELINE,tb_f2e2c18d_grimmsnarl_bc_alias,35,second,win,PRIZES,131,0,3
BASELINE,tb_f2e2c18d_grimmsnarl_bc_alias,36,first,win,PRIZES,156,0,4
BASELINE,tb_f2e2c18d_grimmsnarl_bc_alias,37,second,loss,NO_BENCH,69,6,3
BASELINE,tb_f2e2c18d_grimmsnarl_bc_alias,38,first,loss,PRIZES,146,2,0
BASELINE,tb_f2e2c18d_grimmsnarl_bc_alias,39,second,win,PRIZES,185,0,1
BASELINE,tb_f2e2c18d_grimmsnarl_bc_alias,40,first,loss,PRIZES,156,3,0
BASELINE,tb_f2e2c18d_grimmsnarl_bc_alias,41,second,win,PRIZES,160,0,5
BASELINE,tb_f2e2c18d_grimmsnarl_bc_alias,42,first,loss,PRIZES,207,2,0
BASELINE,tb_f2e2c18d_grimmsnarl_bc_alias,43,second,win,NO_BENCH,23,5,6
BASELINE,tb_f2e2c18d_grimmsnarl_bc_alias,44,first,loss,PRIZES,180,1,0
BASELINE,tb_f2e2c18d_grimmsnarl_bc_alias,45,second,win,PRIZES,159,0,3
BASELINE,tb_f2e2c18d_grimmsnarl_bc_alias,46,first,win,PRIZES,141,0,3
BASELINE,tb_f2e2c18d_grimmsnarl_bc_alias,47,second,win,PRIZES,156,0,2
BASELINE,tb_f2e2c18d_grimmsnarl_bc_alias,48,first,loss,PRIZES,164,1,0
BASELINE,tb_f2e2c18d_grimmsnarl_bc_alias,49,second,win,PRIZES,145,0,1
BASELINE,tb_f2e2c18d_grimmsnarl_bc_alias,51,second,win,NO_BENCH,16,5,6
BASELINE,tb_f2e2c18d_grimmsnarl_bc_alias,50,first,loss,PRIZES,157,2,0
BASELINE,tb_f2e2c18d_grimmsnarl_bc_alias,52,first,win,PRIZES,163,0,5
BASELINE,tb_f2e2c18d_grimmsnarl_bc_alias,53,second,win,PRIZES,145,0,6
BASELINE,tb_f2e2c18d_grimmsnarl_bc_alias,54,first,loss,PRIZES,177,2,0
BASELINE,tb_f2e2c18d_grimmsnarl_bc_alias,55,second,win,PRIZES,192,0,1
BASELINE,tb_f2e2c18d_grimmsnarl_bc_alias,56,first,win,PRIZES,164,0,1
BASELINE,tb_f2e2c18d_grimmsnarl_bc_alias,57,second,loss,PRIZES,126,3,0
BASELINE,tb_f2e2c18d_grimmsnarl_bc_alias,58,first,win,PRIZES,163,0,5
BASELINE,tb_f2e2c18d_grimmsnarl_bc_alias,59,second,win,NO_BENCH,27,5,6
BASELINE,tb_f2e2c18d_grimmsnarl_bc_alias,60,first,win,PRIZES,130,0,6
BASELINE,tb_f2e2c18d_grimmsnarl_bc_alias,61,second,win,PRIZES,139,0,5
BASELINE,tb_f2e2c18d_grimmsnarl_bc_alias,62,first,win,NO_BENCH,44,5,6
BASELINE,tb_f2e2c18d_grimmsnarl_bc_alias,63,second,win,PRIZES,180,0,1
BASELINE,tb_f2e2c18d_grimmsnarl_bc_alias,64,first,win,PRIZES,127,0,5
BASELINE,tb_f2e2c18d_grimmsnarl_bc_alias,65,second,win,PRIZES,151,0,4
BASELINE,tb_f2e2c18d_grimmsnarl_bc_alias,66,first,win,PRIZES,155,0,4
BASELINE,tb_f2e2c18d_grimmsnarl_bc_alias,67,second,loss,NO_BENCH,84,6,3
BASELINE,tb_f2e2c18d_grimmsnarl_bc_alias,68,first,loss,PRIZES,183,1,0
BASELINE,tb_f2e2c18d_grimmsnarl_bc_alias,69,second,win,PRIZES,136,0,4
BASELINE,tb_f2e2c18d_grimmsnarl_bc_alias,70,first,win,PRIZES,119,0,2
BASELINE,tb_f2e2c18d_grimmsnarl_bc_alias,71,second,win,PRIZES,166,0,4
BASELINE,tb_f2e2c18d_grimmsnarl_bc_alias,72,first,win,PRIZES,143,0,5
BASELINE,tb_f2e2c18d_grimmsnarl_bc_alias,73,second,loss,PRIZES,121,4,0
BASELINE,tb_f2e2c18d_grimmsnarl_bc_alias,74,first,win,PRIZES,161,0,1
BASELINE,tb_f2e2c18d_grimmsnarl_bc_alias,75,second,win,PRIZES,166,0,5
BASELINE,tb_f2e2c18d_grimmsnarl_bc_alias,76,first,loss,PRIZES,130,4,0
BASELINE,tb_f2e2c18d_grimmsnarl_bc_alias,77,second,win,PRIZES,167,0,4
BASELINE,tb_f2e2c18d_grimmsnarl_bc_alias,78,first,loss,PRIZES,139,2,0
BASELINE,tb_f2e2c18d_grimmsnarl_bc_alias,79,second,win,PRIZES,149,0,3
BASELINE,tb_f2e2c18d_grimmsnarl_bc_alias,80,first,loss,PRIZES,159,2,0
BASELINE,tb_f2e2c18d_grimmsnarl_bc_alias,81,second,win,PRIZES,146,0,5
BASELINE,tb_f2e2c18d_grimmsnarl_bc_alias,82,first,loss,PRIZES,152,3,0
BASELINE,tb_f2e2c18d_grimmsnarl_bc_alias,83,second,win,NO_BENCH,20,5,6
BASELINE,tb_f2e2c18d_grimmsnarl_bc_alias,84,first,loss,PRIZES,171,1,0
BASELINE,tb_f2e2c18d_grimmsnarl_bc_alias,85,second,loss,PRIZES,147,2,0
BASELINE,tb_f2e2c18d_grimmsnarl_bc_alias,86,first,win,NO_BENCH,50,5,6
BASELINE,tb_f2e2c18d_grimmsnarl_bc_alias,87,second,loss,PRIZES,109,3,0
BASELINE,tb_f2e2c18d_grimmsnarl_bc_alias,88,first,win,PRIZES,136,0,4
BASELINE,tb_f2e2c18d_grimmsnarl_bc_alias,89,second,loss,PRIZES,165,1,0
BASELINE,tb_f2e2c18d_grimmsnarl_bc_alias,90,first,win,PRIZES,137,0,6
BASELINE,tb_f2e2c18d_grimmsnarl_bc_alias,91,second,win,PRIZES,141,0,1
BASELINE,tb_f2e2c18d_grimmsnarl_bc_alias,92,first,loss,PRIZES,133,1,0
BASELINE,tb_f2e2c18d_grimmsnarl_bc_alias,93,second,loss,PRIZES,139,1,0
BASELINE,tb_f2e2c18d_grimmsnarl_bc_alias,94,first,win,PRIZES,220,0,4
BASELINE,tb_f2e2c18d_grimmsnarl_bc_alias,95,second,win,PRIZES,118,0,4
BASELINE,tb_f2e2c18d_grimmsnarl_bc_alias,96,first,win,PRIZES,171,0,4
BASELINE,tb_f2e2c18d_grimmsnarl_bc_alias,97,second,win,NO_BENCH,22,5,6
BASELINE,tb_f2e2c18d_grimmsnarl_bc_alias,98,first,loss,PRIZES,172,3,0
BASELINE,tb_f2e2c18d_grimmsnarl_bc_alias,99,second,win,PRIZES,127,0,6
BASELINE,tb_f2e2c18d_grimmsnarl_bc_alias,100,first,win,PRIZES,136,0,6
BASELINE,tb_f2e2c18d_grimmsnarl_bc_alias,101,second,win,PRIZES,173,0,4
BASELINE,tb_f2e2c18d_grimmsnarl_bc_alias,102,first,win,PRIZES,198,0,2
BASELINE,tb_f2e2c18d_grimmsnarl_bc_alias,103,second,win,PRIZES,171,0,4
BASELINE,tb_f2e2c18d_grimmsnarl_bc_alias,104,first,loss,PRIZES,205,1,0
BASELINE,tb_f2e2c18d_grimmsnarl_bc_alias,105,second,win,NO_BENCH,106,1,3
BASELINE,tb_f2e2c18d_grimmsnarl_bc_alias,106,first,loss,PRIZES,204,1,0
BASELINE,tb_f2e2c18d_grimmsnarl_bc_alias,107,second,loss,PRIZES,139,4,0
BASELINE,tb_f2e2c18d_grimmsnarl_bc_alias,108,first,loss,PRIZES,177,2,0
BASELINE,tb_f2e2c18d_grimmsnarl_bc_alias,109,second,win,PRIZES,141,0,6
BASELINE,tb_f2e2c18d_grimmsnarl_bc_alias,110,first,loss,PRIZES,137,2,0
BASELINE,tb_f2e2c18d_grimmsnarl_bc_alias,111,second,win,PRIZES,154,0,2
BASELINE,tb_f2e2c18d_grimmsnarl_bc_alias,112,first,win,PRIZES,145,0,6
BASELINE,tb_f2e2c18d_grimmsnarl_bc_alias,113,second,loss,PRIZES,181,1,0
BASELINE,tb_f2e2c18d_grimmsnarl_bc_alias,114,first,loss,PRIZES,163,3,0
BASELINE,tb_f2e2c18d_grimmsnarl_bc_alias,115,second,loss,PRIZES,123,3,0
BASELINE,tb_f2e2c18d_grimmsnarl_bc_alias,116,first,loss,PRIZES,163,1,0
BASELINE,tb_f2e2c18d_grimmsnarl_bc_alias,117,second,win,PRIZES,165,0,1
BASELINE,tb_f2e2c18d_grimmsnarl_bc_alias,118,first,win,PRIZES,146,0,5
BASELINE,tb_f2e2c18d_grimmsnarl_bc_alias,119,second,loss,PRIZES,157,1,0
BASELINE,tb_f2e2c18d_grimmsnarl_bc_alias,120,first,win,PRIZES,175,0,3
BASELINE,tb_f2e2c18d_grimmsnarl_bc_alias,121,second,win,PRIZES,183,0,4
BASELINE,tb_f2e2c18d_grimmsnarl_bc_alias,123,second,win,PRIZES,127,0,4
BASELINE,tb_f2e2c18d_grimmsnarl_bc_alias,122,first,loss,PRIZES,211,1,0
BASELINE,tb_f2e2c18d_grimmsnarl_bc_alias,124,first,win,PRIZES,161,0,1
BASELINE,tb_f2e2c18d_grimmsnarl_bc_alias,126,first,win,PRIZES,132,0,5
BASELINE,tb_f2e2c18d_grimmsnarl_bc_alias,125,second,loss,PRIZES,182,5,0
BASELINE,tb_f2e2c18d_grimmsnarl_bc_alias,127,second,loss,PRIZES,171,1,0
BASELINE,tb_f2e2c18d_grimmsnarl_bc_alias,128,first,win,PRIZES,176,0,1
BASELINE,tb_f2e2c18d_grimmsnarl_bc_alias,129,second,win,PRIZES,182,0,4
BASELINE,tb_f2e2c18d_grimmsnarl_bc_alias,130,first,win,PRIZES,126,0,5
BASELINE,tb_f2e2c18d_grimmsnarl_bc_alias,131,second,loss,PRIZES,126,3,0
BASELINE,tb_f2e2c18d_grimmsnarl_bc_alias,132,first,win,PRIZES,142,0,5
BASELINE,tb_f2e2c18d_grimmsnarl_bc_alias,133,second,loss,PRIZES,124,4,0
BASELINE,tb_f2e2c18d_grimmsnarl_bc_alias,134,first,loss,PRIZES,155,4,0
BASELINE,tb_f2e2c18d_grimmsnarl_bc_alias,135,second,loss,PRIZES,139,2,0
BASELINE,tb_f2e2c18d_grimmsnarl_bc_alias,136,first,win,PRIZES,111,0,6
BASELINE,tb_f2e2c18d_grimmsnarl_bc_alias,138,first,win,NO_BENCH,37,5,6
BASELINE,tb_f2e2c18d_grimmsnarl_bc_alias,137,second,win,PRIZES,198,0,3
BASELINE,tb_f2e2c18d_grimmsnarl_bc_alias,139,second,win,PRIZES,159,0,5
BASELINE,tb_f2e2c18d_grimmsnarl_bc_alias,140,first,win,PRIZES,151,0,1
BASELINE,tb_f2e2c18d_grimmsnarl_bc_alias,141,second,loss,PRIZES,125,3,0
BASELINE,tb_f2e2c18d_grimmsnarl_bc_alias,142,first,win,PRIZES,165,0,1
BASELINE,tb_f2e2c18d_grimmsnarl_bc_alias,143,second,win,PRIZES,177,0,2
BASELINE,tb_f2e2c18d_grimmsnarl_bc_alias,144,first,win,PRIZES,142,0,5
BASELINE,tb_f2e2c18d_grimmsnarl_bc_alias,145,second,win,PRIZES,162,0,5
BASELINE,tb_f2e2c18d_grimmsnarl_bc_alias,146,first,loss,PRIZES,189,1,0
BASELINE,tb_f2e2c18d_grimmsnarl_bc_alias,147,second,loss,NO_BENCH,78,5,2
BASELINE,tb_f2e2c18d_grimmsnarl_bc_alias,148,first,win,PRIZES,148,0,5
BASELINE,tb_f2e2c18d_grimmsnarl_bc_alias,150,first,win,PRIZES,134,0,6
BASELINE,tb_f2e2c18d_grimmsnarl_bc_alias,149,second,loss,PRIZES,160,3,0
BASELINE,tb_f2e2c18d_grimmsnarl_bc_alias,151,second,loss,PRIZES,142,4,0
BASELINE,tb_f2e2c18d_grimmsnarl_bc_alias,152,first,loss,PRIZES,170,2,0
BASELINE,tb_f2e2c18d_grimmsnarl_bc_alias,153,second,win,PRIZES,199,0,3
BASELINE,tb_f2e2c18d_grimmsnarl_bc_alias,154,first,loss,PRIZES,134,3,0
BASELINE,tb_f2e2c18d_grimmsnarl_bc_alias,155,second,draw,UNKNOWN,190,0,0
BASELINE,tb_f2e2c18d_grimmsnarl_bc_alias,156,first,loss,PRIZES,153,1,0
BASELINE,tb_f2e2c18d_grimmsnarl_bc_alias,157,second,loss,PRIZES,177,1,0
BASELINE,tb_f2e2c18d_grimmsnarl_bc_alias,158,first,win,PRIZES,162,0,3
BASELINE,tb_f2e2c18d_grimmsnarl_bc_alias,159,second,win,PRIZES,159,0,2
BASELINE,tb_f2e2c18d_grimmsnarl_bc_alias,160,first,win,PRIZES,173,0,4
BASELINE,tb_f2e2c18d_grimmsnarl_bc_alias,161,second,loss,PRIZES,187,1,0
BASELINE,tb_f2e2c18d_grimmsnarl_bc_alias,162,first,loss,PRIZES,150,2,0
BASELINE,tb_f2e2c18d_grimmsnarl_bc_alias,163,second,loss,PRIZES,139,2,0
BASELINE,tb_f2e2c18d_grimmsnarl_bc_alias,164,first,win,PRIZES,144,0,1
BASELINE,tb_f2e2c18d_grimmsnarl_bc_alias,165,second,loss,PRIZES,160,3,0
BASELINE,tb_f2e2c18d_grimmsnarl_bc_alias,166,first,win,PRIZES,142,0,6
BASELINE,tb_f2e2c18d_grimmsnarl_bc_alias,168,first,loss,NO_BENCH,49,6,5
BASELINE,tb_f2e2c18d_grimmsnarl_bc_alias,167,second,loss,PRIZES,160,3,0
BASELINE,tb_f2e2c18d_grimmsnarl_bc_alias,169,second,win,PRIZES,132,0,6
BASELINE,tb_f2e2c18d_grimmsnarl_bc_alias,170,first,loss,PRIZES,166,1,0
BASELINE,tb_f2e2c18d_grimmsnarl_bc_alias,171,second,win,PRIZES,174,0,3
BASELINE,tb_f2e2c18d_grimmsnarl_bc_alias,172,first,win,PRIZES,164,0,1
BASELINE,tb_f2e2c18d_grimmsnarl_bc_alias,173,second,loss,PRIZES,129,5,0
BASELINE,tb_f2e2c18d_grimmsnarl_bc_alias,174,first,win,PRIZES,158,0,6
BASELINE,tb_f2e2c18d_grimmsnarl_bc_alias,175,second,win,PRIZES,145,0,4
BASELINE,tb_f2e2c18d_grimmsnarl_bc_alias,177,second,loss,PRIZES,117,6,0
BASELINE,tb_f2e2c18d_grimmsnarl_bc_alias,176,first,win,PRIZES,186,0,3
BASELINE,tb_f2e2c18d_grimmsnarl_bc_alias,178,first,win,PRIZES,145,0,5
BASELINE,tb_f2e2c18d_grimmsnarl_bc_alias,179,second,win,PRIZES,195,0,1
BASELINE,tb_f2e2c18d_grimmsnarl_bc_alias,180,first,win,PRIZES,177,0,2
BASELINE,tb_f2e2c18d_grimmsnarl_bc_alias,181,second,loss,PRIZES,151,5,0
BASELINE,tb_f2e2c18d_grimmsnarl_bc_alias,182,first,loss,PRIZES,176,1,0
BASELINE,tb_f2e2c18d_grimmsnarl_bc_alias,183,second,win,PRIZES,147,0,1
BASELINE,tb_f2e2c18d_grimmsnarl_bc_alias,184,first,win,PRIZES,146,0,4
BASELINE,tb_f2e2c18d_grimmsnarl_bc_alias,185,second,loss,NO_BENCH,85,5,2
BASELINE,tb_f2e2c18d_grimmsnarl_bc_alias,186,first,loss,PRIZES,108,5,0
BASELINE,tb_f2e2c18d_grimmsnarl_bc_alias,187,second,loss,PRIZES,194,1,0
BASELINE,tb_f2e2c18d_grimmsnarl_bc_alias,188,first,loss,PRIZES,173,1,0
BASELINE,tb_f2e2c18d_grimmsnarl_bc_alias,189,second,win,PRIZES,157,0,3
BASELINE,tb_f2e2c18d_grimmsnarl_bc_alias,190,first,win,PRIZES,185,0,5
BASELINE,tb_f2e2c18d_grimmsnarl_bc_alias,191,second,win,PRIZES,164,0,2
BASELINE,tb_f2e2c18d_grimmsnarl_bc_alias,192,first,loss,PRIZES,218,2,0
BASELINE,tb_f2e2c18d_grimmsnarl_bc_alias,193,second,win,PRIZES,193,0,1
BASELINE,tb_f2e2c18d_grimmsnarl_bc_alias,194,first,win,PRIZES,121,0,6
BASELINE,tb_f2e2c18d_grimmsnarl_bc_alias,195,second,win,PRIZES,140,0,6
BASELINE,tb_f2e2c18d_grimmsnarl_bc_alias,196,first,loss,PRIZES,162,3,0
BASELINE,tb_f2e2c18d_grimmsnarl_bc_alias,197,second,win,PRIZES,159,0,6
BASELINE,tb_f2e2c18d_grimmsnarl_bc_alias,198,first,loss,PRIZES,174,2,0
BASELINE,tb_f2e2c18d_grimmsnarl_bc_alias,199,second,loss,PRIZES,137,3,0
BASELINE,tb_f2e2c18d_grimmsnarl_bc_alias,200,first,win,PRIZES,199,0,2
BASELINE,tb_f2e2c18d_grimmsnarl_bc_alias,201,second,win,PRIZES,173,0,1
BASELINE,tb_f2e2c18d_grimmsnarl_bc_alias,202,first,win,PRIZES,140,0,2
BASELINE,tb_f2e2c18d_grimmsnarl_bc_alias,203,second,win,PRIZES,121,0,6
BASELINE,tb_f2e2c18d_grimmsnarl_bc_alias,204,first,win,PRIZES,163,0,4
BASELINE,tb_f2e2c18d_grimmsnarl_bc_alias,205,second,win,PRIZES,138,0,2
BASELINE,tb_f2e2c18d_grimmsnarl_bc_alias,206,first,win,PRIZES,150,0,6
BASELINE,tb_f2e2c18d_grimmsnarl_bc_alias,207,second,win,NO_BENCH,29,5,6
BASELINE,tb_f2e2c18d_grimmsnarl_bc_alias,208,first,win,PRIZES,196,0,2
BASELINE,tb_f2e2c18d_grimmsnarl_bc_alias,210,first,win,NO_BENCH,39,5,6
BASELINE,tb_f2e2c18d_grimmsnarl_bc_alias,209,second,win,PRIZES,169,0,4
BASELINE,tb_f2e2c18d_grimmsnarl_bc_alias,211,second,loss,PRIZES,149,3,0
BASELINE,tb_f2e2c18d_grimmsnarl_bc_alias,212,first,win,PRIZES,170,0,3
BASELINE,tb_f2e2c18d_grimmsnarl_bc_alias,213,second,loss,PRIZES,162,3,0
BASELINE,tb_f2e2c18d_grimmsnarl_bc_alias,214,first,loss,PRIZES,159,1,0
BASELINE,tb_f2e2c18d_grimmsnarl_bc_alias,215,second,win,PRIZES,165,0,4
BASELINE,tb_f2e2c18d_grimmsnarl_bc_alias,216,first,loss,PRIZES,121,4,0
BASELINE,tb_f2e2c18d_grimmsnarl_bc_alias,217,second,loss,PRIZES,144,3,0
BASELINE,tb_f2e2c18d_grimmsnarl_bc_alias,218,first,loss,PRIZES,155,3,0
BASELINE,tb_f2e2c18d_grimmsnarl_bc_alias,219,second,win,PRIZES,200,0,4
BASELINE,tb_f2e2c18d_grimmsnarl_bc_alias,220,first,loss,PRIZES,113,4,0
BASELINE,tb_f2e2c18d_grimmsnarl_bc_alias,221,second,loss,PRIZES,144,4,0
BASELINE,tb_f2e2c18d_grimmsnarl_bc_alias,222,first,loss,PRIZES,168,1,0
BASELINE,tb_f2e2c18d_grimmsnarl_bc_alias,223,second,loss,PRIZES,149,3,0
BASELINE,tb_f2e2c18d_grimmsnarl_bc_alias,224,first,win,PRIZES,159,0,2
BASELINE,tb_f2e2c18d_grimmsnarl_bc_alias,225,second,loss,PRIZES,129,5,0
BASELINE,tb_f2e2c18d_grimmsnarl_bc_alias,226,first,win,PRIZES,178,0,1
BASELINE,tb_f2e2c18d_grimmsnarl_bc_alias,227,second,loss,DECKOUT,125,3,6
BASELINE,tb_f2e2c18d_grimmsnarl_bc_alias,228,first,loss,PRIZES,153,2,0
BASELINE,tb_f2e2c18d_grimmsnarl_bc_alias,229,second,loss,NO_BENCH,51,6,4
BASELINE,tb_f2e2c18d_grimmsnarl_bc_alias,230,first,win,PRIZES,124,0,6
BASELINE,tb_f2e2c18d_grimmsnarl_bc_alias,231,second,loss,PRIZES,192,1,0
BASELINE,tb_f2e2c18d_grimmsnarl_bc_alias,232,first,win,PRIZES,187,0,4
BASELINE,tb_f2e2c18d_grimmsnarl_bc_alias,233,second,loss,PRIZES,142,1,0
BASELINE,tb_f2e2c18d_grimmsnarl_bc_alias,234,first,win,PRIZES,128,0,5
BASELINE,tb_f2e2c18d_grimmsnarl_bc_alias,235,second,win,PRIZES,146,0,5
BASELINE,tb_f2e2c18d_grimmsnarl_bc_alias,236,first,win,PRIZES,169,0,1
BASELINE,tb_f2e2c18d_grimmsnarl_bc_alias,237,second,loss,PRIZES,173,1,0
BASELINE,tb_f2e2c18d_grimmsnarl_bc_alias,238,first,loss,PRIZES,184,1,0
BASELINE,tb_f2e2c18d_grimmsnarl_bc_alias,239,second,loss,PRIZES,185,1,0
BASELINE,tb_f2e2c18d_grimmsnarl_bc_alias,240,first,loss,PRIZES,140,3,0
BASELINE,tb_f2e2c18d_grimmsnarl_bc_alias,241,second,loss,PRIZES,158,3,0
BASELINE,tb_f2e2c18d_grimmsnarl_bc_alias,242,first,loss,PRIZES,133,2,0
BASELINE,tb_f2e2c18d_grimmsnarl_bc_alias,243,second,win,PRIZES,167,0,3
BASELINE,tb_f2e2c18d_grimmsnarl_bc_alias,244,first,win,PRIZES,133,0,6
BASELINE,tb_f2e2c18d_grimmsnarl_bc_alias,245,second,loss,PRIZES,178,1,0
BASELINE,tb_f2e2c18d_grimmsnarl_bc_alias,246,first,win,PRIZES,159,0,1
BASELINE,tb_f2e2c18d_grimmsnarl_bc_alias,247,second,loss,PRIZES,133,4,0
BASELINE,tb_f2e2c18d_grimmsnarl_bc_alias,248,first,loss,PRIZES,209,2,0
BASELINE,tb_f2e2c18d_grimmsnarl_bc_alias,249,second,loss,PRIZES,151,3,0
BASELINE,tb_f2e2c18d_grimmsnarl_bc_alias,250,first,win,PRIZES,111,0,6
BASELINE,tb_f2e2c18d_grimmsnarl_bc_alias,251,second,win,PRIZES,177,0,2
BASELINE,tb_f2e2c18d_grimmsnarl_bc_alias,252,first,win,PRIZES,184,0,1
BASELINE,tb_f2e2c18d_grimmsnarl_bc_alias,253,second,win,PRIZES,187,0,4
BASELINE,tb_f2e2c18d_grimmsnarl_bc_alias,254,first,win,PRIZES,149,0,5
BASELINE,tb_f2e2c18d_grimmsnarl_bc_alias,255,second,win,PRIZES,132,0,4
BASELINE,tb_f2e2c18d_grimmsnarl_bc_alias,256,first,draw,UNKNOWN,138,0,0
BASELINE,tb_f2e2c18d_grimmsnarl_bc_alias,257,second,win,PRIZES,157,0,2
BASELINE,tb_f2e2c18d_grimmsnarl_bc_alias,259,second,loss,PRIZES,154,2,0
BASELINE,tb_f2e2c18d_grimmsnarl_bc_alias,258,first,win,PRIZES,180,0,3
BASELINE,tb_f2e2c18d_grimmsnarl_bc_alias,262,first,win,PRIZES,150,0,2
BASELINE,tb_f2e2c18d_grimmsnarl_bc_alias,260,first,loss,PRIZES,170,1,0
BASELINE,tb_f2e2c18d_grimmsnarl_bc_alias,261,second,loss,PRIZES,183,1,0
BASELINE,tb_f2e2c18d_grimmsnarl_bc_alias,263,second,win,PRIZES,158,0,6
BASELINE,tb_f2e2c18d_grimmsnarl_bc_alias,264,first,win,PRIZES,158,0,4
BASELINE,tb_f2e2c18d_grimmsnarl_bc_alias,265,second,win,PRIZES,177,0,4
BASELINE,tb_f2e2c18d_grimmsnarl_bc_alias,267,second,win,PRIZES,153,0,5
BASELINE,tb_f2e2c18d_grimmsnarl_bc_alias,266,first,loss,PRIZES,161,2,0
BASELINE,tb_f2e2c18d_grimmsnarl_bc_alias,268,first,loss,PRIZES,142,4,0
BASELINE,tb_f2e2c18d_grimmsnarl_bc_alias,269,second,win,PRIZES,146,0,5
BASELINE,tb_f2e2c18d_grimmsnarl_bc_alias,270,first,win,PRIZES,195,0,1
BASELINE,tb_f2e2c18d_grimmsnarl_bc_alias,271,second,loss,PRIZES,185,2,0
BASELINE,tb_f2e2c18d_grimmsnarl_bc_alias,272,first,loss,NO_BENCH,81,6,2
BASELINE,tb_f2e2c18d_grimmsnarl_bc_alias,274,first,loss,PRIZES,130,5,0
BASELINE,tb_f2e2c18d_grimmsnarl_bc_alias,273,second,loss,PRIZES,127,3,0
BASELINE,tb_f2e2c18d_grimmsnarl_bc_alias,275,second,loss,PRIZES,150,3,0
BASELINE,tb_f2e2c18d_grimmsnarl_bc_alias,276,first,win,PRIZES,148,0,6
BASELINE,tb_f2e2c18d_grimmsnarl_bc_alias,277,second,win,PRIZES,193,0,2
BASELINE,tb_f2e2c18d_grimmsnarl_bc_alias,279,second,loss,NO_BENCH,31,6,5
BASELINE,tb_f2e2c18d_grimmsnarl_bc_alias,278,first,loss,PRIZES,131,2,0
BASELINE,tb_f2e2c18d_grimmsnarl_bc_alias,280,first,loss,PRIZES,160,2,0
BASELINE,tb_f2e2c18d_grimmsnarl_bc_alias,281,second,win,PRIZES,134,0,2
BASELINE,tb_f2e2c18d_grimmsnarl_bc_alias,282,first,loss,PRIZES,148,4,0
BASELINE,tb_f2e2c18d_grimmsnarl_bc_alias,283,second,loss,NO_BENCH,52,6,4
BASELINE,tb_f2e2c18d_grimmsnarl_bc_alias,284,first,win,PRIZES,162,0,1
BASELINE,tb_f2e2c18d_grimmsnarl_bc_alias,285,second,loss,PRIZES,180,1,0
BASELINE,tb_f2e2c18d_grimmsnarl_bc_alias,286,first,loss,PRIZES,145,3,0
BASELINE,tb_f2e2c18d_grimmsnarl_bc_alias,287,second,win,PRIZES,141,0,5
BASELINE,tb_f2e2c18d_grimmsnarl_bc_alias,288,first,win,PRIZES,170,0,1
BASELINE,tb_f2e2c18d_grimmsnarl_bc_alias,289,second,win,PRIZES,171,0,2
BASELINE,tb_f2e2c18d_grimmsnarl_bc_alias,290,first,win,NO_BENCH,39,5,6
BASELINE,tb_f2e2c18d_grimmsnarl_bc_alias,292,first,win,PRIZES,132,0,1
BASELINE,tb_f2e2c18d_grimmsnarl_bc_alias,291,second,win,PRIZES,191,0,2
BASELINE,tb_f2e2c18d_grimmsnarl_bc_alias,293,second,win,PRIZES,130,0,1
BASELINE,tb_f2e2c18d_grimmsnarl_bc_alias,294,first,loss,PRIZES,152,1,0
BASELINE,tb_f2e2c18d_grimmsnarl_bc_alias,295,second,win,PRIZES,131,0,4
BASELINE,tb_f2e2c18d_grimmsnarl_bc_alias,296,first,win,PRIZES,170,0,5
BASELINE,tb_f2e2c18d_grimmsnarl_bc_alias,297,second,win,PRIZES,156,0,2
BASELINE,tb_f2e2c18d_grimmsnarl_bc_alias,298,first,win,PRIZES,172,0,1
BASELINE,tb_f2e2c18d_grimmsnarl_bc_alias,299,second,win,PRIZES,123,0,6
BASELINE,tb_f2e2c18d_grimmsnarl_bc_alias,301,second,loss,PRIZES,166,1,0
BASELINE,tb_f2e2c18d_grimmsnarl_bc_alias,300,first,win,PRIZES,233,0,1
BASELINE,tb_f2e2c18d_grimmsnarl_bc_alias,302,first,win,PRIZES,182,0,3
BASELINE,tb_f2e2c18d_grimmsnarl_bc_alias,303,second,win,PRIZES,107,0,6
BASELINE,tb_f2e2c18d_grimmsnarl_bc_alias,304,first,win,PRIZES,114,0,6
BASELINE,tb_f2e2c18d_grimmsnarl_bc_alias,305,second,win,PRIZES,166,0,2
BASELINE,tb_f2e2c18d_grimmsnarl_bc_alias,306,first,loss,PRIZES,113,5,0
BASELINE,tb_f2e2c18d_grimmsnarl_bc_alias,307,second,win,PRIZES,143,0,6
BASELINE,tb_f2e2c18d_grimmsnarl_bc_alias,308,first,loss,PRIZES,122,5,0
BASELINE,tb_f2e2c18d_grimmsnarl_bc_alias,310,first,loss,PRIZES,184,1,0
BASELINE,tb_f2e2c18d_grimmsnarl_bc_alias,309,second,loss,PRIZES,203,1,0
BASELINE,tb_f2e2c18d_grimmsnarl_bc_alias,311,second,loss,PRIZES,160,1,0
BASELINE,tb_f2e2c18d_grimmsnarl_bc_alias,313,second,win,NO_BENCH,90,2,6
BASELINE,tb_f2e2c18d_grimmsnarl_bc_alias,312,first,loss,PRIZES,208,2,0
BASELINE,tb_f2e2c18d_grimmsnarl_bc_alias,314,first,win,PRIZES,138,0,6
BASELINE,tb_f2e2c18d_grimmsnarl_bc_alias,315,second,loss,PRIZES,166,1,0
BASELINE,tb_f2e2c18d_grimmsnarl_bc_alias,316,first,loss,PRIZES,162,2,0
BASELINE,tb_f2e2c18d_grimmsnarl_bc_alias,317,second,win,NO_BENCH,70,3,6
BASELINE,tb_f2e2c18d_grimmsnarl_bc_alias,318,first,win,PRIZES,159,0,2
BASELINE,tb_f2e2c18d_grimmsnarl_bc_alias,319,second,loss,PRIZES,166,2,0
BASELINE,tb_f2e2c18d_grimmsnarl_bc_alias,320,first,win,PRIZES,134,0,6
BASELINE,tb_f2e2c18d_grimmsnarl_bc_alias,321,second,loss,PRIZES,126,2,0
BASELINE,tb_f2e2c18d_grimmsnarl_bc_alias,322,first,win,PRIZES,155,0,1
BASELINE,tb_f2e2c18d_grimmsnarl_bc_alias,323,second,loss,PRIZES,167,1,0
BASELINE,tb_f2e2c18d_grimmsnarl_bc_alias,324,first,loss,PRIZES,148,4,0
BASELINE,tb_f2e2c18d_grimmsnarl_bc_alias,325,second,win,PRIZES,156,0,1
BASELINE,tb_f2e2c18d_grimmsnarl_bc_alias,326,first,win,PRIZES,169,0,1
BASELINE,tb_f2e2c18d_grimmsnarl_bc_alias,327,second,win,PRIZES,149,0,5
BASELINE,tb_f2e2c18d_grimmsnarl_bc_alias,328,first,win,PRIZES,131,0,6
BASELINE,tb_f2e2c18d_grimmsnarl_bc_alias,329,second,win,PRIZES,126,0,6
BASELINE,tb_f2e2c18d_grimmsnarl_bc_alias,330,first,win,PRIZES,129,0,6
BASELINE,tb_f2e2c18d_grimmsnarl_bc_alias,331,second,loss,PRIZES,113,5,0
BASELINE,tb_f2e2c18d_grimmsnarl_bc_alias,332,first,win,PRIZES,141,0,5
BASELINE,tb_f2e2c18d_grimmsnarl_bc_alias,334,first,win,NO_BENCH,56,4,6
BASELINE,tb_f2e2c18d_grimmsnarl_bc_alias,333,second,win,PRIZES,169,0,1
BASELINE,tb_f2e2c18d_grimmsnarl_bc_alias,335,second,win,PRIZES,121,0,6
BASELINE,tb_f2e2c18d_grimmsnarl_bc_alias,336,first,win,PRIZES,132,0,6
BASELINE,tb_f2e2c18d_grimmsnarl_bc_alias,337,second,loss,PRIZES,177,1,0
BASELINE,tb_f2e2c18d_grimmsnarl_bc_alias,338,first,win,PRIZES,100,0,6
BASELINE,tb_f2e2c18d_grimmsnarl_bc_alias,339,second,loss,PRIZES,116,3,0
BASELINE,tb_f2e2c18d_grimmsnarl_bc_alias,340,first,win,PRIZES,191,0,3
BASELINE,tb_f2e2c18d_grimmsnarl_bc_alias,341,second,win,PRIZES,164,0,2
BASELINE,tb_f2e2c18d_grimmsnarl_bc_alias,342,first,loss,PRIZES,163,2,0
BASELINE,tb_f2e2c18d_grimmsnarl_bc_alias,343,second,loss,PRIZES,167,1,0
BASELINE,tb_f2e2c18d_grimmsnarl_bc_alias,344,first,win,PRIZES,156,0,4
BASELINE,tb_f2e2c18d_grimmsnarl_bc_alias,345,second,win,PRIZES,172,0,5
BASELINE,tb_f2e2c18d_grimmsnarl_bc_alias,346,first,loss,PRIZES,181,3,0
BASELINE,tb_f2e2c18d_grimmsnarl_bc_alias,347,second,win,PRIZES,228,0,3
BASELINE,tb_f2e2c18d_grimmsnarl_bc_alias,348,first,loss,PRIZES,196,1,0
BASELINE,tb_f2e2c18d_grimmsnarl_bc_alias,349,second,loss,PRIZES,180,1,0
BASELINE,tb_f2e2c18d_grimmsnarl_bc_alias,350,first,win,PRIZES,147,0,5
BASELINE,tb_f2e2c18d_grimmsnarl_bc_alias,351,second,loss,PRIZES,146,5,0
BASELINE,tb_f2e2c18d_grimmsnarl_bc_alias,352,first,win,PRIZES,143,0,6
BASELINE,tb_f2e2c18d_grimmsnarl_bc_alias,353,second,loss,PRIZES,129,3,0
BASELINE,tb_f2e2c18d_grimmsnarl_bc_alias,354,first,loss,PRIZES,102,6,0
BASELINE,tb_f2e2c18d_grimmsnarl_bc_alias,355,second,win,PRIZES,132,0,5
BASELINE,tb_f2e2c18d_grimmsnarl_bc_alias,356,first,loss,PRIZES,152,2,0
BASELINE,tb_f2e2c18d_grimmsnarl_bc_alias,357,second,win,PRIZES,117,0,3
BASELINE,tb_f2e2c18d_grimmsnarl_bc_alias,358,first,loss,PRIZES,146,6,0
BASELINE,tb_f2e2c18d_grimmsnarl_bc_alias,359,second,win,PRIZES,150,0,1
BASELINE,tb_f2e2c18d_grimmsnarl_bc_alias,360,first,win,PRIZES,160,0,5
BASELINE,tb_f2e2c18d_grimmsnarl_bc_alias,361,second,win,PRIZES,154,0,5
BASELINE,tb_f2e2c18d_grimmsnarl_bc_alias,362,first,loss,NO_BENCH,81,5,2
BASELINE,tb_f2e2c18d_grimmsnarl_bc_alias,363,second,win,PRIZES,142,0,4
BASELINE,tb_f2e2c18d_grimmsnarl_bc_alias,364,first,loss,PRIZES,137,3,0
BASELINE,tb_f2e2c18d_grimmsnarl_bc_alias,365,second,win,PRIZES,183,0,3
BASELINE,tb_f2e2c18d_grimmsnarl_bc_alias,366,first,loss,PRIZES,162,1,0
BASELINE,tb_f2e2c18d_grimmsnarl_bc_alias,367,second,win,PRIZES,172,0,2
BASELINE,tb_f2e2c18d_grimmsnarl_bc_alias,368,first,loss,PRIZES,165,2,0
BASELINE,tb_f2e2c18d_grimmsnarl_bc_alias,369,second,loss,PRIZES,136,3,0
BASELINE,tb_f2e2c18d_grimmsnarl_bc_alias,370,first,win,PRIZES,183,0,1
BASELINE,tb_f2e2c18d_grimmsnarl_bc_alias,371,second,loss,PRIZES,151,2,0
BASELINE,tb_f2e2c18d_grimmsnarl_bc_alias,372,first,win,PRIZES,204,0,2
BASELINE,tb_f2e2c18d_grimmsnarl_bc_alias,373,second,win,PRIZES,123,0,6
BASELINE,tb_f2e2c18d_grimmsnarl_bc_alias,374,first,win,PRIZES,157,0,3
BASELINE,tb_f2e2c18d_grimmsnarl_bc_alias,376,first,win,PRIZES,131,0,3
BASELINE,tb_f2e2c18d_grimmsnarl_bc_alias,375,second,loss,PRIZES,165,2,0
BASELINE,tb_f2e2c18d_grimmsnarl_bc_alias,377,second,loss,PRIZES,148,1,0
BASELINE,tb_f2e2c18d_grimmsnarl_bc_alias,379,second,win,PRIZES,158,0,6
BASELINE,tb_f2e2c18d_grimmsnarl_bc_alias,378,first,win,PRIZES,186,0,1
BASELINE,tb_f2e2c18d_grimmsnarl_bc_alias,380,first,win,PRIZES,130,0,6
BASELINE,tb_f2e2c18d_grimmsnarl_bc_alias,382,first,win,PRIZES,154,0,2
BASELINE,tb_f2e2c18d_grimmsnarl_bc_alias,381,second,win,PRIZES,187,0,3
BASELINE,tb_f2e2c18d_grimmsnarl_bc_alias,383,second,win,PRIZES,139,0,5
BASELINE,tb_f2e2c18d_grimmsnarl_bc_alias,385,second,win,PRIZES,120,0,3
BASELINE,tb_f2e2c18d_grimmsnarl_bc_alias,384,first,win,PRIZES,165,0,3
BASELINE,tb_f2e2c18d_grimmsnarl_bc_alias,386,first,win,PRIZES,144,0,2
BASELINE,tb_f2e2c18d_grimmsnarl_bc_alias,387,second,win,PRIZES,175,0,2
BASELINE,tb_f2e2c18d_grimmsnarl_bc_alias,388,first,loss,PRIZES,179,4,0
BASELINE,tb_f2e2c18d_grimmsnarl_bc_alias,389,second,loss,PRIZES,190,1,0
BASELINE,tb_f2e2c18d_grimmsnarl_bc_alias,390,first,win,PRIZES,127,0,6
BASELINE,tb_f2e2c18d_grimmsnarl_bc_alias,391,second,win,PRIZES,149,0,4
BASELINE,tb_f2e2c18d_grimmsnarl_bc_alias,392,first,win,PRIZES,132,0,2
BASELINE,tb_f2e2c18d_grimmsnarl_bc_alias,393,second,loss,PRIZES,101,6,0
BASELINE,tb_f2e2c18d_grimmsnarl_bc_alias,394,first,loss,PRIZES,162,2,0
BASELINE,tb_f2e2c18d_grimmsnarl_bc_alias,395,second,win,PRIZES,160,0,2
BASELINE,tb_f2e2c18d_grimmsnarl_bc_alias,396,first,win,PRIZES,140,0,3
BASELINE,tb_f2e2c18d_grimmsnarl_bc_alias,397,second,loss,PRIZES,158,2,0
BASELINE,tb_f2e2c18d_grimmsnarl_bc_alias,398,first,loss,PRIZES,150,3,0
BASELINE,tb_f2e2c18d_grimmsnarl_bc_alias,399,second,loss,PRIZES,190,1,0
BASELINE,tb_f2e2c18d_grimmsnarl_bc_alias,400,first,win,PRIZES,176,0,1
BASELINE,tb_f2e2c18d_grimmsnarl_bc_alias,401,second,win,PRIZES,189,0,1
BASELINE,tb_f2e2c18d_grimmsnarl_bc_alias,402,first,loss,PRIZES,155,2,0
BASELINE,tb_f2e2c18d_grimmsnarl_bc_alias,403,second,loss,PRIZES,177,2,0
BASELINE,tb_f2e2c18d_grimmsnarl_bc_alias,404,first,win,PRIZES,171,0,4
BASELINE,tb_f2e2c18d_grimmsnarl_bc_alias,405,second,win,NO_BENCH,23,5,6
BASELINE,tb_f2e2c18d_grimmsnarl_bc_alias,406,first,win,PRIZES,172,0,4
BASELINE,tb_f2e2c18d_grimmsnarl_bc_alias,407,second,win,PRIZES,149,0,4
BASELINE,tb_f2e2c18d_grimmsnarl_bc_alias,408,first,win,PRIZES,155,0,2
BASELINE,tb_f2e2c18d_grimmsnarl_bc_alias,409,second,win,PRIZES,121,0,5
BASELINE,tb_f2e2c18d_grimmsnarl_bc_alias,410,first,loss,NO_BENCH,94,6,1
BASELINE,tb_f2e2c18d_grimmsnarl_bc_alias,411,second,loss,NO_BENCH,67,6,3
BASELINE,tb_f2e2c18d_grimmsnarl_bc_alias,412,first,win,PRIZES,179,0,1
BASELINE,tb_f2e2c18d_grimmsnarl_bc_alias,413,second,win,PRIZES,148,0,3
BASELINE,tb_f2e2c18d_grimmsnarl_bc_alias,414,first,win,PRIZES,147,0,1
BASELINE,tb_f2e2c18d_grimmsnarl_bc_alias,415,second,win,PRIZES,115,0,3
BASELINE,tb_f2e2c18d_grimmsnarl_bc_alias,416,first,win,PRIZES,147,0,5
BASELINE,tb_f2e2c18d_grimmsnarl_bc_alias,417,second,loss,PRIZES,114,4,0
BASELINE,tb_f2e2c18d_grimmsnarl_bc_alias,418,first,win,PRIZES,152,0,5
BASELINE,tb_f2e2c18d_grimmsnarl_bc_alias,420,first,win,PRIZES,121,0,6
BASELINE,tb_f2e2c18d_grimmsnarl_bc_alias,419,second,loss,PRIZES,179,1,0
BASELINE,tb_f2e2c18d_grimmsnarl_bc_alias,421,second,loss,PRIZES,112,4,0
BASELINE,tb_f2e2c18d_grimmsnarl_bc_alias,422,first,win,NO_BENCH,123,1,6
BASELINE,tb_f2e2c18d_grimmsnarl_bc_alias,423,second,loss,PRIZES,188,2,0
BASELINE,tb_f2e2c18d_grimmsnarl_bc_alias,424,first,win,PRIZES,142,0,1
BASELINE,tb_f2e2c18d_grimmsnarl_bc_alias,425,second,loss,PRIZES,167,3,0
BASELINE,tb_f2e2c18d_grimmsnarl_bc_alias,426,first,loss,PRIZES,116,3,0
BASELINE,tb_f2e2c18d_grimmsnarl_bc_alias,427,second,loss,PRIZES,132,2,0
BASELINE,tb_f2e2c18d_grimmsnarl_bc_alias,428,first,win,PRIZES,145,0,4
BASELINE,tb_f2e2c18d_grimmsnarl_bc_alias,429,second,loss,PRIZES,126,2,0
BASELINE,tb_f2e2c18d_grimmsnarl_bc_alias,430,first,win,PRIZES,144,0,5
BASELINE,tb_f2e2c18d_grimmsnarl_bc_alias,431,second,win,PRIZES,154,0,5
BASELINE,tb_f2e2c18d_grimmsnarl_bc_alias,432,first,loss,PRIZES,161,2,0
BASELINE,tb_f2e2c18d_grimmsnarl_bc_alias,433,second,loss,PRIZES,194,2,0
BASELINE,tb_f2e2c18d_grimmsnarl_bc_alias,434,first,loss,PRIZES,161,1,0
BASELINE,tb_f2e2c18d_grimmsnarl_bc_alias,435,second,loss,PRIZES,144,5,0
BASELINE,tb_f2e2c18d_grimmsnarl_bc_alias,436,first,win,PRIZES,151,0,4
BASELINE,tb_f2e2c18d_grimmsnarl_bc_alias,437,second,loss,PRIZES,141,3,0
BASELINE,tb_f2e2c18d_grimmsnarl_bc_alias,438,first,win,PRIZES,170,0,4
BASELINE,tb_f2e2c18d_grimmsnarl_bc_alias,439,second,win,PRIZES,180,0,3
BASELINE,tb_f2e2c18d_grimmsnarl_bc_alias,440,first,win,PRIZES,192,0,3
BASELINE,tb_f2e2c18d_grimmsnarl_bc_alias,441,second,win,PRIZES,261,0,2
BASELINE,tb_f2e2c18d_grimmsnarl_bc_alias,442,first,loss,PRIZES,147,2,0
BASELINE,tb_f2e2c18d_grimmsnarl_bc_alias,443,second,loss,PRIZES,169,2,0
BASELINE,tb_f2e2c18d_grimmsnarl_bc_alias,444,first,win,PRIZES,179,0,1
BASELINE,tb_f2e2c18d_grimmsnarl_bc_alias,445,second,loss,PRIZES,135,3,0
BASELINE,tb_f2e2c18d_grimmsnarl_bc_alias,446,first,win,PRIZES,175,0,2
BASELINE,tb_f2e2c18d_grimmsnarl_bc_alias,447,second,loss,NO_BENCH,76,6,4
BASELINE,tb_f2e2c18d_grimmsnarl_bc_alias,448,first,loss,NO_BENCH,47,6,5
BASELINE,tb_f2e2c18d_grimmsnarl_bc_alias,449,second,loss,PRIZES,133,3,0
BASELINE,tb_f2e2c18d_grimmsnarl_bc_alias,450,first,win,PRIZES,186,0,4
BASELINE,tb_f2e2c18d_grimmsnarl_bc_alias,451,second,loss,PRIZES,122,5,0
BASELINE,tb_f2e2c18d_grimmsnarl_bc_alias,452,first,win,PRIZES,134,0,5
BASELINE,tb_f2e2c18d_grimmsnarl_bc_alias,453,second,win,PRIZES,179,0,2
BASELINE,tb_f2e2c18d_grimmsnarl_bc_alias,454,first,win,PRIZES,125,0,2
BASELINE,tb_f2e2c18d_grimmsnarl_bc_alias,455,second,win,PRIZES,166,0,1
BASELINE,tb_f2e2c18d_grimmsnarl_bc_alias,456,first,loss,PRIZES,125,3,0
BASELINE,tb_f2e2c18d_grimmsnarl_bc_alias,457,second,loss,PRIZES,191,2,0
BASELINE,tb_f2e2c18d_grimmsnarl_bc_alias,458,first,win,PRIZES,157,0,1
BASELINE,tb_f2e2c18d_grimmsnarl_bc_alias,459,second,win,PRIZES,165,0,5
BASELINE,tb_f2e2c18d_grimmsnarl_bc_alias,460,first,win,PRIZES,113,0,6
BASELINE,tb_f2e2c18d_grimmsnarl_bc_alias,461,second,win,PRIZES,129,0,6
BASELINE,tb_f2e2c18d_grimmsnarl_bc_alias,462,first,win,PRIZES,216,0,1
BASELINE,tb_f2e2c18d_grimmsnarl_bc_alias,463,second,win,PRIZES,185,0,3
BASELINE,tb_f2e2c18d_grimmsnarl_bc_alias,464,first,loss,PRIZES,161,2,0
BASELINE,tb_f2e2c18d_grimmsnarl_bc_alias,465,second,loss,PRIZES,152,1,0
BASELINE,tb_f2e2c18d_grimmsnarl_bc_alias,466,first,loss,PRIZES,168,1,0
BASELINE,tb_f2e2c18d_grimmsnarl_bc_alias,467,second,win,PRIZES,114,0,2
BASELINE,tb_f2e2c18d_grimmsnarl_bc_alias,468,first,loss,PRIZES,208,1,0
BASELINE,tb_f2e2c18d_grimmsnarl_bc_alias,469,second,win,PRIZES,147,0,5
BASELINE,tb_f2e2c18d_grimmsnarl_bc_alias,470,first,win,PRIZES,193,0,1
BASELINE,tb_f2e2c18d_grimmsnarl_bc_alias,471,second,win,PRIZES,165,0,2
BASELINE,tb_f2e2c18d_grimmsnarl_bc_alias,472,first,win,PRIZES,175,0,5
BASELINE,tb_f2e2c18d_grimmsnarl_bc_alias,473,second,win,PRIZES,170,0,1
BASELINE,tb_f2e2c18d_grimmsnarl_bc_alias,474,first,loss,PRIZES,194,3,0
BASELINE,tb_f2e2c18d_grimmsnarl_bc_alias,475,second,win,PRIZES,226,0,2
BASELINE,tb_f2e2c18d_grimmsnarl_bc_alias,476,first,win,PRIZES,218,0,2
BASELINE,tb_f2e2c18d_grimmsnarl_bc_alias,477,second,win,PRIZES,175,0,2
BASELINE,tb_f2e2c18d_grimmsnarl_bc_alias,478,first,win,PRIZES,213,0,3
BASELINE,tb_f2e2c18d_grimmsnarl_bc_alias,479,second,loss,PRIZES,157,1,0
BASELINE,tb_f2e2c18d_grimmsnarl_bc_alias,480,first,loss,PRIZES,164,1,0
BASELINE,tb_f2e2c18d_grimmsnarl_bc_alias,481,second,win,PRIZES,191,0,1
BASELINE,tb_f2e2c18d_grimmsnarl_bc_alias,482,first,win,PRIZES,204,0,1
BASELINE,tb_f2e2c18d_grimmsnarl_bc_alias,483,second,win,NO_BENCH,111,1,6
BASELINE,tb_f2e2c18d_grimmsnarl_bc_alias,484,first,loss,PRIZES,165,4,0
BASELINE,tb_f2e2c18d_grimmsnarl_bc_alias,485,second,loss,PRIZES,145,2,0
BASELINE,tb_f2e2c18d_grimmsnarl_bc_alias,486,first,loss,PRIZES,159,1,0
BASELINE,tb_f2e2c18d_grimmsnarl_bc_alias,487,second,win,PRIZES,158,0,5
BASELINE,tb_f2e2c18d_grimmsnarl_bc_alias,488,first,win,PRIZES,161,0,1
BASELINE,tb_f2e2c18d_grimmsnarl_bc_alias,489,second,win,PRIZES,135,0,4
BASELINE,tb_f2e2c18d_grimmsnarl_bc_alias,490,first,win,PRIZES,167,0,1
BASELINE,tb_f2e2c18d_grimmsnarl_bc_alias,491,second,win,PRIZES,167,0,5
BASELINE,tb_f2e2c18d_grimmsnarl_bc_alias,492,first,loss,PRIZES,183,1,0
BASELINE,tb_f2e2c18d_grimmsnarl_bc_alias,493,second,win,PRIZES,171,0,4
BASELINE,tb_f2e2c18d_grimmsnarl_bc_alias,494,first,win,PRIZES,153,0,2
BASELINE,tb_f2e2c18d_grimmsnarl_bc_alias,495,second,win,PRIZES,158,0,1
BASELINE,tb_f2e2c18d_grimmsnarl_bc_alias,496,first,win,PRIZES,144,0,2
BASELINE,tb_f2e2c18d_grimmsnarl_bc_alias,497,second,loss,PRIZES,160,3,0
BASELINE,tb_f2e2c18d_grimmsnarl_bc_alias,498,first,loss,PRIZES,167,1,0
BASELINE,tb_f2e2c18d_grimmsnarl_bc_alias,499,second,win,PRIZES,155,0,3
BASELINE,tb_f2e2c18d_grimmsnarl_bc_alias,500,first,win,PRIZES,132,0,6
BASELINE,tb_f2e2c18d_grimmsnarl_bc_alias,501,second,win,PRIZES,136,0,5
BASELINE,tb_f2e2c18d_grimmsnarl_bc_alias,502,first,loss,PRIZES,132,3,0
BASELINE,tb_f2e2c18d_grimmsnarl_bc_alias,503,second,win,PRIZES,156,0,5
BASELINE,tb_f2e2c18d_grimmsnarl_bc_alias,504,first,win,PRIZES,156,0,5
BASELINE,tb_f2e2c18d_grimmsnarl_bc_alias,505,second,win,PRIZES,161,0,2
BASELINE,tb_f2e2c18d_grimmsnarl_bc_alias,506,first,win,PRIZES,173,0,4
BASELINE,tb_f2e2c18d_grimmsnarl_bc_alias,507,second,win,PRIZES,142,0,1
BASELINE,tb_f2e2c18d_grimmsnarl_bc_alias,508,first,win,PRIZES,183,0,2
BASELINE,tb_f2e2c18d_grimmsnarl_bc_alias,509,second,win,PRIZES,186,0,5
BASELINE,tb_f2e2c18d_grimmsnarl_bc_alias,510,first,win,PRIZES,160,0,2
BASELINE,tb_f2e2c18d_grimmsnarl_bc_alias,511,second,win,PRIZES,199,0,2
BASELINE,tb_f2e2c18d_grimmsnarl_bc_alias,512,first,win,NO_BENCH,94,1,6
BASELINE,tb_f2e2c18d_grimmsnarl_bc_alias,513,second,loss,PRIZES,180,1,0
BASELINE,tb_f2e2c18d_grimmsnarl_bc_alias,514,first,loss,PRIZES,99,5,0
BASELINE,tb_f2e2c18d_grimmsnarl_bc_alias,515,second,loss,PRIZES,146,4,0
BASELINE,tb_f2e2c18d_grimmsnarl_bc_alias,516,first,win,PRIZES,121,0,2
BASELINE,tb_f2e2c18d_grimmsnarl_bc_alias,517,second,win,PRIZES,171,0,3
BASELINE,tb_f2e2c18d_grimmsnarl_bc_alias,518,first,win,PRIZES,175,0,1
BASELINE,tb_f2e2c18d_grimmsnarl_bc_alias,519,second,win,PRIZES,135,0,5
BASELINE,tb_f2e2c18d_grimmsnarl_bc_alias,520,first,draw,UNKNOWN,179,0,0
BASELINE,tb_f2e2c18d_grimmsnarl_bc_alias,521,second,win,PRIZES,166,0,1
BASELINE,tb_f2e2c18d_grimmsnarl_bc_alias,522,first,loss,PRIZES,154,1,0
BASELINE,tb_f2e2c18d_grimmsnarl_bc_alias,523,second,loss,PRIZES,152,2,0
BASELINE,tb_f2e2c18d_grimmsnarl_bc_alias,524,first,win,PRIZES,199,0,1
BASELINE,tb_f2e2c18d_grimmsnarl_bc_alias,525,second,loss,PRIZES,141,2,0
BASELINE,tb_f2e2c18d_grimmsnarl_bc_alias,526,first,loss,PRIZES,155,1,0
BASELINE,tb_f2e2c18d_grimmsnarl_bc_alias,527,second,loss,PRIZES,143,4,0
BASELINE,tb_f2e2c18d_grimmsnarl_bc_alias,528,first,win,PRIZES,167,0,5
BASELINE,tb_f2e2c18d_grimmsnarl_bc_alias,529,second,win,PRIZES,160,0,3
BASELINE,tb_f2e2c18d_grimmsnarl_bc_alias,530,first,win,PRIZES,147,0,5
BASELINE,tb_f2e2c18d_grimmsnarl_bc_alias,531,second,win,PRIZES,152,0,5
BASELINE,tb_f2e2c18d_grimmsnarl_bc_alias,532,first,win,PRIZES,145,0,1
BASELINE,tb_f2e2c18d_grimmsnarl_bc_alias,533,second,win,PRIZES,176,0,1
BASELINE,tb_f2e2c18d_grimmsnarl_bc_alias,534,first,win,PRIZES,158,0,4
BASELINE,tb_f2e2c18d_grimmsnarl_bc_alias,535,second,win,PRIZES,115,0,6
BASELINE,tb_f2e2c18d_grimmsnarl_bc_alias,536,first,win,PRIZES,169,0,2
BASELINE,tb_f2e2c18d_grimmsnarl_bc_alias,537,second,win,PRIZES,165,0,6
BASELINE,tb_f2e2c18d_grimmsnarl_bc_alias,538,first,loss,PRIZES,153,3,0
BASELINE,tb_f2e2c18d_grimmsnarl_bc_alias,539,second,loss,PRIZES,143,2,0
BASELINE,tb_f2e2c18d_grimmsnarl_bc_alias,540,first,win,PRIZES,161,0,2
BASELINE,tb_f2e2c18d_grimmsnarl_bc_alias,541,second,win,PRIZES,158,0,1
BASELINE,tb_f2e2c18d_grimmsnarl_bc_alias,542,first,loss,PRIZES,144,3,0
BASELINE,tb_f2e2c18d_grimmsnarl_bc_alias,544,first,win,PRIZES,145,0,4
BASELINE,tb_f2e2c18d_grimmsnarl_bc_alias,543,second,loss,PRIZES,194,1,0
BASELINE,tb_f2e2c18d_grimmsnarl_bc_alias,545,second,loss,PRIZES,153,1,0
BASELINE,tb_f2e2c18d_grimmsnarl_bc_alias,546,first,win,PRIZES,142,0,2
BASELINE,tb_f2e2c18d_grimmsnarl_bc_alias,547,second,loss,PRIZES,178,2,0
BASELINE,tb_f2e2c18d_grimmsnarl_bc_alias,548,first,loss,PRIZES,151,3,0
BASELINE,tb_f2e2c18d_grimmsnarl_bc_alias,549,second,win,PRIZES,162,0,4
BASELINE,tb_f2e2c18d_grimmsnarl_bc_alias,550,first,win,PRIZES,167,0,4
BASELINE,tb_f2e2c18d_grimmsnarl_bc_alias,551,second,loss,NO_BENCH,45,6,5
BASELINE,tb_f2e2c18d_grimmsnarl_bc_alias,552,first,loss,PRIZES,160,1,0
BASELINE,tb_f2e2c18d_grimmsnarl_bc_alias,553,second,loss,PRIZES,158,2,0
BASELINE,tb_f2e2c18d_grimmsnarl_bc_alias,554,first,win,PRIZES,178,0,2
BASELINE,tb_f2e2c18d_grimmsnarl_bc_alias,556,first,win,PRIZES,144,0,2
BASELINE,tb_f2e2c18d_grimmsnarl_bc_alias,555,second,win,PRIZES,193,0,3
BASELINE,tb_f2e2c18d_grimmsnarl_bc_alias,557,second,win,PRIZES,167,0,4
BASELINE,tb_f2e2c18d_grimmsnarl_bc_alias,558,first,loss,PRIZES,190,1,0
BASELINE,tb_f2e2c18d_grimmsnarl_bc_alias,559,second,loss,PRIZES,177,1,0
BASELINE,tb_f2e2c18d_grimmsnarl_bc_alias,560,first,loss,PRIZES,142,3,0
BASELINE,tb_f2e2c18d_grimmsnarl_bc_alias,561,second,win,PRIZES,118,0,6
BASELINE,tb_f2e2c18d_grimmsnarl_bc_alias,562,first,loss,PRIZES,146,1,0
BASELINE,tb_f2e2c18d_grimmsnarl_bc_alias,563,second,loss,PRIZES,166,1,0
BASELINE,tb_f2e2c18d_grimmsnarl_bc_alias,564,first,win,PRIZES,172,0,5
BASELINE,tb_f2e2c18d_grimmsnarl_bc_alias,565,second,win,PRIZES,168,0,3
BASELINE,tb_f2e2c18d_grimmsnarl_bc_alias,566,first,loss,PRIZES,159,1,0
BASELINE,tb_f2e2c18d_grimmsnarl_bc_alias,568,first,win,PRIZES,126,0,6
BASELINE,tb_f2e2c18d_grimmsnarl_bc_alias,567,second,win,PRIZES,206,0,2
BASELINE,tb_f2e2c18d_grimmsnarl_bc_alias,569,second,loss,PRIZES,148,2,0
BASELINE,tb_f2e2c18d_grimmsnarl_bc_alias,570,first,loss,PRIZES,132,3,0
BASELINE,tb_f2e2c18d_grimmsnarl_bc_alias,571,second,win,PRIZES,151,0,4
BASELINE,tb_f2e2c18d_grimmsnarl_bc_alias,572,first,win,PRIZES,140,0,5
BASELINE,tb_f2e2c18d_grimmsnarl_bc_alias,573,second,loss,PRIZES,160,1,0
BASELINE,tb_f2e2c18d_grimmsnarl_bc_alias,574,first,loss,PRIZES,160,1,0
BASELINE,tb_f2e2c18d_grimmsnarl_bc_alias,575,second,win,PRIZES,206,0,2
BASELINE,tb_f2e2c18d_grimmsnarl_bc_alias,576,first,win,PRIZES,157,0,4
BASELINE,tb_f2e2c18d_grimmsnarl_bc_alias,577,second,loss,PRIZES,149,1,0
BASELINE,tb_f2e2c18d_grimmsnarl_bc_alias,578,first,loss,PRIZES,177,1,0
BASELINE,tb_f2e2c18d_grimmsnarl_bc_alias,579,second,loss,PRIZES,173,4,0
BASELINE,tb_f2e2c18d_grimmsnarl_bc_alias,580,first,loss,PRIZES,177,1,0
BASELINE,tb_f2e2c18d_grimmsnarl_bc_alias,581,second,win,PRIZES,141,0,4
BASELINE,tb_f2e2c18d_grimmsnarl_bc_alias,582,first,win,PRIZES,143,0,4
BASELINE,tb_f2e2c18d_grimmsnarl_bc_alias,583,second,loss,PRIZES,147,2,0
BASELINE,tb_f2e2c18d_grimmsnarl_bc_alias,584,first,win,PRIZES,167,0,5
BASELINE,tb_f2e2c18d_grimmsnarl_bc_alias,585,second,win,PRIZES,169,0,5
BASELINE,tb_f2e2c18d_grimmsnarl_bc_alias,586,first,win,PRIZES,147,0,1
BASELINE,tb_f2e2c18d_grimmsnarl_bc_alias,587,second,win,PRIZES,160,0,6
BASELINE,tb_f2e2c18d_grimmsnarl_bc_alias,588,first,win,NO_BENCH,60,1,6
BASELINE,tb_f2e2c18d_grimmsnarl_bc_alias,589,second,win,PRIZES,147,0,2
BASELINE,tb_f2e2c18d_grimmsnarl_bc_alias,590,first,win,PRIZES,183,0,6
BASELINE,tb_f2e2c18d_grimmsnarl_bc_alias,591,second,loss,PRIZES,175,1,0
BASELINE,tb_f2e2c18d_grimmsnarl_bc_alias,592,first,loss,PRIZES,180,3,0
BASELINE,tb_f2e2c18d_grimmsnarl_bc_alias,593,second,win,PRIZES,127,0,5
BASELINE,tb_f2e2c18d_grimmsnarl_bc_alias,594,first,loss,PRIZES,160,2,0
BASELINE,tb_f2e2c18d_grimmsnarl_bc_alias,595,second,win,PRIZES,174,0,1
BASELINE,tb_f2e2c18d_grimmsnarl_bc_alias,596,first,win,PRIZES,199,0,2
BASELINE,tb_f2e2c18d_grimmsnarl_bc_alias,597,second,win,PRIZES,173,0,5
BASELINE,tb_f2e2c18d_grimmsnarl_bc_alias,598,first,win,PRIZES,170,0,1
BASELINE,tb_eb8c2384_harukiharada_crustle-wall-mirror-ok,0,first,win,PRIZES,96,0,6
BASELINE,tb_eb8c2384_harukiharada_crustle-wall-mirror-ok,1,second,win,NO_BENCH,26,5,6
BASELINE,tb_eb8c2384_harukiharada_crustle-wall-mirror-ok,2,first,win,NO_BENCH,74,4,6
BASELINE,tb_eb8c2384_harukiharada_crustle-wall-mirror-ok,3,second,win,NO_BENCH,56,4,5
BASELINE,tb_eb8c2384_harukiharada_crustle-wall-mirror-ok,4,first,win,PRIZES,106,0,5
BASELINE,tb_eb8c2384_harukiharada_crustle-wall-mirror-ok,5,second,win,PRIZES,131,0,5
BASELINE,tb_eb8c2384_harukiharada_crustle-wall-mirror-ok,6,first,win,NO_BENCH,111,1,5
BASELINE,tb_f2e2c18d_grimmsnarl_bc_alias,599,second,win,PRIZES,173,0,5
BASELINE,tb_eb8c2384_harukiharada_crustle-wall-mirror-ok,7,second,loss,DECKOUT,189,2,5
BASELINE,tb_eb8c2384_harukiharada_crustle-wall-mirror-ok,8,first,win,PRIZES,125,0,6
BASELINE,tb_eb8c2384_harukiharada_crustle-wall-mirror-ok,9,second,win,NO_BENCH,109,1,6
BASELINE,tb_eb8c2384_harukiharada_crustle-wall-mirror-ok,10,first,win,PRIZES,141,0,1
BASELINE,tb_eb8c2384_harukiharada_crustle-wall-mirror-ok,11,second,win,PRIZES,138,0,5
BASELINE,tb_eb8c2384_harukiharada_crustle-wall-mirror-ok,12,first,win,PRIZES,147,0,5
BASELINE,tb_eb8c2384_harukiharada_crustle-wall-mirror-ok,13,second,loss,DECKOUT,184,1,1
BASELINE,tb_eb8c2384_harukiharada_crustle-wall-mirror-ok,14,first,win,PRIZES,186,0,5
BASELINE,tb_eb8c2384_harukiharada_crustle-wall-mirror-ok,15,second,win,PRIZES,133,0,5
BASELINE,tb_eb8c2384_harukiharada_crustle-wall-mirror-ok,17,second,loss,PRIZES,140,2,0
BASELINE,tb_eb8c2384_harukiharada_crustle-wall-mirror-ok,16,first,loss,PRIZES,173,1,0
BASELINE,tb_eb8c2384_harukiharada_crustle-wall-mirror-ok,18,first,loss,DECKOUT,156,4,3
BASELINE,tb_eb8c2384_harukiharada_crustle-wall-mirror-ok,20,first,win,NO_BENCH,63,5,6
BASELINE,tb_eb8c2384_harukiharada_crustle-wall-mirror-ok,19,second,win,PRIZES,146,0,4
BASELINE,tb_eb8c2384_harukiharada_crustle-wall-mirror-ok,23,second,win,NO_BENCH,22,5,6
BASELINE,tb_eb8c2384_harukiharada_crustle-wall-mirror-ok,22,first,win,PRIZES,91,0,5
BASELINE,tb_eb8c2384_harukiharada_crustle-wall-mirror-ok,21,second,loss,DECKOUT,157,2,4
BASELINE,tb_eb8c2384_harukiharada_crustle-wall-mirror-ok,25,second,win,NO_BENCH,27,5,6
BASELINE,tb_eb8c2384_harukiharada_crustle-wall-mirror-ok,24,first,loss,DECKOUT,169,2,4
BASELINE,tb_eb8c2384_harukiharada_crustle-wall-mirror-ok,26,first,win,NO_BENCH,89,4,6
BASELINE,tb_eb8c2384_harukiharada_crustle-wall-mirror-ok,28,first,win,NO_BENCH,45,4,6
BASELINE,tb_eb8c2384_harukiharada_crustle-wall-mirror-ok,27,second,loss,DECKOUT,193,1,4
BASELINE,tb_eb8c2384_harukiharada_crustle-wall-mirror-ok,29,second,win,NO_BENCH,124,2,6
BASELINE,tb_eb8c2384_harukiharada_crustle-wall-mirror-ok,30,first,win,NO_BENCH,95,2,6
BASELINE,tb_eb8c2384_harukiharada_crustle-wall-mirror-ok,31,second,loss,DECKOUT,173,1,6
BASELINE,tb_eb8c2384_harukiharada_crustle-wall-mirror-ok,32,first,win,PRIZES,142,0,5
BASELINE,tb_eb8c2384_harukiharada_crustle-wall-mirror-ok,33,second,win,PRIZES,124,0,6
BASELINE,tb_eb8c2384_harukiharada_crustle-wall-mirror-ok,34,first,win,NO_BENCH,56,4,6
BASELINE,tb_eb8c2384_harukiharada_crustle-wall-mirror-ok,35,second,win,PRIZES,179,0,5
BASELINE,tb_eb8c2384_harukiharada_crustle-wall-mirror-ok,37,second,win,PRIZES,141,0,5
BASELINE,tb_eb8c2384_harukiharada_crustle-wall-mirror-ok,36,first,loss,DECKOUT,216,1,2
BASELINE,tb_eb8c2384_harukiharada_crustle-wall-mirror-ok,38,first,win,NO_BENCH,82,2,5
BASELINE,tb_eb8c2384_harukiharada_crustle-wall-mirror-ok,39,second,win,PRIZES,129,0,5
BASELINE,tb_eb8c2384_harukiharada_crustle-wall-mirror-ok,40,first,loss,DECKOUT,177,1,3
BASELINE,tb_eb8c2384_harukiharada_crustle-wall-mirror-ok,41,second,win,PRIZES,146,0,5
BASELINE,tb_eb8c2384_harukiharada_crustle-wall-mirror-ok,42,first,win,PRIZES,124,0,6
BASELINE,tb_eb8c2384_harukiharada_crustle-wall-mirror-ok,43,second,win,NO_BENCH,119,1,5
BASELINE,tb_eb8c2384_harukiharada_crustle-wall-mirror-ok,44,first,win,PRIZES,125,0,6
BASELINE,tb_eb8c2384_harukiharada_crustle-wall-mirror-ok,45,second,win,PRIZES,136,0,5
BASELINE,tb_eb8c2384_harukiharada_crustle-wall-mirror-ok,46,first,win,NO_BENCH,112,1,6
BASELINE,tb_eb8c2384_harukiharada_crustle-wall-mirror-ok,47,second,loss,DECKOUT,165,2,3
BASELINE,tb_eb8c2384_harukiharada_crustle-wall-mirror-ok,48,first,win,PRIZES,116,0,5
BASELINE,tb_eb8c2384_harukiharada_crustle-wall-mirror-ok,49,second,win,PRIZES,123,0,4
BASELINE,tb_eb8c2384_harukiharada_crustle-wall-mirror-ok,50,first,win,NO_BENCH,109,2,6
BASELINE,tb_eb8c2384_harukiharada_crustle-wall-mirror-ok,51,second,win,NO_BENCH,111,1,6
BASELINE,tb_eb8c2384_harukiharada_crustle-wall-mirror-ok,52,first,loss,DECKOUT,166,4,6
BASELINE,tb_eb8c2384_harukiharada_crustle-wall-mirror-ok,53,second,win,PRIZES,116,0,6
BASELINE,tb_eb8c2384_harukiharada_crustle-wall-mirror-ok,54,first,win,PRIZES,148,0,4
BASELINE,tb_eb8c2384_harukiharada_crustle-wall-mirror-ok,55,second,win,PRIZES,116,0,5
BASELINE,tb_eb8c2384_harukiharada_crustle-wall-mirror-ok,56,first,win,PRIZES,123,0,5
BASELINE,tb_eb8c2384_harukiharada_crustle-wall-mirror-ok,57,second,win,NO_BENCH,85,2,5
BASELINE,tb_eb8c2384_harukiharada_crustle-wall-mirror-ok,59,second,win,NO_BENCH,66,3,6
BASELINE,tb_eb8c2384_harukiharada_crustle-wall-mirror-ok,58,first,win,PRIZES,162,0,4
BASELINE,tb_eb8c2384_harukiharada_crustle-wall-mirror-ok,60,first,win,NO_BENCH,60,3,6
BASELINE,tb_eb8c2384_harukiharada_crustle-wall-mirror-ok,61,second,win,NO_BENCH,29,5,6
BASELINE,tb_eb8c2384_harukiharada_crustle-wall-mirror-ok,62,first,win,PRIZES,119,0,5
BASELINE,tb_eb8c2384_harukiharada_crustle-wall-mirror-ok,64,first,loss,DECKOUT,183,1,5
BASELINE,tb_eb8c2384_harukiharada_crustle-wall-mirror-ok,63,second,loss,DECKOUT,187,1,4
BASELINE,tb_eb8c2384_harukiharada_crustle-wall-mirror-ok,65,second,loss,DECKOUT,165,1,4
BASELINE,tb_eb8c2384_harukiharada_crustle-wall-mirror-ok,67,second,win,PRIZES,124,0,6
BASELINE,tb_eb8c2384_harukiharada_crustle-wall-mirror-ok,66,first,win,PRIZES,152,0,6
BASELINE,tb_eb8c2384_harukiharada_crustle-wall-mirror-ok,68,first,win,NO_BENCH,107,2,5
BASELINE,tb_eb8c2384_harukiharada_crustle-wall-mirror-ok,71,second,win,PRIZES,123,0,5
BASELINE,tb_eb8c2384_harukiharada_crustle-wall-mirror-ok,69,second,win,PRIZES,125,0,5
BASELINE,tb_eb8c2384_harukiharada_crustle-wall-mirror-ok,70,first,win,PRIZES,128,0,5
BASELINE,tb_eb8c2384_harukiharada_crustle-wall-mirror-ok,72,first,win,NO_BENCH,29,5,6
BASELINE,tb_eb8c2384_harukiharada_crustle-wall-mirror-ok,74,first,win,PRIZES,121,0,6
BASELINE,tb_eb8c2384_harukiharada_crustle-wall-mirror-ok,73,second,loss,PRIZES,168,3,0
BASELINE,tb_eb8c2384_harukiharada_crustle-wall-mirror-ok,75,second,win,NO_BENCH,66,4,6
BASELINE,tb_eb8c2384_harukiharada_crustle-wall-mirror-ok,76,first,win,NO_BENCH,101,2,5
BASELINE,tb_eb8c2384_harukiharada_crustle-wall-mirror-ok,77,second,win,PRIZES,111,0,6
BASELINE,tb_eb8c2384_harukiharada_crustle-wall-mirror-ok,78,first,win,PRIZES,155,0,4
BASELINE,tb_eb8c2384_harukiharada_crustle-wall-mirror-ok,79,second,win,PRIZES,117,0,6
BASELINE,tb_eb8c2384_harukiharada_crustle-wall-mirror-ok,80,first,win,PRIZES,157,0,5
BASELINE,tb_eb8c2384_harukiharada_crustle-wall-mirror-ok,81,second,loss,PRIZES,165,1,0
BASELINE,tb_eb8c2384_harukiharada_crustle-wall-mirror-ok,82,first,win,PRIZES,156,0,6
BASELINE,tb_eb8c2384_harukiharada_crustle-wall-mirror-ok,83,second,win,PRIZES,184,0,3
BASELINE,tb_eb8c2384_harukiharada_crustle-wall-mirror-ok,84,first,win,NO_BENCH,114,2,4
BASELINE,tb_eb8c2384_harukiharada_crustle-wall-mirror-ok,85,second,win,PRIZES,136,0,5
BASELINE,tb_eb8c2384_harukiharada_crustle-wall-mirror-ok,86,first,win,PRIZES,145,0,5
BASELINE,tb_eb8c2384_harukiharada_crustle-wall-mirror-ok,88,first,win,NO_BENCH,100,3,2
BASELINE,tb_eb8c2384_harukiharada_crustle-wall-mirror-ok,87,second,loss,DECKOUT,157,1,6
BASELINE,tb_eb8c2384_harukiharada_crustle-wall-mirror-ok,89,second,win,NO_BENCH,122,1,6
BASELINE,tb_eb8c2384_harukiharada_crustle-wall-mirror-ok,90,first,loss,PRIZES,156,2,0
BASELINE,tb_eb8c2384_harukiharada_crustle-wall-mirror-ok,91,second,win,PRIZES,153,0,4
BASELINE,tb_eb8c2384_harukiharada_crustle-wall-mirror-ok,92,first,win,PRIZES,185,0,1
BASELINE,tb_eb8c2384_harukiharada_crustle-wall-mirror-ok,94,first,win,PRIZES,138,0,5
BASELINE,tb_eb8c2384_harukiharada_crustle-wall-mirror-ok,93,second,loss,DECKOUT,184,2,5
BASELINE,tb_eb8c2384_harukiharada_crustle-wall-mirror-ok,95,second,win,PRIZES,117,0,5
BASELINE,tb_eb8c2384_harukiharada_crustle-wall-mirror-ok,96,first,win,NO_BENCH,134,1,3
BASELINE,tb_eb8c2384_harukiharada_crustle-wall-mirror-ok,98,first,win,PRIZES,126,0,4
BASELINE,tb_eb8c2384_harukiharada_crustle-wall-mirror-ok,97,second,loss,PRIZES,218,2,0
BASELINE,tb_eb8c2384_harukiharada_crustle-wall-mirror-ok,100,first,win,NO_BENCH,62,5,6
BASELINE,tb_eb8c2384_harukiharada_crustle-wall-mirror-ok,99,second,win,PRIZES,148,0,5
BASELINE,tb_eb8c2384_harukiharada_crustle-wall-mirror-ok,101,second,win,NO_BENCH,15,5,6
BASELINE,tb_eb8c2384_harukiharada_crustle-wall-mirror-ok,103,second,win,NO_BENCH,38,5,6
BASELINE,tb_eb8c2384_harukiharada_crustle-wall-mirror-ok,102,first,win,PRIZES,118,0,6
BASELINE,tb_eb8c2384_harukiharada_crustle-wall-mirror-ok,104,first,loss,DECKOUT,149,4,2
BASELINE,tb_eb8c2384_harukiharada_crustle-wall-mirror-ok,105,second,win,NO_BENCH,57,4,6
BASELINE,tb_eb8c2384_harukiharada_crustle-wall-mirror-ok,106,first,win,NO_BENCH,103,1,6
BASELINE,tb_eb8c2384_harukiharada_crustle-wall-mirror-ok,107,second,win,PRIZES,164,0,6
BASELINE,tb_eb8c2384_harukiharada_crustle-wall-mirror-ok,108,first,win,PRIZES,127,0,5
BASELINE,tb_eb8c2384_harukiharada_crustle-wall-mirror-ok,109,second,win,PRIZES,141,0,5
BASELINE,tb_eb8c2384_harukiharada_crustle-wall-mirror-ok,110,first,win,PRIZES,104,0,6
BASELINE,tb_eb8c2384_harukiharada_crustle-wall-mirror-ok,111,second,win,PRIZES,118,0,6
BASELINE,tb_eb8c2384_harukiharada_crustle-wall-mirror-ok,112,first,win,PRIZES,121,0,5
BASELINE,tb_eb8c2384_harukiharada_crustle-wall-mirror-ok,113,second,win,PRIZES,118,0,6
BASELINE,tb_eb8c2384_harukiharada_crustle-wall-mirror-ok,114,first,loss,DECKOUT,176,2,1
BASELINE,tb_eb8c2384_harukiharada_crustle-wall-mirror-ok,115,second,win,DECKOUT,226,3,5
BASELINE,tb_eb8c2384_harukiharada_crustle-wall-mirror-ok,116,first,win,PRIZES,121,0,6
BASELINE,tb_eb8c2384_harukiharada_crustle-wall-mirror-ok,117,second,win,PRIZES,178,0,4
BASELINE,tb_eb8c2384_harukiharada_crustle-wall-mirror-ok,119,second,win,NO_BENCH,39,4,5
BASELINE,tb_eb8c2384_harukiharada_crustle-wall-mirror-ok,118,first,win,PRIZES,127,0,6
BASELINE,tb_eb8c2384_harukiharada_crustle-wall-mirror-ok,120,first,win,PRIZES,125,0,6
BASELINE,tb_eb8c2384_harukiharada_crustle-wall-mirror-ok,122,first,win,PRIZES,131,0,5
BASELINE,tb_eb8c2384_harukiharada_crustle-wall-mirror-ok,121,second,loss,PRIZES,152,2,0
BASELINE,tb_eb8c2384_harukiharada_crustle-wall-mirror-ok,123,second,loss,PRIZES,169,3,0
BASELINE,tb_eb8c2384_harukiharada_crustle-wall-mirror-ok,124,first,win,PRIZES,118,0,5
BASELINE,tb_eb8c2384_harukiharada_crustle-wall-mirror-ok,125,second,win,NO_BENCH,137,1,5
BASELINE,tb_eb8c2384_harukiharada_crustle-wall-mirror-ok,126,first,win,PRIZES,147,0,1
BASELINE,tb_eb8c2384_harukiharada_crustle-wall-mirror-ok,127,second,win,NO_BENCH,98,3,6
BASELINE,tb_eb8c2384_harukiharada_crustle-wall-mirror-ok,128,first,win,PRIZES,129,0,5
BASELINE,tb_eb8c2384_harukiharada_crustle-wall-mirror-ok,129,second,loss,DECKOUT,177,4,2
BASELINE,tb_eb8c2384_harukiharada_crustle-wall-mirror-ok,131,second,win,NO_BENCH,127,1,5
BASELINE,tb_eb8c2384_harukiharada_crustle-wall-mirror-ok,130,first,win,PRIZES,180,0,3
BASELINE,tb_eb8c2384_harukiharada_crustle-wall-mirror-ok,133,second,win,NO_BENCH,24,5,6
BASELINE,tb_eb8c2384_harukiharada_crustle-wall-mirror-ok,134,first,win,PRIZES,110,0,6
BASELINE,tb_eb8c2384_harukiharada_crustle-wall-mirror-ok,132,first,loss,PRIZES,163,2,0
BASELINE,tb_eb8c2384_harukiharada_crustle-wall-mirror-ok,135,second,win,NO_BENCH,104,3,5
BASELINE,tb_eb8c2384_harukiharada_crustle-wall-mirror-ok,136,first,win,PRIZES,134,0,6
BASELINE,tb_eb8c2384_harukiharada_crustle-wall-mirror-ok,137,second,win,PRIZES,162,0,5
BASELINE,tb_eb8c2384_harukiharada_crustle-wall-mirror-ok,138,first,win,PRIZES,126,0,5
BASELINE,tb_eb8c2384_harukiharada_crustle-wall-mirror-ok,139,second,win,PRIZES,112,0,5
BASELINE,tb_eb8c2384_harukiharada_crustle-wall-mirror-ok,140,first,loss,PRIZES,109,4,0
BASELINE,tb_eb8c2384_harukiharada_crustle-wall-mirror-ok,141,second,win,PRIZES,121,0,5
BASELINE,tb_eb8c2384_harukiharada_crustle-wall-mirror-ok,142,first,loss,DECKOUT,175,3,4
BASELINE,tb_eb8c2384_harukiharada_crustle-wall-mirror-ok,143,second,win,PRIZES,115,0,6
BASELINE,tb_eb8c2384_harukiharada_crustle-wall-mirror-ok,144,first,win,PRIZES,113,0,5
BASELINE,tb_eb8c2384_harukiharada_crustle-wall-mirror-ok,145,second,loss,NO_BENCH,31,6,4
BASELINE,tb_eb8c2384_harukiharada_crustle-wall-mirror-ok,146,first,win,PRIZES,161,0,5
BASELINE,tb_eb8c2384_harukiharada_crustle-wall-mirror-ok,147,second,win,PRIZES,111,0,5
BASELINE,tb_eb8c2384_harukiharada_crustle-wall-mirror-ok,148,first,win,PRIZES,190,0,2
BASELINE,tb_eb8c2384_harukiharada_crustle-wall-mirror-ok,149,second,win,PRIZES,152,0,5
BASELINE,tb_eb8c2384_harukiharada_crustle-wall-mirror-ok,150,first,win,PRIZES,141,0,5
BASELINE,tb_eb8c2384_harukiharada_crustle-wall-mirror-ok,151,second,win,PRIZES,154,0,5
BASELINE,tb_eb8c2384_harukiharada_crustle-wall-mirror-ok,152,first,win,PRIZES,109,0,6
BASELINE,tb_eb8c2384_harukiharada_crustle-wall-mirror-ok,153,second,win,PRIZES,123,0,5
BASELINE,tb_eb8c2384_harukiharada_crustle-wall-mirror-ok,154,first,win,PRIZES,141,0,6
BASELINE,tb_eb8c2384_harukiharada_crustle-wall-mirror-ok,155,second,loss,PRIZES,203,3,0
BASELINE,tb_eb8c2384_harukiharada_crustle-wall-mirror-ok,156,first,win,NO_BENCH,102,1,6
BASELINE,tb_eb8c2384_harukiharada_crustle-wall-mirror-ok,158,first,win,NO_BENCH,45,5,6
BASELINE,tb_eb8c2384_harukiharada_crustle-wall-mirror-ok,157,second,loss,DECKOUT,212,3,5
BASELINE,tb_eb8c2384_harukiharada_crustle-wall-mirror-ok,159,second,loss,DECKOUT,149,2,1
BASELINE,tb_eb8c2384_harukiharada_crustle-wall-mirror-ok,160,first,loss,PRIZES,152,3,0
BASELINE,tb_eb8c2384_harukiharada_crustle-wall-mirror-ok,161,second,win,NO_BENCH,69,4,6
BASELINE,tb_eb8c2384_harukiharada_crustle-wall-mirror-ok,162,first,win,PRIZES,105,0,5
BASELINE,tb_eb8c2384_harukiharada_crustle-wall-mirror-ok,163,second,loss,PRIZES,97,2,0
BASELINE,tb_eb8c2384_harukiharada_crustle-wall-mirror-ok,164,first,win,NO_BENCH,128,1,3
BASELINE,tb_eb8c2384_harukiharada_crustle-wall-mirror-ok,165,second,win,PRIZES,130,0,5
BASELINE,tb_eb8c2384_harukiharada_crustle-wall-mirror-ok,166,first,win,PRIZES,115,0,6
BASELINE,tb_eb8c2384_harukiharada_crustle-wall-mirror-ok,167,second,win,PRIZES,153,0,4
BASELINE,tb_eb8c2384_harukiharada_crustle-wall-mirror-ok,168,first,win,PRIZES,132,0,6
BASELINE,tb_eb8c2384_harukiharada_crustle-wall-mirror-ok,169,second,win,PRIZES,123,0,6
BASELINE,tb_eb8c2384_harukiharada_crustle-wall-mirror-ok,170,first,win,PRIZES,171,0,2
BASELINE,tb_eb8c2384_harukiharada_crustle-wall-mirror-ok,171,second,win,NO_BENCH,107,3,5
BASELINE,tb_eb8c2384_harukiharada_crustle-wall-mirror-ok,172,first,win,PRIZES,140,0,4
BASELINE,tb_eb8c2384_harukiharada_crustle-wall-mirror-ok,173,second,win,NO_BENCH,51,5,6
BASELINE,tb_eb8c2384_harukiharada_crustle-wall-mirror-ok,174,first,win,NO_BENCH,90,1,6
BASELINE,tb_eb8c2384_harukiharada_crustle-wall-mirror-ok,175,second,win,PRIZES,104,0,6
BASELINE,tb_eb8c2384_harukiharada_crustle-wall-mirror-ok,176,first,win,PRIZES,122,0,6
BASELINE,tb_eb8c2384_harukiharada_crustle-wall-mirror-ok,177,second,loss,PRIZES,132,3,0
BASELINE,tb_eb8c2384_harukiharada_crustle-wall-mirror-ok,178,first,win,PRIZES,165,0,5
BASELINE,tb_eb8c2384_harukiharada_crustle-wall-mirror-ok,179,second,win,PRIZES,106,0,6
BASELINE,tb_eb8c2384_harukiharada_crustle-wall-mirror-ok,180,first,win,NO_BENCH,128,1,6
BASELINE,tb_eb8c2384_harukiharada_crustle-wall-mirror-ok,181,second,win,NO_BENCH,50,4,6
BASELINE,tb_eb8c2384_harukiharada_crustle-wall-mirror-ok,182,first,win,NO_BENCH,112,2,5
BASELINE,tb_eb8c2384_harukiharada_crustle-wall-mirror-ok,183,second,win,PRIZES,129,0,5
BASELINE,tb_eb8c2384_harukiharada_crustle-wall-mirror-ok,184,first,win,PRIZES,152,0,5
BASELINE,tb_eb8c2384_harukiharada_crustle-wall-mirror-ok,185,second,win,NO_BENCH,44,4,6
BASELINE,tb_eb8c2384_harukiharada_crustle-wall-mirror-ok,186,first,win,NO_BENCH,87,3,6
BASELINE,tb_eb8c2384_harukiharada_crustle-wall-mirror-ok,187,second,win,NO_BENCH,103,2,6
BASELINE,tb_eb8c2384_harukiharada_crustle-wall-mirror-ok,188,first,win,PRIZES,120,0,6
BASELINE,tb_eb8c2384_harukiharada_crustle-wall-mirror-ok,189,second,win,PRIZES,200,0,3
BASELINE,tb_eb8c2384_harukiharada_crustle-wall-mirror-ok,190,first,win,NO_BENCH,20,5,6
BASELINE,tb_eb8c2384_harukiharada_crustle-wall-mirror-ok,191,second,win,PRIZES,127,0,5
BASELINE,tb_eb8c2384_harukiharada_crustle-wall-mirror-ok,192,first,win,PRIZES,146,0,4
BASELINE,tb_eb8c2384_harukiharada_crustle-wall-mirror-ok,193,second,win,PRIZES,170,0,6
BASELINE,tb_eb8c2384_harukiharada_crustle-wall-mirror-ok,194,first,win,NO_BENCH,124,1,5
BASELINE,tb_eb8c2384_harukiharada_crustle-wall-mirror-ok,195,second,win,PRIZES,127,0,5
BASELINE,tb_eb8c2384_harukiharada_crustle-wall-mirror-ok,196,first,win,PRIZES,122,0,5
BASELINE,tb_eb8c2384_harukiharada_crustle-wall-mirror-ok,197,second,win,PRIZES,216,0,3
BASELINE,tb_eb8c2384_harukiharada_crustle-wall-mirror-ok,198,first,win,PRIZES,129,0,5
BASELINE,tb_eb8c2384_harukiharada_crustle-wall-mirror-ok,199,second,win,PRIZES,110,0,6
BASELINE,tb_eb8c2384_harukiharada_crustle-wall-mirror-ok,200,first,win,PRIZES,112,0,5
BASELINE,tb_eb8c2384_harukiharada_crustle-wall-mirror-ok,201,second,win,PRIZES,126,0,5
BASELINE,tb_eb8c2384_harukiharada_crustle-wall-mirror-ok,202,first,win,PRIZES,197,0,5
BASELINE,tb_eb8c2384_harukiharada_crustle-wall-mirror-ok,203,second,win,NO_BENCH,103,1,6
BASELINE,tb_eb8c2384_harukiharada_crustle-wall-mirror-ok,204,first,win,NO_BENCH,89,1,6
BASELINE,tb_eb8c2384_harukiharada_crustle-wall-mirror-ok,205,second,win,NO_BENCH,27,5,6
BASELINE,tb_eb8c2384_harukiharada_crustle-wall-mirror-ok,206,first,win,NO_BENCH,124,1,5
BASELINE,tb_eb8c2384_harukiharada_crustle-wall-mirror-ok,207,second,win,PRIZES,132,0,3
BASELINE,tb_eb8c2384_harukiharada_crustle-wall-mirror-ok,208,first,win,NO_BENCH,113,1,6
BASELINE,tb_eb8c2384_harukiharada_crustle-wall-mirror-ok,209,second,win,NO_BENCH,81,4,6
BASELINE,tb_eb8c2384_harukiharada_crustle-wall-mirror-ok,210,first,loss,DECKOUT,151,2,5
BASELINE,tb_eb8c2384_harukiharada_crustle-wall-mirror-ok,211,second,win,PRIZES,125,0,5
BASELINE,tb_eb8c2384_harukiharada_crustle-wall-mirror-ok,212,first,win,PRIZES,154,0,3
BASELINE,tb_eb8c2384_harukiharada_crustle-wall-mirror-ok,213,second,win,NO_BENCH,30,5,6
BASELINE,tb_eb8c2384_harukiharada_crustle-wall-mirror-ok,214,first,win,PRIZES,114,0,6
BASELINE,tb_eb8c2384_harukiharada_crustle-wall-mirror-ok,215,second,win,NO_BENCH,102,2,6
BASELINE,tb_eb8c2384_harukiharada_crustle-wall-mirror-ok,216,first,loss,PRIZES,171,3,0
BASELINE,tb_eb8c2384_harukiharada_crustle-wall-mirror-ok,217,second,win,NO_BENCH,108,1,5
BASELINE,tb_eb8c2384_harukiharada_crustle-wall-mirror-ok,218,first,win,NO_BENCH,44,5,5
BASELINE,tb_eb8c2384_harukiharada_crustle-wall-mirror-ok,219,second,loss,PRIZES,148,2,0
BASELINE,tb_eb8c2384_harukiharada_crustle-wall-mirror-ok,220,first,win,PRIZES,117,0,6
BASELINE,tb_eb8c2384_harukiharada_crustle-wall-mirror-ok,221,second,win,NO_BENCH,128,2,5
BASELINE,tb_eb8c2384_harukiharada_crustle-wall-mirror-ok,222,first,win,NO_BENCH,40,5,5
BASELINE,tb_eb8c2384_harukiharada_crustle-wall-mirror-ok,223,second,win,NO_BENCH,106,1,6
BASELINE,tb_eb8c2384_harukiharada_crustle-wall-mirror-ok,224,first,loss,DECKOUT,119,4,1
BASELINE,tb_eb8c2384_harukiharada_crustle-wall-mirror-ok,225,second,win,PRIZES,126,0,6
BASELINE,tb_eb8c2384_harukiharada_crustle-wall-mirror-ok,226,first,win,PRIZES,119,0,6
BASELINE,tb_eb8c2384_harukiharada_crustle-wall-mirror-ok,227,second,win,NO_BENCH,109,2,5
BASELINE,tb_eb8c2384_harukiharada_crustle-wall-mirror-ok,228,first,win,PRIZES,139,0,5
BASELINE,tb_eb8c2384_harukiharada_crustle-wall-mirror-ok,229,second,win,PRIZES,140,0,5
BASELINE,tb_eb8c2384_harukiharada_crustle-wall-mirror-ok,230,first,win,PRIZES,114,0,5
BASELINE,tb_eb8c2384_harukiharada_crustle-wall-mirror-ok,231,second,win,PRIZES,187,0,4
BASELINE,tb_eb8c2384_harukiharada_crustle-wall-mirror-ok,232,first,win,PRIZES,127,0,4
BASELINE,tb_eb8c2384_harukiharada_crustle-wall-mirror-ok,233,second,win,PRIZES,141,0,6
BASELINE,tb_eb8c2384_harukiharada_crustle-wall-mirror-ok,234,first,win,PRIZES,114,0,6
BASELINE,tb_eb8c2384_harukiharada_crustle-wall-mirror-ok,235,second,win,NO_BENCH,122,3,5
BASELINE,tb_eb8c2384_harukiharada_crustle-wall-mirror-ok,236,first,win,PRIZES,120,0,5
BASELINE,tb_eb8c2384_harukiharada_crustle-wall-mirror-ok,237,second,win,PRIZES,129,0,3
BASELINE,tb_eb8c2384_harukiharada_crustle-wall-mirror-ok,238,first,win,PRIZES,137,0,5
BASELINE,tb_eb8c2384_harukiharada_crustle-wall-mirror-ok,239,second,win,PRIZES,153,0,5
BASELINE,tb_eb8c2384_harukiharada_crustle-wall-mirror-ok,240,first,win,PRIZES,137,0,6
BASELINE,tb_eb8c2384_harukiharada_crustle-wall-mirror-ok,241,second,loss,PRIZES,136,5,0
BASELINE,tb_eb8c2384_harukiharada_crustle-wall-mirror-ok,242,first,win,PRIZES,135,0,3
BASELINE,tb_eb8c2384_harukiharada_crustle-wall-mirror-ok,243,second,win,NO_BENCH,30,5,6
BASELINE,tb_eb8c2384_harukiharada_crustle-wall-mirror-ok,244,first,win,PRIZES,99,0,6
BASELINE,tb_eb8c2384_harukiharada_crustle-wall-mirror-ok,245,second,win,NO_BENCH,140,1,6
BASELINE,tb_eb8c2384_harukiharada_crustle-wall-mirror-ok,246,first,win,PRIZES,123,0,5
BASELINE,tb_eb8c2384_harukiharada_crustle-wall-mirror-ok,247,second,win,PRIZES,153,0,5
BASELINE,tb_eb8c2384_harukiharada_crustle-wall-mirror-ok,248,first,loss,PRIZES,152,1,0
BASELINE,tb_eb8c2384_harukiharada_crustle-wall-mirror-ok,249,second,win,NO_BENCH,53,4,6
BASELINE,tb_eb8c2384_harukiharada_crustle-wall-mirror-ok,250,first,win,PRIZES,157,0,5
BASELINE,tb_eb8c2384_harukiharada_crustle-wall-mirror-ok,251,second,loss,PRIZES,148,3,0
BASELINE,tb_eb8c2384_harukiharada_crustle-wall-mirror-ok,252,first,win,PRIZES,133,0,5
BASELINE,tb_eb8c2384_harukiharada_crustle-wall-mirror-ok,253,second,win,PRIZES,144,0,5
BASELINE,tb_eb8c2384_harukiharada_crustle-wall-mirror-ok,254,first,win,PRIZES,155,0,5
BASELINE,tb_eb8c2384_harukiharada_crustle-wall-mirror-ok,255,second,win,PRIZES,138,0,5
BASELINE,tb_eb8c2384_harukiharada_crustle-wall-mirror-ok,256,first,win,PRIZES,131,0,5
BASELINE,tb_eb8c2384_harukiharada_crustle-wall-mirror-ok,257,second,win,PRIZES,140,0,5
BASELINE,tb_eb8c2384_harukiharada_crustle-wall-mirror-ok,258,first,win,NO_BENCH,129,1,5
BASELINE,tb_eb8c2384_harukiharada_crustle-wall-mirror-ok,259,second,win,NO_BENCH,18,5,6
BASELINE,tb_eb8c2384_harukiharada_crustle-wall-mirror-ok,260,first,win,PRIZES,120,0,5
BASELINE,tb_eb8c2384_harukiharada_crustle-wall-mirror-ok,261,second,win,PRIZES,110,0,6
BASELINE,tb_eb8c2384_harukiharada_crustle-wall-mirror-ok,262,first,win,PRIZES,176,0,6
BASELINE,tb_eb8c2384_harukiharada_crustle-wall-mirror-ok,263,second,win,NO_BENCH,97,1,6
BASELINE,tb_eb8c2384_harukiharada_crustle-wall-mirror-ok,264,first,win,NO_BENCH,84,1,6
BASELINE,tb_eb8c2384_harukiharada_crustle-wall-mirror-ok,265,second,win,PRIZES,156,0,3
BASELINE,tb_eb8c2384_harukiharada_crustle-wall-mirror-ok,266,first,win,NO_BENCH,136,3,4
BASELINE,tb_eb8c2384_harukiharada_crustle-wall-mirror-ok,267,second,win,PRIZES,112,0,4
BASELINE,tb_eb8c2384_harukiharada_crustle-wall-mirror-ok,268,first,win,PRIZES,128,0,5
BASELINE,tb_eb8c2384_harukiharada_crustle-wall-mirror-ok,269,second,win,PRIZES,109,0,5
BASELINE,tb_eb8c2384_harukiharada_crustle-wall-mirror-ok,270,first,win,NO_BENCH,107,2,6
BASELINE,tb_eb8c2384_harukiharada_crustle-wall-mirror-ok,272,first,win,NO_BENCH,26,5,6
BASELINE,tb_eb8c2384_harukiharada_crustle-wall-mirror-ok,271,second,win,PRIZES,133,0,5
BASELINE,tb_eb8c2384_harukiharada_crustle-wall-mirror-ok,273,second,win,PRIZES,126,0,6
BASELINE,tb_eb8c2384_harukiharada_crustle-wall-mirror-ok,274,first,win,NO_BENCH,48,5,6
BASELINE,tb_eb8c2384_harukiharada_crustle-wall-mirror-ok,275,second,win,NO_BENCH,117,1,4
BASELINE,tb_eb8c2384_harukiharada_crustle-wall-mirror-ok,276,first,win,NO_BENCH,96,3,6
BASELINE,tb_eb8c2384_harukiharada_crustle-wall-mirror-ok,277,second,win,NO_BENCH,109,3,4
BASELINE,tb_eb8c2384_harukiharada_crustle-wall-mirror-ok,278,first,win,PRIZES,163,0,4
BASELINE,tb_eb8c2384_harukiharada_crustle-wall-mirror-ok,279,second,win,PRIZES,103,0,6
BASELINE,tb_eb8c2384_harukiharada_crustle-wall-mirror-ok,280,first,win,NO_BENCH,36,5,6
BASELINE,tb_eb8c2384_harukiharada_crustle-wall-mirror-ok,281,second,win,NO_BENCH,103,1,6
BASELINE,tb_eb8c2384_harukiharada_crustle-wall-mirror-ok,282,first,win,PRIZES,203,0,6
BASELINE,tb_eb8c2384_harukiharada_crustle-wall-mirror-ok,283,second,win,NO_BENCH,28,5,6
BASELINE,tb_eb8c2384_harukiharada_crustle-wall-mirror-ok,284,first,loss,DECKOUT,160,1,1
BASELINE,tb_eb8c2384_harukiharada_crustle-wall-mirror-ok,286,first,win,PRIZES,121,0,5
BASELINE,tb_eb8c2384_harukiharada_crustle-wall-mirror-ok,285,second,win,PRIZES,171,0,4
BASELINE,tb_eb8c2384_harukiharada_crustle-wall-mirror-ok,287,second,win,NO_BENCH,18,5,6
BASELINE,tb_eb8c2384_harukiharada_crustle-wall-mirror-ok,288,first,win,NO_BENCH,54,5,6
BASELINE,tb_eb8c2384_harukiharada_crustle-wall-mirror-ok,289,second,loss,DECKOUT,187,3,4
BASELINE,tb_eb8c2384_harukiharada_crustle-wall-mirror-ok,290,first,win,NO_BENCH,160,2,5
BASELINE,tb_eb8c2384_harukiharada_crustle-wall-mirror-ok,291,second,win,PRIZES,169,0,5
BASELINE,tb_eb8c2384_harukiharada_crustle-wall-mirror-ok,292,first,win,NO_BENCH,62,3,6
BASELINE,tb_eb8c2384_harukiharada_crustle-wall-mirror-ok,293,second,win,NO_BENCH,95,3,6
BASELINE,tb_eb8c2384_harukiharada_crustle-wall-mirror-ok,294,first,loss,DECKOUT,180,1,5
BASELINE,tb_eb8c2384_harukiharada_crustle-wall-mirror-ok,295,second,win,PRIZES,152,0,5
BASELINE,tb_eb8c2384_harukiharada_crustle-wall-mirror-ok,296,first,win,PRIZES,128,0,6
BASELINE,tb_eb8c2384_harukiharada_crustle-wall-mirror-ok,298,first,win,NO_BENCH,78,5,5
BASELINE,tb_eb8c2384_harukiharada_crustle-wall-mirror-ok,297,second,win,NO_BENCH,136,1,5
BASELINE,tb_eb8c2384_harukiharada_crustle-wall-mirror-ok,299,second,win,NO_BENCH,25,5,6
BASELINE,tb_eb8c2384_harukiharada_crustle-wall-mirror-ok,300,first,win,PRIZES,116,0,6
BASELINE,tb_eb8c2384_harukiharada_crustle-wall-mirror-ok,301,second,win,PRIZES,118,0,5
BASELINE,tb_eb8c2384_harukiharada_crustle-wall-mirror-ok,302,first,win,NO_BENCH,151,1,4
BASELINE,tb_eb8c2384_harukiharada_crustle-wall-mirror-ok,304,first,win,PRIZES,97,0,6
BASELINE,tb_eb8c2384_harukiharada_crustle-wall-mirror-ok,303,second,win,NO_BENCH,110,2,5
BASELINE,tb_eb8c2384_harukiharada_crustle-wall-mirror-ok,305,second,loss,PRIZES,181,2,0
BASELINE,tb_eb8c2384_harukiharada_crustle-wall-mirror-ok,307,second,win,NO_BENCH,39,5,5
BASELINE,tb_eb8c2384_harukiharada_crustle-wall-mirror-ok,306,first,win,PRIZES,135,0,5
BASELINE,tb_eb8c2384_harukiharada_crustle-wall-mirror-ok,309,second,win,NO_BENCH,34,5,6
BASELINE,tb_eb8c2384_harukiharada_crustle-wall-mirror-ok,310,first,win,PRIZES,119,0,6
BASELINE,tb_eb8c2384_harukiharada_crustle-wall-mirror-ok,308,first,loss,PRIZES,192,2,0
BASELINE,tb_eb8c2384_harukiharada_crustle-wall-mirror-ok,311,second,win,PRIZES,129,0,6
BASELINE,tb_eb8c2384_harukiharada_crustle-wall-mirror-ok,313,second,win,PRIZES,148,0,4
BASELINE,tb_eb8c2384_harukiharada_crustle-wall-mirror-ok,312,first,loss,DECKOUT,165,1,4
BASELINE,tb_eb8c2384_harukiharada_crustle-wall-mirror-ok,314,first,win,NO_BENCH,122,2,5
BASELINE,tb_eb8c2384_harukiharada_crustle-wall-mirror-ok,315,second,win,PRIZES,109,0,6
BASELINE,tb_eb8c2384_harukiharada_crustle-wall-mirror-ok,316,first,win,PRIZES,135,0,2
BASELINE,tb_eb8c2384_harukiharada_crustle-wall-mirror-ok,317,second,win,NO_BENCH,106,1,5
BASELINE,tb_eb8c2384_harukiharada_crustle-wall-mirror-ok,319,second,win,NO_BENCH,76,4,6
BASELINE,tb_eb8c2384_harukiharada_crustle-wall-mirror-ok,318,first,loss,PRIZES,179,1,0
BASELINE,tb_eb8c2384_harukiharada_crustle-wall-mirror-ok,320,first,win,NO_BENCH,127,2,6
BASELINE,tb_eb8c2384_harukiharada_crustle-wall-mirror-ok,321,second,win,PRIZES,106,0,6
BASELINE,tb_eb8c2384_harukiharada_crustle-wall-mirror-ok,322,first,win,NO_BENCH,64,5,6
BASELINE,tb_eb8c2384_harukiharada_crustle-wall-mirror-ok,323,second,win,NO_BENCH,124,1,5
BASELINE,tb_eb8c2384_harukiharada_crustle-wall-mirror-ok,324,first,win,PRIZES,121,0,6
BASELINE,tb_eb8c2384_harukiharada_crustle-wall-mirror-ok,325,second,win,NO_BENCH,102,1,5
BASELINE,tb_eb8c2384_harukiharada_crustle-wall-mirror-ok,326,first,win,PRIZES,96,0,5
BASELINE,tb_eb8c2384_harukiharada_crustle-wall-mirror-ok,327,second,win,PRIZES,130,0,6
BASELINE,tb_eb8c2384_harukiharada_crustle-wall-mirror-ok,328,first,win,PRIZES,139,0,6
BASELINE,tb_eb8c2384_harukiharada_crustle-wall-mirror-ok,329,second,win,NO_BENCH,83,3,5
BASELINE,tb_eb8c2384_harukiharada_crustle-wall-mirror-ok,331,second,win,PRIZES,119,0,5
BASELINE,tb_eb8c2384_harukiharada_crustle-wall-mirror-ok,330,first,win,PRIZES,190,0,5
BASELINE,tb_eb8c2384_harukiharada_crustle-wall-mirror-ok,332,first,win,PRIZES,202,0,4
BASELINE,tb_eb8c2384_harukiharada_crustle-wall-mirror-ok,333,second,win,PRIZES,135,0,5
BASELINE,tb_eb8c2384_harukiharada_crustle-wall-mirror-ok,334,first,win,NO_BENCH,96,2,6
BASELINE,tb_eb8c2384_harukiharada_crustle-wall-mirror-ok,335,second,win,NO_BENCH,126,1,3
BASELINE,tb_eb8c2384_harukiharada_crustle-wall-mirror-ok,336,first,win,PRIZES,122,0,4
BASELINE,tb_eb8c2384_harukiharada_crustle-wall-mirror-ok,337,second,win,PRIZES,145,0,5
BASELINE,tb_eb8c2384_harukiharada_crustle-wall-mirror-ok,338,first,win,PRIZES,156,0,5
BASELINE,tb_eb8c2384_harukiharada_crustle-wall-mirror-ok,339,second,win,PRIZES,124,0,6
BASELINE,tb_eb8c2384_harukiharada_crustle-wall-mirror-ok,340,first,loss,PRIZES,161,2,0
BASELINE,tb_eb8c2384_harukiharada_crustle-wall-mirror-ok,341,second,win,PRIZES,129,0,6
BASELINE,tb_eb8c2384_harukiharada_crustle-wall-mirror-ok,342,first,loss,PRIZES,168,1,0
BASELINE,tb_eb8c2384_harukiharada_crustle-wall-mirror-ok,343,second,loss,PRIZES,123,5,0
BASELINE,tb_eb8c2384_harukiharada_crustle-wall-mirror-ok,344,first,win,NO_BENCH,105,1,5
BASELINE,tb_eb8c2384_harukiharada_crustle-wall-mirror-ok,345,second,loss,DECKOUT,152,1,2
BASELINE,tb_eb8c2384_harukiharada_crustle-wall-mirror-ok,346,first,win,NO_BENCH,102,4,5
BASELINE,tb_eb8c2384_harukiharada_crustle-wall-mirror-ok,347,second,loss,DECKOUT,147,1,5
BASELINE,tb_eb8c2384_harukiharada_crustle-wall-mirror-ok,348,first,win,NO_BENCH,127,1,5
BASELINE,tb_eb8c2384_harukiharada_crustle-wall-mirror-ok,349,second,win,PRIZES,141,0,5
BASELINE,tb_eb8c2384_harukiharada_crustle-wall-mirror-ok,350,first,win,PRIZES,169,0,2
BASELINE,tb_eb8c2384_harukiharada_crustle-wall-mirror-ok,351,second,win,PRIZES,142,0,3
BASELINE,tb_eb8c2384_harukiharada_crustle-wall-mirror-ok,352,first,win,NO_BENCH,116,3,5
BASELINE,tb_eb8c2384_harukiharada_crustle-wall-mirror-ok,353,second,win,PRIZES,111,0,6
BASELINE,tb_eb8c2384_harukiharada_crustle-wall-mirror-ok,355,second,win,PRIZES,154,0,4
BASELINE,tb_eb8c2384_harukiharada_crustle-wall-mirror-ok,354,first,loss,DECKOUT,193,3,4
BASELINE,tb_eb8c2384_harukiharada_crustle-wall-mirror-ok,356,first,win,PRIZES,151,0,5
BASELINE,tb_eb8c2384_harukiharada_crustle-wall-mirror-ok,358,first,win,PRIZES,101,0,6
BASELINE,tb_eb8c2384_harukiharada_crustle-wall-mirror-ok,357,second,win,PRIZES,122,0,6
BASELINE,tb_eb8c2384_harukiharada_crustle-wall-mirror-ok,359,second,win,PRIZES,142,0,2
BASELINE,tb_eb8c2384_harukiharada_crustle-wall-mirror-ok,361,second,win,NO_BENCH,26,5,6
BASELINE,tb_eb8c2384_harukiharada_crustle-wall-mirror-ok,360,first,win,NO_BENCH,77,4,6
BASELINE,tb_eb8c2384_harukiharada_crustle-wall-mirror-ok,362,first,win,PRIZES,152,0,1
BASELINE,tb_eb8c2384_harukiharada_crustle-wall-mirror-ok,363,second,win,PRIZES,142,0,2
BASELINE,tb_eb8c2384_harukiharada_crustle-wall-mirror-ok,364,first,win,NO_BENCH,141,4,1
BASELINE,tb_eb8c2384_harukiharada_crustle-wall-mirror-ok,367,second,win,NO_BENCH,23,5,6
BASELINE,tb_eb8c2384_harukiharada_crustle-wall-mirror-ok,365,second,win,PRIZES,159,0,5
BASELINE,tb_eb8c2384_harukiharada_crustle-wall-mirror-ok,366,first,win,PRIZES,192,0,2
BASELINE,tb_eb8c2384_harukiharada_crustle-wall-mirror-ok,368,first,win,PRIZES,122,0,6
BASELINE,tb_eb8c2384_harukiharada_crustle-wall-mirror-ok,369,second,loss,PRIZES,141,3,0
BASELINE,tb_eb8c2384_harukiharada_crustle-wall-mirror-ok,370,first,win,PRIZES,189,0,1
BASELINE,tb_eb8c2384_harukiharada_crustle-wall-mirror-ok,371,second,win,PRIZES,148,0,4
BASELINE,tb_eb8c2384_harukiharada_crustle-wall-mirror-ok,372,first,win,PRIZES,130,0,5
BASELINE,tb_eb8c2384_harukiharada_crustle-wall-mirror-ok,373,second,win,NO_BENCH,47,4,6
BASELINE,tb_eb8c2384_harukiharada_crustle-wall-mirror-ok,375,second,win,NO_BENCH,100,3,5
BASELINE,tb_eb8c2384_harukiharada_crustle-wall-mirror-ok,374,first,win,PRIZES,110,0,6
BASELINE,tb_eb8c2384_harukiharada_crustle-wall-mirror-ok,376,first,win,NO_BENCH,77,3,6
BASELINE,tb_eb8c2384_harukiharada_crustle-wall-mirror-ok,378,first,win,NO_BENCH,103,1,5
BASELINE,tb_eb8c2384_harukiharada_crustle-wall-mirror-ok,377,second,win,PRIZES,189,0,5
BASELINE,tb_eb8c2384_harukiharada_crustle-wall-mirror-ok,379,second,win,PRIZES,118,0,5
BASELINE,tb_eb8c2384_harukiharada_crustle-wall-mirror-ok,381,second,win,NO_BENCH,28,5,6
BASELINE,tb_eb8c2384_harukiharada_crustle-wall-mirror-ok,382,first,win,NO_BENCH,108,1,5
BASELINE,tb_eb8c2384_harukiharada_crustle-wall-mirror-ok,380,first,loss,PRIZES,127,4,0
BASELINE,tb_eb8c2384_harukiharada_crustle-wall-mirror-ok,383,second,win,NO_BENCH,96,1,6
BASELINE,tb_eb8c2384_harukiharada_crustle-wall-mirror-ok,384,first,win,NO_BENCH,86,3,6
BASELINE,tb_eb8c2384_harukiharada_crustle-wall-mirror-ok,385,second,win,NO_BENCH,68,4,5
BASELINE,tb_eb8c2384_harukiharada_crustle-wall-mirror-ok,386,first,win,NO_BENCH,136,1,6
BASELINE,tb_eb8c2384_harukiharada_crustle-wall-mirror-ok,387,second,win,PRIZES,134,0,6
BASELINE,tb_eb8c2384_harukiharada_crustle-wall-mirror-ok,388,first,win,PRIZES,125,0,5
BASELINE,tb_eb8c2384_harukiharada_crustle-wall-mirror-ok,389,second,win,NO_BENCH,24,5,6
BASELINE,tb_eb8c2384_harukiharada_crustle-wall-mirror-ok,390,first,win,PRIZES,201,0,1
BASELINE,tb_eb8c2384_harukiharada_crustle-wall-mirror-ok,391,second,win,NO_BENCH,83,3,6
BASELINE,tb_eb8c2384_harukiharada_crustle-wall-mirror-ok,392,first,win,PRIZES,120,0,6
BASELINE,tb_eb8c2384_harukiharada_crustle-wall-mirror-ok,394,first,win,PRIZES,124,0,5
BASELINE,tb_eb8c2384_harukiharada_crustle-wall-mirror-ok,393,second,win,PRIZES,131,0,4
BASELINE,tb_eb8c2384_harukiharada_crustle-wall-mirror-ok,395,second,win,NO_BENCH,70,3,6
BASELINE,tb_eb8c2384_harukiharada_crustle-wall-mirror-ok,397,second,win,PRIZES,116,0,6
BASELINE,tb_eb8c2384_harukiharada_crustle-wall-mirror-ok,396,first,win,PRIZES,178,0,3
BASELINE,tb_eb8c2384_harukiharada_crustle-wall-mirror-ok,398,first,win,NO_BENCH,72,2,6
BASELINE,tb_eb8c2384_harukiharada_crustle-wall-mirror-ok,400,first,win,NO_BENCH,132,2,4
BASELINE,tb_eb8c2384_harukiharada_crustle-wall-mirror-ok,399,second,loss,DECKOUT,164,1,3
BASELINE,tb_eb8c2384_harukiharada_crustle-wall-mirror-ok,401,second,win,NO_BENCH,78,3,4
BASELINE,tb_eb8c2384_harukiharada_crustle-wall-mirror-ok,403,second,win,NO_BENCH,24,5,6
BASELINE,tb_eb8c2384_harukiharada_crustle-wall-mirror-ok,402,first,win,PRIZES,137,0,6
BASELINE,tb_eb8c2384_harukiharada_crustle-wall-mirror-ok,404,first,win,PRIZES,132,0,5
BASELINE,tb_eb8c2384_harukiharada_crustle-wall-mirror-ok,405,second,win,PRIZES,151,0,4
BASELINE,tb_eb8c2384_harukiharada_crustle-wall-mirror-ok,406,first,win,PRIZES,156,0,5
BASELINE,tb_eb8c2384_harukiharada_crustle-wall-mirror-ok,407,second,win,PRIZES,128,0,5
BASELINE,tb_eb8c2384_harukiharada_crustle-wall-mirror-ok,408,first,win,NO_BENCH,84,1,6
BASELINE,tb_eb8c2384_harukiharada_crustle-wall-mirror-ok,409,second,win,NO_BENCH,19,5,6
BASELINE,tb_eb8c2384_harukiharada_crustle-wall-mirror-ok,410,first,win,NO_BENCH,107,2,2
BASELINE,tb_eb8c2384_harukiharada_crustle-wall-mirror-ok,412,first,win,NO_BENCH,88,2,6
BASELINE,tb_eb8c2384_harukiharada_crustle-wall-mirror-ok,411,second,win,PRIZES,174,0,5
BASELINE,tb_eb8c2384_harukiharada_crustle-wall-mirror-ok,413,second,win,PRIZES,117,0,5
BASELINE,tb_eb8c2384_harukiharada_crustle-wall-mirror-ok,414,first,win,NO_BENCH,105,1,6
BASELINE,tb_eb8c2384_harukiharada_crustle-wall-mirror-ok,415,second,win,NO_BENCH,90,2,6
BASELINE,tb_eb8c2384_harukiharada_crustle-wall-mirror-ok,416,first,win,PRIZES,112,0,6
BASELINE,tb_eb8c2384_harukiharada_crustle-wall-mirror-ok,417,second,win,PRIZES,138,0,6
BASELINE,tb_eb8c2384_harukiharada_crustle-wall-mirror-ok,418,first,win,NO_BENCH,131,2,5
BASELINE,tb_eb8c2384_harukiharada_crustle-wall-mirror-ok,419,second,win,PRIZES,115,0,5
BASELINE,tb_eb8c2384_harukiharada_crustle-wall-mirror-ok,420,first,loss,DECKOUT,150,3,5
BASELINE,tb_eb8c2384_harukiharada_crustle-wall-mirror-ok,421,second,win,NO_BENCH,54,4,6
BASELINE,tb_eb8c2384_harukiharada_crustle-wall-mirror-ok,422,first,win,PRIZES,100,0,6
BASELINE,tb_eb8c2384_harukiharada_crustle-wall-mirror-ok,424,first,win,NO_BENCH,34,5,6
BASELINE,tb_eb8c2384_harukiharada_crustle-wall-mirror-ok,423,second,win,PRIZES,136,0,6
BASELINE,tb_eb8c2384_harukiharada_crustle-wall-mirror-ok,425,second,loss,PRIZES,148,4,0
BASELINE,tb_eb8c2384_harukiharada_crustle-wall-mirror-ok,426,first,win,NO_BENCH,101,1,6
BASELINE,tb_eb8c2384_harukiharada_crustle-wall-mirror-ok,427,second,win,NO_BENCH,128,2,5
BASELINE,tb_eb8c2384_harukiharada_crustle-wall-mirror-ok,428,first,win,NO_BENCH,64,5,5
BASELINE,tb_eb8c2384_harukiharada_crustle-wall-mirror-ok,429,second,win,PRIZES,129,0,6
BASELINE,tb_eb8c2384_harukiharada_crustle-wall-mirror-ok,430,first,win,PRIZES,101,0,6
BASELINE,tb_eb8c2384_harukiharada_crustle-wall-mirror-ok,431,second,win,PRIZES,113,0,6
BASELINE,tb_eb8c2384_harukiharada_crustle-wall-mirror-ok,432,first,win,PRIZES,153,0,4
BASELINE,tb_eb8c2384_harukiharada_crustle-wall-mirror-ok,433,second,win,NO_BENCH,26,5,6
BASELINE,tb_eb8c2384_harukiharada_crustle-wall-mirror-ok,434,first,win,PRIZES,136,0,5
BASELINE,tb_eb8c2384_harukiharada_crustle-wall-mirror-ok,435,second,win,NO_BENCH,119,1,6
BASELINE,tb_eb8c2384_harukiharada_crustle-wall-mirror-ok,436,first,win,PRIZES,154,0,4
BASELINE,tb_eb8c2384_harukiharada_crustle-wall-mirror-ok,437,second,win,PRIZES,129,0,5
BASELINE,tb_eb8c2384_harukiharada_crustle-wall-mirror-ok,438,first,win,PRIZES,127,0,5
BASELINE,tb_eb8c2384_harukiharada_crustle-wall-mirror-ok,439,second,win,PRIZES,132,0,4
BASELINE,tb_eb8c2384_harukiharada_crustle-wall-mirror-ok,440,first,loss,DECKOUT,175,1,1
BASELINE,tb_eb8c2384_harukiharada_crustle-wall-mirror-ok,442,first,win,PRIZES,159,0,4
BASELINE,tb_eb8c2384_harukiharada_crustle-wall-mirror-ok,441,second,win,PRIZES,178,0,4
BASELINE,tb_eb8c2384_harukiharada_crustle-wall-mirror-ok,443,second,win,PRIZES,153,0,5
BASELINE,tb_eb8c2384_harukiharada_crustle-wall-mirror-ok,445,second,win,PRIZES,129,0,5
BASELINE,tb_eb8c2384_harukiharada_crustle-wall-mirror-ok,444,first,win,PRIZES,136,0,6
BASELINE,tb_eb8c2384_harukiharada_crustle-wall-mirror-ok,446,first,win,PRIZES,144,0,5
BASELINE,tb_eb8c2384_harukiharada_crustle-wall-mirror-ok,447,second,win,NO_BENCH,128,1,5
BASELINE,tb_eb8c2384_harukiharada_crustle-wall-mirror-ok,448,first,win,PRIZES,145,0,5
BASELINE,tb_eb8c2384_harukiharada_crustle-wall-mirror-ok,449,second,win,PRIZES,125,0,6
BASELINE,tb_eb8c2384_harukiharada_crustle-wall-mirror-ok,451,second,win,PRIZES,114,0,6
BASELINE,tb_eb8c2384_harukiharada_crustle-wall-mirror-ok,450,first,loss,PRIZES,171,2,0
BASELINE,tb_eb8c2384_harukiharada_crustle-wall-mirror-ok,453,second,win,NO_BENCH,21,5,6
BASELINE,tb_eb8c2384_harukiharada_crustle-wall-mirror-ok,452,first,loss,PRIZES,148,3,0
BASELINE,tb_eb8c2384_harukiharada_crustle-wall-mirror-ok,454,first,win,PRIZES,165,0,4
BASELINE,tb_eb8c2384_harukiharada_crustle-wall-mirror-ok,455,second,win,PRIZES,122,0,6
BASELINE,tb_eb8c2384_harukiharada_crustle-wall-mirror-ok,456,first,win,NO_BENCH,111,1,4
BASELINE,tb_eb8c2384_harukiharada_crustle-wall-mirror-ok,457,second,win,PRIZES,152,0,4
BASELINE,tb_eb8c2384_harukiharada_crustle-wall-mirror-ok,459,second,win,NO_BENCH,11,5,6
BASELINE,tb_eb8c2384_harukiharada_crustle-wall-mirror-ok,458,first,win,NO_BENCH,91,2,6
BASELINE,tb_eb8c2384_harukiharada_crustle-wall-mirror-ok,460,first,win,NO_BENCH,102,3,5
BASELINE,tb_eb8c2384_harukiharada_crustle-wall-mirror-ok,461,second,win,NO_BENCH,45,5,6
BASELINE,tb_eb8c2384_harukiharada_crustle-wall-mirror-ok,462,first,win,NO_BENCH,110,1,6
BASELINE,tb_eb8c2384_harukiharada_crustle-wall-mirror-ok,463,second,win,PRIZES,171,0,5
BASELINE,tb_eb8c2384_harukiharada_crustle-wall-mirror-ok,464,first,win,PRIZES,109,0,5
BASELINE,tb_eb8c2384_harukiharada_crustle-wall-mirror-ok,465,second,win,NO_BENCH,77,3,6
BASELINE,tb_eb8c2384_harukiharada_crustle-wall-mirror-ok,466,first,win,PRIZES,168,0,4
BASELINE,tb_eb8c2384_harukiharada_crustle-wall-mirror-ok,467,second,win,PRIZES,123,0,5
BASELINE,tb_eb8c2384_harukiharada_crustle-wall-mirror-ok,468,first,win,PRIZES,119,0,6
BASELINE,tb_eb8c2384_harukiharada_crustle-wall-mirror-ok,469,second,win,PRIZES,143,0,5
BASELINE,tb_eb8c2384_harukiharada_crustle-wall-mirror-ok,470,first,win,PRIZES,121,0,5
BASELINE,tb_eb8c2384_harukiharada_crustle-wall-mirror-ok,471,second,win,NO_BENCH,107,1,6
BASELINE,tb_eb8c2384_harukiharada_crustle-wall-mirror-ok,472,first,win,PRIZES,115,0,5
BASELINE,tb_eb8c2384_harukiharada_crustle-wall-mirror-ok,473,second,win,PRIZES,138,0,5
BASELINE,tb_eb8c2384_harukiharada_crustle-wall-mirror-ok,474,first,win,PRIZES,161,0,4
BASELINE,tb_eb8c2384_harukiharada_crustle-wall-mirror-ok,475,second,win,NO_BENCH,107,1,5
BASELINE,tb_eb8c2384_harukiharada_crustle-wall-mirror-ok,476,first,win,PRIZES,114,0,6
BASELINE,tb_eb8c2384_harukiharada_crustle-wall-mirror-ok,478,first,win,NO_BENCH,26,5,6
BASELINE,tb_eb8c2384_harukiharada_crustle-wall-mirror-ok,477,second,draw,UNKNOWN,151,0,0
BASELINE,tb_eb8c2384_harukiharada_crustle-wall-mirror-ok,479,second,win,PRIZES,113,0,5
BASELINE,tb_eb8c2384_harukiharada_crustle-wall-mirror-ok,480,first,win,NO_BENCH,59,4,6
BASELINE,tb_eb8c2384_harukiharada_crustle-wall-mirror-ok,481,second,win,PRIZES,151,0,5
BASELINE,tb_eb8c2384_harukiharada_crustle-wall-mirror-ok,482,first,win,PRIZES,135,0,6
BASELINE,tb_eb8c2384_harukiharada_crustle-wall-mirror-ok,483,second,win,NO_BENCH,47,4,6
BASELINE,tb_eb8c2384_harukiharada_crustle-wall-mirror-ok,484,first,win,PRIZES,132,0,4
BASELINE,tb_eb8c2384_harukiharada_crustle-wall-mirror-ok,485,second,loss,DECKOUT,200,3,2
BASELINE,tb_eb8c2384_harukiharada_crustle-wall-mirror-ok,486,first,win,PRIZES,167,0,6
BASELINE,tb_eb8c2384_harukiharada_crustle-wall-mirror-ok,487,second,win,PRIZES,139,0,5
BASELINE,tb_eb8c2384_harukiharada_crustle-wall-mirror-ok,488,first,win,NO_BENCH,131,1,5
BASELINE,tb_eb8c2384_harukiharada_crustle-wall-mirror-ok,489,second,win,NO_BENCH,118,1,5
BASELINE,tb_eb8c2384_harukiharada_crustle-wall-mirror-ok,490,first,win,NO_BENCH,75,3,6
BASELINE,tb_eb8c2384_harukiharada_crustle-wall-mirror-ok,491,second,win,PRIZES,107,0,6
BASELINE,tb_eb8c2384_harukiharada_crustle-wall-mirror-ok,492,first,win,PRIZES,160,0,5
BASELINE,tb_eb8c2384_harukiharada_crustle-wall-mirror-ok,493,second,win,PRIZES,134,0,6
BASELINE,tb_eb8c2384_harukiharada_crustle-wall-mirror-ok,495,second,win,NO_BENCH,36,4,6
BASELINE,tb_eb8c2384_harukiharada_crustle-wall-mirror-ok,494,first,win,PRIZES,142,0,5
BASELINE,tb_eb8c2384_harukiharada_crustle-wall-mirror-ok,496,first,win,NO_BENCH,113,2,6
BASELINE,tb_eb8c2384_harukiharada_crustle-wall-mirror-ok,498,first,win,NO_BENCH,34,3,6
BASELINE,tb_eb8c2384_harukiharada_crustle-wall-mirror-ok,497,second,win,PRIZES,150,0,4
BASELINE,tb_eb8c2384_harukiharada_crustle-wall-mirror-ok,499,second,win,NO_BENCH,127,1,5
BASELINE,tb_eb8c2384_harukiharada_crustle-wall-mirror-ok,500,first,win,NO_BENCH,49,4,6
BASELINE,tb_eb8c2384_harukiharada_crustle-wall-mirror-ok,501,second,win,NO_BENCH,87,2,6
BASELINE,tb_eb8c2384_harukiharada_crustle-wall-mirror-ok,502,first,win,PRIZES,110,0,5
BASELINE,tb_eb8c2384_harukiharada_crustle-wall-mirror-ok,503,second,win,PRIZES,105,0,6
BASELINE,tb_eb8c2384_harukiharada_crustle-wall-mirror-ok,504,first,win,PRIZES,138,0,6
BASELINE,tb_eb8c2384_harukiharada_crustle-wall-mirror-ok,505,second,win,PRIZES,129,0,5
BASELINE,tb_eb8c2384_harukiharada_crustle-wall-mirror-ok,506,first,loss,DECKOUT,203,1,1
BASELINE,tb_eb8c2384_harukiharada_crustle-wall-mirror-ok,507,second,win,PRIZES,102,0,6
BASELINE,tb_eb8c2384_harukiharada_crustle-wall-mirror-ok,508,first,win,NO_BENCH,94,1,6
BASELINE,tb_eb8c2384_harukiharada_crustle-wall-mirror-ok,510,first,win,NO_BENCH,20,5,6
BASELINE,tb_eb8c2384_harukiharada_crustle-wall-mirror-ok,509,second,win,PRIZES,193,0,4
BASELINE,tb_eb8c2384_harukiharada_crustle-wall-mirror-ok,511,second,win,NO_BENCH,37,4,6
BASELINE,tb_eb8c2384_harukiharada_crustle-wall-mirror-ok,512,first,win,NO_BENCH,168,1,5
BASELINE,tb_eb8c2384_harukiharada_crustle-wall-mirror-ok,513,second,loss,DECKOUT,142,1,4
BASELINE,tb_eb8c2384_harukiharada_crustle-wall-mirror-ok,514,first,win,NO_BENCH,105,3,6
BASELINE,tb_eb8c2384_harukiharada_crustle-wall-mirror-ok,515,second,win,NO_BENCH,51,5,6
BASELINE,tb_eb8c2384_harukiharada_crustle-wall-mirror-ok,516,first,loss,DECKOUT,153,3,5
BASELINE,tb_eb8c2384_harukiharada_crustle-wall-mirror-ok,517,second,loss,PRIZES,112,5,0
BASELINE,tb_eb8c2384_harukiharada_crustle-wall-mirror-ok,518,first,win,PRIZES,136,0,3
BASELINE,tb_eb8c2384_harukiharada_crustle-wall-mirror-ok,519,second,win,NO_BENCH,86,2,5
BASELINE,tb_eb8c2384_harukiharada_crustle-wall-mirror-ok,520,first,win,NO_BENCH,100,3,5
BASELINE,tb_eb8c2384_harukiharada_crustle-wall-mirror-ok,521,second,win,PRIZES,112,0,4
BASELINE,tb_eb8c2384_harukiharada_crustle-wall-mirror-ok,522,first,win,NO_BENCH,110,2,6
BASELINE,tb_eb8c2384_harukiharada_crustle-wall-mirror-ok,523,second,win,PRIZES,123,0,6
BASELINE,tb_eb8c2384_harukiharada_crustle-wall-mirror-ok,524,first,win,NO_BENCH,93,3,5
BASELINE,tb_eb8c2384_harukiharada_crustle-wall-mirror-ok,525,second,loss,PRIZES,140,4,0
BASELINE,tb_eb8c2384_harukiharada_crustle-wall-mirror-ok,526,first,win,NO_BENCH,153,1,5
BASELINE,tb_eb8c2384_harukiharada_crustle-wall-mirror-ok,527,second,win,PRIZES,149,0,4
BASELINE,tb_eb8c2384_harukiharada_crustle-wall-mirror-ok,528,first,win,PRIZES,134,0,5
BASELINE,tb_eb8c2384_harukiharada_crustle-wall-mirror-ok,529,second,win,NO_BENCH,64,5,6
BASELINE,tb_eb8c2384_harukiharada_crustle-wall-mirror-ok,531,second,win,PRIZES,119,0,6
BASELINE,tb_eb8c2384_harukiharada_crustle-wall-mirror-ok,530,first,loss,DECKOUT,163,2,6
BASELINE,tb_eb8c2384_harukiharada_crustle-wall-mirror-ok,532,first,loss,PRIZES,129,4,0
BASELINE,tb_eb8c2384_harukiharada_crustle-wall-mirror-ok,533,second,win,NO_BENCH,66,5,6
BASELINE,tb_eb8c2384_harukiharada_crustle-wall-mirror-ok,534,first,win,NO_BENCH,112,1,5
BASELINE,tb_eb8c2384_harukiharada_crustle-wall-mirror-ok,535,second,win,PRIZES,145,0,5
BASELINE,tb_eb8c2384_harukiharada_crustle-wall-mirror-ok,538,first,win,NO_BENCH,112,2,5
BASELINE,tb_eb8c2384_harukiharada_crustle-wall-mirror-ok,537,second,win,NO_BENCH,147,2,5
BASELINE,tb_eb8c2384_harukiharada_crustle-wall-mirror-ok,536,first,win,PRIZES,163,0,5
BASELINE,tb_eb8c2384_harukiharada_crustle-wall-mirror-ok,540,first,win,PRIZES,103,0,6
BASELINE,tb_eb8c2384_harukiharada_crustle-wall-mirror-ok,541,second,win,PRIZES,121,0,6
BASELINE,tb_eb8c2384_harukiharada_crustle-wall-mirror-ok,539,second,win,PRIZES,171,0,1
BASELINE,tb_eb8c2384_harukiharada_crustle-wall-mirror-ok,544,first,win,NO_BENCH,102,2,5
BASELINE,tb_eb8c2384_harukiharada_crustle-wall-mirror-ok,542,first,win,PRIZES,150,0,5
BASELINE,tb_eb8c2384_harukiharada_crustle-wall-mirror-ok,543,second,win,PRIZES,165,0,5
BASELINE,tb_eb8c2384_harukiharada_crustle-wall-mirror-ok,545,second,win,NO_BENCH,140,1,4
BASELINE,tb_eb8c2384_harukiharada_crustle-wall-mirror-ok,546,first,loss,PRIZES,160,2,0
BASELINE,tb_eb8c2384_harukiharada_crustle-wall-mirror-ok,547,second,loss,DECKOUT,176,1,3
BASELINE,tb_eb8c2384_harukiharada_crustle-wall-mirror-ok,549,second,win,NO_BENCH,104,2,5
BASELINE,tb_eb8c2384_harukiharada_crustle-wall-mirror-ok,550,first,win,NO_BENCH,138,2,4
BASELINE,tb_eb8c2384_harukiharada_crustle-wall-mirror-ok,548,first,loss,DECKOUT,214,4,3
BASELINE,tb_eb8c2384_harukiharada_crustle-wall-mirror-ok,551,second,win,NO_BENCH,45,5,6
BASELINE,tb_eb8c2384_harukiharada_crustle-wall-mirror-ok,553,second,win,PRIZES,150,0,5
BASELINE,tb_eb8c2384_harukiharada_crustle-wall-mirror-ok,552,first,loss,DECKOUT,209,1,5
BASELINE,tb_eb8c2384_harukiharada_crustle-wall-mirror-ok,554,first,win,PRIZES,103,0,6
BASELINE,tb_eb8c2384_harukiharada_crustle-wall-mirror-ok,555,second,loss,DECKOUT,157,3,1
BASELINE,tb_eb8c2384_harukiharada_crustle-wall-mirror-ok,556,first,win,NO_BENCH,113,1,5
BASELINE,tb_eb8c2384_harukiharada_crustle-wall-mirror-ok,557,second,win,NO_BENCH,57,4,6
BASELINE,tb_eb8c2384_harukiharada_crustle-wall-mirror-ok,558,first,win,NO_BENCH,107,2,5
BASELINE,tb_eb8c2384_harukiharada_crustle-wall-mirror-ok,559,second,win,PRIZES,112,0,5
BASELINE,tb_eb8c2384_harukiharada_crustle-wall-mirror-ok,560,first,win,NO_BENCH,81,4,6
BASELINE,tb_eb8c2384_harukiharada_crustle-wall-mirror-ok,562,first,win,NO_BENCH,34,5,6
BASELINE,tb_eb8c2384_harukiharada_crustle-wall-mirror-ok,561,second,win,PRIZES,115,0,5
BASELINE,tb_eb8c2384_harukiharada_crustle-wall-mirror-ok,563,second,win,PRIZES,104,0,6
BASELINE,tb_eb8c2384_harukiharada_crustle-wall-mirror-ok,565,second,win,NO_BENCH,127,2,6
BASELINE,tb_eb8c2384_harukiharada_crustle-wall-mirror-ok,564,first,loss,DECKOUT,184,2,6
BASELINE,tb_eb8c2384_harukiharada_crustle-wall-mirror-ok,566,first,win,PRIZES,154,0,5
BASELINE,tb_eb8c2384_harukiharada_crustle-wall-mirror-ok,568,first,win,NO_BENCH,139,1,3
BASELINE,tb_eb8c2384_harukiharada_crustle-wall-mirror-ok,567,second,win,PRIZES,133,0,5
BASELINE,tb_eb8c2384_harukiharada_crustle-wall-mirror-ok,569,second,win,PRIZES,141,0,3
BASELINE,tb_eb8c2384_harukiharada_crustle-wall-mirror-ok,571,second,loss,NO_BENCH,66,6,2
BASELINE,tb_eb8c2384_harukiharada_crustle-wall-mirror-ok,570,first,win,PRIZES,117,0,6
BASELINE,tb_eb8c2384_harukiharada_crustle-wall-mirror-ok,572,first,win,NO_BENCH,93,3,6
BASELINE,tb_eb8c2384_harukiharada_crustle-wall-mirror-ok,573,second,loss,PRIZES,191,2,0
BASELINE,tb_eb8c2384_harukiharada_crustle-wall-mirror-ok,574,first,loss,DECKOUT,151,1,6
BASELINE,tb_eb8c2384_harukiharada_crustle-wall-mirror-ok,575,second,win,PRIZES,130,0,5
BASELINE,tb_eb8c2384_harukiharada_crustle-wall-mirror-ok,577,second,win,NO_BENCH,23,5,6
BASELINE,tb_eb8c2384_harukiharada_crustle-wall-mirror-ok,576,first,loss,DECKOUT,161,2,2
BASELINE,tb_eb8c2384_harukiharada_crustle-wall-mirror-ok,578,first,loss,DECKOUT,163,2,2
BASELINE,tb_eb8c2384_harukiharada_crustle-wall-mirror-ok,579,second,win,PRIZES,138,0,5
BASELINE,tb_eb8c2384_harukiharada_crustle-wall-mirror-ok,580,first,win,PRIZES,135,0,5
BASELINE,tb_eb8c2384_harukiharada_crustle-wall-mirror-ok,581,second,win,PRIZES,136,0,5
BASELINE,tb_eb8c2384_harukiharada_crustle-wall-mirror-ok,583,second,win,NO_BENCH,23,5,6
BASELINE,tb_eb8c2384_harukiharada_crustle-wall-mirror-ok,582,first,loss,DECKOUT,192,1,5
BASELINE,tb_eb8c2384_harukiharada_crustle-wall-mirror-ok,584,first,win,NO_BENCH,141,2,5
BASELINE,tb_eb8c2384_harukiharada_crustle-wall-mirror-ok,585,second,win,PRIZES,145,0,1
BASELINE,tb_eb8c2384_harukiharada_crustle-wall-mirror-ok,586,first,win,PRIZES,125,0,5
BASELINE,tb_eb8c2384_harukiharada_crustle-wall-mirror-ok,587,second,loss,PRIZES,191,2,0
BASELINE,tb_eb8c2384_harukiharada_crustle-wall-mirror-ok,588,first,win,PRIZES,143,0,5
BASELINE,tb_eb8c2384_harukiharada_crustle-wall-mirror-ok,589,second,win,PRIZES,141,0,6
BASELINE,tb_eb8c2384_harukiharada_crustle-wall-mirror-ok,592,first,win,NO_BENCH,64,4,6
BASELINE,tb_eb8c2384_harukiharada_crustle-wall-mirror-ok,590,first,win,NO_BENCH,99,2,5
BASELINE,tb_eb8c2384_harukiharada_crustle-wall-mirror-ok,591,second,win,PRIZES,130,0,5
BASELINE,tb_eb8c2384_harukiharada_crustle-wall-mirror-ok,595,second,win,NO_BENCH,46,5,6
BASELINE,tb_eb8c2384_harukiharada_crustle-wall-mirror-ok,593,second,win,PRIZES,107,0,6
BASELINE,tb_eb8c2384_harukiharada_crustle-wall-mirror-ok,594,first,loss,DECKOUT,188,1,5
BASELINE,tb_eb8c2384_harukiharada_crustle-wall-mirror-ok,596,first,win,NO_BENCH,51,5,6
BASELINE,tb_eb8c2384_harukiharada_crustle-wall-mirror-ok,597,second,win,PRIZES,141,0,5
BASELINE,tb_eb8c2384_harukiharada_crustle-wall-mirror-ok,598,first,win,NO_BENCH,116,1,5
BASELINE,tb_eb8c2384_harukiharada_crustle-wall-mirror-ok,599,second,loss,DECKOUT,224,1,2
BASELINE,tb_64e9991a_raunakdey07_pok-mon-tcg-advanced-heuristic-agent,1,second,loss,PRIZES,132,4,0
BASELINE,tb_64e9991a_raunakdey07_pok-mon-tcg-advanced-heuristic-agent,0,first,loss,PRIZES,125,4,0
BASELINE,tb_64e9991a_raunakdey07_pok-mon-tcg-advanced-heuristic-agent,2,first,loss,PRIZES,189,1,0
BASELINE,tb_64e9991a_raunakdey07_pok-mon-tcg-advanced-heuristic-agent,3,second,loss,PRIZES,183,1,0
BASELINE,tb_64e9991a_raunakdey07_pok-mon-tcg-advanced-heuristic-agent,6,first,win,NO_BENCH,28,5,6
BASELINE,tb_64e9991a_raunakdey07_pok-mon-tcg-advanced-heuristic-agent,4,first,loss,PRIZES,148,3,0
BASELINE,tb_64e9991a_raunakdey07_pok-mon-tcg-advanced-heuristic-agent,5,second,loss,PRIZES,149,3,0
BASELINE,tb_64e9991a_raunakdey07_pok-mon-tcg-advanced-heuristic-agent,7,second,loss,PRIZES,163,2,0
BASELINE,tb_64e9991a_raunakdey07_pok-mon-tcg-advanced-heuristic-agent,8,first,loss,PRIZES,143,4,0
BASELINE,tb_64e9991a_raunakdey07_pok-mon-tcg-advanced-heuristic-agent,10,first,loss,PRIZES,130,5,0
BASELINE,tb_64e9991a_raunakdey07_pok-mon-tcg-advanced-heuristic-agent,9,second,win,PRIZES,190,0,2
BASELINE,tb_64e9991a_raunakdey07_pok-mon-tcg-advanced-heuristic-agent,11,second,loss,PRIZES,180,2,0
BASELINE,tb_64e9991a_raunakdey07_pok-mon-tcg-advanced-heuristic-agent,14,first,loss,PRIZES,167,3,0
BASELINE,tb_64e9991a_raunakdey07_pok-mon-tcg-advanced-heuristic-agent,12,first,loss,PRIZES,155,3,0
BASELINE,tb_64e9991a_raunakdey07_pok-mon-tcg-advanced-heuristic-agent,13,second,loss,PRIZES,132,3,0
BASELINE,tb_64e9991a_raunakdey07_pok-mon-tcg-advanced-heuristic-agent,15,second,win,NO_BENCH,121,1,5
BASELINE,tb_64e9991a_raunakdey07_pok-mon-tcg-advanced-heuristic-agent,16,first,loss,PRIZES,128,3,0
BASELINE,tb_64e9991a_raunakdey07_pok-mon-tcg-advanced-heuristic-agent,18,first,loss,PRIZES,150,5,0
BASELINE,tb_64e9991a_raunakdey07_pok-mon-tcg-advanced-heuristic-agent,19,second,loss,PRIZES,113,5,0
BASELINE,tb_64e9991a_raunakdey07_pok-mon-tcg-advanced-heuristic-agent,17,second,loss,PRIZES,165,3,0
BASELINE,tb_64e9991a_raunakdey07_pok-mon-tcg-advanced-heuristic-agent,22,first,loss,PRIZES,153,3,0
BASELINE,tb_64e9991a_raunakdey07_pok-mon-tcg-advanced-heuristic-agent,20,first,loss,PRIZES,193,1,0
BASELINE,tb_64e9991a_raunakdey07_pok-mon-tcg-advanced-heuristic-agent,21,second,loss,PRIZES,145,4,0
BASELINE,tb_64e9991a_raunakdey07_pok-mon-tcg-advanced-heuristic-agent,24,first,loss,NO_BENCH,50,6,5
BASELINE,tb_64e9991a_raunakdey07_pok-mon-tcg-advanced-heuristic-agent,26,first,loss,PRIZES,135,6,0
BASELINE,tb_64e9991a_raunakdey07_pok-mon-tcg-advanced-heuristic-agent,27,second,win,NO_BENCH,52,4,6
BASELINE,tb_64e9991a_raunakdey07_pok-mon-tcg-advanced-heuristic-agent,25,second,loss,PRIZES,196,1,0
BASELINE,tb_64e9991a_raunakdey07_pok-mon-tcg-advanced-heuristic-agent,29,second,win,NO_BENCH,31,5,6
BASELINE,tb_64e9991a_raunakdey07_pok-mon-tcg-advanced-heuristic-agent,30,first,win,NO_BENCH,64,4,6
BASELINE,tb_64e9991a_raunakdey07_pok-mon-tcg-advanced-heuristic-agent,28,first,loss,PRIZES,151,5,0
BASELINE,tb_64e9991a_raunakdey07_pok-mon-tcg-advanced-heuristic-agent,31,second,loss,PRIZES,118,6,0
BASELINE,tb_64e9991a_raunakdey07_pok-mon-tcg-advanced-heuristic-agent,23,second,loss,PRIZES,130,4,0
BASELINE,tb_64e9991a_raunakdey07_pok-mon-tcg-advanced-heuristic-agent,33,second,win,PRIZES,141,0,6
BASELINE,tb_64e9991a_raunakdey07_pok-mon-tcg-advanced-heuristic-agent,34,first,loss,PRIZES,137,5,0
BASELINE,tb_64e9991a_raunakdey07_pok-mon-tcg-advanced-heuristic-agent,32,first,loss,PRIZES,131,6,0
BASELINE,tb_64e9991a_raunakdey07_pok-mon-tcg-advanced-heuristic-agent,35,second,loss,PRIZES,185,3,0
BASELINE,tb_64e9991a_raunakdey07_pok-mon-tcg-advanced-heuristic-agent,36,first,loss,PRIZES,194,2,0
BASELINE,tb_64e9991a_raunakdey07_pok-mon-tcg-advanced-heuristic-agent,37,second,loss,PRIZES,153,4,0
BASELINE,tb_64e9991a_raunakdey07_pok-mon-tcg-advanced-heuristic-agent,39,second,win,NO_BENCH,90,2,6
BASELINE,tb_64e9991a_raunakdey07_pok-mon-tcg-advanced-heuristic-agent,40,first,loss,PRIZES,119,5,0
BASELINE,tb_64e9991a_raunakdey07_pok-mon-tcg-advanced-heuristic-agent,38,first,loss,PRIZES,161,1,0
BASELINE,tb_64e9991a_raunakdey07_pok-mon-tcg-advanced-heuristic-agent,41,second,win,NO_BENCH,143,2,5
BASELINE,tb_64e9991a_raunakdey07_pok-mon-tcg-advanced-heuristic-agent,43,second,loss,PRIZES,103,6,0
BASELINE,tb_64e9991a_raunakdey07_pok-mon-tcg-advanced-heuristic-agent,42,first,loss,PRIZES,172,2,0
BASELINE,tb_64e9991a_raunakdey07_pok-mon-tcg-advanced-heuristic-agent,44,first,loss,PRIZES,152,2,0
BASELINE,tb_64e9991a_raunakdey07_pok-mon-tcg-advanced-heuristic-agent,47,second,win,NO_BENCH,20,5,6
BASELINE,tb_64e9991a_raunakdey07_pok-mon-tcg-advanced-heuristic-agent,45,second,win,PRIZES,139,0,4
BASELINE,tb_64e9991a_raunakdey07_pok-mon-tcg-advanced-heuristic-agent,49,second,win,NO_BENCH,33,5,6
BASELINE,tb_64e9991a_raunakdey07_pok-mon-tcg-advanced-heuristic-agent,50,first,loss,PRIZES,137,3,0
BASELINE,tb_64e9991a_raunakdey07_pok-mon-tcg-advanced-heuristic-agent,46,first,loss,PRIZES,179,1,0
BASELINE,tb_64e9991a_raunakdey07_pok-mon-tcg-advanced-heuristic-agent,52,first,win,NO_BENCH,25,5,6
BASELINE,tb_64e9991a_raunakdey07_pok-mon-tcg-advanced-heuristic-agent,51,second,loss,PRIZES,174,1,0
BASELINE,tb_64e9991a_raunakdey07_pok-mon-tcg-advanced-heuristic-agent,53,second,loss,PRIZES,116,3,0
BASELINE,tb_64e9991a_raunakdey07_pok-mon-tcg-advanced-heuristic-agent,48,first,loss,PRIZES,163,2,0
BASELINE,tb_64e9991a_raunakdey07_pok-mon-tcg-advanced-heuristic-agent,54,first,loss,PRIZES,168,3,0
BASELINE,tb_64e9991a_raunakdey07_pok-mon-tcg-advanced-heuristic-agent,55,second,loss,PRIZES,160,2,0
BASELINE,tb_64e9991a_raunakdey07_pok-mon-tcg-advanced-heuristic-agent,56,first,loss,PRIZES,155,4,0
BASELINE,tb_64e9991a_raunakdey07_pok-mon-tcg-advanced-heuristic-agent,57,second,loss,PRIZES,128,4,0
BASELINE,tb_64e9991a_raunakdey07_pok-mon-tcg-advanced-heuristic-agent,60,first,win,PRIZES,145,0,6
BASELINE,tb_64e9991a_raunakdey07_pok-mon-tcg-advanced-heuristic-agent,59,second,loss,PRIZES,142,4,0
BASELINE,tb_64e9991a_raunakdey07_pok-mon-tcg-advanced-heuristic-agent,58,first,loss,PRIZES,156,3,0
BASELINE,tb_64e9991a_raunakdey07_pok-mon-tcg-advanced-heuristic-agent,62,first,loss,PRIZES,101,6,0
BASELINE,tb_64e9991a_raunakdey07_pok-mon-tcg-advanced-heuristic-agent,64,first,win,NO_BENCH,33,5,6
BASELINE,tb_64e9991a_raunakdey07_pok-mon-tcg-advanced-heuristic-agent,61,second,loss,PRIZES,127,6,0
BASELINE,tb_64e9991a_raunakdey07_pok-mon-tcg-advanced-heuristic-agent,63,second,loss,PRIZES,166,2,0
BASELINE,tb_64e9991a_raunakdey07_pok-mon-tcg-advanced-heuristic-agent,65,second,loss,PRIZES,165,3,0
BASELINE,tb_64e9991a_raunakdey07_pok-mon-tcg-advanced-heuristic-agent,68,first,win,NO_BENCH,32,5,6
BASELINE,tb_64e9991a_raunakdey07_pok-mon-tcg-advanced-heuristic-agent,67,second,loss,PRIZES,127,5,0
BASELINE,tb_64e9991a_raunakdey07_pok-mon-tcg-advanced-heuristic-agent,66,first,loss,PRIZES,151,5,0
BASELINE,tb_64e9991a_raunakdey07_pok-mon-tcg-advanced-heuristic-agent,70,first,win,NO_BENCH,31,5,6
BASELINE,tb_64e9991a_raunakdey07_pok-mon-tcg-advanced-heuristic-agent,69,second,loss,PRIZES,112,6,0
BASELINE,tb_64e9991a_raunakdey07_pok-mon-tcg-advanced-heuristic-agent,72,first,loss,PRIZES,125,5,0
BASELINE,tb_64e9991a_raunakdey07_pok-mon-tcg-advanced-heuristic-agent,73,second,loss,PRIZES,157,1,0
BASELINE,tb_64e9991a_raunakdey07_pok-mon-tcg-advanced-heuristic-agent,71,second,loss,PRIZES,170,2,0
BASELINE,tb_64e9991a_raunakdey07_pok-mon-tcg-advanced-heuristic-agent,74,first,loss,PRIZES,178,1,0
BASELINE,tb_64e9991a_raunakdey07_pok-mon-tcg-advanced-heuristic-agent,77,second,win,PRIZES,137,0,6
BASELINE,tb_64e9991a_raunakdey07_pok-mon-tcg-advanced-heuristic-agent,75,second,win,PRIZES,171,0,4
BASELINE,tb_64e9991a_raunakdey07_pok-mon-tcg-advanced-heuristic-agent,76,first,win,DECKOUT,195,2,1
BASELINE,tb_64e9991a_raunakdey07_pok-mon-tcg-advanced-heuristic-agent,78,first,loss,NO_BENCH,68,6,4
BASELINE,tb_64e9991a_raunakdey07_pok-mon-tcg-advanced-heuristic-agent,81,second,loss,PRIZES,119,5,0
BASELINE,tb_64e9991a_raunakdey07_pok-mon-tcg-advanced-heuristic-agent,79,second,loss,PRIZES,165,1,0
BASELINE,tb_64e9991a_raunakdey07_pok-mon-tcg-advanced-heuristic-agent,80,first,loss,PRIZES,128,3,0
BASELINE,tb_64e9991a_raunakdey07_pok-mon-tcg-advanced-heuristic-agent,82,first,loss,PRIZES,128,5,0
BASELINE,tb_64e9991a_raunakdey07_pok-mon-tcg-advanced-heuristic-agent,84,first,loss,PRIZES,110,6,0
BASELINE,tb_64e9991a_raunakdey07_pok-mon-tcg-advanced-heuristic-agent,85,second,loss,PRIZES,149,3,0
BASELINE,tb_64e9991a_raunakdey07_pok-mon-tcg-advanced-heuristic-agent,86,first,loss,PRIZES,126,5,0
BASELINE,tb_64e9991a_raunakdey07_pok-mon-tcg-advanced-heuristic-agent,83,second,loss,PRIZES,123,6,0
BASELINE,tb_64e9991a_raunakdey07_pok-mon-tcg-advanced-heuristic-agent,89,second,win,NO_BENCH,58,4,6
BASELINE,tb_64e9991a_raunakdey07_pok-mon-tcg-advanced-heuristic-agent,87,second,loss,PRIZES,166,4,0
BASELINE,tb_64e9991a_raunakdey07_pok-mon-tcg-advanced-heuristic-agent,88,first,loss,PRIZES,176,1,0
BASELINE,tb_64e9991a_raunakdey07_pok-mon-tcg-advanced-heuristic-agent,91,second,loss,PRIZES,94,4,0
BASELINE,tb_64e9991a_raunakdey07_pok-mon-tcg-advanced-heuristic-agent,92,first,loss,PRIZES,117,5,0
BASELINE,tb_64e9991a_raunakdey07_pok-mon-tcg-advanced-heuristic-agent,90,first,loss,PRIZES,129,6,0
BASELINE,tb_64e9991a_raunakdey07_pok-mon-tcg-advanced-heuristic-agent,93,second,loss,PRIZES,163,2,0
BASELINE,tb_64e9991a_raunakdey07_pok-mon-tcg-advanced-heuristic-agent,94,first,win,PRIZES,161,0,3
BASELINE,tb_64e9991a_raunakdey07_pok-mon-tcg-advanced-heuristic-agent,95,second,loss,PRIZES,158,2,0
BASELINE,tb_64e9991a_raunakdey07_pok-mon-tcg-advanced-heuristic-agent,96,first,loss,PRIZES,139,3,0
BASELINE,tb_64e9991a_raunakdey07_pok-mon-tcg-advanced-heuristic-agent,97,second,loss,PRIZES,186,2,0
BASELINE,tb_64e9991a_raunakdey07_pok-mon-tcg-advanced-heuristic-agent,98,first,loss,PRIZES,133,3,0
BASELINE,tb_64e9991a_raunakdey07_pok-mon-tcg-advanced-heuristic-agent,99,second,loss,PRIZES,184,3,0
BASELINE,tb_64e9991a_raunakdey07_pok-mon-tcg-advanced-heuristic-agent,101,second,win,NO_BENCH,28,5,6
BASELINE,tb_64e9991a_raunakdey07_pok-mon-tcg-advanced-heuristic-agent,102,first,win,NO_BENCH,83,2,6
BASELINE,tb_64e9991a_raunakdey07_pok-mon-tcg-advanced-heuristic-agent,100,first,loss,PRIZES,155,3,0
BASELINE,tb_64e9991a_raunakdey07_pok-mon-tcg-advanced-heuristic-agent,103,second,loss,PRIZES,144,4,0
BASELINE,tb_64e9991a_raunakdey07_pok-mon-tcg-advanced-heuristic-agent,105,second,loss,PRIZES,114,4,0
BASELINE,tb_64e9991a_raunakdey07_pok-mon-tcg-advanced-heuristic-agent,104,first,loss,PRIZES,162,4,0
BASELINE,tb_64e9991a_raunakdey07_pok-mon-tcg-advanced-heuristic-agent,106,first,loss,PRIZES,145,3,0
BASELINE,tb_64e9991a_raunakdey07_pok-mon-tcg-advanced-heuristic-agent,108,first,win,NO_BENCH,114,1,5
BASELINE,tb_64e9991a_raunakdey07_pok-mon-tcg-advanced-heuristic-agent,107,second,loss,PRIZES,149,3,0
BASELINE,tb_64e9991a_raunakdey07_pok-mon-tcg-advanced-heuristic-agent,110,first,loss,PRIZES,122,6,0
BASELINE,tb_64e9991a_raunakdey07_pok-mon-tcg-advanced-heuristic-agent,109,second,loss,PRIZES,174,1,0
BASELINE,tb_64e9991a_raunakdey07_pok-mon-tcg-advanced-heuristic-agent,112,first,win,PRIZES,158,0,6
BASELINE,tb_64e9991a_raunakdey07_pok-mon-tcg-advanced-heuristic-agent,111,second,loss,PRIZES,157,3,0
BASELINE,tb_64e9991a_raunakdey07_pok-mon-tcg-advanced-heuristic-agent,113,second,loss,PRIZES,140,3,0
BASELINE,tb_64e9991a_raunakdey07_pok-mon-tcg-advanced-heuristic-agent,114,first,loss,PRIZES,121,4,0
BASELINE,tb_64e9991a_raunakdey07_pok-mon-tcg-advanced-heuristic-agent,115,second,loss,PRIZES,144,3,0
BASELINE,tb_64e9991a_raunakdey07_pok-mon-tcg-advanced-heuristic-agent,118,first,win,NO_BENCH,32,5,6
BASELINE,tb_64e9991a_raunakdey07_pok-mon-tcg-advanced-heuristic-agent,116,first,loss,PRIZES,172,3,0
BASELINE,tb_64e9991a_raunakdey07_pok-mon-tcg-advanced-heuristic-agent,117,second,loss,PRIZES,97,4,0
BASELINE,tb_64e9991a_raunakdey07_pok-mon-tcg-advanced-heuristic-agent,119,second,loss,PRIZES,144,3,0
BASELINE,tb_64e9991a_raunakdey07_pok-mon-tcg-advanced-heuristic-agent,121,second,loss,PRIZES,139,4,0
BASELINE,tb_64e9991a_raunakdey07_pok-mon-tcg-advanced-heuristic-agent,120,first,loss,PRIZES,136,4,0
BASELINE,tb_64e9991a_raunakdey07_pok-mon-tcg-advanced-heuristic-agent,124,first,loss,PRIZES,94,5,0
BASELINE,tb_64e9991a_raunakdey07_pok-mon-tcg-advanced-heuristic-agent,123,second,loss,PRIZES,104,5,0
BASELINE,tb_64e9991a_raunakdey07_pok-mon-tcg-advanced-heuristic-agent,122,first,loss,PRIZES,162,1,0
BASELINE,tb_64e9991a_raunakdey07_pok-mon-tcg-advanced-heuristic-agent,127,second,loss,PRIZES,120,5,0
BASELINE,tb_64e9991a_raunakdey07_pok-mon-tcg-advanced-heuristic-agent,126,first,loss,PRIZES,105,5,0
BASELINE,tb_64e9991a_raunakdey07_pok-mon-tcg-advanced-heuristic-agent,125,second,loss,PRIZES,185,2,0
BASELINE,tb_64e9991a_raunakdey07_pok-mon-tcg-advanced-heuristic-agent,128,first,loss,PRIZES,173,2,0
BASELINE,tb_64e9991a_raunakdey07_pok-mon-tcg-advanced-heuristic-agent,130,first,loss,PRIZES,170,3,0
BASELINE,tb_64e9991a_raunakdey07_pok-mon-tcg-advanced-heuristic-agent,129,second,loss,PRIZES,196,1,0
BASELINE,tb_64e9991a_raunakdey07_pok-mon-tcg-advanced-heuristic-agent,131,second,loss,PRIZES,157,4,0
BASELINE,tb_64e9991a_raunakdey07_pok-mon-tcg-advanced-heuristic-agent,133,second,loss,PRIZES,84,5,0
BASELINE,tb_64e9991a_raunakdey07_pok-mon-tcg-advanced-heuristic-agent,132,first,loss,PRIZES,131,4,0
BASELINE,tb_64e9991a_raunakdey07_pok-mon-tcg-advanced-heuristic-agent,136,first,win,NO_BENCH,41,5,6
BASELINE,tb_64e9991a_raunakdey07_pok-mon-tcg-advanced-heuristic-agent,134,first,loss,PRIZES,121,4,0
BASELINE,tb_64e9991a_raunakdey07_pok-mon-tcg-advanced-heuristic-agent,135,second,win,PRIZES,169,0,1
BASELINE,tb_64e9991a_raunakdey07_pok-mon-tcg-advanced-heuristic-agent,138,first,loss,PRIZES,161,3,0
BASELINE,tb_64e9991a_raunakdey07_pok-mon-tcg-advanced-heuristic-agent,139,second,loss,PRIZES,161,3,0
BASELINE,tb_64e9991a_raunakdey07_pok-mon-tcg-advanced-heuristic-agent,140,first,loss,PRIZES,139,4,0
BASELINE,tb_64e9991a_raunakdey07_pok-mon-tcg-advanced-heuristic-agent,137,second,win,PRIZES,186,0,1
BASELINE,tb_64e9991a_raunakdey07_pok-mon-tcg-advanced-heuristic-agent,143,second,win,PRIZES,132,0,5
BASELINE,tb_64e9991a_raunakdey07_pok-mon-tcg-advanced-heuristic-agent,144,first,win,NO_BENCH,44,4,6
BASELINE,tb_64e9991a_raunakdey07_pok-mon-tcg-advanced-heuristic-agent,142,first,loss,PRIZES,121,3,0
BASELINE,tb_64e9991a_raunakdey07_pok-mon-tcg-advanced-heuristic-agent,141,second,loss,PRIZES,151,3,0
BASELINE,tb_64e9991a_raunakdey07_pok-mon-tcg-advanced-heuristic-agent,145,second,loss,PRIZES,123,4,0
BASELINE,tb_64e9991a_raunakdey07_pok-mon-tcg-advanced-heuristic-agent,148,first,loss,PRIZES,158,3,0
BASELINE,tb_64e9991a_raunakdey07_pok-mon-tcg-advanced-heuristic-agent,147,second,win,PRIZES,160,0,6
BASELINE,tb_64e9991a_raunakdey07_pok-mon-tcg-advanced-heuristic-agent,146,first,loss,PRIZES,183,2,0
BASELINE,tb_64e9991a_raunakdey07_pok-mon-tcg-advanced-heuristic-agent,149,second,win,PRIZES,145,0,3
BASELINE,tb_64e9991a_raunakdey07_pok-mon-tcg-advanced-heuristic-agent,151,second,loss,PRIZES,141,3,0
BASELINE,tb_64e9991a_raunakdey07_pok-mon-tcg-advanced-heuristic-agent,152,first,loss,PRIZES,133,5,0
BASELINE,tb_64e9991a_raunakdey07_pok-mon-tcg-advanced-heuristic-agent,150,first,loss,PRIZES,143,3,0
BASELINE,tb_64e9991a_raunakdey07_pok-mon-tcg-advanced-heuristic-agent,153,second,win,PRIZES,140,0,6
BASELINE,tb_64e9991a_raunakdey07_pok-mon-tcg-advanced-heuristic-agent,154,first,loss,PRIZES,153,2,0
BASELINE,tb_64e9991a_raunakdey07_pok-mon-tcg-advanced-heuristic-agent,155,second,loss,PRIZES,80,5,0
BASELINE,tb_64e9991a_raunakdey07_pok-mon-tcg-advanced-heuristic-agent,157,second,loss,PRIZES,144,5,0
BASELINE,tb_64e9991a_raunakdey07_pok-mon-tcg-advanced-heuristic-agent,156,first,loss,PRIZES,158,1,0
BASELINE,tb_64e9991a_raunakdey07_pok-mon-tcg-advanced-heuristic-agent,158,first,loss,PRIZES,191,1,0
BASELINE,tb_64e9991a_raunakdey07_pok-mon-tcg-advanced-heuristic-agent,161,second,win,NO_BENCH,25,5,6
BASELINE,tb_64e9991a_raunakdey07_pok-mon-tcg-advanced-heuristic-agent,159,second,loss,PRIZES,113,4,0
BASELINE,tb_64e9991a_raunakdey07_pok-mon-tcg-advanced-heuristic-agent,160,first,loss,PRIZES,170,2,0
BASELINE,tb_64e9991a_raunakdey07_pok-mon-tcg-advanced-heuristic-agent,162,first,loss,PRIZES,132,5,0
BASELINE,tb_64e9991a_raunakdey07_pok-mon-tcg-advanced-heuristic-agent,163,second,loss,PRIZES,119,5,0
BASELINE,tb_64e9991a_raunakdey07_pok-mon-tcg-advanced-heuristic-agent,165,second,loss,PRIZES,138,5,0
BASELINE,tb_64e9991a_raunakdey07_pok-mon-tcg-advanced-heuristic-agent,164,first,loss,PRIZES,156,3,0
BASELINE,tb_64e9991a_raunakdey07_pok-mon-tcg-advanced-heuristic-agent,167,second,loss,PRIZES,152,3,0
BASELINE,tb_64e9991a_raunakdey07_pok-mon-tcg-advanced-heuristic-agent,168,first,loss,PRIZES,134,6,0
BASELINE,tb_64e9991a_raunakdey07_pok-mon-tcg-advanced-heuristic-agent,166,first,loss,PRIZES,156,4,0
BASELINE,tb_64e9991a_raunakdey07_pok-mon-tcg-advanced-heuristic-agent,169,second,loss,PRIZES,158,2,0
BASELINE,tb_64e9991a_raunakdey07_pok-mon-tcg-advanced-heuristic-agent,170,first,loss,PRIZES,179,3,0
BASELINE,tb_64e9991a_raunakdey07_pok-mon-tcg-advanced-heuristic-agent,171,second,loss,PRIZES,141,3,0
BASELINE,tb_64e9991a_raunakdey07_pok-mon-tcg-advanced-heuristic-agent,173,second,loss,PRIZES,128,5,0
BASELINE,tb_64e9991a_raunakdey07_pok-mon-tcg-advanced-heuristic-agent,174,first,win,PRIZES,160,0,6
BASELINE,tb_64e9991a_raunakdey07_pok-mon-tcg-advanced-heuristic-agent,172,first,loss,PRIZES,164,1,0
BASELINE,tb_64e9991a_raunakdey07_pok-mon-tcg-advanced-heuristic-agent,177,second,win,PRIZES,131,0,3
BASELINE,tb_64e9991a_raunakdey07_pok-mon-tcg-advanced-heuristic-agent,175,second,win,PRIZES,158,0,5
BASELINE,tb_64e9991a_raunakdey07_pok-mon-tcg-advanced-heuristic-agent,178,first,loss,PRIZES,140,5,0
BASELINE,tb_64e9991a_raunakdey07_pok-mon-tcg-advanced-heuristic-agent,176,first,loss,PRIZES,165,2,0
BASELINE,tb_64e9991a_raunakdey07_pok-mon-tcg-advanced-heuristic-agent,179,second,loss,PRIZES,175,2,0
BASELINE,tb_64e9991a_raunakdey07_pok-mon-tcg-advanced-heuristic-agent,181,second,loss,PRIZES,139,4,0
BASELINE,tb_64e9991a_raunakdey07_pok-mon-tcg-advanced-heuristic-agent,180,first,loss,PRIZES,136,3,0
BASELINE,tb_64e9991a_raunakdey07_pok-mon-tcg-advanced-heuristic-agent,183,second,loss,PRIZES,119,4,0
BASELINE,tb_64e9991a_raunakdey07_pok-mon-tcg-advanced-heuristic-agent,184,first,loss,PRIZES,111,4,0
BASELINE,tb_64e9991a_raunakdey07_pok-mon-tcg-advanced-heuristic-agent,182,first,loss,PRIZES,125,4,0
BASELINE,tb_64e9991a_raunakdey07_pok-mon-tcg-advanced-heuristic-agent,186,first,win,NO_BENCH,39,5,6
BASELINE,tb_64e9991a_raunakdey07_pok-mon-tcg-advanced-heuristic-agent,188,first,win,NO_BENCH,77,3,6
BASELINE,tb_64e9991a_raunakdey07_pok-mon-tcg-advanced-heuristic-agent,189,second,loss,PRIZES,106,5,0
BASELINE,tb_64e9991a_raunakdey07_pok-mon-tcg-advanced-heuristic-agent,190,first,win,NO_BENCH,47,3,6
BASELINE,tb_64e9991a_raunakdey07_pok-mon-tcg-advanced-heuristic-agent,185,second,loss,PRIZES,135,4,0
BASELINE,tb_64e9991a_raunakdey07_pok-mon-tcg-advanced-heuristic-agent,187,second,loss,PRIZES,153,4,0
BASELINE,tb_64e9991a_raunakdey07_pok-mon-tcg-advanced-heuristic-agent,192,first,loss,PRIZES,119,5,0
BASELINE,tb_64e9991a_raunakdey07_pok-mon-tcg-advanced-heuristic-agent,191,second,loss,PRIZES,199,1,0
BASELINE,tb_64e9991a_raunakdey07_pok-mon-tcg-advanced-heuristic-agent,193,second,loss,PRIZES,140,3,0
BASELINE,tb_64e9991a_raunakdey07_pok-mon-tcg-advanced-heuristic-agent,196,first,loss,PRIZES,159,2,0
BASELINE,tb_64e9991a_raunakdey07_pok-mon-tcg-advanced-heuristic-agent,194,first,loss,PRIZES,154,3,0
BASELINE,tb_64e9991a_raunakdey07_pok-mon-tcg-advanced-heuristic-agent,195,second,loss,PRIZES,142,3,0
BASELINE,tb_64e9991a_raunakdey07_pok-mon-tcg-advanced-heuristic-agent,197,second,loss,PRIZES,126,4,0
BASELINE,tb_64e9991a_raunakdey07_pok-mon-tcg-advanced-heuristic-agent,200,first,loss,PRIZES,145,4,0
BASELINE,tb_64e9991a_raunakdey07_pok-mon-tcg-advanced-heuristic-agent,198,first,loss,PRIZES,161,1,0
BASELINE,tb_64e9991a_raunakdey07_pok-mon-tcg-advanced-heuristic-agent,201,second,win,PRIZES,153,0,6
BASELINE,tb_64e9991a_raunakdey07_pok-mon-tcg-advanced-heuristic-agent,199,second,loss,PRIZES,162,3,0
BASELINE,tb_64e9991a_raunakdey07_pok-mon-tcg-advanced-heuristic-agent,203,second,win,NO_BENCH,124,1,5
BASELINE,tb_64e9991a_raunakdey07_pok-mon-tcg-advanced-heuristic-agent,205,second,loss,PRIZES,87,6,0
BASELINE,tb_64e9991a_raunakdey07_pok-mon-tcg-advanced-heuristic-agent,204,first,loss,PRIZES,135,5,0
BASELINE,tb_64e9991a_raunakdey07_pok-mon-tcg-advanced-heuristic-agent,202,first,win,DECKOUT,175,2,2
BASELINE,tb_64e9991a_raunakdey07_pok-mon-tcg-advanced-heuristic-agent,208,first,win,NO_BENCH,55,4,6
BASELINE,tb_64e9991a_raunakdey07_pok-mon-tcg-advanced-heuristic-agent,207,second,loss,PRIZES,142,5,0
BASELINE,tb_64e9991a_raunakdey07_pok-mon-tcg-advanced-heuristic-agent,206,first,loss,PRIZES,181,2,0
BASELINE,tb_64e9991a_raunakdey07_pok-mon-tcg-advanced-heuristic-agent,210,first,loss,PRIZES,138,5,0
BASELINE,tb_64e9991a_raunakdey07_pok-mon-tcg-advanced-heuristic-agent,209,second,loss,PRIZES,129,5,0
BASELINE,tb_64e9991a_raunakdey07_pok-mon-tcg-advanced-heuristic-agent,212,first,loss,PRIZES,146,3,0
BASELINE,tb_64e9991a_raunakdey07_pok-mon-tcg-advanced-heuristic-agent,211,second,loss,PRIZES,174,3,0
BASELINE,tb_64e9991a_raunakdey07_pok-mon-tcg-advanced-heuristic-agent,213,second,loss,PRIZES,188,1,0
BASELINE,tb_64e9991a_raunakdey07_pok-mon-tcg-advanced-heuristic-agent,214,first,loss,PRIZES,139,4,0
BASELINE,tb_64e9991a_raunakdey07_pok-mon-tcg-advanced-heuristic-agent,215,second,loss,PRIZES,131,4,0
BASELINE,tb_64e9991a_raunakdey07_pok-mon-tcg-advanced-heuristic-agent,216,first,win,PRIZES,148,0,3
BASELINE,tb_64e9991a_raunakdey07_pok-mon-tcg-advanced-heuristic-agent,217,second,loss,PRIZES,192,1,0
BASELINE,tb_64e9991a_raunakdey07_pok-mon-tcg-advanced-heuristic-agent,218,first,loss,PRIZES,134,3,0
BASELINE,tb_64e9991a_raunakdey07_pok-mon-tcg-advanced-heuristic-agent,221,second,win,PRIZES,142,0,6
BASELINE,tb_64e9991a_raunakdey07_pok-mon-tcg-advanced-heuristic-agent,219,second,loss,PRIZES,142,4,0
BASELINE,tb_64e9991a_raunakdey07_pok-mon-tcg-advanced-heuristic-agent,220,first,win,PRIZES,182,0,4
BASELINE,tb_64e9991a_raunakdey07_pok-mon-tcg-advanced-heuristic-agent,223,second,win,NO_BENCH,42,5,6
BASELINE,tb_64e9991a_raunakdey07_pok-mon-tcg-advanced-heuristic-agent,222,first,loss,PRIZES,171,1,0
BASELINE,tb_64e9991a_raunakdey07_pok-mon-tcg-advanced-heuristic-agent,225,second,loss,PRIZES,141,4,0
BASELINE,tb_64e9991a_raunakdey07_pok-mon-tcg-advanced-heuristic-agent,224,first,loss,PRIZES,144,3,0
BASELINE,tb_64e9991a_raunakdey07_pok-mon-tcg-advanced-heuristic-agent,226,first,loss,PRIZES,163,2,0
BASELINE,tb_64e9991a_raunakdey07_pok-mon-tcg-advanced-heuristic-agent,227,second,loss,PRIZES,151,4,0
BASELINE,tb_64e9991a_raunakdey07_pok-mon-tcg-advanced-heuristic-agent,228,first,loss,PRIZES,181,2,0
BASELINE,tb_64e9991a_raunakdey07_pok-mon-tcg-advanced-heuristic-agent,231,second,win,NO_BENCH,64,4,6
BASELINE,tb_64e9991a_raunakdey07_pok-mon-tcg-advanced-heuristic-agent,229,second,loss,PRIZES,152,3,0
BASELINE,tb_64e9991a_raunakdey07_pok-mon-tcg-advanced-heuristic-agent,233,second,win,NO_BENCH,17,5,6
BASELINE,tb_64e9991a_raunakdey07_pok-mon-tcg-advanced-heuristic-agent,234,first,loss,PRIZES,138,3,0
BASELINE,tb_64e9991a_raunakdey07_pok-mon-tcg-advanced-heuristic-agent,232,first,loss,PRIZES,154,3,0
BASELINE,tb_64e9991a_raunakdey07_pok-mon-tcg-advanced-heuristic-agent,230,first,loss,PRIZES,200,1,0
BASELINE,tb_64e9991a_raunakdey07_pok-mon-tcg-advanced-heuristic-agent,235,second,loss,PRIZES,118,4,0
BASELINE,tb_64e9991a_raunakdey07_pok-mon-tcg-advanced-heuristic-agent,236,first,loss,PRIZES,133,3,0
BASELINE,tb_64e9991a_raunakdey07_pok-mon-tcg-advanced-heuristic-agent,237,second,loss,PRIZES,192,2,0
BASELINE,tb_64e9991a_raunakdey07_pok-mon-tcg-advanced-heuristic-agent,238,first,loss,PRIZES,155,3,0
BASELINE,tb_64e9991a_raunakdey07_pok-mon-tcg-advanced-heuristic-agent,239,second,loss,PRIZES,132,4,0
BASELINE,tb_64e9991a_raunakdey07_pok-mon-tcg-advanced-heuristic-agent,240,first,loss,PRIZES,130,4,0
BASELINE,tb_64e9991a_raunakdey07_pok-mon-tcg-advanced-heuristic-agent,242,first,loss,PRIZES,128,3,0
BASELINE,tb_64e9991a_raunakdey07_pok-mon-tcg-advanced-heuristic-agent,241,second,loss,PRIZES,155,3,0
BASELINE,tb_64e9991a_raunakdey07_pok-mon-tcg-advanced-heuristic-agent,244,first,win,NO_BENCH,29,5,6
BASELINE,tb_64e9991a_raunakdey07_pok-mon-tcg-advanced-heuristic-agent,243,second,loss,PRIZES,134,4,0
BASELINE,tb_64e9991a_raunakdey07_pok-mon-tcg-advanced-heuristic-agent,245,second,loss,PRIZES,157,3,0
BASELINE,tb_64e9991a_raunakdey07_pok-mon-tcg-advanced-heuristic-agent,247,second,loss,PRIZES,155,1,0
BASELINE,tb_64e9991a_raunakdey07_pok-mon-tcg-advanced-heuristic-agent,246,first,loss,PRIZES,145,4,0
BASELINE,tb_64e9991a_raunakdey07_pok-mon-tcg-advanced-heuristic-agent,248,first,loss,PRIZES,110,6,0
BASELINE,tb_64e9991a_raunakdey07_pok-mon-tcg-advanced-heuristic-agent,249,second,loss,PRIZES,149,4,0
BASELINE,tb_64e9991a_raunakdey07_pok-mon-tcg-advanced-heuristic-agent,251,second,loss,PRIZES,179,1,0
BASELINE,tb_64e9991a_raunakdey07_pok-mon-tcg-advanced-heuristic-agent,250,first,loss,NO_BENCH,72,6,4
BASELINE,tb_64e9991a_raunakdey07_pok-mon-tcg-advanced-heuristic-agent,252,first,loss,PRIZES,156,4,0
BASELINE,tb_64e9991a_raunakdey07_pok-mon-tcg-advanced-heuristic-agent,254,first,loss,PRIZES,117,4,0
BASELINE,tb_64e9991a_raunakdey07_pok-mon-tcg-advanced-heuristic-agent,253,second,loss,PRIZES,164,2,0
BASELINE,tb_64e9991a_raunakdey07_pok-mon-tcg-advanced-heuristic-agent,255,second,loss,PRIZES,127,6,0
BASELINE,tb_64e9991a_raunakdey07_pok-mon-tcg-advanced-heuristic-agent,256,first,loss,PRIZES,178,3,0
BASELINE,tb_64e9991a_raunakdey07_pok-mon-tcg-advanced-heuristic-agent,258,first,loss,PRIZES,155,3,0
BASELINE,tb_64e9991a_raunakdey07_pok-mon-tcg-advanced-heuristic-agent,257,second,loss,PRIZES,177,1,0
BASELINE,tb_64e9991a_raunakdey07_pok-mon-tcg-advanced-heuristic-agent,261,second,win,NO_BENCH,45,4,6
BASELINE,tb_64e9991a_raunakdey07_pok-mon-tcg-advanced-heuristic-agent,259,second,win,PRIZES,171,0,3
BASELINE,tb_64e9991a_raunakdey07_pok-mon-tcg-advanced-heuristic-agent,262,first,loss,PRIZES,140,3,0
BASELINE,tb_64e9991a_raunakdey07_pok-mon-tcg-advanced-heuristic-agent,260,first,loss,PRIZES,153,4,0
BASELINE,tb_64e9991a_raunakdey07_pok-mon-tcg-advanced-heuristic-agent,263,second,loss,PRIZES,165,3,0
BASELINE,tb_64e9991a_raunakdey07_pok-mon-tcg-advanced-heuristic-agent,265,second,loss,PRIZES,137,3,0
BASELINE,tb_64e9991a_raunakdey07_pok-mon-tcg-advanced-heuristic-agent,264,first,loss,PRIZES,172,2,0
BASELINE,tb_64e9991a_raunakdey07_pok-mon-tcg-advanced-heuristic-agent,266,first,loss,DECKOUT,188,2,1
BASELINE,tb_64e9991a_raunakdey07_pok-mon-tcg-advanced-heuristic-agent,267,second,loss,PRIZES,173,3,0
BASELINE,tb_64e9991a_raunakdey07_pok-mon-tcg-advanced-heuristic-agent,269,second,loss,PRIZES,123,6,0
BASELINE,tb_64e9991a_raunakdey07_pok-mon-tcg-advanced-heuristic-agent,268,first,loss,PRIZES,128,4,0
BASELINE,tb_64e9991a_raunakdey07_pok-mon-tcg-advanced-heuristic-agent,270,first,loss,PRIZES,149,3,0
BASELINE,tb_64e9991a_raunakdey07_pok-mon-tcg-advanced-heuristic-agent,271,second,loss,PRIZES,145,3,0
BASELINE,tb_64e9991a_raunakdey07_pok-mon-tcg-advanced-heuristic-agent,272,first,loss,PRIZES,153,3,0
BASELINE,tb_64e9991a_raunakdey07_pok-mon-tcg-advanced-heuristic-agent,273,second,loss,PRIZES,164,2,0
BASELINE,tb_64e9991a_raunakdey07_pok-mon-tcg-advanced-heuristic-agent,274,first,loss,PRIZES,147,4,0
BASELINE,tb_64e9991a_raunakdey07_pok-mon-tcg-advanced-heuristic-agent,277,second,win,NO_BENCH,62,4,6
BASELINE,tb_64e9991a_raunakdey07_pok-mon-tcg-advanced-heuristic-agent,275,second,loss,PRIZES,138,4,0
BASELINE,tb_64e9991a_raunakdey07_pok-mon-tcg-advanced-heuristic-agent,276,first,loss,PRIZES,149,3,0
BASELINE,tb_64e9991a_raunakdey07_pok-mon-tcg-advanced-heuristic-agent,279,second,loss,PRIZES,168,3,0
BASELINE,tb_64e9991a_raunakdey07_pok-mon-tcg-advanced-heuristic-agent,280,first,loss,PRIZES,131,3,0
BASELINE,tb_64e9991a_raunakdey07_pok-mon-tcg-advanced-heuristic-agent,278,first,loss,PRIZES,146,3,0
BASELINE,tb_64e9991a_raunakdey07_pok-mon-tcg-advanced-heuristic-agent,281,second,loss,PRIZES,83,5,0
BASELINE,tb_64e9991a_raunakdey07_pok-mon-tcg-advanced-heuristic-agent,282,first,loss,PRIZES,178,2,0
BASELINE,tb_64e9991a_raunakdey07_pok-mon-tcg-advanced-heuristic-agent,283,second,loss,PRIZES,160,3,0
BASELINE,tb_64e9991a_raunakdey07_pok-mon-tcg-advanced-heuristic-agent,284,first,loss,PRIZES,149,4,0
BASELINE,tb_64e9991a_raunakdey07_pok-mon-tcg-advanced-heuristic-agent,285,second,win,DECKOUT,158,4,2
BASELINE,tb_64e9991a_raunakdey07_pok-mon-tcg-advanced-heuristic-agent,287,second,loss,PRIZES,156,3,0
BASELINE,tb_64e9991a_raunakdey07_pok-mon-tcg-advanced-heuristic-agent,286,first,loss,PRIZES,123,6,0
BASELINE,tb_64e9991a_raunakdey07_pok-mon-tcg-advanced-heuristic-agent,288,first,loss,PRIZES,120,4,0
BASELINE,tb_64e9991a_raunakdey07_pok-mon-tcg-advanced-heuristic-agent,289,second,loss,PRIZES,125,5,0
BASELINE,tb_64e9991a_raunakdey07_pok-mon-tcg-advanced-heuristic-agent,290,first,win,PRIZES,183,0,2
BASELINE,tb_64e9991a_raunakdey07_pok-mon-tcg-advanced-heuristic-agent,291,second,loss,PRIZES,129,5,0
BASELINE,tb_64e9991a_raunakdey07_pok-mon-tcg-advanced-heuristic-agent,292,first,win,PRIZES,156,0,5
BASELINE,tb_64e9991a_raunakdey07_pok-mon-tcg-advanced-heuristic-agent,295,second,loss,PRIZES,117,5,0
BASELINE,tb_64e9991a_raunakdey07_pok-mon-tcg-advanced-heuristic-agent,294,first,loss,PRIZES,143,5,0
BASELINE,tb_64e9991a_raunakdey07_pok-mon-tcg-advanced-heuristic-agent,296,first,loss,PRIZES,132,5,0
BASELINE,tb_64e9991a_raunakdey07_pok-mon-tcg-advanced-heuristic-agent,293,second,loss,PRIZES,180,2,0
BASELINE,tb_64e9991a_raunakdey07_pok-mon-tcg-advanced-heuristic-agent,298,first,loss,PRIZES,88,6,0
BASELINE,tb_64e9991a_raunakdey07_pok-mon-tcg-advanced-heuristic-agent,300,first,win,NO_BENCH,40,5,6
BASELINE,tb_64e9991a_raunakdey07_pok-mon-tcg-advanced-heuristic-agent,299,second,loss,PRIZES,149,5,0
BASELINE,tb_64e9991a_raunakdey07_pok-mon-tcg-advanced-heuristic-agent,297,second,loss,PRIZES,129,3,0
BASELINE,tb_64e9991a_raunakdey07_pok-mon-tcg-advanced-heuristic-agent,301,second,loss,PRIZES,157,1,0
BASELINE,tb_64e9991a_raunakdey07_pok-mon-tcg-advanced-heuristic-agent,302,first,loss,PRIZES,155,4,0
BASELINE,tb_64e9991a_raunakdey07_pok-mon-tcg-advanced-heuristic-agent,303,second,loss,PRIZES,168,3,0
BASELINE,tb_64e9991a_raunakdey07_pok-mon-tcg-advanced-heuristic-agent,304,first,loss,PRIZES,122,6,0
BASELINE,tb_64e9991a_raunakdey07_pok-mon-tcg-advanced-heuristic-agent,305,second,loss,PRIZES,188,3,0
BASELINE,tb_64e9991a_raunakdey07_pok-mon-tcg-advanced-heuristic-agent,306,first,loss,PRIZES,110,4,0
BASELINE,tb_64e9991a_raunakdey07_pok-mon-tcg-advanced-heuristic-agent,309,second,win,NO_BENCH,96,2,6
BASELINE,tb_64e9991a_raunakdey07_pok-mon-tcg-advanced-heuristic-agent,307,second,loss,PRIZES,153,4,0
BASELINE,tb_64e9991a_raunakdey07_pok-mon-tcg-advanced-heuristic-agent,310,first,win,PRIZES,124,0,6
BASELINE,tb_64e9991a_raunakdey07_pok-mon-tcg-advanced-heuristic-agent,308,first,loss,PRIZES,173,1,0
BASELINE,tb_64e9991a_raunakdey07_pok-mon-tcg-advanced-heuristic-agent,311,second,win,NO_BENCH,146,1,2
BASELINE,tb_64e9991a_raunakdey07_pok-mon-tcg-advanced-heuristic-agent,312,first,loss,PRIZES,115,4,0
BASELINE,tb_64e9991a_raunakdey07_pok-mon-tcg-advanced-heuristic-agent,314,first,win,PRIZES,159,0,3
BASELINE,tb_64e9991a_raunakdey07_pok-mon-tcg-advanced-heuristic-agent,313,second,loss,PRIZES,153,6,0
BASELINE,tb_64e9991a_raunakdey07_pok-mon-tcg-advanced-heuristic-agent,315,second,loss,PRIZES,107,4,0
BASELINE,tb_64e9991a_raunakdey07_pok-mon-tcg-advanced-heuristic-agent,318,first,loss,PRIZES,96,5,0
BASELINE,tb_64e9991a_raunakdey07_pok-mon-tcg-advanced-heuristic-agent,319,second,win,PRIZES,121,0,6
BASELINE,tb_64e9991a_raunakdey07_pok-mon-tcg-advanced-heuristic-agent,317,second,loss,PRIZES,180,3,0
BASELINE,tb_64e9991a_raunakdey07_pok-mon-tcg-advanced-heuristic-agent,321,second,loss,NO_BENCH,96,5,1
BASELINE,tb_64e9991a_raunakdey07_pok-mon-tcg-advanced-heuristic-agent,316,first,loss,PRIZES,148,4,0
BASELINE,tb_64e9991a_raunakdey07_pok-mon-tcg-advanced-heuristic-agent,322,first,loss,PRIZES,150,5,0
BASELINE,tb_64e9991a_raunakdey07_pok-mon-tcg-advanced-heuristic-agent,323,second,loss,PRIZES,170,1,0
BASELINE,tb_64e9991a_raunakdey07_pok-mon-tcg-advanced-heuristic-agent,324,first,loss,NO_BENCH,74,5,2
BASELINE,tb_64e9991a_raunakdey07_pok-mon-tcg-advanced-heuristic-agent,320,first,loss,PRIZES,137,4,0
BASELINE,tb_64e9991a_raunakdey07_pok-mon-tcg-advanced-heuristic-agent,325,second,win,NO_BENCH,114,1,6
BASELINE,tb_64e9991a_raunakdey07_pok-mon-tcg-advanced-heuristic-agent,326,first,loss,PRIZES,138,4,0
BASELINE,tb_64e9991a_raunakdey07_pok-mon-tcg-advanced-heuristic-agent,327,second,loss,PRIZES,175,1,0
BASELINE,tb_64e9991a_raunakdey07_pok-mon-tcg-advanced-heuristic-agent,330,first,win,NO_BENCH,66,4,6
BASELINE,tb_64e9991a_raunakdey07_pok-mon-tcg-advanced-heuristic-agent,329,second,loss,PRIZES,160,4,0
BASELINE,tb_64e9991a_raunakdey07_pok-mon-tcg-advanced-heuristic-agent,331,second,win,NO_BENCH,94,2,6
BASELINE,tb_64e9991a_raunakdey07_pok-mon-tcg-advanced-heuristic-agent,328,first,loss,PRIZES,150,3,0
BASELINE,tb_64e9991a_raunakdey07_pok-mon-tcg-advanced-heuristic-agent,333,second,win,NO_BENCH,30,5,6
BASELINE,tb_64e9991a_raunakdey07_pok-mon-tcg-advanced-heuristic-agent,334,first,loss,PRIZES,127,4,0
BASELINE,tb_64e9991a_raunakdey07_pok-mon-tcg-advanced-heuristic-agent,332,first,loss,PRIZES,144,4,0
BASELINE,tb_64e9991a_raunakdey07_pok-mon-tcg-advanced-heuristic-agent,335,second,loss,PRIZES,124,5,0
BASELINE,tb_64e9991a_raunakdey07_pok-mon-tcg-advanced-heuristic-agent,336,first,loss,PRIZES,107,3,0
BASELINE,tb_64e9991a_raunakdey07_pok-mon-tcg-advanced-heuristic-agent,337,second,loss,PRIZES,115,4,0
BASELINE,tb_64e9991a_raunakdey07_pok-mon-tcg-advanced-heuristic-agent,338,first,loss,PRIZES,128,5,0
BASELINE,tb_64e9991a_raunakdey07_pok-mon-tcg-advanced-heuristic-agent,339,second,loss,PRIZES,144,3,0
BASELINE,tb_64e9991a_raunakdey07_pok-mon-tcg-advanced-heuristic-agent,340,first,loss,PRIZES,144,4,0
BASELINE,tb_64e9991a_raunakdey07_pok-mon-tcg-advanced-heuristic-agent,342,first,loss,PRIZES,145,4,0
BASELINE,tb_64e9991a_raunakdey07_pok-mon-tcg-advanced-heuristic-agent,341,second,loss,PRIZES,160,3,0
BASELINE,tb_64e9991a_raunakdey07_pok-mon-tcg-advanced-heuristic-agent,343,second,loss,PRIZES,141,3,0
BASELINE,tb_64e9991a_raunakdey07_pok-mon-tcg-advanced-heuristic-agent,344,first,loss,PRIZES,148,5,0
BASELINE,tb_64e9991a_raunakdey07_pok-mon-tcg-advanced-heuristic-agent,345,second,loss,PRIZES,148,5,0
BASELINE,tb_64e9991a_raunakdey07_pok-mon-tcg-advanced-heuristic-agent,347,second,loss,PRIZES,137,5,0
BASELINE,tb_64e9991a_raunakdey07_pok-mon-tcg-advanced-heuristic-agent,348,first,loss,PRIZES,152,4,0
BASELINE,tb_64e9991a_raunakdey07_pok-mon-tcg-advanced-heuristic-agent,346,first,loss,PRIZES,186,2,0
BASELINE,tb_64e9991a_raunakdey07_pok-mon-tcg-advanced-heuristic-agent,350,first,win,PRIZES,119,0,6
BASELINE,tb_64e9991a_raunakdey07_pok-mon-tcg-advanced-heuristic-agent,349,second,loss,PRIZES,128,6,0
BASELINE,tb_64e9991a_raunakdey07_pok-mon-tcg-advanced-heuristic-agent,352,first,loss,PRIZES,174,4,0
BASELINE,tb_64e9991a_raunakdey07_pok-mon-tcg-advanced-heuristic-agent,351,second,loss,PRIZES,151,3,0
BASELINE,tb_64e9991a_raunakdey07_pok-mon-tcg-advanced-heuristic-agent,353,second,loss,PRIZES,166,2,0
BASELINE,tb_64e9991a_raunakdey07_pok-mon-tcg-advanced-heuristic-agent,354,first,loss,PRIZES,129,3,0
BASELINE,tb_64e9991a_raunakdey07_pok-mon-tcg-advanced-heuristic-agent,355,second,loss,PRIZES,125,5,0
BASELINE,tb_64e9991a_raunakdey07_pok-mon-tcg-advanced-heuristic-agent,358,first,win,PRIZES,187,0,1
BASELINE,tb_64e9991a_raunakdey07_pok-mon-tcg-advanced-heuristic-agent,356,first,loss,PRIZES,146,3,0
BASELINE,tb_64e9991a_raunakdey07_pok-mon-tcg-advanced-heuristic-agent,357,second,loss,PRIZES,174,1,0
BASELINE,tb_64e9991a_raunakdey07_pok-mon-tcg-advanced-heuristic-agent,359,second,loss,PRIZES,136,3,0
BASELINE,tb_64e9991a_raunakdey07_pok-mon-tcg-advanced-heuristic-agent,360,first,loss,PRIZES,117,5,0
BASELINE,tb_64e9991a_raunakdey07_pok-mon-tcg-advanced-heuristic-agent,363,second,loss,NO_BENCH,55,6,4
BASELINE,tb_64e9991a_raunakdey07_pok-mon-tcg-advanced-heuristic-agent,362,first,loss,PRIZES,123,4,0
BASELINE,tb_64e9991a_raunakdey07_pok-mon-tcg-advanced-heuristic-agent,361,second,loss,PRIZES,141,4,0
BASELINE,tb_64e9991a_raunakdey07_pok-mon-tcg-advanced-heuristic-agent,366,first,loss,PRIZES,142,3,0
BASELINE,tb_64e9991a_raunakdey07_pok-mon-tcg-advanced-heuristic-agent,364,first,loss,PRIZES,129,4,0
BASELINE,tb_64e9991a_raunakdey07_pok-mon-tcg-advanced-heuristic-agent,365,second,loss,PRIZES,150,3,0
BASELINE,tb_64e9991a_raunakdey07_pok-mon-tcg-advanced-heuristic-agent,367,second,loss,PRIZES,153,2,0
BASELINE,tb_64e9991a_raunakdey07_pok-mon-tcg-advanced-heuristic-agent,369,second,loss,PRIZES,142,4,0
BASELINE,tb_64e9991a_raunakdey07_pok-mon-tcg-advanced-heuristic-agent,368,first,loss,PRIZES,148,3,0
BASELINE,tb_64e9991a_raunakdey07_pok-mon-tcg-advanced-heuristic-agent,372,first,loss,PRIZES,145,4,0
BASELINE,tb_64e9991a_raunakdey07_pok-mon-tcg-advanced-heuristic-agent,370,first,loss,PRIZES,141,3,0
BASELINE,tb_64e9991a_raunakdey07_pok-mon-tcg-advanced-heuristic-agent,371,second,loss,PRIZES,178,1,0
BASELINE,tb_64e9991a_raunakdey07_pok-mon-tcg-advanced-heuristic-agent,373,second,loss,PRIZES,168,2,0
BASELINE,tb_64e9991a_raunakdey07_pok-mon-tcg-advanced-heuristic-agent,374,first,loss,PRIZES,119,5,0
BASELINE,tb_64e9991a_raunakdey07_pok-mon-tcg-advanced-heuristic-agent,377,second,win,NO_BENCH,84,2,6
BASELINE,tb_64e9991a_raunakdey07_pok-mon-tcg-advanced-heuristic-agent,376,first,loss,NO_BENCH,82,5,3
BASELINE,tb_64e9991a_raunakdey07_pok-mon-tcg-advanced-heuristic-agent,375,second,loss,PRIZES,154,4,0
BASELINE,tb_64e9991a_raunakdey07_pok-mon-tcg-advanced-heuristic-agent,379,second,loss,PRIZES,169,2,0
BASELINE,tb_64e9991a_raunakdey07_pok-mon-tcg-advanced-heuristic-agent,380,first,loss,PRIZES,158,3,0
BASELINE,tb_64e9991a_raunakdey07_pok-mon-tcg-advanced-heuristic-agent,378,first,loss,PRIZES,152,3,0
BASELINE,tb_64e9991a_raunakdey07_pok-mon-tcg-advanced-heuristic-agent,382,first,loss,PRIZES,113,3,0
BASELINE,tb_64e9991a_raunakdey07_pok-mon-tcg-advanced-heuristic-agent,381,second,loss,PRIZES,156,4,0
BASELINE,tb_64e9991a_raunakdey07_pok-mon-tcg-advanced-heuristic-agent,383,second,loss,PRIZES,152,2,0
BASELINE,tb_64e9991a_raunakdey07_pok-mon-tcg-advanced-heuristic-agent,384,first,loss,PRIZES,112,5,0
BASELINE,tb_64e9991a_raunakdey07_pok-mon-tcg-advanced-heuristic-agent,385,second,loss,PRIZES,112,4,0
BASELINE,tb_64e9991a_raunakdey07_pok-mon-tcg-advanced-heuristic-agent,386,first,loss,PRIZES,137,5,0
BASELINE,tb_64e9991a_raunakdey07_pok-mon-tcg-advanced-heuristic-agent,387,second,loss,PRIZES,152,4,0
BASELINE,tb_64e9991a_raunakdey07_pok-mon-tcg-advanced-heuristic-agent,389,second,loss,PRIZES,152,3,0
BASELINE,tb_64e9991a_raunakdey07_pok-mon-tcg-advanced-heuristic-agent,388,first,loss,PRIZES,142,4,0
BASELINE,tb_64e9991a_raunakdey07_pok-mon-tcg-advanced-heuristic-agent,390,first,loss,PRIZES,116,5,0
BASELINE,tb_64e9991a_raunakdey07_pok-mon-tcg-advanced-heuristic-agent,391,second,loss,PRIZES,124,4,0
BASELINE,tb_64e9991a_raunakdey07_pok-mon-tcg-advanced-heuristic-agent,393,second,loss,PRIZES,143,5,0
BASELINE,tb_64e9991a_raunakdey07_pok-mon-tcg-advanced-heuristic-agent,394,first,loss,PRIZES,121,3,0
BASELINE,tb_64e9991a_raunakdey07_pok-mon-tcg-advanced-heuristic-agent,395,second,win,NO_BENCH,71,3,6
BASELINE,tb_64e9991a_raunakdey07_pok-mon-tcg-advanced-heuristic-agent,392,first,loss,PRIZES,155,4,0
BASELINE,tb_64e9991a_raunakdey07_pok-mon-tcg-advanced-heuristic-agent,396,first,loss,PRIZES,127,5,0
BASELINE,tb_64e9991a_raunakdey07_pok-mon-tcg-advanced-heuristic-agent,398,first,loss,PRIZES,130,5,0
BASELINE,tb_64e9991a_raunakdey07_pok-mon-tcg-advanced-heuristic-agent,400,first,loss,NO_BENCH,56,6,4
BASELINE,tb_64e9991a_raunakdey07_pok-mon-tcg-advanced-heuristic-agent,397,second,loss,PRIZES,164,2,0
BASELINE,tb_64e9991a_raunakdey07_pok-mon-tcg-advanced-heuristic-agent,399,second,loss,PRIZES,147,4,0
BASELINE,tb_64e9991a_raunakdey07_pok-mon-tcg-advanced-heuristic-agent,402,first,loss,PRIZES,102,6,0
BASELINE,tb_64e9991a_raunakdey07_pok-mon-tcg-advanced-heuristic-agent,401,second,loss,PRIZES,158,3,0
BASELINE,tb_64e9991a_raunakdey07_pok-mon-tcg-advanced-heuristic-agent,404,first,loss,PRIZES,119,2,0
BASELINE,tb_64e9991a_raunakdey07_pok-mon-tcg-advanced-heuristic-agent,403,second,win,PRIZES,153,0,6
BASELINE,tb_64e9991a_raunakdey07_pok-mon-tcg-advanced-heuristic-agent,405,second,loss,PRIZES,117,4,0
BASELINE,tb_64e9991a_raunakdey07_pok-mon-tcg-advanced-heuristic-agent,406,first,win,PRIZES,150,0,5
BASELINE,tb_64e9991a_raunakdey07_pok-mon-tcg-advanced-heuristic-agent,409,second,win,NO_BENCH,28,5,6
BASELINE,tb_64e9991a_raunakdey07_pok-mon-tcg-advanced-heuristic-agent,410,first,loss,PRIZES,129,5,0
BASELINE,tb_64e9991a_raunakdey07_pok-mon-tcg-advanced-heuristic-agent,407,second,loss,PRIZES,164,3,0
BASELINE,tb_64e9991a_raunakdey07_pok-mon-tcg-advanced-heuristic-agent,408,first,loss,PRIZES,153,3,0
BASELINE,tb_64e9991a_raunakdey07_pok-mon-tcg-advanced-heuristic-agent,411,second,win,NO_BENCH,103,1,6
BASELINE,tb_64e9991a_raunakdey07_pok-mon-tcg-advanced-heuristic-agent,412,first,loss,PRIZES,182,1,0
BASELINE,tb_64e9991a_raunakdey07_pok-mon-tcg-advanced-heuristic-agent,413,second,loss,PRIZES,160,2,0
BASELINE,tb_64e9991a_raunakdey07_pok-mon-tcg-advanced-heuristic-agent,414,first,loss,PRIZES,165,2,0
BASELINE,tb_64e9991a_raunakdey07_pok-mon-tcg-advanced-heuristic-agent,415,second,loss,PRIZES,161,3,0
BASELINE,tb_64e9991a_raunakdey07_pok-mon-tcg-advanced-heuristic-agent,416,first,loss,PRIZES,137,4,0
BASELINE,tb_64e9991a_raunakdey07_pok-mon-tcg-advanced-heuristic-agent,419,second,win,NO_BENCH,27,5,6
BASELINE,tb_64e9991a_raunakdey07_pok-mon-tcg-advanced-heuristic-agent,417,second,loss,PRIZES,193,1,0
BASELINE,tb_64e9991a_raunakdey07_pok-mon-tcg-advanced-heuristic-agent,418,first,loss,PRIZES,183,2,0
BASELINE,tb_64e9991a_raunakdey07_pok-mon-tcg-advanced-heuristic-agent,420,first,loss,PRIZES,176,2,0
BASELINE,tb_64e9991a_raunakdey07_pok-mon-tcg-advanced-heuristic-agent,421,second,loss,PRIZES,145,4,0
BASELINE,tb_64e9991a_raunakdey07_pok-mon-tcg-advanced-heuristic-agent,424,first,loss,PRIZES,171,1,0
BASELINE,tb_64e9991a_raunakdey07_pok-mon-tcg-advanced-heuristic-agent,422,first,win,PRIZES,186,0,2
BASELINE,tb_64e9991a_raunakdey07_pok-mon-tcg-advanced-heuristic-agent,425,second,win,NO_BENCH,33,5,6
BASELINE,tb_64e9991a_raunakdey07_pok-mon-tcg-advanced-heuristic-agent,423,second,loss,PRIZES,158,1,0
BASELINE,tb_64e9991a_raunakdey07_pok-mon-tcg-advanced-heuristic-agent,426,first,loss,PRIZES,115,6,0
BASELINE,tb_64e9991a_raunakdey07_pok-mon-tcg-advanced-heuristic-agent,429,second,win,NO_BENCH,36,5,6
BASELINE,tb_64e9991a_raunakdey07_pok-mon-tcg-advanced-heuristic-agent,427,second,loss,PRIZES,171,1,0
BASELINE,tb_64e9991a_raunakdey07_pok-mon-tcg-advanced-heuristic-agent,431,second,loss,PRIZES,135,4,0
BASELINE,tb_64e9991a_raunakdey07_pok-mon-tcg-advanced-heuristic-agent,428,first,loss,PRIZES,138,4,0
BASELINE,tb_64e9991a_raunakdey07_pok-mon-tcg-advanced-heuristic-agent,430,first,win,PRIZES,203,0,3
BASELINE,tb_64e9991a_raunakdey07_pok-mon-tcg-advanced-heuristic-agent,433,second,loss,PRIZES,152,1,0
BASELINE,tb_64e9991a_raunakdey07_pok-mon-tcg-advanced-heuristic-agent,432,first,loss,PRIZES,114,5,0
BASELINE,tb_64e9991a_raunakdey07_pok-mon-tcg-advanced-heuristic-agent,434,first,win,PRIZES,115,0,5
BASELINE,tb_64e9991a_raunakdey07_pok-mon-tcg-advanced-heuristic-agent,435,second,loss,PRIZES,152,5,0
BASELINE,tb_64e9991a_raunakdey07_pok-mon-tcg-advanced-heuristic-agent,436,first,win,NO_BENCH,126,1,6
BASELINE,tb_64e9991a_raunakdey07_pok-mon-tcg-advanced-heuristic-agent,438,first,loss,PRIZES,111,4,0
BASELINE,tb_64e9991a_raunakdey07_pok-mon-tcg-advanced-heuristic-agent,437,second,loss,PRIZES,193,1,0
BASELINE,tb_64e9991a_raunakdey07_pok-mon-tcg-advanced-heuristic-agent,441,second,win,NO_BENCH,29,5,6
BASELINE,tb_64e9991a_raunakdey07_pok-mon-tcg-advanced-heuristic-agent,439,second,win,PRIZES,162,0,5
BASELINE,tb_64e9991a_raunakdey07_pok-mon-tcg-advanced-heuristic-agent,440,first,loss,PRIZES,157,2,0
BASELINE,tb_64e9991a_raunakdey07_pok-mon-tcg-advanced-heuristic-agent,442,first,loss,PRIZES,166,3,0
BASELINE,tb_64e9991a_raunakdey07_pok-mon-tcg-advanced-heuristic-agent,443,second,win,DECKOUT,191,1,1
BASELINE,tb_64e9991a_raunakdey07_pok-mon-tcg-advanced-heuristic-agent,445,second,loss,PRIZES,136,4,0
BASELINE,tb_64e9991a_raunakdey07_pok-mon-tcg-advanced-heuristic-agent,444,first,loss,PRIZES,154,2,0
BASELINE,tb_64e9991a_raunakdey07_pok-mon-tcg-advanced-heuristic-agent,448,first,loss,NO_BENCH,83,6,2
BASELINE,tb_64e9991a_raunakdey07_pok-mon-tcg-advanced-heuristic-agent,447,second,loss,PRIZES,127,5,0
BASELINE,tb_64e9991a_raunakdey07_pok-mon-tcg-advanced-heuristic-agent,446,first,win,PRIZES,165,0,5
BASELINE,tb_64e9991a_raunakdey07_pok-mon-tcg-advanced-heuristic-agent,449,second,win,NO_BENCH,24,5,6
BASELINE,tb_64e9991a_raunakdey07_pok-mon-tcg-advanced-heuristic-agent,451,second,win,PRIZES,155,0,5
BASELINE,tb_64e9991a_raunakdey07_pok-mon-tcg-advanced-heuristic-agent,450,first,loss,PRIZES,119,5,0
BASELINE,tb_64e9991a_raunakdey07_pok-mon-tcg-advanced-heuristic-agent,452,first,win,PRIZES,160,0,5
BASELINE,tb_64e9991a_raunakdey07_pok-mon-tcg-advanced-heuristic-agent,454,first,win,PRIZES,143,0,5
BASELINE,tb_64e9991a_raunakdey07_pok-mon-tcg-advanced-heuristic-agent,456,first,win,NO_BENCH,37,5,6
BASELINE,tb_64e9991a_raunakdey07_pok-mon-tcg-advanced-heuristic-agent,453,second,loss,PRIZES,150,3,0
BASELINE,tb_64e9991a_raunakdey07_pok-mon-tcg-advanced-heuristic-agent,455,second,win,DECKOUT,150,4,3
BASELINE,tb_64e9991a_raunakdey07_pok-mon-tcg-advanced-heuristic-agent,458,first,loss,PRIZES,142,6,0
BASELINE,tb_64e9991a_raunakdey07_pok-mon-tcg-advanced-heuristic-agent,457,second,loss,PRIZES,158,3,0
BASELINE,tb_64e9991a_raunakdey07_pok-mon-tcg-advanced-heuristic-agent,461,second,loss,NO_BENCH,58,5,5
BASELINE,tb_64e9991a_raunakdey07_pok-mon-tcg-advanced-heuristic-agent,459,second,loss,PRIZES,159,3,0
BASELINE,tb_64e9991a_raunakdey07_pok-mon-tcg-advanced-heuristic-agent,460,first,loss,PRIZES,159,3,0
BASELINE,tb_64e9991a_raunakdey07_pok-mon-tcg-advanced-heuristic-agent,462,first,loss,PRIZES,151,3,0
BASELINE,tb_64e9991a_raunakdey07_pok-mon-tcg-advanced-heuristic-agent,463,second,loss,PRIZES,184,2,0
BASELINE,tb_64e9991a_raunakdey07_pok-mon-tcg-advanced-heuristic-agent,466,first,loss,PRIZES,101,4,0
BASELINE,tb_64e9991a_raunakdey07_pok-mon-tcg-advanced-heuristic-agent,465,second,loss,PRIZES,151,3,0
BASELINE,tb_64e9991a_raunakdey07_pok-mon-tcg-advanced-heuristic-agent,464,first,loss,PRIZES,165,2,0
BASELINE,tb_64e9991a_raunakdey07_pok-mon-tcg-advanced-heuristic-agent,469,second,win,NO_BENCH,59,4,6
BASELINE,tb_64e9991a_raunakdey07_pok-mon-tcg-advanced-heuristic-agent,467,second,loss,PRIZES,149,3,0
BASELINE,tb_64e9991a_raunakdey07_pok-mon-tcg-advanced-heuristic-agent,470,first,loss,PRIZES,141,2,0
BASELINE,tb_64e9991a_raunakdey07_pok-mon-tcg-advanced-heuristic-agent,468,first,loss,PRIZES,185,1,0
BASELINE,tb_64e9991a_raunakdey07_pok-mon-tcg-advanced-heuristic-agent,473,second,win,NO_BENCH,32,5,6
BASELINE,tb_64e9991a_raunakdey07_pok-mon-tcg-advanced-heuristic-agent,472,first,win,PRIZES,142,0,3
BASELINE,tb_64e9991a_raunakdey07_pok-mon-tcg-advanced-heuristic-agent,471,second,loss,PRIZES,110,5,0
BASELINE,tb_64e9991a_raunakdey07_pok-mon-tcg-advanced-heuristic-agent,474,first,loss,PRIZES,93,6,0
BASELINE,tb_64e9991a_raunakdey07_pok-mon-tcg-advanced-heuristic-agent,475,second,loss,PRIZES,95,6,0
BASELINE,tb_64e9991a_raunakdey07_pok-mon-tcg-advanced-heuristic-agent,476,first,loss,PRIZES,152,4,0
BASELINE,tb_64e9991a_raunakdey07_pok-mon-tcg-advanced-heuristic-agent,477,second,loss,PRIZES,167,2,0
BASELINE,tb_64e9991a_raunakdey07_pok-mon-tcg-advanced-heuristic-agent,479,second,win,NO_BENCH,61,4,6
BASELINE,tb_64e9991a_raunakdey07_pok-mon-tcg-advanced-heuristic-agent,480,first,win,PRIZES,108,0,6
BASELINE,tb_64e9991a_raunakdey07_pok-mon-tcg-advanced-heuristic-agent,478,first,loss,PRIZES,150,3,0
BASELINE,tb_64e9991a_raunakdey07_pok-mon-tcg-advanced-heuristic-agent,481,second,loss,PRIZES,165,2,0
BASELINE,tb_64e9991a_raunakdey07_pok-mon-tcg-advanced-heuristic-agent,483,second,loss,PRIZES,129,5,0
BASELINE,tb_64e9991a_raunakdey07_pok-mon-tcg-advanced-heuristic-agent,482,first,loss,PRIZES,188,3,0
BASELINE,tb_64e9991a_raunakdey07_pok-mon-tcg-advanced-heuristic-agent,485,second,loss,PRIZES,169,2,0
BASELINE,tb_64e9991a_raunakdey07_pok-mon-tcg-advanced-heuristic-agent,486,first,loss,PRIZES,139,5,0
BASELINE,tb_64e9991a_raunakdey07_pok-mon-tcg-advanced-heuristic-agent,484,first,loss,PRIZES,163,2,0
BASELINE,tb_64e9991a_raunakdey07_pok-mon-tcg-advanced-heuristic-agent,487,second,loss,PRIZES,101,6,0
BASELINE,tb_64e9991a_raunakdey07_pok-mon-tcg-advanced-heuristic-agent,489,second,loss,PRIZES,129,3,0
BASELINE,tb_64e9991a_raunakdey07_pok-mon-tcg-advanced-heuristic-agent,490,first,loss,PRIZES,147,5,0
BASELINE,tb_64e9991a_raunakdey07_pok-mon-tcg-advanced-heuristic-agent,488,first,loss,PRIZES,169,4,0
BASELINE,tb_64e9991a_raunakdey07_pok-mon-tcg-advanced-heuristic-agent,491,second,win,PRIZES,157,0,6
BASELINE,tb_64e9991a_raunakdey07_pok-mon-tcg-advanced-heuristic-agent,492,first,loss,PRIZES,142,5,0
BASELINE,tb_64e9991a_raunakdey07_pok-mon-tcg-advanced-heuristic-agent,495,second,loss,PRIZES,88,6,0
BASELINE,tb_64e9991a_raunakdey07_pok-mon-tcg-advanced-heuristic-agent,496,first,win,NO_BENCH,26,5,6
BASELINE,tb_64e9991a_raunakdey07_pok-mon-tcg-advanced-heuristic-agent,497,second,loss,NO_BENCH,35,6,5
BASELINE,tb_64e9991a_raunakdey07_pok-mon-tcg-advanced-heuristic-agent,494,first,loss,PRIZES,178,3,0
BASELINE,tb_64e9991a_raunakdey07_pok-mon-tcg-advanced-heuristic-agent,493,second,loss,PRIZES,169,1,0
BASELINE,tb_64e9991a_raunakdey07_pok-mon-tcg-advanced-heuristic-agent,498,first,win,NO_BENCH,58,4,6
BASELINE,tb_64e9991a_raunakdey07_pok-mon-tcg-advanced-heuristic-agent,500,first,loss,PRIZES,179,4,0
BASELINE,tb_64e9991a_raunakdey07_pok-mon-tcg-advanced-heuristic-agent,501,second,loss,PRIZES,131,3,0
BASELINE,tb_64e9991a_raunakdey07_pok-mon-tcg-advanced-heuristic-agent,499,second,win,PRIZES,178,0,2
BASELINE,tb_64e9991a_raunakdey07_pok-mon-tcg-advanced-heuristic-agent,502,first,loss,PRIZES,128,6,0
BASELINE,tb_64e9991a_raunakdey07_pok-mon-tcg-advanced-heuristic-agent,504,first,win,NO_BENCH,70,3,6
BASELINE,tb_64e9991a_raunakdey07_pok-mon-tcg-advanced-heuristic-agent,503,second,win,PRIZES,121,0,6
BASELINE,tb_64e9991a_raunakdey07_pok-mon-tcg-advanced-heuristic-agent,506,first,win,NO_BENCH,29,5,6
BASELINE,tb_64e9991a_raunakdey07_pok-mon-tcg-advanced-heuristic-agent,507,second,loss,PRIZES,105,5,0
BASELINE,tb_64e9991a_raunakdey07_pok-mon-tcg-advanced-heuristic-agent,505,second,loss,PRIZES,148,4,0
BASELINE,tb_64e9991a_raunakdey07_pok-mon-tcg-advanced-heuristic-agent,509,second,loss,PRIZES,119,5,0
BASELINE,tb_64e9991a_raunakdey07_pok-mon-tcg-advanced-heuristic-agent,508,first,win,PRIZES,179,0,2
BASELINE,tb_64e9991a_raunakdey07_pok-mon-tcg-advanced-heuristic-agent,510,first,loss,PRIZES,126,5,0
BASELINE,tb_64e9991a_raunakdey07_pok-mon-tcg-advanced-heuristic-agent,511,second,loss,PRIZES,116,4,0
BASELINE,tb_64e9991a_raunakdey07_pok-mon-tcg-advanced-heuristic-agent,514,first,win,NO_BENCH,30,5,6
BASELINE,tb_64e9991a_raunakdey07_pok-mon-tcg-advanced-heuristic-agent,512,first,loss,PRIZES,194,1,0
BASELINE,tb_64e9991a_raunakdey07_pok-mon-tcg-advanced-heuristic-agent,513,second,loss,PRIZES,160,5,0
BASELINE,tb_64e9991a_raunakdey07_pok-mon-tcg-advanced-heuristic-agent,516,first,loss,PRIZES,151,3,0
BASELINE,tb_64e9991a_raunakdey07_pok-mon-tcg-advanced-heuristic-agent,515,second,loss,PRIZES,178,2,0
BASELINE,tb_64e9991a_raunakdey07_pok-mon-tcg-advanced-heuristic-agent,517,second,loss,PRIZES,148,3,0
BASELINE,tb_64e9991a_raunakdey07_pok-mon-tcg-advanced-heuristic-agent,518,first,loss,PRIZES,103,6,0
BASELINE,tb_64e9991a_raunakdey07_pok-mon-tcg-advanced-heuristic-agent,520,first,loss,PRIZES,130,5,0
BASELINE,tb_64e9991a_raunakdey07_pok-mon-tcg-advanced-heuristic-agent,521,second,loss,PRIZES,154,4,0
BASELINE,tb_64e9991a_raunakdey07_pok-mon-tcg-advanced-heuristic-agent,519,second,loss,PRIZES,173,2,0
BASELINE,tb_64e9991a_raunakdey07_pok-mon-tcg-advanced-heuristic-agent,524,first,loss,NO_BENCH,76,4,1
BASELINE,tb_64e9991a_raunakdey07_pok-mon-tcg-advanced-heuristic-agent,523,second,loss,PRIZES,118,5,0
BASELINE,tb_64e9991a_raunakdey07_pok-mon-tcg-advanced-heuristic-agent,522,first,loss,PRIZES,182,1,0
BASELINE,tb_64e9991a_raunakdey07_pok-mon-tcg-advanced-heuristic-agent,526,first,loss,PRIZES,177,1,0
BASELINE,tb_64e9991a_raunakdey07_pok-mon-tcg-advanced-heuristic-agent,525,second,loss,PRIZES,178,2,0
BASELINE,tb_64e9991a_raunakdey07_pok-mon-tcg-advanced-heuristic-agent,527,second,loss,PRIZES,140,3,0
BASELINE,tb_64e9991a_raunakdey07_pok-mon-tcg-advanced-heuristic-agent,529,second,loss,PRIZES,167,2,0
BASELINE,tb_64e9991a_raunakdey07_pok-mon-tcg-advanced-heuristic-agent,528,first,loss,PRIZES,156,4,0
BASELINE,tb_64e9991a_raunakdey07_pok-mon-tcg-advanced-heuristic-agent,530,first,loss,PRIZES,132,3,0
BASELINE,tb_64e9991a_raunakdey07_pok-mon-tcg-advanced-heuristic-agent,531,second,loss,PRIZES,147,3,0
BASELINE,tb_64e9991a_raunakdey07_pok-mon-tcg-advanced-heuristic-agent,532,first,loss,PRIZES,153,3,0
BASELINE,tb_64e9991a_raunakdey07_pok-mon-tcg-advanced-heuristic-agent,534,first,win,PRIZES,151,0,6
BASELINE,tb_64e9991a_raunakdey07_pok-mon-tcg-advanced-heuristic-agent,533,second,loss,PRIZES,181,1,0
BASELINE,tb_64e9991a_raunakdey07_pok-mon-tcg-advanced-heuristic-agent,536,first,loss,PRIZES,90,6,0
BASELINE,tb_64e9991a_raunakdey07_pok-mon-tcg-advanced-heuristic-agent,538,first,loss,NO_BENCH,28,6,5
BASELINE,tb_64e9991a_raunakdey07_pok-mon-tcg-advanced-heuristic-agent,535,second,loss,PRIZES,148,4,0
BASELINE,tb_64e9991a_raunakdey07_pok-mon-tcg-advanced-heuristic-agent,537,second,loss,PRIZES,136,4,0
BASELINE,tb_64e9991a_raunakdey07_pok-mon-tcg-advanced-heuristic-agent,539,second,loss,PRIZES,128,4,0
BASELINE,tb_64e9991a_raunakdey07_pok-mon-tcg-advanced-heuristic-agent,540,first,loss,PRIZES,182,1,0
BASELINE,tb_64e9991a_raunakdey07_pok-mon-tcg-advanced-heuristic-agent,541,second,loss,PRIZES,118,3,0
BASELINE,tb_64e9991a_raunakdey07_pok-mon-tcg-advanced-heuristic-agent,543,second,loss,PRIZES,129,4,0
BASELINE,tb_64e9991a_raunakdey07_pok-mon-tcg-advanced-heuristic-agent,544,first,loss,PRIZES,128,5,0
BASELINE,tb_64e9991a_raunakdey07_pok-mon-tcg-advanced-heuristic-agent,542,first,loss,PRIZES,175,3,0
BASELINE,tb_64e9991a_raunakdey07_pok-mon-tcg-advanced-heuristic-agent,547,second,win,NO_BENCH,36,5,6
BASELINE,tb_64e9991a_raunakdey07_pok-mon-tcg-advanced-heuristic-agent,548,first,loss,PRIZES,145,4,0
BASELINE,tb_64e9991a_raunakdey07_pok-mon-tcg-advanced-heuristic-agent,549,second,win,NO_BENCH,33,5,6
BASELINE,tb_64e9991a_raunakdey07_pok-mon-tcg-advanced-heuristic-agent,546,first,loss,PRIZES,148,3,0
BASELINE,tb_64e9991a_raunakdey07_pok-mon-tcg-advanced-heuristic-agent,545,second,loss,PRIZES,167,2,0
BASELINE,tb_64e9991a_raunakdey07_pok-mon-tcg-advanced-heuristic-agent,552,first,win,NO_BENCH,37,5,6
BASELINE,tb_64e9991a_raunakdey07_pok-mon-tcg-advanced-heuristic-agent,551,second,loss,PRIZES,135,4,0
BASELINE,tb_64e9991a_raunakdey07_pok-mon-tcg-advanced-heuristic-agent,550,first,loss,PRIZES,105,5,0
BASELINE,tb_64e9991a_raunakdey07_pok-mon-tcg-advanced-heuristic-agent,554,first,loss,PRIZES,131,3,0
BASELINE,tb_64e9991a_raunakdey07_pok-mon-tcg-advanced-heuristic-agent,553,second,win,PRIZES,151,0,6
BASELINE,tb_64e9991a_raunakdey07_pok-mon-tcg-advanced-heuristic-agent,555,second,loss,PRIZES,137,5,0
BASELINE,tb_64e9991a_raunakdey07_pok-mon-tcg-advanced-heuristic-agent,556,first,win,DECKOUT,175,2,2
BASELINE,tb_64e9991a_raunakdey07_pok-mon-tcg-advanced-heuristic-agent,557,second,loss,PRIZES,201,1,0
BASELINE,tb_64e9991a_raunakdey07_pok-mon-tcg-advanced-heuristic-agent,558,first,loss,PRIZES,107,5,0
BASELINE,tb_64e9991a_raunakdey07_pok-mon-tcg-advanced-heuristic-agent,561,second,loss,PRIZES,164,1,0
BASELINE,tb_64e9991a_raunakdey07_pok-mon-tcg-advanced-heuristic-agent,560,first,loss,PRIZES,139,3,0
BASELINE,tb_64e9991a_raunakdey07_pok-mon-tcg-advanced-heuristic-agent,559,second,loss,PRIZES,122,4,0
BASELINE,tb_64e9991a_raunakdey07_pok-mon-tcg-advanced-heuristic-agent,563,second,win,PRIZES,145,0,3
BASELINE,tb_64e9991a_raunakdey07_pok-mon-tcg-advanced-heuristic-agent,562,first,loss,PRIZES,170,3,0
BASELINE,tb_64e9991a_raunakdey07_pok-mon-tcg-advanced-heuristic-agent,564,first,loss,PRIZES,146,4,0
BASELINE,tb_64e9991a_raunakdey07_pok-mon-tcg-advanced-heuristic-agent,565,second,loss,PRIZES,156,4,0
BASELINE,tb_64e9991a_raunakdey07_pok-mon-tcg-advanced-heuristic-agent,566,first,loss,PRIZES,186,3,0
BASELINE,tb_64e9991a_raunakdey07_pok-mon-tcg-advanced-heuristic-agent,567,second,loss,PRIZES,140,4,0
BASELINE,tb_64e9991a_raunakdey07_pok-mon-tcg-advanced-heuristic-agent,568,first,loss,PRIZES,158,2,0
BASELINE,tb_64e9991a_raunakdey07_pok-mon-tcg-advanced-heuristic-agent,569,second,win,PRIZES,175,0,2
BASELINE,tb_64e9991a_raunakdey07_pok-mon-tcg-advanced-heuristic-agent,571,second,loss,PRIZES,142,3,0
BASELINE,tb_64e9991a_raunakdey07_pok-mon-tcg-advanced-heuristic-agent,570,first,win,PRIZES,193,0,1
BASELINE,tb_64e9991a_raunakdey07_pok-mon-tcg-advanced-heuristic-agent,572,first,loss,PRIZES,164,2,0
BASELINE,tb_64e9991a_raunakdey07_pok-mon-tcg-advanced-heuristic-agent,574,first,win,NO_BENCH,57,4,6
BASELINE,tb_64e9991a_raunakdey07_pok-mon-tcg-advanced-heuristic-agent,573,second,loss,PRIZES,111,4,0
BASELINE,tb_64e9991a_raunakdey07_pok-mon-tcg-advanced-heuristic-agent,575,second,win,PRIZES,163,0,5
BASELINE,tb_64e9991a_raunakdey07_pok-mon-tcg-advanced-heuristic-agent,576,first,loss,NO_BENCH,99,5,1
BASELINE,tb_64e9991a_raunakdey07_pok-mon-tcg-advanced-heuristic-agent,578,first,win,PRIZES,142,0,5
BASELINE,tb_64e9991a_raunakdey07_pok-mon-tcg-advanced-heuristic-agent,577,second,loss,PRIZES,167,2,0
BASELINE,tb_64e9991a_raunakdey07_pok-mon-tcg-advanced-heuristic-agent,580,first,loss,PRIZES,159,2,0
BASELINE,tb_64e9991a_raunakdey07_pok-mon-tcg-advanced-heuristic-agent,581,second,win,PRIZES,153,0,2
BASELINE,tb_64e9991a_raunakdey07_pok-mon-tcg-advanced-heuristic-agent,579,second,loss,PRIZES,160,3,0
BASELINE,tb_64e9991a_raunakdey07_pok-mon-tcg-advanced-heuristic-agent,582,first,loss,PRIZES,154,2,0
BASELINE,tb_64e9991a_raunakdey07_pok-mon-tcg-advanced-heuristic-agent,583,second,loss,PRIZES,177,3,0
BASELINE,tb_64e9991a_raunakdey07_pok-mon-tcg-advanced-heuristic-agent,584,first,loss,PRIZES,144,5,0
BASELINE,tb_64e9991a_raunakdey07_pok-mon-tcg-advanced-heuristic-agent,587,second,win,NO_BENCH,65,4,6
BASELINE,tb_64e9991a_raunakdey07_pok-mon-tcg-advanced-heuristic-agent,585,second,loss,PRIZES,176,1,0
BASELINE,tb_64e9991a_raunakdey07_pok-mon-tcg-advanced-heuristic-agent,586,first,loss,PRIZES,140,5,0
BASELINE,tb_64e9991a_raunakdey07_pok-mon-tcg-advanced-heuristic-agent,589,second,win,NO_BENCH,22,5,6
BASELINE,tb_64e9991a_raunakdey07_pok-mon-tcg-advanced-heuristic-agent,588,first,loss,PRIZES,133,6,0
BASELINE,tb_64e9991a_raunakdey07_pok-mon-tcg-advanced-heuristic-agent,590,first,loss,PRIZES,128,4,0
BASELINE,tb_64e9991a_raunakdey07_pok-mon-tcg-advanced-heuristic-agent,591,second,win,PRIZES,136,0,6
BASELINE,tb_64e9991a_raunakdey07_pok-mon-tcg-advanced-heuristic-agent,592,first,loss,PRIZES,156,4,0
BASELINE,tb_64e9991a_raunakdey07_pok-mon-tcg-advanced-heuristic-agent,594,first,loss,PRIZES,133,3,0
BASELINE,tb_64e9991a_raunakdey07_pok-mon-tcg-advanced-heuristic-agent,595,second,loss,PRIZES,130,5,0
BASELINE,tb_64e9991a_raunakdey07_pok-mon-tcg-advanced-heuristic-agent,593,second,loss,PRIZES,172,2,0
BASELINE,tb_64e9991a_raunakdey07_pok-mon-tcg-advanced-heuristic-agent,598,first,loss,PRIZES,151,2,0
BASELINE,tb_64e9991a_raunakdey07_pok-mon-tcg-advanced-heuristic-agent,596,first,loss,DECKOUT,177,2,6
BASELINE,tb_4b3946f9_plamen06_pokemon-steel,0,first,loss,PRIZES,106,5,0
BASELINE,tb_4b3946f9_plamen06_pokemon-steel,1,second,loss,PRIZES,130,2,0
BASELINE,tb_4b3946f9_plamen06_pokemon-steel,2,first,loss,PRIZES,87,4,0
BASELINE,tb_64e9991a_raunakdey07_pok-mon-tcg-advanced-heuristic-agent,597,second,loss,PRIZES,162,3,0
BASELINE,tb_4b3946f9_plamen06_pokemon-steel,3,second,win,NO_BENCH,104,1,6
BASELINE,tb_4b3946f9_plamen06_pokemon-steel,4,first,win,PRIZES,131,0,6
BASELINE,tb_4b3946f9_plamen06_pokemon-steel,5,second,loss,PRIZES,119,5,0
BASELINE,tb_4b3946f9_plamen06_pokemon-steel,6,first,loss,PRIZES,138,2,0
BASELINE,tb_4b3946f9_plamen06_pokemon-steel,7,second,win,NO_BENCH,113,1,2
BASELINE,tb_64e9991a_raunakdey07_pok-mon-tcg-advanced-heuristic-agent,599,second,loss,PRIZES,135,4,0
BASELINE,tb_4b3946f9_plamen06_pokemon-steel,8,first,loss,PRIZES,151,2,0
BASELINE,tb_4b3946f9_plamen06_pokemon-steel,9,second,loss,PRIZES,138,3,0
BASELINE,tb_4b3946f9_plamen06_pokemon-steel,10,first,loss,PRIZES,130,4,0
BASELINE,tb_4b3946f9_plamen06_pokemon-steel,11,second,win,PRIZES,133,0,6
BASELINE,tb_4b3946f9_plamen06_pokemon-steel,12,first,win,NO_BENCH,89,2,6
BASELINE,tb_4b3946f9_plamen06_pokemon-steel,13,second,loss,PRIZES,140,2,0
BASELINE,tb_4b3946f9_plamen06_pokemon-steel,14,first,loss,PRIZES,115,4,0
BASELINE,tb_4b3946f9_plamen06_pokemon-steel,15,second,loss,PRIZES,124,4,0
BASELINE,tb_4b3946f9_plamen06_pokemon-steel,16,first,loss,PRIZES,140,3,0
BASELINE,tb_4b3946f9_plamen06_pokemon-steel,17,second,win,PRIZES,114,0,6
BASELINE,tb_4b3946f9_plamen06_pokemon-steel,18,first,loss,PRIZES,153,1,0
BASELINE,tb_4b3946f9_plamen06_pokemon-steel,19,second,loss,PRIZES,136,3,0
BASELINE,tb_4b3946f9_plamen06_pokemon-steel,20,first,loss,PRIZES,114,6,0
BASELINE,tb_4b3946f9_plamen06_pokemon-steel,21,second,win,NO_BENCH,55,4,6
BASELINE,tb_4b3946f9_plamen06_pokemon-steel,23,second,loss,PRIZES,64,6,0
BASELINE,tb_4b3946f9_plamen06_pokemon-steel,22,first,win,PRIZES,141,0,6
BASELINE,tb_4b3946f9_plamen06_pokemon-steel,24,first,loss,PRIZES,150,1,0
BASELINE,tb_4b3946f9_plamen06_pokemon-steel,26,first,win,NO_BENCH,58,4,6
BASELINE,tb_4b3946f9_plamen06_pokemon-steel,27,second,win,NO_BENCH,36,5,6
BASELINE,tb_4b3946f9_plamen06_pokemon-steel,25,second,loss,PRIZES,141,3,0
BASELINE,tb_4b3946f9_plamen06_pokemon-steel,28,first,win,NO_BENCH,76,2,6
BASELINE,tb_4b3946f9_plamen06_pokemon-steel,30,first,loss,NO_BENCH,58,6,2
BASELINE,tb_4b3946f9_plamen06_pokemon-steel,29,second,win,PRIZES,134,0,2
BASELINE,tb_4b3946f9_plamen06_pokemon-steel,31,second,win,NO_BENCH,101,1,6
BASELINE,tb_4b3946f9_plamen06_pokemon-steel,32,first,win,NO_BENCH,37,5,6
BASELINE,tb_4b3946f9_plamen06_pokemon-steel,33,second,win,NO_BENCH,34,5,6
BASELINE,tb_4b3946f9_plamen06_pokemon-steel,34,first,loss,PRIZES,122,3,0
BASELINE,tb_4b3946f9_plamen06_pokemon-steel,35,second,win,PRIZES,143,0,3
BASELINE,tb_4b3946f9_plamen06_pokemon-steel,36,first,loss,PRIZES,142,3,0
BASELINE,tb_4b3946f9_plamen06_pokemon-steel,37,second,win,NO_BENCH,38,5,6
BASELINE,tb_4b3946f9_plamen06_pokemon-steel,39,second,loss,NO_BENCH,35,6,5
BASELINE,tb_4b3946f9_plamen06_pokemon-steel,38,first,loss,PRIZES,130,6,0
BASELINE,tb_4b3946f9_plamen06_pokemon-steel,40,first,win,PRIZES,130,0,5
BASELINE,tb_4b3946f9_plamen06_pokemon-steel,41,second,win,PRIZES,121,0,3
BASELINE,tb_4b3946f9_plamen06_pokemon-steel,42,first,loss,PRIZES,136,1,0
BASELINE,tb_4b3946f9_plamen06_pokemon-steel,43,second,loss,PRIZES,128,2,0
BASELINE,tb_4b3946f9_plamen06_pokemon-steel,44,first,loss,PRIZES,125,3,0
BASELINE,tb_4b3946f9_plamen06_pokemon-steel,45,second,loss,PRIZES,86,5,0
BASELINE,tb_4b3946f9_plamen06_pokemon-steel,46,first,loss,PRIZES,131,3,0
BASELINE,tb_4b3946f9_plamen06_pokemon-steel,47,second,loss,PRIZES,142,3,0
BASELINE,tb_4b3946f9_plamen06_pokemon-steel,48,first,win,PRIZES,123,0,6
BASELINE,tb_4b3946f9_plamen06_pokemon-steel,49,second,loss,PRIZES,98,5,0
BASELINE,tb_4b3946f9_plamen06_pokemon-steel,50,first,loss,PRIZES,142,3,0
BASELINE,tb_4b3946f9_plamen06_pokemon-steel,51,second,win,PRIZES,151,0,3
BASELINE,tb_4b3946f9_plamen06_pokemon-steel,52,first,loss,PRIZES,138,4,0
BASELINE,tb_4b3946f9_plamen06_pokemon-steel,54,first,win,NO_BENCH,112,1,6
BASELINE,tb_4b3946f9_plamen06_pokemon-steel,53,second,win,PRIZES,169,0,1
BASELINE,tb_4b3946f9_plamen06_pokemon-steel,56,first,loss,PRIZES,116,4,0
BASELINE,tb_4b3946f9_plamen06_pokemon-steel,55,second,loss,PRIZES,144,3,0
BASELINE,tb_4b3946f9_plamen06_pokemon-steel,57,second,win,PRIZES,111,0,6
BASELINE,tb_4b3946f9_plamen06_pokemon-steel,58,first,loss,NO_BENCH,53,6,2
BASELINE,tb_4b3946f9_plamen06_pokemon-steel,59,second,win,PRIZES,138,0,2
BASELINE,tb_4b3946f9_plamen06_pokemon-steel,60,first,loss,PRIZES,149,2,0
BASELINE,tb_4b3946f9_plamen06_pokemon-steel,61,second,win,NO_BENCH,34,5,6
BASELINE,tb_4b3946f9_plamen06_pokemon-steel,62,first,loss,PRIZES,124,5,0
BASELINE,tb_4b3946f9_plamen06_pokemon-steel,63,second,loss,NO_BENCH,43,5,3
BASELINE,tb_4b3946f9_plamen06_pokemon-steel,64,first,loss,PRIZES,115,3,0
BASELINE,tb_4b3946f9_plamen06_pokemon-steel,65,second,win,NO_BENCH,86,1,6
BASELINE,tb_4b3946f9_plamen06_pokemon-steel,66,first,loss,PRIZES,95,6,0
BASELINE,tb_4b3946f9_plamen06_pokemon-steel,67,second,loss,PRIZES,132,4,0
BASELINE,tb_4b3946f9_plamen06_pokemon-steel,68,first,loss,PRIZES,126,3,0
BASELINE,tb_4b3946f9_plamen06_pokemon-steel,69,second,loss,PRIZES,133,3,0
BASELINE,tb_4b3946f9_plamen06_pokemon-steel,70,first,loss,PRIZES,165,2,0
BASELINE,tb_4b3946f9_plamen06_pokemon-steel,71,second,win,PRIZES,145,0,1
BASELINE,tb_4b3946f9_plamen06_pokemon-steel,72,first,loss,PRIZES,125,4,0
BASELINE,tb_4b3946f9_plamen06_pokemon-steel,73,second,loss,PRIZES,140,3,0
BASELINE,tb_4b3946f9_plamen06_pokemon-steel,74,first,loss,PRIZES,139,1,0
BASELINE,tb_4b3946f9_plamen06_pokemon-steel,75,second,loss,PRIZES,164,3,0
BASELINE,tb_4b3946f9_plamen06_pokemon-steel,77,second,loss,PRIZES,107,6,0
BASELINE,tb_4b3946f9_plamen06_pokemon-steel,76,first,loss,PRIZES,134,2,0
BASELINE,tb_4b3946f9_plamen06_pokemon-steel,78,first,win,PRIZES,143,0,2
BASELINE,tb_4b3946f9_plamen06_pokemon-steel,79,second,loss,PRIZES,99,6,0
BASELINE,tb_4b3946f9_plamen06_pokemon-steel,80,first,loss,PRIZES,125,2,0
BASELINE,tb_4b3946f9_plamen06_pokemon-steel,81,second,win,PRIZES,160,0,5
BASELINE,tb_4b3946f9_plamen06_pokemon-steel,82,first,win,PRIZES,123,0,6
BASELINE,tb_4b3946f9_plamen06_pokemon-steel,84,first,win,PRIZES,105,0,6
BASELINE,tb_4b3946f9_plamen06_pokemon-steel,83,second,loss,PRIZES,149,2,0
BASELINE,tb_4b3946f9_plamen06_pokemon-steel,85,second,loss,NO_BENCH,61,6,2
BASELINE,tb_4b3946f9_plamen06_pokemon-steel,87,second,win,NO_BENCH,81,2,6
BASELINE,tb_4b3946f9_plamen06_pokemon-steel,86,first,loss,PRIZES,142,1,0
BASELINE,tb_4b3946f9_plamen06_pokemon-steel,88,first,win,NO_BENCH,99,1,6
BASELINE,tb_4b3946f9_plamen06_pokemon-steel,90,first,loss,PRIZES,118,3,0
BASELINE,tb_4b3946f9_plamen06_pokemon-steel,89,second,win,DECKOUT,145,2,3
BASELINE,tb_4b3946f9_plamen06_pokemon-steel,91,second,loss,PRIZES,91,6,0
BASELINE,tb_4b3946f9_plamen06_pokemon-steel,93,second,loss,PRIZES,101,5,0
BASELINE,tb_4b3946f9_plamen06_pokemon-steel,92,first,win,PRIZES,133,0,4
BASELINE,tb_4b3946f9_plamen06_pokemon-steel,94,first,loss,PRIZES,151,1,0
BASELINE,tb_4b3946f9_plamen06_pokemon-steel,96,first,loss,PRIZES,114,3,0
BASELINE,tb_4b3946f9_plamen06_pokemon-steel,95,second,loss,PRIZES,130,5,0
BASELINE,tb_4b3946f9_plamen06_pokemon-steel,97,second,loss,PRIZES,161,3,0
BASELINE,tb_4b3946f9_plamen06_pokemon-steel,99,second,win,NO_BENCH,57,3,6
BASELINE,tb_4b3946f9_plamen06_pokemon-steel,98,first,loss,PRIZES,91,5,0
BASELINE,tb_4b3946f9_plamen06_pokemon-steel,102,first,win,NO_BENCH,73,3,6
BASELINE,tb_4b3946f9_plamen06_pokemon-steel,100,first,loss,PRIZES,115,3,0
BASELINE,tb_4b3946f9_plamen06_pokemon-steel,101,second,loss,PRIZES,137,2,0
BASELINE,tb_4b3946f9_plamen06_pokemon-steel,103,second,win,NO_BENCH,81,2,6
BASELINE,tb_4b3946f9_plamen06_pokemon-steel,105,second,win,PRIZES,104,0,6
BASELINE,tb_4b3946f9_plamen06_pokemon-steel,104,first,loss,PRIZES,147,5,0
BASELINE,tb_4b3946f9_plamen06_pokemon-steel,107,second,loss,PRIZES,107,4,0
BASELINE,tb_4b3946f9_plamen06_pokemon-steel,106,first,loss,PRIZES,127,3,0
BASELINE,tb_4b3946f9_plamen06_pokemon-steel,108,first,win,PRIZES,135,0,2
BASELINE,tb_4b3946f9_plamen06_pokemon-steel,110,first,win,NO_BENCH,34,5,6
BASELINE,tb_4b3946f9_plamen06_pokemon-steel,109,second,win,NO_BENCH,98,2,5
BASELINE,tb_4b3946f9_plamen06_pokemon-steel,111,second,loss,PRIZES,129,5,0
BASELINE,tb_4b3946f9_plamen06_pokemon-steel,113,second,loss,PRIZES,93,6,0
BASELINE,tb_4b3946f9_plamen06_pokemon-steel,112,first,loss,PRIZES,165,1,0
BASELINE,tb_4b3946f9_plamen06_pokemon-steel,114,first,loss,PRIZES,127,3,0
BASELINE,tb_4b3946f9_plamen06_pokemon-steel,115,second,win,NO_BENCH,37,5,6
BASELINE,tb_4b3946f9_plamen06_pokemon-steel,116,first,loss,PRIZES,129,2,0
BASELINE,tb_4b3946f9_plamen06_pokemon-steel,117,second,loss,PRIZES,151,2,0
BASELINE,tb_4b3946f9_plamen06_pokemon-steel,118,first,win,PRIZES,154,0,2
BASELINE,tb_4b3946f9_plamen06_pokemon-steel,119,second,loss,PRIZES,139,2,0
BASELINE,tb_4b3946f9_plamen06_pokemon-steel,120,first,loss,PRIZES,140,6,0
BASELINE,tb_4b3946f9_plamen06_pokemon-steel,122,first,win,NO_BENCH,32,5,6
BASELINE,tb_4b3946f9_plamen06_pokemon-steel,121,second,loss,PRIZES,157,2,0
BASELINE,tb_4b3946f9_plamen06_pokemon-steel,123,second,loss,PRIZES,157,3,0
BASELINE,tb_4b3946f9_plamen06_pokemon-steel,124,first,loss,NO_BENCH,26,6,5
BASELINE,tb_4b3946f9_plamen06_pokemon-steel,125,second,loss,PRIZES,156,1,0
BASELINE,tb_4b3946f9_plamen06_pokemon-steel,126,first,loss,PRIZES,99,6,0
BASELINE,tb_4b3946f9_plamen06_pokemon-steel,127,second,win,DECKOUT,166,2,1
BASELINE,tb_4b3946f9_plamen06_pokemon-steel,128,first,loss,PRIZES,132,6,0
BASELINE,tb_4b3946f9_plamen06_pokemon-steel,129,second,win,NO_BENCH,117,1,3
BASELINE,tb_4b3946f9_plamen06_pokemon-steel,130,first,loss,NO_BENCH,63,6,2
BASELINE,tb_4b3946f9_plamen06_pokemon-steel,131,second,loss,NO_BENCH,67,6,3
BASELINE,tb_4b3946f9_plamen06_pokemon-steel,132,first,win,NO_BENCH,25,5,6
BASELINE,tb_4b3946f9_plamen06_pokemon-steel,133,second,win,NO_BENCH,56,4,6
BASELINE,tb_4b3946f9_plamen06_pokemon-steel,134,first,win,PRIZES,143,0,4
BASELINE,tb_4b3946f9_plamen06_pokemon-steel,135,second,loss,PRIZES,120,5,0
BASELINE,tb_4b3946f9_plamen06_pokemon-steel,136,first,win,NO_BENCH,43,5,6
BASELINE,tb_4b3946f9_plamen06_pokemon-steel,137,second,loss,PRIZES,134,3,0
BASELINE,tb_4b3946f9_plamen06_pokemon-steel,138,first,win,PRIZES,114,0,6
BASELINE,tb_4b3946f9_plamen06_pokemon-steel,139,second,loss,PRIZES,119,3,0
BASELINE,tb_4b3946f9_plamen06_pokemon-steel,140,first,loss,PRIZES,92,6,0
BASELINE,tb_4b3946f9_plamen06_pokemon-steel,141,second,loss,PRIZES,127,3,0
BASELINE,tb_4b3946f9_plamen06_pokemon-steel,142,first,win,PRIZES,113,0,6
BASELINE,tb_4b3946f9_plamen06_pokemon-steel,143,second,loss,PRIZES,113,2,0
BASELINE,tb_4b3946f9_plamen06_pokemon-steel,144,first,loss,PRIZES,144,3,0
BASELINE,tb_4b3946f9_plamen06_pokemon-steel,145,second,win,NO_BENCH,69,3,5
BASELINE,tb_4b3946f9_plamen06_pokemon-steel,146,first,win,NO_BENCH,43,5,6
BASELINE,tb_4b3946f9_plamen06_pokemon-steel,147,second,win,PRIZES,130,0,2
BASELINE,tb_4b3946f9_plamen06_pokemon-steel,148,first,loss,PRIZES,126,3,0
BASELINE,tb_4b3946f9_plamen06_pokemon-steel,149,second,win,NO_BENCH,31,5,6
BASELINE,tb_4b3946f9_plamen06_pokemon-steel,150,first,loss,PRIZES,127,2,0
BASELINE,tb_4b3946f9_plamen06_pokemon-steel,151,second,loss,PRIZES,120,4,0
BASELINE,tb_4b3946f9_plamen06_pokemon-steel,152,first,loss,PRIZES,111,3,0
BASELINE,tb_4b3946f9_plamen06_pokemon-steel,153,second,loss,PRIZES,144,2,0
BASELINE,tb_4b3946f9_plamen06_pokemon-steel,154,first,loss,PRIZES,86,6,0
BASELINE,tb_4b3946f9_plamen06_pokemon-steel,155,second,win,NO_BENCH,79,2,3
BASELINE,tb_4b3946f9_plamen06_pokemon-steel,156,first,loss,PRIZES,122,3,0
BASELINE,tb_4b3946f9_plamen06_pokemon-steel,157,second,win,NO_BENCH,22,5,6
BASELINE,tb_4b3946f9_plamen06_pokemon-steel,158,first,loss,PRIZES,126,4,0
BASELINE,tb_4b3946f9_plamen06_pokemon-steel,159,second,loss,PRIZES,149,2,0
BASELINE,tb_4b3946f9_plamen06_pokemon-steel,160,first,loss,PRIZES,110,3,0
BASELINE,tb_4b3946f9_plamen06_pokemon-steel,161,second,win,NO_BENCH,95,1,6
BASELINE,tb_4b3946f9_plamen06_pokemon-steel,162,first,loss,NO_BENCH,54,6,4
BASELINE,tb_4b3946f9_plamen06_pokemon-steel,163,second,loss,PRIZES,160,1,0
BASELINE,tb_4b3946f9_plamen06_pokemon-steel,164,first,loss,PRIZES,134,3,0
BASELINE,tb_4b3946f9_plamen06_pokemon-steel,165,second,loss,PRIZES,114,4,0
BASELINE,tb_4b3946f9_plamen06_pokemon-steel,166,first,loss,PRIZES,131,4,0
BASELINE,tb_4b3946f9_plamen06_pokemon-steel,167,second,loss,PRIZES,125,3,0
BASELINE,tb_4b3946f9_plamen06_pokemon-steel,168,first,win,PRIZES,141,0,4
BASELINE,tb_4b3946f9_plamen06_pokemon-steel,169,second,win,PRIZES,167,0,1
BASELINE,tb_4b3946f9_plamen06_pokemon-steel,170,first,loss,PRIZES,127,2,0
BASELINE,tb_4b3946f9_plamen06_pokemon-steel,171,second,loss,PRIZES,132,3,0
BASELINE,tb_4b3946f9_plamen06_pokemon-steel,172,first,win,PRIZES,136,0,2
BASELINE,tb_4b3946f9_plamen06_pokemon-steel,173,second,loss,PRIZES,151,1,0
BASELINE,tb_4b3946f9_plamen06_pokemon-steel,174,first,loss,PRIZES,119,4,0
BASELINE,tb_4b3946f9_plamen06_pokemon-steel,175,second,loss,PRIZES,120,3,0
BASELINE,tb_4b3946f9_plamen06_pokemon-steel,176,first,win,PRIZES,116,0,6
BASELINE,tb_4b3946f9_plamen06_pokemon-steel,177,second,loss,PRIZES,110,4,0
BASELINE,tb_4b3946f9_plamen06_pokemon-steel,178,first,loss,PRIZES,79,6,0
BASELINE,tb_4b3946f9_plamen06_pokemon-steel,179,second,loss,PRIZES,132,4,0
BASELINE,tb_4b3946f9_plamen06_pokemon-steel,180,first,loss,PRIZES,152,2,0
BASELINE,tb_4b3946f9_plamen06_pokemon-steel,181,second,win,PRIZES,143,0,2
BASELINE,tb_4b3946f9_plamen06_pokemon-steel,182,first,loss,PRIZES,133,5,0
BASELINE,tb_4b3946f9_plamen06_pokemon-steel,183,second,loss,PRIZES,142,4,0
BASELINE,tb_4b3946f9_plamen06_pokemon-steel,184,first,loss,PRIZES,165,2,0
BASELINE,tb_4b3946f9_plamen06_pokemon-steel,185,second,loss,PRIZES,155,2,0
BASELINE,tb_4b3946f9_plamen06_pokemon-steel,186,first,loss,PRIZES,145,1,0
BASELINE,tb_4b3946f9_plamen06_pokemon-steel,188,first,loss,PRIZES,120,2,0
BASELINE,tb_4b3946f9_plamen06_pokemon-steel,187,second,loss,PRIZES,135,4,0
BASELINE,tb_4b3946f9_plamen06_pokemon-steel,189,second,loss,PRIZES,82,4,0
BASELINE,tb_4b3946f9_plamen06_pokemon-steel,190,first,win,PRIZES,153,0,2
BASELINE,tb_4b3946f9_plamen06_pokemon-steel,191,second,loss,PRIZES,146,4,0
BASELINE,tb_4b3946f9_plamen06_pokemon-steel,192,first,loss,PRIZES,125,3,0
BASELINE,tb_4b3946f9_plamen06_pokemon-steel,194,first,loss,PRIZES,142,2,0
BASELINE,tb_4b3946f9_plamen06_pokemon-steel,193,second,loss,PRIZES,167,3,0
BASELINE,tb_4b3946f9_plamen06_pokemon-steel,195,second,loss,PRIZES,127,3,0
BASELINE,tb_4b3946f9_plamen06_pokemon-steel,196,first,loss,PRIZES,124,3,0
BASELINE,tb_4b3946f9_plamen06_pokemon-steel,197,second,win,PRIZES,119,0,5
BASELINE,tb_4b3946f9_plamen06_pokemon-steel,198,first,win,PRIZES,141,0,1
BASELINE,tb_4b3946f9_plamen06_pokemon-steel,199,second,loss,PRIZES,137,3,0
BASELINE,tb_4b3946f9_plamen06_pokemon-steel,200,first,loss,PRIZES,124,3,0
BASELINE,tb_4b3946f9_plamen06_pokemon-steel,201,second,loss,PRIZES,163,1,0
BASELINE,tb_4b3946f9_plamen06_pokemon-steel,202,first,loss,PRIZES,160,2,0
BASELINE,tb_4b3946f9_plamen06_pokemon-steel,203,second,win,PRIZES,155,0,1
BASELINE,tb_4b3946f9_plamen06_pokemon-steel,204,first,loss,DECKOUT,143,5,6
BASELINE,tb_4b3946f9_plamen06_pokemon-steel,205,second,loss,PRIZES,137,3,0
BASELINE,tb_4b3946f9_plamen06_pokemon-steel,206,first,loss,PRIZES,135,4,0
BASELINE,tb_4b3946f9_plamen06_pokemon-steel,207,second,loss,PRIZES,118,3,0
BASELINE,tb_4b3946f9_plamen06_pokemon-steel,208,first,loss,PRIZES,145,1,0
BASELINE,tb_4b3946f9_plamen06_pokemon-steel,209,second,loss,PRIZES,116,3,0
BASELINE,tb_4b3946f9_plamen06_pokemon-steel,210,first,loss,PRIZES,101,6,0
BASELINE,tb_4b3946f9_plamen06_pokemon-steel,212,first,loss,PRIZES,107,4,0
BASELINE,tb_4b3946f9_plamen06_pokemon-steel,211,second,loss,PRIZES,146,1,0
BASELINE,tb_4b3946f9_plamen06_pokemon-steel,213,second,loss,PRIZES,145,2,0
BASELINE,tb_4b3946f9_plamen06_pokemon-steel,214,first,win,NO_BENCH,40,5,6
BASELINE,tb_4b3946f9_plamen06_pokemon-steel,215,second,loss,PRIZES,146,1,0
BASELINE,tb_4b3946f9_plamen06_pokemon-steel,216,first,win,PRIZES,122,0,6
BASELINE,tb_4b3946f9_plamen06_pokemon-steel,217,second,loss,PRIZES,146,4,0
BASELINE,tb_4b3946f9_plamen06_pokemon-steel,218,first,loss,PRIZES,134,2,0
BASELINE,tb_4b3946f9_plamen06_pokemon-steel,219,second,win,PRIZES,124,0,3
BASELINE,tb_4b3946f9_plamen06_pokemon-steel,220,first,win,PRIZES,133,0,2
BASELINE,tb_4b3946f9_plamen06_pokemon-steel,221,second,loss,PRIZES,96,5,0
BASELINE,tb_4b3946f9_plamen06_pokemon-steel,222,first,loss,PRIZES,134,1,0
BASELINE,tb_4b3946f9_plamen06_pokemon-steel,223,second,loss,PRIZES,138,2,0
BASELINE,tb_4b3946f9_plamen06_pokemon-steel,224,first,loss,PRIZES,131,2,0
BASELINE,tb_4b3946f9_plamen06_pokemon-steel,225,second,win,PRIZES,154,0,1
BASELINE,tb_4b3946f9_plamen06_pokemon-steel,226,first,loss,PRIZES,92,5,0
BASELINE,tb_4b3946f9_plamen06_pokemon-steel,227,second,win,PRIZES,150,0,2
BASELINE,tb_4b3946f9_plamen06_pokemon-steel,228,first,win,PRIZES,143,0,2
BASELINE,tb_4b3946f9_plamen06_pokemon-steel,229,second,loss,PRIZES,140,1,0
BASELINE,tb_4b3946f9_plamen06_pokemon-steel,230,first,win,NO_BENCH,106,2,6
BASELINE,tb_4b3946f9_plamen06_pokemon-steel,231,second,loss,PRIZES,139,3,0
BASELINE,tb_4b3946f9_plamen06_pokemon-steel,232,first,loss,PRIZES,136,3,0
BASELINE,tb_4b3946f9_plamen06_pokemon-steel,233,second,win,PRIZES,127,0,6
BASELINE,tb_4b3946f9_plamen06_pokemon-steel,234,first,loss,PRIZES,103,4,0
BASELINE,tb_4b3946f9_plamen06_pokemon-steel,235,second,loss,PRIZES,132,3,0
BASELINE,tb_4b3946f9_plamen06_pokemon-steel,236,first,win,PRIZES,109,0,6
BASELINE,tb_4b3946f9_plamen06_pokemon-steel,237,second,loss,PRIZES,136,3,0
BASELINE,tb_4b3946f9_plamen06_pokemon-steel,238,first,win,NO_BENCH,37,5,6
BASELINE,tb_4b3946f9_plamen06_pokemon-steel,239,second,loss,PRIZES,148,4,0
BASELINE,tb_4b3946f9_plamen06_pokemon-steel,240,first,win,PRIZES,150,0,1
BASELINE,tb_4b3946f9_plamen06_pokemon-steel,241,second,loss,PRIZES,121,4,0
BASELINE,tb_4b3946f9_plamen06_pokemon-steel,242,first,loss,PRIZES,136,2,0
BASELINE,tb_4b3946f9_plamen06_pokemon-steel,243,second,loss,PRIZES,120,4,0
BASELINE,tb_4b3946f9_plamen06_pokemon-steel,244,first,loss,PRIZES,128,3,0
BASELINE,tb_4b3946f9_plamen06_pokemon-steel,245,second,win,NO_BENCH,86,2,6
BASELINE,tb_4b3946f9_plamen06_pokemon-steel,246,first,loss,PRIZES,133,5,0
BASELINE,tb_4b3946f9_plamen06_pokemon-steel,247,second,win,NO_BENCH,117,1,5
BASELINE,tb_4b3946f9_plamen06_pokemon-steel,248,first,loss,PRIZES,148,3,0
BASELINE,tb_4b3946f9_plamen06_pokemon-steel,249,second,loss,PRIZES,136,1,0
BASELINE,tb_4b3946f9_plamen06_pokemon-steel,250,first,loss,PRIZES,120,4,0
BASELINE,tb_4b3946f9_plamen06_pokemon-steel,251,second,loss,PRIZES,152,2,0
BASELINE,tb_4b3946f9_plamen06_pokemon-steel,252,first,win,PRIZES,141,0,3
BASELINE,tb_4b3946f9_plamen06_pokemon-steel,253,second,win,PRIZES,132,0,5
BASELINE,tb_4b3946f9_plamen06_pokemon-steel,254,first,win,NO_BENCH,65,4,6
BASELINE,tb_4b3946f9_plamen06_pokemon-steel,255,second,win,NO_BENCH,114,1,3
BASELINE,tb_4b3946f9_plamen06_pokemon-steel,256,first,win,PRIZES,148,0,2
BASELINE,tb_4b3946f9_plamen06_pokemon-steel,257,second,loss,NO_BENCH,67,6,3
BASELINE,tb_4b3946f9_plamen06_pokemon-steel,258,first,loss,PRIZES,141,3,0
BASELINE,tb_4b3946f9_plamen06_pokemon-steel,259,second,win,PRIZES,140,0,5
BASELINE,tb_4b3946f9_plamen06_pokemon-steel,260,first,loss,PRIZES,112,1,0
BASELINE,tb_4b3946f9_plamen06_pokemon-steel,261,second,loss,PRIZES,126,6,0
BASELINE,tb_4b3946f9_plamen06_pokemon-steel,262,first,loss,PRIZES,98,6,0
BASELINE,tb_4b3946f9_plamen06_pokemon-steel,263,second,loss,PRIZES,128,3,0
BASELINE,tb_4b3946f9_plamen06_pokemon-steel,264,first,loss,PRIZES,116,2,0
BASELINE,tb_4b3946f9_plamen06_pokemon-steel,265,second,loss,PRIZES,135,2,0
BASELINE,tb_4b3946f9_plamen06_pokemon-steel,266,first,loss,PRIZES,135,6,0
BASELINE,tb_4b3946f9_plamen06_pokemon-steel,267,second,win,NO_BENCH,38,5,6
BASELINE,tb_4b3946f9_plamen06_pokemon-steel,269,second,win,NO_BENCH,36,5,6
BASELINE,tb_4b3946f9_plamen06_pokemon-steel,268,first,loss,PRIZES,142,1,0
BASELINE,tb_4b3946f9_plamen06_pokemon-steel,270,first,loss,PRIZES,131,2,0
BASELINE,tb_4b3946f9_plamen06_pokemon-steel,271,second,win,NO_BENCH,25,5,6
BASELINE,tb_4b3946f9_plamen06_pokemon-steel,272,first,win,PRIZES,132,0,3
BASELINE,tb_4b3946f9_plamen06_pokemon-steel,273,second,loss,PRIZES,134,1,0
BASELINE,tb_4b3946f9_plamen06_pokemon-steel,274,first,win,NO_BENCH,18,5,6
BASELINE,tb_4b3946f9_plamen06_pokemon-steel,275,second,loss,PRIZES,117,3,0
BASELINE,tb_4b3946f9_plamen06_pokemon-steel,276,first,loss,NO_BENCH,28,6,5
BASELINE,tb_4b3946f9_plamen06_pokemon-steel,277,second,loss,PRIZES,159,1,0
BASELINE,tb_4b3946f9_plamen06_pokemon-steel,278,first,win,PRIZES,129,0,6
BASELINE,tb_4b3946f9_plamen06_pokemon-steel,279,second,loss,PRIZES,122,2,0
BASELINE,tb_4b3946f9_plamen06_pokemon-steel,280,first,loss,PRIZES,115,4,0
BASELINE,tb_4b3946f9_plamen06_pokemon-steel,281,second,loss,PRIZES,139,4,0
BASELINE,tb_4b3946f9_plamen06_pokemon-steel,282,first,loss,PRIZES,93,6,0
BASELINE,tb_4b3946f9_plamen06_pokemon-steel,283,second,loss,PRIZES,146,2,0
BASELINE,tb_4b3946f9_plamen06_pokemon-steel,284,first,loss,PRIZES,97,5,0
BASELINE,tb_4b3946f9_plamen06_pokemon-steel,285,second,loss,PRIZES,98,4,0
BASELINE,tb_4b3946f9_plamen06_pokemon-steel,287,second,loss,PRIZES,114,5,0
BASELINE,tb_4b3946f9_plamen06_pokemon-steel,286,first,loss,PRIZES,127,5,0
BASELINE,tb_4b3946f9_plamen06_pokemon-steel,288,first,loss,PRIZES,107,4,0
BASELINE,tb_4b3946f9_plamen06_pokemon-steel,290,first,loss,PRIZES,141,1,0
BASELINE,tb_4b3946f9_plamen06_pokemon-steel,289,second,loss,PRIZES,133,3,0
BASELINE,tb_4b3946f9_plamen06_pokemon-steel,291,second,loss,PRIZES,116,2,0
BASELINE,tb_4b3946f9_plamen06_pokemon-steel,292,first,win,NO_BENCH,32,5,6
BASELINE,tb_4b3946f9_plamen06_pokemon-steel,293,second,loss,PRIZES,148,3,0
BASELINE,tb_4b3946f9_plamen06_pokemon-steel,294,first,loss,PRIZES,167,1,0
BASELINE,tb_4b3946f9_plamen06_pokemon-steel,295,second,loss,PRIZES,151,1,0
BASELINE,tb_4b3946f9_plamen06_pokemon-steel,296,first,loss,PRIZES,85,5,0
BASELINE,tb_4b3946f9_plamen06_pokemon-steel,297,second,win,PRIZES,140,0,1
BASELINE,tb_4b3946f9_plamen06_pokemon-steel,298,first,loss,NO_BENCH,33,6,5
BASELINE,tb_4b3946f9_plamen06_pokemon-steel,299,second,win,NO_BENCH,90,3,3
BASELINE,tb_4b3946f9_plamen06_pokemon-steel,300,first,loss,PRIZES,111,5,0
BASELINE,tb_4b3946f9_plamen06_pokemon-steel,301,second,win,NO_BENCH,86,2,6
BASELINE,tb_4b3946f9_plamen06_pokemon-steel,302,first,loss,PRIZES,100,6,0
BASELINE,tb_4b3946f9_plamen06_pokemon-steel,303,second,win,PRIZES,106,0,6
BASELINE,tb_4b3946f9_plamen06_pokemon-steel,304,first,loss,PRIZES,140,3,0
BASELINE,tb_4b3946f9_plamen06_pokemon-steel,305,second,loss,PRIZES,138,3,0
BASELINE,tb_4b3946f9_plamen06_pokemon-steel,306,first,loss,PRIZES,125,3,0
BASELINE,tb_4b3946f9_plamen06_pokemon-steel,307,second,loss,PRIZES,135,3,0
BASELINE,tb_4b3946f9_plamen06_pokemon-steel,308,first,loss,PRIZES,146,3,0
BASELINE,tb_4b3946f9_plamen06_pokemon-steel,309,second,loss,NO_BENCH,47,6,3
BASELINE,tb_4b3946f9_plamen06_pokemon-steel,310,first,win,PRIZES,148,0,3
BASELINE,tb_4b3946f9_plamen06_pokemon-steel,311,second,win,PRIZES,131,0,5
BASELINE,tb_4b3946f9_plamen06_pokemon-steel,312,first,loss,NO_BENCH,41,6,5
BASELINE,tb_4b3946f9_plamen06_pokemon-steel,313,second,loss,PRIZES,152,1,0
BASELINE,tb_4b3946f9_plamen06_pokemon-steel,314,first,loss,PRIZES,150,2,0
BASELINE,tb_4b3946f9_plamen06_pokemon-steel,315,second,win,NO_BENCH,134,1,5
BASELINE,tb_4b3946f9_plamen06_pokemon-steel,316,first,loss,PRIZES,148,1,0
BASELINE,tb_4b3946f9_plamen06_pokemon-steel,317,second,win,PRIZES,139,0,2
BASELINE,tb_4b3946f9_plamen06_pokemon-steel,318,first,loss,PRIZES,181,2,0
BASELINE,tb_4b3946f9_plamen06_pokemon-steel,319,second,loss,PRIZES,129,5,0
BASELINE,tb_4b3946f9_plamen06_pokemon-steel,320,first,loss,PRIZES,146,3,0
BASELINE,tb_4b3946f9_plamen06_pokemon-steel,321,second,win,PRIZES,147,0,2
BASELINE,tb_4b3946f9_plamen06_pokemon-steel,322,first,loss,PRIZES,106,3,0
BASELINE,tb_4b3946f9_plamen06_pokemon-steel,323,second,loss,PRIZES,134,3,0
BASELINE,tb_4b3946f9_plamen06_pokemon-steel,324,first,loss,PRIZES,115,4,0
BASELINE,tb_4b3946f9_plamen06_pokemon-steel,325,second,win,NO_BENCH,56,4,6
BASELINE,tb_4b3946f9_plamen06_pokemon-steel,326,first,loss,PRIZES,119,4,0
BASELINE,tb_4b3946f9_plamen06_pokemon-steel,327,second,loss,PRIZES,129,4,0
BASELINE,tb_4b3946f9_plamen06_pokemon-steel,328,first,loss,PRIZES,138,3,0
BASELINE,tb_4b3946f9_plamen06_pokemon-steel,329,second,loss,PRIZES,121,2,0
BASELINE,tb_4b3946f9_plamen06_pokemon-steel,330,first,win,NO_BENCH,101,1,6
BASELINE,tb_4b3946f9_plamen06_pokemon-steel,331,second,loss,PRIZES,128,5,0
BASELINE,tb_4b3946f9_plamen06_pokemon-steel,332,first,loss,PRIZES,144,2,0
BASELINE,tb_4b3946f9_plamen06_pokemon-steel,333,second,loss,PRIZES,123,2,0
BASELINE,tb_4b3946f9_plamen06_pokemon-steel,334,first,win,NO_BENCH,78,3,6
BASELINE,tb_4b3946f9_plamen06_pokemon-steel,335,second,win,NO_BENCH,35,5,6
BASELINE,tb_4b3946f9_plamen06_pokemon-steel,336,first,win,PRIZES,123,0,3
BASELINE,tb_4b3946f9_plamen06_pokemon-steel,337,second,loss,PRIZES,157,1,0
BASELINE,tb_4b3946f9_plamen06_pokemon-steel,338,first,win,PRIZES,133,0,6
BASELINE,tb_4b3946f9_plamen06_pokemon-steel,339,second,loss,PRIZES,151,1,0
BASELINE,tb_4b3946f9_plamen06_pokemon-steel,340,first,win,PRIZES,126,0,3
BASELINE,tb_4b3946f9_plamen06_pokemon-steel,341,second,loss,PRIZES,120,4,0
BASELINE,tb_4b3946f9_plamen06_pokemon-steel,342,first,loss,PRIZES,146,5,0
BASELINE,tb_4b3946f9_plamen06_pokemon-steel,344,first,loss,PRIZES,123,3,0
BASELINE,tb_4b3946f9_plamen06_pokemon-steel,343,second,win,PRIZES,159,0,1
BASELINE,tb_4b3946f9_plamen06_pokemon-steel,345,second,loss,PRIZES,117,3,0
BASELINE,tb_4b3946f9_plamen06_pokemon-steel,347,second,win,NO_BENCH,89,1,6
BASELINE,tb_4b3946f9_plamen06_pokemon-steel,346,first,win,PRIZES,126,0,4
BASELINE,tb_4b3946f9_plamen06_pokemon-steel,348,first,win,PRIZES,112,0,6
BASELINE,tb_4b3946f9_plamen06_pokemon-steel,349,second,loss,PRIZES,108,6,0
BASELINE,tb_4b3946f9_plamen06_pokemon-steel,350,first,loss,PRIZES,139,1,0
BASELINE,tb_4b3946f9_plamen06_pokemon-steel,351,second,loss,NO_BENCH,53,6,4
BASELINE,tb_4b3946f9_plamen06_pokemon-steel,352,first,win,PRIZES,118,0,6
BASELINE,tb_4b3946f9_plamen06_pokemon-steel,353,second,loss,PRIZES,146,1,0
BASELINE,tb_4b3946f9_plamen06_pokemon-steel,354,first,loss,PRIZES,124,3,0
BASELINE,tb_4b3946f9_plamen06_pokemon-steel,355,second,loss,PRIZES,122,3,0
BASELINE,tb_4b3946f9_plamen06_pokemon-steel,356,first,loss,PRIZES,132,3,0
BASELINE,tb_4b3946f9_plamen06_pokemon-steel,357,second,loss,PRIZES,131,2,0
BASELINE,tb_4b3946f9_plamen06_pokemon-steel,359,second,loss,PRIZES,98,6,0
BASELINE,tb_4b3946f9_plamen06_pokemon-steel,358,first,loss,PRIZES,154,1,0
BASELINE,tb_4b3946f9_plamen06_pokemon-steel,360,first,loss,PRIZES,133,2,0
BASELINE,tb_4b3946f9_plamen06_pokemon-steel,362,first,loss,PRIZES,124,5,0
BASELINE,tb_4b3946f9_plamen06_pokemon-steel,361,second,loss,PRIZES,143,2,0
BASELINE,tb_4b3946f9_plamen06_pokemon-steel,363,second,win,PRIZES,136,0,2
BASELINE,tb_4b3946f9_plamen06_pokemon-steel,365,second,loss,PRIZES,119,3,0
BASELINE,tb_4b3946f9_plamen06_pokemon-steel,364,first,loss,PRIZES,120,4,0
BASELINE,tb_4b3946f9_plamen06_pokemon-steel,366,first,loss,PRIZES,130,2,0
BASELINE,tb_4b3946f9_plamen06_pokemon-steel,368,first,win,NO_BENCH,72,3,6
BASELINE,tb_4b3946f9_plamen06_pokemon-steel,367,second,loss,PRIZES,130,4,0
BASELINE,tb_4b3946f9_plamen06_pokemon-steel,369,second,win,PRIZES,145,0,1
BASELINE,tb_4b3946f9_plamen06_pokemon-steel,370,first,win,PRIZES,146,0,2
BASELINE,tb_4b3946f9_plamen06_pokemon-steel,371,second,loss,PRIZES,126,2,0
BASELINE,tb_4b3946f9_plamen06_pokemon-steel,372,first,loss,PRIZES,135,5,0
BASELINE,tb_4b3946f9_plamen06_pokemon-steel,373,second,win,NO_BENCH,51,3,6
BASELINE,tb_4b3946f9_plamen06_pokemon-steel,374,first,loss,PRIZES,133,1,0
BASELINE,tb_4b3946f9_plamen06_pokemon-steel,375,second,loss,PRIZES,139,3,0
BASELINE,tb_4b3946f9_plamen06_pokemon-steel,376,first,loss,DECKOUT,172,1,1
BASELINE,tb_4b3946f9_plamen06_pokemon-steel,377,second,win,PRIZES,120,0,2
BASELINE,tb_4b3946f9_plamen06_pokemon-steel,378,first,win,NO_BENCH,120,1,5
BASELINE,tb_4b3946f9_plamen06_pokemon-steel,379,second,loss,PRIZES,146,3,0
BASELINE,tb_4b3946f9_plamen06_pokemon-steel,380,first,win,NO_BENCH,80,1,3
BASELINE,tb_4b3946f9_plamen06_pokemon-steel,381,second,loss,PRIZES,128,4,0
BASELINE,tb_4b3946f9_plamen06_pokemon-steel,382,first,win,PRIZES,96,0,3
BASELINE,tb_4b3946f9_plamen06_pokemon-steel,383,second,loss,PRIZES,131,4,0
BASELINE,tb_4b3946f9_plamen06_pokemon-steel,384,first,loss,PRIZES,155,1,0
BASELINE,tb_4b3946f9_plamen06_pokemon-steel,385,second,win,PRIZES,135,0,5
BASELINE,tb_4b3946f9_plamen06_pokemon-steel,386,first,loss,PRIZES,159,3,0
BASELINE,tb_4b3946f9_plamen06_pokemon-steel,387,second,loss,PRIZES,113,5,0
BASELINE,tb_4b3946f9_plamen06_pokemon-steel,388,first,loss,PRIZES,161,3,0
BASELINE,tb_4b3946f9_plamen06_pokemon-steel,389,second,loss,PRIZES,126,5,0
BASELINE,tb_4b3946f9_plamen06_pokemon-steel,390,first,loss,PRIZES,115,5,0
BASELINE,tb_4b3946f9_plamen06_pokemon-steel,391,second,loss,PRIZES,129,3,0
BASELINE,tb_4b3946f9_plamen06_pokemon-steel,392,first,loss,PRIZES,103,6,0
BASELINE,tb_4b3946f9_plamen06_pokemon-steel,393,second,win,NO_BENCH,71,3,5
BASELINE,tb_4b3946f9_plamen06_pokemon-steel,395,second,loss,PRIZES,138,1,0
BASELINE,tb_4b3946f9_plamen06_pokemon-steel,394,first,loss,PRIZES,145,2,0
BASELINE,tb_4b3946f9_plamen06_pokemon-steel,396,first,loss,PRIZES,109,2,0
BASELINE,tb_4b3946f9_plamen06_pokemon-steel,398,first,loss,PRIZES,125,3,0
BASELINE,tb_4b3946f9_plamen06_pokemon-steel,397,second,loss,PRIZES,133,3,0
BASELINE,tb_4b3946f9_plamen06_pokemon-steel,399,second,loss,PRIZES,127,3,0
BASELINE,tb_4b3946f9_plamen06_pokemon-steel,400,first,loss,PRIZES,120,2,0
BASELINE,tb_4b3946f9_plamen06_pokemon-steel,401,second,loss,PRIZES,131,2,0
BASELINE,tb_4b3946f9_plamen06_pokemon-steel,402,first,loss,PRIZES,97,3,0
BASELINE,tb_4b3946f9_plamen06_pokemon-steel,403,second,loss,PRIZES,108,3,0
BASELINE,tb_4b3946f9_plamen06_pokemon-steel,404,first,loss,PRIZES,130,4,0
BASELINE,tb_4b3946f9_plamen06_pokemon-steel,405,second,win,NO_BENCH,85,2,6
BASELINE,tb_4b3946f9_plamen06_pokemon-steel,407,second,win,NO_BENCH,99,2,6
BASELINE,tb_4b3946f9_plamen06_pokemon-steel,406,first,loss,PRIZES,119,1,0
BASELINE,tb_4b3946f9_plamen06_pokemon-steel,408,first,loss,PRIZES,160,1,0
BASELINE,tb_4b3946f9_plamen06_pokemon-steel,409,second,loss,PRIZES,114,3,0
BASELINE,tb_4b3946f9_plamen06_pokemon-steel,410,first,win,PRIZES,138,0,2
BASELINE,tb_4b3946f9_plamen06_pokemon-steel,411,second,loss,PRIZES,160,2,0
BASELINE,tb_4b3946f9_plamen06_pokemon-steel,412,first,loss,PRIZES,123,4,0
BASELINE,tb_4b3946f9_plamen06_pokemon-steel,413,second,loss,PRIZES,120,6,0
BASELINE,tb_4b3946f9_plamen06_pokemon-steel,414,first,loss,PRIZES,111,4,0
BASELINE,tb_4b3946f9_plamen06_pokemon-steel,415,second,loss,PRIZES,153,2,0
BASELINE,tb_4b3946f9_plamen06_pokemon-steel,416,first,loss,PRIZES,160,1,0
BASELINE,tb_4b3946f9_plamen06_pokemon-steel,417,second,win,PRIZES,144,0,2
BASELINE,tb_4b3946f9_plamen06_pokemon-steel,418,first,loss,PRIZES,139,6,0
BASELINE,tb_4b3946f9_plamen06_pokemon-steel,419,second,loss,PRIZES,128,3,0
BASELINE,tb_4b3946f9_plamen06_pokemon-steel,420,first,win,PRIZES,136,0,2
BASELINE,tb_4b3946f9_plamen06_pokemon-steel,421,second,win,PRIZES,138,0,3
BASELINE,tb_4b3946f9_plamen06_pokemon-steel,422,first,loss,PRIZES,117,4,0
BASELINE,tb_4b3946f9_plamen06_pokemon-steel,423,second,loss,PRIZES,122,5,0
BASELINE,tb_4b3946f9_plamen06_pokemon-steel,425,second,win,NO_BENCH,70,5,5
BASELINE,tb_4b3946f9_plamen06_pokemon-steel,424,first,win,PRIZES,133,0,2
BASELINE,tb_4b3946f9_plamen06_pokemon-steel,426,first,loss,PRIZES,140,5,0
BASELINE,tb_4b3946f9_plamen06_pokemon-steel,427,second,loss,PRIZES,125,3,0
BASELINE,tb_4b3946f9_plamen06_pokemon-steel,428,first,win,NO_BENCH,48,5,6
BASELINE,tb_4b3946f9_plamen06_pokemon-steel,429,second,loss,PRIZES,112,5,0
BASELINE,tb_4b3946f9_plamen06_pokemon-steel,431,second,win,NO_BENCH,59,3,6
BASELINE,tb_4b3946f9_plamen06_pokemon-steel,430,first,loss,PRIZES,108,6,0
BASELINE,tb_4b3946f9_plamen06_pokemon-steel,432,first,loss,PRIZES,150,6,0
BASELINE,tb_4b3946f9_plamen06_pokemon-steel,433,second,loss,PRIZES,145,2,0
BASELINE,tb_4b3946f9_plamen06_pokemon-steel,434,first,loss,PRIZES,141,3,0
BASELINE,tb_4b3946f9_plamen06_pokemon-steel,435,second,loss,PRIZES,157,3,0
BASELINE,tb_4b3946f9_plamen06_pokemon-steel,436,first,loss,PRIZES,138,2,0
BASELINE,tb_4b3946f9_plamen06_pokemon-steel,437,second,win,PRIZES,147,0,1
BASELINE,tb_4b3946f9_plamen06_pokemon-steel,438,first,loss,PRIZES,124,4,0
BASELINE,tb_4b3946f9_plamen06_pokemon-steel,440,first,win,NO_BENCH,67,3,6
BASELINE,tb_4b3946f9_plamen06_pokemon-steel,439,second,win,PRIZES,152,0,2
BASELINE,tb_4b3946f9_plamen06_pokemon-steel,441,second,loss,PRIZES,114,4,0
BASELINE,tb_4b3946f9_plamen06_pokemon-steel,442,first,win,NO_BENCH,98,1,6
BASELINE,tb_4b3946f9_plamen06_pokemon-steel,443,second,win,PRIZES,134,0,2
BASELINE,tb_4b3946f9_plamen06_pokemon-steel,444,first,loss,PRIZES,112,4,0
BASELINE,tb_4b3946f9_plamen06_pokemon-steel,445,second,loss,PRIZES,115,4,0
BASELINE,tb_4b3946f9_plamen06_pokemon-steel,447,second,loss,PRIZES,133,4,0
BASELINE,tb_4b3946f9_plamen06_pokemon-steel,446,first,loss,PRIZES,148,4,0
BASELINE,tb_4b3946f9_plamen06_pokemon-steel,448,first,loss,PRIZES,128,2,0
BASELINE,tb_4b3946f9_plamen06_pokemon-steel,450,first,loss,PRIZES,108,4,0
BASELINE,tb_4b3946f9_plamen06_pokemon-steel,449,second,loss,PRIZES,135,2,0
BASELINE,tb_4b3946f9_plamen06_pokemon-steel,451,second,win,PRIZES,120,0,6
BASELINE,tb_4b3946f9_plamen06_pokemon-steel,452,first,loss,PRIZES,142,1,0
BASELINE,tb_4b3946f9_plamen06_pokemon-steel,453,second,loss,PRIZES,117,3,0
BASELINE,tb_4b3946f9_plamen06_pokemon-steel,454,first,loss,PRIZES,115,4,0
BASELINE,tb_4b3946f9_plamen06_pokemon-steel,455,second,win,NO_BENCH,70,4,6
BASELINE,tb_4b3946f9_plamen06_pokemon-steel,456,first,loss,PRIZES,114,3,0
BASELINE,tb_4b3946f9_plamen06_pokemon-steel,457,second,loss,PRIZES,95,5,0
BASELINE,tb_4b3946f9_plamen06_pokemon-steel,458,first,loss,PRIZES,111,2,0
BASELINE,tb_4b3946f9_plamen06_pokemon-steel,459,second,loss,PRIZES,145,3,0
BASELINE,tb_4b3946f9_plamen06_pokemon-steel,461,second,win,PRIZES,136,0,2
BASELINE,tb_4b3946f9_plamen06_pokemon-steel,460,first,loss,PRIZES,133,3,0
BASELINE,tb_4b3946f9_plamen06_pokemon-steel,462,first,loss,PRIZES,169,2,0
BASELINE,tb_4b3946f9_plamen06_pokemon-steel,463,second,loss,PRIZES,110,4,0
BASELINE,tb_4b3946f9_plamen06_pokemon-steel,464,first,win,PRIZES,117,0,6
BASELINE,tb_4b3946f9_plamen06_pokemon-steel,465,second,loss,PRIZES,120,4,0
BASELINE,tb_4b3946f9_plamen06_pokemon-steel,467,second,loss,PRIZES,98,3,0
BASELINE,tb_4b3946f9_plamen06_pokemon-steel,468,first,win,NO_BENCH,81,2,5
BASELINE,tb_4b3946f9_plamen06_pokemon-steel,466,first,loss,PRIZES,114,4,0
BASELINE,tb_4b3946f9_plamen06_pokemon-steel,470,first,win,NO_BENCH,84,3,3
BASELINE,tb_4b3946f9_plamen06_pokemon-steel,469,second,loss,PRIZES,111,3,0
BASELINE,tb_4b3946f9_plamen06_pokemon-steel,471,second,loss,PRIZES,127,2,0
BASELINE,tb_4b3946f9_plamen06_pokemon-steel,473,second,loss,PRIZES,120,3,0
BASELINE,tb_4b3946f9_plamen06_pokemon-steel,472,first,loss,PRIZES,141,1,0
BASELINE,tb_4b3946f9_plamen06_pokemon-steel,474,first,win,PRIZES,152,0,3
BASELINE,tb_4b3946f9_plamen06_pokemon-steel,476,first,loss,PRIZES,116,4,0
BASELINE,tb_4b3946f9_plamen06_pokemon-steel,475,second,loss,PRIZES,122,3,0
BASELINE,tb_4b3946f9_plamen06_pokemon-steel,477,second,win,PRIZES,116,0,6
BASELINE,tb_4b3946f9_plamen06_pokemon-steel,479,second,loss,PRIZES,115,3,0
BASELINE,tb_4b3946f9_plamen06_pokemon-steel,480,first,loss,PRIZES,133,4,0
BASELINE,tb_4b3946f9_plamen06_pokemon-steel,478,first,loss,PRIZES,152,2,0
BASELINE,tb_4b3946f9_plamen06_pokemon-steel,481,second,win,NO_BENCH,21,5,6
BASELINE,tb_4b3946f9_plamen06_pokemon-steel,483,second,win,PRIZES,114,0,6
BASELINE,tb_4b3946f9_plamen06_pokemon-steel,482,first,loss,PRIZES,137,3,0
BASELINE,tb_4b3946f9_plamen06_pokemon-steel,484,first,loss,PRIZES,127,5,0
BASELINE,tb_4b3946f9_plamen06_pokemon-steel,485,second,win,NO_BENCH,56,4,6
BASELINE,tb_4b3946f9_plamen06_pokemon-steel,486,first,loss,PRIZES,137,3,0
BASELINE,tb_4b3946f9_plamen06_pokemon-steel,487,second,win,PRIZES,134,0,6
BASELINE,tb_4b3946f9_plamen06_pokemon-steel,488,first,loss,PRIZES,95,5,0
BASELINE,tb_4b3946f9_plamen06_pokemon-steel,489,second,win,NO_BENCH,108,2,5
BASELINE,tb_4b3946f9_plamen06_pokemon-steel,490,first,win,NO_BENCH,73,3,6
BASELINE,tb_4b3946f9_plamen06_pokemon-steel,491,second,loss,PRIZES,140,2,0
BASELINE,tb_4b3946f9_plamen06_pokemon-steel,492,first,win,NO_BENCH,100,1,6
BASELINE,tb_4b3946f9_plamen06_pokemon-steel,493,second,win,PRIZES,142,0,1
BASELINE,tb_4b3946f9_plamen06_pokemon-steel,494,first,win,PRIZES,99,0,6
BASELINE,tb_4b3946f9_plamen06_pokemon-steel,495,second,loss,PRIZES,126,2,0
BASELINE,tb_4b3946f9_plamen06_pokemon-steel,496,first,win,PRIZES,116,0,6
BASELINE,tb_4b3946f9_plamen06_pokemon-steel,497,second,loss,PRIZES,146,4,0
BASELINE,tb_4b3946f9_plamen06_pokemon-steel,498,first,loss,PRIZES,115,5,0
BASELINE,tb_4b3946f9_plamen06_pokemon-steel,499,second,win,NO_BENCH,95,1,6
BASELINE,tb_4b3946f9_plamen06_pokemon-steel,500,first,loss,PRIZES,140,3,0
BASELINE,tb_4b3946f9_plamen06_pokemon-steel,501,second,loss,PRIZES,141,1,0
BASELINE,tb_4b3946f9_plamen06_pokemon-steel,502,first,loss,PRIZES,124,3,0
BASELINE,tb_4b3946f9_plamen06_pokemon-steel,504,first,loss,PRIZES,137,4,0
BASELINE,tb_4b3946f9_plamen06_pokemon-steel,503,second,loss,PRIZES,147,1,0
BASELINE,tb_4b3946f9_plamen06_pokemon-steel,505,second,win,PRIZES,98,0,5
BASELINE,tb_4b3946f9_plamen06_pokemon-steel,506,first,loss,PRIZES,123,2,0
BASELINE,tb_4b3946f9_plamen06_pokemon-steel,507,second,loss,PRIZES,119,4,0
BASELINE,tb_4b3946f9_plamen06_pokemon-steel,508,first,loss,PRIZES,108,4,0
BASELINE,tb_4b3946f9_plamen06_pokemon-steel,509,second,loss,PRIZES,124,2,0
BASELINE,tb_4b3946f9_plamen06_pokemon-steel,510,first,loss,PRIZES,136,1,0
BASELINE,tb_4b3946f9_plamen06_pokemon-steel,511,second,win,NO_BENCH,17,5,6
BASELINE,tb_4b3946f9_plamen06_pokemon-steel,512,first,loss,PRIZES,126,3,0
BASELINE,tb_4b3946f9_plamen06_pokemon-steel,513,second,loss,PRIZES,142,2,0
BASELINE,tb_4b3946f9_plamen06_pokemon-steel,514,first,win,NO_BENCH,41,5,6
BASELINE,tb_4b3946f9_plamen06_pokemon-steel,515,second,loss,PRIZES,144,1,0
BASELINE,tb_4b3946f9_plamen06_pokemon-steel,516,first,win,NO_BENCH,114,1,6
BASELINE,tb_4b3946f9_plamen06_pokemon-steel,517,second,loss,PRIZES,132,1,0
BASELINE,tb_4b3946f9_plamen06_pokemon-steel,518,first,win,PRIZES,114,0,3
BASELINE,tb_4b3946f9_plamen06_pokemon-steel,519,second,loss,PRIZES,133,1,0
BASELINE,tb_4b3946f9_plamen06_pokemon-steel,520,first,win,PRIZES,166,0,1
BASELINE,tb_4b3946f9_plamen06_pokemon-steel,521,second,loss,PRIZES,129,4,0
BASELINE,tb_4b3946f9_plamen06_pokemon-steel,522,first,loss,PRIZES,135,1,0
BASELINE,tb_4b3946f9_plamen06_pokemon-steel,523,second,win,NO_BENCH,109,1,6
BASELINE,tb_4b3946f9_plamen06_pokemon-steel,524,first,win,PRIZES,116,0,5
BASELINE,tb_4b3946f9_plamen06_pokemon-steel,525,second,win,PRIZES,129,0,5
BASELINE,tb_4b3946f9_plamen06_pokemon-steel,526,first,loss,PRIZES,127,4,0
BASELINE,tb_4b3946f9_plamen06_pokemon-steel,527,second,loss,PRIZES,133,3,0
BASELINE,tb_4b3946f9_plamen06_pokemon-steel,528,first,loss,PRIZES,119,6,0
BASELINE,tb_4b3946f9_plamen06_pokemon-steel,529,second,loss,PRIZES,143,1,0
BASELINE,tb_4b3946f9_plamen06_pokemon-steel,530,first,loss,PRIZES,123,3,0
BASELINE,tb_4b3946f9_plamen06_pokemon-steel,531,second,win,NO_BENCH,70,3,6
BASELINE,tb_4b3946f9_plamen06_pokemon-steel,532,first,loss,PRIZES,128,5,0
BASELINE,tb_4b3946f9_plamen06_pokemon-steel,534,first,loss,PRIZES,127,3,0
BASELINE,tb_4b3946f9_plamen06_pokemon-steel,533,second,win,PRIZES,150,0,5
BASELINE,tb_4b3946f9_plamen06_pokemon-steel,535,second,loss,PRIZES,136,2,0
BASELINE,tb_4b3946f9_plamen06_pokemon-steel,536,first,win,NO_BENCH,92,3,6
BASELINE,tb_4b3946f9_plamen06_pokemon-steel,537,second,loss,PRIZES,148,2,0
BASELINE,tb_4b3946f9_plamen06_pokemon-steel,538,first,loss,PRIZES,155,2,0
BASELINE,tb_4b3946f9_plamen06_pokemon-steel,539,second,loss,PRIZES,187,2,0
BASELINE,tb_4b3946f9_plamen06_pokemon-steel,540,first,loss,PRIZES,154,1,0
BASELINE,tb_4b3946f9_plamen06_pokemon-steel,541,second,loss,PRIZES,120,3,0
BASELINE,tb_4b3946f9_plamen06_pokemon-steel,542,first,loss,PRIZES,120,3,0
BASELINE,tb_4b3946f9_plamen06_pokemon-steel,543,second,loss,PRIZES,151,1,0
BASELINE,tb_4b3946f9_plamen06_pokemon-steel,544,first,win,PRIZES,155,0,2
BASELINE,tb_4b3946f9_plamen06_pokemon-steel,545,second,loss,PRIZES,120,2,0
BASELINE,tb_4b3946f9_plamen06_pokemon-steel,546,first,win,PRIZES,157,0,2
BASELINE,tb_4b3946f9_plamen06_pokemon-steel,547,second,loss,PRIZES,139,3,0
BASELINE,tb_4b3946f9_plamen06_pokemon-steel,548,first,loss,PRIZES,114,3,0
BASELINE,tb_4b3946f9_plamen06_pokemon-steel,549,second,loss,PRIZES,137,3,0
BASELINE,tb_4b3946f9_plamen06_pokemon-steel,550,first,loss,PRIZES,107,4,0
BASELINE,tb_4b3946f9_plamen06_pokemon-steel,551,second,loss,PRIZES,148,2,0
BASELINE,tb_4b3946f9_plamen06_pokemon-steel,552,first,loss,PRIZES,153,1,0
BASELINE,tb_4b3946f9_plamen06_pokemon-steel,553,second,win,PRIZES,146,0,4
BASELINE,tb_4b3946f9_plamen06_pokemon-steel,554,first,loss,PRIZES,135,3,0
BASELINE,tb_4b3946f9_plamen06_pokemon-steel,555,second,win,NO_BENCH,118,1,3
BASELINE,tb_4b3946f9_plamen06_pokemon-steel,556,first,win,PRIZES,131,0,2
BASELINE,tb_4b3946f9_plamen06_pokemon-steel,557,second,loss,PRIZES,116,2,0
BASELINE,tb_4b3946f9_plamen06_pokemon-steel,558,first,loss,PRIZES,100,6,0
BASELINE,tb_4b3946f9_plamen06_pokemon-steel,559,second,win,NO_BENCH,108,2,6
BASELINE,tb_4b3946f9_plamen06_pokemon-steel,560,first,win,PRIZES,119,0,3
BASELINE,tb_4b3946f9_plamen06_pokemon-steel,561,second,win,PRIZES,116,0,6
BASELINE,tb_4b3946f9_plamen06_pokemon-steel,562,first,loss,PRIZES,146,2,0
BASELINE,tb_4b3946f9_plamen06_pokemon-steel,563,second,loss,PRIZES,112,4,0
BASELINE,tb_4b3946f9_plamen06_pokemon-steel,564,first,loss,PRIZES,140,3,0
BASELINE,tb_4b3946f9_plamen06_pokemon-steel,565,second,loss,PRIZES,137,1,0
BASELINE,tb_4b3946f9_plamen06_pokemon-steel,566,first,loss,PRIZES,147,1,0
BASELINE,tb_4b3946f9_plamen06_pokemon-steel,567,second,loss,PRIZES,129,5,0
BASELINE,tb_4b3946f9_plamen06_pokemon-steel,568,first,loss,PRIZES,130,5,0
BASELINE,tb_4b3946f9_plamen06_pokemon-steel,569,second,loss,PRIZES,138,1,0
BASELINE,tb_4b3946f9_plamen06_pokemon-steel,570,first,loss,PRIZES,152,1,0
BASELINE,tb_4b3946f9_plamen06_pokemon-steel,571,second,loss,PRIZES,144,1,0
BASELINE,tb_4b3946f9_plamen06_pokemon-steel,572,first,loss,PRIZES,117,3,0
BASELINE,tb_4b3946f9_plamen06_pokemon-steel,573,second,loss,PRIZES,128,3,0
BASELINE,tb_4b3946f9_plamen06_pokemon-steel,575,second,loss,PRIZES,101,6,0
BASELINE,tb_4b3946f9_plamen06_pokemon-steel,574,first,loss,PRIZES,142,4,0
BASELINE,tb_4b3946f9_plamen06_pokemon-steel,576,first,loss,PRIZES,161,1,0
BASELINE,tb_4b3946f9_plamen06_pokemon-steel,578,first,win,NO_BENCH,68,4,6
BASELINE,tb_4b3946f9_plamen06_pokemon-steel,577,second,win,PRIZES,142,0,4
BASELINE,tb_4b3946f9_plamen06_pokemon-steel,579,second,win,NO_BENCH,43,5,6
BASELINE,tb_4b3946f9_plamen06_pokemon-steel,580,first,loss,PRIZES,132,3,0
BASELINE,tb_4b3946f9_plamen06_pokemon-steel,581,second,win,PRIZES,140,0,4
BASELINE,tb_4b3946f9_plamen06_pokemon-steel,582,first,loss,PRIZES,114,2,0
BASELINE,tb_4b3946f9_plamen06_pokemon-steel,583,second,win,PRIZES,158,0,1
BASELINE,tb_4b3946f9_plamen06_pokemon-steel,584,first,loss,PRIZES,159,1,0
BASELINE,tb_4b3946f9_plamen06_pokemon-steel,585,second,win,PRIZES,136,0,4
BASELINE,tb_4b3946f9_plamen06_pokemon-steel,587,second,win,NO_BENCH,26,5,6
BASELINE,tb_4b3946f9_plamen06_pokemon-steel,586,first,loss,PRIZES,123,3,0
BASELINE,tb_4b3946f9_plamen06_pokemon-steel,589,second,win,PRIZES,148,0,2
BASELINE,tb_4b3946f9_plamen06_pokemon-steel,588,first,loss,PRIZES,138,1,0
BASELINE,tb_4b3946f9_plamen06_pokemon-steel,590,first,win,PRIZES,127,0,2
BASELINE,tb_4b3946f9_plamen06_pokemon-steel,591,second,loss,PRIZES,105,4,0
BASELINE,tb_4b3946f9_plamen06_pokemon-steel,592,first,loss,PRIZES,129,2,0
BASELINE,tb_4b3946f9_plamen06_pokemon-steel,593,second,win,PRIZES,110,0,6
BASELINE,tb_4b3946f9_plamen06_pokemon-steel,595,second,win,NO_BENCH,36,5,6
BASELINE,tb_4b3946f9_plamen06_pokemon-steel,594,first,loss,PRIZES,104,6,0
BASELINE,tb_4b3946f9_plamen06_pokemon-steel,596,first,loss,PRIZES,108,5,0
BASELINE,tb_4b3946f9_plamen06_pokemon-steel,598,first,win,PRIZES,104,0,6
BASELINE,tb_4b3946f9_plamen06_pokemon-steel,599,second,loss,NO_BENCH,79,5,1
BASELINE,tb_4b3946f9_plamen06_pokemon-steel,597,second,loss,PRIZES,156,2,0
BASELINE,tb_a4c53101_aristophanivan_one-of-snapshot-versions,0,first,loss,PRIZES,121,6,0
BASELINE,tb_a4c53101_aristophanivan_one-of-snapshot-versions,1,second,loss,PRIZES,146,3,0
BASELINE,tb_a4c53101_aristophanivan_one-of-snapshot-versions,2,first,loss,PRIZES,152,2,0
BASELINE,tb_a4c53101_aristophanivan_one-of-snapshot-versions,3,second,win,NO_BENCH,71,3,6
BASELINE,tb_a4c53101_aristophanivan_one-of-snapshot-versions,4,first,loss,PRIZES,85,4,0
BASELINE,tb_a4c53101_aristophanivan_one-of-snapshot-versions,5,second,loss,PRIZES,133,3,0
BASELINE,tb_a4c53101_aristophanivan_one-of-snapshot-versions,6,first,win,NO_BENCH,29,5,6
BASELINE,tb_a4c53101_aristophanivan_one-of-snapshot-versions,7,second,win,NO_BENCH,38,5,6
BASELINE,tb_a4c53101_aristophanivan_one-of-snapshot-versions,8,first,loss,PRIZES,133,2,0
BASELINE,tb_a4c53101_aristophanivan_one-of-snapshot-versions,9,second,loss,PRIZES,129,3,0
BASELINE,tb_a4c53101_aristophanivan_one-of-snapshot-versions,10,first,win,PRIZES,143,0,2
BASELINE,tb_a4c53101_aristophanivan_one-of-snapshot-versions,11,second,loss,PRIZES,111,3,0
BASELINE,tb_a4c53101_aristophanivan_one-of-snapshot-versions,12,first,loss,PRIZES,85,5,0
BASELINE,tb_a4c53101_aristophanivan_one-of-snapshot-versions,13,second,loss,PRIZES,96,5,0
BASELINE,tb_a4c53101_aristophanivan_one-of-snapshot-versions,14,first,loss,PRIZES,120,3,0
BASELINE,tb_a4c53101_aristophanivan_one-of-snapshot-versions,15,second,loss,PRIZES,133,2,0
BASELINE,tb_a4c53101_aristophanivan_one-of-snapshot-versions,16,first,win,NO_BENCH,60,4,6
BASELINE,tb_a4c53101_aristophanivan_one-of-snapshot-versions,17,second,loss,PRIZES,92,6,0
BASELINE,tb_a4c53101_aristophanivan_one-of-snapshot-versions,18,first,loss,PRIZES,137,2,0
BASELINE,tb_a4c53101_aristophanivan_one-of-snapshot-versions,19,second,loss,PRIZES,154,3,0
BASELINE,tb_a4c53101_aristophanivan_one-of-snapshot-versions,20,first,win,NO_BENCH,82,2,5
BASELINE,tb_a4c53101_aristophanivan_one-of-snapshot-versions,21,second,win,NO_BENCH,88,2,6
BASELINE,tb_a4c53101_aristophanivan_one-of-snapshot-versions,22,first,win,PRIZES,125,0,5
BASELINE,tb_a4c53101_aristophanivan_one-of-snapshot-versions,23,second,loss,PRIZES,139,4,0
BASELINE,tb_a4c53101_aristophanivan_one-of-snapshot-versions,24,first,win,PRIZES,116,0,6
BASELINE,tb_a4c53101_aristophanivan_one-of-snapshot-versions,25,second,win,NO_BENCH,98,1,6
BASELINE,tb_a4c53101_aristophanivan_one-of-snapshot-versions,26,first,win,NO_BENCH,110,2,3
BASELINE,tb_a4c53101_aristophanivan_one-of-snapshot-versions,27,second,loss,PRIZES,115,2,0
BASELINE,tb_a4c53101_aristophanivan_one-of-snapshot-versions,28,first,loss,PRIZES,143,4,0
BASELINE,tb_a4c53101_aristophanivan_one-of-snapshot-versions,29,second,loss,PRIZES,139,2,0
BASELINE,tb_a4c53101_aristophanivan_one-of-snapshot-versions,31,second,loss,PRIZES,120,2,0
BASELINE,tb_a4c53101_aristophanivan_one-of-snapshot-versions,30,first,loss,PRIZES,142,1,0
BASELINE,tb_a4c53101_aristophanivan_one-of-snapshot-versions,32,first,win,NO_BENCH,90,2,6
BASELINE,tb_a4c53101_aristophanivan_one-of-snapshot-versions,34,first,win,NO_BENCH,45,5,6
BASELINE,tb_a4c53101_aristophanivan_one-of-snapshot-versions,33,second,loss,PRIZES,133,2,0
BASELINE,tb_a4c53101_aristophanivan_one-of-snapshot-versions,35,second,win,DECKOUT,155,2,1
BASELINE,tb_a4c53101_aristophanivan_one-of-snapshot-versions,37,second,win,NO_BENCH,33,5,6
BASELINE,tb_a4c53101_aristophanivan_one-of-snapshot-versions,36,first,loss,PRIZES,141,1,0
BASELINE,tb_a4c53101_aristophanivan_one-of-snapshot-versions,38,first,loss,PRIZES,151,3,0
BASELINE,tb_a4c53101_aristophanivan_one-of-snapshot-versions,40,first,win,NO_BENCH,119,1,3
BASELINE,tb_a4c53101_aristophanivan_one-of-snapshot-versions,39,second,win,PRIZES,139,0,2
BASELINE,tb_a4c53101_aristophanivan_one-of-snapshot-versions,41,second,loss,PRIZES,99,4,0
BASELINE,tb_a4c53101_aristophanivan_one-of-snapshot-versions,43,second,loss,PRIZES,79,6,0
BASELINE,tb_a4c53101_aristophanivan_one-of-snapshot-versions,42,first,loss,PRIZES,160,2,0
BASELINE,tb_a4c53101_aristophanivan_one-of-snapshot-versions,44,first,loss,PRIZES,108,5,0
BASELINE,tb_a4c53101_aristophanivan_one-of-snapshot-versions,45,second,win,NO_BENCH,66,3,3
BASELINE,tb_a4c53101_aristophanivan_one-of-snapshot-versions,46,first,loss,PRIZES,106,6,0
BASELINE,tb_a4c53101_aristophanivan_one-of-snapshot-versions,47,second,win,NO_BENCH,81,3,3
BASELINE,tb_a4c53101_aristophanivan_one-of-snapshot-versions,48,first,win,PRIZES,172,0,1
BASELINE,tb_a4c53101_aristophanivan_one-of-snapshot-versions,49,second,loss,PRIZES,131,3,0
BASELINE,tb_a4c53101_aristophanivan_one-of-snapshot-versions,50,first,loss,PRIZES,108,3,0
BASELINE,tb_a4c53101_aristophanivan_one-of-snapshot-versions,51,second,loss,PRIZES,148,2,0
BASELINE,tb_a4c53101_aristophanivan_one-of-snapshot-versions,52,first,loss,PRIZES,106,6,0
BASELINE,tb_a4c53101_aristophanivan_one-of-snapshot-versions,53,second,loss,PRIZES,141,2,0
BASELINE,tb_a4c53101_aristophanivan_one-of-snapshot-versions,54,first,loss,PRIZES,121,4,0
BASELINE,tb_a4c53101_aristophanivan_one-of-snapshot-versions,55,second,loss,PRIZES,146,2,0
BASELINE,tb_a4c53101_aristophanivan_one-of-snapshot-versions,56,first,loss,PRIZES,145,2,0
BASELINE,tb_a4c53101_aristophanivan_one-of-snapshot-versions,57,second,loss,PRIZES,117,4,0
BASELINE,tb_a4c53101_aristophanivan_one-of-snapshot-versions,58,first,loss,PRIZES,124,4,0
BASELINE,tb_a4c53101_aristophanivan_one-of-snapshot-versions,59,second,loss,PRIZES,123,3,0
BASELINE,tb_a4c53101_aristophanivan_one-of-snapshot-versions,61,second,loss,PRIZES,122,3,0
BASELINE,tb_a4c53101_aristophanivan_one-of-snapshot-versions,60,first,loss,PRIZES,156,2,0
BASELINE,tb_a4c53101_aristophanivan_one-of-snapshot-versions,62,first,win,PRIZES,113,0,6
BASELINE,tb_a4c53101_aristophanivan_one-of-snapshot-versions,64,first,win,NO_BENCH,116,1,3
BASELINE,tb_a4c53101_aristophanivan_one-of-snapshot-versions,63,second,win,PRIZES,132,0,1
BASELINE,tb_a4c53101_aristophanivan_one-of-snapshot-versions,65,second,loss,PRIZES,129,3,0
BASELINE,tb_a4c53101_aristophanivan_one-of-snapshot-versions,67,second,loss,PRIZES,127,2,0
BASELINE,tb_a4c53101_aristophanivan_one-of-snapshot-versions,66,first,loss,PRIZES,151,3,0
BASELINE,tb_a4c53101_aristophanivan_one-of-snapshot-versions,68,first,loss,PRIZES,128,2,0
BASELINE,tb_a4c53101_aristophanivan_one-of-snapshot-versions,70,first,loss,NO_BENCH,47,6,4
BASELINE,tb_a4c53101_aristophanivan_one-of-snapshot-versions,69,second,loss,PRIZES,113,3,0
BASELINE,tb_a4c53101_aristophanivan_one-of-snapshot-versions,71,second,loss,PRIZES,147,3,0
BASELINE,tb_a4c53101_aristophanivan_one-of-snapshot-versions,72,first,win,NO_BENCH,101,1,6
BASELINE,tb_a4c53101_aristophanivan_one-of-snapshot-versions,73,second,loss,PRIZES,158,1,0
BASELINE,tb_a4c53101_aristophanivan_one-of-snapshot-versions,74,first,loss,PRIZES,121,4,0
BASELINE,tb_a4c53101_aristophanivan_one-of-snapshot-versions,75,second,win,NO_BENCH,55,5,6
BASELINE,tb_a4c53101_aristophanivan_one-of-snapshot-versions,76,first,loss,NO_BENCH,50,6,4
BASELINE,tb_a4c53101_aristophanivan_one-of-snapshot-versions,77,second,loss,NO_BENCH,67,6,2
BASELINE,tb_a4c53101_aristophanivan_one-of-snapshot-versions,78,first,win,PRIZES,145,0,2
BASELINE,tb_a4c53101_aristophanivan_one-of-snapshot-versions,79,second,loss,PRIZES,113,1,0
BASELINE,tb_a4c53101_aristophanivan_one-of-snapshot-versions,80,first,loss,PRIZES,114,1,0
BASELINE,tb_a4c53101_aristophanivan_one-of-snapshot-versions,81,second,loss,PRIZES,157,1,0
BASELINE,tb_a4c53101_aristophanivan_one-of-snapshot-versions,82,first,loss,PRIZES,106,6,0
BASELINE,tb_a4c53101_aristophanivan_one-of-snapshot-versions,83,second,win,NO_BENCH,46,5,6
BASELINE,tb_a4c53101_aristophanivan_one-of-snapshot-versions,84,first,win,PRIZES,125,0,5
BASELINE,tb_a4c53101_aristophanivan_one-of-snapshot-versions,85,second,loss,PRIZES,129,2,0
BASELINE,tb_a4c53101_aristophanivan_one-of-snapshot-versions,86,first,win,NO_BENCH,62,4,6
BASELINE,tb_a4c53101_aristophanivan_one-of-snapshot-versions,87,second,loss,PRIZES,104,4,0
BASELINE,tb_a4c53101_aristophanivan_one-of-snapshot-versions,88,first,win,PRIZES,136,0,3
BASELINE,tb_a4c53101_aristophanivan_one-of-snapshot-versions,89,second,loss,PRIZES,123,4,0
BASELINE,tb_a4c53101_aristophanivan_one-of-snapshot-versions,90,first,loss,PRIZES,147,3,0
BASELINE,tb_a4c53101_aristophanivan_one-of-snapshot-versions,91,second,win,PRIZES,120,0,6
BASELINE,tb_a4c53101_aristophanivan_one-of-snapshot-versions,92,first,win,PRIZES,148,0,1
BASELINE,tb_a4c53101_aristophanivan_one-of-snapshot-versions,94,first,win,NO_BENCH,41,3,6
BASELINE,tb_a4c53101_aristophanivan_one-of-snapshot-versions,93,second,win,PRIZES,132,0,2
BASELINE,tb_a4c53101_aristophanivan_one-of-snapshot-versions,95,second,loss,PRIZES,114,4,0
BASELINE,tb_a4c53101_aristophanivan_one-of-snapshot-versions,96,first,loss,PRIZES,129,4,0
BASELINE,tb_a4c53101_aristophanivan_one-of-snapshot-versions,97,second,win,PRIZES,143,0,3
BASELINE,tb_a4c53101_aristophanivan_one-of-snapshot-versions,98,first,loss,PRIZES,147,2,0
BASELINE,tb_a4c53101_aristophanivan_one-of-snapshot-versions,100,first,loss,PRIZES,112,3,0
BASELINE,tb_a4c53101_aristophanivan_one-of-snapshot-versions,99,second,loss,PRIZES,144,1,0
BASELINE,tb_a4c53101_aristophanivan_one-of-snapshot-versions,101,second,win,PRIZES,120,0,5
BASELINE,tb_a4c53101_aristophanivan_one-of-snapshot-versions,102,first,loss,PRIZES,124,3,0
BASELINE,tb_a4c53101_aristophanivan_one-of-snapshot-versions,103,second,loss,PRIZES,143,2,0
BASELINE,tb_a4c53101_aristophanivan_one-of-snapshot-versions,104,first,loss,PRIZES,127,3,0
BASELINE,tb_a4c53101_aristophanivan_one-of-snapshot-versions,106,first,loss,PRIZES,123,3,0
BASELINE,tb_a4c53101_aristophanivan_one-of-snapshot-versions,105,second,loss,PRIZES,159,3,0
BASELINE,tb_a4c53101_aristophanivan_one-of-snapshot-versions,107,second,loss,PRIZES,124,3,0
BASELINE,tb_a4c53101_aristophanivan_one-of-snapshot-versions,108,first,loss,PRIZES,132,4,0
BASELINE,tb_a4c53101_aristophanivan_one-of-snapshot-versions,109,second,loss,PRIZES,127,3,0
BASELINE,tb_a4c53101_aristophanivan_one-of-snapshot-versions,110,first,loss,PRIZES,140,1,0
BASELINE,tb_a4c53101_aristophanivan_one-of-snapshot-versions,111,second,loss,PRIZES,154,2,0
BASELINE,tb_a4c53101_aristophanivan_one-of-snapshot-versions,112,first,loss,PRIZES,120,3,0
BASELINE,tb_a4c53101_aristophanivan_one-of-snapshot-versions,113,second,loss,PRIZES,111,6,0
BASELINE,tb_a4c53101_aristophanivan_one-of-snapshot-versions,114,first,loss,PRIZES,121,4,0
BASELINE,tb_a4c53101_aristophanivan_one-of-snapshot-versions,115,second,win,PRIZES,124,0,3
BASELINE,tb_a4c53101_aristophanivan_one-of-snapshot-versions,116,first,win,PRIZES,106,0,6
BASELINE,tb_a4c53101_aristophanivan_one-of-snapshot-versions,117,second,win,PRIZES,146,0,1
BASELINE,tb_a4c53101_aristophanivan_one-of-snapshot-versions,118,first,loss,PRIZES,93,5,0
BASELINE,tb_a4c53101_aristophanivan_one-of-snapshot-versions,119,second,win,PRIZES,145,0,2
BASELINE,tb_a4c53101_aristophanivan_one-of-snapshot-versions,121,second,loss,PRIZES,122,3,0
BASELINE,tb_a4c53101_aristophanivan_one-of-snapshot-versions,120,first,loss,PRIZES,132,4,0
BASELINE,tb_a4c53101_aristophanivan_one-of-snapshot-versions,122,first,loss,PRIZES,132,2,0
BASELINE,tb_a4c53101_aristophanivan_one-of-snapshot-versions,123,second,loss,NO_BENCH,48,6,4
BASELINE,tb_a4c53101_aristophanivan_one-of-snapshot-versions,124,first,loss,PRIZES,160,2,0
BASELINE,tb_a4c53101_aristophanivan_one-of-snapshot-versions,125,second,loss,NO_BENCH,30,6,5
BASELINE,tb_a4c53101_aristophanivan_one-of-snapshot-versions,126,first,win,PRIZES,146,0,2
BASELINE,tb_a4c53101_aristophanivan_one-of-snapshot-versions,127,second,win,PRIZES,143,0,2
BASELINE,tb_a4c53101_aristophanivan_one-of-snapshot-versions,128,first,win,PRIZES,121,0,3
BASELINE,tb_a4c53101_aristophanivan_one-of-snapshot-versions,130,first,loss,PRIZES,110,5,0
BASELINE,tb_a4c53101_aristophanivan_one-of-snapshot-versions,129,second,loss,PRIZES,139,1,0
BASELINE,tb_a4c53101_aristophanivan_one-of-snapshot-versions,131,second,loss,PRIZES,123,4,0
BASELINE,tb_a4c53101_aristophanivan_one-of-snapshot-versions,133,second,win,PRIZES,135,0,5
BASELINE,tb_a4c53101_aristophanivan_one-of-snapshot-versions,132,first,loss,PRIZES,162,1,0
BASELINE,tb_a4c53101_aristophanivan_one-of-snapshot-versions,134,first,loss,PRIZES,123,5,0
BASELINE,tb_a4c53101_aristophanivan_one-of-snapshot-versions,135,second,loss,PRIZES,121,4,0
BASELINE,tb_a4c53101_aristophanivan_one-of-snapshot-versions,136,first,loss,PRIZES,115,3,0
BASELINE,tb_a4c53101_aristophanivan_one-of-snapshot-versions,137,second,loss,PRIZES,106,3,0
BASELINE,tb_a4c53101_aristophanivan_one-of-snapshot-versions,138,first,loss,PRIZES,106,6,0
BASELINE,tb_a4c53101_aristophanivan_one-of-snapshot-versions,139,second,win,NO_BENCH,96,1,6
BASELINE,tb_a4c53101_aristophanivan_one-of-snapshot-versions,140,first,loss,PRIZES,100,5,0
BASELINE,tb_a4c53101_aristophanivan_one-of-snapshot-versions,141,second,loss,PRIZES,120,4,0
BASELINE,tb_a4c53101_aristophanivan_one-of-snapshot-versions,142,first,loss,PRIZES,113,4,0
BASELINE,tb_a4c53101_aristophanivan_one-of-snapshot-versions,143,second,loss,PRIZES,135,3,0
BASELINE,tb_a4c53101_aristophanivan_one-of-snapshot-versions,144,first,loss,PRIZES,120,3,0
BASELINE,tb_a4c53101_aristophanivan_one-of-snapshot-versions,145,second,loss,PRIZES,125,3,0
BASELINE,tb_a4c53101_aristophanivan_one-of-snapshot-versions,146,first,loss,PRIZES,134,4,0
BASELINE,tb_a4c53101_aristophanivan_one-of-snapshot-versions,147,second,loss,PRIZES,115,3,0
BASELINE,tb_a4c53101_aristophanivan_one-of-snapshot-versions,148,first,loss,PRIZES,107,3,0
BASELINE,tb_a4c53101_aristophanivan_one-of-snapshot-versions,149,second,loss,PRIZES,123,3,0
BASELINE,tb_a4c53101_aristophanivan_one-of-snapshot-versions,151,second,win,NO_BENCH,116,1,5
BASELINE,tb_a4c53101_aristophanivan_one-of-snapshot-versions,150,first,loss,PRIZES,128,3,0
BASELINE,tb_a4c53101_aristophanivan_one-of-snapshot-versions,152,first,win,PRIZES,121,0,6
BASELINE,tb_a4c53101_aristophanivan_one-of-snapshot-versions,155,second,win,NO_BENCH,82,2,6
BASELINE,tb_a4c53101_aristophanivan_one-of-snapshot-versions,153,second,loss,PRIZES,136,1,0
BASELINE,tb_a4c53101_aristophanivan_one-of-snapshot-versions,154,first,win,NO_BENCH,148,1,2
BASELINE,tb_a4c53101_aristophanivan_one-of-snapshot-versions,158,first,win,NO_BENCH,35,5,6
BASELINE,tb_a4c53101_aristophanivan_one-of-snapshot-versions,156,first,loss,PRIZES,114,2,0
BASELINE,tb_a4c53101_aristophanivan_one-of-snapshot-versions,157,second,loss,PRIZES,137,4,0
BASELINE,tb_a4c53101_aristophanivan_one-of-snapshot-versions,160,first,loss,PRIZES,84,5,0
BASELINE,tb_a4c53101_aristophanivan_one-of-snapshot-versions,161,second,win,NO_BENCH,79,2,6
BASELINE,tb_a4c53101_aristophanivan_one-of-snapshot-versions,159,second,win,PRIZES,139,0,3
BASELINE,tb_a4c53101_aristophanivan_one-of-snapshot-versions,163,second,loss,PRIZES,129,3,0
BASELINE,tb_a4c53101_aristophanivan_one-of-snapshot-versions,162,first,loss,PRIZES,143,1,0
BASELINE,tb_a4c53101_aristophanivan_one-of-snapshot-versions,164,first,win,PRIZES,136,0,6
BASELINE,tb_a4c53101_aristophanivan_one-of-snapshot-versions,166,first,loss,PRIZES,110,5,0
BASELINE,tb_a4c53101_aristophanivan_one-of-snapshot-versions,165,second,win,PRIZES,107,0,6
BASELINE,tb_a4c53101_aristophanivan_one-of-snapshot-versions,167,second,loss,PRIZES,115,4,0
BASELINE,tb_a4c53101_aristophanivan_one-of-snapshot-versions,169,second,loss,PRIZES,108,5,0
BASELINE,tb_a4c53101_aristophanivan_one-of-snapshot-versions,168,first,loss,PRIZES,115,3,0
BASELINE,tb_a4c53101_aristophanivan_one-of-snapshot-versions,170,first,loss,PRIZES,128,3,0
BASELINE,tb_a4c53101_aristophanivan_one-of-snapshot-versions,171,second,loss,PRIZES,77,3,0
BASELINE,tb_a4c53101_aristophanivan_one-of-snapshot-versions,173,second,loss,NO_BENCH,44,5,2
BASELINE,tb_a4c53101_aristophanivan_one-of-snapshot-versions,172,first,loss,PRIZES,140,3,0
BASELINE,tb_a4c53101_aristophanivan_one-of-snapshot-versions,174,first,loss,PRIZES,113,4,0
BASELINE,tb_a4c53101_aristophanivan_one-of-snapshot-versions,175,second,loss,PRIZES,138,3,0
BASELINE,tb_a4c53101_aristophanivan_one-of-snapshot-versions,176,first,win,PRIZES,104,0,6
BASELINE,tb_a4c53101_aristophanivan_one-of-snapshot-versions,177,second,loss,PRIZES,124,4,0
BASELINE,tb_a4c53101_aristophanivan_one-of-snapshot-versions,178,first,loss,PRIZES,85,6,0
BASELINE,tb_a4c53101_aristophanivan_one-of-snapshot-versions,179,second,loss,PRIZES,112,3,0
BASELINE,tb_a4c53101_aristophanivan_one-of-snapshot-versions,180,first,loss,PRIZES,156,2,0
BASELINE,tb_a4c53101_aristophanivan_one-of-snapshot-versions,181,second,loss,PRIZES,147,1,0
BASELINE,tb_a4c53101_aristophanivan_one-of-snapshot-versions,182,first,loss,PRIZES,131,3,0
BASELINE,tb_a4c53101_aristophanivan_one-of-snapshot-versions,183,second,loss,PRIZES,138,3,0
BASELINE,tb_a4c53101_aristophanivan_one-of-snapshot-versions,184,first,loss,PRIZES,151,3,0
BASELINE,tb_a4c53101_aristophanivan_one-of-snapshot-versions,185,second,loss,PRIZES,117,4,0
BASELINE,tb_a4c53101_aristophanivan_one-of-snapshot-versions,186,first,loss,PRIZES,124,4,0
BASELINE,tb_a4c53101_aristophanivan_one-of-snapshot-versions,187,second,loss,PRIZES,118,5,0
BASELINE,tb_a4c53101_aristophanivan_one-of-snapshot-versions,188,first,loss,PRIZES,129,3,0
BASELINE,tb_a4c53101_aristophanivan_one-of-snapshot-versions,189,second,loss,PRIZES,104,3,0
BASELINE,tb_a4c53101_aristophanivan_one-of-snapshot-versions,191,second,loss,PRIZES,134,3,0
BASELINE,tb_a4c53101_aristophanivan_one-of-snapshot-versions,190,first,win,PRIZES,142,0,3
BASELINE,tb_a4c53101_aristophanivan_one-of-snapshot-versions,192,first,win,PRIZES,115,0,5
BASELINE,tb_a4c53101_aristophanivan_one-of-snapshot-versions,193,second,loss,PRIZES,95,5,0
BASELINE,tb_a4c53101_aristophanivan_one-of-snapshot-versions,194,first,loss,PRIZES,159,1,0
BASELINE,tb_a4c53101_aristophanivan_one-of-snapshot-versions,195,second,win,PRIZES,88,0,6
BASELINE,tb_a4c53101_aristophanivan_one-of-snapshot-versions,196,first,win,PRIZES,122,0,4
BASELINE,tb_a4c53101_aristophanivan_one-of-snapshot-versions,197,second,loss,PRIZES,144,1,0
BASELINE,tb_a4c53101_aristophanivan_one-of-snapshot-versions,198,first,loss,PRIZES,125,5,0
BASELINE,tb_a4c53101_aristophanivan_one-of-snapshot-versions,199,second,win,NO_BENCH,42,5,6
BASELINE,tb_a4c53101_aristophanivan_one-of-snapshot-versions,200,first,loss,PRIZES,138,3,0
BASELINE,tb_a4c53101_aristophanivan_one-of-snapshot-versions,201,second,loss,PRIZES,113,3,0
BASELINE,tb_a4c53101_aristophanivan_one-of-snapshot-versions,202,first,loss,PRIZES,137,4,0
BASELINE,tb_a4c53101_aristophanivan_one-of-snapshot-versions,203,second,loss,PRIZES,127,5,0
BASELINE,tb_a4c53101_aristophanivan_one-of-snapshot-versions,204,first,loss,PRIZES,128,3,0
BASELINE,tb_a4c53101_aristophanivan_one-of-snapshot-versions,205,second,loss,PRIZES,125,4,0
BASELINE,tb_a4c53101_aristophanivan_one-of-snapshot-versions,206,first,win,NO_BENCH,113,1,6
BASELINE,tb_a4c53101_aristophanivan_one-of-snapshot-versions,207,second,loss,PRIZES,130,4,0
BASELINE,tb_a4c53101_aristophanivan_one-of-snapshot-versions,208,first,win,PRIZES,116,0,3
BASELINE,tb_a4c53101_aristophanivan_one-of-snapshot-versions,209,second,loss,PRIZES,129,4,0
BASELINE,tb_a4c53101_aristophanivan_one-of-snapshot-versions,210,first,loss,PRIZES,95,4,0
BASELINE,tb_a4c53101_aristophanivan_one-of-snapshot-versions,211,second,win,PRIZES,128,0,5
BASELINE,tb_a4c53101_aristophanivan_one-of-snapshot-versions,212,first,win,PRIZES,130,0,6
BASELINE,tb_a4c53101_aristophanivan_one-of-snapshot-versions,214,first,win,NO_BENCH,117,1,6
BASELINE,tb_a4c53101_aristophanivan_one-of-snapshot-versions,213,second,win,NO_BENCH,105,1,6
BASELINE,tb_a4c53101_aristophanivan_one-of-snapshot-versions,215,second,loss,PRIZES,93,6,0
BASELINE,tb_a4c53101_aristophanivan_one-of-snapshot-versions,216,first,win,NO_BENCH,35,5,6
BASELINE,tb_a4c53101_aristophanivan_one-of-snapshot-versions,217,second,loss,PRIZES,92,6,0
BASELINE,tb_a4c53101_aristophanivan_one-of-snapshot-versions,218,first,loss,PRIZES,141,2,0
BASELINE,tb_a4c53101_aristophanivan_one-of-snapshot-versions,220,first,win,PRIZES,107,0,6
BASELINE,tb_a4c53101_aristophanivan_one-of-snapshot-versions,219,second,win,PRIZES,153,0,2
BASELINE,tb_a4c53101_aristophanivan_one-of-snapshot-versions,221,second,loss,PRIZES,144,2,0
BASELINE,tb_a4c53101_aristophanivan_one-of-snapshot-versions,222,first,loss,PRIZES,104,3,0
BASELINE,tb_a4c53101_aristophanivan_one-of-snapshot-versions,223,second,loss,PRIZES,134,4,0
BASELINE,tb_a4c53101_aristophanivan_one-of-snapshot-versions,224,first,loss,PRIZES,139,2,0
BASELINE,tb_a4c53101_aristophanivan_one-of-snapshot-versions,225,second,loss,PRIZES,138,3,0
BASELINE,tb_a4c53101_aristophanivan_one-of-snapshot-versions,226,first,loss,PRIZES,126,3,0
BASELINE,tb_a4c53101_aristophanivan_one-of-snapshot-versions,227,second,loss,PRIZES,132,3,0
BASELINE,tb_a4c53101_aristophanivan_one-of-snapshot-versions,228,first,win,NO_BENCH,94,2,6
BASELINE,tb_a4c53101_aristophanivan_one-of-snapshot-versions,229,second,win,NO_BENCH,139,1,5
BASELINE,tb_a4c53101_aristophanivan_one-of-snapshot-versions,230,first,loss,PRIZES,118,4,0
BASELINE,tb_a4c53101_aristophanivan_one-of-snapshot-versions,231,second,loss,PRIZES,107,6,0
BASELINE,tb_a4c53101_aristophanivan_one-of-snapshot-versions,232,first,win,PRIZES,150,0,1
BASELINE,tb_a4c53101_aristophanivan_one-of-snapshot-versions,233,second,loss,PRIZES,109,4,0
BASELINE,tb_a4c53101_aristophanivan_one-of-snapshot-versions,234,first,win,PRIZES,108,0,3
BASELINE,tb_a4c53101_aristophanivan_one-of-snapshot-versions,235,second,loss,PRIZES,120,5,0
BASELINE,tb_a4c53101_aristophanivan_one-of-snapshot-versions,236,first,win,PRIZES,108,0,6
BASELINE,tb_a4c53101_aristophanivan_one-of-snapshot-versions,237,second,loss,PRIZES,159,1,0
BASELINE,tb_a4c53101_aristophanivan_one-of-snapshot-versions,238,first,win,PRIZES,145,0,2
BASELINE,tb_a4c53101_aristophanivan_one-of-snapshot-versions,239,second,win,NO_BENCH,112,1,6
BASELINE,tb_a4c53101_aristophanivan_one-of-snapshot-versions,240,first,loss,PRIZES,125,4,0
BASELINE,tb_a4c53101_aristophanivan_one-of-snapshot-versions,241,second,loss,PRIZES,144,3,0
BASELINE,tb_a4c53101_aristophanivan_one-of-snapshot-versions,242,first,win,PRIZES,112,0,6
BASELINE,tb_a4c53101_aristophanivan_one-of-snapshot-versions,243,second,win,PRIZES,137,0,6
BASELINE,tb_a4c53101_aristophanivan_one-of-snapshot-versions,244,first,loss,NO_BENCH,46,6,5
BASELINE,tb_a4c53101_aristophanivan_one-of-snapshot-versions,245,second,loss,PRIZES,151,2,0
BASELINE,tb_a4c53101_aristophanivan_one-of-snapshot-versions,246,first,loss,NO_BENCH,55,6,3
BASELINE,tb_a4c53101_aristophanivan_one-of-snapshot-versions,247,second,win,NO_BENCH,112,1,5
BASELINE,tb_a4c53101_aristophanivan_one-of-snapshot-versions,248,first,win,NO_BENCH,40,4,6
BASELINE,tb_a4c53101_aristophanivan_one-of-snapshot-versions,249,second,loss,PRIZES,102,6,0
BASELINE,tb_a4c53101_aristophanivan_one-of-snapshot-versions,250,first,win,PRIZES,112,0,3
BASELINE,tb_a4c53101_aristophanivan_one-of-snapshot-versions,251,second,loss,PRIZES,138,2,0
BASELINE,tb_a4c53101_aristophanivan_one-of-snapshot-versions,252,first,loss,PRIZES,137,2,0
BASELINE,tb_a4c53101_aristophanivan_one-of-snapshot-versions,253,second,loss,NO_BENCH,43,6,5
BASELINE,tb_a4c53101_aristophanivan_one-of-snapshot-versions,254,first,loss,PRIZES,139,1,0
BASELINE,tb_a4c53101_aristophanivan_one-of-snapshot-versions,256,first,win,NO_BENCH,90,2,6
BASELINE,tb_a4c53101_aristophanivan_one-of-snapshot-versions,255,second,win,PRIZES,132,0,3
BASELINE,tb_a4c53101_aristophanivan_one-of-snapshot-versions,257,second,loss,PRIZES,114,4,0
BASELINE,tb_a4c53101_aristophanivan_one-of-snapshot-versions,259,second,win,NO_BENCH,57,3,6
BASELINE,tb_a4c53101_aristophanivan_one-of-snapshot-versions,258,first,loss,PRIZES,130,2,0
BASELINE,tb_a4c53101_aristophanivan_one-of-snapshot-versions,260,first,loss,PRIZES,135,3,0
BASELINE,tb_a4c53101_aristophanivan_one-of-snapshot-versions,261,second,loss,PRIZES,141,2,0
BASELINE,tb_a4c53101_aristophanivan_one-of-snapshot-versions,262,first,loss,PRIZES,122,5,0
BASELINE,tb_a4c53101_aristophanivan_one-of-snapshot-versions,263,second,loss,PRIZES,119,4,0
BASELINE,tb_a4c53101_aristophanivan_one-of-snapshot-versions,265,second,win,PRIZES,116,0,5
BASELINE,tb_a4c53101_aristophanivan_one-of-snapshot-versions,264,first,loss,PRIZES,138,1,0
BASELINE,tb_a4c53101_aristophanivan_one-of-snapshot-versions,266,first,win,PRIZES,140,0,5
BASELINE,tb_a4c53101_aristophanivan_one-of-snapshot-versions,267,second,loss,PRIZES,103,5,0
BASELINE,tb_a4c53101_aristophanivan_one-of-snapshot-versions,268,first,loss,PRIZES,128,4,0
BASELINE,tb_a4c53101_aristophanivan_one-of-snapshot-versions,269,second,win,NO_BENCH,22,5,6
BASELINE,tb_a4c53101_aristophanivan_one-of-snapshot-versions,270,first,win,PRIZES,130,0,3
BASELINE,tb_a4c53101_aristophanivan_one-of-snapshot-versions,271,second,win,PRIZES,156,0,2
BASELINE,tb_a4c53101_aristophanivan_one-of-snapshot-versions,272,first,loss,PRIZES,138,3,0
BASELINE,tb_a4c53101_aristophanivan_one-of-snapshot-versions,273,second,win,PRIZES,149,0,6
BASELINE,tb_a4c53101_aristophanivan_one-of-snapshot-versions,274,first,win,PRIZES,151,0,2
BASELINE,tb_a4c53101_aristophanivan_one-of-snapshot-versions,275,second,loss,PRIZES,136,2,0
BASELINE,tb_a4c53101_aristophanivan_one-of-snapshot-versions,277,second,loss,PRIZES,80,6,0
BASELINE,tb_a4c53101_aristophanivan_one-of-snapshot-versions,276,first,loss,PRIZES,90,5,0
BASELINE,tb_a4c53101_aristophanivan_one-of-snapshot-versions,278,first,win,PRIZES,147,0,3
BASELINE,tb_a4c53101_aristophanivan_one-of-snapshot-versions,280,first,loss,PRIZES,96,5,0
BASELINE,tb_a4c53101_aristophanivan_one-of-snapshot-versions,279,second,loss,PRIZES,134,2,0
BASELINE,tb_a4c53101_aristophanivan_one-of-snapshot-versions,281,second,win,PRIZES,125,0,3
BASELINE,tb_a4c53101_aristophanivan_one-of-snapshot-versions,282,first,win,NO_BENCH,78,3,6
BASELINE,tb_a4c53101_aristophanivan_one-of-snapshot-versions,283,second,win,NO_BENCH,63,3,6
BASELINE,tb_a4c53101_aristophanivan_one-of-snapshot-versions,284,first,loss,NO_BENCH,43,6,4
BASELINE,tb_a4c53101_aristophanivan_one-of-snapshot-versions,285,second,win,NO_BENCH,80,3,5
BASELINE,tb_a4c53101_aristophanivan_one-of-snapshot-versions,286,first,loss,PRIZES,148,2,0
BASELINE,tb_a4c53101_aristophanivan_one-of-snapshot-versions,287,second,win,NO_BENCH,38,5,6
BASELINE,tb_a4c53101_aristophanivan_one-of-snapshot-versions,288,first,loss,PRIZES,109,1,0
BASELINE,tb_a4c53101_aristophanivan_one-of-snapshot-versions,289,second,loss,PRIZES,134,3,0
BASELINE,tb_a4c53101_aristophanivan_one-of-snapshot-versions,290,first,loss,PRIZES,123,3,0
BASELINE,tb_a4c53101_aristophanivan_one-of-snapshot-versions,291,second,loss,PRIZES,129,5,0
BASELINE,tb_a4c53101_aristophanivan_one-of-snapshot-versions,292,first,win,PRIZES,146,0,3
BASELINE,tb_a4c53101_aristophanivan_one-of-snapshot-versions,293,second,win,NO_BENCH,28,5,6
BASELINE,tb_a4c53101_aristophanivan_one-of-snapshot-versions,294,first,loss,PRIZES,142,1,0
BASELINE,tb_a4c53101_aristophanivan_one-of-snapshot-versions,295,second,loss,PRIZES,140,3,0
BASELINE,tb_a4c53101_aristophanivan_one-of-snapshot-versions,296,first,loss,PRIZES,117,5,0
BASELINE,tb_a4c53101_aristophanivan_one-of-snapshot-versions,297,second,loss,PRIZES,133,3,0
BASELINE,tb_a4c53101_aristophanivan_one-of-snapshot-versions,298,first,loss,PRIZES,127,3,0
BASELINE,tb_a4c53101_aristophanivan_one-of-snapshot-versions,299,second,loss,PRIZES,114,4,0
BASELINE,tb_a4c53101_aristophanivan_one-of-snapshot-versions,300,first,loss,PRIZES,124,5,0
BASELINE,tb_a4c53101_aristophanivan_one-of-snapshot-versions,301,second,win,PRIZES,122,0,3
BASELINE,tb_a4c53101_aristophanivan_one-of-snapshot-versions,302,first,win,NO_BENCH,108,1,6
BASELINE,tb_a4c53101_aristophanivan_one-of-snapshot-versions,303,second,loss,PRIZES,87,5,0
BASELINE,tb_a4c53101_aristophanivan_one-of-snapshot-versions,304,first,loss,PRIZES,139,2,0
BASELINE,tb_a4c53101_aristophanivan_one-of-snapshot-versions,305,second,loss,PRIZES,97,6,0
BASELINE,tb_a4c53101_aristophanivan_one-of-snapshot-versions,306,first,loss,PRIZES,149,3,0
BASELINE,tb_a4c53101_aristophanivan_one-of-snapshot-versions,307,second,loss,PRIZES,142,1,0
BASELINE,tb_a4c53101_aristophanivan_one-of-snapshot-versions,308,first,loss,PRIZES,140,3,0
BASELINE,tb_a4c53101_aristophanivan_one-of-snapshot-versions,309,second,win,PRIZES,133,0,1
BASELINE,tb_a4c53101_aristophanivan_one-of-snapshot-versions,310,first,loss,PRIZES,102,5,0
BASELINE,tb_a4c53101_aristophanivan_one-of-snapshot-versions,311,second,loss,PRIZES,127,5,0
BASELINE,tb_a4c53101_aristophanivan_one-of-snapshot-versions,312,first,loss,PRIZES,115,6,0
BASELINE,tb_a4c53101_aristophanivan_one-of-snapshot-versions,313,second,loss,PRIZES,94,5,0
BASELINE,tb_a4c53101_aristophanivan_one-of-snapshot-versions,314,first,loss,PRIZES,133,4,0
BASELINE,tb_a4c53101_aristophanivan_one-of-snapshot-versions,315,second,loss,PRIZES,117,3,0
BASELINE,tb_a4c53101_aristophanivan_one-of-snapshot-versions,316,first,loss,PRIZES,128,6,0
BASELINE,tb_a4c53101_aristophanivan_one-of-snapshot-versions,317,second,loss,PRIZES,122,2,0
BASELINE,tb_a4c53101_aristophanivan_one-of-snapshot-versions,318,first,win,NO_BENCH,85,2,6
BASELINE,tb_a4c53101_aristophanivan_one-of-snapshot-versions,319,second,win,NO_BENCH,110,1,6
BASELINE,tb_a4c53101_aristophanivan_one-of-snapshot-versions,320,first,loss,NO_BENCH,39,6,4
BASELINE,tb_a4c53101_aristophanivan_one-of-snapshot-versions,321,second,loss,PRIZES,129,3,0
BASELINE,tb_a4c53101_aristophanivan_one-of-snapshot-versions,322,first,win,PRIZES,148,0,2
BASELINE,tb_a4c53101_aristophanivan_one-of-snapshot-versions,323,second,loss,PRIZES,121,3,0
BASELINE,tb_a4c53101_aristophanivan_one-of-snapshot-versions,324,first,win,PRIZES,139,0,1
BASELINE,tb_a4c53101_aristophanivan_one-of-snapshot-versions,325,second,win,PRIZES,122,0,6
BASELINE,tb_a4c53101_aristophanivan_one-of-snapshot-versions,326,first,loss,PRIZES,110,6,0
BASELINE,tb_a4c53101_aristophanivan_one-of-snapshot-versions,327,second,win,NO_BENCH,50,5,6
BASELINE,tb_a4c53101_aristophanivan_one-of-snapshot-versions,328,first,loss,PRIZES,153,1,0
BASELINE,tb_a4c53101_aristophanivan_one-of-snapshot-versions,329,second,loss,PRIZES,107,5,0
BASELINE,tb_a4c53101_aristophanivan_one-of-snapshot-versions,330,first,win,PRIZES,146,0,2
BASELINE,tb_a4c53101_aristophanivan_one-of-snapshot-versions,331,second,win,PRIZES,102,0,6
BASELINE,tb_a4c53101_aristophanivan_one-of-snapshot-versions,332,first,win,NO_BENCH,96,1,6
BASELINE,tb_a4c53101_aristophanivan_one-of-snapshot-versions,333,second,loss,PRIZES,162,2,0
BASELINE,tb_a4c53101_aristophanivan_one-of-snapshot-versions,334,first,win,NO_BENCH,105,1,6
BASELINE,tb_a4c53101_aristophanivan_one-of-snapshot-versions,335,second,loss,PRIZES,122,4,0
BASELINE,tb_a4c53101_aristophanivan_one-of-snapshot-versions,336,first,loss,PRIZES,151,3,0
BASELINE,tb_a4c53101_aristophanivan_one-of-snapshot-versions,337,second,win,NO_BENCH,83,1,6
BASELINE,tb_a4c53101_aristophanivan_one-of-snapshot-versions,338,first,loss,PRIZES,104,6,0
BASELINE,tb_a4c53101_aristophanivan_one-of-snapshot-versions,339,second,loss,PRIZES,71,5,0
BASELINE,tb_a4c53101_aristophanivan_one-of-snapshot-versions,340,first,loss,PRIZES,130,3,0
BASELINE,tb_a4c53101_aristophanivan_one-of-snapshot-versions,341,second,loss,PRIZES,130,3,0
BASELINE,tb_a4c53101_aristophanivan_one-of-snapshot-versions,342,first,loss,PRIZES,125,6,0
BASELINE,tb_a4c53101_aristophanivan_one-of-snapshot-versions,343,second,loss,PRIZES,149,1,0
BASELINE,tb_a4c53101_aristophanivan_one-of-snapshot-versions,344,first,loss,PRIZES,151,2,0
BASELINE,tb_a4c53101_aristophanivan_one-of-snapshot-versions,345,second,win,PRIZES,123,0,5
BASELINE,tb_a4c53101_aristophanivan_one-of-snapshot-versions,346,first,loss,PRIZES,139,1,0
BASELINE,tb_a4c53101_aristophanivan_one-of-snapshot-versions,347,second,loss,PRIZES,145,3,0
BASELINE,tb_a4c53101_aristophanivan_one-of-snapshot-versions,348,first,loss,PRIZES,97,3,0
BASELINE,tb_a4c53101_aristophanivan_one-of-snapshot-versions,349,second,win,NO_BENCH,26,5,6
BASELINE,tb_a4c53101_aristophanivan_one-of-snapshot-versions,350,first,loss,PRIZES,93,5,0
BASELINE,tb_a4c53101_aristophanivan_one-of-snapshot-versions,352,first,win,NO_BENCH,27,5,6
BASELINE,tb_a4c53101_aristophanivan_one-of-snapshot-versions,351,second,loss,PRIZES,155,3,0
BASELINE,tb_a4c53101_aristophanivan_one-of-snapshot-versions,353,second,loss,PRIZES,136,5,0
BASELINE,tb_a4c53101_aristophanivan_one-of-snapshot-versions,354,first,loss,PRIZES,137,3,0
BASELINE,tb_a4c53101_aristophanivan_one-of-snapshot-versions,355,second,win,PRIZES,157,0,2
BASELINE,tb_a4c53101_aristophanivan_one-of-snapshot-versions,356,first,loss,PRIZES,122,3,0
BASELINE,tb_a4c53101_aristophanivan_one-of-snapshot-versions,357,second,loss,PRIZES,147,3,0
BASELINE,tb_a4c53101_aristophanivan_one-of-snapshot-versions,358,first,loss,PRIZES,96,6,0
BASELINE,tb_a4c53101_aristophanivan_one-of-snapshot-versions,359,second,loss,PRIZES,125,3,0
BASELINE,tb_a4c53101_aristophanivan_one-of-snapshot-versions,360,first,win,PRIZES,149,0,2
BASELINE,tb_a4c53101_aristophanivan_one-of-snapshot-versions,361,second,loss,PRIZES,157,1,0
BASELINE,tb_a4c53101_aristophanivan_one-of-snapshot-versions,362,first,loss,PRIZES,141,5,0
BASELINE,tb_a4c53101_aristophanivan_one-of-snapshot-versions,364,first,loss,PRIZES,121,4,0
BASELINE,tb_a4c53101_aristophanivan_one-of-snapshot-versions,363,second,loss,PRIZES,128,3,0
BASELINE,tb_a4c53101_aristophanivan_one-of-snapshot-versions,365,second,loss,PRIZES,147,3,0
BASELINE,tb_a4c53101_aristophanivan_one-of-snapshot-versions,366,first,loss,PRIZES,89,5,0
BASELINE,tb_a4c53101_aristophanivan_one-of-snapshot-versions,367,second,loss,PRIZES,169,1,0
BASELINE,tb_a4c53101_aristophanivan_one-of-snapshot-versions,368,first,win,NO_BENCH,35,5,6
BASELINE,tb_a4c53101_aristophanivan_one-of-snapshot-versions,369,second,loss,PRIZES,116,6,0
BASELINE,tb_a4c53101_aristophanivan_one-of-snapshot-versions,370,first,loss,PRIZES,125,2,0
BASELINE,tb_a4c53101_aristophanivan_one-of-snapshot-versions,371,second,loss,PRIZES,123,3,0
BASELINE,tb_a4c53101_aristophanivan_one-of-snapshot-versions,372,first,loss,NO_BENCH,67,5,1
BASELINE,tb_a4c53101_aristophanivan_one-of-snapshot-versions,373,second,loss,PRIZES,124,3,0
BASELINE,tb_a4c53101_aristophanivan_one-of-snapshot-versions,374,first,win,NO_BENCH,82,3,6
BASELINE,tb_a4c53101_aristophanivan_one-of-snapshot-versions,375,second,loss,PRIZES,128,3,0
BASELINE,tb_a4c53101_aristophanivan_one-of-snapshot-versions,376,first,loss,PRIZES,120,3,0
BASELINE,tb_a4c53101_aristophanivan_one-of-snapshot-versions,377,second,loss,NO_BENCH,43,6,3
BASELINE,tb_a4c53101_aristophanivan_one-of-snapshot-versions,378,first,loss,PRIZES,116,4,0
BASELINE,tb_a4c53101_aristophanivan_one-of-snapshot-versions,379,second,loss,PRIZES,133,2,0
BASELINE,tb_a4c53101_aristophanivan_one-of-snapshot-versions,380,first,loss,NO_BENCH,22,6,5
BASELINE,tb_a4c53101_aristophanivan_one-of-snapshot-versions,381,second,win,PRIZES,136,0,3
BASELINE,tb_a4c53101_aristophanivan_one-of-snapshot-versions,382,first,loss,PRIZES,118,3,0
BASELINE,tb_a4c53101_aristophanivan_one-of-snapshot-versions,383,second,loss,PRIZES,111,3,0
BASELINE,tb_a4c53101_aristophanivan_one-of-snapshot-versions,384,first,win,NO_BENCH,42,5,6
BASELINE,tb_a4c53101_aristophanivan_one-of-snapshot-versions,385,second,loss,PRIZES,140,4,0
BASELINE,tb_a4c53101_aristophanivan_one-of-snapshot-versions,386,first,loss,PRIZES,125,3,0
BASELINE,tb_a4c53101_aristophanivan_one-of-snapshot-versions,387,second,win,PRIZES,132,0,2
BASELINE,tb_a4c53101_aristophanivan_one-of-snapshot-versions,388,first,loss,PRIZES,160,2,0
BASELINE,tb_a4c53101_aristophanivan_one-of-snapshot-versions,389,second,win,PRIZES,129,0,3
BASELINE,tb_a4c53101_aristophanivan_one-of-snapshot-versions,390,first,loss,PRIZES,120,3,0
BASELINE,tb_a4c53101_aristophanivan_one-of-snapshot-versions,391,second,loss,PRIZES,130,2,0
BASELINE,tb_a4c53101_aristophanivan_one-of-snapshot-versions,392,first,loss,PRIZES,132,3,0
BASELINE,tb_a4c53101_aristophanivan_one-of-snapshot-versions,393,second,loss,PRIZES,130,4,0
BASELINE,tb_a4c53101_aristophanivan_one-of-snapshot-versions,394,first,win,PRIZES,132,0,2
BASELINE,tb_a4c53101_aristophanivan_one-of-snapshot-versions,395,second,loss,PRIZES,140,3,0
BASELINE,tb_a4c53101_aristophanivan_one-of-snapshot-versions,396,first,win,PRIZES,131,0,2
BASELINE,tb_a4c53101_aristophanivan_one-of-snapshot-versions,397,second,loss,PRIZES,137,1,0
BASELINE,tb_a4c53101_aristophanivan_one-of-snapshot-versions,398,first,loss,PRIZES,126,2,0
BASELINE,tb_a4c53101_aristophanivan_one-of-snapshot-versions,399,second,win,PRIZES,149,0,1
BASELINE,tb_a4c53101_aristophanivan_one-of-snapshot-versions,400,first,loss,PRIZES,100,5,0
BASELINE,tb_a4c53101_aristophanivan_one-of-snapshot-versions,401,second,loss,PRIZES,119,3,0
BASELINE,tb_a4c53101_aristophanivan_one-of-snapshot-versions,402,first,loss,PRIZES,110,6,0
BASELINE,tb_a4c53101_aristophanivan_one-of-snapshot-versions,403,second,loss,PRIZES,81,5,0
BASELINE,tb_a4c53101_aristophanivan_one-of-snapshot-versions,404,first,loss,PRIZES,156,1,0
BASELINE,tb_a4c53101_aristophanivan_one-of-snapshot-versions,405,second,loss,PRIZES,103,6,0
BASELINE,tb_a4c53101_aristophanivan_one-of-snapshot-versions,406,first,loss,PRIZES,128,1,0
BASELINE,tb_a4c53101_aristophanivan_one-of-snapshot-versions,407,second,win,NO_BENCH,59,3,6
BASELINE,tb_a4c53101_aristophanivan_one-of-snapshot-versions,408,first,loss,PRIZES,117,4,0
BASELINE,tb_a4c53101_aristophanivan_one-of-snapshot-versions,409,second,loss,PRIZES,113,4,0
BASELINE,tb_a4c53101_aristophanivan_one-of-snapshot-versions,410,first,win,NO_BENCH,52,4,6
BASELINE,tb_a4c53101_aristophanivan_one-of-snapshot-versions,411,second,win,NO_BENCH,82,3,3
BASELINE,tb_a4c53101_aristophanivan_one-of-snapshot-versions,412,first,loss,PRIZES,146,3,0
BASELINE,tb_a4c53101_aristophanivan_one-of-snapshot-versions,413,second,win,NO_BENCH,100,2,2
BASELINE,tb_a4c53101_aristophanivan_one-of-snapshot-versions,414,first,loss,PRIZES,125,2,0
BASELINE,tb_a4c53101_aristophanivan_one-of-snapshot-versions,415,second,loss,PRIZES,130,2,0
BASELINE,tb_a4c53101_aristophanivan_one-of-snapshot-versions,416,first,loss,PRIZES,143,4,0
BASELINE,tb_a4c53101_aristophanivan_one-of-snapshot-versions,417,second,loss,PRIZES,110,5,0
BASELINE,tb_a4c53101_aristophanivan_one-of-snapshot-versions,419,second,loss,NO_BENCH,50,6,4
BASELINE,tb_a4c53101_aristophanivan_one-of-snapshot-versions,418,first,loss,PRIZES,123,1,0
BASELINE,tb_a4c53101_aristophanivan_one-of-snapshot-versions,420,first,loss,PRIZES,144,3,0
BASELINE,tb_a4c53101_aristophanivan_one-of-snapshot-versions,422,first,loss,PRIZES,102,4,0
BASELINE,tb_a4c53101_aristophanivan_one-of-snapshot-versions,421,second,loss,PRIZES,122,3,0
BASELINE,tb_a4c53101_aristophanivan_one-of-snapshot-versions,425,second,win,NO_BENCH,93,1,6
BASELINE,tb_a4c53101_aristophanivan_one-of-snapshot-versions,423,second,win,PRIZES,154,0,1
BASELINE,tb_a4c53101_aristophanivan_one-of-snapshot-versions,424,first,win,PRIZES,149,0,2
BASELINE,tb_a4c53101_aristophanivan_one-of-snapshot-versions,426,first,win,PRIZES,120,0,3
BASELINE,tb_a4c53101_aristophanivan_one-of-snapshot-versions,428,first,loss,PRIZES,131,3,0
BASELINE,tb_a4c53101_aristophanivan_one-of-snapshot-versions,427,second,win,PRIZES,159,0,2
BASELINE,tb_a4c53101_aristophanivan_one-of-snapshot-versions,429,second,loss,PRIZES,116,3,0
BASELINE,tb_a4c53101_aristophanivan_one-of-snapshot-versions,431,second,loss,PRIZES,115,2,0
BASELINE,tb_a4c53101_aristophanivan_one-of-snapshot-versions,430,first,loss,PRIZES,138,2,0
BASELINE,tb_a4c53101_aristophanivan_one-of-snapshot-versions,432,first,loss,PRIZES,125,2,0
BASELINE,tb_a4c53101_aristophanivan_one-of-snapshot-versions,434,first,loss,PRIZES,112,4,0
BASELINE,tb_a4c53101_aristophanivan_one-of-snapshot-versions,433,second,win,PRIZES,145,0,1
BASELINE,tb_a4c53101_aristophanivan_one-of-snapshot-versions,435,second,win,NO_BENCH,41,5,6
BASELINE,tb_a4c53101_aristophanivan_one-of-snapshot-versions,437,second,win,NO_BENCH,20,5,6
BASELINE,tb_a4c53101_aristophanivan_one-of-snapshot-versions,436,first,loss,PRIZES,145,2,0
BASELINE,tb_a4c53101_aristophanivan_one-of-snapshot-versions,438,first,win,PRIZES,148,0,3
BASELINE,tb_a4c53101_aristophanivan_one-of-snapshot-versions,439,second,loss,PRIZES,98,5,0
BASELINE,tb_a4c53101_aristophanivan_one-of-snapshot-versions,440,first,loss,PRIZES,88,5,0
BASELINE,tb_a4c53101_aristophanivan_one-of-snapshot-versions,441,second,win,PRIZES,139,0,2
BASELINE,tb_a4c53101_aristophanivan_one-of-snapshot-versions,442,first,loss,PRIZES,132,2,0
BASELINE,tb_a4c53101_aristophanivan_one-of-snapshot-versions,443,second,loss,PRIZES,119,3,0
BASELINE,tb_a4c53101_aristophanivan_one-of-snapshot-versions,444,first,loss,PRIZES,84,3,0
BASELINE,tb_a4c53101_aristophanivan_one-of-snapshot-versions,445,second,win,PRIZES,169,0,1
BASELINE,tb_a4c53101_aristophanivan_one-of-snapshot-versions,446,first,loss,PRIZES,124,3,0
BASELINE,tb_a4c53101_aristophanivan_one-of-snapshot-versions,447,second,loss,PRIZES,123,1,0
BASELINE,tb_a4c53101_aristophanivan_one-of-snapshot-versions,448,first,loss,PRIZES,107,5,0
BASELINE,tb_a4c53101_aristophanivan_one-of-snapshot-versions,449,second,loss,PRIZES,148,2,0
BASELINE,tb_a4c53101_aristophanivan_one-of-snapshot-versions,450,first,win,PRIZES,113,0,6
BASELINE,tb_a4c53101_aristophanivan_one-of-snapshot-versions,451,second,loss,PRIZES,145,1,0
BASELINE,tb_a4c53101_aristophanivan_one-of-snapshot-versions,452,first,win,PRIZES,124,0,6
BASELINE,tb_a4c53101_aristophanivan_one-of-snapshot-versions,453,second,loss,PRIZES,155,1,0
BASELINE,tb_a4c53101_aristophanivan_one-of-snapshot-versions,454,first,loss,PRIZES,105,3,0
BASELINE,tb_a4c53101_aristophanivan_one-of-snapshot-versions,455,second,loss,PRIZES,119,1,0
BASELINE,tb_a4c53101_aristophanivan_one-of-snapshot-versions,456,first,loss,PRIZES,165,1,0
BASELINE,tb_a4c53101_aristophanivan_one-of-snapshot-versions,458,first,win,PRIZES,127,0,4
BASELINE,tb_a4c53101_aristophanivan_one-of-snapshot-versions,457,second,loss,PRIZES,127,5,0
BASELINE,tb_a4c53101_aristophanivan_one-of-snapshot-versions,459,second,loss,PRIZES,133,5,0
BASELINE,tb_a4c53101_aristophanivan_one-of-snapshot-versions,460,first,loss,PRIZES,138,3,0
BASELINE,tb_a4c53101_aristophanivan_one-of-snapshot-versions,461,second,loss,PRIZES,123,3,0
BASELINE,tb_a4c53101_aristophanivan_one-of-snapshot-versions,464,first,win,NO_BENCH,34,5,6
BASELINE,tb_a4c53101_aristophanivan_one-of-snapshot-versions,462,first,loss,PRIZES,140,3,0
BASELINE,tb_a4c53101_aristophanivan_one-of-snapshot-versions,463,second,loss,PRIZES,157,2,0
BASELINE,tb_a4c53101_aristophanivan_one-of-snapshot-versions,467,second,win,NO_BENCH,71,2,6
BASELINE,tb_a4c53101_aristophanivan_one-of-snapshot-versions,466,first,win,NO_BENCH,97,3,3
BASELINE,tb_a4c53101_aristophanivan_one-of-snapshot-versions,465,second,loss,PRIZES,149,2,0
BASELINE,tb_a4c53101_aristophanivan_one-of-snapshot-versions,468,first,loss,PRIZES,113,5,0
BASELINE,tb_a4c53101_aristophanivan_one-of-snapshot-versions,469,second,win,PRIZES,147,0,4
BASELINE,tb_a4c53101_aristophanivan_one-of-snapshot-versions,470,first,loss,PRIZES,112,4,0
BASELINE,tb_a4c53101_aristophanivan_one-of-snapshot-versions,473,second,loss,PRIZES,80,5,0
BASELINE,tb_a4c53101_aristophanivan_one-of-snapshot-versions,471,second,win,PRIZES,140,0,2
BASELINE,tb_a4c53101_aristophanivan_one-of-snapshot-versions,472,first,loss,PRIZES,120,5,0
BASELINE,tb_a4c53101_aristophanivan_one-of-snapshot-versions,474,first,win,NO_BENCH,71,3,6
BASELINE,tb_a4c53101_aristophanivan_one-of-snapshot-versions,476,first,loss,NO_BENCH,79,6,1
BASELINE,tb_a4c53101_aristophanivan_one-of-snapshot-versions,475,second,loss,PRIZES,117,3,0
BASELINE,tb_a4c53101_aristophanivan_one-of-snapshot-versions,477,second,loss,PRIZES,137,4,0
BASELINE,tb_a4c53101_aristophanivan_one-of-snapshot-versions,478,first,loss,PRIZES,155,3,0
BASELINE,tb_a4c53101_aristophanivan_one-of-snapshot-versions,479,second,loss,PRIZES,132,3,0
BASELINE,tb_a4c53101_aristophanivan_one-of-snapshot-versions,480,first,win,NO_BENCH,30,5,6
BASELINE,tb_a4c53101_aristophanivan_one-of-snapshot-versions,481,second,loss,PRIZES,118,3,0
BASELINE,tb_a4c53101_aristophanivan_one-of-snapshot-versions,482,first,loss,PRIZES,116,4,0
BASELINE,tb_a4c53101_aristophanivan_one-of-snapshot-versions,483,second,win,PRIZES,135,0,3
BASELINE,tb_a4c53101_aristophanivan_one-of-snapshot-versions,484,first,loss,PRIZES,135,1,0
BASELINE,tb_a4c53101_aristophanivan_one-of-snapshot-versions,485,second,loss,PRIZES,155,3,0
BASELINE,tb_a4c53101_aristophanivan_one-of-snapshot-versions,486,first,loss,PRIZES,156,2,0
BASELINE,tb_a4c53101_aristophanivan_one-of-snapshot-versions,487,second,loss,PRIZES,137,3,0
BASELINE,tb_a4c53101_aristophanivan_one-of-snapshot-versions,488,first,win,NO_BENCH,111,2,5
BASELINE,tb_a4c53101_aristophanivan_one-of-snapshot-versions,489,second,loss,PRIZES,168,1,0
BASELINE,tb_a4c53101_aristophanivan_one-of-snapshot-versions,490,first,loss,PRIZES,133,4,0
BASELINE,tb_a4c53101_aristophanivan_one-of-snapshot-versions,491,second,win,NO_BENCH,47,5,6
BASELINE,tb_a4c53101_aristophanivan_one-of-snapshot-versions,492,first,win,NO_BENCH,63,2,6
BASELINE,tb_a4c53101_aristophanivan_one-of-snapshot-versions,493,second,loss,PRIZES,138,3,0
BASELINE,tb_a4c53101_aristophanivan_one-of-snapshot-versions,494,first,win,PRIZES,143,0,4
BASELINE,tb_a4c53101_aristophanivan_one-of-snapshot-versions,495,second,loss,PRIZES,122,3,0
BASELINE,tb_a4c53101_aristophanivan_one-of-snapshot-versions,496,first,loss,PRIZES,101,4,0
BASELINE,tb_a4c53101_aristophanivan_one-of-snapshot-versions,497,second,loss,PRIZES,142,4,0
BASELINE,tb_a4c53101_aristophanivan_one-of-snapshot-versions,498,first,win,NO_BENCH,74,3,6
BASELINE,tb_a4c53101_aristophanivan_one-of-snapshot-versions,499,second,loss,PRIZES,120,3,0
BASELINE,tb_a4c53101_aristophanivan_one-of-snapshot-versions,500,first,loss,PRIZES,115,3,0
BASELINE,tb_a4c53101_aristophanivan_one-of-snapshot-versions,501,second,win,NO_BENCH,94,2,6
BASELINE,tb_a4c53101_aristophanivan_one-of-snapshot-versions,502,first,loss,PRIZES,153,2,0
BASELINE,tb_a4c53101_aristophanivan_one-of-snapshot-versions,503,second,loss,PRIZES,136,2,0
BASELINE,tb_a4c53101_aristophanivan_one-of-snapshot-versions,504,first,win,PRIZES,153,0,1
BASELINE,tb_a4c53101_aristophanivan_one-of-snapshot-versions,506,first,win,NO_BENCH,86,3,5
BASELINE,tb_a4c53101_aristophanivan_one-of-snapshot-versions,505,second,loss,PRIZES,137,1,0
BASELINE,tb_a4c53101_aristophanivan_one-of-snapshot-versions,507,second,loss,PRIZES,131,3,0
BASELINE,tb_a4c53101_aristophanivan_one-of-snapshot-versions,509,second,win,PRIZES,134,0,3
BASELINE,tb_a4c53101_aristophanivan_one-of-snapshot-versions,508,first,loss,PRIZES,148,2,0
BASELINE,tb_a4c53101_aristophanivan_one-of-snapshot-versions,510,first,loss,PRIZES,115,3,0
BASELINE,tb_a4c53101_aristophanivan_one-of-snapshot-versions,511,second,win,NO_BENCH,17,5,6
BASELINE,tb_a4c53101_aristophanivan_one-of-snapshot-versions,512,first,win,PRIZES,143,0,5
BASELINE,tb_a4c53101_aristophanivan_one-of-snapshot-versions,513,second,loss,PRIZES,127,3,0
BASELINE,tb_a4c53101_aristophanivan_one-of-snapshot-versions,514,first,win,PRIZES,103,0,6
BASELINE,tb_a4c53101_aristophanivan_one-of-snapshot-versions,515,second,loss,PRIZES,169,2,0
BASELINE,tb_a4c53101_aristophanivan_one-of-snapshot-versions,517,second,loss,PRIZES,127,3,0
BASELINE,tb_a4c53101_aristophanivan_one-of-snapshot-versions,516,first,loss,PRIZES,122,3,0
BASELINE,tb_a4c53101_aristophanivan_one-of-snapshot-versions,518,first,loss,PRIZES,126,3,0
BASELINE,tb_a4c53101_aristophanivan_one-of-snapshot-versions,519,second,loss,PRIZES,134,3,0
BASELINE,tb_a4c53101_aristophanivan_one-of-snapshot-versions,520,first,loss,PRIZES,158,3,0
BASELINE,tb_a4c53101_aristophanivan_one-of-snapshot-versions,521,second,loss,PRIZES,166,3,0
BASELINE,tb_a4c53101_aristophanivan_one-of-snapshot-versions,522,first,loss,PRIZES,99,4,0
BASELINE,tb_a4c53101_aristophanivan_one-of-snapshot-versions,523,second,loss,PRIZES,139,2,0
BASELINE,tb_a4c53101_aristophanivan_one-of-snapshot-versions,524,first,loss,PRIZES,115,3,0
BASELINE,tb_a4c53101_aristophanivan_one-of-snapshot-versions,526,first,loss,PRIZES,150,2,0
BASELINE,tb_a4c53101_aristophanivan_one-of-snapshot-versions,525,second,loss,PRIZES,134,1,0
BASELINE,tb_a4c53101_aristophanivan_one-of-snapshot-versions,527,second,win,NO_BENCH,41,5,6
BASELINE,tb_a4c53101_aristophanivan_one-of-snapshot-versions,528,first,loss,PRIZES,135,3,0
BASELINE,tb_a4c53101_aristophanivan_one-of-snapshot-versions,530,first,loss,PRIZES,117,3,0
BASELINE,tb_a4c53101_aristophanivan_one-of-snapshot-versions,529,second,win,PRIZES,153,0,2
BASELINE,tb_a4c53101_aristophanivan_one-of-snapshot-versions,532,first,win,NO_BENCH,101,1,6
BASELINE,tb_a4c53101_aristophanivan_one-of-snapshot-versions,531,second,loss,PRIZES,142,2,0
BASELINE,tb_a4c53101_aristophanivan_one-of-snapshot-versions,533,second,loss,PRIZES,138,2,0
BASELINE,tb_a4c53101_aristophanivan_one-of-snapshot-versions,535,second,win,PRIZES,125,0,6
BASELINE,tb_a4c53101_aristophanivan_one-of-snapshot-versions,534,first,loss,PRIZES,143,1,0
BASELINE,tb_a4c53101_aristophanivan_one-of-snapshot-versions,536,first,loss,PRIZES,158,2,0
BASELINE,tb_a4c53101_aristophanivan_one-of-snapshot-versions,537,second,loss,PRIZES,113,2,0
BASELINE,tb_a4c53101_aristophanivan_one-of-snapshot-versions,538,first,loss,PRIZES,117,4,0
BASELINE,tb_a4c53101_aristophanivan_one-of-snapshot-versions,539,second,loss,PRIZES,147,2,0
BASELINE,tb_a4c53101_aristophanivan_one-of-snapshot-versions,540,first,loss,PRIZES,127,3,0
BASELINE,tb_a4c53101_aristophanivan_one-of-snapshot-versions,541,second,loss,PRIZES,152,2,0
BASELINE,tb_a4c53101_aristophanivan_one-of-snapshot-versions,542,first,loss,PRIZES,154,2,0
BASELINE,tb_a4c53101_aristophanivan_one-of-snapshot-versions,543,second,loss,PRIZES,130,5,0
BASELINE,tb_a4c53101_aristophanivan_one-of-snapshot-versions,544,first,loss,PRIZES,164,1,0
BASELINE,tb_a4c53101_aristophanivan_one-of-snapshot-versions,545,second,loss,PRIZES,142,1,0
BASELINE,tb_a4c53101_aristophanivan_one-of-snapshot-versions,546,first,loss,PRIZES,136,2,0
BASELINE,tb_a4c53101_aristophanivan_one-of-snapshot-versions,547,second,loss,PRIZES,122,2,0
BASELINE,tb_a4c53101_aristophanivan_one-of-snapshot-versions,548,first,loss,PRIZES,165,2,0
BASELINE,tb_a4c53101_aristophanivan_one-of-snapshot-versions,550,first,loss,PRIZES,85,5,0
BASELINE,tb_a4c53101_aristophanivan_one-of-snapshot-versions,549,second,loss,PRIZES,153,2,0
BASELINE,tb_a4c53101_aristophanivan_one-of-snapshot-versions,551,second,loss,PRIZES,158,1,0
BASELINE,tb_a4c53101_aristophanivan_one-of-snapshot-versions,552,first,loss,PRIZES,81,5,0
BASELINE,tb_a4c53101_aristophanivan_one-of-snapshot-versions,553,second,loss,PRIZES,139,3,0
BASELINE,tb_a4c53101_aristophanivan_one-of-snapshot-versions,554,first,win,PRIZES,126,0,6
BASELINE,tb_a4c53101_aristophanivan_one-of-snapshot-versions,555,second,loss,PRIZES,114,5,0
BASELINE,tb_a4c53101_aristophanivan_one-of-snapshot-versions,556,first,win,PRIZES,127,0,3
BASELINE,tb_a4c53101_aristophanivan_one-of-snapshot-versions,557,second,win,PRIZES,150,0,5
BASELINE,tb_a4c53101_aristophanivan_one-of-snapshot-versions,558,first,win,NO_BENCH,79,3,4
BASELINE,tb_a4c53101_aristophanivan_one-of-snapshot-versions,559,second,loss,PRIZES,130,2,0
BASELINE,tb_a4c53101_aristophanivan_one-of-snapshot-versions,560,first,win,PRIZES,131,0,5
BASELINE,tb_a4c53101_aristophanivan_one-of-snapshot-versions,561,second,win,NO_BENCH,67,3,5
BASELINE,tb_a4c53101_aristophanivan_one-of-snapshot-versions,563,second,loss,PRIZES,158,1,0
BASELINE,tb_a4c53101_aristophanivan_one-of-snapshot-versions,562,first,loss,PRIZES,164,1,0
BASELINE,tb_a4c53101_aristophanivan_one-of-snapshot-versions,564,first,loss,PRIZES,146,3,0
BASELINE,tb_a4c53101_aristophanivan_one-of-snapshot-versions,565,second,loss,PRIZES,128,2,0
BASELINE,tb_a4c53101_aristophanivan_one-of-snapshot-versions,566,first,loss,PRIZES,144,3,0
BASELINE,tb_a4c53101_aristophanivan_one-of-snapshot-versions,567,second,loss,PRIZES,161,5,0
BASELINE,tb_a4c53101_aristophanivan_one-of-snapshot-versions,569,second,loss,PRIZES,137,2,0
BASELINE,tb_a4c53101_aristophanivan_one-of-snapshot-versions,568,first,win,PRIZES,143,0,2
BASELINE,tb_a4c53101_aristophanivan_one-of-snapshot-versions,572,first,loss,PRIZES,93,2,0
BASELINE,tb_a4c53101_aristophanivan_one-of-snapshot-versions,570,first,loss,PRIZES,132,4,0
BASELINE,tb_a4c53101_aristophanivan_one-of-snapshot-versions,571,second,win,PRIZES,128,0,6
BASELINE,tb_a4c53101_aristophanivan_one-of-snapshot-versions,573,second,win,NO_BENCH,78,2,6
BASELINE,tb_a4c53101_aristophanivan_one-of-snapshot-versions,575,second,loss,PRIZES,135,2,0
BASELINE,tb_a4c53101_aristophanivan_one-of-snapshot-versions,574,first,loss,PRIZES,149,1,0
BASELINE,tb_a4c53101_aristophanivan_one-of-snapshot-versions,576,first,loss,PRIZES,137,2,0
BASELINE,tb_a4c53101_aristophanivan_one-of-snapshot-versions,577,second,win,NO_BENCH,99,1,6
BASELINE,tb_a4c53101_aristophanivan_one-of-snapshot-versions,578,first,win,PRIZES,140,0,3
BASELINE,tb_a4c53101_aristophanivan_one-of-snapshot-versions,581,second,win,NO_BENCH,80,2,6
BASELINE,tb_a4c53101_aristophanivan_one-of-snapshot-versions,580,first,loss,PRIZES,126,4,0
BASELINE,tb_a4c53101_aristophanivan_one-of-snapshot-versions,579,second,loss,PRIZES,124,3,0
BASELINE,tb_a4c53101_aristophanivan_one-of-snapshot-versions,582,first,loss,PRIZES,125,4,0
BASELINE,tb_a4c53101_aristophanivan_one-of-snapshot-versions,584,first,loss,PRIZES,157,1,0
BASELINE,tb_a4c53101_aristophanivan_one-of-snapshot-versions,583,second,win,PRIZES,153,0,3
BASELINE,tb_a4c53101_aristophanivan_one-of-snapshot-versions,585,second,loss,PRIZES,109,4,0
BASELINE,tb_a4c53101_aristophanivan_one-of-snapshot-versions,586,first,loss,PRIZES,131,5,0
BASELINE,tb_a4c53101_aristophanivan_one-of-snapshot-versions,587,second,loss,PRIZES,146,2,0
BASELINE,tb_a4c53101_aristophanivan_one-of-snapshot-versions,588,first,win,NO_BENCH,91,2,6
BASELINE,tb_a4c53101_aristophanivan_one-of-snapshot-versions,590,first,loss,PRIZES,129,3,0
BASELINE,tb_a4c53101_aristophanivan_one-of-snapshot-versions,589,second,loss,PRIZES,140,1,0
BASELINE,tb_a4c53101_aristophanivan_one-of-snapshot-versions,593,second,win,NO_BENCH,65,3,2
BASELINE,tb_a4c53101_aristophanivan_one-of-snapshot-versions,592,first,loss,PRIZES,86,5,0
BASELINE,tb_a4c53101_aristophanivan_one-of-snapshot-versions,591,second,loss,PRIZES,141,3,0
BASELINE,tb_a4c53101_aristophanivan_one-of-snapshot-versions,596,first,loss,PRIZES,127,2,0
BASELINE,tb_a4c53101_aristophanivan_one-of-snapshot-versions,595,second,loss,PRIZES,150,2,0
BASELINE,tb_a4c53101_aristophanivan_one-of-snapshot-versions,594,first,loss,PRIZES,154,2,0
BASELINE,tb_a4c53101_aristophanivan_one-of-snapshot-versions,598,first,win,NO_BENCH,68,4,5
BASELINE,tb_a4c53101_aristophanivan_one-of-snapshot-versions,597,second,win,NO_BENCH,79,2,6
BASELINE,tb_a4c53101_aristophanivan_one-of-snapshot-versions,599,second,loss,PRIZES,141,2,0
BASELINE,tb_ded5c6a6_zoli800_top-dragapult-ex-tempo-control-agent,1,second,win,PRIZES,107,0,6
BASELINE,tb_ded5c6a6_zoli800_top-dragapult-ex-tempo-control-agent,0,first,loss,PRIZES,154,2,0
BASELINE,tb_ded5c6a6_zoli800_top-dragapult-ex-tempo-control-agent,2,first,loss,PRIZES,183,3,0
BASELINE,tb_ded5c6a6_zoli800_top-dragapult-ex-tempo-control-agent,3,second,win,PRIZES,126,0,6
BASELINE,tb_ded5c6a6_zoli800_top-dragapult-ex-tempo-control-agent,4,first,loss,PRIZES,134,5,0
BASELINE,tb_ded5c6a6_zoli800_top-dragapult-ex-tempo-control-agent,5,second,win,NO_BENCH,129,1,5
BASELINE,tb_ded5c6a6_zoli800_top-dragapult-ex-tempo-control-agent,6,first,win,NO_BENCH,64,4,6
BASELINE,tb_ded5c6a6_zoli800_top-dragapult-ex-tempo-control-agent,7,second,loss,PRIZES,119,6,0
BASELINE,tb_ded5c6a6_zoli800_top-dragapult-ex-tempo-control-agent,8,first,win,PRIZES,159,0,2
BASELINE,tb_ded5c6a6_zoli800_top-dragapult-ex-tempo-control-agent,9,second,win,PRIZES,114,0,6
BASELINE,tb_ded5c6a6_zoli800_top-dragapult-ex-tempo-control-agent,10,first,win,PRIZES,131,0,6
BASELINE,tb_ded5c6a6_zoli800_top-dragapult-ex-tempo-control-agent,11,second,loss,PRIZES,151,1,0
BASELINE,tb_ded5c6a6_zoli800_top-dragapult-ex-tempo-control-agent,13,second,win,NO_BENCH,23,5,6
BASELINE,tb_ded5c6a6_zoli800_top-dragapult-ex-tempo-control-agent,12,first,loss,PRIZES,126,4,0
BASELINE,tb_ded5c6a6_zoli800_top-dragapult-ex-tempo-control-agent,14,first,win,PRIZES,143,0,6
BASELINE,tb_ded5c6a6_zoli800_top-dragapult-ex-tempo-control-agent,15,second,win,PRIZES,145,0,6
BASELINE,tb_ded5c6a6_zoli800_top-dragapult-ex-tempo-control-agent,17,second,win,PRIZES,114,0,6
BASELINE,tb_ded5c6a6_zoli800_top-dragapult-ex-tempo-control-agent,16,first,win,DECKOUT,173,1,1
BASELINE,tb_ded5c6a6_zoli800_top-dragapult-ex-tempo-control-agent,18,first,win,PRIZES,119,0,5
BASELINE,tb_ded5c6a6_zoli800_top-dragapult-ex-tempo-control-agent,20,first,win,NO_BENCH,97,1,6
BASELINE,tb_ded5c6a6_zoli800_top-dragapult-ex-tempo-control-agent,19,second,win,PRIZES,118,0,6
BASELINE,tb_ded5c6a6_zoli800_top-dragapult-ex-tempo-control-agent,21,second,win,PRIZES,142,0,2
BASELINE,tb_ded5c6a6_zoli800_top-dragapult-ex-tempo-control-agent,23,second,win,PRIZES,156,0,6
BASELINE,tb_ded5c6a6_zoli800_top-dragapult-ex-tempo-control-agent,22,first,win,PRIZES,158,0,6
BASELINE,tb_ded5c6a6_zoli800_top-dragapult-ex-tempo-control-agent,25,second,win,PRIZES,133,0,6
BASELINE,tb_ded5c6a6_zoli800_top-dragapult-ex-tempo-control-agent,24,first,win,PRIZES,167,0,3
BASELINE,tb_ded5c6a6_zoli800_top-dragapult-ex-tempo-control-agent,26,first,win,PRIZES,151,0,3
BASELINE,tb_ded5c6a6_zoli800_top-dragapult-ex-tempo-control-agent,27,second,loss,PRIZES,182,2,0
BASELINE,tb_ded5c6a6_zoli800_top-dragapult-ex-tempo-control-agent,29,second,win,PRIZES,163,0,1
BASELINE,tb_ded5c6a6_zoli800_top-dragapult-ex-tempo-control-agent,28,first,win,PRIZES,184,0,1
BASELINE,tb_ded5c6a6_zoli800_top-dragapult-ex-tempo-control-agent,31,second,win,PRIZES,114,0,5
BASELINE,tb_ded5c6a6_zoli800_top-dragapult-ex-tempo-control-agent,30,first,loss,PRIZES,133,6,0
BASELINE,tb_ded5c6a6_zoli800_top-dragapult-ex-tempo-control-agent,32,first,win,PRIZES,183,0,1
BASELINE,tb_ded5c6a6_zoli800_top-dragapult-ex-tempo-control-agent,35,second,win,NO_BENCH,41,4,6
BASELINE,tb_ded5c6a6_zoli800_top-dragapult-ex-tempo-control-agent,33,second,win,PRIZES,168,0,6
BASELINE,tb_ded5c6a6_zoli800_top-dragapult-ex-tempo-control-agent,34,first,win,PRIZES,171,0,3
BASELINE,tb_ded5c6a6_zoli800_top-dragapult-ex-tempo-control-agent,36,first,win,PRIZES,160,0,5
BASELINE,tb_ded5c6a6_zoli800_top-dragapult-ex-tempo-control-agent,37,second,win,PRIZES,134,0,6
BASELINE,tb_ded5c6a6_zoli800_top-dragapult-ex-tempo-control-agent,38,first,win,PRIZES,146,0,3
BASELINE,tb_ded5c6a6_zoli800_top-dragapult-ex-tempo-control-agent,41,second,win,NO_BENCH,65,4,6
BASELINE,tb_ded5c6a6_zoli800_top-dragapult-ex-tempo-control-agent,40,first,win,PRIZES,132,0,6
BASELINE,tb_ded5c6a6_zoli800_top-dragapult-ex-tempo-control-agent,39,second,win,PRIZES,191,0,2
BASELINE,tb_ded5c6a6_zoli800_top-dragapult-ex-tempo-control-agent,42,first,win,PRIZES,120,0,6
BASELINE,tb_ded5c6a6_zoli800_top-dragapult-ex-tempo-control-agent,43,second,win,PRIZES,146,0,5
BASELINE,tb_ded5c6a6_zoli800_top-dragapult-ex-tempo-control-agent,44,first,win,PRIZES,181,0,4
BASELINE,tb_ded5c6a6_zoli800_top-dragapult-ex-tempo-control-agent,46,first,win,PRIZES,150,0,3
BASELINE,tb_ded5c6a6_zoli800_top-dragapult-ex-tempo-control-agent,45,second,win,PRIZES,165,0,1
BASELINE,tb_ded5c6a6_zoli800_top-dragapult-ex-tempo-control-agent,47,second,win,PRIZES,155,0,6
BASELINE,tb_ded5c6a6_zoli800_top-dragapult-ex-tempo-control-agent,50,first,win,NO_BENCH,41,5,6
BASELINE,tb_ded5c6a6_zoli800_top-dragapult-ex-tempo-control-agent,49,second,win,PRIZES,152,0,4
BASELINE,tb_ded5c6a6_zoli800_top-dragapult-ex-tempo-control-agent,48,first,win,PRIZES,180,0,1
BASELINE,tb_ded5c6a6_zoli800_top-dragapult-ex-tempo-control-agent,51,second,win,NO_BENCH,84,3,6
BASELINE,tb_ded5c6a6_zoli800_top-dragapult-ex-tempo-control-agent,52,first,win,PRIZES,147,0,5
BASELINE,tb_ded5c6a6_zoli800_top-dragapult-ex-tempo-control-agent,53,second,win,PRIZES,159,0,3
BASELINE,tb_ded5c6a6_zoli800_top-dragapult-ex-tempo-control-agent,54,first,win,PRIZES,114,0,5
BASELINE,tb_ded5c6a6_zoli800_top-dragapult-ex-tempo-control-agent,55,second,win,PRIZES,117,0,5
BASELINE,tb_ded5c6a6_zoli800_top-dragapult-ex-tempo-control-agent,56,first,loss,PRIZES,134,2,0
BASELINE,tb_ded5c6a6_zoli800_top-dragapult-ex-tempo-control-agent,59,second,win,NO_BENCH,31,5,6
BASELINE,tb_ded5c6a6_zoli800_top-dragapult-ex-tempo-control-agent,57,second,loss,PRIZES,193,2,0
BASELINE,tb_ded5c6a6_zoli800_top-dragapult-ex-tempo-control-agent,58,first,win,PRIZES,126,0,5
BASELINE,tb_ded5c6a6_zoli800_top-dragapult-ex-tempo-control-agent,60,first,win,PRIZES,127,0,4
BASELINE,tb_ded5c6a6_zoli800_top-dragapult-ex-tempo-control-agent,61,second,win,NO_BENCH,90,2,6
BASELINE,tb_ded5c6a6_zoli800_top-dragapult-ex-tempo-control-agent,62,first,win,NO_BENCH,65,4,6
BASELINE,tb_ded5c6a6_zoli800_top-dragapult-ex-tempo-control-agent,64,first,win,PRIZES,121,0,6
BASELINE,tb_ded5c6a6_zoli800_top-dragapult-ex-tempo-control-agent,65,second,win,PRIZES,120,0,6
BASELINE,tb_ded5c6a6_zoli800_top-dragapult-ex-tempo-control-agent,63,second,win,PRIZES,237,0,1
BASELINE,tb_ded5c6a6_zoli800_top-dragapult-ex-tempo-control-agent,67,second,win,PRIZES,115,0,6
BASELINE,tb_ded5c6a6_zoli800_top-dragapult-ex-tempo-control-agent,66,first,win,PRIZES,127,0,6
BASELINE,tb_ded5c6a6_zoli800_top-dragapult-ex-tempo-control-agent,68,first,win,PRIZES,139,0,6
BASELINE,tb_ded5c6a6_zoli800_top-dragapult-ex-tempo-control-agent,70,first,win,PRIZES,139,0,6
BASELINE,tb_ded5c6a6_zoli800_top-dragapult-ex-tempo-control-agent,69,second,win,PRIZES,138,0,4
BASELINE,tb_ded5c6a6_zoli800_top-dragapult-ex-tempo-control-agent,71,second,win,PRIZES,144,0,5
BASELINE,tb_ded5c6a6_zoli800_top-dragapult-ex-tempo-control-agent,74,first,win,PRIZES,126,0,4
BASELINE,tb_ded5c6a6_zoli800_top-dragapult-ex-tempo-control-agent,73,second,win,PRIZES,143,0,6
BASELINE,tb_ded5c6a6_zoli800_top-dragapult-ex-tempo-control-agent,72,first,win,PRIZES,176,0,4
BASELINE,tb_ded5c6a6_zoli800_top-dragapult-ex-tempo-control-agent,77,second,win,PRIZES,86,0,6
BASELINE,tb_ded5c6a6_zoli800_top-dragapult-ex-tempo-control-agent,75,second,win,PRIZES,151,0,6
BASELINE,tb_ded5c6a6_zoli800_top-dragapult-ex-tempo-control-agent,76,first,win,PRIZES,163,0,1
BASELINE,tb_ded5c6a6_zoli800_top-dragapult-ex-tempo-control-agent,79,second,win,NO_BENCH,42,4,6
BASELINE,tb_ded5c6a6_zoli800_top-dragapult-ex-tempo-control-agent,78,first,win,PRIZES,128,0,5
BASELINE,tb_ded5c6a6_zoli800_top-dragapult-ex-tempo-control-agent,80,first,win,PRIZES,100,0,6
BASELINE,tb_ded5c6a6_zoli800_top-dragapult-ex-tempo-control-agent,81,second,win,PRIZES,123,0,2
BASELINE,tb_ded5c6a6_zoli800_top-dragapult-ex-tempo-control-agent,82,first,win,PRIZES,144,0,4
BASELINE,tb_ded5c6a6_zoli800_top-dragapult-ex-tempo-control-agent,83,second,win,PRIZES,164,0,4
BASELINE,tb_ded5c6a6_zoli800_top-dragapult-ex-tempo-control-agent,85,second,win,NO_BENCH,57,4,6
BASELINE,tb_ded5c6a6_zoli800_top-dragapult-ex-tempo-control-agent,86,first,win,PRIZES,119,0,6
BASELINE,tb_ded5c6a6_zoli800_top-dragapult-ex-tempo-control-agent,84,first,loss,PRIZES,183,2,0
BASELINE,tb_ded5c6a6_zoli800_top-dragapult-ex-tempo-control-agent,87,second,win,PRIZES,135,0,5
BASELINE,tb_ded5c6a6_zoli800_top-dragapult-ex-tempo-control-agent,88,first,win,NO_BENCH,99,1,6
BASELINE,tb_ded5c6a6_zoli800_top-dragapult-ex-tempo-control-agent,89,second,win,PRIZES,181,0,1
BASELINE,tb_ded5c6a6_zoli800_top-dragapult-ex-tempo-control-agent,90,first,loss,PRIZES,146,4,0
BASELINE,tb_ded5c6a6_zoli800_top-dragapult-ex-tempo-control-agent,91,second,win,PRIZES,132,0,3
BASELINE,tb_ded5c6a6_zoli800_top-dragapult-ex-tempo-control-agent,92,first,win,PRIZES,140,0,5
BASELINE,tb_ded5c6a6_zoli800_top-dragapult-ex-tempo-control-agent,93,second,win,PRIZES,130,0,6
BASELINE,tb_ded5c6a6_zoli800_top-dragapult-ex-tempo-control-agent,94,first,win,PRIZES,164,0,3
BASELINE,tb_ded5c6a6_zoli800_top-dragapult-ex-tempo-control-agent,95,second,win,PRIZES,167,0,3
BASELINE,tb_ded5c6a6_zoli800_top-dragapult-ex-tempo-control-agent,96,first,win,PRIZES,117,0,6
BASELINE,tb_ded5c6a6_zoli800_top-dragapult-ex-tempo-control-agent,97,second,loss,PRIZES,162,1,0
BASELINE,tb_ded5c6a6_zoli800_top-dragapult-ex-tempo-control-agent,98,first,win,PRIZES,115,0,6
BASELINE,tb_ded5c6a6_zoli800_top-dragapult-ex-tempo-control-agent,99,second,win,PRIZES,160,0,4
BASELINE,tb_ded5c6a6_zoli800_top-dragapult-ex-tempo-control-agent,101,second,win,PRIZES,162,0,1
BASELINE,tb_ded5c6a6_zoli800_top-dragapult-ex-tempo-control-agent,100,first,win,PRIZES,173,0,1
BASELINE,tb_ded5c6a6_zoli800_top-dragapult-ex-tempo-control-agent,102,first,win,NO_BENCH,81,2,6
BASELINE,tb_ded5c6a6_zoli800_top-dragapult-ex-tempo-control-agent,103,second,loss,NO_BENCH,61,6,3
BASELINE,tb_ded5c6a6_zoli800_top-dragapult-ex-tempo-control-agent,104,first,loss,PRIZES,143,3,0
BASELINE,tb_ded5c6a6_zoli800_top-dragapult-ex-tempo-control-agent,105,second,win,PRIZES,139,0,6
BASELINE,tb_ded5c6a6_zoli800_top-dragapult-ex-tempo-control-agent,106,first,win,NO_BENCH,112,1,6
BASELINE,tb_ded5c6a6_zoli800_top-dragapult-ex-tempo-control-agent,107,second,win,PRIZES,106,0,2
BASELINE,tb_ded5c6a6_zoli800_top-dragapult-ex-tempo-control-agent,108,first,win,NO_BENCH,37,5,6
BASELINE,tb_ded5c6a6_zoli800_top-dragapult-ex-tempo-control-agent,109,second,win,PRIZES,108,0,5
BASELINE,tb_ded5c6a6_zoli800_top-dragapult-ex-tempo-control-agent,110,first,loss,PRIZES,174,1,0
BASELINE,tb_ded5c6a6_zoli800_top-dragapult-ex-tempo-control-agent,111,second,win,PRIZES,116,0,5
BASELINE,tb_ded5c6a6_zoli800_top-dragapult-ex-tempo-control-agent,112,first,win,PRIZES,137,0,6
BASELINE,tb_ded5c6a6_zoli800_top-dragapult-ex-tempo-control-agent,113,second,win,NO_BENCH,57,3,6
BASELINE,tb_ded5c6a6_zoli800_top-dragapult-ex-tempo-control-agent,114,first,win,PRIZES,169,0,3
BASELINE,tb_ded5c6a6_zoli800_top-dragapult-ex-tempo-control-agent,115,second,win,PRIZES,125,0,6
BASELINE,tb_ded5c6a6_zoli800_top-dragapult-ex-tempo-control-agent,116,first,win,PRIZES,179,0,1
BASELINE,tb_ded5c6a6_zoli800_top-dragapult-ex-tempo-control-agent,117,second,win,NO_BENCH,23,5,6
BASELINE,tb_ded5c6a6_zoli800_top-dragapult-ex-tempo-control-agent,118,first,win,NO_BENCH,109,1,6
BASELINE,tb_ded5c6a6_zoli800_top-dragapult-ex-tempo-control-agent,119,second,win,PRIZES,158,0,1
BASELINE,tb_ded5c6a6_zoli800_top-dragapult-ex-tempo-control-agent,120,first,win,PRIZES,132,0,6
BASELINE,tb_ded5c6a6_zoli800_top-dragapult-ex-tempo-control-agent,121,second,win,NO_BENCH,61,4,6
BASELINE,tb_ded5c6a6_zoli800_top-dragapult-ex-tempo-control-agent,122,first,loss,PRIZES,141,3,0
BASELINE,tb_ded5c6a6_zoli800_top-dragapult-ex-tempo-control-agent,123,second,loss,PRIZES,140,3,0
BASELINE,tb_ded5c6a6_zoli800_top-dragapult-ex-tempo-control-agent,124,first,win,PRIZES,138,0,6
BASELINE,tb_ded5c6a6_zoli800_top-dragapult-ex-tempo-control-agent,125,second,win,PRIZES,132,0,2
BASELINE,tb_ded5c6a6_zoli800_top-dragapult-ex-tempo-control-agent,127,second,win,NO_BENCH,53,4,6
BASELINE,tb_ded5c6a6_zoli800_top-dragapult-ex-tempo-control-agent,126,first,win,PRIZES,126,0,6
BASELINE,tb_ded5c6a6_zoli800_top-dragapult-ex-tempo-control-agent,128,first,win,PRIZES,187,0,1
BASELINE,tb_ded5c6a6_zoli800_top-dragapult-ex-tempo-control-agent,130,first,win,PRIZES,122,0,6
BASELINE,tb_ded5c6a6_zoli800_top-dragapult-ex-tempo-control-agent,129,second,win,PRIZES,192,0,2
BASELINE,tb_ded5c6a6_zoli800_top-dragapult-ex-tempo-control-agent,131,second,win,PRIZES,176,0,2
BASELINE,tb_ded5c6a6_zoli800_top-dragapult-ex-tempo-control-agent,132,first,win,PRIZES,129,0,5
BASELINE,tb_ded5c6a6_zoli800_top-dragapult-ex-tempo-control-agent,133,second,win,PRIZES,138,0,6
BASELINE,tb_ded5c6a6_zoli800_top-dragapult-ex-tempo-control-agent,134,first,loss,PRIZES,126,6,0
BASELINE,tb_ded5c6a6_zoli800_top-dragapult-ex-tempo-control-agent,136,first,win,NO_BENCH,16,5,6
BASELINE,tb_ded5c6a6_zoli800_top-dragapult-ex-tempo-control-agent,135,second,win,PRIZES,115,0,6
BASELINE,tb_ded5c6a6_zoli800_top-dragapult-ex-tempo-control-agent,137,second,win,PRIZES,127,0,2
BASELINE,tb_ded5c6a6_zoli800_top-dragapult-ex-tempo-control-agent,138,first,win,PRIZES,121,0,6
BASELINE,tb_ded5c6a6_zoli800_top-dragapult-ex-tempo-control-agent,139,second,win,NO_BENCH,109,1,6
BASELINE,tb_ded5c6a6_zoli800_top-dragapult-ex-tempo-control-agent,140,first,win,PRIZES,128,0,6
BASELINE,tb_ded5c6a6_zoli800_top-dragapult-ex-tempo-control-agent,141,second,win,NO_BENCH,47,4,6
BASELINE,tb_ded5c6a6_zoli800_top-dragapult-ex-tempo-control-agent,142,first,win,PRIZES,159,0,2
BASELINE,tb_ded5c6a6_zoli800_top-dragapult-ex-tempo-control-agent,144,first,win,PRIZES,94,0,6
BASELINE,tb_ded5c6a6_zoli800_top-dragapult-ex-tempo-control-agent,143,second,win,PRIZES,145,0,6
BASELINE,tb_ded5c6a6_zoli800_top-dragapult-ex-tempo-control-agent,145,second,win,PRIZES,124,0,6
BASELINE,tb_ded5c6a6_zoli800_top-dragapult-ex-tempo-control-agent,148,first,win,NO_BENCH,43,5,6
BASELINE,tb_ded5c6a6_zoli800_top-dragapult-ex-tempo-control-agent,147,second,win,PRIZES,108,0,6
BASELINE,tb_ded5c6a6_zoli800_top-dragapult-ex-tempo-control-agent,146,first,win,PRIZES,122,0,6
BASELINE,tb_ded5c6a6_zoli800_top-dragapult-ex-tempo-control-agent,149,second,win,NO_BENCH,25,5,6
BASELINE,tb_ded5c6a6_zoli800_top-dragapult-ex-tempo-control-agent,151,second,win,PRIZES,148,0,5
BASELINE,tb_ded5c6a6_zoli800_top-dragapult-ex-tempo-control-agent,150,first,loss,PRIZES,164,4,0
BASELINE,tb_ded5c6a6_zoli800_top-dragapult-ex-tempo-control-agent,152,first,win,PRIZES,178,0,2
BASELINE,tb_ded5c6a6_zoli800_top-dragapult-ex-tempo-control-agent,153,second,win,PRIZES,123,0,6
BASELINE,tb_ded5c6a6_zoli800_top-dragapult-ex-tempo-control-agent,154,first,win,PRIZES,177,0,3
BASELINE,tb_ded5c6a6_zoli800_top-dragapult-ex-tempo-control-agent,155,second,win,PRIZES,111,0,5
BASELINE,tb_ded5c6a6_zoli800_top-dragapult-ex-tempo-control-agent,156,first,loss,PRIZES,207,2,0
BASELINE,tb_ded5c6a6_zoli800_top-dragapult-ex-tempo-control-agent,157,second,win,DECKOUT,174,1,5
BASELINE,tb_ded5c6a6_zoli800_top-dragapult-ex-tempo-control-agent,158,first,win,PRIZES,111,0,6
BASELINE,tb_ded5c6a6_zoli800_top-dragapult-ex-tempo-control-agent,159,second,loss,PRIZES,99,5,0
BASELINE,tb_ded5c6a6_zoli800_top-dragapult-ex-tempo-control-agent,160,first,win,NO_BENCH,38,5,6
BASELINE,tb_ded5c6a6_zoli800_top-dragapult-ex-tempo-control-agent,163,second,win,NO_BENCH,22,5,6
BASELINE,tb_ded5c6a6_zoli800_top-dragapult-ex-tempo-control-agent,162,first,win,NO_BENCH,75,2,6
BASELINE,tb_ded5c6a6_zoli800_top-dragapult-ex-tempo-control-agent,161,second,win,PRIZES,165,0,2
BASELINE,tb_ded5c6a6_zoli800_top-dragapult-ex-tempo-control-agent,164,first,win,PRIZES,155,0,4
BASELINE,tb_ded5c6a6_zoli800_top-dragapult-ex-tempo-control-agent,165,second,win,NO_BENCH,128,1,3
BASELINE,tb_ded5c6a6_zoli800_top-dragapult-ex-tempo-control-agent,166,first,win,PRIZES,117,0,6
BASELINE,tb_ded5c6a6_zoli800_top-dragapult-ex-tempo-control-agent,168,first,win,PRIZES,106,0,6
BASELINE,tb_ded5c6a6_zoli800_top-dragapult-ex-tempo-control-agent,169,second,win,PRIZES,133,0,4
BASELINE,tb_ded5c6a6_zoli800_top-dragapult-ex-tempo-control-agent,167,second,win,PRIZES,182,0,3
BASELINE,tb_ded5c6a6_zoli800_top-dragapult-ex-tempo-control-agent,171,second,win,PRIZES,148,0,4
BASELINE,tb_ded5c6a6_zoli800_top-dragapult-ex-tempo-control-agent,170,first,win,PRIZES,157,0,1
BASELINE,tb_ded5c6a6_zoli800_top-dragapult-ex-tempo-control-agent,172,first,win,PRIZES,148,0,4
BASELINE,tb_ded5c6a6_zoli800_top-dragapult-ex-tempo-control-agent,174,first,win,NO_BENCH,69,4,6
BASELINE,tb_ded5c6a6_zoli800_top-dragapult-ex-tempo-control-agent,175,second,win,PRIZES,111,0,6
BASELINE,tb_ded5c6a6_zoli800_top-dragapult-ex-tempo-control-agent,173,second,win,PRIZES,169,0,2
BASELINE,tb_ded5c6a6_zoli800_top-dragapult-ex-tempo-control-agent,177,second,win,NO_BENCH,61,4,6
BASELINE,tb_ded5c6a6_zoli800_top-dragapult-ex-tempo-control-agent,176,first,win,PRIZES,119,0,6
BASELINE,tb_ded5c6a6_zoli800_top-dragapult-ex-tempo-control-agent,178,first,loss,NO_BENCH,77,4,3
BASELINE,tb_ded5c6a6_zoli800_top-dragapult-ex-tempo-control-agent,180,first,win,NO_BENCH,76,2,6
BASELINE,tb_ded5c6a6_zoli800_top-dragapult-ex-tempo-control-agent,179,second,win,PRIZES,114,0,6
BASELINE,tb_ded5c6a6_zoli800_top-dragapult-ex-tempo-control-agent,181,second,win,PRIZES,119,0,6
BASELINE,tb_ded5c6a6_zoli800_top-dragapult-ex-tempo-control-agent,182,first,win,PRIZES,176,0,3
BASELINE,tb_ded5c6a6_zoli800_top-dragapult-ex-tempo-control-agent,183,second,loss,PRIZES,176,1,0
BASELINE,tb_ded5c6a6_zoli800_top-dragapult-ex-tempo-control-agent,184,first,win,PRIZES,151,0,6
BASELINE,tb_ded5c6a6_zoli800_top-dragapult-ex-tempo-control-agent,185,second,win,PRIZES,120,0,6
BASELINE,tb_ded5c6a6_zoli800_top-dragapult-ex-tempo-control-agent,186,first,win,PRIZES,137,0,5
BASELINE,tb_ded5c6a6_zoli800_top-dragapult-ex-tempo-control-agent,187,second,win,PRIZES,129,0,6
BASELINE,tb_ded5c6a6_zoli800_top-dragapult-ex-tempo-control-agent,189,second,win,PRIZES,119,0,6
BASELINE,tb_ded5c6a6_zoli800_top-dragapult-ex-tempo-control-agent,190,first,win,PRIZES,116,0,6
BASELINE,tb_ded5c6a6_zoli800_top-dragapult-ex-tempo-control-agent,188,first,loss,PRIZES,147,2,0
BASELINE,tb_ded5c6a6_zoli800_top-dragapult-ex-tempo-control-agent,191,second,win,NO_BENCH,61,3,6
BASELINE,tb_ded5c6a6_zoli800_top-dragapult-ex-tempo-control-agent,193,second,win,PRIZES,108,0,5
BASELINE,tb_ded5c6a6_zoli800_top-dragapult-ex-tempo-control-agent,192,first,win,PRIZES,135,0,5
BASELINE,tb_ded5c6a6_zoli800_top-dragapult-ex-tempo-control-agent,195,second,win,NO_BENCH,19,5,6
BASELINE,tb_ded5c6a6_zoli800_top-dragapult-ex-tempo-control-agent,194,first,win,PRIZES,166,0,5
BASELINE,tb_ded5c6a6_zoli800_top-dragapult-ex-tempo-control-agent,196,first,win,PRIZES,126,0,6
BASELINE,tb_ded5c6a6_zoli800_top-dragapult-ex-tempo-control-agent,197,second,win,PRIZES,127,0,6
BASELINE,tb_ded5c6a6_zoli800_top-dragapult-ex-tempo-control-agent,198,first,win,PRIZES,145,0,1
BASELINE,tb_ded5c6a6_zoli800_top-dragapult-ex-tempo-control-agent,199,second,win,PRIZES,103,0,6
BASELINE,tb_ded5c6a6_zoli800_top-dragapult-ex-tempo-control-agent,202,first,win,PRIZES,103,0,6
BASELINE,tb_ded5c6a6_zoli800_top-dragapult-ex-tempo-control-agent,200,first,win,PRIZES,158,0,3
BASELINE,tb_ded5c6a6_zoli800_top-dragapult-ex-tempo-control-agent,201,second,loss,PRIZES,193,2,0
BASELINE,tb_ded5c6a6_zoli800_top-dragapult-ex-tempo-control-agent,204,first,win,NO_BENCH,110,2,5
BASELINE,tb_ded5c6a6_zoli800_top-dragapult-ex-tempo-control-agent,205,second,loss,PRIZES,120,5,0
BASELINE,tb_ded5c6a6_zoli800_top-dragapult-ex-tempo-control-agent,203,second,loss,PRIZES,193,2,0
BASELINE,tb_ded5c6a6_zoli800_top-dragapult-ex-tempo-control-agent,207,second,win,PRIZES,126,0,6
BASELINE,tb_ded5c6a6_zoli800_top-dragapult-ex-tempo-control-agent,206,first,win,PRIZES,153,0,5
BASELINE,tb_ded5c6a6_zoli800_top-dragapult-ex-tempo-control-agent,208,first,win,PRIZES,130,0,6
BASELINE,tb_ded5c6a6_zoli800_top-dragapult-ex-tempo-control-agent,209,second,win,PRIZES,116,0,6
BASELINE,tb_ded5c6a6_zoli800_top-dragapult-ex-tempo-control-agent,211,second,win,PRIZES,123,0,6
BASELINE,tb_ded5c6a6_zoli800_top-dragapult-ex-tempo-control-agent,210,first,win,DECKOUT,212,1,4
BASELINE,tb_ded5c6a6_zoli800_top-dragapult-ex-tempo-control-agent,212,first,win,NO_BENCH,92,2,6
BASELINE,tb_ded5c6a6_zoli800_top-dragapult-ex-tempo-control-agent,213,second,win,PRIZES,105,0,6
BASELINE,tb_ded5c6a6_zoli800_top-dragapult-ex-tempo-control-agent,214,first,win,PRIZES,153,0,2
BASELINE,tb_ded5c6a6_zoli800_top-dragapult-ex-tempo-control-agent,216,first,win,NO_BENCH,55,4,5
BASELINE,tb_ded5c6a6_zoli800_top-dragapult-ex-tempo-control-agent,215,second,win,PRIZES,138,0,6
BASELINE,tb_ded5c6a6_zoli800_top-dragapult-ex-tempo-control-agent,217,second,win,PRIZES,101,0,6
BASELINE,tb_ded5c6a6_zoli800_top-dragapult-ex-tempo-control-agent,218,first,win,PRIZES,110,0,5
BASELINE,tb_ded5c6a6_zoli800_top-dragapult-ex-tempo-control-agent,219,second,loss,PRIZES,105,6,0
BASELINE,tb_ded5c6a6_zoli800_top-dragapult-ex-tempo-control-agent,220,first,win,NO_BENCH,30,5,6
BASELINE,tb_ded5c6a6_zoli800_top-dragapult-ex-tempo-control-agent,221,second,win,PRIZES,131,0,2
BASELINE,tb_ded5c6a6_zoli800_top-dragapult-ex-tempo-control-agent,222,first,loss,PRIZES,156,3,0
BASELINE,tb_ded5c6a6_zoli800_top-dragapult-ex-tempo-control-agent,223,second,loss,PRIZES,142,2,0
BASELINE,tb_ded5c6a6_zoli800_top-dragapult-ex-tempo-control-agent,224,first,win,PRIZES,121,0,6
BASELINE,tb_ded5c6a6_zoli800_top-dragapult-ex-tempo-control-agent,225,second,win,PRIZES,96,0,6
BASELINE,tb_ded5c6a6_zoli800_top-dragapult-ex-tempo-control-agent,226,first,win,PRIZES,129,0,6
BASELINE,tb_ded5c6a6_zoli800_top-dragapult-ex-tempo-control-agent,227,second,win,PRIZES,120,0,6
BASELINE,tb_ded5c6a6_zoli800_top-dragapult-ex-tempo-control-agent,228,first,win,PRIZES,127,0,5
BASELINE,tb_ded5c6a6_zoli800_top-dragapult-ex-tempo-control-agent,229,second,win,PRIZES,180,0,5
BASELINE,tb_ded5c6a6_zoli800_top-dragapult-ex-tempo-control-agent,230,first,win,NO_BENCH,62,4,6
BASELINE,tb_ded5c6a6_zoli800_top-dragapult-ex-tempo-control-agent,231,second,win,PRIZES,165,0,4
BASELINE,tb_ded5c6a6_zoli800_top-dragapult-ex-tempo-control-agent,232,first,win,NO_BENCH,67,1,6
BASELINE,tb_ded5c6a6_zoli800_top-dragapult-ex-tempo-control-agent,233,second,win,PRIZES,118,0,6
BASELINE,tb_ded5c6a6_zoli800_top-dragapult-ex-tempo-control-agent,234,first,win,PRIZES,105,0,6
BASELINE,tb_ded5c6a6_zoli800_top-dragapult-ex-tempo-control-agent,235,second,loss,PRIZES,150,2,0
BASELINE,tb_ded5c6a6_zoli800_top-dragapult-ex-tempo-control-agent,236,first,win,NO_BENCH,35,5,6
BASELINE,tb_ded5c6a6_zoli800_top-dragapult-ex-tempo-control-agent,237,second,win,PRIZES,151,0,6
BASELINE,tb_ded5c6a6_zoli800_top-dragapult-ex-tempo-control-agent,238,first,win,PRIZES,121,0,5
BASELINE,tb_ded5c6a6_zoli800_top-dragapult-ex-tempo-control-agent,239,second,win,NO_BENCH,87,1,6
BASELINE,tb_ded5c6a6_zoli800_top-dragapult-ex-tempo-control-agent,240,first,win,PRIZES,131,0,6
BASELINE,tb_ded5c6a6_zoli800_top-dragapult-ex-tempo-control-agent,241,second,win,PRIZES,125,0,6
BASELINE,tb_ded5c6a6_zoli800_top-dragapult-ex-tempo-control-agent,242,first,win,PRIZES,157,0,3
BASELINE,tb_ded5c6a6_zoli800_top-dragapult-ex-tempo-control-agent,243,second,win,PRIZES,112,0,6
BASELINE,tb_ded5c6a6_zoli800_top-dragapult-ex-tempo-control-agent,244,first,win,PRIZES,160,0,6
BASELINE,tb_ded5c6a6_zoli800_top-dragapult-ex-tempo-control-agent,245,second,win,PRIZES,132,0,6
BASELINE,tb_ded5c6a6_zoli800_top-dragapult-ex-tempo-control-agent,246,first,win,NO_BENCH,31,4,6
BASELINE,tb_ded5c6a6_zoli800_top-dragapult-ex-tempo-control-agent,247,second,win,NO_BENCH,77,3,6
BASELINE,tb_ded5c6a6_zoli800_top-dragapult-ex-tempo-control-agent,248,first,loss,NO_BENCH,71,6,4
BASELINE,tb_ded5c6a6_zoli800_top-dragapult-ex-tempo-control-agent,249,second,loss,PRIZES,166,2,0
BASELINE,tb_ded5c6a6_zoli800_top-dragapult-ex-tempo-control-agent,250,first,win,PRIZES,129,0,4
BASELINE,tb_ded5c6a6_zoli800_top-dragapult-ex-tempo-control-agent,251,second,win,NO_BENCH,65,3,6
BASELINE,tb_ded5c6a6_zoli800_top-dragapult-ex-tempo-control-agent,252,first,win,PRIZES,137,0,4
BASELINE,tb_ded5c6a6_zoli800_top-dragapult-ex-tempo-control-agent,253,second,win,NO_BENCH,114,1,6
BASELINE,tb_ded5c6a6_zoli800_top-dragapult-ex-tempo-control-agent,254,first,win,PRIZES,121,0,6
BASELINE,tb_ded5c6a6_zoli800_top-dragapult-ex-tempo-control-agent,255,second,win,PRIZES,170,0,3
BASELINE,tb_ded5c6a6_zoli800_top-dragapult-ex-tempo-control-agent,256,first,win,PRIZES,129,0,6
BASELINE,tb_ded5c6a6_zoli800_top-dragapult-ex-tempo-control-agent,257,second,win,PRIZES,123,0,6
BASELINE,tb_ded5c6a6_zoli800_top-dragapult-ex-tempo-control-agent,258,first,win,NO_BENCH,83,2,6
BASELINE,tb_ded5c6a6_zoli800_top-dragapult-ex-tempo-control-agent,259,second,win,PRIZES,206,0,1
BASELINE,tb_ded5c6a6_zoli800_top-dragapult-ex-tempo-control-agent,260,first,loss,PRIZES,156,4,0
BASELINE,tb_ded5c6a6_zoli800_top-dragapult-ex-tempo-control-agent,261,second,win,PRIZES,141,0,6
BASELINE,tb_ded5c6a6_zoli800_top-dragapult-ex-tempo-control-agent,262,first,win,PRIZES,137,0,2
BASELINE,tb_ded5c6a6_zoli800_top-dragapult-ex-tempo-control-agent,263,second,win,PRIZES,113,0,6
BASELINE,tb_ded5c6a6_zoli800_top-dragapult-ex-tempo-control-agent,264,first,win,NO_BENCH,41,4,6
BASELINE,tb_ded5c6a6_zoli800_top-dragapult-ex-tempo-control-agent,265,second,loss,PRIZES,138,3,0
BASELINE,tb_ded5c6a6_zoli800_top-dragapult-ex-tempo-control-agent,266,first,win,PRIZES,144,0,5
BASELINE,tb_ded5c6a6_zoli800_top-dragapult-ex-tempo-control-agent,267,second,win,PRIZES,114,0,6
BASELINE,tb_ded5c6a6_zoli800_top-dragapult-ex-tempo-control-agent,268,first,loss,NO_BENCH,96,5,1
BASELINE,tb_ded5c6a6_zoli800_top-dragapult-ex-tempo-control-agent,269,second,win,NO_BENCH,50,4,6
BASELINE,tb_ded5c6a6_zoli800_top-dragapult-ex-tempo-control-agent,270,first,win,PRIZES,137,0,1
BASELINE,tb_ded5c6a6_zoli800_top-dragapult-ex-tempo-control-agent,271,second,loss,PRIZES,180,2,0
BASELINE,tb_ded5c6a6_zoli800_top-dragapult-ex-tempo-control-agent,272,first,win,PRIZES,122,0,6
BASELINE,tb_ded5c6a6_zoli800_top-dragapult-ex-tempo-control-agent,273,second,win,PRIZES,157,0,1
BASELINE,tb_ded5c6a6_zoli800_top-dragapult-ex-tempo-control-agent,274,first,win,PRIZES,174,0,1
BASELINE,tb_ded5c6a6_zoli800_top-dragapult-ex-tempo-control-agent,275,second,win,PRIZES,147,0,5
BASELINE,tb_ded5c6a6_zoli800_top-dragapult-ex-tempo-control-agent,276,first,loss,PRIZES,122,3,0
BASELINE,tb_ded5c6a6_zoli800_top-dragapult-ex-tempo-control-agent,277,second,win,NO_BENCH,84,1,6
BASELINE,tb_ded5c6a6_zoli800_top-dragapult-ex-tempo-control-agent,278,first,win,PRIZES,165,0,6
BASELINE,tb_ded5c6a6_zoli800_top-dragapult-ex-tempo-control-agent,279,second,win,PRIZES,124,0,5
BASELINE,tb_ded5c6a6_zoli800_top-dragapult-ex-tempo-control-agent,280,first,win,PRIZES,158,0,6
BASELINE,tb_ded5c6a6_zoli800_top-dragapult-ex-tempo-control-agent,281,second,loss,PRIZES,167,1,0
BASELINE,tb_ded5c6a6_zoli800_top-dragapult-ex-tempo-control-agent,282,first,win,PRIZES,142,0,5
BASELINE,tb_ded5c6a6_zoli800_top-dragapult-ex-tempo-control-agent,283,second,win,NO_BENCH,79,2,6
BASELINE,tb_ded5c6a6_zoli800_top-dragapult-ex-tempo-control-agent,284,first,win,PRIZES,161,0,4
BASELINE,tb_ded5c6a6_zoli800_top-dragapult-ex-tempo-control-agent,285,second,win,PRIZES,153,0,4
BASELINE,tb_ded5c6a6_zoli800_top-dragapult-ex-tempo-control-agent,286,first,loss,PRIZES,162,1,0
BASELINE,tb_ded5c6a6_zoli800_top-dragapult-ex-tempo-control-agent,287,second,loss,PRIZES,151,3,0
BASELINE,tb_ded5c6a6_zoli800_top-dragapult-ex-tempo-control-agent,288,first,win,PRIZES,133,0,5
BASELINE,tb_ded5c6a6_zoli800_top-dragapult-ex-tempo-control-agent,289,second,loss,PRIZES,175,1,0
BASELINE,tb_ded5c6a6_zoli800_top-dragapult-ex-tempo-control-agent,290,first,win,NO_BENCH,48,5,6
BASELINE,tb_ded5c6a6_zoli800_top-dragapult-ex-tempo-control-agent,291,second,win,PRIZES,157,0,2
BASELINE,tb_ded5c6a6_zoli800_top-dragapult-ex-tempo-control-agent,292,first,win,PRIZES,157,0,2
BASELINE,tb_ded5c6a6_zoli800_top-dragapult-ex-tempo-control-agent,293,second,win,NO_BENCH,28,5,6
BASELINE,tb_ded5c6a6_zoli800_top-dragapult-ex-tempo-control-agent,294,first,win,PRIZES,124,0,6
BASELINE,tb_ded5c6a6_zoli800_top-dragapult-ex-tempo-control-agent,295,second,win,PRIZES,112,0,6
BASELINE,tb_ded5c6a6_zoli800_top-dragapult-ex-tempo-control-agent,296,first,win,PRIZES,102,0,6
BASELINE,tb_ded5c6a6_zoli800_top-dragapult-ex-tempo-control-agent,297,second,win,PRIZES,123,0,5
BASELINE,tb_ded5c6a6_zoli800_top-dragapult-ex-tempo-control-agent,299,second,win,PRIZES,124,0,6
BASELINE,tb_ded5c6a6_zoli800_top-dragapult-ex-tempo-control-agent,298,first,loss,PRIZES,141,5,0
BASELINE,tb_ded5c6a6_zoli800_top-dragapult-ex-tempo-control-agent,300,first,win,PRIZES,132,0,2
BASELINE,tb_ded5c6a6_zoli800_top-dragapult-ex-tempo-control-agent,301,second,loss,PRIZES,150,6,0
BASELINE,tb_ded5c6a6_zoli800_top-dragapult-ex-tempo-control-agent,302,first,loss,PRIZES,117,5,0
BASELINE,tb_ded5c6a6_zoli800_top-dragapult-ex-tempo-control-agent,303,second,win,PRIZES,128,0,4
BASELINE,tb_ded5c6a6_zoli800_top-dragapult-ex-tempo-control-agent,305,second,win,NO_BENCH,94,2,6
BASELINE,tb_ded5c6a6_zoli800_top-dragapult-ex-tempo-control-agent,304,first,loss,PRIZES,102,5,0
BASELINE,tb_ded5c6a6_zoli800_top-dragapult-ex-tempo-control-agent,306,first,win,NO_BENCH,103,1,6
BASELINE,tb_ded5c6a6_zoli800_top-dragapult-ex-tempo-control-agent,307,second,win,PRIZES,166,0,4
BASELINE,tb_ded5c6a6_zoli800_top-dragapult-ex-tempo-control-agent,308,first,win,PRIZES,155,0,1
BASELINE,tb_ded5c6a6_zoli800_top-dragapult-ex-tempo-control-agent,309,second,loss,PRIZES,193,1,0
BASELINE,tb_ded5c6a6_zoli800_top-dragapult-ex-tempo-control-agent,311,second,win,NO_BENCH,116,2,6
BASELINE,tb_ded5c6a6_zoli800_top-dragapult-ex-tempo-control-agent,310,first,win,PRIZES,190,0,4
BASELINE,tb_ded5c6a6_zoli800_top-dragapult-ex-tempo-control-agent,312,first,win,PRIZES,170,0,1
BASELINE,tb_ded5c6a6_zoli800_top-dragapult-ex-tempo-control-agent,313,second,win,NO_BENCH,95,2,6
BASELINE,tb_ded5c6a6_zoli800_top-dragapult-ex-tempo-control-agent,314,first,win,PRIZES,141,0,6
BASELINE,tb_ded5c6a6_zoli800_top-dragapult-ex-tempo-control-agent,315,second,win,NO_BENCH,57,4,6
BASELINE,tb_ded5c6a6_zoli800_top-dragapult-ex-tempo-control-agent,316,first,win,PRIZES,136,0,4
BASELINE,tb_ded5c6a6_zoli800_top-dragapult-ex-tempo-control-agent,317,second,win,PRIZES,149,0,4
BASELINE,tb_ded5c6a6_zoli800_top-dragapult-ex-tempo-control-agent,318,first,win,PRIZES,156,0,6
BASELINE,tb_ded5c6a6_zoli800_top-dragapult-ex-tempo-control-agent,319,second,win,PRIZES,110,0,6
BASELINE,tb_ded5c6a6_zoli800_top-dragapult-ex-tempo-control-agent,320,first,win,PRIZES,138,0,6
BASELINE,tb_ded5c6a6_zoli800_top-dragapult-ex-tempo-control-agent,321,second,win,PRIZES,122,0,4
BASELINE,tb_ded5c6a6_zoli800_top-dragapult-ex-tempo-control-agent,322,first,win,PRIZES,131,0,6
BASELINE,tb_ded5c6a6_zoli800_top-dragapult-ex-tempo-control-agent,324,first,win,NO_BENCH,29,5,6
BASELINE,tb_ded5c6a6_zoli800_top-dragapult-ex-tempo-control-agent,323,second,loss,PRIZES,157,4,0
BASELINE,tb_ded5c6a6_zoli800_top-dragapult-ex-tempo-control-agent,325,second,win,PRIZES,132,0,3
BASELINE,tb_ded5c6a6_zoli800_top-dragapult-ex-tempo-control-agent,326,first,win,PRIZES,106,0,6
BASELINE,tb_ded5c6a6_zoli800_top-dragapult-ex-tempo-control-agent,327,second,win,PRIZES,150,0,1
BASELINE,tb_ded5c6a6_zoli800_top-dragapult-ex-tempo-control-agent,328,first,win,PRIZES,155,0,5
BASELINE,tb_ded5c6a6_zoli800_top-dragapult-ex-tempo-control-agent,329,second,win,PRIZES,138,0,5
BASELINE,tb_ded5c6a6_zoli800_top-dragapult-ex-tempo-control-agent,330,first,win,PRIZES,121,0,6
BASELINE,tb_ded5c6a6_zoli800_top-dragapult-ex-tempo-control-agent,331,second,win,PRIZES,138,0,5
BASELINE,tb_ded5c6a6_zoli800_top-dragapult-ex-tempo-control-agent,332,first,win,PRIZES,118,0,4
BASELINE,tb_ded5c6a6_zoli800_top-dragapult-ex-tempo-control-agent,333,second,win,PRIZES,132,0,5
BASELINE,tb_ded5c6a6_zoli800_top-dragapult-ex-tempo-control-agent,336,first,win,NO_BENCH,67,1,6
BASELINE,tb_ded5c6a6_zoli800_top-dragapult-ex-tempo-control-agent,335,second,win,PRIZES,168,0,4
BASELINE,tb_ded5c6a6_zoli800_top-dragapult-ex-tempo-control-agent,334,first,win,PRIZES,180,0,3
BASELINE,tb_ded5c6a6_zoli800_top-dragapult-ex-tempo-control-agent,337,second,win,PRIZES,150,0,4
BASELINE,tb_ded5c6a6_zoli800_top-dragapult-ex-tempo-control-agent,339,second,win,PRIZES,132,0,2
BASELINE,tb_ded5c6a6_zoli800_top-dragapult-ex-tempo-control-agent,338,first,win,PRIZES,142,0,6
BASELINE,tb_ded5c6a6_zoli800_top-dragapult-ex-tempo-control-agent,340,first,win,NO_BENCH,65,3,6
BASELINE,tb_ded5c6a6_zoli800_top-dragapult-ex-tempo-control-agent,341,second,loss,PRIZES,111,6,0
BASELINE,tb_ded5c6a6_zoli800_top-dragapult-ex-tempo-control-agent,342,first,loss,PRIZES,156,2,0
BASELINE,tb_ded5c6a6_zoli800_top-dragapult-ex-tempo-control-agent,344,first,win,NO_BENCH,39,5,6
BASELINE,tb_ded5c6a6_zoli800_top-dragapult-ex-tempo-control-agent,345,second,win,NO_BENCH,18,5,6
BASELINE,tb_ded5c6a6_zoli800_top-dragapult-ex-tempo-control-agent,343,second,win,PRIZES,196,0,4
BASELINE,tb_ded5c6a6_zoli800_top-dragapult-ex-tempo-control-agent,346,first,win,NO_BENCH,52,5,6
BASELINE,tb_ded5c6a6_zoli800_top-dragapult-ex-tempo-control-agent,347,second,win,PRIZES,115,0,6
BASELINE,tb_ded5c6a6_zoli800_top-dragapult-ex-tempo-control-agent,348,first,win,PRIZES,145,0,2
BASELINE,tb_ded5c6a6_zoli800_top-dragapult-ex-tempo-control-agent,349,second,win,PRIZES,168,0,4
BASELINE,tb_ded5c6a6_zoli800_top-dragapult-ex-tempo-control-agent,350,first,loss,PRIZES,116,5,0
BASELINE,tb_ded5c6a6_zoli800_top-dragapult-ex-tempo-control-agent,351,second,win,PRIZES,129,0,6
BASELINE,tb_ded5c6a6_zoli800_top-dragapult-ex-tempo-control-agent,353,second,win,PRIZES,135,0,6
BASELINE,tb_ded5c6a6_zoli800_top-dragapult-ex-tempo-control-agent,352,first,win,PRIZES,144,0,2
BASELINE,tb_ded5c6a6_zoli800_top-dragapult-ex-tempo-control-agent,354,first,win,PRIZES,109,0,6
BASELINE,tb_ded5c6a6_zoli800_top-dragapult-ex-tempo-control-agent,356,first,win,NO_BENCH,32,5,6
BASELINE,tb_ded5c6a6_zoli800_top-dragapult-ex-tempo-control-agent,357,second,win,PRIZES,110,0,6
BASELINE,tb_ded5c6a6_zoli800_top-dragapult-ex-tempo-control-agent,355,second,win,PRIZES,172,0,2
BASELINE,tb_ded5c6a6_zoli800_top-dragapult-ex-tempo-control-agent,358,first,win,PRIZES,116,0,6
BASELINE,tb_ded5c6a6_zoli800_top-dragapult-ex-tempo-control-agent,359,second,loss,PRIZES,153,2,0
BASELINE,tb_ded5c6a6_zoli800_top-dragapult-ex-tempo-control-agent,360,first,win,PRIZES,156,0,5
BASELINE,tb_ded5c6a6_zoli800_top-dragapult-ex-tempo-control-agent,361,second,win,PRIZES,146,0,5
BASELINE,tb_ded5c6a6_zoli800_top-dragapult-ex-tempo-control-agent,362,first,win,NO_BENCH,39,5,6
BASELINE,tb_ded5c6a6_zoli800_top-dragapult-ex-tempo-control-agent,363,second,win,PRIZES,142,0,5
BASELINE,tb_ded5c6a6_zoli800_top-dragapult-ex-tempo-control-agent,364,first,win,PRIZES,121,0,2
BASELINE,tb_ded5c6a6_zoli800_top-dragapult-ex-tempo-control-agent,365,second,win,PRIZES,167,0,5
BASELINE,tb_ded5c6a6_zoli800_top-dragapult-ex-tempo-control-agent,366,first,win,PRIZES,142,0,6
BASELINE,tb_ded5c6a6_zoli800_top-dragapult-ex-tempo-control-agent,367,second,win,PRIZES,161,0,3
BASELINE,tb_ded5c6a6_zoli800_top-dragapult-ex-tempo-control-agent,368,first,win,PRIZES,123,0,6
BASELINE,tb_ded5c6a6_zoli800_top-dragapult-ex-tempo-control-agent,369,second,win,NO_BENCH,105,1,5
BASELINE,tb_ded5c6a6_zoli800_top-dragapult-ex-tempo-control-agent,370,first,win,PRIZES,128,0,6
BASELINE,tb_ded5c6a6_zoli800_top-dragapult-ex-tempo-control-agent,371,second,win,PRIZES,102,0,6
BASELINE,tb_ded5c6a6_zoli800_top-dragapult-ex-tempo-control-agent,372,first,win,PRIZES,127,0,6
BASELINE,tb_ded5c6a6_zoli800_top-dragapult-ex-tempo-control-agent,373,second,win,PRIZES,141,0,5
BASELINE,tb_ded5c6a6_zoli800_top-dragapult-ex-tempo-control-agent,374,first,win,PRIZES,172,0,4
BASELINE,tb_ded5c6a6_zoli800_top-dragapult-ex-tempo-control-agent,375,second,win,PRIZES,170,0,2
BASELINE,tb_ded5c6a6_zoli800_top-dragapult-ex-tempo-control-agent,376,first,win,PRIZES,117,0,6
BASELINE,tb_ded5c6a6_zoli800_top-dragapult-ex-tempo-control-agent,377,second,win,PRIZES,124,0,6
BASELINE,tb_ded5c6a6_zoli800_top-dragapult-ex-tempo-control-agent,378,first,win,PRIZES,130,0,5
BASELINE,tb_ded5c6a6_zoli800_top-dragapult-ex-tempo-control-agent,379,second,win,PRIZES,129,0,5
BASELINE,tb_ded5c6a6_zoli800_top-dragapult-ex-tempo-control-agent,380,first,win,PRIZES,117,0,6
BASELINE,tb_ded5c6a6_zoli800_top-dragapult-ex-tempo-control-agent,381,second,win,PRIZES,140,0,4
BASELINE,tb_ded5c6a6_zoli800_top-dragapult-ex-tempo-control-agent,382,first,win,NO_BENCH,32,4,6
BASELINE,tb_ded5c6a6_zoli800_top-dragapult-ex-tempo-control-agent,383,second,loss,PRIZES,91,6,0
BASELINE,tb_ded5c6a6_zoli800_top-dragapult-ex-tempo-control-agent,384,first,win,PRIZES,123,0,6
BASELINE,tb_ded5c6a6_zoli800_top-dragapult-ex-tempo-control-agent,385,second,win,PRIZES,127,0,6
BASELINE,tb_ded5c6a6_zoli800_top-dragapult-ex-tempo-control-agent,386,first,loss,PRIZES,158,4,0
BASELINE,tb_ded5c6a6_zoli800_top-dragapult-ex-tempo-control-agent,387,second,loss,PRIZES,148,1,0
BASELINE,tb_ded5c6a6_zoli800_top-dragapult-ex-tempo-control-agent,388,first,win,PRIZES,185,0,4
BASELINE,tb_ded5c6a6_zoli800_top-dragapult-ex-tempo-control-agent,389,second,win,PRIZES,129,0,6
BASELINE,tb_ded5c6a6_zoli800_top-dragapult-ex-tempo-control-agent,390,first,win,PRIZES,146,0,6
BASELINE,tb_ded5c6a6_zoli800_top-dragapult-ex-tempo-control-agent,393,second,win,NO_BENCH,12,5,6
BASELINE,tb_ded5c6a6_zoli800_top-dragapult-ex-tempo-control-agent,391,second,win,PRIZES,126,0,4
BASELINE,tb_ded5c6a6_zoli800_top-dragapult-ex-tempo-control-agent,392,first,win,PRIZES,137,0,4
BASELINE,tb_ded5c6a6_zoli800_top-dragapult-ex-tempo-control-agent,394,first,win,NO_BENCH,35,5,6
BASELINE,tb_ded5c6a6_zoli800_top-dragapult-ex-tempo-control-agent,396,first,win,NO_BENCH,52,4,6
BASELINE,tb_ded5c6a6_zoli800_top-dragapult-ex-tempo-control-agent,395,second,win,PRIZES,118,0,6
BASELINE,tb_ded5c6a6_zoli800_top-dragapult-ex-tempo-control-agent,397,second,win,PRIZES,109,0,6
BASELINE,tb_ded5c6a6_zoli800_top-dragapult-ex-tempo-control-agent,399,second,win,PRIZES,163,0,4
BASELINE,tb_ded5c6a6_zoli800_top-dragapult-ex-tempo-control-agent,398,first,win,PRIZES,174,0,3
BASELINE,tb_ded5c6a6_zoli800_top-dragapult-ex-tempo-control-agent,400,first,win,PRIZES,163,0,5
BASELINE,tb_ded5c6a6_zoli800_top-dragapult-ex-tempo-control-agent,401,second,win,PRIZES,131,0,6
BASELINE,tb_ded5c6a6_zoli800_top-dragapult-ex-tempo-control-agent,402,first,win,PRIZES,136,0,6
BASELINE,tb_ded5c6a6_zoli800_top-dragapult-ex-tempo-control-agent,403,second,loss,NO_BENCH,37,6,4
BASELINE,tb_ded5c6a6_zoli800_top-dragapult-ex-tempo-control-agent,404,first,win,PRIZES,129,0,6
BASELINE,tb_ded5c6a6_zoli800_top-dragapult-ex-tempo-control-agent,405,second,win,PRIZES,152,0,4
BASELINE,tb_ded5c6a6_zoli800_top-dragapult-ex-tempo-control-agent,406,first,win,NO_BENCH,43,6,6
BASELINE,tb_ded5c6a6_zoli800_top-dragapult-ex-tempo-control-agent,407,second,loss,PRIZES,131,1,0
BASELINE,tb_ded5c6a6_zoli800_top-dragapult-ex-tempo-control-agent,408,first,win,PRIZES,145,0,5
BASELINE,tb_ded5c6a6_zoli800_top-dragapult-ex-tempo-control-agent,409,second,win,NO_BENCH,48,5,6
BASELINE,tb_ded5c6a6_zoli800_top-dragapult-ex-tempo-control-agent,410,first,win,NO_BENCH,47,5,6
BASELINE,tb_ded5c6a6_zoli800_top-dragapult-ex-tempo-control-agent,411,second,win,NO_BENCH,21,5,6
BASELINE,tb_ded5c6a6_zoli800_top-dragapult-ex-tempo-control-agent,412,first,win,PRIZES,109,0,6
BASELINE,tb_ded5c6a6_zoli800_top-dragapult-ex-tempo-control-agent,413,second,win,PRIZES,137,0,6
BASELINE,tb_ded5c6a6_zoli800_top-dragapult-ex-tempo-control-agent,414,first,win,PRIZES,118,0,6
BASELINE,tb_ded5c6a6_zoli800_top-dragapult-ex-tempo-control-agent,415,second,win,PRIZES,158,0,3
BASELINE,tb_ded5c6a6_zoli800_top-dragapult-ex-tempo-control-agent,417,second,win,PRIZES,159,0,4
BASELINE,tb_ded5c6a6_zoli800_top-dragapult-ex-tempo-control-agent,416,first,win,PRIZES,164,0,3
BASELINE,tb_ded5c6a6_zoli800_top-dragapult-ex-tempo-control-agent,418,first,win,PRIZES,156,0,6
BASELINE,tb_ded5c6a6_zoli800_top-dragapult-ex-tempo-control-agent,419,second,win,PRIZES,140,0,6
BASELINE,tb_ded5c6a6_zoli800_top-dragapult-ex-tempo-control-agent,420,first,win,PRIZES,182,0,2
BASELINE,tb_ded5c6a6_zoli800_top-dragapult-ex-tempo-control-agent,421,second,win,PRIZES,195,0,2
BASELINE,tb_ded5c6a6_zoli800_top-dragapult-ex-tempo-control-agent,422,first,win,PRIZES,148,0,2
BASELINE,tb_ded5c6a6_zoli800_top-dragapult-ex-tempo-control-agent,423,second,win,PRIZES,115,0,6
BASELINE,tb_ded5c6a6_zoli800_top-dragapult-ex-tempo-control-agent,424,first,win,NO_BENCH,79,3,6
BASELINE,tb_ded5c6a6_zoli800_top-dragapult-ex-tempo-control-agent,425,second,win,NO_BENCH,42,4,6
BASELINE,tb_ded5c6a6_zoli800_top-dragapult-ex-tempo-control-agent,426,first,loss,PRIZES,137,3,0
BASELINE,tb_ded5c6a6_zoli800_top-dragapult-ex-tempo-control-agent,427,second,win,PRIZES,182,0,4
BASELINE,tb_ded5c6a6_zoli800_top-dragapult-ex-tempo-control-agent,428,first,win,NO_BENCH,23,5,6
BASELINE,tb_ded5c6a6_zoli800_top-dragapult-ex-tempo-control-agent,429,second,win,PRIZES,131,0,5
BASELINE,tb_ded5c6a6_zoli800_top-dragapult-ex-tempo-control-agent,430,first,win,PRIZES,151,0,4
BASELINE,tb_ded5c6a6_zoli800_top-dragapult-ex-tempo-control-agent,431,second,loss,PRIZES,174,1,0
BASELINE,tb_ded5c6a6_zoli800_top-dragapult-ex-tempo-control-agent,432,first,win,PRIZES,146,0,1
BASELINE,tb_ded5c6a6_zoli800_top-dragapult-ex-tempo-control-agent,434,first,win,NO_BENCH,35,5,6
BASELINE,tb_ded5c6a6_zoli800_top-dragapult-ex-tempo-control-agent,433,second,win,PRIZES,152,0,5
BASELINE,tb_ded5c6a6_zoli800_top-dragapult-ex-tempo-control-agent,435,second,win,PRIZES,113,0,6
BASELINE,tb_ded5c6a6_zoli800_top-dragapult-ex-tempo-control-agent,436,first,win,PRIZES,132,0,6
BASELINE,tb_ded5c6a6_zoli800_top-dragapult-ex-tempo-control-agent,437,second,win,PRIZES,93,0,6
BASELINE,tb_ded5c6a6_zoli800_top-dragapult-ex-tempo-control-agent,438,first,win,PRIZES,171,0,2
BASELINE,tb_ded5c6a6_zoli800_top-dragapult-ex-tempo-control-agent,439,second,win,NO_BENCH,23,5,6
BASELINE,tb_ded5c6a6_zoli800_top-dragapult-ex-tempo-control-agent,440,first,win,PRIZES,158,0,5
BASELINE,tb_ded5c6a6_zoli800_top-dragapult-ex-tempo-control-agent,441,second,win,NO_BENCH,91,1,6
BASELINE,tb_ded5c6a6_zoli800_top-dragapult-ex-tempo-control-agent,442,first,loss,PRIZES,196,2,0
BASELINE,tb_ded5c6a6_zoli800_top-dragapult-ex-tempo-control-agent,444,first,win,PRIZES,147,0,5
BASELINE,tb_ded5c6a6_zoli800_top-dragapult-ex-tempo-control-agent,443,second,win,PRIZES,168,0,5
BASELINE,tb_ded5c6a6_zoli800_top-dragapult-ex-tempo-control-agent,445,second,win,PRIZES,148,0,3
BASELINE,tb_ded5c6a6_zoli800_top-dragapult-ex-tempo-control-agent,446,first,win,PRIZES,113,0,6
BASELINE,tb_ded5c6a6_zoli800_top-dragapult-ex-tempo-control-agent,447,second,loss,PRIZES,152,3,0
BASELINE,tb_ded5c6a6_zoli800_top-dragapult-ex-tempo-control-agent,448,first,loss,PRIZES,153,4,0
BASELINE,tb_ded5c6a6_zoli800_top-dragapult-ex-tempo-control-agent,449,second,win,PRIZES,112,0,6
BASELINE,tb_ded5c6a6_zoli800_top-dragapult-ex-tempo-control-agent,450,first,win,PRIZES,136,0,6
BASELINE,tb_ded5c6a6_zoli800_top-dragapult-ex-tempo-control-agent,451,second,win,PRIZES,150,0,1
BASELINE,tb_ded5c6a6_zoli800_top-dragapult-ex-tempo-control-agent,452,first,win,PRIZES,111,0,6
BASELINE,tb_ded5c6a6_zoli800_top-dragapult-ex-tempo-control-agent,453,second,win,PRIZES,131,0,6
BASELINE,tb_ded5c6a6_zoli800_top-dragapult-ex-tempo-control-agent,454,first,win,PRIZES,95,0,6
BASELINE,tb_ded5c6a6_zoli800_top-dragapult-ex-tempo-control-agent,455,second,win,PRIZES,107,0,6
BASELINE,tb_ded5c6a6_zoli800_top-dragapult-ex-tempo-control-agent,456,first,win,PRIZES,157,0,6
BASELINE,tb_ded5c6a6_zoli800_top-dragapult-ex-tempo-control-agent,458,first,win,PRIZES,101,0,5
BASELINE,tb_ded5c6a6_zoli800_top-dragapult-ex-tempo-control-agent,457,second,win,PRIZES,158,0,6
BASELINE,tb_ded5c6a6_zoli800_top-dragapult-ex-tempo-control-agent,459,second,win,PRIZES,152,0,2
BASELINE,tb_ded5c6a6_zoli800_top-dragapult-ex-tempo-control-agent,460,first,win,PRIZES,94,0,6
BASELINE,tb_ded5c6a6_zoli800_top-dragapult-ex-tempo-control-agent,461,second,win,PRIZES,117,0,6
BASELINE,tb_ded5c6a6_zoli800_top-dragapult-ex-tempo-control-agent,462,first,win,PRIZES,126,0,6
BASELINE,tb_ded5c6a6_zoli800_top-dragapult-ex-tempo-control-agent,464,first,win,NO_BENCH,21,5,6
BASELINE,tb_ded5c6a6_zoli800_top-dragapult-ex-tempo-control-agent,463,second,win,PRIZES,150,0,4
BASELINE,tb_ded5c6a6_zoli800_top-dragapult-ex-tempo-control-agent,465,second,win,PRIZES,108,0,6
BASELINE,tb_ded5c6a6_zoli800_top-dragapult-ex-tempo-control-agent,467,second,win,NO_BENCH,19,5,6
BASELINE,tb_ded5c6a6_zoli800_top-dragapult-ex-tempo-control-agent,466,first,win,PRIZES,165,0,5
BASELINE,tb_ded5c6a6_zoli800_top-dragapult-ex-tempo-control-agent,468,first,win,PRIZES,158,0,6
BASELINE,tb_ded5c6a6_zoli800_top-dragapult-ex-tempo-control-agent,469,second,win,PRIZES,171,0,1
BASELINE,tb_ded5c6a6_zoli800_top-dragapult-ex-tempo-control-agent,470,first,win,PRIZES,102,0,6
BASELINE,tb_ded5c6a6_zoli800_top-dragapult-ex-tempo-control-agent,471,second,win,PRIZES,118,0,6
BASELINE,tb_ded5c6a6_zoli800_top-dragapult-ex-tempo-control-agent,472,first,win,PRIZES,155,0,4
BASELINE,tb_ded5c6a6_zoli800_top-dragapult-ex-tempo-control-agent,473,second,win,PRIZES,171,0,3
BASELINE,tb_ded5c6a6_zoli800_top-dragapult-ex-tempo-control-agent,474,first,win,PRIZES,128,0,6
BASELINE,tb_ded5c6a6_zoli800_top-dragapult-ex-tempo-control-agent,476,first,win,PRIZES,121,0,4
BASELINE,tb_ded5c6a6_zoli800_top-dragapult-ex-tempo-control-agent,475,second,win,PRIZES,137,0,5
BASELINE,tb_ded5c6a6_zoli800_top-dragapult-ex-tempo-control-agent,477,second,win,NO_BENCH,16,5,6
BASELINE,tb_ded5c6a6_zoli800_top-dragapult-ex-tempo-control-agent,478,first,loss,PRIZES,158,4,0
BASELINE,tb_ded5c6a6_zoli800_top-dragapult-ex-tempo-control-agent,480,first,win,PRIZES,168,0,2
BASELINE,tb_ded5c6a6_zoli800_top-dragapult-ex-tempo-control-agent,479,second,loss,PRIZES,165,4,0
BASELINE,tb_ded5c6a6_zoli800_top-dragapult-ex-tempo-control-agent,483,second,win,PRIZES,137,0,6
BASELINE,tb_ded5c6a6_zoli800_top-dragapult-ex-tempo-control-agent,481,second,win,PRIZES,138,0,4
BASELINE,tb_ded5c6a6_zoli800_top-dragapult-ex-tempo-control-agent,482,first,win,PRIZES,151,0,5
BASELINE,tb_ded5c6a6_zoli800_top-dragapult-ex-tempo-control-agent,484,first,win,PRIZES,113,0,2
BASELINE,tb_ded5c6a6_zoli800_top-dragapult-ex-tempo-control-agent,486,first,win,PRIZES,118,0,5
BASELINE,tb_ded5c6a6_zoli800_top-dragapult-ex-tempo-control-agent,485,second,win,PRIZES,131,0,4
BASELINE,tb_ded5c6a6_zoli800_top-dragapult-ex-tempo-control-agent,489,second,win,NO_BENCH,50,3,6
BASELINE,tb_ded5c6a6_zoli800_top-dragapult-ex-tempo-control-agent,488,first,win,PRIZES,144,0,5
BASELINE,tb_ded5c6a6_zoli800_top-dragapult-ex-tempo-control-agent,487,second,win,PRIZES,146,0,4
BASELINE,tb_ded5c6a6_zoli800_top-dragapult-ex-tempo-control-agent,490,first,loss,PRIZES,149,1,0
BASELINE,tb_ded5c6a6_zoli800_top-dragapult-ex-tempo-control-agent,491,second,win,PRIZES,155,0,5
BASELINE,tb_ded5c6a6_zoli800_top-dragapult-ex-tempo-control-agent,492,first,win,PRIZES,164,0,3
BASELINE,tb_ded5c6a6_zoli800_top-dragapult-ex-tempo-control-agent,493,second,win,PRIZES,111,0,1
BASELINE,tb_ded5c6a6_zoli800_top-dragapult-ex-tempo-control-agent,494,first,win,PRIZES,142,0,6
BASELINE,tb_ded5c6a6_zoli800_top-dragapult-ex-tempo-control-agent,495,second,win,PRIZES,165,0,1
BASELINE,tb_ded5c6a6_zoli800_top-dragapult-ex-tempo-control-agent,496,first,win,PRIZES,183,0,3
BASELINE,tb_ded5c6a6_zoli800_top-dragapult-ex-tempo-control-agent,497,second,win,PRIZES,113,0,6
BASELINE,tb_ded5c6a6_zoli800_top-dragapult-ex-tempo-control-agent,498,first,win,PRIZES,131,0,6
BASELINE,tb_ded5c6a6_zoli800_top-dragapult-ex-tempo-control-agent,500,first,loss,PRIZES,137,3,0
BASELINE,tb_ded5c6a6_zoli800_top-dragapult-ex-tempo-control-agent,501,second,win,PRIZES,113,0,6
BASELINE,tb_ded5c6a6_zoli800_top-dragapult-ex-tempo-control-agent,499,second,win,PRIZES,169,0,4
BASELINE,tb_ded5c6a6_zoli800_top-dragapult-ex-tempo-control-agent,503,second,win,NO_BENCH,21,5,6
BASELINE,tb_ded5c6a6_zoli800_top-dragapult-ex-tempo-control-agent,502,first,win,NO_BENCH,34,5,6
BASELINE,tb_ded5c6a6_zoli800_top-dragapult-ex-tempo-control-agent,504,first,win,PRIZES,191,0,3
BASELINE,tb_ded5c6a6_zoli800_top-dragapult-ex-tempo-control-agent,505,second,win,PRIZES,126,0,6
BASELINE,tb_ded5c6a6_zoli800_top-dragapult-ex-tempo-control-agent,506,first,loss,PRIZES,149,3,0
BASELINE,tb_ded5c6a6_zoli800_top-dragapult-ex-tempo-control-agent,507,second,win,PRIZES,138,0,5
BASELINE,tb_ded5c6a6_zoli800_top-dragapult-ex-tempo-control-agent,508,first,win,PRIZES,113,0,5
BASELINE,tb_ded5c6a6_zoli800_top-dragapult-ex-tempo-control-agent,509,second,win,PRIZES,187,0,6
BASELINE,tb_ded5c6a6_zoli800_top-dragapult-ex-tempo-control-agent,510,first,win,PRIZES,98,0,6
BASELINE,tb_ded5c6a6_zoli800_top-dragapult-ex-tempo-control-agent,511,second,win,PRIZES,105,0,6
BASELINE,tb_ded5c6a6_zoli800_top-dragapult-ex-tempo-control-agent,512,first,loss,PRIZES,179,2,0
BASELINE,tb_ded5c6a6_zoli800_top-dragapult-ex-tempo-control-agent,513,second,win,PRIZES,162,0,2
BASELINE,tb_ded5c6a6_zoli800_top-dragapult-ex-tempo-control-agent,514,first,win,PRIZES,179,0,5
BASELINE,tb_ded5c6a6_zoli800_top-dragapult-ex-tempo-control-agent,515,second,loss,PRIZES,129,2,0
BASELINE,tb_ded5c6a6_zoli800_top-dragapult-ex-tempo-control-agent,516,first,win,NO_BENCH,59,4,6
BASELINE,tb_ded5c6a6_zoli800_top-dragapult-ex-tempo-control-agent,517,second,win,PRIZES,136,0,6
BASELINE,tb_ded5c6a6_zoli800_top-dragapult-ex-tempo-control-agent,519,second,win,PRIZES,149,0,6
BASELINE,tb_ded5c6a6_zoli800_top-dragapult-ex-tempo-control-agent,518,first,win,PRIZES,206,0,1
BASELINE,tb_ded5c6a6_zoli800_top-dragapult-ex-tempo-control-agent,520,first,win,PRIZES,161,0,2
BASELINE,tb_ded5c6a6_zoli800_top-dragapult-ex-tempo-control-agent,521,second,win,PRIZES,121,0,6
BASELINE,tb_ded5c6a6_zoli800_top-dragapult-ex-tempo-control-agent,522,first,win,PRIZES,118,0,6
BASELINE,tb_ded5c6a6_zoli800_top-dragapult-ex-tempo-control-agent,524,first,win,PRIZES,117,0,6
BASELINE,tb_ded5c6a6_zoli800_top-dragapult-ex-tempo-control-agent,523,second,win,PRIZES,153,0,4
BASELINE,tb_ded5c6a6_zoli800_top-dragapult-ex-tempo-control-agent,525,second,win,PRIZES,137,0,4
BASELINE,tb_ded5c6a6_zoli800_top-dragapult-ex-tempo-control-agent,528,first,win,NO_BENCH,44,5,6
BASELINE,tb_ded5c6a6_zoli800_top-dragapult-ex-tempo-control-agent,526,first,win,PRIZES,139,0,4
BASELINE,tb_ded5c6a6_zoli800_top-dragapult-ex-tempo-control-agent,527,second,loss,PRIZES,174,2,0
BASELINE,tb_ded5c6a6_zoli800_top-dragapult-ex-tempo-control-agent,529,second,loss,PRIZES,143,6,0
BASELINE,tb_ded5c6a6_zoli800_top-dragapult-ex-tempo-control-agent,530,first,win,PRIZES,118,0,6
BASELINE,tb_ded5c6a6_zoli800_top-dragapult-ex-tempo-control-agent,531,second,win,PRIZES,162,0,6
BASELINE,tb_ded5c6a6_zoli800_top-dragapult-ex-tempo-control-agent,532,first,win,NO_BENCH,72,4,5
BASELINE,tb_ded5c6a6_zoli800_top-dragapult-ex-tempo-control-agent,534,first,win,NO_BENCH,73,2,6
BASELINE,tb_ded5c6a6_zoli800_top-dragapult-ex-tempo-control-agent,533,second,win,PRIZES,125,0,6
BASELINE,tb_ded5c6a6_zoli800_top-dragapult-ex-tempo-control-agent,535,second,win,PRIZES,147,0,3
BASELINE,tb_ded5c6a6_zoli800_top-dragapult-ex-tempo-control-agent,537,second,win,PRIZES,135,0,3
BASELINE,tb_ded5c6a6_zoli800_top-dragapult-ex-tempo-control-agent,536,first,loss,PRIZES,167,2,0
BASELINE,tb_ded5c6a6_zoli800_top-dragapult-ex-tempo-control-agent,538,first,loss,PRIZES,134,6,0
BASELINE,tb_ded5c6a6_zoli800_top-dragapult-ex-tempo-control-agent,539,second,loss,NO_BENCH,68,4,2
BASELINE,tb_ded5c6a6_zoli800_top-dragapult-ex-tempo-control-agent,540,first,win,PRIZES,123,0,6
BASELINE,tb_ded5c6a6_zoli800_top-dragapult-ex-tempo-control-agent,542,first,win,NO_BENCH,88,3,6
BASELINE,tb_ded5c6a6_zoli800_top-dragapult-ex-tempo-control-agent,541,second,win,PRIZES,143,0,1
BASELINE,tb_ded5c6a6_zoli800_top-dragapult-ex-tempo-control-agent,543,second,win,PRIZES,131,0,1
BASELINE,tb_ded5c6a6_zoli800_top-dragapult-ex-tempo-control-agent,545,second,win,NO_BENCH,50,4,6
BASELINE,tb_ded5c6a6_zoli800_top-dragapult-ex-tempo-control-agent,544,first,win,PRIZES,110,0,6
BASELINE,tb_ded5c6a6_zoli800_top-dragapult-ex-tempo-control-agent,546,first,win,PRIZES,122,0,6
BASELINE,tb_ded5c6a6_zoli800_top-dragapult-ex-tempo-control-agent,547,second,win,PRIZES,129,0,5
BASELINE,tb_ded5c6a6_zoli800_top-dragapult-ex-tempo-control-agent,548,first,win,PRIZES,142,0,4
BASELINE,tb_ded5c6a6_zoli800_top-dragapult-ex-tempo-control-agent,549,second,win,PRIZES,108,0,6
BASELINE,tb_ded5c6a6_zoli800_top-dragapult-ex-tempo-control-agent,551,second,win,PRIZES,114,0,6
BASELINE,tb_ded5c6a6_zoli800_top-dragapult-ex-tempo-control-agent,550,first,win,PRIZES,119,0,6
BASELINE,tb_ded5c6a6_zoli800_top-dragapult-ex-tempo-control-agent,552,first,win,PRIZES,170,0,4
BASELINE,tb_ded5c6a6_zoli800_top-dragapult-ex-tempo-control-agent,553,second,win,PRIZES,118,0,4
BASELINE,tb_ded5c6a6_zoli800_top-dragapult-ex-tempo-control-agent,554,first,win,PRIZES,160,0,2
BASELINE,tb_ded5c6a6_zoli800_top-dragapult-ex-tempo-control-agent,555,second,loss,PRIZES,152,6,0
BASELINE,tb_ded5c6a6_zoli800_top-dragapult-ex-tempo-control-agent,556,first,win,PRIZES,166,0,2
BASELINE,tb_ded5c6a6_zoli800_top-dragapult-ex-tempo-control-agent,557,second,win,PRIZES,181,0,4
BASELINE,tb_ded5c6a6_zoli800_top-dragapult-ex-tempo-control-agent,558,first,loss,PRIZES,182,1,0
BASELINE,tb_ded5c6a6_zoli800_top-dragapult-ex-tempo-control-agent,559,second,win,PRIZES,123,0,6
BASELINE,tb_ded5c6a6_zoli800_top-dragapult-ex-tempo-control-agent,560,first,win,PRIZES,146,0,2
BASELINE,tb_ded5c6a6_zoli800_top-dragapult-ex-tempo-control-agent,561,second,win,PRIZES,165,0,5
BASELINE,tb_ded5c6a6_zoli800_top-dragapult-ex-tempo-control-agent,562,first,win,PRIZES,111,0,6
BASELINE,tb_ded5c6a6_zoli800_top-dragapult-ex-tempo-control-agent,563,second,win,PRIZES,114,0,6
BASELINE,tb_ded5c6a6_zoli800_top-dragapult-ex-tempo-control-agent,564,first,loss,PRIZES,167,2,0
BASELINE,tb_ded5c6a6_zoli800_top-dragapult-ex-tempo-control-agent,565,second,win,PRIZES,156,0,4
BASELINE,tb_ded5c6a6_zoli800_top-dragapult-ex-tempo-control-agent,566,first,win,PRIZES,122,0,6
BASELINE,tb_ded5c6a6_zoli800_top-dragapult-ex-tempo-control-agent,567,second,win,PRIZES,148,0,5
BASELINE,tb_ded5c6a6_zoli800_top-dragapult-ex-tempo-control-agent,568,first,win,PRIZES,95,0,6
BASELINE,tb_ded5c6a6_zoli800_top-dragapult-ex-tempo-control-agent,569,second,win,PRIZES,166,0,2
BASELINE,tb_ded5c6a6_zoli800_top-dragapult-ex-tempo-control-agent,570,first,win,NO_BENCH,62,3,6
BASELINE,tb_ded5c6a6_zoli800_top-dragapult-ex-tempo-control-agent,571,second,win,PRIZES,133,0,5
BASELINE,tb_ded5c6a6_zoli800_top-dragapult-ex-tempo-control-agent,572,first,win,NO_BENCH,83,1,6
BASELINE,tb_ded5c6a6_zoli800_top-dragapult-ex-tempo-control-agent,573,second,win,PRIZES,154,0,6
BASELINE,tb_ded5c6a6_zoli800_top-dragapult-ex-tempo-control-agent,575,second,win,NO_BENCH,65,3,6
BASELINE,tb_ded5c6a6_zoli800_top-dragapult-ex-tempo-control-agent,574,first,win,PRIZES,138,0,5
BASELINE,tb_ded5c6a6_zoli800_top-dragapult-ex-tempo-control-agent,576,first,win,PRIZES,141,0,6
BASELINE,tb_ded5c6a6_zoli800_top-dragapult-ex-tempo-control-agent,577,second,win,PRIZES,124,0,6
BASELINE,tb_ded5c6a6_zoli800_top-dragapult-ex-tempo-control-agent,578,first,win,PRIZES,163,0,1
BASELINE,tb_ded5c6a6_zoli800_top-dragapult-ex-tempo-control-agent,579,second,loss,PRIZES,178,3,0
BASELINE,tb_ded5c6a6_zoli800_top-dragapult-ex-tempo-control-agent,581,second,loss,NO_BENCH,62,6,4
BASELINE,tb_ded5c6a6_zoli800_top-dragapult-ex-tempo-control-agent,580,first,win,PRIZES,117,0,6
BASELINE,tb_ded5c6a6_zoli800_top-dragapult-ex-tempo-control-agent,582,first,win,NO_BENCH,93,1,6
BASELINE,tb_ded5c6a6_zoli800_top-dragapult-ex-tempo-control-agent,583,second,win,PRIZES,136,0,4
BASELINE,tb_ded5c6a6_zoli800_top-dragapult-ex-tempo-control-agent,584,first,win,PRIZES,117,0,2
BASELINE,tb_ded5c6a6_zoli800_top-dragapult-ex-tempo-control-agent,585,second,win,PRIZES,107,0,6
BASELINE,tb_ded5c6a6_zoli800_top-dragapult-ex-tempo-control-agent,587,second,win,NO_BENCH,18,5,6
BASELINE,tb_ded5c6a6_zoli800_top-dragapult-ex-tempo-control-agent,586,first,loss,PRIZES,179,2,0
BASELINE,tb_ded5c6a6_zoli800_top-dragapult-ex-tempo-control-agent,588,first,win,PRIZES,106,0,6
BASELINE,tb_ded5c6a6_zoli800_top-dragapult-ex-tempo-control-agent,589,second,win,PRIZES,133,0,6
BASELINE,tb_ded5c6a6_zoli800_top-dragapult-ex-tempo-control-agent,590,first,loss,PRIZES,172,4,0
BASELINE,tb_ded5c6a6_zoli800_top-dragapult-ex-tempo-control-agent,591,second,win,PRIZES,129,0,6
BASELINE,tb_ded5c6a6_zoli800_top-dragapult-ex-tempo-control-agent,592,first,win,PRIZES,142,0,6
BASELINE,tb_ded5c6a6_zoli800_top-dragapult-ex-tempo-control-agent,594,first,win,NO_BENCH,35,5,6
BASELINE,tb_ded5c6a6_zoli800_top-dragapult-ex-tempo-control-agent,593,second,win,PRIZES,104,0,6
BASELINE,tb_ded5c6a6_zoli800_top-dragapult-ex-tempo-control-agent,595,second,win,PRIZES,128,0,6
BASELINE,tb_ded5c6a6_zoli800_top-dragapult-ex-tempo-control-agent,596,first,win,PRIZES,95,0,6
BASELINE,tb_ded5c6a6_zoli800_top-dragapult-ex-tempo-control-agent,597,second,win,PRIZES,134,0,4
BASELINE,tb_ded5c6a6_zoli800_top-dragapult-ex-tempo-control-agent,599,second,win,PRIZES,103,0,6
BASELINE,tb_ded5c6a6_zoli800_top-dragapult-ex-tempo-control-agent,598,first,win,PRIZES,148,0,4
CHAMPION,tb_567ea9be_llccqq624_ptcg-alakazam-marniebelief-0723-a,1,second,loss,NO_BENCH,25,6,5
CHAMPION,tb_567ea9be_llccqq624_ptcg-alakazam-marniebelief-0723-a,2,first,win,PRIZES,120,0,6
CHAMPION,tb_567ea9be_llccqq624_ptcg-alakazam-marniebelief-0723-a,0,first,win,PRIZES,174,0,4
CHAMPION,tb_567ea9be_llccqq624_ptcg-alakazam-marniebelief-0723-a,4,first,loss,NO_BENCH,73,5,2
CHAMPION,tb_567ea9be_llccqq624_ptcg-alakazam-marniebelief-0723-a,3,second,loss,PRIZES,162,2,0
CHAMPION,tb_567ea9be_llccqq624_ptcg-alakazam-marniebelief-0723-a,5,second,win,PRIZES,174,0,5
CHAMPION,tb_567ea9be_llccqq624_ptcg-alakazam-marniebelief-0723-a,6,first,loss,PRIZES,139,3,0
CHAMPION,tb_567ea9be_llccqq624_ptcg-alakazam-marniebelief-0723-a,7,second,win,PRIZES,160,0,2
CHAMPION,tb_567ea9be_llccqq624_ptcg-alakazam-marniebelief-0723-a,8,first,win,PRIZES,146,0,4
CHAMPION,tb_567ea9be_llccqq624_ptcg-alakazam-marniebelief-0723-a,10,first,win,PRIZES,120,0,3
CHAMPION,tb_567ea9be_llccqq624_ptcg-alakazam-marniebelief-0723-a,11,second,win,PRIZES,143,0,4
CHAMPION,tb_567ea9be_llccqq624_ptcg-alakazam-marniebelief-0723-a,9,second,loss,PRIZES,159,2,0
CHAMPION,tb_567ea9be_llccqq624_ptcg-alakazam-marniebelief-0723-a,12,first,loss,PRIZES,163,3,0
CHAMPION,tb_567ea9be_llccqq624_ptcg-alakazam-marniebelief-0723-a,13,second,loss,PRIZES,159,2,0
CHAMPION,tb_567ea9be_llccqq624_ptcg-alakazam-marniebelief-0723-a,14,first,loss,PRIZES,131,3,0
CHAMPION,tb_567ea9be_llccqq624_ptcg-alakazam-marniebelief-0723-a,16,first,loss,PRIZES,99,3,0
CHAMPION,tb_567ea9be_llccqq624_ptcg-alakazam-marniebelief-0723-a,15,second,loss,PRIZES,174,1,0
CHAMPION,tb_567ea9be_llccqq624_ptcg-alakazam-marniebelief-0723-a,18,first,win,NO_BENCH,90,3,6
CHAMPION,tb_567ea9be_llccqq624_ptcg-alakazam-marniebelief-0723-a,17,second,loss,PRIZES,136,2,0
CHAMPION,tb_567ea9be_llccqq624_ptcg-alakazam-marniebelief-0723-a,20,first,win,PRIZES,145,0,2
CHAMPION,tb_567ea9be_llccqq624_ptcg-alakazam-marniebelief-0723-a,21,second,win,PRIZES,145,0,5
CHAMPION,tb_567ea9be_llccqq624_ptcg-alakazam-marniebelief-0723-a,19,second,win,PRIZES,157,0,2
CHAMPION,tb_567ea9be_llccqq624_ptcg-alakazam-marniebelief-0723-a,24,first,win,NO_BENCH,76,3,6
CHAMPION,tb_567ea9be_llccqq624_ptcg-alakazam-marniebelief-0723-a,22,first,win,NO_BENCH,103,2,5
CHAMPION,tb_567ea9be_llccqq624_ptcg-alakazam-marniebelief-0723-a,23,second,win,PRIZES,149,0,5
CHAMPION,tb_567ea9be_llccqq624_ptcg-alakazam-marniebelief-0723-a,26,first,loss,PRIZES,138,3,0
CHAMPION,tb_567ea9be_llccqq624_ptcg-alakazam-marniebelief-0723-a,25,second,win,PRIZES,156,0,1
CHAMPION,tb_567ea9be_llccqq624_ptcg-alakazam-marniebelief-0723-a,29,second,loss,PRIZES,99,3,0
CHAMPION,tb_567ea9be_llccqq624_ptcg-alakazam-marniebelief-0723-a,27,second,win,PRIZES,145,0,6
CHAMPION,tb_567ea9be_llccqq624_ptcg-alakazam-marniebelief-0723-a,28,first,win,PRIZES,163,0,1
CHAMPION,tb_567ea9be_llccqq624_ptcg-alakazam-marniebelief-0723-a,31,second,loss,PRIZES,130,4,0
CHAMPION,tb_567ea9be_llccqq624_ptcg-alakazam-marniebelief-0723-a,32,first,win,PRIZES,167,0,1
CHAMPION,tb_567ea9be_llccqq624_ptcg-alakazam-marniebelief-0723-a,30,first,win,DECKOUT,177,1,1
CHAMPION,tb_567ea9be_llccqq624_ptcg-alakazam-marniebelief-0723-a,33,second,loss,PRIZES,144,2,0
CHAMPION,tb_567ea9be_llccqq624_ptcg-alakazam-marniebelief-0723-a,34,first,win,PRIZES,167,0,1
CHAMPION,tb_567ea9be_llccqq624_ptcg-alakazam-marniebelief-0723-a,35,second,win,PRIZES,155,0,3
CHAMPION,tb_567ea9be_llccqq624_ptcg-alakazam-marniebelief-0723-a,36,first,win,PRIZES,126,0,4
CHAMPION,tb_567ea9be_llccqq624_ptcg-alakazam-marniebelief-0723-a,39,second,win,NO_BENCH,24,6,6
CHAMPION,tb_567ea9be_llccqq624_ptcg-alakazam-marniebelief-0723-a,38,first,loss,NO_BENCH,57,6,4
CHAMPION,tb_567ea9be_llccqq624_ptcg-alakazam-marniebelief-0723-a,41,second,loss,NO_BENCH,84,6,1
CHAMPION,tb_567ea9be_llccqq624_ptcg-alakazam-marniebelief-0723-a,37,second,win,PRIZES,155,0,6
CHAMPION,tb_567ea9be_llccqq624_ptcg-alakazam-marniebelief-0723-a,40,first,loss,PRIZES,131,3,0
CHAMPION,tb_567ea9be_llccqq624_ptcg-alakazam-marniebelief-0723-a,42,first,win,NO_BENCH,126,1,6
CHAMPION,tb_567ea9be_llccqq624_ptcg-alakazam-marniebelief-0723-a,43,second,win,PRIZES,166,0,4
CHAMPION,tb_567ea9be_llccqq624_ptcg-alakazam-marniebelief-0723-a,44,first,loss,PRIZES,165,1,0
CHAMPION,tb_567ea9be_llccqq624_ptcg-alakazam-marniebelief-0723-a,45,second,win,PRIZES,163,0,4
CHAMPION,tb_567ea9be_llccqq624_ptcg-alakazam-marniebelief-0723-a,48,first,win,NO_BENCH,80,3,6
CHAMPION,tb_567ea9be_llccqq624_ptcg-alakazam-marniebelief-0723-a,46,first,loss,PRIZES,139,4,0
CHAMPION,tb_567ea9be_llccqq624_ptcg-alakazam-marniebelief-0723-a,47,second,win,PRIZES,137,0,5
CHAMPION,tb_567ea9be_llccqq624_ptcg-alakazam-marniebelief-0723-a,50,first,win,PRIZES,148,0,6
CHAMPION,tb_567ea9be_llccqq624_ptcg-alakazam-marniebelief-0723-a,49,second,loss,PRIZES,162,1,0
CHAMPION,tb_567ea9be_llccqq624_ptcg-alakazam-marniebelief-0723-a,51,second,loss,PRIZES,132,2,0
CHAMPION,tb_567ea9be_llccqq624_ptcg-alakazam-marniebelief-0723-a,53,second,loss,PRIZES,136,3,0
CHAMPION,tb_567ea9be_llccqq624_ptcg-alakazam-marniebelief-0723-a,52,first,loss,PRIZES,148,1,0
CHAMPION,tb_567ea9be_llccqq624_ptcg-alakazam-marniebelief-0723-a,54,first,win,PRIZES,144,0,2
CHAMPION,tb_567ea9be_llccqq624_ptcg-alakazam-marniebelief-0723-a,56,first,win,PRIZES,139,0,2
CHAMPION,tb_567ea9be_llccqq624_ptcg-alakazam-marniebelief-0723-a,55,second,loss,NO_BENCH,64,6,4
CHAMPION,tb_567ea9be_llccqq624_ptcg-alakazam-marniebelief-0723-a,59,second,win,NO_BENCH,87,2,6
CHAMPION,tb_567ea9be_llccqq624_ptcg-alakazam-marniebelief-0723-a,57,second,win,PRIZES,169,0,1
CHAMPION,tb_567ea9be_llccqq624_ptcg-alakazam-marniebelief-0723-a,58,first,loss,PRIZES,147,2,0
CHAMPION,tb_567ea9be_llccqq624_ptcg-alakazam-marniebelief-0723-a,60,first,win,PRIZES,144,0,3
CHAMPION,tb_567ea9be_llccqq624_ptcg-alakazam-marniebelief-0723-a,61,second,win,PRIZES,159,0,3
CHAMPION,tb_567ea9be_llccqq624_ptcg-alakazam-marniebelief-0723-a,62,first,loss,PRIZES,81,6,0
CHAMPION,tb_567ea9be_llccqq624_ptcg-alakazam-marniebelief-0723-a,64,first,win,PRIZES,146,0,6
CHAMPION,tb_567ea9be_llccqq624_ptcg-alakazam-marniebelief-0723-a,63,second,win,DECKOUT,156,1,5
CHAMPION,tb_567ea9be_llccqq624_ptcg-alakazam-marniebelief-0723-a,65,second,loss,PRIZES,81,4,0
CHAMPION,tb_567ea9be_llccqq624_ptcg-alakazam-marniebelief-0723-a,66,first,win,PRIZES,157,0,1
CHAMPION,tb_567ea9be_llccqq624_ptcg-alakazam-marniebelief-0723-a,68,first,loss,PRIZES,158,1,0
CHAMPION,tb_567ea9be_llccqq624_ptcg-alakazam-marniebelief-0723-a,67,second,loss,PRIZES,162,1,0
CHAMPION,tb_567ea9be_llccqq624_ptcg-alakazam-marniebelief-0723-a,69,second,win,NO_BENCH,128,1,6
CHAMPION,tb_567ea9be_llccqq624_ptcg-alakazam-marniebelief-0723-a,71,second,loss,PRIZES,165,1,0
CHAMPION,tb_567ea9be_llccqq624_ptcg-alakazam-marniebelief-0723-a,70,first,win,DECKOUT,162,3,6
CHAMPION,tb_567ea9be_llccqq624_ptcg-alakazam-marniebelief-0723-a,74,first,win,NO_BENCH,108,1,6
CHAMPION,tb_567ea9be_llccqq624_ptcg-alakazam-marniebelief-0723-a,75,second,win,NO_BENCH,31,4,6
CHAMPION,tb_567ea9be_llccqq624_ptcg-alakazam-marniebelief-0723-a,72,first,win,PRIZES,172,0,6
CHAMPION,tb_567ea9be_llccqq624_ptcg-alakazam-marniebelief-0723-a,76,first,win,PRIZES,114,0,6
CHAMPION,tb_567ea9be_llccqq624_ptcg-alakazam-marniebelief-0723-a,73,second,loss,PRIZES,126,1,0
CHAMPION,tb_567ea9be_llccqq624_ptcg-alakazam-marniebelief-0723-a,79,second,win,PRIZES,136,0,6
CHAMPION,tb_567ea9be_llccqq624_ptcg-alakazam-marniebelief-0723-a,78,first,loss,PRIZES,121,4,0
CHAMPION,tb_567ea9be_llccqq624_ptcg-alakazam-marniebelief-0723-a,77,second,win,PRIZES,159,0,4
CHAMPION,tb_567ea9be_llccqq624_ptcg-alakazam-marniebelief-0723-a,80,first,win,PRIZES,158,0,6
CHAMPION,tb_567ea9be_llccqq624_ptcg-alakazam-marniebelief-0723-a,82,first,loss,PRIZES,107,6,0
CHAMPION,tb_567ea9be_llccqq624_ptcg-alakazam-marniebelief-0723-a,81,second,loss,PRIZES,135,4,0
CHAMPION,tb_567ea9be_llccqq624_ptcg-alakazam-marniebelief-0723-a,83,second,loss,PRIZES,191,1,0
CHAMPION,tb_567ea9be_llccqq624_ptcg-alakazam-marniebelief-0723-a,84,first,win,PRIZES,150,0,1
CHAMPION,tb_567ea9be_llccqq624_ptcg-alakazam-marniebelief-0723-a,85,second,loss,PRIZES,145,1,0
CHAMPION,tb_567ea9be_llccqq624_ptcg-alakazam-marniebelief-0723-a,88,first,win,NO_BENCH,60,4,6
CHAMPION,tb_567ea9be_llccqq624_ptcg-alakazam-marniebelief-0723-a,86,first,loss,PRIZES,131,1,0
CHAMPION,tb_567ea9be_llccqq624_ptcg-alakazam-marniebelief-0723-a,87,second,win,PRIZES,152,0,5
CHAMPION,tb_567ea9be_llccqq624_ptcg-alakazam-marniebelief-0723-a,90,first,loss,PRIZES,134,2,0
CHAMPION,tb_567ea9be_llccqq624_ptcg-alakazam-marniebelief-0723-a,89,second,loss,PRIZES,153,1,0
CHAMPION,tb_567ea9be_llccqq624_ptcg-alakazam-marniebelief-0723-a,91,second,win,PRIZES,174,0,3
CHAMPION,tb_567ea9be_llccqq624_ptcg-alakazam-marniebelief-0723-a,92,first,win,PRIZES,140,0,5
CHAMPION,tb_567ea9be_llccqq624_ptcg-alakazam-marniebelief-0723-a,93,second,win,PRIZES,137,0,4
CHAMPION,tb_567ea9be_llccqq624_ptcg-alakazam-marniebelief-0723-a,96,first,loss,NO_BENCH,63,6,2
CHAMPION,tb_567ea9be_llccqq624_ptcg-alakazam-marniebelief-0723-a,94,first,loss,PRIZES,158,2,0
CHAMPION,tb_567ea9be_llccqq624_ptcg-alakazam-marniebelief-0723-a,95,second,loss,PRIZES,123,3,0
CHAMPION,tb_567ea9be_llccqq624_ptcg-alakazam-marniebelief-0723-a,97,second,win,PRIZES,151,0,2
CHAMPION,tb_567ea9be_llccqq624_ptcg-alakazam-marniebelief-0723-a,99,second,loss,PRIZES,89,4,0
CHAMPION,tb_567ea9be_llccqq624_ptcg-alakazam-marniebelief-0723-a,100,first,win,PRIZES,135,0,6
CHAMPION,tb_567ea9be_llccqq624_ptcg-alakazam-marniebelief-0723-a,98,first,loss,PRIZES,179,2,0
CHAMPION,tb_567ea9be_llccqq624_ptcg-alakazam-marniebelief-0723-a,102,first,win,PRIZES,161,0,2
CHAMPION,tb_567ea9be_llccqq624_ptcg-alakazam-marniebelief-0723-a,101,second,loss,PRIZES,138,2,0
CHAMPION,tb_567ea9be_llccqq624_ptcg-alakazam-marniebelief-0723-a,105,second,win,NO_BENCH,110,1,6
CHAMPION,tb_567ea9be_llccqq624_ptcg-alakazam-marniebelief-0723-a,104,first,win,PRIZES,159,0,6
CHAMPION,tb_567ea9be_llccqq624_ptcg-alakazam-marniebelief-0723-a,103,second,win,PRIZES,160,0,6
CHAMPION,tb_567ea9be_llccqq624_ptcg-alakazam-marniebelief-0723-a,106,first,win,PRIZES,171,0,1
CHAMPION,tb_567ea9be_llccqq624_ptcg-alakazam-marniebelief-0723-a,107,second,loss,PRIZES,125,4,0
CHAMPION,tb_567ea9be_llccqq624_ptcg-alakazam-marniebelief-0723-a,110,first,win,NO_BENCH,20,5,6
CHAMPION,tb_567ea9be_llccqq624_ptcg-alakazam-marniebelief-0723-a,109,second,loss,PRIZES,128,4,0
CHAMPION,tb_567ea9be_llccqq624_ptcg-alakazam-marniebelief-0723-a,108,first,loss,PRIZES,122,5,0
CHAMPION,tb_567ea9be_llccqq624_ptcg-alakazam-marniebelief-0723-a,113,second,loss,PRIZES,96,5,0
CHAMPION,tb_567ea9be_llccqq624_ptcg-alakazam-marniebelief-0723-a,111,second,loss,PRIZES,153,1,0
CHAMPION,tb_567ea9be_llccqq624_ptcg-alakazam-marniebelief-0723-a,112,first,win,PRIZES,168,0,3
CHAMPION,tb_567ea9be_llccqq624_ptcg-alakazam-marniebelief-0723-a,114,first,win,PRIZES,146,0,2
CHAMPION,tb_567ea9be_llccqq624_ptcg-alakazam-marniebelief-0723-a,115,second,loss,PRIZES,161,1,0
CHAMPION,tb_567ea9be_llccqq624_ptcg-alakazam-marniebelief-0723-a,117,second,loss,PRIZES,158,4,0
CHAMPION,tb_567ea9be_llccqq624_ptcg-alakazam-marniebelief-0723-a,116,first,loss,PRIZES,123,3,0
CHAMPION,tb_567ea9be_llccqq624_ptcg-alakazam-marniebelief-0723-a,118,first,win,PRIZES,158,0,2
CHAMPION,tb_567ea9be_llccqq624_ptcg-alakazam-marniebelief-0723-a,119,second,win,PRIZES,135,0,2
CHAMPION,tb_567ea9be_llccqq624_ptcg-alakazam-marniebelief-0723-a,121,second,win,NO_BENCH,15,5,6
CHAMPION,tb_567ea9be_llccqq624_ptcg-alakazam-marniebelief-0723-a,122,first,win,NO_BENCH,90,2,6
CHAMPION,tb_567ea9be_llccqq624_ptcg-alakazam-marniebelief-0723-a,120,first,loss,PRIZES,137,4,0
CHAMPION,tb_567ea9be_llccqq624_ptcg-alakazam-marniebelief-0723-a,124,first,win,PRIZES,146,0,3
CHAMPION,tb_567ea9be_llccqq624_ptcg-alakazam-marniebelief-0723-a,123,second,loss,PRIZES,176,2,0
CHAMPION,tb_567ea9be_llccqq624_ptcg-alakazam-marniebelief-0723-a,126,first,loss,PRIZES,113,4,0
CHAMPION,tb_567ea9be_llccqq624_ptcg-alakazam-marniebelief-0723-a,128,first,win,NO_BENCH,104,1,6
CHAMPION,tb_567ea9be_llccqq624_ptcg-alakazam-marniebelief-0723-a,125,second,loss,PRIZES,158,3,0
CHAMPION,tb_567ea9be_llccqq624_ptcg-alakazam-marniebelief-0723-a,127,second,loss,PRIZES,112,4,0
CHAMPION,tb_567ea9be_llccqq624_ptcg-alakazam-marniebelief-0723-a,129,second,win,PRIZES,131,0,6
CHAMPION,tb_567ea9be_llccqq624_ptcg-alakazam-marniebelief-0723-a,130,first,loss,PRIZES,109,2,0
CHAMPION,tb_567ea9be_llccqq624_ptcg-alakazam-marniebelief-0723-a,131,second,win,PRIZES,147,0,3
CHAMPION,tb_567ea9be_llccqq624_ptcg-alakazam-marniebelief-0723-a,132,first,loss,PRIZES,114,3,0
CHAMPION,tb_567ea9be_llccqq624_ptcg-alakazam-marniebelief-0723-a,135,second,win,NO_BENCH,81,3,6
CHAMPION,tb_567ea9be_llccqq624_ptcg-alakazam-marniebelief-0723-a,133,second,loss,PRIZES,118,3,0
CHAMPION,tb_567ea9be_llccqq624_ptcg-alakazam-marniebelief-0723-a,137,second,loss,PRIZES,76,6,0
CHAMPION,tb_567ea9be_llccqq624_ptcg-alakazam-marniebelief-0723-a,134,first,win,PRIZES,171,0,5
CHAMPION,tb_567ea9be_llccqq624_ptcg-alakazam-marniebelief-0723-a,136,first,win,PRIZES,146,0,5
CHAMPION,tb_567ea9be_llccqq624_ptcg-alakazam-marniebelief-0723-a,139,second,loss,NO_BENCH,68,4,3
CHAMPION,tb_567ea9be_llccqq624_ptcg-alakazam-marniebelief-0723-a,138,first,win,PRIZES,142,0,3
CHAMPION,tb_567ea9be_llccqq624_ptcg-alakazam-marniebelief-0723-a,140,first,loss,PRIZES,144,2,0
CHAMPION,tb_567ea9be_llccqq624_ptcg-alakazam-marniebelief-0723-a,141,second,loss,PRIZES,152,1,0
CHAMPION,tb_567ea9be_llccqq624_ptcg-alakazam-marniebelief-0723-a,142,first,loss,PRIZES,127,2,0
CHAMPION,tb_567ea9be_llccqq624_ptcg-alakazam-marniebelief-0723-a,145,second,win,NO_BENCH,29,5,6
CHAMPION,tb_567ea9be_llccqq624_ptcg-alakazam-marniebelief-0723-a,143,second,loss,PRIZES,185,1,0
CHAMPION,tb_567ea9be_llccqq624_ptcg-alakazam-marniebelief-0723-a,144,first,loss,PRIZES,158,1,0
CHAMPION,tb_567ea9be_llccqq624_ptcg-alakazam-marniebelief-0723-a,146,first,loss,NO_BENCH,67,5,2
CHAMPION,tb_567ea9be_llccqq624_ptcg-alakazam-marniebelief-0723-a,148,first,win,PRIZES,154,0,2
CHAMPION,tb_567ea9be_llccqq624_ptcg-alakazam-marniebelief-0723-a,149,second,win,PRIZES,156,0,2
CHAMPION,tb_567ea9be_llccqq624_ptcg-alakazam-marniebelief-0723-a,147,second,loss,PRIZES,154,2,0
CHAMPION,tb_567ea9be_llccqq624_ptcg-alakazam-marniebelief-0723-a,150,first,loss,NO_BENCH,78,6,2
CHAMPION,tb_567ea9be_llccqq624_ptcg-alakazam-marniebelief-0723-a,153,second,win,PRIZES,160,0,5
CHAMPION,tb_567ea9be_llccqq624_ptcg-alakazam-marniebelief-0723-a,152,first,loss,PRIZES,118,2,0
CHAMPION,tb_567ea9be_llccqq624_ptcg-alakazam-marniebelief-0723-a,155,second,win,PRIZES,111,0,6
CHAMPION,tb_567ea9be_llccqq624_ptcg-alakazam-marniebelief-0723-a,151,second,win,PRIZES,143,0,2
CHAMPION,tb_567ea9be_llccqq624_ptcg-alakazam-marniebelief-0723-a,154,first,loss,PRIZES,117,4,0
CHAMPION,tb_567ea9be_llccqq624_ptcg-alakazam-marniebelief-0723-a,156,first,win,PRIZES,145,0,6
CHAMPION,tb_567ea9be_llccqq624_ptcg-alakazam-marniebelief-0723-a,159,second,loss,PRIZES,139,1,0
CHAMPION,tb_567ea9be_llccqq624_ptcg-alakazam-marniebelief-0723-a,158,first,draw,UNKNOWN,166,0,0
CHAMPION,tb_567ea9be_llccqq624_ptcg-alakazam-marniebelief-0723-a,160,first,win,PRIZES,140,0,6
CHAMPION,tb_567ea9be_llccqq624_ptcg-alakazam-marniebelief-0723-a,157,second,loss,PRIZES,126,4,0
CHAMPION,tb_567ea9be_llccqq624_ptcg-alakazam-marniebelief-0723-a,162,first,win,NO_BENCH,55,4,6
CHAMPION,tb_567ea9be_llccqq624_ptcg-alakazam-marniebelief-0723-a,164,first,win,PRIZES,128,0,6
CHAMPION,tb_567ea9be_llccqq624_ptcg-alakazam-marniebelief-0723-a,163,second,win,PRIZES,125,0,5
CHAMPION,tb_567ea9be_llccqq624_ptcg-alakazam-marniebelief-0723-a,161,second,loss,PRIZES,120,2,0
CHAMPION,tb_567ea9be_llccqq624_ptcg-alakazam-marniebelief-0723-a,165,second,win,PRIZES,111,0,6
CHAMPION,tb_567ea9be_llccqq624_ptcg-alakazam-marniebelief-0723-a,167,second,win,PRIZES,164,0,3
CHAMPION,tb_567ea9be_llccqq624_ptcg-alakazam-marniebelief-0723-a,166,first,loss,PRIZES,161,1,0
CHAMPION,tb_567ea9be_llccqq624_ptcg-alakazam-marniebelief-0723-a,169,second,loss,PRIZES,89,4,0
CHAMPION,tb_567ea9be_llccqq624_ptcg-alakazam-marniebelief-0723-a,168,first,win,PRIZES,163,0,6
CHAMPION,tb_567ea9be_llccqq624_ptcg-alakazam-marniebelief-0723-a,170,first,win,PRIZES,155,0,2
CHAMPION,tb_567ea9be_llccqq624_ptcg-alakazam-marniebelief-0723-a,171,second,loss,PRIZES,134,3,0
CHAMPION,tb_567ea9be_llccqq624_ptcg-alakazam-marniebelief-0723-a,172,first,loss,PRIZES,169,3,0
CHAMPION,tb_567ea9be_llccqq624_ptcg-alakazam-marniebelief-0723-a,173,second,loss,PRIZES,129,3,0
CHAMPION,tb_567ea9be_llccqq624_ptcg-alakazam-marniebelief-0723-a,175,second,loss,PRIZES,126,3,0
CHAMPION,tb_567ea9be_llccqq624_ptcg-alakazam-marniebelief-0723-a,174,first,win,PRIZES,164,0,2
CHAMPION,tb_567ea9be_llccqq624_ptcg-alakazam-marniebelief-0723-a,176,first,win,PRIZES,158,0,2
CHAMPION,tb_567ea9be_llccqq624_ptcg-alakazam-marniebelief-0723-a,178,first,win,PRIZES,151,0,6
CHAMPION,tb_567ea9be_llccqq624_ptcg-alakazam-marniebelief-0723-a,177,second,win,PRIZES,139,0,4
CHAMPION,tb_567ea9be_llccqq624_ptcg-alakazam-marniebelief-0723-a,181,second,win,NO_BENCH,73,3,6
CHAMPION,tb_567ea9be_llccqq624_ptcg-alakazam-marniebelief-0723-a,179,second,win,PRIZES,155,0,4
CHAMPION,tb_567ea9be_llccqq624_ptcg-alakazam-marniebelief-0723-a,182,first,win,PRIZES,119,0,6
CHAMPION,tb_567ea9be_llccqq624_ptcg-alakazam-marniebelief-0723-a,180,first,win,PRIZES,152,0,1
CHAMPION,tb_567ea9be_llccqq624_ptcg-alakazam-marniebelief-0723-a,183,second,loss,PRIZES,137,1,0
CHAMPION,tb_567ea9be_llccqq624_ptcg-alakazam-marniebelief-0723-a,185,second,win,PRIZES,155,0,3
CHAMPION,tb_567ea9be_llccqq624_ptcg-alakazam-marniebelief-0723-a,187,second,win,NO_BENCH,18,5,6
CHAMPION,tb_567ea9be_llccqq624_ptcg-alakazam-marniebelief-0723-a,184,first,win,PRIZES,143,0,3
CHAMPION,tb_567ea9be_llccqq624_ptcg-alakazam-marniebelief-0723-a,186,first,win,PRIZES,170,0,4
CHAMPION,tb_567ea9be_llccqq624_ptcg-alakazam-marniebelief-0723-a,189,second,win,PRIZES,161,0,1
CHAMPION,tb_567ea9be_llccqq624_ptcg-alakazam-marniebelief-0723-a,188,first,win,PRIZES,146,0,2
CHAMPION,tb_567ea9be_llccqq624_ptcg-alakazam-marniebelief-0723-a,191,second,win,NO_BENCH,111,1,5
CHAMPION,tb_567ea9be_llccqq624_ptcg-alakazam-marniebelief-0723-a,190,first,loss,PRIZES,138,2,0
CHAMPION,tb_567ea9be_llccqq624_ptcg-alakazam-marniebelief-0723-a,193,second,loss,PRIZES,118,5,0
CHAMPION,tb_567ea9be_llccqq624_ptcg-alakazam-marniebelief-0723-a,192,first,loss,PRIZES,154,1,0
CHAMPION,tb_567ea9be_llccqq624_ptcg-alakazam-marniebelief-0723-a,195,second,win,NO_BENCH,107,2,6
CHAMPION,tb_567ea9be_llccqq624_ptcg-alakazam-marniebelief-0723-a,197,second,win,PRIZES,143,0,2
CHAMPION,tb_567ea9be_llccqq624_ptcg-alakazam-marniebelief-0723-a,194,first,loss,PRIZES,182,1,0
CHAMPION,tb_567ea9be_llccqq624_ptcg-alakazam-marniebelief-0723-a,196,first,win,PRIZES,171,0,2
CHAMPION,tb_567ea9be_llccqq624_ptcg-alakazam-marniebelief-0723-a,200,first,loss,NO_BENCH,86,4,1
CHAMPION,tb_567ea9be_llccqq624_ptcg-alakazam-marniebelief-0723-a,198,first,loss,PRIZES,149,3,0
CHAMPION,tb_567ea9be_llccqq624_ptcg-alakazam-marniebelief-0723-a,202,first,win,PRIZES,102,0,6
CHAMPION,tb_567ea9be_llccqq624_ptcg-alakazam-marniebelief-0723-a,199,second,loss,PRIZES,120,3,0
CHAMPION,tb_567ea9be_llccqq624_ptcg-alakazam-marniebelief-0723-a,201,second,loss,NO_BENCH,61,5,2
CHAMPION,tb_567ea9be_llccqq624_ptcg-alakazam-marniebelief-0723-a,203,second,win,PRIZES,168,0,2
CHAMPION,tb_567ea9be_llccqq624_ptcg-alakazam-marniebelief-0723-a,205,second,loss,PRIZES,119,2,0
CHAMPION,tb_567ea9be_llccqq624_ptcg-alakazam-marniebelief-0723-a,204,first,loss,PRIZES,111,4,0
CHAMPION,tb_567ea9be_llccqq624_ptcg-alakazam-marniebelief-0723-a,208,first,loss,PRIZES,159,2,0
CHAMPION,tb_567ea9be_llccqq624_ptcg-alakazam-marniebelief-0723-a,206,first,win,PRIZES,137,0,4
CHAMPION,tb_567ea9be_llccqq624_ptcg-alakazam-marniebelief-0723-a,210,first,win,NO_BENCH,29,5,6
CHAMPION,tb_567ea9be_llccqq624_ptcg-alakazam-marniebelief-0723-a,209,second,win,NO_BENCH,90,3,6
CHAMPION,tb_567ea9be_llccqq624_ptcg-alakazam-marniebelief-0723-a,207,second,win,PRIZES,149,0,2
CHAMPION,tb_567ea9be_llccqq624_ptcg-alakazam-marniebelief-0723-a,211,second,win,PRIZES,107,0,6
CHAMPION,tb_567ea9be_llccqq624_ptcg-alakazam-marniebelief-0723-a,212,first,loss,PRIZES,163,1,0
CHAMPION,tb_567ea9be_llccqq624_ptcg-alakazam-marniebelief-0723-a,214,first,loss,PRIZES,136,1,0
CHAMPION,tb_567ea9be_llccqq624_ptcg-alakazam-marniebelief-0723-a,213,second,loss,PRIZES,99,3,0
CHAMPION,tb_567ea9be_llccqq624_ptcg-alakazam-marniebelief-0723-a,216,first,loss,PRIZES,102,2,0
CHAMPION,tb_567ea9be_llccqq624_ptcg-alakazam-marniebelief-0723-a,217,second,win,PRIZES,154,0,2
CHAMPION,tb_567ea9be_llccqq624_ptcg-alakazam-marniebelief-0723-a,218,first,win,NO_BENCH,107,2,6
CHAMPION,tb_567ea9be_llccqq624_ptcg-alakazam-marniebelief-0723-a,215,second,loss,PRIZES,102,4,0
CHAMPION,tb_567ea9be_llccqq624_ptcg-alakazam-marniebelief-0723-a,219,second,win,NO_BENCH,50,4,6
CHAMPION,tb_567ea9be_llccqq624_ptcg-alakazam-marniebelief-0723-a,220,first,win,PRIZES,141,0,6
CHAMPION,tb_567ea9be_llccqq624_ptcg-alakazam-marniebelief-0723-a,222,first,win,PRIZES,149,0,5
CHAMPION,tb_567ea9be_llccqq624_ptcg-alakazam-marniebelief-0723-a,224,first,win,NO_BENCH,103,2,6
CHAMPION,tb_567ea9be_llccqq624_ptcg-alakazam-marniebelief-0723-a,221,second,loss,PRIZES,124,3,0
CHAMPION,tb_567ea9be_llccqq624_ptcg-alakazam-marniebelief-0723-a,226,first,win,PRIZES,128,0,2
CHAMPION,tb_567ea9be_llccqq624_ptcg-alakazam-marniebelief-0723-a,223,second,loss,PRIZES,114,4,0
CHAMPION,tb_567ea9be_llccqq624_ptcg-alakazam-marniebelief-0723-a,225,second,loss,PRIZES,107,4,0
CHAMPION,tb_567ea9be_llccqq624_ptcg-alakazam-marniebelief-0723-a,227,second,win,NO_BENCH,28,4,6
CHAMPION,tb_567ea9be_llccqq624_ptcg-alakazam-marniebelief-0723-a,230,first,loss,PRIZES,141,5,0
CHAMPION,tb_567ea9be_llccqq624_ptcg-alakazam-marniebelief-0723-a,228,first,win,PRIZES,196,0,1
CHAMPION,tb_567ea9be_llccqq624_ptcg-alakazam-marniebelief-0723-a,229,second,loss,PRIZES,120,3,0
CHAMPION,tb_567ea9be_llccqq624_ptcg-alakazam-marniebelief-0723-a,232,first,win,PRIZES,129,0,6
CHAMPION,tb_567ea9be_llccqq624_ptcg-alakazam-marniebelief-0723-a,231,second,win,PRIZES,143,0,2
CHAMPION,tb_567ea9be_llccqq624_ptcg-alakazam-marniebelief-0723-a,235,second,win,PRIZES,149,0,2
CHAMPION,tb_567ea9be_llccqq624_ptcg-alakazam-marniebelief-0723-a,234,first,win,PRIZES,138,0,3
CHAMPION,tb_567ea9be_llccqq624_ptcg-alakazam-marniebelief-0723-a,233,second,loss,PRIZES,137,2,0
CHAMPION,tb_567ea9be_llccqq624_ptcg-alakazam-marniebelief-0723-a,236,first,win,NO_BENCH,30,5,6
CHAMPION,tb_567ea9be_llccqq624_ptcg-alakazam-marniebelief-0723-a,237,second,loss,NO_BENCH,73,5,3
CHAMPION,tb_567ea9be_llccqq624_ptcg-alakazam-marniebelief-0723-a,239,second,win,PRIZES,146,0,5
CHAMPION,tb_567ea9be_llccqq624_ptcg-alakazam-marniebelief-0723-a,238,first,loss,PRIZES,120,3,0
CHAMPION,tb_567ea9be_llccqq624_ptcg-alakazam-marniebelief-0723-a,240,first,loss,PRIZES,140,4,0
CHAMPION,tb_567ea9be_llccqq624_ptcg-alakazam-marniebelief-0723-a,243,second,win,NO_BENCH,22,5,6
CHAMPION,tb_567ea9be_llccqq624_ptcg-alakazam-marniebelief-0723-a,242,first,loss,PRIZES,97,5,0
CHAMPION,tb_567ea9be_llccqq624_ptcg-alakazam-marniebelief-0723-a,245,second,loss,PRIZES,125,1,0
CHAMPION,tb_567ea9be_llccqq624_ptcg-alakazam-marniebelief-0723-a,241,second,loss,PRIZES,152,2,0
CHAMPION,tb_567ea9be_llccqq624_ptcg-alakazam-marniebelief-0723-a,244,first,loss,PRIZES,117,4,0
CHAMPION,tb_567ea9be_llccqq624_ptcg-alakazam-marniebelief-0723-a,248,first,win,PRIZES,148,0,5
CHAMPION,tb_567ea9be_llccqq624_ptcg-alakazam-marniebelief-0723-a,246,first,loss,PRIZES,148,3,0
CHAMPION,tb_567ea9be_llccqq624_ptcg-alakazam-marniebelief-0723-a,249,second,win,PRIZES,126,0,6
CHAMPION,tb_567ea9be_llccqq624_ptcg-alakazam-marniebelief-0723-a,247,second,win,PRIZES,152,0,3
CHAMPION,tb_567ea9be_llccqq624_ptcg-alakazam-marniebelief-0723-a,252,first,win,NO_BENCH,104,1,6
CHAMPION,tb_567ea9be_llccqq624_ptcg-alakazam-marniebelief-0723-a,250,first,loss,PRIZES,95,4,0
CHAMPION,tb_567ea9be_llccqq624_ptcg-alakazam-marniebelief-0723-a,253,second,loss,PRIZES,89,4,0
CHAMPION,tb_567ea9be_llccqq624_ptcg-alakazam-marniebelief-0723-a,251,second,loss,PRIZES,123,4,0
CHAMPION,tb_567ea9be_llccqq624_ptcg-alakazam-marniebelief-0723-a,256,first,win,PRIZES,115,0,6
CHAMPION,tb_567ea9be_llccqq624_ptcg-alakazam-marniebelief-0723-a,254,first,win,PRIZES,204,0,2
CHAMPION,tb_567ea9be_llccqq624_ptcg-alakazam-marniebelief-0723-a,255,second,loss,PRIZES,148,2,0
CHAMPION,tb_567ea9be_llccqq624_ptcg-alakazam-marniebelief-0723-a,259,second,loss,PRIZES,100,6,0
CHAMPION,tb_567ea9be_llccqq624_ptcg-alakazam-marniebelief-0723-a,258,first,loss,PRIZES,102,4,0
CHAMPION,tb_567ea9be_llccqq624_ptcg-alakazam-marniebelief-0723-a,257,second,loss,PRIZES,112,5,0
CHAMPION,tb_567ea9be_llccqq624_ptcg-alakazam-marniebelief-0723-a,261,second,win,NO_BENCH,108,4,5
CHAMPION,tb_567ea9be_llccqq624_ptcg-alakazam-marniebelief-0723-a,263,second,win,NO_BENCH,118,1,6
CHAMPION,tb_567ea9be_llccqq624_ptcg-alakazam-marniebelief-0723-a,260,first,win,PRIZES,149,0,5
CHAMPION,tb_567ea9be_llccqq624_ptcg-alakazam-marniebelief-0723-a,262,first,win,PRIZES,180,0,4
CHAMPION,tb_567ea9be_llccqq624_ptcg-alakazam-marniebelief-0723-a,264,first,win,DECKOUT,130,5,6
CHAMPION,tb_567ea9be_llccqq624_ptcg-alakazam-marniebelief-0723-a,265,second,loss,PRIZES,120,4,0
CHAMPION,tb_567ea9be_llccqq624_ptcg-alakazam-marniebelief-0723-a,267,second,win,PRIZES,157,0,2
CHAMPION,tb_567ea9be_llccqq624_ptcg-alakazam-marniebelief-0723-a,266,first,loss,PRIZES,182,2,0
CHAMPION,tb_567ea9be_llccqq624_ptcg-alakazam-marniebelief-0723-a,269,second,win,NO_BENCH,14,5,6
CHAMPION,tb_567ea9be_llccqq624_ptcg-alakazam-marniebelief-0723-a,268,first,loss,PRIZES,107,4,0
CHAMPION,tb_567ea9be_llccqq624_ptcg-alakazam-marniebelief-0723-a,271,second,win,PRIZES,166,0,1
CHAMPION,tb_567ea9be_llccqq624_ptcg-alakazam-marniebelief-0723-a,270,first,win,PRIZES,162,0,2
CHAMPION,tb_567ea9be_llccqq624_ptcg-alakazam-marniebelief-0723-a,272,first,loss,PRIZES,174,2,0
CHAMPION,tb_567ea9be_llccqq624_ptcg-alakazam-marniebelief-0723-a,273,second,loss,PRIZES,115,4,0
CHAMPION,tb_567ea9be_llccqq624_ptcg-alakazam-marniebelief-0723-a,274,first,loss,NO_BENCH,106,3,1
CHAMPION,tb_567ea9be_llccqq624_ptcg-alakazam-marniebelief-0723-a,276,first,loss,PRIZES,145,1,0
CHAMPION,tb_567ea9be_llccqq624_ptcg-alakazam-marniebelief-0723-a,275,second,loss,PRIZES,96,3,0
CHAMPION,tb_567ea9be_llccqq624_ptcg-alakazam-marniebelief-0723-a,277,second,win,PRIZES,149,0,4
CHAMPION,tb_567ea9be_llccqq624_ptcg-alakazam-marniebelief-0723-a,280,first,win,NO_BENCH,36,4,6
CHAMPION,tb_567ea9be_llccqq624_ptcg-alakazam-marniebelief-0723-a,278,first,loss,PRIZES,151,2,0
CHAMPION,tb_567ea9be_llccqq624_ptcg-alakazam-marniebelief-0723-a,279,second,win,PRIZES,149,0,2
CHAMPION,tb_567ea9be_llccqq624_ptcg-alakazam-marniebelief-0723-a,283,second,loss,PRIZES,132,1,0
CHAMPION,tb_567ea9be_llccqq624_ptcg-alakazam-marniebelief-0723-a,284,first,win,NO_BENCH,37,5,6
CHAMPION,tb_567ea9be_llccqq624_ptcg-alakazam-marniebelief-0723-a,282,first,win,PRIZES,136,0,6
CHAMPION,tb_567ea9be_llccqq624_ptcg-alakazam-marniebelief-0723-a,281,second,loss,PRIZES,156,2,0
CHAMPION,tb_567ea9be_llccqq624_ptcg-alakazam-marniebelief-0723-a,287,second,win,NO_BENCH,93,2,6
CHAMPION,tb_567ea9be_llccqq624_ptcg-alakazam-marniebelief-0723-a,285,second,win,PRIZES,140,0,2
CHAMPION,tb_567ea9be_llccqq624_ptcg-alakazam-marniebelief-0723-a,286,first,win,PRIZES,148,0,3
CHAMPION,tb_567ea9be_llccqq624_ptcg-alakazam-marniebelief-0723-a,288,first,win,PRIZES,162,0,4
CHAMPION,tb_567ea9be_llccqq624_ptcg-alakazam-marniebelief-0723-a,289,second,loss,PRIZES,92,5,0
CHAMPION,tb_567ea9be_llccqq624_ptcg-alakazam-marniebelief-0723-a,290,first,win,PRIZES,146,0,2
CHAMPION,tb_567ea9be_llccqq624_ptcg-alakazam-marniebelief-0723-a,291,second,win,PRIZES,158,0,1
CHAMPION,tb_567ea9be_llccqq624_ptcg-alakazam-marniebelief-0723-a,292,first,win,PRIZES,151,0,6
CHAMPION,tb_567ea9be_llccqq624_ptcg-alakazam-marniebelief-0723-a,295,second,win,NO_BENCH,67,3,6
CHAMPION,tb_567ea9be_llccqq624_ptcg-alakazam-marniebelief-0723-a,293,second,win,PRIZES,163,0,3
CHAMPION,tb_567ea9be_llccqq624_ptcg-alakazam-marniebelief-0723-a,296,first,win,PRIZES,147,0,2
CHAMPION,tb_567ea9be_llccqq624_ptcg-alakazam-marniebelief-0723-a,294,first,loss,PRIZES,161,3,0
CHAMPION,tb_567ea9be_llccqq624_ptcg-alakazam-marniebelief-0723-a,297,second,win,PRIZES,162,0,6
CHAMPION,tb_567ea9be_llccqq624_ptcg-alakazam-marniebelief-0723-a,298,first,win,PRIZES,148,0,2
CHAMPION,tb_567ea9be_llccqq624_ptcg-alakazam-marniebelief-0723-a,299,second,loss,PRIZES,111,2,0
CHAMPION,tb_567ea9be_llccqq624_ptcg-alakazam-marniebelief-0723-a,302,first,loss,NO_BENCH,73,6,1
CHAMPION,tb_567ea9be_llccqq624_ptcg-alakazam-marniebelief-0723-a,301,second,loss,PRIZES,75,5,0
CHAMPION,tb_567ea9be_llccqq624_ptcg-alakazam-marniebelief-0723-a,300,first,win,PRIZES,160,0,2
CHAMPION,tb_567ea9be_llccqq624_ptcg-alakazam-marniebelief-0723-a,305,second,win,NO_BENCH,19,5,6
CHAMPION,tb_567ea9be_llccqq624_ptcg-alakazam-marniebelief-0723-a,304,first,win,PRIZES,124,0,6
CHAMPION,tb_567ea9be_llccqq624_ptcg-alakazam-marniebelief-0723-a,303,second,win,PRIZES,134,0,6
CHAMPION,tb_567ea9be_llccqq624_ptcg-alakazam-marniebelief-0723-a,308,first,loss,PRIZES,119,3,0
CHAMPION,tb_567ea9be_llccqq624_ptcg-alakazam-marniebelief-0723-a,309,second,win,NO_BENCH,56,3,6
CHAMPION,tb_567ea9be_llccqq624_ptcg-alakazam-marniebelief-0723-a,307,second,win,PRIZES,191,0,2
CHAMPION,tb_567ea9be_llccqq624_ptcg-alakazam-marniebelief-0723-a,310,first,win,PRIZES,140,0,5
CHAMPION,tb_567ea9be_llccqq624_ptcg-alakazam-marniebelief-0723-a,312,first,win,NO_BENCH,33,5,6
CHAMPION,tb_567ea9be_llccqq624_ptcg-alakazam-marniebelief-0723-a,313,second,win,PRIZES,127,0,6
CHAMPION,tb_567ea9be_llccqq624_ptcg-alakazam-marniebelief-0723-a,306,first,win,PRIZES,141,0,3
CHAMPION,tb_567ea9be_llccqq624_ptcg-alakazam-marniebelief-0723-a,315,second,win,NO_BENCH,79,3,5
CHAMPION,tb_567ea9be_llccqq624_ptcg-alakazam-marniebelief-0723-a,311,second,win,PRIZES,199,0,3
CHAMPION,tb_567ea9be_llccqq624_ptcg-alakazam-marniebelief-0723-a,316,first,win,PRIZES,161,0,4
CHAMPION,tb_567ea9be_llccqq624_ptcg-alakazam-marniebelief-0723-a,314,first,loss,PRIZES,158,2,0
CHAMPION,tb_567ea9be_llccqq624_ptcg-alakazam-marniebelief-0723-a,319,second,win,PRIZES,135,0,6
CHAMPION,tb_567ea9be_llccqq624_ptcg-alakazam-marniebelief-0723-a,317,second,loss,PRIZES,148,2,0
CHAMPION,tb_567ea9be_llccqq624_ptcg-alakazam-marniebelief-0723-a,318,first,loss,PRIZES,127,6,0
CHAMPION,tb_567ea9be_llccqq624_ptcg-alakazam-marniebelief-0723-a,320,first,win,NO_BENCH,154,1,3
CHAMPION,tb_567ea9be_llccqq624_ptcg-alakazam-marniebelief-0723-a,322,first,loss,NO_BENCH,61,5,4
CHAMPION,tb_567ea9be_llccqq624_ptcg-alakazam-marniebelief-0723-a,321,second,win,PRIZES,151,0,6
CHAMPION,tb_567ea9be_llccqq624_ptcg-alakazam-marniebelief-0723-a,324,first,win,PRIZES,156,0,5
CHAMPION,tb_567ea9be_llccqq624_ptcg-alakazam-marniebelief-0723-a,323,second,win,PRIZES,173,0,1
CHAMPION,tb_567ea9be_llccqq624_ptcg-alakazam-marniebelief-0723-a,325,second,win,PRIZES,131,0,2
CHAMPION,tb_567ea9be_llccqq624_ptcg-alakazam-marniebelief-0723-a,328,first,win,NO_BENCH,29,4,6
CHAMPION,tb_567ea9be_llccqq624_ptcg-alakazam-marniebelief-0723-a,327,second,win,PRIZES,172,0,2
CHAMPION,tb_567ea9be_llccqq624_ptcg-alakazam-marniebelief-0723-a,326,first,loss,PRIZES,166,1,0
CHAMPION,tb_567ea9be_llccqq624_ptcg-alakazam-marniebelief-0723-a,330,first,win,NO_BENCH,65,4,6
CHAMPION,tb_567ea9be_llccqq624_ptcg-alakazam-marniebelief-0723-a,329,second,loss,PRIZES,149,3,0
CHAMPION,tb_567ea9be_llccqq624_ptcg-alakazam-marniebelief-0723-a,333,second,win,PRIZES,165,0,5
CHAMPION,tb_567ea9be_llccqq624_ptcg-alakazam-marniebelief-0723-a,331,second,loss,PRIZES,118,4,0
CHAMPION,tb_567ea9be_llccqq624_ptcg-alakazam-marniebelief-0723-a,334,first,loss,PRIZES,127,2,0
CHAMPION,tb_567ea9be_llccqq624_ptcg-alakazam-marniebelief-0723-a,332,first,loss,PRIZES,124,3,0
CHAMPION,tb_567ea9be_llccqq624_ptcg-alakazam-marniebelief-0723-a,337,second,loss,NO_BENCH,90,6,2
CHAMPION,tb_567ea9be_llccqq624_ptcg-alakazam-marniebelief-0723-a,335,second,loss,PRIZES,106,4,0
CHAMPION,tb_567ea9be_llccqq624_ptcg-alakazam-marniebelief-0723-a,336,first,loss,PRIZES,113,3,0
CHAMPION,tb_567ea9be_llccqq624_ptcg-alakazam-marniebelief-0723-a,338,first,win,PRIZES,168,0,1
CHAMPION,tb_567ea9be_llccqq624_ptcg-alakazam-marniebelief-0723-a,340,first,win,PRIZES,140,0,5
CHAMPION,tb_567ea9be_llccqq624_ptcg-alakazam-marniebelief-0723-a,339,second,loss,PRIZES,133,4,0
CHAMPION,tb_567ea9be_llccqq624_ptcg-alakazam-marniebelief-0723-a,341,second,win,PRIZES,113,0,5
CHAMPION,tb_567ea9be_llccqq624_ptcg-alakazam-marniebelief-0723-a,342,first,win,PRIZES,156,0,6
CHAMPION,tb_567ea9be_llccqq624_ptcg-alakazam-marniebelief-0723-a,343,second,win,NO_BENCH,131,2,3
CHAMPION,tb_567ea9be_llccqq624_ptcg-alakazam-marniebelief-0723-a,345,second,win,PRIZES,153,0,6
CHAMPION,tb_567ea9be_llccqq624_ptcg-alakazam-marniebelief-0723-a,344,first,loss,PRIZES,159,1,0
CHAMPION,tb_567ea9be_llccqq624_ptcg-alakazam-marniebelief-0723-a,347,second,win,NO_BENCH,97,2,5
CHAMPION,tb_567ea9be_llccqq624_ptcg-alakazam-marniebelief-0723-a,346,first,win,PRIZES,155,0,6
CHAMPION,tb_567ea9be_llccqq624_ptcg-alakazam-marniebelief-0723-a,350,first,win,PRIZES,139,0,6
CHAMPION,tb_567ea9be_llccqq624_ptcg-alakazam-marniebelief-0723-a,348,first,loss,PRIZES,112,3,0
CHAMPION,tb_567ea9be_llccqq624_ptcg-alakazam-marniebelief-0723-a,352,first,win,NO_BENCH,33,4,6
CHAMPION,tb_567ea9be_llccqq624_ptcg-alakazam-marniebelief-0723-a,349,second,loss,PRIZES,117,3,0
CHAMPION,tb_567ea9be_llccqq624_ptcg-alakazam-marniebelief-0723-a,354,first,loss,PRIZES,108,6,0
CHAMPION,tb_567ea9be_llccqq624_ptcg-alakazam-marniebelief-0723-a,351,second,loss,PRIZES,131,3,0
CHAMPION,tb_567ea9be_llccqq624_ptcg-alakazam-marniebelief-0723-a,353,second,win,PRIZES,177,0,1
CHAMPION,tb_567ea9be_llccqq624_ptcg-alakazam-marniebelief-0723-a,355,second,win,PRIZES,132,0,6
CHAMPION,tb_567ea9be_llccqq624_ptcg-alakazam-marniebelief-0723-a,356,first,win,PRIZES,129,0,5
CHAMPION,tb_567ea9be_llccqq624_ptcg-alakazam-marniebelief-0723-a,358,first,win,PRIZES,137,0,6
CHAMPION,tb_567ea9be_llccqq624_ptcg-alakazam-marniebelief-0723-a,360,first,win,PRIZES,131,0,2
CHAMPION,tb_567ea9be_llccqq624_ptcg-alakazam-marniebelief-0723-a,357,second,win,PRIZES,167,0,2
CHAMPION,tb_567ea9be_llccqq624_ptcg-alakazam-marniebelief-0723-a,361,second,win,PRIZES,118,0,6
CHAMPION,tb_567ea9be_llccqq624_ptcg-alakazam-marniebelief-0723-a,359,second,loss,PRIZES,152,2,0
CHAMPION,tb_567ea9be_llccqq624_ptcg-alakazam-marniebelief-0723-a,362,first,win,PRIZES,174,0,4
CHAMPION,tb_567ea9be_llccqq624_ptcg-alakazam-marniebelief-0723-a,363,second,loss,PRIZES,112,2,0
CHAMPION,tb_567ea9be_llccqq624_ptcg-alakazam-marniebelief-0723-a,365,second,win,PRIZES,136,0,6
CHAMPION,tb_567ea9be_llccqq624_ptcg-alakazam-marniebelief-0723-a,364,first,win,PRIZES,149,0,2
CHAMPION,tb_567ea9be_llccqq624_ptcg-alakazam-marniebelief-0723-a,367,second,loss,PRIZES,146,2,0
CHAMPION,tb_567ea9be_llccqq624_ptcg-alakazam-marniebelief-0723-a,366,first,win,PRIZES,172,0,4
CHAMPION,tb_567ea9be_llccqq624_ptcg-alakazam-marniebelief-0723-a,368,first,draw,UNKNOWN,173,0,0
CHAMPION,tb_567ea9be_llccqq624_ptcg-alakazam-marniebelief-0723-a,369,second,loss,PRIZES,104,5,0
CHAMPION,tb_567ea9be_llccqq624_ptcg-alakazam-marniebelief-0723-a,371,second,win,NO_BENCH,117,2,4
CHAMPION,tb_567ea9be_llccqq624_ptcg-alakazam-marniebelief-0723-a,370,first,win,PRIZES,179,0,1
CHAMPION,tb_567ea9be_llccqq624_ptcg-alakazam-marniebelief-0723-a,372,first,loss,PRIZES,149,2,0
CHAMPION,tb_567ea9be_llccqq624_ptcg-alakazam-marniebelief-0723-a,375,second,win,NO_BENCH,24,5,6
CHAMPION,tb_567ea9be_llccqq624_ptcg-alakazam-marniebelief-0723-a,374,first,win,PRIZES,157,0,5
CHAMPION,tb_567ea9be_llccqq624_ptcg-alakazam-marniebelief-0723-a,376,first,loss,NO_BENCH,53,6,4
CHAMPION,tb_567ea9be_llccqq624_ptcg-alakazam-marniebelief-0723-a,373,second,loss,PRIZES,163,1,0
CHAMPION,tb_567ea9be_llccqq624_ptcg-alakazam-marniebelief-0723-a,378,first,win,NO_BENCH,43,5,6
CHAMPION,tb_567ea9be_llccqq624_ptcg-alakazam-marniebelief-0723-a,377,second,loss,PRIZES,146,2,0
CHAMPION,tb_567ea9be_llccqq624_ptcg-alakazam-marniebelief-0723-a,379,second,loss,PRIZES,138,3,0
CHAMPION,tb_567ea9be_llccqq624_ptcg-alakazam-marniebelief-0723-a,381,second,loss,PRIZES,156,1,0
CHAMPION,tb_567ea9be_llccqq624_ptcg-alakazam-marniebelief-0723-a,382,first,win,PRIZES,157,0,5
CHAMPION,tb_567ea9be_llccqq624_ptcg-alakazam-marniebelief-0723-a,383,second,win,NO_BENCH,48,4,5
CHAMPION,tb_567ea9be_llccqq624_ptcg-alakazam-marniebelief-0723-a,380,first,loss,PRIZES,173,1,0
CHAMPION,tb_567ea9be_llccqq624_ptcg-alakazam-marniebelief-0723-a,386,first,win,NO_BENCH,56,4,6
CHAMPION,tb_567ea9be_llccqq624_ptcg-alakazam-marniebelief-0723-a,384,first,win,PRIZES,137,0,4
CHAMPION,tb_567ea9be_llccqq624_ptcg-alakazam-marniebelief-0723-a,385,second,loss,PRIZES,142,1,0
CHAMPION,tb_567ea9be_llccqq624_ptcg-alakazam-marniebelief-0723-a,388,first,win,NO_BENCH,81,3,6
CHAMPION,tb_567ea9be_llccqq624_ptcg-alakazam-marniebelief-0723-a,387,second,win,PRIZES,157,0,4
CHAMPION,tb_567ea9be_llccqq624_ptcg-alakazam-marniebelief-0723-a,390,first,win,NO_BENCH,30,5,6
CHAMPION,tb_567ea9be_llccqq624_ptcg-alakazam-marniebelief-0723-a,391,second,win,NO_BENCH,61,3,6
CHAMPION,tb_567ea9be_llccqq624_ptcg-alakazam-marniebelief-0723-a,393,second,win,NO_BENCH,32,5,6
CHAMPION,tb_567ea9be_llccqq624_ptcg-alakazam-marniebelief-0723-a,392,first,win,PRIZES,156,0,5
CHAMPION,tb_567ea9be_llccqq624_ptcg-alakazam-marniebelief-0723-a,389,second,loss,PRIZES,144,1,0
CHAMPION,tb_567ea9be_llccqq624_ptcg-alakazam-marniebelief-0723-a,394,first,loss,PRIZES,172,1,0
CHAMPION,tb_567ea9be_llccqq624_ptcg-alakazam-marniebelief-0723-a,395,second,win,NO_BENCH,104,1,6
CHAMPION,tb_567ea9be_llccqq624_ptcg-alakazam-marniebelief-0723-a,398,first,win,NO_BENCH,44,4,6
CHAMPION,tb_567ea9be_llccqq624_ptcg-alakazam-marniebelief-0723-a,396,first,win,PRIZES,142,0,4
CHAMPION,tb_567ea9be_llccqq624_ptcg-alakazam-marniebelief-0723-a,399,second,win,NO_BENCH,89,2,6
CHAMPION,tb_567ea9be_llccqq624_ptcg-alakazam-marniebelief-0723-a,397,second,loss,PRIZES,70,6,0
CHAMPION,tb_567ea9be_llccqq624_ptcg-alakazam-marniebelief-0723-a,402,first,win,PRIZES,121,0,3
CHAMPION,tb_567ea9be_llccqq624_ptcg-alakazam-marniebelief-0723-a,400,first,loss,PRIZES,130,3,0
CHAMPION,tb_567ea9be_llccqq624_ptcg-alakazam-marniebelief-0723-a,401,second,win,PRIZES,165,0,6
CHAMPION,tb_567ea9be_llccqq624_ptcg-alakazam-marniebelief-0723-a,404,first,loss,PRIZES,125,4,0
CHAMPION,tb_567ea9be_llccqq624_ptcg-alakazam-marniebelief-0723-a,406,first,win,NO_BENCH,103,1,6
CHAMPION,tb_567ea9be_llccqq624_ptcg-alakazam-marniebelief-0723-a,405,second,loss,PRIZES,123,3,0
CHAMPION,tb_567ea9be_llccqq624_ptcg-alakazam-marniebelief-0723-a,403,second,loss,PRIZES,158,2,0
CHAMPION,tb_567ea9be_llccqq624_ptcg-alakazam-marniebelief-0723-a,407,second,win,PRIZES,152,0,4
CHAMPION,tb_567ea9be_llccqq624_ptcg-alakazam-marniebelief-0723-a,408,first,loss,PRIZES,131,2,0
CHAMPION,tb_567ea9be_llccqq624_ptcg-alakazam-marniebelief-0723-a,409,second,loss,PRIZES,137,4,0
CHAMPION,tb_567ea9be_llccqq624_ptcg-alakazam-marniebelief-0723-a,411,second,win,PRIZES,131,0,6
CHAMPION,tb_567ea9be_llccqq624_ptcg-alakazam-marniebelief-0723-a,410,first,loss,PRIZES,141,3,0
CHAMPION,tb_567ea9be_llccqq624_ptcg-alakazam-marniebelief-0723-a,413,second,loss,PRIZES,163,1,0
CHAMPION,tb_567ea9be_llccqq624_ptcg-alakazam-marniebelief-0723-a,414,first,win,DECKOUT,175,1,2
CHAMPION,tb_567ea9be_llccqq624_ptcg-alakazam-marniebelief-0723-a,412,first,loss,PRIZES,149,2,0
CHAMPION,tb_567ea9be_llccqq624_ptcg-alakazam-marniebelief-0723-a,416,first,win,PRIZES,155,0,1
CHAMPION,tb_567ea9be_llccqq624_ptcg-alakazam-marniebelief-0723-a,415,second,loss,PRIZES,151,2,0
CHAMPION,tb_567ea9be_llccqq624_ptcg-alakazam-marniebelief-0723-a,417,second,win,PRIZES,166,0,4
CHAMPION,tb_567ea9be_llccqq624_ptcg-alakazam-marniebelief-0723-a,418,first,win,PRIZES,144,0,6
CHAMPION,tb_567ea9be_llccqq624_ptcg-alakazam-marniebelief-0723-a,419,second,loss,PRIZES,94,6,0
CHAMPION,tb_567ea9be_llccqq624_ptcg-alakazam-marniebelief-0723-a,421,second,loss,PRIZES,75,5,0
CHAMPION,tb_567ea9be_llccqq624_ptcg-alakazam-marniebelief-0723-a,420,first,win,PRIZES,134,0,2
CHAMPION,tb_567ea9be_llccqq624_ptcg-alakazam-marniebelief-0723-a,423,second,win,PRIZES,148,0,6
CHAMPION,tb_567ea9be_llccqq624_ptcg-alakazam-marniebelief-0723-a,422,first,loss,PRIZES,145,1,0
CHAMPION,tb_567ea9be_llccqq624_ptcg-alakazam-marniebelief-0723-a,426,first,win,NO_BENCH,28,4,6
CHAMPION,tb_567ea9be_llccqq624_ptcg-alakazam-marniebelief-0723-a,424,first,loss,PRIZES,142,3,0
CHAMPION,tb_567ea9be_llccqq624_ptcg-alakazam-marniebelief-0723-a,427,second,loss,NO_BENCH,67,6,4
CHAMPION,tb_567ea9be_llccqq624_ptcg-alakazam-marniebelief-0723-a,425,second,loss,PRIZES,155,1,0
CHAMPION,tb_567ea9be_llccqq624_ptcg-alakazam-marniebelief-0723-a,428,first,win,PRIZES,144,0,2
CHAMPION,tb_567ea9be_llccqq624_ptcg-alakazam-marniebelief-0723-a,431,second,win,NO_BENCH,23,5,6
CHAMPION,tb_567ea9be_llccqq624_ptcg-alakazam-marniebelief-0723-a,429,second,win,PRIZES,144,0,3
CHAMPION,tb_567ea9be_llccqq624_ptcg-alakazam-marniebelief-0723-a,432,first,loss,PRIZES,147,3,0
CHAMPION,tb_567ea9be_llccqq624_ptcg-alakazam-marniebelief-0723-a,430,first,win,PRIZES,198,0,3
CHAMPION,tb_567ea9be_llccqq624_ptcg-alakazam-marniebelief-0723-a,433,second,loss,NO_BENCH,61,6,3
CHAMPION,tb_567ea9be_llccqq624_ptcg-alakazam-marniebelief-0723-a,435,second,loss,PRIZES,172,1,0
CHAMPION,tb_567ea9be_llccqq624_ptcg-alakazam-marniebelief-0723-a,434,first,win,PRIZES,151,0,4
CHAMPION,tb_567ea9be_llccqq624_ptcg-alakazam-marniebelief-0723-a,436,first,win,PRIZES,151,0,2
CHAMPION,tb_567ea9be_llccqq624_ptcg-alakazam-marniebelief-0723-a,439,second,win,PRIZES,106,0,6
CHAMPION,tb_567ea9be_llccqq624_ptcg-alakazam-marniebelief-0723-a,437,second,win,PRIZES,161,0,3
CHAMPION,tb_567ea9be_llccqq624_ptcg-alakazam-marniebelief-0723-a,440,first,loss,PRIZES,137,2,0
CHAMPION,tb_567ea9be_llccqq624_ptcg-alakazam-marniebelief-0723-a,441,second,win,PRIZES,138,0,2
CHAMPION,tb_567ea9be_llccqq624_ptcg-alakazam-marniebelief-0723-a,438,first,loss,PRIZES,118,3,0
CHAMPION,tb_567ea9be_llccqq624_ptcg-alakazam-marniebelief-0723-a,443,second,win,NO_BENCH,103,2,6
CHAMPION,tb_567ea9be_llccqq624_ptcg-alakazam-marniebelief-0723-a,442,first,win,PRIZES,159,0,1
CHAMPION,tb_567ea9be_llccqq624_ptcg-alakazam-marniebelief-0723-a,445,second,win,NO_BENCH,50,5,6
CHAMPION,tb_567ea9be_llccqq624_ptcg-alakazam-marniebelief-0723-a,446,first,loss,PRIZES,130,2,0
CHAMPION,tb_567ea9be_llccqq624_ptcg-alakazam-marniebelief-0723-a,444,first,win,PRIZES,170,0,5
CHAMPION,tb_567ea9be_llccqq624_ptcg-alakazam-marniebelief-0723-a,447,second,win,PRIZES,168,0,1
CHAMPION,tb_567ea9be_llccqq624_ptcg-alakazam-marniebelief-0723-a,448,first,loss,PRIZES,163,2,0
CHAMPION,tb_567ea9be_llccqq624_ptcg-alakazam-marniebelief-0723-a,449,second,win,PRIZES,145,0,1
CHAMPION,tb_567ea9be_llccqq624_ptcg-alakazam-marniebelief-0723-a,452,first,loss,PRIZES,123,3,0
CHAMPION,tb_567ea9be_llccqq624_ptcg-alakazam-marniebelief-0723-a,450,first,win,PRIZES,161,0,1
CHAMPION,tb_567ea9be_llccqq624_ptcg-alakazam-marniebelief-0723-a,451,second,win,PRIZES,155,0,1
CHAMPION,tb_567ea9be_llccqq624_ptcg-alakazam-marniebelief-0723-a,454,first,win,PRIZES,144,0,3
CHAMPION,tb_567ea9be_llccqq624_ptcg-alakazam-marniebelief-0723-a,453,second,loss,PRIZES,143,1,0
CHAMPION,tb_567ea9be_llccqq624_ptcg-alakazam-marniebelief-0723-a,457,second,loss,NO_BENCH,28,6,5
CHAMPION,tb_567ea9be_llccqq624_ptcg-alakazam-marniebelief-0723-a,455,second,win,PRIZES,151,0,2
CHAMPION,tb_567ea9be_llccqq624_ptcg-alakazam-marniebelief-0723-a,458,first,win,PRIZES,129,0,5
CHAMPION,tb_567ea9be_llccqq624_ptcg-alakazam-marniebelief-0723-a,459,second,win,NO_BENCH,25,5,6
CHAMPION,tb_567ea9be_llccqq624_ptcg-alakazam-marniebelief-0723-a,456,first,loss,PRIZES,151,2,0
CHAMPION,tb_567ea9be_llccqq624_ptcg-alakazam-marniebelief-0723-a,460,first,win,NO_BENCH,87,2,6
CHAMPION,tb_567ea9be_llccqq624_ptcg-alakazam-marniebelief-0723-a,462,first,win,PRIZES,150,0,6
CHAMPION,tb_567ea9be_llccqq624_ptcg-alakazam-marniebelief-0723-a,461,second,win,PRIZES,143,0,5
CHAMPION,tb_567ea9be_llccqq624_ptcg-alakazam-marniebelief-0723-a,463,second,win,PRIZES,165,0,4
CHAMPION,tb_567ea9be_llccqq624_ptcg-alakazam-marniebelief-0723-a,464,first,loss,NO_BENCH,68,4,1
CHAMPION,tb_567ea9be_llccqq624_ptcg-alakazam-marniebelief-0723-a,466,first,loss,PRIZES,137,4,0
CHAMPION,tb_567ea9be_llccqq624_ptcg-alakazam-marniebelief-0723-a,465,second,loss,PRIZES,157,1,0
CHAMPION,tb_567ea9be_llccqq624_ptcg-alakazam-marniebelief-0723-a,467,second,win,PRIZES,168,0,4
CHAMPION,tb_567ea9be_llccqq624_ptcg-alakazam-marniebelief-0723-a,470,first,loss,PRIZES,134,2,0
CHAMPION,tb_567ea9be_llccqq624_ptcg-alakazam-marniebelief-0723-a,469,second,loss,PRIZES,128,3,0
CHAMPION,tb_567ea9be_llccqq624_ptcg-alakazam-marniebelief-0723-a,472,first,win,NO_BENCH,27,4,6
CHAMPION,tb_567ea9be_llccqq624_ptcg-alakazam-marniebelief-0723-a,473,second,win,NO_BENCH,39,5,6
CHAMPION,tb_567ea9be_llccqq624_ptcg-alakazam-marniebelief-0723-a,468,first,win,DECKOUT,155,1,2
CHAMPION,tb_567ea9be_llccqq624_ptcg-alakazam-marniebelief-0723-a,471,second,loss,PRIZES,156,1,0
CHAMPION,tb_567ea9be_llccqq624_ptcg-alakazam-marniebelief-0723-a,475,second,loss,PRIZES,141,3,0
CHAMPION,tb_567ea9be_llccqq624_ptcg-alakazam-marniebelief-0723-a,477,second,win,NO_BENCH,24,5,6
CHAMPION,tb_567ea9be_llccqq624_ptcg-alakazam-marniebelief-0723-a,474,first,win,PRIZES,171,0,1
CHAMPION,tb_567ea9be_llccqq624_ptcg-alakazam-marniebelief-0723-a,478,first,win,PRIZES,135,0,4
CHAMPION,tb_567ea9be_llccqq624_ptcg-alakazam-marniebelief-0723-a,476,first,win,PRIZES,166,0,3
CHAMPION,tb_567ea9be_llccqq624_ptcg-alakazam-marniebelief-0723-a,479,second,win,PRIZES,155,0,6
CHAMPION,tb_567ea9be_llccqq624_ptcg-alakazam-marniebelief-0723-a,480,first,win,PRIZES,152,0,2
CHAMPION,tb_567ea9be_llccqq624_ptcg-alakazam-marniebelief-0723-a,481,second,loss,NO_BENCH,87,6,1
CHAMPION,tb_567ea9be_llccqq624_ptcg-alakazam-marniebelief-0723-a,483,second,loss,PRIZES,97,4,0
CHAMPION,tb_567ea9be_llccqq624_ptcg-alakazam-marniebelief-0723-a,484,first,loss,PRIZES,107,4,0
CHAMPION,tb_567ea9be_llccqq624_ptcg-alakazam-marniebelief-0723-a,482,first,loss,PRIZES,104,4,0
CHAMPION,tb_567ea9be_llccqq624_ptcg-alakazam-marniebelief-0723-a,485,second,win,PRIZES,161,0,6
CHAMPION,tb_567ea9be_llccqq624_ptcg-alakazam-marniebelief-0723-a,486,first,loss,PRIZES,106,6,0
CHAMPION,tb_567ea9be_llccqq624_ptcg-alakazam-marniebelief-0723-a,487,second,win,NO_BENCH,124,1,1
CHAMPION,tb_567ea9be_llccqq624_ptcg-alakazam-marniebelief-0723-a,489,second,win,PRIZES,135,0,4
CHAMPION,tb_567ea9be_llccqq624_ptcg-alakazam-marniebelief-0723-a,488,first,win,PRIZES,160,0,3
CHAMPION,tb_567ea9be_llccqq624_ptcg-alakazam-marniebelief-0723-a,490,first,win,PRIZES,159,0,4
CHAMPION,tb_567ea9be_llccqq624_ptcg-alakazam-marniebelief-0723-a,493,second,win,NO_BENCH,20,5,6
CHAMPION,tb_567ea9be_llccqq624_ptcg-alakazam-marniebelief-0723-a,491,second,win,PRIZES,166,0,3
CHAMPION,tb_567ea9be_llccqq624_ptcg-alakazam-marniebelief-0723-a,495,second,win,NO_BENCH,126,1,6
CHAMPION,tb_567ea9be_llccqq624_ptcg-alakazam-marniebelief-0723-a,492,first,loss,PRIZES,160,2,0
CHAMPION,tb_567ea9be_llccqq624_ptcg-alakazam-marniebelief-0723-a,494,first,loss,PRIZES,155,2,0
CHAMPION,tb_567ea9be_llccqq624_ptcg-alakazam-marniebelief-0723-a,497,second,win,NO_BENCH,143,1,3
CHAMPION,tb_567ea9be_llccqq624_ptcg-alakazam-marniebelief-0723-a,496,first,loss,PRIZES,107,5,0
CHAMPION,tb_567ea9be_llccqq624_ptcg-alakazam-marniebelief-0723-a,499,second,win,NO_BENCH,88,4,6
CHAMPION,tb_567ea9be_llccqq624_ptcg-alakazam-marniebelief-0723-a,500,first,win,PRIZES,146,0,6
CHAMPION,tb_567ea9be_llccqq624_ptcg-alakazam-marniebelief-0723-a,498,first,win,PRIZES,156,0,5
CHAMPION,tb_567ea9be_llccqq624_ptcg-alakazam-marniebelief-0723-a,502,first,win,PRIZES,143,0,5
CHAMPION,tb_567ea9be_llccqq624_ptcg-alakazam-marniebelief-0723-a,501,second,win,PRIZES,146,0,5
CHAMPION,tb_567ea9be_llccqq624_ptcg-alakazam-marniebelief-0723-a,503,second,win,PRIZES,142,0,6
CHAMPION,tb_567ea9be_llccqq624_ptcg-alakazam-marniebelief-0723-a,505,second,win,PRIZES,153,0,2
CHAMPION,tb_567ea9be_llccqq624_ptcg-alakazam-marniebelief-0723-a,504,first,loss,PRIZES,104,3,0
CHAMPION,tb_567ea9be_llccqq624_ptcg-alakazam-marniebelief-0723-a,506,first,loss,PRIZES,105,5,0
CHAMPION,tb_567ea9be_llccqq624_ptcg-alakazam-marniebelief-0723-a,507,second,loss,PRIZES,137,2,0
CHAMPION,tb_567ea9be_llccqq624_ptcg-alakazam-marniebelief-0723-a,508,first,win,PRIZES,172,0,3
CHAMPION,tb_567ea9be_llccqq624_ptcg-alakazam-marniebelief-0723-a,509,second,win,PRIZES,165,0,6
CHAMPION,tb_567ea9be_llccqq624_ptcg-alakazam-marniebelief-0723-a,511,second,win,NO_BENCH,30,5,6
CHAMPION,tb_567ea9be_llccqq624_ptcg-alakazam-marniebelief-0723-a,513,second,win,NO_BENCH,87,1,6
CHAMPION,tb_567ea9be_llccqq624_ptcg-alakazam-marniebelief-0723-a,512,first,win,PRIZES,124,0,4
CHAMPION,tb_567ea9be_llccqq624_ptcg-alakazam-marniebelief-0723-a,510,first,loss,PRIZES,163,1,0
CHAMPION,tb_567ea9be_llccqq624_ptcg-alakazam-marniebelief-0723-a,515,second,win,PRIZES,150,0,4
CHAMPION,tb_567ea9be_llccqq624_ptcg-alakazam-marniebelief-0723-a,514,first,win,PRIZES,147,0,6
CHAMPION,tb_567ea9be_llccqq624_ptcg-alakazam-marniebelief-0723-a,517,second,win,PRIZES,140,0,6
CHAMPION,tb_567ea9be_llccqq624_ptcg-alakazam-marniebelief-0723-a,518,first,loss,PRIZES,124,3,0
CHAMPION,tb_567ea9be_llccqq624_ptcg-alakazam-marniebelief-0723-a,516,first,win,DECKOUT,147,2,2
CHAMPION,tb_567ea9be_llccqq624_ptcg-alakazam-marniebelief-0723-a,521,second,win,PRIZES,156,0,6
CHAMPION,tb_567ea9be_llccqq624_ptcg-alakazam-marniebelief-0723-a,519,second,win,PRIZES,139,0,2
CHAMPION,tb_567ea9be_llccqq624_ptcg-alakazam-marniebelief-0723-a,522,first,loss,PRIZES,147,3,0
CHAMPION,tb_567ea9be_llccqq624_ptcg-alakazam-marniebelief-0723-a,523,second,win,NO_BENCH,116,1,6
CHAMPION,tb_567ea9be_llccqq624_ptcg-alakazam-marniebelief-0723-a,520,first,win,PRIZES,176,0,2
CHAMPION,tb_567ea9be_llccqq624_ptcg-alakazam-marniebelief-0723-a,524,first,loss,PRIZES,134,3,0
CHAMPION,tb_567ea9be_llccqq624_ptcg-alakazam-marniebelief-0723-a,525,second,win,PRIZES,132,0,2
CHAMPION,tb_567ea9be_llccqq624_ptcg-alakazam-marniebelief-0723-a,526,first,loss,PRIZES,150,2,0
CHAMPION,tb_567ea9be_llccqq624_ptcg-alakazam-marniebelief-0723-a,527,second,loss,PRIZES,128,3,0
CHAMPION,tb_567ea9be_llccqq624_ptcg-alakazam-marniebelief-0723-a,528,first,loss,PRIZES,129,3,0
CHAMPION,tb_567ea9be_llccqq624_ptcg-alakazam-marniebelief-0723-a,529,second,win,PRIZES,132,0,1
CHAMPION,tb_567ea9be_llccqq624_ptcg-alakazam-marniebelief-0723-a,530,first,win,PRIZES,131,0,6
CHAMPION,tb_567ea9be_llccqq624_ptcg-alakazam-marniebelief-0723-a,533,second,win,NO_BENCH,80,2,6
CHAMPION,tb_567ea9be_llccqq624_ptcg-alakazam-marniebelief-0723-a,531,second,loss,PRIZES,136,1,0
CHAMPION,tb_567ea9be_llccqq624_ptcg-alakazam-marniebelief-0723-a,532,first,win,PRIZES,151,0,5
CHAMPION,tb_567ea9be_llccqq624_ptcg-alakazam-marniebelief-0723-a,535,second,loss,NO_BENCH,40,6,5
CHAMPION,tb_567ea9be_llccqq624_ptcg-alakazam-marniebelief-0723-a,534,first,loss,PRIZES,140,2,0
CHAMPION,tb_567ea9be_llccqq624_ptcg-alakazam-marniebelief-0723-a,537,second,win,PRIZES,127,0,4
CHAMPION,tb_567ea9be_llccqq624_ptcg-alakazam-marniebelief-0723-a,536,first,win,PRIZES,152,0,2
CHAMPION,tb_567ea9be_llccqq624_ptcg-alakazam-marniebelief-0723-a,538,first,win,PRIZES,148,0,2
CHAMPION,tb_567ea9be_llccqq624_ptcg-alakazam-marniebelief-0723-a,539,second,loss,PRIZES,111,2,0
CHAMPION,tb_567ea9be_llccqq624_ptcg-alakazam-marniebelief-0723-a,541,second,win,PRIZES,162,0,2
CHAMPION,tb_567ea9be_llccqq624_ptcg-alakazam-marniebelief-0723-a,540,first,loss,PRIZES,161,3,0
CHAMPION,tb_567ea9be_llccqq624_ptcg-alakazam-marniebelief-0723-a,542,first,win,DECKOUT,171,1,1
CHAMPION,tb_567ea9be_llccqq624_ptcg-alakazam-marniebelief-0723-a,545,second,loss,PRIZES,96,5,0
CHAMPION,tb_567ea9be_llccqq624_ptcg-alakazam-marniebelief-0723-a,543,second,draw,UNKNOWN,156,0,0
CHAMPION,tb_567ea9be_llccqq624_ptcg-alakazam-marniebelief-0723-a,547,second,win,NO_BENCH,113,1,5
CHAMPION,tb_567ea9be_llccqq624_ptcg-alakazam-marniebelief-0723-a,544,first,win,PRIZES,167,0,3
CHAMPION,tb_567ea9be_llccqq624_ptcg-alakazam-marniebelief-0723-a,546,first,loss,PRIZES,138,1,0
CHAMPION,tb_567ea9be_llccqq624_ptcg-alakazam-marniebelief-0723-a,550,first,win,NO_BENCH,50,4,6
CHAMPION,tb_567ea9be_llccqq624_ptcg-alakazam-marniebelief-0723-a,548,first,loss,NO_BENCH,51,6,4
CHAMPION,tb_567ea9be_llccqq624_ptcg-alakazam-marniebelief-0723-a,549,second,loss,PRIZES,89,4,0
CHAMPION,tb_567ea9be_llccqq624_ptcg-alakazam-marniebelief-0723-a,551,second,loss,PRIZES,95,4,0
CHAMPION,tb_567ea9be_llccqq624_ptcg-alakazam-marniebelief-0723-a,553,second,win,NO_BENCH,122,1,6
CHAMPION,tb_567ea9be_llccqq624_ptcg-alakazam-marniebelief-0723-a,555,second,win,DECKOUT,138,4,2
CHAMPION,tb_567ea9be_llccqq624_ptcg-alakazam-marniebelief-0723-a,552,first,loss,PRIZES,128,3,0
CHAMPION,tb_567ea9be_llccqq624_ptcg-alakazam-marniebelief-0723-a,554,first,win,PRIZES,159,0,1
CHAMPION,tb_567ea9be_llccqq624_ptcg-alakazam-marniebelief-0723-a,557,second,loss,PRIZES,135,4,0
CHAMPION,tb_567ea9be_llccqq624_ptcg-alakazam-marniebelief-0723-a,556,first,loss,PRIZES,133,1,0
CHAMPION,tb_567ea9be_llccqq624_ptcg-alakazam-marniebelief-0723-a,558,first,loss,PRIZES,152,2,0
CHAMPION,tb_567ea9be_llccqq624_ptcg-alakazam-marniebelief-0723-a,561,second,win,PRIZES,134,0,6
CHAMPION,tb_567ea9be_llccqq624_ptcg-alakazam-marniebelief-0723-a,559,second,win,PRIZES,155,0,1
CHAMPION,tb_567ea9be_llccqq624_ptcg-alakazam-marniebelief-0723-a,560,first,win,PRIZES,153,0,1
CHAMPION,tb_567ea9be_llccqq624_ptcg-alakazam-marniebelief-0723-a,564,first,win,NO_BENCH,118,2,6
CHAMPION,tb_567ea9be_llccqq624_ptcg-alakazam-marniebelief-0723-a,562,first,win,PRIZES,164,0,2
CHAMPION,tb_567ea9be_llccqq624_ptcg-alakazam-marniebelief-0723-a,563,second,win,PRIZES,208,0,4
CHAMPION,tb_567ea9be_llccqq624_ptcg-alakazam-marniebelief-0723-a,565,second,win,PRIZES,146,0,3
CHAMPION,tb_567ea9be_llccqq624_ptcg-alakazam-marniebelief-0723-a,566,first,loss,PRIZES,137,3,0
CHAMPION,tb_567ea9be_llccqq624_ptcg-alakazam-marniebelief-0723-a,567,second,win,PRIZES,166,0,3
CHAMPION,tb_567ea9be_llccqq624_ptcg-alakazam-marniebelief-0723-a,570,first,win,NO_BENCH,34,5,6
CHAMPION,tb_567ea9be_llccqq624_ptcg-alakazam-marniebelief-0723-a,568,first,win,PRIZES,145,0,1
CHAMPION,tb_567ea9be_llccqq624_ptcg-alakazam-marniebelief-0723-a,571,second,win,PRIZES,141,0,6
CHAMPION,tb_567ea9be_llccqq624_ptcg-alakazam-marniebelief-0723-a,572,first,win,NO_BENCH,54,4,6
CHAMPION,tb_567ea9be_llccqq624_ptcg-alakazam-marniebelief-0723-a,569,second,loss,PRIZES,140,1,0
CHAMPION,tb_567ea9be_llccqq624_ptcg-alakazam-marniebelief-0723-a,574,first,loss,PRIZES,115,3,0
CHAMPION,tb_567ea9be_llccqq624_ptcg-alakazam-marniebelief-0723-a,573,second,loss,PRIZES,126,3,0
CHAMPION,tb_567ea9be_llccqq624_ptcg-alakazam-marniebelief-0723-a,576,first,win,NO_BENCH,82,3,6
CHAMPION,tb_567ea9be_llccqq624_ptcg-alakazam-marniebelief-0723-a,575,second,loss,PRIZES,142,1,0
CHAMPION,tb_567ea9be_llccqq624_ptcg-alakazam-marniebelief-0723-a,578,first,win,PRIZES,128,0,6
CHAMPION,tb_567ea9be_llccqq624_ptcg-alakazam-marniebelief-0723-a,577,second,loss,PRIZES,90,5,0
CHAMPION,tb_567ea9be_llccqq624_ptcg-alakazam-marniebelief-0723-a,579,second,loss,PRIZES,130,1,0
CHAMPION,tb_567ea9be_llccqq624_ptcg-alakazam-marniebelief-0723-a,580,first,loss,PRIZES,99,5,0
CHAMPION,tb_567ea9be_llccqq624_ptcg-alakazam-marniebelief-0723-a,581,second,loss,PRIZES,162,2,0
CHAMPION,tb_567ea9be_llccqq624_ptcg-alakazam-marniebelief-0723-a,582,first,win,PRIZES,142,0,3
CHAMPION,tb_567ea9be_llccqq624_ptcg-alakazam-marniebelief-0723-a,583,second,loss,PRIZES,167,1,0
CHAMPION,tb_567ea9be_llccqq624_ptcg-alakazam-marniebelief-0723-a,585,second,loss,PRIZES,117,3,0
CHAMPION,tb_567ea9be_llccqq624_ptcg-alakazam-marniebelief-0723-a,586,first,win,PRIZES,145,0,5
CHAMPION,tb_567ea9be_llccqq624_ptcg-alakazam-marniebelief-0723-a,587,second,win,NO_BENCH,77,4,6
CHAMPION,tb_567ea9be_llccqq624_ptcg-alakazam-marniebelief-0723-a,584,first,loss,PRIZES,143,3,0
CHAMPION,tb_567ea9be_llccqq624_ptcg-alakazam-marniebelief-0723-a,590,first,loss,PRIZES,140,5,0
CHAMPION,tb_567ea9be_llccqq624_ptcg-alakazam-marniebelief-0723-a,589,second,loss,PRIZES,165,1,0
CHAMPION,tb_567ea9be_llccqq624_ptcg-alakazam-marniebelief-0723-a,591,second,win,PRIZES,129,0,3
CHAMPION,tb_567ea9be_llccqq624_ptcg-alakazam-marniebelief-0723-a,588,first,loss,PRIZES,177,1,0
CHAMPION,tb_567ea9be_llccqq624_ptcg-alakazam-marniebelief-0723-a,592,first,loss,PRIZES,124,3,0
CHAMPION,tb_567ea9be_llccqq624_ptcg-alakazam-marniebelief-0723-a,594,first,loss,PRIZES,180,1,0
CHAMPION,tb_567ea9be_llccqq624_ptcg-alakazam-marniebelief-0723-a,595,second,win,PRIZES,150,0,2
CHAMPION,tb_567ea9be_llccqq624_ptcg-alakazam-marniebelief-0723-a,593,second,win,PRIZES,178,0,1
CHAMPION,tb_567ea9be_llccqq624_ptcg-alakazam-marniebelief-0723-a,597,second,loss,NO_BENCH,35,6,4
CHAMPION,tb_567ea9be_llccqq624_ptcg-alakazam-marniebelief-0723-a,598,first,win,PRIZES,153,0,4
CHAMPION,tb_567ea9be_llccqq624_ptcg-alakazam-marniebelief-0723-a,596,first,win,PRIZES,175,0,4
CHAMPION,tb_567ea9be_llccqq624_ptcg-alakazam-marniebelief-0723-a,599,second,loss,PRIZES,103,3,0
CHAMPION,tb_f2e2c18d_grimmsnarl_bc_alias,0,first,win,PRIZES,119,0,6
CHAMPION,tb_f2e2c18d_grimmsnarl_bc_alias,1,second,loss,PRIZES,189,1,0
CHAMPION,tb_f2e2c18d_grimmsnarl_bc_alias,2,first,win,PRIZES,126,0,6
CHAMPION,tb_f2e2c18d_grimmsnarl_bc_alias,3,second,loss,PRIZES,164,1,0
CHAMPION,tb_f2e2c18d_grimmsnarl_bc_alias,4,first,loss,PRIZES,159,3,0
CHAMPION,tb_f2e2c18d_grimmsnarl_bc_alias,5,second,loss,PRIZES,109,5,0
CHAMPION,tb_f2e2c18d_grimmsnarl_bc_alias,6,first,win,PRIZES,196,0,1
CHAMPION,tb_f2e2c18d_grimmsnarl_bc_alias,7,second,win,PRIZES,142,0,4
CHAMPION,tb_f2e2c18d_grimmsnarl_bc_alias,8,first,win,PRIZES,226,0,1
CHAMPION,tb_f2e2c18d_grimmsnarl_bc_alias,9,second,win,NO_BENCH,26,5,6
CHAMPION,tb_f2e2c18d_grimmsnarl_bc_alias,10,first,loss,PRIZES,178,1,0
CHAMPION,tb_f2e2c18d_grimmsnarl_bc_alias,11,second,loss,PRIZES,145,5,0
CHAMPION,tb_f2e2c18d_grimmsnarl_bc_alias,12,first,win,PRIZES,114,0,6
CHAMPION,tb_f2e2c18d_grimmsnarl_bc_alias,13,second,win,PRIZES,156,0,3
CHAMPION,tb_f2e2c18d_grimmsnarl_bc_alias,14,first,loss,PRIZES,149,3,0
CHAMPION,tb_f2e2c18d_grimmsnarl_bc_alias,15,second,loss,PRIZES,109,5,0
CHAMPION,tb_f2e2c18d_grimmsnarl_bc_alias,16,first,win,PRIZES,135,0,5
CHAMPION,tb_f2e2c18d_grimmsnarl_bc_alias,17,second,loss,PRIZES,159,3,0
CHAMPION,tb_f2e2c18d_grimmsnarl_bc_alias,18,first,win,PRIZES,147,0,5
CHAMPION,tb_f2e2c18d_grimmsnarl_bc_alias,19,second,win,PRIZES,127,0,4
CHAMPION,tb_f2e2c18d_grimmsnarl_bc_alias,20,first,win,PRIZES,146,0,2
CHAMPION,tb_f2e2c18d_grimmsnarl_bc_alias,21,second,loss,PRIZES,140,2,0
CHAMPION,tb_f2e2c18d_grimmsnarl_bc_alias,22,first,win,PRIZES,148,0,4
CHAMPION,tb_f2e2c18d_grimmsnarl_bc_alias,23,second,win,PRIZES,136,0,6
CHAMPION,tb_f2e2c18d_grimmsnarl_bc_alias,24,first,win,PRIZES,208,0,4
CHAMPION,tb_f2e2c18d_grimmsnarl_bc_alias,25,second,win,PRIZES,146,0,6
CHAMPION,tb_f2e2c18d_grimmsnarl_bc_alias,26,first,win,PRIZES,176,0,4
CHAMPION,tb_f2e2c18d_grimmsnarl_bc_alias,27,second,loss,PRIZES,97,6,0
CHAMPION,tb_f2e2c18d_grimmsnarl_bc_alias,28,first,loss,PRIZES,160,3,0
CHAMPION,tb_f2e2c18d_grimmsnarl_bc_alias,29,second,loss,PRIZES,161,3,0
CHAMPION,tb_f2e2c18d_grimmsnarl_bc_alias,30,first,loss,NO_BENCH,88,6,3
CHAMPION,tb_f2e2c18d_grimmsnarl_bc_alias,31,second,loss,PRIZES,132,2,0
CHAMPION,tb_f2e2c18d_grimmsnarl_bc_alias,32,first,loss,NO_BENCH,56,6,4
CHAMPION,tb_f2e2c18d_grimmsnarl_bc_alias,33,second,loss,PRIZES,185,2,0
CHAMPION,tb_f2e2c18d_grimmsnarl_bc_alias,34,first,win,PRIZES,151,0,2
CHAMPION,tb_f2e2c18d_grimmsnarl_bc_alias,35,second,loss,PRIZES,135,3,0
CHAMPION,tb_f2e2c18d_grimmsnarl_bc_alias,36,first,loss,PRIZES,125,4,0
CHAMPION,tb_f2e2c18d_grimmsnarl_bc_alias,37,second,win,PRIZES,155,0,4
CHAMPION,tb_f2e2c18d_grimmsnarl_bc_alias,38,first,win,PRIZES,213,0,4
CHAMPION,tb_f2e2c18d_grimmsnarl_bc_alias,39,second,loss,PRIZES,117,4,0
CHAMPION,tb_f2e2c18d_grimmsnarl_bc_alias,40,first,win,PRIZES,131,0,6
CHAMPION,tb_f2e2c18d_grimmsnarl_bc_alias,41,second,win,PRIZES,154,0,3
CHAMPION,tb_f2e2c18d_grimmsnarl_bc_alias,42,first,loss,PRIZES,166,3,0
CHAMPION,tb_f2e2c18d_grimmsnarl_bc_alias,43,second,loss,PRIZES,132,3,0
CHAMPION,tb_f2e2c18d_grimmsnarl_bc_alias,44,first,win,PRIZES,191,0,2
CHAMPION,tb_f2e2c18d_grimmsnarl_bc_alias,45,second,win,PRIZES,144,0,6
CHAMPION,tb_f2e2c18d_grimmsnarl_bc_alias,46,first,win,PRIZES,157,0,1
CHAMPION,tb_f2e2c18d_grimmsnarl_bc_alias,47,second,win,NO_BENCH,108,1,6
CHAMPION,tb_f2e2c18d_grimmsnarl_bc_alias,48,first,loss,PRIZES,174,1,0
CHAMPION,tb_f2e2c18d_grimmsnarl_bc_alias,49,second,loss,PRIZES,89,5,0
CHAMPION,tb_f2e2c18d_grimmsnarl_bc_alias,50,first,win,PRIZES,155,0,2
CHAMPION,tb_f2e2c18d_grimmsnarl_bc_alias,51,second,loss,PRIZES,145,3,0
CHAMPION,tb_f2e2c18d_grimmsnarl_bc_alias,52,first,win,PRIZES,173,0,3
CHAMPION,tb_f2e2c18d_grimmsnarl_bc_alias,53,second,win,PRIZES,171,0,2
CHAMPION,tb_f2e2c18d_grimmsnarl_bc_alias,54,first,win,PRIZES,144,0,3
CHAMPION,tb_f2e2c18d_grimmsnarl_bc_alias,55,second,loss,PRIZES,133,1,0
CHAMPION,tb_f2e2c18d_grimmsnarl_bc_alias,56,first,loss,PRIZES,184,1,0
CHAMPION,tb_f2e2c18d_grimmsnarl_bc_alias,57,second,win,PRIZES,167,0,5
CHAMPION,tb_f2e2c18d_grimmsnarl_bc_alias,58,first,win,NO_BENCH,35,5,6
CHAMPION,tb_f2e2c18d_grimmsnarl_bc_alias,59,second,loss,NO_BENCH,58,6,4
CHAMPION,tb_f2e2c18d_grimmsnarl_bc_alias,60,first,loss,PRIZES,136,1,0
CHAMPION,tb_f2e2c18d_grimmsnarl_bc_alias,61,second,loss,PRIZES,144,2,0
CHAMPION,tb_f2e2c18d_grimmsnarl_bc_alias,62,first,win,PRIZES,174,0,2
CHAMPION,tb_f2e2c18d_grimmsnarl_bc_alias,63,second,loss,PRIZES,172,2,0
CHAMPION,tb_f2e2c18d_grimmsnarl_bc_alias,64,first,loss,PRIZES,195,1,0
CHAMPION,tb_f2e2c18d_grimmsnarl_bc_alias,65,second,loss,PRIZES,125,5,0
CHAMPION,tb_f2e2c18d_grimmsnarl_bc_alias,66,first,win,PRIZES,159,0,2
CHAMPION,tb_f2e2c18d_grimmsnarl_bc_alias,67,second,loss,NO_BENCH,97,5,1
CHAMPION,tb_f2e2c18d_grimmsnarl_bc_alias,68,first,win,PRIZES,147,0,1
CHAMPION,tb_f2e2c18d_grimmsnarl_bc_alias,69,second,loss,PRIZES,137,2,0
CHAMPION,tb_f2e2c18d_grimmsnarl_bc_alias,70,first,loss,PRIZES,150,3,0
CHAMPION,tb_f2e2c18d_grimmsnarl_bc_alias,71,second,win,NO_BENCH,27,5,6
CHAMPION,tb_f2e2c18d_grimmsnarl_bc_alias,72,first,win,PRIZES,116,0,6
CHAMPION,tb_f2e2c18d_grimmsnarl_bc_alias,73,second,win,PRIZES,169,0,2
CHAMPION,tb_f2e2c18d_grimmsnarl_bc_alias,74,first,win,PRIZES,177,0,1
CHAMPION,tb_f2e2c18d_grimmsnarl_bc_alias,75,second,win,PRIZES,149,0,6
CHAMPION,tb_f2e2c18d_grimmsnarl_bc_alias,76,first,loss,PRIZES,180,1,0
CHAMPION,tb_f2e2c18d_grimmsnarl_bc_alias,77,second,win,PRIZES,162,0,6
CHAMPION,tb_f2e2c18d_grimmsnarl_bc_alias,78,first,win,PRIZES,172,0,5
CHAMPION,tb_f2e2c18d_grimmsnarl_bc_alias,79,second,win,PRIZES,170,0,2
CHAMPION,tb_f2e2c18d_grimmsnarl_bc_alias,80,first,win,PRIZES,174,0,2
CHAMPION,tb_f2e2c18d_grimmsnarl_bc_alias,81,second,loss,PRIZES,177,2,0
CHAMPION,tb_f2e2c18d_grimmsnarl_bc_alias,82,first,win,PRIZES,174,0,1
CHAMPION,tb_f2e2c18d_grimmsnarl_bc_alias,83,second,loss,PRIZES,153,3,0
CHAMPION,tb_f2e2c18d_grimmsnarl_bc_alias,84,first,win,PRIZES,116,0,6
CHAMPION,tb_f2e2c18d_grimmsnarl_bc_alias,85,second,win,PRIZES,171,0,1
CHAMPION,tb_f2e2c18d_grimmsnarl_bc_alias,86,first,win,PRIZES,152,0,4
CHAMPION,tb_f2e2c18d_grimmsnarl_bc_alias,87,second,win,PRIZES,172,0,3
CHAMPION,tb_f2e2c18d_grimmsnarl_bc_alias,88,first,win,PRIZES,146,0,1
CHAMPION,tb_f2e2c18d_grimmsnarl_bc_alias,89,second,win,PRIZES,186,0,1
CHAMPION,tb_f2e2c18d_grimmsnarl_bc_alias,90,first,win,PRIZES,204,0,3
CHAMPION,tb_f2e2c18d_grimmsnarl_bc_alias,91,second,loss,PRIZES,202,1,0
CHAMPION,tb_f2e2c18d_grimmsnarl_bc_alias,92,first,win,PRIZES,178,0,1
CHAMPION,tb_f2e2c18d_grimmsnarl_bc_alias,93,second,loss,PRIZES,139,1,0
CHAMPION,tb_f2e2c18d_grimmsnarl_bc_alias,94,first,win,PRIZES,176,0,1
CHAMPION,tb_f2e2c18d_grimmsnarl_bc_alias,95,second,win,PRIZES,178,0,2
CHAMPION,tb_f2e2c18d_grimmsnarl_bc_alias,96,first,loss,PRIZES,138,4,0
CHAMPION,tb_f2e2c18d_grimmsnarl_bc_alias,97,second,win,PRIZES,168,0,5
CHAMPION,tb_f2e2c18d_grimmsnarl_bc_alias,98,first,win,PRIZES,143,0,1
CHAMPION,tb_f2e2c18d_grimmsnarl_bc_alias,99,second,win,PRIZES,151,0,4
CHAMPION,tb_f2e2c18d_grimmsnarl_bc_alias,100,first,loss,PRIZES,147,3,0
CHAMPION,tb_f2e2c18d_grimmsnarl_bc_alias,101,second,loss,PRIZES,153,1,0
CHAMPION,tb_f2e2c18d_grimmsnarl_bc_alias,102,first,loss,PRIZES,132,2,0
CHAMPION,tb_f2e2c18d_grimmsnarl_bc_alias,103,second,loss,PRIZES,172,3,0
CHAMPION,tb_f2e2c18d_grimmsnarl_bc_alias,104,first,loss,PRIZES,175,1,0
CHAMPION,tb_f2e2c18d_grimmsnarl_bc_alias,105,second,loss,PRIZES,123,3,0
CHAMPION,tb_f2e2c18d_grimmsnarl_bc_alias,106,first,loss,PRIZES,147,2,0
CHAMPION,tb_f2e2c18d_grimmsnarl_bc_alias,107,second,win,PRIZES,134,0,4
CHAMPION,tb_f2e2c18d_grimmsnarl_bc_alias,108,first,loss,PRIZES,152,2,0
CHAMPION,tb_f2e2c18d_grimmsnarl_bc_alias,109,second,loss,PRIZES,159,1,0
CHAMPION,tb_f2e2c18d_grimmsnarl_bc_alias,110,first,win,PRIZES,164,0,1
CHAMPION,tb_f2e2c18d_grimmsnarl_bc_alias,111,second,win,PRIZES,149,0,3
CHAMPION,tb_f2e2c18d_grimmsnarl_bc_alias,112,first,win,NO_BENCH,112,1,6
CHAMPION,tb_f2e2c18d_grimmsnarl_bc_alias,113,second,win,PRIZES,124,0,5
CHAMPION,tb_f2e2c18d_grimmsnarl_bc_alias,114,first,loss,PRIZES,179,2,0
CHAMPION,tb_f2e2c18d_grimmsnarl_bc_alias,115,second,loss,PRIZES,175,1,0
CHAMPION,tb_f2e2c18d_grimmsnarl_bc_alias,116,first,win,PRIZES,212,0,4
CHAMPION,tb_f2e2c18d_grimmsnarl_bc_alias,117,second,loss,PRIZES,202,1,0
CHAMPION,tb_f2e2c18d_grimmsnarl_bc_alias,118,first,loss,PRIZES,189,1,0
CHAMPION,tb_f2e2c18d_grimmsnarl_bc_alias,119,second,win,PRIZES,146,0,5
CHAMPION,tb_f2e2c18d_grimmsnarl_bc_alias,120,first,win,PRIZES,147,0,4
CHAMPION,tb_f2e2c18d_grimmsnarl_bc_alias,121,second,win,PRIZES,171,0,1
CHAMPION,tb_f2e2c18d_grimmsnarl_bc_alias,122,first,loss,PRIZES,161,2,0
CHAMPION,tb_f2e2c18d_grimmsnarl_bc_alias,123,second,win,PRIZES,144,0,5
CHAMPION,tb_f2e2c18d_grimmsnarl_bc_alias,124,first,win,PRIZES,145,0,2
CHAMPION,tb_f2e2c18d_grimmsnarl_bc_alias,125,second,win,PRIZES,156,0,5
CHAMPION,tb_f2e2c18d_grimmsnarl_bc_alias,126,first,win,PRIZES,184,0,1
CHAMPION,tb_f2e2c18d_grimmsnarl_bc_alias,127,second,win,PRIZES,142,0,5
CHAMPION,tb_f2e2c18d_grimmsnarl_bc_alias,128,first,win,PRIZES,186,0,4
CHAMPION,tb_f2e2c18d_grimmsnarl_bc_alias,129,second,loss,PRIZES,145,4,0
CHAMPION,tb_f2e2c18d_grimmsnarl_bc_alias,130,first,win,PRIZES,171,0,4
CHAMPION,tb_f2e2c18d_grimmsnarl_bc_alias,131,second,loss,PRIZES,150,1,0
CHAMPION,tb_f2e2c18d_grimmsnarl_bc_alias,132,first,loss,PRIZES,128,4,0
CHAMPION,tb_f2e2c18d_grimmsnarl_bc_alias,133,second,win,PRIZES,144,0,4
CHAMPION,tb_f2e2c18d_grimmsnarl_bc_alias,134,first,win,PRIZES,180,0,3
CHAMPION,tb_f2e2c18d_grimmsnarl_bc_alias,135,second,loss,PRIZES,183,3,0
CHAMPION,tb_f2e2c18d_grimmsnarl_bc_alias,136,first,win,PRIZES,208,0,2
CHAMPION,tb_f2e2c18d_grimmsnarl_bc_alias,137,second,loss,PRIZES,130,3,0
CHAMPION,tb_f2e2c18d_grimmsnarl_bc_alias,138,first,win,PRIZES,125,0,4
CHAMPION,tb_f2e2c18d_grimmsnarl_bc_alias,139,second,loss,PRIZES,130,3,0
CHAMPION,tb_f2e2c18d_grimmsnarl_bc_alias,140,first,win,NO_BENCH,36,5,6
CHAMPION,tb_f2e2c18d_grimmsnarl_bc_alias,141,second,win,PRIZES,159,0,2
CHAMPION,tb_f2e2c18d_grimmsnarl_bc_alias,142,first,loss,PRIZES,147,5,0
CHAMPION,tb_f2e2c18d_grimmsnarl_bc_alias,143,second,loss,PRIZES,156,3,0
CHAMPION,tb_f2e2c18d_grimmsnarl_bc_alias,144,first,loss,PRIZES,169,2,0
CHAMPION,tb_f2e2c18d_grimmsnarl_bc_alias,145,second,loss,PRIZES,167,1,0
CHAMPION,tb_f2e2c18d_grimmsnarl_bc_alias,146,first,loss,PRIZES,145,2,0
CHAMPION,tb_f2e2c18d_grimmsnarl_bc_alias,147,second,win,PRIZES,140,0,5
CHAMPION,tb_f2e2c18d_grimmsnarl_bc_alias,148,first,loss,PRIZES,178,2,0
CHAMPION,tb_f2e2c18d_grimmsnarl_bc_alias,149,second,win,PRIZES,164,0,6
CHAMPION,tb_f2e2c18d_grimmsnarl_bc_alias,150,first,win,PRIZES,108,0,5
CHAMPION,tb_f2e2c18d_grimmsnarl_bc_alias,151,second,loss,PRIZES,120,5,0
CHAMPION,tb_f2e2c18d_grimmsnarl_bc_alias,152,first,win,PRIZES,157,0,5
CHAMPION,tb_f2e2c18d_grimmsnarl_bc_alias,153,second,win,PRIZES,160,0,4
CHAMPION,tb_f2e2c18d_grimmsnarl_bc_alias,154,first,loss,PRIZES,165,2,0
CHAMPION,tb_f2e2c18d_grimmsnarl_bc_alias,155,second,win,PRIZES,177,0,4
CHAMPION,tb_f2e2c18d_grimmsnarl_bc_alias,156,first,win,NO_BENCH,80,3,6
CHAMPION,tb_f2e2c18d_grimmsnarl_bc_alias,157,second,loss,PRIZES,197,1,0
CHAMPION,tb_f2e2c18d_grimmsnarl_bc_alias,158,first,loss,PRIZES,186,2,0
CHAMPION,tb_f2e2c18d_grimmsnarl_bc_alias,159,second,win,PRIZES,185,0,3
CHAMPION,tb_f2e2c18d_grimmsnarl_bc_alias,160,first,win,PRIZES,161,0,2
CHAMPION,tb_f2e2c18d_grimmsnarl_bc_alias,161,second,win,PRIZES,167,0,4
CHAMPION,tb_f2e2c18d_grimmsnarl_bc_alias,162,first,win,PRIZES,117,0,6
CHAMPION,tb_f2e2c18d_grimmsnarl_bc_alias,163,second,loss,PRIZES,144,3,0
CHAMPION,tb_f2e2c18d_grimmsnarl_bc_alias,164,first,win,PRIZES,165,0,4
CHAMPION,tb_f2e2c18d_grimmsnarl_bc_alias,165,second,win,PRIZES,178,0,4
CHAMPION,tb_f2e2c18d_grimmsnarl_bc_alias,166,first,win,PRIZES,171,0,1
CHAMPION,tb_f2e2c18d_grimmsnarl_bc_alias,167,second,win,PRIZES,153,0,2
CHAMPION,tb_f2e2c18d_grimmsnarl_bc_alias,168,first,win,PRIZES,136,0,1
CHAMPION,tb_f2e2c18d_grimmsnarl_bc_alias,169,second,loss,PRIZES,121,6,0
CHAMPION,tb_f2e2c18d_grimmsnarl_bc_alias,170,first,loss,PRIZES,162,1,0
CHAMPION,tb_f2e2c18d_grimmsnarl_bc_alias,171,second,win,PRIZES,179,0,1
CHAMPION,tb_f2e2c18d_grimmsnarl_bc_alias,172,first,loss,PRIZES,186,2,0
CHAMPION,tb_f2e2c18d_grimmsnarl_bc_alias,173,second,loss,PRIZES,161,3,0
CHAMPION,tb_f2e2c18d_grimmsnarl_bc_alias,174,first,loss,NO_BENCH,123,5,1
CHAMPION,tb_f2e2c18d_grimmsnarl_bc_alias,175,second,win,PRIZES,154,0,3
CHAMPION,tb_f2e2c18d_grimmsnarl_bc_alias,176,first,loss,PRIZES,139,4,0
CHAMPION,tb_f2e2c18d_grimmsnarl_bc_alias,177,second,win,PRIZES,185,0,2
CHAMPION,tb_f2e2c18d_grimmsnarl_bc_alias,178,first,win,PRIZES,140,0,6
CHAMPION,tb_f2e2c18d_grimmsnarl_bc_alias,179,second,win,PRIZES,156,0,6
CHAMPION,tb_f2e2c18d_grimmsnarl_bc_alias,180,first,loss,NO_BENCH,65,5,4
CHAMPION,tb_f2e2c18d_grimmsnarl_bc_alias,181,second,loss,PRIZES,148,3,0
CHAMPION,tb_f2e2c18d_grimmsnarl_bc_alias,182,first,win,PRIZES,137,0,4
CHAMPION,tb_f2e2c18d_grimmsnarl_bc_alias,183,second,loss,PRIZES,160,2,0
CHAMPION,tb_f2e2c18d_grimmsnarl_bc_alias,184,first,loss,PRIZES,168,2,0
CHAMPION,tb_f2e2c18d_grimmsnarl_bc_alias,185,second,win,PRIZES,210,0,2
CHAMPION,tb_f2e2c18d_grimmsnarl_bc_alias,186,first,loss,PRIZES,174,3,0
CHAMPION,tb_f2e2c18d_grimmsnarl_bc_alias,187,second,win,NO_BENCH,105,2,6
CHAMPION,tb_f2e2c18d_grimmsnarl_bc_alias,188,first,win,PRIZES,152,0,2
CHAMPION,tb_f2e2c18d_grimmsnarl_bc_alias,189,second,win,PRIZES,181,0,1
CHAMPION,tb_f2e2c18d_grimmsnarl_bc_alias,190,first,win,PRIZES,168,0,5
CHAMPION,tb_f2e2c18d_grimmsnarl_bc_alias,191,second,win,PRIZES,128,0,6
CHAMPION,tb_f2e2c18d_grimmsnarl_bc_alias,192,first,win,PRIZES,142,0,5
CHAMPION,tb_f2e2c18d_grimmsnarl_bc_alias,193,second,loss,PRIZES,128,5,0
CHAMPION,tb_f2e2c18d_grimmsnarl_bc_alias,194,first,loss,PRIZES,94,5,0
CHAMPION,tb_f2e2c18d_grimmsnarl_bc_alias,195,second,loss,PRIZES,151,2,0
CHAMPION,tb_f2e2c18d_grimmsnarl_bc_alias,196,first,win,PRIZES,182,0,4
CHAMPION,tb_f2e2c18d_grimmsnarl_bc_alias,197,second,loss,PRIZES,176,2,0
CHAMPION,tb_f2e2c18d_grimmsnarl_bc_alias,198,first,loss,PRIZES,168,1,0
CHAMPION,tb_f2e2c18d_grimmsnarl_bc_alias,199,second,win,PRIZES,148,0,1
CHAMPION,tb_f2e2c18d_grimmsnarl_bc_alias,200,first,win,PRIZES,145,0,3
CHAMPION,tb_f2e2c18d_grimmsnarl_bc_alias,201,second,win,NO_BENCH,25,5,6
CHAMPION,tb_f2e2c18d_grimmsnarl_bc_alias,202,first,win,PRIZES,187,0,4
CHAMPION,tb_f2e2c18d_grimmsnarl_bc_alias,203,second,win,PRIZES,154,0,4
CHAMPION,tb_f2e2c18d_grimmsnarl_bc_alias,204,first,win,PRIZES,179,0,3
CHAMPION,tb_f2e2c18d_grimmsnarl_bc_alias,205,second,loss,PRIZES,133,4,0
CHAMPION,tb_f2e2c18d_grimmsnarl_bc_alias,206,first,win,PRIZES,164,0,5
CHAMPION,tb_f2e2c18d_grimmsnarl_bc_alias,207,second,win,PRIZES,130,0,6
CHAMPION,tb_f2e2c18d_grimmsnarl_bc_alias,208,first,loss,PRIZES,144,5,0
CHAMPION,tb_f2e2c18d_grimmsnarl_bc_alias,209,second,loss,PRIZES,181,2,0
CHAMPION,tb_f2e2c18d_grimmsnarl_bc_alias,210,first,win,PRIZES,204,0,1
CHAMPION,tb_f2e2c18d_grimmsnarl_bc_alias,212,first,win,NO_BENCH,83,3,6
CHAMPION,tb_f2e2c18d_grimmsnarl_bc_alias,211,second,loss,PRIZES,202,1,0
CHAMPION,tb_f2e2c18d_grimmsnarl_bc_alias,213,second,loss,PRIZES,171,2,0
CHAMPION,tb_f2e2c18d_grimmsnarl_bc_alias,214,first,win,PRIZES,156,0,4
CHAMPION,tb_f2e2c18d_grimmsnarl_bc_alias,215,second,win,PRIZES,145,0,5
CHAMPION,tb_f2e2c18d_grimmsnarl_bc_alias,216,first,win,PRIZES,155,0,6
CHAMPION,tb_f2e2c18d_grimmsnarl_bc_alias,217,second,win,PRIZES,179,0,5
CHAMPION,tb_f2e2c18d_grimmsnarl_bc_alias,218,first,loss,NO_BENCH,91,6,3
CHAMPION,tb_f2e2c18d_grimmsnarl_bc_alias,219,second,win,PRIZES,153,0,2
CHAMPION,tb_f2e2c18d_grimmsnarl_bc_alias,221,second,win,PRIZES,153,0,5
CHAMPION,tb_f2e2c18d_grimmsnarl_bc_alias,220,first,loss,PRIZES,152,2,0
CHAMPION,tb_f2e2c18d_grimmsnarl_bc_alias,222,first,loss,PRIZES,160,2,0
CHAMPION,tb_f2e2c18d_grimmsnarl_bc_alias,224,first,win,PRIZES,157,0,1
CHAMPION,tb_f2e2c18d_grimmsnarl_bc_alias,223,second,win,PRIZES,158,0,4
CHAMPION,tb_f2e2c18d_grimmsnarl_bc_alias,225,second,loss,PRIZES,151,2,0
CHAMPION,tb_f2e2c18d_grimmsnarl_bc_alias,226,first,win,PRIZES,144,0,6
CHAMPION,tb_f2e2c18d_grimmsnarl_bc_alias,227,second,win,PRIZES,147,0,1
CHAMPION,tb_f2e2c18d_grimmsnarl_bc_alias,228,first,loss,PRIZES,165,2,0
CHAMPION,tb_f2e2c18d_grimmsnarl_bc_alias,229,second,loss,NO_BENCH,66,5,4
CHAMPION,tb_f2e2c18d_grimmsnarl_bc_alias,230,first,win,PRIZES,162,0,5
CHAMPION,tb_f2e2c18d_grimmsnarl_bc_alias,231,second,loss,PRIZES,149,3,0
CHAMPION,tb_f2e2c18d_grimmsnarl_bc_alias,232,first,win,PRIZES,150,0,1
CHAMPION,tb_f2e2c18d_grimmsnarl_bc_alias,233,second,loss,PRIZES,96,6,0
CHAMPION,tb_f2e2c18d_grimmsnarl_bc_alias,234,first,win,NO_BENCH,116,1,5
CHAMPION,tb_f2e2c18d_grimmsnarl_bc_alias,235,second,loss,PRIZES,133,4,0
CHAMPION,tb_f2e2c18d_grimmsnarl_bc_alias,236,first,win,PRIZES,192,0,1
CHAMPION,tb_f2e2c18d_grimmsnarl_bc_alias,237,second,win,PRIZES,166,0,3
CHAMPION,tb_f2e2c18d_grimmsnarl_bc_alias,238,first,win,PRIZES,178,0,1
CHAMPION,tb_f2e2c18d_grimmsnarl_bc_alias,239,second,loss,PRIZES,144,4,0
CHAMPION,tb_f2e2c18d_grimmsnarl_bc_alias,240,first,win,NO_BENCH,110,1,6
CHAMPION,tb_f2e2c18d_grimmsnarl_bc_alias,241,second,loss,PRIZES,141,2,0
CHAMPION,tb_f2e2c18d_grimmsnarl_bc_alias,242,first,win,PRIZES,170,0,5
CHAMPION,tb_f2e2c18d_grimmsnarl_bc_alias,243,second,loss,PRIZES,123,2,0
CHAMPION,tb_f2e2c18d_grimmsnarl_bc_alias,244,first,loss,PRIZES,195,1,0
CHAMPION,tb_f2e2c18d_grimmsnarl_bc_alias,245,second,loss,PRIZES,165,3,0
CHAMPION,tb_f2e2c18d_grimmsnarl_bc_alias,246,first,loss,PRIZES,170,1,0
CHAMPION,tb_f2e2c18d_grimmsnarl_bc_alias,247,second,win,PRIZES,183,0,1
CHAMPION,tb_f2e2c18d_grimmsnarl_bc_alias,248,first,win,PRIZES,199,0,1
CHAMPION,tb_f2e2c18d_grimmsnarl_bc_alias,249,second,loss,PRIZES,177,1,0
CHAMPION,tb_f2e2c18d_grimmsnarl_bc_alias,250,first,win,PRIZES,159,0,1
CHAMPION,tb_f2e2c18d_grimmsnarl_bc_alias,251,second,win,PRIZES,201,0,1
CHAMPION,tb_f2e2c18d_grimmsnarl_bc_alias,252,first,loss,PRIZES,124,3,0
CHAMPION,tb_f2e2c18d_grimmsnarl_bc_alias,253,second,loss,PRIZES,117,5,0
CHAMPION,tb_f2e2c18d_grimmsnarl_bc_alias,254,first,win,PRIZES,184,0,2
CHAMPION,tb_f2e2c18d_grimmsnarl_bc_alias,255,second,loss,PRIZES,118,3,0
CHAMPION,tb_f2e2c18d_grimmsnarl_bc_alias,256,first,loss,PRIZES,173,3,0
CHAMPION,tb_f2e2c18d_grimmsnarl_bc_alias,257,second,win,PRIZES,162,0,1
CHAMPION,tb_f2e2c18d_grimmsnarl_bc_alias,258,first,loss,PRIZES,197,1,0
CHAMPION,tb_f2e2c18d_grimmsnarl_bc_alias,259,second,loss,PRIZES,144,3,0
CHAMPION,tb_f2e2c18d_grimmsnarl_bc_alias,260,first,win,PRIZES,177,0,4
CHAMPION,tb_f2e2c18d_grimmsnarl_bc_alias,261,second,loss,PRIZES,131,2,0
CHAMPION,tb_f2e2c18d_grimmsnarl_bc_alias,263,second,win,NO_BENCH,16,5,6
CHAMPION,tb_f2e2c18d_grimmsnarl_bc_alias,262,first,win,PRIZES,166,0,2
CHAMPION,tb_f2e2c18d_grimmsnarl_bc_alias,264,first,loss,PRIZES,157,4,0
CHAMPION,tb_f2e2c18d_grimmsnarl_bc_alias,265,second,win,PRIZES,161,0,1
CHAMPION,tb_f2e2c18d_grimmsnarl_bc_alias,266,first,win,PRIZES,147,0,6
CHAMPION,tb_f2e2c18d_grimmsnarl_bc_alias,267,second,loss,PRIZES,141,3,0
CHAMPION,tb_f2e2c18d_grimmsnarl_bc_alias,268,first,loss,PRIZES,154,2,0
CHAMPION,tb_f2e2c18d_grimmsnarl_bc_alias,269,second,win,PRIZES,168,0,4
CHAMPION,tb_f2e2c18d_grimmsnarl_bc_alias,270,first,loss,PRIZES,134,2,0
CHAMPION,tb_f2e2c18d_grimmsnarl_bc_alias,271,second,loss,PRIZES,170,1,0
CHAMPION,tb_f2e2c18d_grimmsnarl_bc_alias,272,first,win,PRIZES,167,0,4
CHAMPION,tb_f2e2c18d_grimmsnarl_bc_alias,273,second,win,PRIZES,194,0,1
CHAMPION,tb_f2e2c18d_grimmsnarl_bc_alias,274,first,win,PRIZES,142,0,6
CHAMPION,tb_f2e2c18d_grimmsnarl_bc_alias,275,second,win,PRIZES,169,0,2
CHAMPION,tb_f2e2c18d_grimmsnarl_bc_alias,276,first,win,PRIZES,152,0,4
CHAMPION,tb_f2e2c18d_grimmsnarl_bc_alias,277,second,loss,PRIZES,174,1,0
CHAMPION,tb_f2e2c18d_grimmsnarl_bc_alias,278,first,win,PRIZES,188,0,1
CHAMPION,tb_f2e2c18d_grimmsnarl_bc_alias,279,second,loss,PRIZES,229,1,0
CHAMPION,tb_f2e2c18d_grimmsnarl_bc_alias,280,first,win,PRIZES,165,0,1
CHAMPION,tb_f2e2c18d_grimmsnarl_bc_alias,281,second,win,PRIZES,112,0,4
CHAMPION,tb_f2e2c18d_grimmsnarl_bc_alias,282,first,win,PRIZES,129,0,6
CHAMPION,tb_f2e2c18d_grimmsnarl_bc_alias,284,first,win,NO_BENCH,100,1,6
CHAMPION,tb_f2e2c18d_grimmsnarl_bc_alias,283,second,loss,PRIZES,156,2,0
CHAMPION,tb_f2e2c18d_grimmsnarl_bc_alias,285,second,loss,PRIZES,159,2,0
CHAMPION,tb_f2e2c18d_grimmsnarl_bc_alias,286,first,win,NO_BENCH,29,5,6
CHAMPION,tb_f2e2c18d_grimmsnarl_bc_alias,287,second,loss,PRIZES,115,4,0
CHAMPION,tb_f2e2c18d_grimmsnarl_bc_alias,288,first,win,PRIZES,204,0,3
CHAMPION,tb_f2e2c18d_grimmsnarl_bc_alias,289,second,loss,PRIZES,160,2,0
CHAMPION,tb_f2e2c18d_grimmsnarl_bc_alias,290,first,win,PRIZES,152,0,5
CHAMPION,tb_f2e2c18d_grimmsnarl_bc_alias,291,second,loss,PRIZES,182,2,0
CHAMPION,tb_f2e2c18d_grimmsnarl_bc_alias,292,first,win,PRIZES,159,0,1
CHAMPION,tb_f2e2c18d_grimmsnarl_bc_alias,293,second,win,PRIZES,153,0,5
CHAMPION,tb_f2e2c18d_grimmsnarl_bc_alias,294,first,loss,PRIZES,172,1,0
CHAMPION,tb_f2e2c18d_grimmsnarl_bc_alias,295,second,loss,PRIZES,107,3,0
CHAMPION,tb_f2e2c18d_grimmsnarl_bc_alias,296,first,win,PRIZES,132,0,2
CHAMPION,tb_f2e2c18d_grimmsnarl_bc_alias,297,second,loss,PRIZES,120,4,0
CHAMPION,tb_f2e2c18d_grimmsnarl_bc_alias,298,first,win,PRIZES,168,0,1
CHAMPION,tb_f2e2c18d_grimmsnarl_bc_alias,299,second,loss,NO_BENCH,87,5,1
CHAMPION,tb_f2e2c18d_grimmsnarl_bc_alias,300,first,win,NO_BENCH,17,5,6
CHAMPION,tb_f2e2c18d_grimmsnarl_bc_alias,301,second,loss,PRIZES,144,3,0
CHAMPION,tb_f2e2c18d_grimmsnarl_bc_alias,302,first,win,PRIZES,189,0,1
CHAMPION,tb_f2e2c18d_grimmsnarl_bc_alias,303,second,loss,PRIZES,155,5,0
CHAMPION,tb_f2e2c18d_grimmsnarl_bc_alias,305,second,loss,PRIZES,142,2,0
CHAMPION,tb_f2e2c18d_grimmsnarl_bc_alias,304,first,win,PRIZES,175,0,2
CHAMPION,tb_f2e2c18d_grimmsnarl_bc_alias,306,first,win,PRIZES,150,0,4
CHAMPION,tb_f2e2c18d_grimmsnarl_bc_alias,307,second,win,PRIZES,144,0,6
CHAMPION,tb_f2e2c18d_grimmsnarl_bc_alias,308,first,loss,PRIZES,172,1,0
CHAMPION,tb_f2e2c18d_grimmsnarl_bc_alias,309,second,win,PRIZES,135,0,2
CHAMPION,tb_f2e2c18d_grimmsnarl_bc_alias,311,second,win,PRIZES,191,0,1
CHAMPION,tb_f2e2c18d_grimmsnarl_bc_alias,310,first,loss,PRIZES,180,3,0
CHAMPION,tb_f2e2c18d_grimmsnarl_bc_alias,312,first,win,PRIZES,142,0,6
CHAMPION,tb_f2e2c18d_grimmsnarl_bc_alias,314,first,win,PRIZES,120,0,5
CHAMPION,tb_f2e2c18d_grimmsnarl_bc_alias,313,second,loss,PRIZES,184,3,0
CHAMPION,tb_f2e2c18d_grimmsnarl_bc_alias,315,second,loss,PRIZES,150,3,0
CHAMPION,tb_f2e2c18d_grimmsnarl_bc_alias,316,first,win,PRIZES,183,0,3
CHAMPION,tb_f2e2c18d_grimmsnarl_bc_alias,317,second,win,PRIZES,152,0,5
CHAMPION,tb_f2e2c18d_grimmsnarl_bc_alias,318,first,loss,PRIZES,101,3,0
CHAMPION,tb_f2e2c18d_grimmsnarl_bc_alias,319,second,loss,PRIZES,149,3,0
CHAMPION,tb_f2e2c18d_grimmsnarl_bc_alias,320,first,win,PRIZES,172,0,4
CHAMPION,tb_f2e2c18d_grimmsnarl_bc_alias,321,second,loss,PRIZES,136,4,0
CHAMPION,tb_f2e2c18d_grimmsnarl_bc_alias,322,first,win,PRIZES,115,0,6
CHAMPION,tb_f2e2c18d_grimmsnarl_bc_alias,323,second,win,PRIZES,115,0,5
CHAMPION,tb_f2e2c18d_grimmsnarl_bc_alias,324,first,loss,PRIZES,154,1,0
CHAMPION,tb_f2e2c18d_grimmsnarl_bc_alias,325,second,loss,NO_BENCH,38,6,5
CHAMPION,tb_f2e2c18d_grimmsnarl_bc_alias,326,first,win,PRIZES,151,0,1
CHAMPION,tb_f2e2c18d_grimmsnarl_bc_alias,327,second,loss,PRIZES,147,5,0
CHAMPION,tb_f2e2c18d_grimmsnarl_bc_alias,328,first,win,PRIZES,176,0,1
CHAMPION,tb_f2e2c18d_grimmsnarl_bc_alias,329,second,win,PRIZES,159,0,4
CHAMPION,tb_f2e2c18d_grimmsnarl_bc_alias,330,first,loss,PRIZES,162,3,0
CHAMPION,tb_f2e2c18d_grimmsnarl_bc_alias,331,second,win,PRIZES,134,0,2
CHAMPION,tb_f2e2c18d_grimmsnarl_bc_alias,332,first,loss,PRIZES,161,1,0
CHAMPION,tb_f2e2c18d_grimmsnarl_bc_alias,333,second,win,PRIZES,145,0,3
CHAMPION,tb_f2e2c18d_grimmsnarl_bc_alias,334,first,win,PRIZES,162,0,5
CHAMPION,tb_f2e2c18d_grimmsnarl_bc_alias,335,second,win,PRIZES,129,0,5
CHAMPION,tb_f2e2c18d_grimmsnarl_bc_alias,336,first,win,PRIZES,154,0,4
CHAMPION,tb_f2e2c18d_grimmsnarl_bc_alias,337,second,loss,NO_BENCH,81,5,2
CHAMPION,tb_f2e2c18d_grimmsnarl_bc_alias,338,first,loss,PRIZES,150,1,0
CHAMPION,tb_f2e2c18d_grimmsnarl_bc_alias,339,second,loss,PRIZES,104,4,0
CHAMPION,tb_f2e2c18d_grimmsnarl_bc_alias,340,first,loss,PRIZES,197,1,0
CHAMPION,tb_f2e2c18d_grimmsnarl_bc_alias,341,second,win,PRIZES,222,0,3
CHAMPION,tb_f2e2c18d_grimmsnarl_bc_alias,342,first,loss,PRIZES,162,1,0
CHAMPION,tb_f2e2c18d_grimmsnarl_bc_alias,343,second,win,PRIZES,165,0,1
CHAMPION,tb_f2e2c18d_grimmsnarl_bc_alias,344,first,win,PRIZES,203,0,4
CHAMPION,tb_f2e2c18d_grimmsnarl_bc_alias,345,second,loss,NO_BENCH,62,6,3
CHAMPION,tb_f2e2c18d_grimmsnarl_bc_alias,346,first,loss,PRIZES,167,3,0
CHAMPION,tb_f2e2c18d_grimmsnarl_bc_alias,347,second,win,PRIZES,133,0,5
CHAMPION,tb_f2e2c18d_grimmsnarl_bc_alias,348,first,win,PRIZES,187,0,2
CHAMPION,tb_f2e2c18d_grimmsnarl_bc_alias,349,second,loss,PRIZES,90,5,0
CHAMPION,tb_f2e2c18d_grimmsnarl_bc_alias,350,first,win,PRIZES,127,0,3
CHAMPION,tb_f2e2c18d_grimmsnarl_bc_alias,351,second,loss,PRIZES,191,1,0
CHAMPION,tb_f2e2c18d_grimmsnarl_bc_alias,352,first,loss,PRIZES,127,3,0
CHAMPION,tb_f2e2c18d_grimmsnarl_bc_alias,353,second,loss,PRIZES,155,2,0
CHAMPION,tb_f2e2c18d_grimmsnarl_bc_alias,354,first,win,PRIZES,174,0,3
CHAMPION,tb_f2e2c18d_grimmsnarl_bc_alias,355,second,loss,PRIZES,217,1,0
CHAMPION,tb_f2e2c18d_grimmsnarl_bc_alias,356,first,win,PRIZES,169,0,1
CHAMPION,tb_f2e2c18d_grimmsnarl_bc_alias,357,second,win,NO_BENCH,96,2,6
CHAMPION,tb_f2e2c18d_grimmsnarl_bc_alias,358,first,win,PRIZES,137,0,6
CHAMPION,tb_f2e2c18d_grimmsnarl_bc_alias,359,second,loss,PRIZES,108,6,0
CHAMPION,tb_f2e2c18d_grimmsnarl_bc_alias,360,first,loss,PRIZES,183,1,0
CHAMPION,tb_f2e2c18d_grimmsnarl_bc_alias,361,second,win,PRIZES,138,0,4
CHAMPION,tb_f2e2c18d_grimmsnarl_bc_alias,362,first,win,PRIZES,134,0,3
CHAMPION,tb_f2e2c18d_grimmsnarl_bc_alias,363,second,loss,PRIZES,78,6,0
CHAMPION,tb_f2e2c18d_grimmsnarl_bc_alias,364,first,win,PRIZES,162,0,4
CHAMPION,tb_f2e2c18d_grimmsnarl_bc_alias,365,second,win,PRIZES,138,0,3
CHAMPION,tb_f2e2c18d_grimmsnarl_bc_alias,366,first,win,PRIZES,181,0,1
CHAMPION,tb_f2e2c18d_grimmsnarl_bc_alias,367,second,loss,NO_BENCH,76,6,4
CHAMPION,tb_f2e2c18d_grimmsnarl_bc_alias,368,first,win,PRIZES,139,0,3
CHAMPION,tb_f2e2c18d_grimmsnarl_bc_alias,369,second,win,PRIZES,196,0,1
CHAMPION,tb_f2e2c18d_grimmsnarl_bc_alias,371,second,win,PRIZES,134,0,4
CHAMPION,tb_f2e2c18d_grimmsnarl_bc_alias,370,first,loss,PRIZES,186,1,0
CHAMPION,tb_f2e2c18d_grimmsnarl_bc_alias,372,first,win,PRIZES,156,0,2
CHAMPION,tb_f2e2c18d_grimmsnarl_bc_alias,373,second,win,PRIZES,170,0,4
CHAMPION,tb_f2e2c18d_grimmsnarl_bc_alias,374,first,win,PRIZES,186,0,4
CHAMPION,tb_f2e2c18d_grimmsnarl_bc_alias,375,second,win,PRIZES,142,0,6
CHAMPION,tb_f2e2c18d_grimmsnarl_bc_alias,377,second,loss,PRIZES,175,2,0
CHAMPION,tb_f2e2c18d_grimmsnarl_bc_alias,376,first,win,PRIZES,207,0,3
CHAMPION,tb_f2e2c18d_grimmsnarl_bc_alias,378,first,loss,PRIZES,118,5,0
CHAMPION,tb_f2e2c18d_grimmsnarl_bc_alias,379,second,win,PRIZES,157,0,1
CHAMPION,tb_f2e2c18d_grimmsnarl_bc_alias,380,first,loss,PRIZES,139,3,0
CHAMPION,tb_f2e2c18d_grimmsnarl_bc_alias,381,second,loss,PRIZES,164,3,0
CHAMPION,tb_f2e2c18d_grimmsnarl_bc_alias,383,second,loss,PRIZES,127,6,0
CHAMPION,tb_f2e2c18d_grimmsnarl_bc_alias,382,first,win,PRIZES,204,0,1
CHAMPION,tb_f2e2c18d_grimmsnarl_bc_alias,384,first,win,PRIZES,153,0,5
CHAMPION,tb_f2e2c18d_grimmsnarl_bc_alias,386,first,win,PRIZES,132,0,3
CHAMPION,tb_f2e2c18d_grimmsnarl_bc_alias,385,second,loss,PRIZES,179,1,0
CHAMPION,tb_f2e2c18d_grimmsnarl_bc_alias,387,second,win,PRIZES,137,0,5
CHAMPION,tb_f2e2c18d_grimmsnarl_bc_alias,388,first,win,PRIZES,147,0,2
CHAMPION,tb_f2e2c18d_grimmsnarl_bc_alias,389,second,win,PRIZES,178,0,5
CHAMPION,tb_f2e2c18d_grimmsnarl_bc_alias,390,first,win,PRIZES,193,0,2
CHAMPION,tb_f2e2c18d_grimmsnarl_bc_alias,391,second,loss,PRIZES,169,2,0
CHAMPION,tb_f2e2c18d_grimmsnarl_bc_alias,392,first,loss,PRIZES,157,5,0
CHAMPION,tb_f2e2c18d_grimmsnarl_bc_alias,393,second,loss,PRIZES,148,2,0
CHAMPION,tb_f2e2c18d_grimmsnarl_bc_alias,394,first,loss,PRIZES,194,1,0
CHAMPION,tb_f2e2c18d_grimmsnarl_bc_alias,395,second,loss,PRIZES,134,3,0
CHAMPION,tb_f2e2c18d_grimmsnarl_bc_alias,396,first,loss,PRIZES,144,1,0
CHAMPION,tb_f2e2c18d_grimmsnarl_bc_alias,397,second,win,PRIZES,142,0,6
CHAMPION,tb_f2e2c18d_grimmsnarl_bc_alias,398,first,loss,PRIZES,138,1,0
CHAMPION,tb_f2e2c18d_grimmsnarl_bc_alias,399,second,loss,PRIZES,198,2,0
CHAMPION,tb_f2e2c18d_grimmsnarl_bc_alias,400,first,loss,PRIZES,182,3,0
CHAMPION,tb_f2e2c18d_grimmsnarl_bc_alias,401,second,loss,PRIZES,137,1,0
CHAMPION,tb_f2e2c18d_grimmsnarl_bc_alias,402,first,win,PRIZES,134,0,1
CHAMPION,tb_f2e2c18d_grimmsnarl_bc_alias,404,first,loss,NO_BENCH,82,5,1
CHAMPION,tb_f2e2c18d_grimmsnarl_bc_alias,403,second,win,PRIZES,177,0,2
CHAMPION,tb_f2e2c18d_grimmsnarl_bc_alias,405,second,win,PRIZES,147,0,6
CHAMPION,tb_f2e2c18d_grimmsnarl_bc_alias,406,first,win,PRIZES,161,0,3
CHAMPION,tb_f2e2c18d_grimmsnarl_bc_alias,407,second,win,PRIZES,163,0,1
CHAMPION,tb_f2e2c18d_grimmsnarl_bc_alias,408,first,win,PRIZES,154,0,4
CHAMPION,tb_f2e2c18d_grimmsnarl_bc_alias,410,first,win,PRIZES,155,0,6
CHAMPION,tb_f2e2c18d_grimmsnarl_bc_alias,409,second,win,PRIZES,179,0,1
CHAMPION,tb_f2e2c18d_grimmsnarl_bc_alias,411,second,win,PRIZES,192,0,1
CHAMPION,tb_f2e2c18d_grimmsnarl_bc_alias,412,first,loss,PRIZES,108,5,0
CHAMPION,tb_f2e2c18d_grimmsnarl_bc_alias,413,second,win,PRIZES,218,0,2
CHAMPION,tb_f2e2c18d_grimmsnarl_bc_alias,414,first,win,PRIZES,145,0,3
CHAMPION,tb_f2e2c18d_grimmsnarl_bc_alias,415,second,win,PRIZES,125,0,6
CHAMPION,tb_f2e2c18d_grimmsnarl_bc_alias,416,first,loss,PRIZES,186,1,0
CHAMPION,tb_f2e2c18d_grimmsnarl_bc_alias,417,second,loss,PRIZES,130,2,0
CHAMPION,tb_f2e2c18d_grimmsnarl_bc_alias,418,first,win,PRIZES,162,0,2
CHAMPION,tb_f2e2c18d_grimmsnarl_bc_alias,419,second,loss,PRIZES,107,4,0
CHAMPION,tb_f2e2c18d_grimmsnarl_bc_alias,420,first,loss,PRIZES,105,4,0
CHAMPION,tb_f2e2c18d_grimmsnarl_bc_alias,421,second,loss,PRIZES,121,5,0
CHAMPION,tb_f2e2c18d_grimmsnarl_bc_alias,422,first,win,PRIZES,194,0,1
CHAMPION,tb_f2e2c18d_grimmsnarl_bc_alias,423,second,win,PRIZES,152,0,5
CHAMPION,tb_f2e2c18d_grimmsnarl_bc_alias,424,first,win,PRIZES,163,0,1
CHAMPION,tb_f2e2c18d_grimmsnarl_bc_alias,425,second,win,NO_BENCH,43,5,6
CHAMPION,tb_f2e2c18d_grimmsnarl_bc_alias,426,first,loss,PRIZES,126,4,0
CHAMPION,tb_f2e2c18d_grimmsnarl_bc_alias,427,second,loss,PRIZES,184,2,0
CHAMPION,tb_f2e2c18d_grimmsnarl_bc_alias,428,first,loss,PRIZES,166,5,0
CHAMPION,tb_f2e2c18d_grimmsnarl_bc_alias,429,second,loss,PRIZES,194,1,0
CHAMPION,tb_f2e2c18d_grimmsnarl_bc_alias,430,first,loss,PRIZES,164,1,0
CHAMPION,tb_f2e2c18d_grimmsnarl_bc_alias,431,second,loss,PRIZES,168,2,0
CHAMPION,tb_f2e2c18d_grimmsnarl_bc_alias,432,first,win,PRIZES,127,0,1
CHAMPION,tb_f2e2c18d_grimmsnarl_bc_alias,434,first,win,PRIZES,124,0,4
CHAMPION,tb_f2e2c18d_grimmsnarl_bc_alias,433,second,loss,PRIZES,154,2,0
CHAMPION,tb_f2e2c18d_grimmsnarl_bc_alias,435,second,loss,PRIZES,119,4,0
CHAMPION,tb_f2e2c18d_grimmsnarl_bc_alias,437,second,loss,PRIZES,153,2,0
CHAMPION,tb_f2e2c18d_grimmsnarl_bc_alias,436,first,win,PRIZES,169,0,1
CHAMPION,tb_f2e2c18d_grimmsnarl_bc_alias,438,first,loss,PRIZES,183,2,0
CHAMPION,tb_f2e2c18d_grimmsnarl_bc_alias,440,first,loss,PRIZES,108,3,0
CHAMPION,tb_f2e2c18d_grimmsnarl_bc_alias,439,second,loss,PRIZES,143,4,0
CHAMPION,tb_f2e2c18d_grimmsnarl_bc_alias,441,second,loss,PRIZES,127,5,0
CHAMPION,tb_f2e2c18d_grimmsnarl_bc_alias,442,first,win,PRIZES,193,0,3
CHAMPION,tb_f2e2c18d_grimmsnarl_bc_alias,443,second,loss,PRIZES,191,1,0
CHAMPION,tb_f2e2c18d_grimmsnarl_bc_alias,444,first,win,PRIZES,157,0,3
CHAMPION,tb_f2e2c18d_grimmsnarl_bc_alias,445,second,win,PRIZES,158,0,4
CHAMPION,tb_f2e2c18d_grimmsnarl_bc_alias,446,first,win,PRIZES,166,0,1
CHAMPION,tb_f2e2c18d_grimmsnarl_bc_alias,447,second,win,PRIZES,164,0,1
CHAMPION,tb_f2e2c18d_grimmsnarl_bc_alias,448,first,loss,PRIZES,186,1,0
CHAMPION,tb_f2e2c18d_grimmsnarl_bc_alias,449,second,loss,PRIZES,140,2,0
CHAMPION,tb_f2e2c18d_grimmsnarl_bc_alias,450,first,loss,PRIZES,177,2,0
CHAMPION,tb_f2e2c18d_grimmsnarl_bc_alias,451,second,loss,PRIZES,148,4,0
CHAMPION,tb_f2e2c18d_grimmsnarl_bc_alias,452,first,loss,PRIZES,182,2,0
CHAMPION,tb_f2e2c18d_grimmsnarl_bc_alias,453,second,loss,PRIZES,168,1,0
CHAMPION,tb_f2e2c18d_grimmsnarl_bc_alias,454,first,win,PRIZES,181,0,3
CHAMPION,tb_f2e2c18d_grimmsnarl_bc_alias,455,second,loss,PRIZES,180,2,0
CHAMPION,tb_f2e2c18d_grimmsnarl_bc_alias,456,first,win,PRIZES,146,0,4
CHAMPION,tb_f2e2c18d_grimmsnarl_bc_alias,457,second,loss,NO_BENCH,70,6,3
CHAMPION,tb_f2e2c18d_grimmsnarl_bc_alias,458,first,win,PRIZES,104,0,4
CHAMPION,tb_f2e2c18d_grimmsnarl_bc_alias,459,second,win,PRIZES,170,0,2
CHAMPION,tb_f2e2c18d_grimmsnarl_bc_alias,460,first,win,PRIZES,141,0,5
CHAMPION,tb_f2e2c18d_grimmsnarl_bc_alias,461,second,loss,PRIZES,163,1,0
CHAMPION,tb_f2e2c18d_grimmsnarl_bc_alias,462,first,win,PRIZES,187,0,3
CHAMPION,tb_f2e2c18d_grimmsnarl_bc_alias,463,second,loss,PRIZES,157,2,0
CHAMPION,tb_f2e2c18d_grimmsnarl_bc_alias,464,first,win,PRIZES,124,0,6
CHAMPION,tb_f2e2c18d_grimmsnarl_bc_alias,465,second,win,PRIZES,168,0,5
CHAMPION,tb_f2e2c18d_grimmsnarl_bc_alias,466,first,win,PRIZES,161,0,5
CHAMPION,tb_f2e2c18d_grimmsnarl_bc_alias,467,second,win,PRIZES,118,0,6
CHAMPION,tb_f2e2c18d_grimmsnarl_bc_alias,468,first,loss,PRIZES,177,3,0
CHAMPION,tb_f2e2c18d_grimmsnarl_bc_alias,469,second,win,PRIZES,236,0,2
CHAMPION,tb_f2e2c18d_grimmsnarl_bc_alias,470,first,loss,PRIZES,164,1,0
CHAMPION,tb_f2e2c18d_grimmsnarl_bc_alias,471,second,loss,NO_BENCH,50,6,4
CHAMPION,tb_f2e2c18d_grimmsnarl_bc_alias,472,first,win,NO_BENCH,27,4,6
CHAMPION,tb_f2e2c18d_grimmsnarl_bc_alias,473,second,win,PRIZES,126,0,6
CHAMPION,tb_f2e2c18d_grimmsnarl_bc_alias,474,first,win,PRIZES,146,0,6
CHAMPION,tb_f2e2c18d_grimmsnarl_bc_alias,475,second,win,PRIZES,120,0,6
CHAMPION,tb_f2e2c18d_grimmsnarl_bc_alias,476,first,win,PRIZES,193,0,5
CHAMPION,tb_f2e2c18d_grimmsnarl_bc_alias,477,second,win,PRIZES,160,0,3
CHAMPION,tb_f2e2c18d_grimmsnarl_bc_alias,478,first,loss,PRIZES,158,2,0
CHAMPION,tb_f2e2c18d_grimmsnarl_bc_alias,479,second,win,PRIZES,139,0,6
CHAMPION,tb_f2e2c18d_grimmsnarl_bc_alias,480,first,win,PRIZES,131,0,2
CHAMPION,tb_f2e2c18d_grimmsnarl_bc_alias,481,second,win,PRIZES,122,0,6
CHAMPION,tb_f2e2c18d_grimmsnarl_bc_alias,482,first,win,PRIZES,162,0,1
CHAMPION,tb_f2e2c18d_grimmsnarl_bc_alias,483,second,win,PRIZES,112,0,6
CHAMPION,tb_f2e2c18d_grimmsnarl_bc_alias,484,first,win,PRIZES,145,0,5
CHAMPION,tb_f2e2c18d_grimmsnarl_bc_alias,485,second,loss,PRIZES,170,1,0
CHAMPION,tb_f2e2c18d_grimmsnarl_bc_alias,486,first,loss,PRIZES,116,5,0
CHAMPION,tb_f2e2c18d_grimmsnarl_bc_alias,487,second,loss,PRIZES,156,2,0
CHAMPION,tb_f2e2c18d_grimmsnarl_bc_alias,488,first,win,PRIZES,168,0,2
CHAMPION,tb_f2e2c18d_grimmsnarl_bc_alias,489,second,win,PRIZES,150,0,3
CHAMPION,tb_f2e2c18d_grimmsnarl_bc_alias,490,first,win,PRIZES,119,0,5
CHAMPION,tb_f2e2c18d_grimmsnarl_bc_alias,491,second,loss,PRIZES,147,4,0
CHAMPION,tb_f2e2c18d_grimmsnarl_bc_alias,492,first,loss,PRIZES,122,4,0
CHAMPION,tb_f2e2c18d_grimmsnarl_bc_alias,493,second,loss,PRIZES,233,1,0
CHAMPION,tb_f2e2c18d_grimmsnarl_bc_alias,494,first,win,PRIZES,177,0,5
CHAMPION,tb_f2e2c18d_grimmsnarl_bc_alias,495,second,loss,PRIZES,155,3,0
CHAMPION,tb_f2e2c18d_grimmsnarl_bc_alias,496,first,win,PRIZES,202,0,2
CHAMPION,tb_f2e2c18d_grimmsnarl_bc_alias,497,second,loss,PRIZES,214,1,0
CHAMPION,tb_f2e2c18d_grimmsnarl_bc_alias,498,first,loss,PRIZES,167,2,0
CHAMPION,tb_f2e2c18d_grimmsnarl_bc_alias,499,second,win,PRIZES,155,0,2
CHAMPION,tb_f2e2c18d_grimmsnarl_bc_alias,500,first,loss,PRIZES,165,1,0
CHAMPION,tb_f2e2c18d_grimmsnarl_bc_alias,501,second,win,PRIZES,180,0,1
CHAMPION,tb_f2e2c18d_grimmsnarl_bc_alias,502,first,loss,PRIZES,159,3,0
CHAMPION,tb_f2e2c18d_grimmsnarl_bc_alias,503,second,loss,PRIZES,114,5,0
CHAMPION,tb_f2e2c18d_grimmsnarl_bc_alias,504,first,win,PRIZES,105,0,6
CHAMPION,tb_f2e2c18d_grimmsnarl_bc_alias,505,second,win,PRIZES,175,0,3
CHAMPION,tb_f2e2c18d_grimmsnarl_bc_alias,506,first,win,PRIZES,188,0,2
CHAMPION,tb_f2e2c18d_grimmsnarl_bc_alias,507,second,win,PRIZES,148,0,3
CHAMPION,tb_f2e2c18d_grimmsnarl_bc_alias,508,first,win,PRIZES,180,0,1
CHAMPION,tb_f2e2c18d_grimmsnarl_bc_alias,509,second,win,PRIZES,134,0,3
CHAMPION,tb_f2e2c18d_grimmsnarl_bc_alias,510,first,win,PRIZES,169,0,5
CHAMPION,tb_f2e2c18d_grimmsnarl_bc_alias,511,second,win,PRIZES,166,0,4
CHAMPION,tb_f2e2c18d_grimmsnarl_bc_alias,512,first,win,PRIZES,155,0,5
CHAMPION,tb_f2e2c18d_grimmsnarl_bc_alias,513,second,loss,PRIZES,120,5,0
CHAMPION,tb_f2e2c18d_grimmsnarl_bc_alias,514,first,win,NO_BENCH,34,5,6
CHAMPION,tb_f2e2c18d_grimmsnarl_bc_alias,515,second,win,PRIZES,137,0,4
CHAMPION,tb_f2e2c18d_grimmsnarl_bc_alias,516,first,loss,PRIZES,159,4,0
CHAMPION,tb_f2e2c18d_grimmsnarl_bc_alias,517,second,win,PRIZES,143,0,5
CHAMPION,tb_f2e2c18d_grimmsnarl_bc_alias,518,first,win,PRIZES,184,0,5
CHAMPION,tb_f2e2c18d_grimmsnarl_bc_alias,519,second,loss,PRIZES,138,4,0
CHAMPION,tb_f2e2c18d_grimmsnarl_bc_alias,520,first,win,PRIZES,191,0,3
CHAMPION,tb_f2e2c18d_grimmsnarl_bc_alias,521,second,win,NO_BENCH,27,5,6
CHAMPION,tb_f2e2c18d_grimmsnarl_bc_alias,522,first,win,PRIZES,137,0,5
CHAMPION,tb_f2e2c18d_grimmsnarl_bc_alias,523,second,loss,PRIZES,157,2,0
CHAMPION,tb_f2e2c18d_grimmsnarl_bc_alias,524,first,win,PRIZES,153,0,2
CHAMPION,tb_f2e2c18d_grimmsnarl_bc_alias,525,second,win,PRIZES,170,0,1
CHAMPION,tb_f2e2c18d_grimmsnarl_bc_alias,526,first,loss,NO_BENCH,86,6,2
CHAMPION,tb_f2e2c18d_grimmsnarl_bc_alias,527,second,loss,PRIZES,114,5,0
CHAMPION,tb_f2e2c18d_grimmsnarl_bc_alias,528,first,win,PRIZES,163,0,3
CHAMPION,tb_f2e2c18d_grimmsnarl_bc_alias,529,second,loss,PRIZES,147,6,0
CHAMPION,tb_f2e2c18d_grimmsnarl_bc_alias,530,first,loss,PRIZES,101,4,0
CHAMPION,tb_f2e2c18d_grimmsnarl_bc_alias,531,second,win,PRIZES,156,0,3
CHAMPION,tb_f2e2c18d_grimmsnarl_bc_alias,532,first,win,PRIZES,152,0,6
CHAMPION,tb_f2e2c18d_grimmsnarl_bc_alias,533,second,win,PRIZES,193,0,1
CHAMPION,tb_f2e2c18d_grimmsnarl_bc_alias,534,first,win,NO_BENCH,101,1,6
CHAMPION,tb_f2e2c18d_grimmsnarl_bc_alias,535,second,win,PRIZES,129,0,5
CHAMPION,tb_f2e2c18d_grimmsnarl_bc_alias,536,first,win,PRIZES,162,0,1
CHAMPION,tb_f2e2c18d_grimmsnarl_bc_alias,537,second,win,PRIZES,135,0,6
CHAMPION,tb_f2e2c18d_grimmsnarl_bc_alias,538,first,win,PRIZES,168,0,3
CHAMPION,tb_f2e2c18d_grimmsnarl_bc_alias,539,second,win,PRIZES,141,0,6
CHAMPION,tb_f2e2c18d_grimmsnarl_bc_alias,540,first,loss,PRIZES,149,1,0
CHAMPION,tb_f2e2c18d_grimmsnarl_bc_alias,541,second,loss,PRIZES,132,3,0
CHAMPION,tb_f2e2c18d_grimmsnarl_bc_alias,542,first,loss,PRIZES,190,1,0
CHAMPION,tb_f2e2c18d_grimmsnarl_bc_alias,543,second,loss,PRIZES,139,2,0
CHAMPION,tb_f2e2c18d_grimmsnarl_bc_alias,544,first,loss,PRIZES,217,5,0
CHAMPION,tb_f2e2c18d_grimmsnarl_bc_alias,545,second,win,PRIZES,189,0,1
CHAMPION,tb_f2e2c18d_grimmsnarl_bc_alias,546,first,win,PRIZES,220,0,1
CHAMPION,tb_f2e2c18d_grimmsnarl_bc_alias,547,second,win,PRIZES,159,0,4
CHAMPION,tb_f2e2c18d_grimmsnarl_bc_alias,548,first,win,PRIZES,169,0,3
CHAMPION,tb_f2e2c18d_grimmsnarl_bc_alias,549,second,win,PRIZES,160,0,3
CHAMPION,tb_f2e2c18d_grimmsnarl_bc_alias,550,first,win,PRIZES,176,0,2
CHAMPION,tb_f2e2c18d_grimmsnarl_bc_alias,551,second,loss,PRIZES,182,3,0
CHAMPION,tb_f2e2c18d_grimmsnarl_bc_alias,552,first,loss,PRIZES,166,1,0
CHAMPION,tb_f2e2c18d_grimmsnarl_bc_alias,553,second,win,PRIZES,165,0,4
CHAMPION,tb_f2e2c18d_grimmsnarl_bc_alias,554,first,loss,PRIZES,169,1,0
CHAMPION,tb_f2e2c18d_grimmsnarl_bc_alias,555,second,win,PRIZES,172,0,2
CHAMPION,tb_f2e2c18d_grimmsnarl_bc_alias,556,first,win,PRIZES,160,0,2
CHAMPION,tb_f2e2c18d_grimmsnarl_bc_alias,557,second,win,PRIZES,165,0,2
CHAMPION,tb_f2e2c18d_grimmsnarl_bc_alias,558,first,loss,PRIZES,120,5,0
CHAMPION,tb_f2e2c18d_grimmsnarl_bc_alias,559,second,win,PRIZES,164,0,6
CHAMPION,tb_f2e2c18d_grimmsnarl_bc_alias,560,first,loss,PRIZES,116,5,0
CHAMPION,tb_f2e2c18d_grimmsnarl_bc_alias,561,second,win,PRIZES,161,0,5
CHAMPION,tb_f2e2c18d_grimmsnarl_bc_alias,562,first,win,NO_BENCH,37,5,6
CHAMPION,tb_f2e2c18d_grimmsnarl_bc_alias,563,second,win,PRIZES,134,0,6
CHAMPION,tb_f2e2c18d_grimmsnarl_bc_alias,564,first,win,PRIZES,168,0,4
CHAMPION,tb_f2e2c18d_grimmsnarl_bc_alias,565,second,loss,PRIZES,147,1,0
CHAMPION,tb_f2e2c18d_grimmsnarl_bc_alias,566,first,win,PRIZES,200,0,3
CHAMPION,tb_f2e2c18d_grimmsnarl_bc_alias,567,second,loss,PRIZES,144,4,0
CHAMPION,tb_f2e2c18d_grimmsnarl_bc_alias,568,first,loss,PRIZES,167,3,0
CHAMPION,tb_f2e2c18d_grimmsnarl_bc_alias,569,second,win,PRIZES,144,0,6
CHAMPION,tb_f2e2c18d_grimmsnarl_bc_alias,570,first,win,PRIZES,132,0,5
CHAMPION,tb_f2e2c18d_grimmsnarl_bc_alias,571,second,loss,PRIZES,109,6,0
CHAMPION,tb_f2e2c18d_grimmsnarl_bc_alias,572,first,loss,PRIZES,156,1,0
CHAMPION,tb_f2e2c18d_grimmsnarl_bc_alias,573,second,loss,PRIZES,175,1,0
CHAMPION,tb_f2e2c18d_grimmsnarl_bc_alias,574,first,win,PRIZES,166,0,5
CHAMPION,tb_f2e2c18d_grimmsnarl_bc_alias,575,second,win,PRIZES,179,0,2
CHAMPION,tb_f2e2c18d_grimmsnarl_bc_alias,576,first,loss,PRIZES,158,2,0
CHAMPION,tb_f2e2c18d_grimmsnarl_bc_alias,577,second,loss,PRIZES,168,2,0
CHAMPION,tb_f2e2c18d_grimmsnarl_bc_alias,578,first,loss,PRIZES,174,2,0
CHAMPION,tb_f2e2c18d_grimmsnarl_bc_alias,579,second,loss,PRIZES,128,3,0
CHAMPION,tb_f2e2c18d_grimmsnarl_bc_alias,580,first,win,PRIZES,198,0,3
CHAMPION,tb_f2e2c18d_grimmsnarl_bc_alias,581,second,loss,PRIZES,185,1,0
CHAMPION,tb_f2e2c18d_grimmsnarl_bc_alias,582,first,win,PRIZES,207,0,1
CHAMPION,tb_f2e2c18d_grimmsnarl_bc_alias,583,second,win,PRIZES,181,0,2
CHAMPION,tb_f2e2c18d_grimmsnarl_bc_alias,584,first,loss,PRIZES,188,1,0
CHAMPION,tb_f2e2c18d_grimmsnarl_bc_alias,585,second,loss,PRIZES,189,1,0
CHAMPION,tb_f2e2c18d_grimmsnarl_bc_alias,586,first,win,PRIZES,184,0,1
CHAMPION,tb_f2e2c18d_grimmsnarl_bc_alias,587,second,loss,PRIZES,115,3,0
CHAMPION,tb_f2e2c18d_grimmsnarl_bc_alias,588,first,loss,PRIZES,185,3,0
CHAMPION,tb_f2e2c18d_grimmsnarl_bc_alias,589,second,loss,PRIZES,189,3,0
CHAMPION,tb_f2e2c18d_grimmsnarl_bc_alias,590,first,loss,PRIZES,177,4,0
CHAMPION,tb_f2e2c18d_grimmsnarl_bc_alias,591,second,loss,PRIZES,114,2,0
CHAMPION,tb_f2e2c18d_grimmsnarl_bc_alias,592,first,win,PRIZES,190,0,4
CHAMPION,tb_f2e2c18d_grimmsnarl_bc_alias,593,second,win,PRIZES,151,0,4
CHAMPION,tb_f2e2c18d_grimmsnarl_bc_alias,594,first,win,PRIZES,165,0,4
CHAMPION,tb_f2e2c18d_grimmsnarl_bc_alias,595,second,win,PRIZES,137,0,4
CHAMPION,tb_f2e2c18d_grimmsnarl_bc_alias,596,first,win,PRIZES,168,0,4
CHAMPION,tb_f2e2c18d_grimmsnarl_bc_alias,597,second,win,PRIZES,141,0,6
CHAMPION,tb_eb8c2384_harukiharada_crustle-wall-mirror-ok,0,first,loss,DECKOUT,189,1,2
CHAMPION,tb_f2e2c18d_grimmsnarl_bc_alias,598,first,win,PRIZES,132,0,5
CHAMPION,tb_eb8c2384_harukiharada_crustle-wall-mirror-ok,1,second,loss,DECKOUT,208,1,3
CHAMPION,tb_eb8c2384_harukiharada_crustle-wall-mirror-ok,3,second,win,NO_BENCH,22,5,6
CHAMPION,tb_eb8c2384_harukiharada_crustle-wall-mirror-ok,2,first,win,PRIZES,140,0,5
CHAMPION,tb_f2e2c18d_grimmsnarl_bc_alias,599,second,loss,NO_BENCH,52,6,4
CHAMPION,tb_eb8c2384_harukiharada_crustle-wall-mirror-ok,4,first,win,PRIZES,124,0,5
CHAMPION,tb_eb8c2384_harukiharada_crustle-wall-mirror-ok,5,second,win,PRIZES,144,0,1
CHAMPION,tb_eb8c2384_harukiharada_crustle-wall-mirror-ok,6,first,win,PRIZES,138,0,5
CHAMPION,tb_eb8c2384_harukiharada_crustle-wall-mirror-ok,7,second,win,NO_BENCH,149,1,6
CHAMPION,tb_eb8c2384_harukiharada_crustle-wall-mirror-ok,8,first,loss,DECKOUT,171,4,6
CHAMPION,tb_eb8c2384_harukiharada_crustle-wall-mirror-ok,9,second,win,NO_BENCH,109,2,6
CHAMPION,tb_eb8c2384_harukiharada_crustle-wall-mirror-ok,10,first,win,NO_BENCH,103,3,6
CHAMPION,tb_eb8c2384_harukiharada_crustle-wall-mirror-ok,11,second,win,PRIZES,190,0,5
CHAMPION,tb_eb8c2384_harukiharada_crustle-wall-mirror-ok,13,second,win,NO_BENCH,91,3,6
CHAMPION,tb_eb8c2384_harukiharada_crustle-wall-mirror-ok,12,first,win,PRIZES,152,0,4
CHAMPION,tb_eb8c2384_harukiharada_crustle-wall-mirror-ok,14,first,win,NO_BENCH,75,2,6
CHAMPION,tb_eb8c2384_harukiharada_crustle-wall-mirror-ok,15,second,win,NO_BENCH,14,5,6
CHAMPION,tb_eb8c2384_harukiharada_crustle-wall-mirror-ok,16,first,loss,PRIZES,168,3,0
CHAMPION,tb_eb8c2384_harukiharada_crustle-wall-mirror-ok,17,second,win,PRIZES,160,0,4
CHAMPION,tb_eb8c2384_harukiharada_crustle-wall-mirror-ok,18,first,win,PRIZES,172,0,5
CHAMPION,tb_eb8c2384_harukiharada_crustle-wall-mirror-ok,19,second,win,NO_BENCH,127,1,5
CHAMPION,tb_eb8c2384_harukiharada_crustle-wall-mirror-ok,20,first,win,NO_BENCH,142,1,6
CHAMPION,tb_eb8c2384_harukiharada_crustle-wall-mirror-ok,21,second,loss,PRIZES,166,1,0
CHAMPION,tb_eb8c2384_harukiharada_crustle-wall-mirror-ok,23,second,win,NO_BENCH,95,2,6
CHAMPION,tb_eb8c2384_harukiharada_crustle-wall-mirror-ok,22,first,loss,PRIZES,98,5,0
CHAMPION,tb_eb8c2384_harukiharada_crustle-wall-mirror-ok,24,first,win,PRIZES,123,0,5
CHAMPION,tb_eb8c2384_harukiharada_crustle-wall-mirror-ok,25,second,win,PRIZES,161,0,4
CHAMPION,tb_eb8c2384_harukiharada_crustle-wall-mirror-ok,26,first,win,PRIZES,129,0,5
CHAMPION,tb_eb8c2384_harukiharada_crustle-wall-mirror-ok,27,second,win,NO_BENCH,21,5,6
CHAMPION,tb_eb8c2384_harukiharada_crustle-wall-mirror-ok,29,second,win,PRIZES,110,0,6
CHAMPION,tb_eb8c2384_harukiharada_crustle-wall-mirror-ok,28,first,win,PRIZES,152,0,4
CHAMPION,tb_eb8c2384_harukiharada_crustle-wall-mirror-ok,30,first,win,PRIZES,155,0,6
CHAMPION,tb_eb8c2384_harukiharada_crustle-wall-mirror-ok,31,second,win,PRIZES,112,0,6
CHAMPION,tb_eb8c2384_harukiharada_crustle-wall-mirror-ok,32,first,win,PRIZES,123,0,5
CHAMPION,tb_eb8c2384_harukiharada_crustle-wall-mirror-ok,33,second,win,PRIZES,110,0,6
CHAMPION,tb_eb8c2384_harukiharada_crustle-wall-mirror-ok,34,first,win,PRIZES,154,0,3
CHAMPION,tb_eb8c2384_harukiharada_crustle-wall-mirror-ok,35,second,win,NO_BENCH,146,1,5
CHAMPION,tb_eb8c2384_harukiharada_crustle-wall-mirror-ok,36,first,loss,DECKOUT,208,1,4
CHAMPION,tb_eb8c2384_harukiharada_crustle-wall-mirror-ok,37,second,win,PRIZES,156,0,4
CHAMPION,tb_eb8c2384_harukiharada_crustle-wall-mirror-ok,38,first,win,NO_BENCH,103,1,5
CHAMPION,tb_eb8c2384_harukiharada_crustle-wall-mirror-ok,39,second,win,NO_BENCH,103,1,5
CHAMPION,tb_eb8c2384_harukiharada_crustle-wall-mirror-ok,41,second,win,NO_BENCH,27,5,6
CHAMPION,tb_eb8c2384_harukiharada_crustle-wall-mirror-ok,40,first,win,PRIZES,173,0,4
CHAMPION,tb_eb8c2384_harukiharada_crustle-wall-mirror-ok,42,first,win,PRIZES,110,0,6
CHAMPION,tb_eb8c2384_harukiharada_crustle-wall-mirror-ok,43,second,win,NO_BENCH,95,2,6
CHAMPION,tb_eb8c2384_harukiharada_crustle-wall-mirror-ok,44,first,loss,PRIZES,175,2,0
CHAMPION,tb_eb8c2384_harukiharada_crustle-wall-mirror-ok,45,second,loss,PRIZES,109,5,0
CHAMPION,tb_eb8c2384_harukiharada_crustle-wall-mirror-ok,46,first,win,PRIZES,129,0,5
CHAMPION,tb_eb8c2384_harukiharada_crustle-wall-mirror-ok,47,second,win,PRIZES,118,0,5
CHAMPION,tb_eb8c2384_harukiharada_crustle-wall-mirror-ok,48,first,loss,PRIZES,152,3,0
CHAMPION,tb_eb8c2384_harukiharada_crustle-wall-mirror-ok,49,second,win,PRIZES,133,0,6
CHAMPION,tb_eb8c2384_harukiharada_crustle-wall-mirror-ok,50,first,loss,PRIZES,171,1,0
CHAMPION,tb_eb8c2384_harukiharada_crustle-wall-mirror-ok,51,second,win,NO_BENCH,56,4,6
CHAMPION,tb_eb8c2384_harukiharada_crustle-wall-mirror-ok,52,first,win,PRIZES,121,0,4
CHAMPION,tb_eb8c2384_harukiharada_crustle-wall-mirror-ok,53,second,win,NO_BENCH,80,3,6
CHAMPION,tb_eb8c2384_harukiharada_crustle-wall-mirror-ok,54,first,win,NO_BENCH,118,2,5
CHAMPION,tb_eb8c2384_harukiharada_crustle-wall-mirror-ok,55,second,loss,DECKOUT,135,1,5
CHAMPION,tb_eb8c2384_harukiharada_crustle-wall-mirror-ok,56,first,win,NO_BENCH,52,5,6
CHAMPION,tb_eb8c2384_harukiharada_crustle-wall-mirror-ok,57,second,loss,PRIZES,209,1,0
CHAMPION,tb_eb8c2384_harukiharada_crustle-wall-mirror-ok,58,first,win,PRIZES,131,0,6
CHAMPION,tb_eb8c2384_harukiharada_crustle-wall-mirror-ok,59,second,win,NO_BENCH,98,2,6
CHAMPION,tb_eb8c2384_harukiharada_crustle-wall-mirror-ok,60,first,loss,PRIZES,91,6,0
CHAMPION,tb_eb8c2384_harukiharada_crustle-wall-mirror-ok,62,first,win,PRIZES,140,0,5
CHAMPION,tb_eb8c2384_harukiharada_crustle-wall-mirror-ok,61,second,loss,DECKOUT,192,2,4
CHAMPION,tb_eb8c2384_harukiharada_crustle-wall-mirror-ok,63,second,win,PRIZES,132,0,4
CHAMPION,tb_eb8c2384_harukiharada_crustle-wall-mirror-ok,65,second,win,NO_BENCH,36,4,6
CHAMPION,tb_eb8c2384_harukiharada_crustle-wall-mirror-ok,64,first,win,NO_BENCH,64,4,6
CHAMPION,tb_eb8c2384_harukiharada_crustle-wall-mirror-ok,67,second,loss,NO_BENCH,17,6,5
CHAMPION,tb_eb8c2384_harukiharada_crustle-wall-mirror-ok,66,first,loss,PRIZES,189,1,0
CHAMPION,tb_eb8c2384_harukiharada_crustle-wall-mirror-ok,68,first,loss,PRIZES,116,5,0
CHAMPION,tb_eb8c2384_harukiharada_crustle-wall-mirror-ok,69,second,win,PRIZES,126,0,5
CHAMPION,tb_eb8c2384_harukiharada_crustle-wall-mirror-ok,70,first,win,PRIZES,171,0,4
CHAMPION,tb_eb8c2384_harukiharada_crustle-wall-mirror-ok,71,second,win,PRIZES,159,0,4
CHAMPION,tb_eb8c2384_harukiharada_crustle-wall-mirror-ok,72,first,win,PRIZES,150,0,4
CHAMPION,tb_eb8c2384_harukiharada_crustle-wall-mirror-ok,73,second,win,PRIZES,166,0,6
CHAMPION,tb_eb8c2384_harukiharada_crustle-wall-mirror-ok,74,first,win,PRIZES,174,0,5
CHAMPION,tb_eb8c2384_harukiharada_crustle-wall-mirror-ok,75,second,win,PRIZES,123,0,5
CHAMPION,tb_eb8c2384_harukiharada_crustle-wall-mirror-ok,76,first,win,NO_BENCH,32,5,6
CHAMPION,tb_eb8c2384_harukiharada_crustle-wall-mirror-ok,77,second,win,PRIZES,129,0,6
CHAMPION,tb_eb8c2384_harukiharada_crustle-wall-mirror-ok,78,first,win,PRIZES,137,0,6
CHAMPION,tb_eb8c2384_harukiharada_crustle-wall-mirror-ok,79,second,win,PRIZES,164,0,5
CHAMPION,tb_eb8c2384_harukiharada_crustle-wall-mirror-ok,80,first,win,PRIZES,128,0,4
CHAMPION,tb_eb8c2384_harukiharada_crustle-wall-mirror-ok,81,second,win,NO_BENCH,23,5,6
CHAMPION,tb_eb8c2384_harukiharada_crustle-wall-mirror-ok,82,first,loss,NO_BENCH,79,6,1
CHAMPION,tb_eb8c2384_harukiharada_crustle-wall-mirror-ok,83,second,win,PRIZES,160,0,5
CHAMPION,tb_eb8c2384_harukiharada_crustle-wall-mirror-ok,84,first,loss,DECKOUT,149,1,4
CHAMPION,tb_eb8c2384_harukiharada_crustle-wall-mirror-ok,85,second,win,NO_BENCH,92,2,5
CHAMPION,tb_eb8c2384_harukiharada_crustle-wall-mirror-ok,86,first,win,NO_BENCH,120,1,6
CHAMPION,tb_eb8c2384_harukiharada_crustle-wall-mirror-ok,87,second,win,PRIZES,152,0,4
CHAMPION,tb_eb8c2384_harukiharada_crustle-wall-mirror-ok,88,first,loss,PRIZES,168,1,0
CHAMPION,tb_eb8c2384_harukiharada_crustle-wall-mirror-ok,89,second,win,PRIZES,168,0,4
CHAMPION,tb_eb8c2384_harukiharada_crustle-wall-mirror-ok,90,first,win,PRIZES,103,0,6
CHAMPION,tb_eb8c2384_harukiharada_crustle-wall-mirror-ok,91,second,win,NO_BENCH,159,1,5
CHAMPION,tb_eb8c2384_harukiharada_crustle-wall-mirror-ok,92,first,win,NO_BENCH,54,3,5
CHAMPION,tb_eb8c2384_harukiharada_crustle-wall-mirror-ok,93,second,loss,PRIZES,182,2,0
CHAMPION,tb_eb8c2384_harukiharada_crustle-wall-mirror-ok,94,first,win,PRIZES,154,0,6
CHAMPION,tb_eb8c2384_harukiharada_crustle-wall-mirror-ok,95,second,win,PRIZES,114,0,6
CHAMPION,tb_eb8c2384_harukiharada_crustle-wall-mirror-ok,96,first,win,PRIZES,110,0,6
CHAMPION,tb_eb8c2384_harukiharada_crustle-wall-mirror-ok,97,second,win,PRIZES,205,0,5
CHAMPION,tb_eb8c2384_harukiharada_crustle-wall-mirror-ok,98,first,win,PRIZES,121,0,6
CHAMPION,tb_eb8c2384_harukiharada_crustle-wall-mirror-ok,99,second,loss,PRIZES,168,1,0
CHAMPION,tb_eb8c2384_harukiharada_crustle-wall-mirror-ok,100,first,loss,DECKOUT,137,1,5
CHAMPION,tb_eb8c2384_harukiharada_crustle-wall-mirror-ok,101,second,win,PRIZES,140,0,6
CHAMPION,tb_eb8c2384_harukiharada_crustle-wall-mirror-ok,102,first,win,NO_BENCH,40,5,6
CHAMPION,tb_eb8c2384_harukiharada_crustle-wall-mirror-ok,104,first,win,NO_BENCH,114,2,5
CHAMPION,tb_eb8c2384_harukiharada_crustle-wall-mirror-ok,103,second,win,PRIZES,152,0,6
CHAMPION,tb_eb8c2384_harukiharada_crustle-wall-mirror-ok,105,second,win,PRIZES,114,0,5
CHAMPION,tb_eb8c2384_harukiharada_crustle-wall-mirror-ok,106,first,win,PRIZES,117,0,4
CHAMPION,tb_eb8c2384_harukiharada_crustle-wall-mirror-ok,107,second,win,NO_BENCH,121,2,4
CHAMPION,tb_eb8c2384_harukiharada_crustle-wall-mirror-ok,108,first,win,PRIZES,132,0,5
CHAMPION,tb_eb8c2384_harukiharada_crustle-wall-mirror-ok,109,second,win,PRIZES,152,0,5
CHAMPION,tb_eb8c2384_harukiharada_crustle-wall-mirror-ok,111,second,win,NO_BENCH,106,2,6
CHAMPION,tb_eb8c2384_harukiharada_crustle-wall-mirror-ok,110,first,win,PRIZES,129,0,5
CHAMPION,tb_eb8c2384_harukiharada_crustle-wall-mirror-ok,112,first,win,PRIZES,141,0,5
CHAMPION,tb_eb8c2384_harukiharada_crustle-wall-mirror-ok,114,first,win,NO_BENCH,122,1,5
CHAMPION,tb_eb8c2384_harukiharada_crustle-wall-mirror-ok,113,second,win,PRIZES,114,0,5
CHAMPION,tb_eb8c2384_harukiharada_crustle-wall-mirror-ok,115,second,win,PRIZES,111,0,5
CHAMPION,tb_eb8c2384_harukiharada_crustle-wall-mirror-ok,116,first,win,NO_BENCH,118,1,5
CHAMPION,tb_eb8c2384_harukiharada_crustle-wall-mirror-ok,117,second,win,PRIZES,115,0,5
CHAMPION,tb_eb8c2384_harukiharada_crustle-wall-mirror-ok,118,first,win,NO_BENCH,80,1,6
CHAMPION,tb_eb8c2384_harukiharada_crustle-wall-mirror-ok,119,second,win,NO_BENCH,30,5,6
CHAMPION,tb_eb8c2384_harukiharada_crustle-wall-mirror-ok,120,first,loss,DECKOUT,151,1,6
CHAMPION,tb_eb8c2384_harukiharada_crustle-wall-mirror-ok,121,second,win,PRIZES,218,0,5
CHAMPION,tb_eb8c2384_harukiharada_crustle-wall-mirror-ok,122,first,win,PRIZES,97,0,6
CHAMPION,tb_eb8c2384_harukiharada_crustle-wall-mirror-ok,123,second,win,PRIZES,130,0,5
CHAMPION,tb_eb8c2384_harukiharada_crustle-wall-mirror-ok,124,first,win,NO_BENCH,93,3,6
CHAMPION,tb_eb8c2384_harukiharada_crustle-wall-mirror-ok,125,second,win,NO_BENCH,89,1,6
CHAMPION,tb_eb8c2384_harukiharada_crustle-wall-mirror-ok,126,first,win,PRIZES,133,0,5
CHAMPION,tb_eb8c2384_harukiharada_crustle-wall-mirror-ok,127,second,win,PRIZES,141,0,5
CHAMPION,tb_eb8c2384_harukiharada_crustle-wall-mirror-ok,128,first,win,PRIZES,155,0,6
CHAMPION,tb_eb8c2384_harukiharada_crustle-wall-mirror-ok,129,second,win,NO_BENCH,88,3,6
CHAMPION,tb_eb8c2384_harukiharada_crustle-wall-mirror-ok,130,first,loss,PRIZES,179,2,0
CHAMPION,tb_eb8c2384_harukiharada_crustle-wall-mirror-ok,131,second,win,NO_BENCH,108,2,5
CHAMPION,tb_eb8c2384_harukiharada_crustle-wall-mirror-ok,132,first,win,PRIZES,208,0,6
CHAMPION,tb_eb8c2384_harukiharada_crustle-wall-mirror-ok,133,second,win,NO_BENCH,163,2,5
CHAMPION,tb_eb8c2384_harukiharada_crustle-wall-mirror-ok,134,first,loss,PRIZES,123,4,0
CHAMPION,tb_eb8c2384_harukiharada_crustle-wall-mirror-ok,135,second,loss,PRIZES,153,3,0
CHAMPION,tb_eb8c2384_harukiharada_crustle-wall-mirror-ok,137,second,win,NO_BENCH,60,4,5
CHAMPION,tb_eb8c2384_harukiharada_crustle-wall-mirror-ok,136,first,win,NO_BENCH,165,1,5
CHAMPION,tb_eb8c2384_harukiharada_crustle-wall-mirror-ok,138,first,loss,PRIZES,181,3,0
CHAMPION,tb_eb8c2384_harukiharada_crustle-wall-mirror-ok,139,second,win,NO_BENCH,49,4,6
CHAMPION,tb_eb8c2384_harukiharada_crustle-wall-mirror-ok,140,first,win,NO_BENCH,116,2,4
CHAMPION,tb_eb8c2384_harukiharada_crustle-wall-mirror-ok,141,second,loss,PRIZES,136,4,0
CHAMPION,tb_eb8c2384_harukiharada_crustle-wall-mirror-ok,142,first,win,NO_BENCH,94,5,4
CHAMPION,tb_eb8c2384_harukiharada_crustle-wall-mirror-ok,143,second,win,PRIZES,106,0,6
CHAMPION,tb_eb8c2384_harukiharada_crustle-wall-mirror-ok,144,first,win,PRIZES,106,0,5
CHAMPION,tb_eb8c2384_harukiharada_crustle-wall-mirror-ok,145,second,win,PRIZES,142,0,2
CHAMPION,tb_eb8c2384_harukiharada_crustle-wall-mirror-ok,146,first,win,PRIZES,120,0,5
CHAMPION,tb_eb8c2384_harukiharada_crustle-wall-mirror-ok,147,second,win,PRIZES,125,0,6
CHAMPION,tb_eb8c2384_harukiharada_crustle-wall-mirror-ok,148,first,win,NO_BENCH,99,2,5
CHAMPION,tb_eb8c2384_harukiharada_crustle-wall-mirror-ok,149,second,win,PRIZES,87,0,6
CHAMPION,tb_eb8c2384_harukiharada_crustle-wall-mirror-ok,150,first,win,PRIZES,126,0,5
CHAMPION,tb_eb8c2384_harukiharada_crustle-wall-mirror-ok,151,second,win,NO_BENCH,56,4,5
CHAMPION,tb_eb8c2384_harukiharada_crustle-wall-mirror-ok,152,first,win,PRIZES,180,0,5
CHAMPION,tb_eb8c2384_harukiharada_crustle-wall-mirror-ok,153,second,win,NO_BENCH,62,4,5
CHAMPION,tb_eb8c2384_harukiharada_crustle-wall-mirror-ok,154,first,win,NO_BENCH,44,5,6
CHAMPION,tb_eb8c2384_harukiharada_crustle-wall-mirror-ok,155,second,win,NO_BENCH,41,5,6
CHAMPION,tb_eb8c2384_harukiharada_crustle-wall-mirror-ok,156,first,win,PRIZES,124,0,6
CHAMPION,tb_eb8c2384_harukiharada_crustle-wall-mirror-ok,157,second,win,PRIZES,122,0,6
CHAMPION,tb_eb8c2384_harukiharada_crustle-wall-mirror-ok,158,first,win,PRIZES,142,0,6
CHAMPION,tb_eb8c2384_harukiharada_crustle-wall-mirror-ok,159,second,win,PRIZES,129,0,5
CHAMPION,tb_eb8c2384_harukiharada_crustle-wall-mirror-ok,160,first,win,PRIZES,145,0,5
CHAMPION,tb_eb8c2384_harukiharada_crustle-wall-mirror-ok,161,second,win,NO_BENCH,80,3,6
CHAMPION,tb_eb8c2384_harukiharada_crustle-wall-mirror-ok,162,first,win,PRIZES,173,0,6
CHAMPION,tb_eb8c2384_harukiharada_crustle-wall-mirror-ok,163,second,win,PRIZES,131,0,6
CHAMPION,tb_eb8c2384_harukiharada_crustle-wall-mirror-ok,164,first,win,NO_BENCH,35,5,6
CHAMPION,tb_eb8c2384_harukiharada_crustle-wall-mirror-ok,165,second,win,PRIZES,155,0,5
CHAMPION,tb_eb8c2384_harukiharada_crustle-wall-mirror-ok,166,first,win,PRIZES,102,0,6
CHAMPION,tb_eb8c2384_harukiharada_crustle-wall-mirror-ok,167,second,win,NO_BENCH,31,5,6
CHAMPION,tb_eb8c2384_harukiharada_crustle-wall-mirror-ok,168,first,loss,PRIZES,117,5,0
CHAMPION,tb_eb8c2384_harukiharada_crustle-wall-mirror-ok,169,second,win,PRIZES,146,0,6
CHAMPION,tb_eb8c2384_harukiharada_crustle-wall-mirror-ok,170,first,win,PRIZES,119,0,5
CHAMPION,tb_eb8c2384_harukiharada_crustle-wall-mirror-ok,172,first,loss,DECKOUT,155,1,5
CHAMPION,tb_eb8c2384_harukiharada_crustle-wall-mirror-ok,171,second,loss,DECKOUT,176,2,5
CHAMPION,tb_eb8c2384_harukiharada_crustle-wall-mirror-ok,173,second,win,PRIZES,115,0,5
CHAMPION,tb_eb8c2384_harukiharada_crustle-wall-mirror-ok,175,second,win,PRIZES,158,0,5
CHAMPION,tb_eb8c2384_harukiharada_crustle-wall-mirror-ok,174,first,win,PRIZES,165,0,6
CHAMPION,tb_eb8c2384_harukiharada_crustle-wall-mirror-ok,176,first,win,PRIZES,143,0,5
CHAMPION,tb_eb8c2384_harukiharada_crustle-wall-mirror-ok,179,second,win,PRIZES,151,0,4
CHAMPION,tb_eb8c2384_harukiharada_crustle-wall-mirror-ok,178,first,win,PRIZES,161,0,4
CHAMPION,tb_eb8c2384_harukiharada_crustle-wall-mirror-ok,177,second,loss,DECKOUT,197,1,5
CHAMPION,tb_eb8c2384_harukiharada_crustle-wall-mirror-ok,182,first,win,NO_BENCH,59,5,6
CHAMPION,tb_eb8c2384_harukiharada_crustle-wall-mirror-ok,180,first,win,NO_BENCH,93,3,6
CHAMPION,tb_eb8c2384_harukiharada_crustle-wall-mirror-ok,181,second,loss,PRIZES,196,3,0
CHAMPION,tb_eb8c2384_harukiharada_crustle-wall-mirror-ok,184,first,win,NO_BENCH,31,5,6
CHAMPION,tb_eb8c2384_harukiharada_crustle-wall-mirror-ok,183,second,win,PRIZES,141,0,5
CHAMPION,tb_eb8c2384_harukiharada_crustle-wall-mirror-ok,185,second,win,PRIZES,126,0,2
CHAMPION,tb_eb8c2384_harukiharada_crustle-wall-mirror-ok,186,first,win,NO_BENCH,46,5,6
CHAMPION,tb_eb8c2384_harukiharada_crustle-wall-mirror-ok,187,second,win,PRIZES,100,0,5
CHAMPION,tb_eb8c2384_harukiharada_crustle-wall-mirror-ok,188,first,loss,PRIZES,164,6,0
CHAMPION,tb_eb8c2384_harukiharada_crustle-wall-mirror-ok,189,second,win,PRIZES,148,0,4
CHAMPION,tb_eb8c2384_harukiharada_crustle-wall-mirror-ok,190,first,win,NO_BENCH,144,2,5
CHAMPION,tb_eb8c2384_harukiharada_crustle-wall-mirror-ok,191,second,win,PRIZES,176,0,4
CHAMPION,tb_eb8c2384_harukiharada_crustle-wall-mirror-ok,192,first,win,NO_BENCH,141,1,4
CHAMPION,tb_eb8c2384_harukiharada_crustle-wall-mirror-ok,193,second,win,NO_BENCH,70,5,4
CHAMPION,tb_eb8c2384_harukiharada_crustle-wall-mirror-ok,194,first,win,NO_BENCH,45,5,6
CHAMPION,tb_eb8c2384_harukiharada_crustle-wall-mirror-ok,195,second,win,PRIZES,167,0,4
CHAMPION,tb_eb8c2384_harukiharada_crustle-wall-mirror-ok,196,first,win,PRIZES,173,0,5
CHAMPION,tb_eb8c2384_harukiharada_crustle-wall-mirror-ok,197,second,loss,PRIZES,182,3,0
CHAMPION,tb_eb8c2384_harukiharada_crustle-wall-mirror-ok,198,first,win,NO_BENCH,108,2,6
CHAMPION,tb_eb8c2384_harukiharada_crustle-wall-mirror-ok,200,first,win,NO_BENCH,54,5,6
CHAMPION,tb_eb8c2384_harukiharada_crustle-wall-mirror-ok,199,second,win,NO_BENCH,148,1,4
CHAMPION,tb_eb8c2384_harukiharada_crustle-wall-mirror-ok,201,second,win,NO_BENCH,101,3,5
CHAMPION,tb_eb8c2384_harukiharada_crustle-wall-mirror-ok,203,second,win,PRIZES,143,0,4
CHAMPION,tb_eb8c2384_harukiharada_crustle-wall-mirror-ok,202,first,loss,DECKOUT,165,2,1
CHAMPION,tb_eb8c2384_harukiharada_crustle-wall-mirror-ok,204,first,win,PRIZES,136,0,5
CHAMPION,tb_eb8c2384_harukiharada_crustle-wall-mirror-ok,205,second,win,NO_BENCH,107,1,6
CHAMPION,tb_eb8c2384_harukiharada_crustle-wall-mirror-ok,206,first,win,NO_BENCH,70,2,6
CHAMPION,tb_eb8c2384_harukiharada_crustle-wall-mirror-ok,207,second,win,NO_BENCH,74,3,6
CHAMPION,tb_eb8c2384_harukiharada_crustle-wall-mirror-ok,208,first,win,PRIZES,158,0,5
CHAMPION,tb_eb8c2384_harukiharada_crustle-wall-mirror-ok,209,second,loss,PRIZES,163,2,0
CHAMPION,tb_eb8c2384_harukiharada_crustle-wall-mirror-ok,210,first,win,NO_BENCH,89,3,5
CHAMPION,tb_eb8c2384_harukiharada_crustle-wall-mirror-ok,211,second,win,NO_BENCH,32,5,6
CHAMPION,tb_eb8c2384_harukiharada_crustle-wall-mirror-ok,212,first,loss,PRIZES,165,1,0
CHAMPION,tb_eb8c2384_harukiharada_crustle-wall-mirror-ok,213,second,win,NO_BENCH,37,4,6
CHAMPION,tb_eb8c2384_harukiharada_crustle-wall-mirror-ok,214,first,win,PRIZES,174,0,5
CHAMPION,tb_eb8c2384_harukiharada_crustle-wall-mirror-ok,215,second,win,PRIZES,110,0,5
CHAMPION,tb_eb8c2384_harukiharada_crustle-wall-mirror-ok,216,first,loss,DECKOUT,195,1,4
CHAMPION,tb_eb8c2384_harukiharada_crustle-wall-mirror-ok,217,second,win,PRIZES,112,0,6
CHAMPION,tb_eb8c2384_harukiharada_crustle-wall-mirror-ok,218,first,win,NO_BENCH,122,1,4
CHAMPION,tb_eb8c2384_harukiharada_crustle-wall-mirror-ok,219,second,win,NO_BENCH,76,4,5
CHAMPION,tb_eb8c2384_harukiharada_crustle-wall-mirror-ok,220,first,loss,PRIZES,98,6,0
CHAMPION,tb_eb8c2384_harukiharada_crustle-wall-mirror-ok,221,second,win,PRIZES,148,0,4
CHAMPION,tb_eb8c2384_harukiharada_crustle-wall-mirror-ok,222,first,win,NO_BENCH,129,2,5
CHAMPION,tb_eb8c2384_harukiharada_crustle-wall-mirror-ok,223,second,win,NO_BENCH,27,4,6
CHAMPION,tb_eb8c2384_harukiharada_crustle-wall-mirror-ok,224,first,win,NO_BENCH,66,4,6
CHAMPION,tb_eb8c2384_harukiharada_crustle-wall-mirror-ok,225,second,win,PRIZES,122,0,6
CHAMPION,tb_eb8c2384_harukiharada_crustle-wall-mirror-ok,226,first,loss,PRIZES,151,2,0
CHAMPION,tb_eb8c2384_harukiharada_crustle-wall-mirror-ok,227,second,win,PRIZES,128,0,5
CHAMPION,tb_eb8c2384_harukiharada_crustle-wall-mirror-ok,228,first,win,PRIZES,116,0,6
CHAMPION,tb_eb8c2384_harukiharada_crustle-wall-mirror-ok,229,second,win,PRIZES,138,0,5
CHAMPION,tb_eb8c2384_harukiharada_crustle-wall-mirror-ok,230,first,win,PRIZES,137,0,6
CHAMPION,tb_eb8c2384_harukiharada_crustle-wall-mirror-ok,231,second,win,NO_BENCH,19,5,6
CHAMPION,tb_eb8c2384_harukiharada_crustle-wall-mirror-ok,232,first,win,PRIZES,135,0,6
CHAMPION,tb_eb8c2384_harukiharada_crustle-wall-mirror-ok,233,second,win,PRIZES,137,0,4
CHAMPION,tb_eb8c2384_harukiharada_crustle-wall-mirror-ok,234,first,win,PRIZES,119,0,5
CHAMPION,tb_eb8c2384_harukiharada_crustle-wall-mirror-ok,235,second,win,NO_BENCH,31,5,6
CHAMPION,tb_eb8c2384_harukiharada_crustle-wall-mirror-ok,236,first,loss,PRIZES,157,1,0
CHAMPION,tb_eb8c2384_harukiharada_crustle-wall-mirror-ok,237,second,win,NO_BENCH,110,1,5
CHAMPION,tb_eb8c2384_harukiharada_crustle-wall-mirror-ok,238,first,win,PRIZES,158,0,2
CHAMPION,tb_eb8c2384_harukiharada_crustle-wall-mirror-ok,239,second,win,NO_BENCH,69,5,5
CHAMPION,tb_eb8c2384_harukiharada_crustle-wall-mirror-ok,240,first,win,NO_BENCH,147,1,5
CHAMPION,tb_eb8c2384_harukiharada_crustle-wall-mirror-ok,241,second,win,NO_BENCH,26,5,6
CHAMPION,tb_eb8c2384_harukiharada_crustle-wall-mirror-ok,242,first,win,DECKOUT,174,3,5
CHAMPION,tb_eb8c2384_harukiharada_crustle-wall-mirror-ok,243,second,win,NO_BENCH,100,1,5
CHAMPION,tb_eb8c2384_harukiharada_crustle-wall-mirror-ok,244,first,win,PRIZES,128,0,5
CHAMPION,tb_eb8c2384_harukiharada_crustle-wall-mirror-ok,245,second,win,PRIZES,108,0,5
CHAMPION,tb_eb8c2384_harukiharada_crustle-wall-mirror-ok,246,first,win,PRIZES,163,0,5
CHAMPION,tb_eb8c2384_harukiharada_crustle-wall-mirror-ok,247,second,win,NO_BENCH,135,1,6
CHAMPION,tb_eb8c2384_harukiharada_crustle-wall-mirror-ok,248,first,win,PRIZES,147,0,5
CHAMPION,tb_eb8c2384_harukiharada_crustle-wall-mirror-ok,249,second,win,PRIZES,103,0,6
CHAMPION,tb_eb8c2384_harukiharada_crustle-wall-mirror-ok,250,first,loss,DECKOUT,152,1,6
CHAMPION,tb_eb8c2384_harukiharada_crustle-wall-mirror-ok,251,second,win,PRIZES,136,0,5
CHAMPION,tb_eb8c2384_harukiharada_crustle-wall-mirror-ok,252,first,win,NO_BENCH,84,4,5
CHAMPION,tb_eb8c2384_harukiharada_crustle-wall-mirror-ok,253,second,win,PRIZES,115,0,5
CHAMPION,tb_eb8c2384_harukiharada_crustle-wall-mirror-ok,254,first,win,NO_BENCH,74,2,6
CHAMPION,tb_eb8c2384_harukiharada_crustle-wall-mirror-ok,255,second,loss,DECKOUT,219,3,3
CHAMPION,tb_eb8c2384_harukiharada_crustle-wall-mirror-ok,256,first,win,NO_BENCH,86,3,6
CHAMPION,tb_eb8c2384_harukiharada_crustle-wall-mirror-ok,257,second,loss,PRIZES,154,2,0
CHAMPION,tb_eb8c2384_harukiharada_crustle-wall-mirror-ok,259,second,win,NO_BENCH,127,1,5
CHAMPION,tb_eb8c2384_harukiharada_crustle-wall-mirror-ok,258,first,win,PRIZES,162,0,2
CHAMPION,tb_eb8c2384_harukiharada_crustle-wall-mirror-ok,260,first,win,NO_BENCH,56,5,6
CHAMPION,tb_eb8c2384_harukiharada_crustle-wall-mirror-ok,262,first,win,PRIZES,96,0,6
CHAMPION,tb_eb8c2384_harukiharada_crustle-wall-mirror-ok,261,second,win,PRIZES,142,0,5
CHAMPION,tb_eb8c2384_harukiharada_crustle-wall-mirror-ok,263,second,win,PRIZES,177,0,4
CHAMPION,tb_eb8c2384_harukiharada_crustle-wall-mirror-ok,264,first,win,NO_BENCH,74,3,5
CHAMPION,tb_eb8c2384_harukiharada_crustle-wall-mirror-ok,265,second,win,NO_BENCH,70,4,5
CHAMPION,tb_eb8c2384_harukiharada_crustle-wall-mirror-ok,266,first,win,NO_BENCH,123,1,5
CHAMPION,tb_eb8c2384_harukiharada_crustle-wall-mirror-ok,267,second,win,NO_BENCH,107,3,3
CHAMPION,tb_eb8c2384_harukiharada_crustle-wall-mirror-ok,268,first,win,NO_BENCH,88,1,6
CHAMPION,tb_eb8c2384_harukiharada_crustle-wall-mirror-ok,269,second,loss,PRIZES,97,6,0
CHAMPION,tb_eb8c2384_harukiharada_crustle-wall-mirror-ok,270,first,win,NO_BENCH,117,3,5
CHAMPION,tb_eb8c2384_harukiharada_crustle-wall-mirror-ok,271,second,win,PRIZES,139,0,5
CHAMPION,tb_eb8c2384_harukiharada_crustle-wall-mirror-ok,272,first,win,PRIZES,118,0,5
CHAMPION,tb_eb8c2384_harukiharada_crustle-wall-mirror-ok,273,second,win,PRIZES,135,0,5
CHAMPION,tb_eb8c2384_harukiharada_crustle-wall-mirror-ok,274,first,win,NO_BENCH,90,3,6
CHAMPION,tb_eb8c2384_harukiharada_crustle-wall-mirror-ok,275,second,win,PRIZES,127,0,6
CHAMPION,tb_eb8c2384_harukiharada_crustle-wall-mirror-ok,276,first,win,PRIZES,150,0,5
CHAMPION,tb_eb8c2384_harukiharada_crustle-wall-mirror-ok,277,second,win,PRIZES,153,0,5
CHAMPION,tb_eb8c2384_harukiharada_crustle-wall-mirror-ok,278,first,win,PRIZES,97,0,5
CHAMPION,tb_eb8c2384_harukiharada_crustle-wall-mirror-ok,279,second,win,PRIZES,139,0,5
CHAMPION,tb_eb8c2384_harukiharada_crustle-wall-mirror-ok,280,first,win,NO_BENCH,87,3,6
CHAMPION,tb_eb8c2384_harukiharada_crustle-wall-mirror-ok,281,second,win,PRIZES,108,0,5
CHAMPION,tb_eb8c2384_harukiharada_crustle-wall-mirror-ok,282,first,win,NO_BENCH,108,1,6
CHAMPION,tb_eb8c2384_harukiharada_crustle-wall-mirror-ok,283,second,loss,DECKOUT,159,1,6
CHAMPION,tb_eb8c2384_harukiharada_crustle-wall-mirror-ok,284,first,win,PRIZES,144,0,5
CHAMPION,tb_eb8c2384_harukiharada_crustle-wall-mirror-ok,285,second,win,PRIZES,163,0,5
CHAMPION,tb_eb8c2384_harukiharada_crustle-wall-mirror-ok,286,first,loss,PRIZES,128,3,0
CHAMPION,tb_eb8c2384_harukiharada_crustle-wall-mirror-ok,287,second,win,PRIZES,103,0,6
CHAMPION,tb_eb8c2384_harukiharada_crustle-wall-mirror-ok,288,first,win,NO_BENCH,81,4,5
CHAMPION,tb_eb8c2384_harukiharada_crustle-wall-mirror-ok,289,second,win,NO_BENCH,138,1,5
CHAMPION,tb_eb8c2384_harukiharada_crustle-wall-mirror-ok,290,first,loss,PRIZES,162,1,0
CHAMPION,tb_eb8c2384_harukiharada_crustle-wall-mirror-ok,291,second,loss,DECKOUT,161,2,2
CHAMPION,tb_eb8c2384_harukiharada_crustle-wall-mirror-ok,292,first,loss,DECKOUT,197,2,5
CHAMPION,tb_eb8c2384_harukiharada_crustle-wall-mirror-ok,293,second,win,PRIZES,143,0,5
CHAMPION,tb_eb8c2384_harukiharada_crustle-wall-mirror-ok,294,first,win,NO_BENCH,85,2,6
CHAMPION,tb_eb8c2384_harukiharada_crustle-wall-mirror-ok,296,first,win,NO_BENCH,112,2,5
CHAMPION,tb_eb8c2384_harukiharada_crustle-wall-mirror-ok,295,second,win,PRIZES,153,0,5
CHAMPION,tb_eb8c2384_harukiharada_crustle-wall-mirror-ok,297,second,win,PRIZES,150,0,5
CHAMPION,tb_eb8c2384_harukiharada_crustle-wall-mirror-ok,298,first,win,PRIZES,104,0,6
CHAMPION,tb_eb8c2384_harukiharada_crustle-wall-mirror-ok,299,second,win,PRIZES,146,0,6
CHAMPION,tb_eb8c2384_harukiharada_crustle-wall-mirror-ok,300,first,win,PRIZES,193,0,4
CHAMPION,tb_eb8c2384_harukiharada_crustle-wall-mirror-ok,302,first,win,PRIZES,147,0,4
CHAMPION,tb_eb8c2384_harukiharada_crustle-wall-mirror-ok,301,second,loss,PRIZES,197,1,0
CHAMPION,tb_eb8c2384_harukiharada_crustle-wall-mirror-ok,303,second,win,NO_BENCH,19,5,6
CHAMPION,tb_eb8c2384_harukiharada_crustle-wall-mirror-ok,304,first,win,PRIZES,119,0,5
CHAMPION,tb_eb8c2384_harukiharada_crustle-wall-mirror-ok,305,second,win,PRIZES,139,0,6
CHAMPION,tb_eb8c2384_harukiharada_crustle-wall-mirror-ok,306,first,win,PRIZES,166,0,2
CHAMPION,tb_eb8c2384_harukiharada_crustle-wall-mirror-ok,308,first,win,PRIZES,126,0,5
CHAMPION,tb_eb8c2384_harukiharada_crustle-wall-mirror-ok,307,second,win,PRIZES,144,0,5
CHAMPION,tb_eb8c2384_harukiharada_crustle-wall-mirror-ok,309,second,loss,DECKOUT,182,2,4
CHAMPION,tb_eb8c2384_harukiharada_crustle-wall-mirror-ok,311,second,win,NO_BENCH,58,5,5
CHAMPION,tb_eb8c2384_harukiharada_crustle-wall-mirror-ok,310,first,win,NO_BENCH,109,1,5
CHAMPION,tb_eb8c2384_harukiharada_crustle-wall-mirror-ok,312,first,win,NO_BENCH,103,1,5
CHAMPION,tb_eb8c2384_harukiharada_crustle-wall-mirror-ok,314,first,win,PRIZES,111,0,5
CHAMPION,tb_eb8c2384_harukiharada_crustle-wall-mirror-ok,313,second,win,PRIZES,155,0,5
CHAMPION,tb_eb8c2384_harukiharada_crustle-wall-mirror-ok,315,second,win,NO_BENCH,21,5,6
CHAMPION,tb_eb8c2384_harukiharada_crustle-wall-mirror-ok,316,first,win,PRIZES,119,0,5
CHAMPION,tb_eb8c2384_harukiharada_crustle-wall-mirror-ok,317,second,win,PRIZES,97,0,6
CHAMPION,tb_eb8c2384_harukiharada_crustle-wall-mirror-ok,318,first,win,PRIZES,156,0,6
CHAMPION,tb_eb8c2384_harukiharada_crustle-wall-mirror-ok,319,second,win,PRIZES,103,0,5
CHAMPION,tb_eb8c2384_harukiharada_crustle-wall-mirror-ok,320,first,win,PRIZES,170,0,4
CHAMPION,tb_eb8c2384_harukiharada_crustle-wall-mirror-ok,321,second,win,NO_BENCH,114,1,6
CHAMPION,tb_eb8c2384_harukiharada_crustle-wall-mirror-ok,322,first,loss,DECKOUT,197,1,5
CHAMPION,tb_eb8c2384_harukiharada_crustle-wall-mirror-ok,323,second,win,NO_BENCH,102,2,6
CHAMPION,tb_eb8c2384_harukiharada_crustle-wall-mirror-ok,324,first,win,PRIZES,131,0,5
CHAMPION,tb_eb8c2384_harukiharada_crustle-wall-mirror-ok,325,second,win,PRIZES,117,0,6
CHAMPION,tb_eb8c2384_harukiharada_crustle-wall-mirror-ok,326,first,loss,DECKOUT,192,1,5
CHAMPION,tb_eb8c2384_harukiharada_crustle-wall-mirror-ok,327,second,win,NO_BENCH,120,1,6
CHAMPION,tb_eb8c2384_harukiharada_crustle-wall-mirror-ok,328,first,win,NO_BENCH,99,2,6
CHAMPION,tb_eb8c2384_harukiharada_crustle-wall-mirror-ok,329,second,win,PRIZES,110,0,6
CHAMPION,tb_eb8c2384_harukiharada_crustle-wall-mirror-ok,330,first,win,NO_BENCH,56,3,6
CHAMPION,tb_eb8c2384_harukiharada_crustle-wall-mirror-ok,331,second,loss,DECKOUT,180,2,4
CHAMPION,tb_eb8c2384_harukiharada_crustle-wall-mirror-ok,332,first,win,NO_BENCH,103,1,5
CHAMPION,tb_eb8c2384_harukiharada_crustle-wall-mirror-ok,333,second,win,NO_BENCH,118,1,6
CHAMPION,tb_eb8c2384_harukiharada_crustle-wall-mirror-ok,334,first,win,PRIZES,121,0,6
CHAMPION,tb_eb8c2384_harukiharada_crustle-wall-mirror-ok,335,second,win,PRIZES,121,0,6
CHAMPION,tb_eb8c2384_harukiharada_crustle-wall-mirror-ok,336,first,win,PRIZES,152,0,5
CHAMPION,tb_eb8c2384_harukiharada_crustle-wall-mirror-ok,338,first,win,NO_BENCH,33,5,6
CHAMPION,tb_eb8c2384_harukiharada_crustle-wall-mirror-ok,337,second,win,PRIZES,181,0,5
CHAMPION,tb_eb8c2384_harukiharada_crustle-wall-mirror-ok,339,second,win,PRIZES,162,0,5
CHAMPION,tb_eb8c2384_harukiharada_crustle-wall-mirror-ok,340,first,win,PRIZES,112,0,6
CHAMPION,tb_eb8c2384_harukiharada_crustle-wall-mirror-ok,341,second,win,NO_BENCH,104,2,6
CHAMPION,tb_eb8c2384_harukiharada_crustle-wall-mirror-ok,342,first,win,NO_BENCH,78,3,6
CHAMPION,tb_eb8c2384_harukiharada_crustle-wall-mirror-ok,343,second,win,NO_BENCH,112,1,5
CHAMPION,tb_eb8c2384_harukiharada_crustle-wall-mirror-ok,344,first,win,PRIZES,135,0,4
CHAMPION,tb_eb8c2384_harukiharada_crustle-wall-mirror-ok,345,second,win,PRIZES,177,0,4
CHAMPION,tb_eb8c2384_harukiharada_crustle-wall-mirror-ok,346,first,win,PRIZES,145,0,5
CHAMPION,tb_eb8c2384_harukiharada_crustle-wall-mirror-ok,347,second,win,PRIZES,115,0,5
CHAMPION,tb_eb8c2384_harukiharada_crustle-wall-mirror-ok,348,first,win,PRIZES,151,0,1
CHAMPION,tb_eb8c2384_harukiharada_crustle-wall-mirror-ok,349,second,win,NO_BENCH,78,3,6
CHAMPION,tb_eb8c2384_harukiharada_crustle-wall-mirror-ok,350,first,win,PRIZES,118,0,6
CHAMPION,tb_eb8c2384_harukiharada_crustle-wall-mirror-ok,351,second,win,NO_BENCH,36,4,6
CHAMPION,tb_eb8c2384_harukiharada_crustle-wall-mirror-ok,352,first,win,PRIZES,109,0,6
CHAMPION,tb_eb8c2384_harukiharada_crustle-wall-mirror-ok,353,second,win,PRIZES,105,0,6
CHAMPION,tb_eb8c2384_harukiharada_crustle-wall-mirror-ok,354,first,loss,DECKOUT,186,1,1
CHAMPION,tb_eb8c2384_harukiharada_crustle-wall-mirror-ok,355,second,win,PRIZES,108,0,6
CHAMPION,tb_eb8c2384_harukiharada_crustle-wall-mirror-ok,356,first,win,PRIZES,129,0,5
CHAMPION,tb_eb8c2384_harukiharada_crustle-wall-mirror-ok,357,second,win,NO_BENCH,46,4,6
CHAMPION,tb_eb8c2384_harukiharada_crustle-wall-mirror-ok,358,first,loss,PRIZES,129,3,0
CHAMPION,tb_eb8c2384_harukiharada_crustle-wall-mirror-ok,359,second,win,NO_BENCH,90,3,6
CHAMPION,tb_eb8c2384_harukiharada_crustle-wall-mirror-ok,360,first,loss,DECKOUT,137,1,6
CHAMPION,tb_eb8c2384_harukiharada_crustle-wall-mirror-ok,361,second,loss,PRIZES,121,6,0
CHAMPION,tb_eb8c2384_harukiharada_crustle-wall-mirror-ok,362,first,win,PRIZES,146,0,4
CHAMPION,tb_eb8c2384_harukiharada_crustle-wall-mirror-ok,363,second,win,PRIZES,147,0,5
CHAMPION,tb_eb8c2384_harukiharada_crustle-wall-mirror-ok,364,first,win,PRIZES,85,0,6
CHAMPION,tb_eb8c2384_harukiharada_crustle-wall-mirror-ok,365,second,win,PRIZES,143,0,5
CHAMPION,tb_eb8c2384_harukiharada_crustle-wall-mirror-ok,366,first,win,PRIZES,154,0,5
CHAMPION,tb_eb8c2384_harukiharada_crustle-wall-mirror-ok,367,second,win,PRIZES,138,0,6
CHAMPION,tb_eb8c2384_harukiharada_crustle-wall-mirror-ok,368,first,win,NO_BENCH,59,5,6
CHAMPION,tb_eb8c2384_harukiharada_crustle-wall-mirror-ok,369,second,win,DECKOUT,181,2,4
CHAMPION,tb_eb8c2384_harukiharada_crustle-wall-mirror-ok,371,second,win,NO_BENCH,25,5,6
CHAMPION,tb_eb8c2384_harukiharada_crustle-wall-mirror-ok,370,first,win,NO_BENCH,38,5,6
CHAMPION,tb_eb8c2384_harukiharada_crustle-wall-mirror-ok,372,first,win,PRIZES,156,0,4
CHAMPION,tb_eb8c2384_harukiharada_crustle-wall-mirror-ok,374,first,win,PRIZES,107,0,6
CHAMPION,tb_eb8c2384_harukiharada_crustle-wall-mirror-ok,373,second,win,NO_BENCH,145,1,4
CHAMPION,tb_eb8c2384_harukiharada_crustle-wall-mirror-ok,376,first,win,NO_BENCH,57,4,6
CHAMPION,tb_eb8c2384_harukiharada_crustle-wall-mirror-ok,375,second,win,PRIZES,165,0,4
CHAMPION,tb_eb8c2384_harukiharada_crustle-wall-mirror-ok,377,second,win,PRIZES,135,0,6
CHAMPION,tb_eb8c2384_harukiharada_crustle-wall-mirror-ok,378,first,win,PRIZES,116,0,6
CHAMPION,tb_eb8c2384_harukiharada_crustle-wall-mirror-ok,380,first,win,NO_BENCH,77,4,6
CHAMPION,tb_eb8c2384_harukiharada_crustle-wall-mirror-ok,379,second,loss,PRIZES,162,1,0
CHAMPION,tb_eb8c2384_harukiharada_crustle-wall-mirror-ok,382,first,win,NO_BENCH,124,1,5
CHAMPION,tb_eb8c2384_harukiharada_crustle-wall-mirror-ok,381,second,win,PRIZES,186,0,5
CHAMPION,tb_eb8c2384_harukiharada_crustle-wall-mirror-ok,383,second,win,PRIZES,168,0,5
CHAMPION,tb_eb8c2384_harukiharada_crustle-wall-mirror-ok,385,second,loss,NO_BENCH,53,6,2
CHAMPION,tb_eb8c2384_harukiharada_crustle-wall-mirror-ok,384,first,win,PRIZES,139,0,5
CHAMPION,tb_eb8c2384_harukiharada_crustle-wall-mirror-ok,386,first,win,PRIZES,119,0,6
CHAMPION,tb_eb8c2384_harukiharada_crustle-wall-mirror-ok,387,second,loss,PRIZES,141,3,0
CHAMPION,tb_eb8c2384_harukiharada_crustle-wall-mirror-ok,388,first,win,PRIZES,133,0,5
CHAMPION,tb_eb8c2384_harukiharada_crustle-wall-mirror-ok,389,second,win,PRIZES,137,0,5
CHAMPION,tb_eb8c2384_harukiharada_crustle-wall-mirror-ok,390,first,win,NO_BENCH,75,3,6
CHAMPION,tb_eb8c2384_harukiharada_crustle-wall-mirror-ok,391,second,win,NO_BENCH,85,3,6
CHAMPION,tb_eb8c2384_harukiharada_crustle-wall-mirror-ok,392,first,win,PRIZES,122,0,5
CHAMPION,tb_eb8c2384_harukiharada_crustle-wall-mirror-ok,393,second,win,NO_BENCH,92,2,6
CHAMPION,tb_eb8c2384_harukiharada_crustle-wall-mirror-ok,394,first,win,PRIZES,142,0,5
CHAMPION,tb_eb8c2384_harukiharada_crustle-wall-mirror-ok,395,second,win,PRIZES,113,0,5
CHAMPION,tb_eb8c2384_harukiharada_crustle-wall-mirror-ok,396,first,win,NO_BENCH,95,2,6
CHAMPION,tb_eb8c2384_harukiharada_crustle-wall-mirror-ok,397,second,win,NO_BENCH,102,2,5
CHAMPION,tb_eb8c2384_harukiharada_crustle-wall-mirror-ok,398,first,win,NO_BENCH,145,1,4
CHAMPION,tb_eb8c2384_harukiharada_crustle-wall-mirror-ok,399,second,win,PRIZES,109,0,6
CHAMPION,tb_eb8c2384_harukiharada_crustle-wall-mirror-ok,400,first,win,PRIZES,142,0,5
CHAMPION,tb_eb8c2384_harukiharada_crustle-wall-mirror-ok,401,second,win,PRIZES,193,0,1
CHAMPION,tb_eb8c2384_harukiharada_crustle-wall-mirror-ok,402,first,loss,DECKOUT,168,3,5
CHAMPION,tb_eb8c2384_harukiharada_crustle-wall-mirror-ok,403,second,loss,DECKOUT,157,3,1
CHAMPION,tb_eb8c2384_harukiharada_crustle-wall-mirror-ok,404,first,win,PRIZES,153,0,4
CHAMPION,tb_eb8c2384_harukiharada_crustle-wall-mirror-ok,405,second,win,NO_BENCH,80,2,6
CHAMPION,tb_eb8c2384_harukiharada_crustle-wall-mirror-ok,406,first,win,PRIZES,141,0,5
CHAMPION,tb_eb8c2384_harukiharada_crustle-wall-mirror-ok,407,second,win,PRIZES,135,0,5
CHAMPION,tb_eb8c2384_harukiharada_crustle-wall-mirror-ok,408,first,win,NO_BENCH,108,1,6
CHAMPION,tb_eb8c2384_harukiharada_crustle-wall-mirror-ok,409,second,win,PRIZES,105,0,6
CHAMPION,tb_eb8c2384_harukiharada_crustle-wall-mirror-ok,410,first,win,NO_BENCH,91,1,5
CHAMPION,tb_eb8c2384_harukiharada_crustle-wall-mirror-ok,411,second,win,PRIZES,164,0,5
CHAMPION,tb_eb8c2384_harukiharada_crustle-wall-mirror-ok,413,second,win,NO_BENCH,57,4,5
CHAMPION,tb_eb8c2384_harukiharada_crustle-wall-mirror-ok,412,first,win,PRIZES,174,0,4
CHAMPION,tb_eb8c2384_harukiharada_crustle-wall-mirror-ok,414,first,win,NO_BENCH,108,2,5
CHAMPION,tb_eb8c2384_harukiharada_crustle-wall-mirror-ok,415,second,win,NO_BENCH,110,1,5
CHAMPION,tb_eb8c2384_harukiharada_crustle-wall-mirror-ok,416,first,win,PRIZES,126,0,6
CHAMPION,tb_eb8c2384_harukiharada_crustle-wall-mirror-ok,417,second,win,PRIZES,129,0,6
CHAMPION,tb_eb8c2384_harukiharada_crustle-wall-mirror-ok,419,second,win,NO_BENCH,143,1,1
CHAMPION,tb_eb8c2384_harukiharada_crustle-wall-mirror-ok,418,first,loss,DECKOUT,191,5,4
CHAMPION,tb_eb8c2384_harukiharada_crustle-wall-mirror-ok,420,first,win,PRIZES,174,0,5
CHAMPION,tb_eb8c2384_harukiharada_crustle-wall-mirror-ok,421,second,win,NO_BENCH,22,5,6
CHAMPION,tb_eb8c2384_harukiharada_crustle-wall-mirror-ok,422,first,win,PRIZES,123,0,6
CHAMPION,tb_eb8c2384_harukiharada_crustle-wall-mirror-ok,423,second,win,NO_BENCH,98,2,6
CHAMPION,tb_eb8c2384_harukiharada_crustle-wall-mirror-ok,424,first,win,PRIZES,129,0,6
CHAMPION,tb_eb8c2384_harukiharada_crustle-wall-mirror-ok,425,second,win,PRIZES,138,0,6
CHAMPION,tb_eb8c2384_harukiharada_crustle-wall-mirror-ok,426,first,win,NO_BENCH,125,1,5
CHAMPION,tb_eb8c2384_harukiharada_crustle-wall-mirror-ok,427,second,loss,DECKOUT,224,1,3
CHAMPION,tb_eb8c2384_harukiharada_crustle-wall-mirror-ok,428,first,loss,DECKOUT,207,2,2
CHAMPION,tb_eb8c2384_harukiharada_crustle-wall-mirror-ok,429,second,win,PRIZES,119,0,6
CHAMPION,tb_eb8c2384_harukiharada_crustle-wall-mirror-ok,430,first,win,NO_BENCH,125,2,4
CHAMPION,tb_eb8c2384_harukiharada_crustle-wall-mirror-ok,431,second,win,NO_BENCH,83,3,6
CHAMPION,tb_eb8c2384_harukiharada_crustle-wall-mirror-ok,432,first,win,NO_BENCH,85,3,5
CHAMPION,tb_eb8c2384_harukiharada_crustle-wall-mirror-ok,433,second,loss,PRIZES,100,4,0
CHAMPION,tb_eb8c2384_harukiharada_crustle-wall-mirror-ok,434,first,win,PRIZES,130,0,6
CHAMPION,tb_eb8c2384_harukiharada_crustle-wall-mirror-ok,435,second,win,NO_BENCH,126,2,6
CHAMPION,tb_eb8c2384_harukiharada_crustle-wall-mirror-ok,436,first,win,NO_BENCH,92,2,6
CHAMPION,tb_eb8c2384_harukiharada_crustle-wall-mirror-ok,437,second,win,NO_BENCH,27,5,6
CHAMPION,tb_eb8c2384_harukiharada_crustle-wall-mirror-ok,438,first,win,PRIZES,147,0,2
CHAMPION,tb_eb8c2384_harukiharada_crustle-wall-mirror-ok,439,second,win,PRIZES,144,0,5
CHAMPION,tb_eb8c2384_harukiharada_crustle-wall-mirror-ok,440,first,win,PRIZES,148,0,4
CHAMPION,tb_eb8c2384_harukiharada_crustle-wall-mirror-ok,442,first,win,PRIZES,130,0,5
CHAMPION,tb_eb8c2384_harukiharada_crustle-wall-mirror-ok,441,second,loss,PRIZES,166,1,0
CHAMPION,tb_eb8c2384_harukiharada_crustle-wall-mirror-ok,443,second,win,PRIZES,122,0,5
CHAMPION,tb_eb8c2384_harukiharada_crustle-wall-mirror-ok,444,first,win,PRIZES,155,0,5
CHAMPION,tb_eb8c2384_harukiharada_crustle-wall-mirror-ok,445,second,win,PRIZES,189,0,4
CHAMPION,tb_eb8c2384_harukiharada_crustle-wall-mirror-ok,446,first,win,PRIZES,166,0,5
CHAMPION,tb_eb8c2384_harukiharada_crustle-wall-mirror-ok,447,second,win,PRIZES,124,0,5
CHAMPION,tb_eb8c2384_harukiharada_crustle-wall-mirror-ok,449,second,win,PRIZES,117,0,6
CHAMPION,tb_eb8c2384_harukiharada_crustle-wall-mirror-ok,448,first,win,PRIZES,121,0,6
CHAMPION,tb_eb8c2384_harukiharada_crustle-wall-mirror-ok,450,first,win,PRIZES,143,0,5
CHAMPION,tb_eb8c2384_harukiharada_crustle-wall-mirror-ok,452,first,win,PRIZES,125,0,5
CHAMPION,tb_eb8c2384_harukiharada_crustle-wall-mirror-ok,451,second,win,PRIZES,186,0,6
CHAMPION,tb_eb8c2384_harukiharada_crustle-wall-mirror-ok,454,first,win,NO_BENCH,85,2,6
CHAMPION,tb_eb8c2384_harukiharada_crustle-wall-mirror-ok,453,second,win,PRIZES,132,0,5
CHAMPION,tb_eb8c2384_harukiharada_crustle-wall-mirror-ok,455,second,win,PRIZES,148,0,4
CHAMPION,tb_eb8c2384_harukiharada_crustle-wall-mirror-ok,456,first,win,PRIZES,114,0,5
CHAMPION,tb_eb8c2384_harukiharada_crustle-wall-mirror-ok,457,second,win,PRIZES,144,0,5
CHAMPION,tb_eb8c2384_harukiharada_crustle-wall-mirror-ok,458,first,win,PRIZES,148,0,5
CHAMPION,tb_eb8c2384_harukiharada_crustle-wall-mirror-ok,459,second,win,PRIZES,133,0,5
CHAMPION,tb_eb8c2384_harukiharada_crustle-wall-mirror-ok,460,first,win,NO_BENCH,89,2,5
CHAMPION,tb_eb8c2384_harukiharada_crustle-wall-mirror-ok,461,second,win,PRIZES,127,0,6
CHAMPION,tb_eb8c2384_harukiharada_crustle-wall-mirror-ok,462,first,win,NO_BENCH,115,1,6
CHAMPION,tb_eb8c2384_harukiharada_crustle-wall-mirror-ok,464,first,win,PRIZES,120,0,3
CHAMPION,tb_eb8c2384_harukiharada_crustle-wall-mirror-ok,463,second,loss,DECKOUT,160,1,5
CHAMPION,tb_eb8c2384_harukiharada_crustle-wall-mirror-ok,465,second,loss,NO_BENCH,38,5,5
CHAMPION,tb_eb8c2384_harukiharada_crustle-wall-mirror-ok,467,second,win,NO_BENCH,132,3,4
CHAMPION,tb_eb8c2384_harukiharada_crustle-wall-mirror-ok,466,first,win,PRIZES,180,0,5
CHAMPION,tb_eb8c2384_harukiharada_crustle-wall-mirror-ok,468,first,loss,NO_BENCH,63,6,1
CHAMPION,tb_eb8c2384_harukiharada_crustle-wall-mirror-ok,470,first,win,NO_BENCH,90,3,6
CHAMPION,tb_eb8c2384_harukiharada_crustle-wall-mirror-ok,469,second,win,NO_BENCH,88,3,6
CHAMPION,tb_eb8c2384_harukiharada_crustle-wall-mirror-ok,471,second,win,PRIZES,195,0,2
CHAMPION,tb_eb8c2384_harukiharada_crustle-wall-mirror-ok,473,second,win,PRIZES,117,0,6
CHAMPION,tb_eb8c2384_harukiharada_crustle-wall-mirror-ok,472,first,win,PRIZES,161,0,5
CHAMPION,tb_eb8c2384_harukiharada_crustle-wall-mirror-ok,474,first,loss,PRIZES,205,2,0
CHAMPION,tb_eb8c2384_harukiharada_crustle-wall-mirror-ok,476,first,win,PRIZES,125,0,5
CHAMPION,tb_eb8c2384_harukiharada_crustle-wall-mirror-ok,475,second,win,PRIZES,162,0,5
CHAMPION,tb_eb8c2384_harukiharada_crustle-wall-mirror-ok,477,second,win,NO_BENCH,113,2,6
CHAMPION,tb_eb8c2384_harukiharada_crustle-wall-mirror-ok,479,second,win,NO_BENCH,124,1,5
CHAMPION,tb_eb8c2384_harukiharada_crustle-wall-mirror-ok,478,first,loss,DECKOUT,182,1,4
CHAMPION,tb_eb8c2384_harukiharada_crustle-wall-mirror-ok,480,first,win,NO_BENCH,48,4,6
CHAMPION,tb_eb8c2384_harukiharada_crustle-wall-mirror-ok,481,second,win,PRIZES,104,0,6
CHAMPION,tb_eb8c2384_harukiharada_crustle-wall-mirror-ok,482,first,win,PRIZES,169,0,4
CHAMPION,tb_eb8c2384_harukiharada_crustle-wall-mirror-ok,483,second,win,PRIZES,104,0,6
CHAMPION,tb_eb8c2384_harukiharada_crustle-wall-mirror-ok,484,first,loss,DECKOUT,174,3,3
CHAMPION,tb_eb8c2384_harukiharada_crustle-wall-mirror-ok,485,second,win,NO_BENCH,44,4,6
CHAMPION,tb_eb8c2384_harukiharada_crustle-wall-mirror-ok,486,first,win,PRIZES,219,0,3
CHAMPION,tb_eb8c2384_harukiharada_crustle-wall-mirror-ok,487,second,win,NO_BENCH,87,3,5
CHAMPION,tb_eb8c2384_harukiharada_crustle-wall-mirror-ok,488,first,win,NO_BENCH,112,1,5
CHAMPION,tb_eb8c2384_harukiharada_crustle-wall-mirror-ok,489,second,win,NO_BENCH,128,2,5
CHAMPION,tb_eb8c2384_harukiharada_crustle-wall-mirror-ok,490,first,loss,DECKOUT,144,2,5
CHAMPION,tb_eb8c2384_harukiharada_crustle-wall-mirror-ok,491,second,win,PRIZES,132,0,5
CHAMPION,tb_eb8c2384_harukiharada_crustle-wall-mirror-ok,492,first,loss,DECKOUT,178,1,1
CHAMPION,tb_eb8c2384_harukiharada_crustle-wall-mirror-ok,494,first,win,NO_BENCH,82,3,5
CHAMPION,tb_eb8c2384_harukiharada_crustle-wall-mirror-ok,493,second,win,PRIZES,183,0,4
CHAMPION,tb_eb8c2384_harukiharada_crustle-wall-mirror-ok,495,second,win,NO_BENCH,41,5,6
CHAMPION,tb_eb8c2384_harukiharada_crustle-wall-mirror-ok,496,first,win,PRIZES,123,0,5
CHAMPION,tb_eb8c2384_harukiharada_crustle-wall-mirror-ok,497,second,win,NO_BENCH,133,1,3
CHAMPION,tb_eb8c2384_harukiharada_crustle-wall-mirror-ok,498,first,win,PRIZES,192,0,5
CHAMPION,tb_eb8c2384_harukiharada_crustle-wall-mirror-ok,499,second,win,PRIZES,177,0,2
CHAMPION,tb_eb8c2384_harukiharada_crustle-wall-mirror-ok,500,first,win,PRIZES,137,0,6
CHAMPION,tb_eb8c2384_harukiharada_crustle-wall-mirror-ok,501,second,win,PRIZES,124,0,6
CHAMPION,tb_eb8c2384_harukiharada_crustle-wall-mirror-ok,502,first,win,PRIZES,122,0,6
CHAMPION,tb_eb8c2384_harukiharada_crustle-wall-mirror-ok,503,second,win,PRIZES,133,0,1
CHAMPION,tb_eb8c2384_harukiharada_crustle-wall-mirror-ok,504,first,win,PRIZES,118,0,6
CHAMPION,tb_eb8c2384_harukiharada_crustle-wall-mirror-ok,505,second,win,NO_BENCH,20,5,6
CHAMPION,tb_eb8c2384_harukiharada_crustle-wall-mirror-ok,506,first,win,NO_BENCH,24,5,6
CHAMPION,tb_eb8c2384_harukiharada_crustle-wall-mirror-ok,507,second,win,PRIZES,119,0,6
CHAMPION,tb_eb8c2384_harukiharada_crustle-wall-mirror-ok,509,second,win,NO_BENCH,31,5,6
CHAMPION,tb_eb8c2384_harukiharada_crustle-wall-mirror-ok,508,first,win,NO_BENCH,117,1,5
CHAMPION,tb_eb8c2384_harukiharada_crustle-wall-mirror-ok,511,second,win,NO_BENCH,32,5,6
CHAMPION,tb_eb8c2384_harukiharada_crustle-wall-mirror-ok,510,first,win,PRIZES,131,0,5
CHAMPION,tb_eb8c2384_harukiharada_crustle-wall-mirror-ok,512,first,win,PRIZES,127,0,6
CHAMPION,tb_eb8c2384_harukiharada_crustle-wall-mirror-ok,513,second,win,NO_BENCH,110,2,6
CHAMPION,tb_eb8c2384_harukiharada_crustle-wall-mirror-ok,514,first,loss,PRIZES,181,1,0
CHAMPION,tb_eb8c2384_harukiharada_crustle-wall-mirror-ok,515,second,loss,DECKOUT,183,1,5
CHAMPION,tb_eb8c2384_harukiharada_crustle-wall-mirror-ok,516,first,win,PRIZES,137,0,5
CHAMPION,tb_eb8c2384_harukiharada_crustle-wall-mirror-ok,517,second,win,NO_BENCH,113,2,6
CHAMPION,tb_eb8c2384_harukiharada_crustle-wall-mirror-ok,518,first,win,PRIZES,128,0,6
CHAMPION,tb_eb8c2384_harukiharada_crustle-wall-mirror-ok,519,second,win,PRIZES,113,0,5
CHAMPION,tb_eb8c2384_harukiharada_crustle-wall-mirror-ok,520,first,win,NO_BENCH,98,3,5
CHAMPION,tb_eb8c2384_harukiharada_crustle-wall-mirror-ok,521,second,loss,DECKOUT,241,2,3
CHAMPION,tb_eb8c2384_harukiharada_crustle-wall-mirror-ok,522,first,win,PRIZES,155,0,5
CHAMPION,tb_eb8c2384_harukiharada_crustle-wall-mirror-ok,523,second,win,PRIZES,121,0,5
CHAMPION,tb_eb8c2384_harukiharada_crustle-wall-mirror-ok,524,first,win,NO_BENCH,44,5,6
CHAMPION,tb_eb8c2384_harukiharada_crustle-wall-mirror-ok,525,second,win,PRIZES,134,0,6
CHAMPION,tb_eb8c2384_harukiharada_crustle-wall-mirror-ok,526,first,win,PRIZES,137,0,5
CHAMPION,tb_eb8c2384_harukiharada_crustle-wall-mirror-ok,527,second,loss,PRIZES,158,2,0
CHAMPION,tb_eb8c2384_harukiharada_crustle-wall-mirror-ok,529,second,win,NO_BENCH,18,5,6
CHAMPION,tb_eb8c2384_harukiharada_crustle-wall-mirror-ok,528,first,win,PRIZES,173,0,3
CHAMPION,tb_eb8c2384_harukiharada_crustle-wall-mirror-ok,530,first,win,NO_BENCH,97,1,6
CHAMPION,tb_eb8c2384_harukiharada_crustle-wall-mirror-ok,531,second,win,PRIZES,96,0,6
CHAMPION,tb_eb8c2384_harukiharada_crustle-wall-mirror-ok,532,first,win,PRIZES,179,0,5
CHAMPION,tb_eb8c2384_harukiharada_crustle-wall-mirror-ok,533,second,win,PRIZES,162,0,5
CHAMPION,tb_eb8c2384_harukiharada_crustle-wall-mirror-ok,534,first,win,NO_BENCH,130,1,6
CHAMPION,tb_eb8c2384_harukiharada_crustle-wall-mirror-ok,536,first,win,NO_BENCH,37,5,6
CHAMPION,tb_eb8c2384_harukiharada_crustle-wall-mirror-ok,535,second,win,NO_BENCH,102,4,4
CHAMPION,tb_eb8c2384_harukiharada_crustle-wall-mirror-ok,537,second,win,PRIZES,119,0,6
CHAMPION,tb_eb8c2384_harukiharada_crustle-wall-mirror-ok,539,second,win,PRIZES,93,0,6
CHAMPION,tb_eb8c2384_harukiharada_crustle-wall-mirror-ok,538,first,win,PRIZES,111,0,6
CHAMPION,tb_eb8c2384_harukiharada_crustle-wall-mirror-ok,540,first,win,NO_BENCH,48,5,6
CHAMPION,tb_eb8c2384_harukiharada_crustle-wall-mirror-ok,541,second,win,NO_BENCH,80,2,6
CHAMPION,tb_eb8c2384_harukiharada_crustle-wall-mirror-ok,542,first,win,PRIZES,121,0,5
CHAMPION,tb_eb8c2384_harukiharada_crustle-wall-mirror-ok,543,second,win,NO_BENCH,57,4,6
CHAMPION,tb_eb8c2384_harukiharada_crustle-wall-mirror-ok,545,second,win,NO_BENCH,49,4,6
CHAMPION,tb_eb8c2384_harukiharada_crustle-wall-mirror-ok,544,first,win,PRIZES,138,0,6
CHAMPION,tb_eb8c2384_harukiharada_crustle-wall-mirror-ok,546,first,win,PRIZES,150,0,5
CHAMPION,tb_eb8c2384_harukiharada_crustle-wall-mirror-ok,547,second,win,PRIZES,106,0,6
CHAMPION,tb_eb8c2384_harukiharada_crustle-wall-mirror-ok,548,first,win,PRIZES,135,0,5
CHAMPION,tb_eb8c2384_harukiharada_crustle-wall-mirror-ok,549,second,win,PRIZES,102,0,5
CHAMPION,tb_eb8c2384_harukiharada_crustle-wall-mirror-ok,550,first,win,NO_BENCH,105,2,5
CHAMPION,tb_eb8c2384_harukiharada_crustle-wall-mirror-ok,551,second,win,NO_BENCH,125,1,5
CHAMPION,tb_eb8c2384_harukiharada_crustle-wall-mirror-ok,553,second,win,NO_BENCH,23,5,6
CHAMPION,tb_eb8c2384_harukiharada_crustle-wall-mirror-ok,552,first,win,PRIZES,158,0,5
CHAMPION,tb_eb8c2384_harukiharada_crustle-wall-mirror-ok,554,first,loss,DECKOUT,146,1,4
CHAMPION,tb_eb8c2384_harukiharada_crustle-wall-mirror-ok,555,second,win,PRIZES,149,0,5
CHAMPION,tb_eb8c2384_harukiharada_crustle-wall-mirror-ok,556,first,win,PRIZES,156,0,3
CHAMPION,tb_eb8c2384_harukiharada_crustle-wall-mirror-ok,557,second,win,NO_BENCH,106,1,6
CHAMPION,tb_eb8c2384_harukiharada_crustle-wall-mirror-ok,559,second,win,NO_BENCH,45,5,6
CHAMPION,tb_eb8c2384_harukiharada_crustle-wall-mirror-ok,558,first,win,PRIZES,172,0,6
CHAMPION,tb_eb8c2384_harukiharada_crustle-wall-mirror-ok,560,first,win,NO_BENCH,131,2,5
CHAMPION,tb_eb8c2384_harukiharada_crustle-wall-mirror-ok,561,second,win,NO_BENCH,93,2,6
CHAMPION,tb_eb8c2384_harukiharada_crustle-wall-mirror-ok,562,first,loss,NO_BENCH,54,6,4
CHAMPION,tb_eb8c2384_harukiharada_crustle-wall-mirror-ok,563,second,win,NO_BENCH,122,1,5
CHAMPION,tb_eb8c2384_harukiharada_crustle-wall-mirror-ok,564,first,win,PRIZES,207,0,4
CHAMPION,tb_eb8c2384_harukiharada_crustle-wall-mirror-ok,565,second,loss,PRIZES,198,1,0
CHAMPION,tb_eb8c2384_harukiharada_crustle-wall-mirror-ok,566,first,win,PRIZES,116,0,5
CHAMPION,tb_eb8c2384_harukiharada_crustle-wall-mirror-ok,569,second,win,NO_BENCH,59,5,6
CHAMPION,tb_eb8c2384_harukiharada_crustle-wall-mirror-ok,567,second,win,NO_BENCH,96,3,6
CHAMPION,tb_eb8c2384_harukiharada_crustle-wall-mirror-ok,568,first,win,PRIZES,147,0,6
CHAMPION,tb_eb8c2384_harukiharada_crustle-wall-mirror-ok,570,first,win,PRIZES,127,0,6
CHAMPION,tb_eb8c2384_harukiharada_crustle-wall-mirror-ok,571,second,win,PRIZES,181,0,6
CHAMPION,tb_eb8c2384_harukiharada_crustle-wall-mirror-ok,572,first,win,PRIZES,136,0,5
CHAMPION,tb_eb8c2384_harukiharada_crustle-wall-mirror-ok,573,second,loss,PRIZES,137,3,0
CHAMPION,tb_eb8c2384_harukiharada_crustle-wall-mirror-ok,575,second,win,PRIZES,109,0,6
CHAMPION,tb_eb8c2384_harukiharada_crustle-wall-mirror-ok,574,first,loss,DECKOUT,176,1,5
CHAMPION,tb_eb8c2384_harukiharada_crustle-wall-mirror-ok,576,first,win,PRIZES,117,0,6
CHAMPION,tb_eb8c2384_harukiharada_crustle-wall-mirror-ok,577,second,loss,PRIZES,140,5,0
CHAMPION,tb_eb8c2384_harukiharada_crustle-wall-mirror-ok,578,first,win,PRIZES,131,0,6
CHAMPION,tb_eb8c2384_harukiharada_crustle-wall-mirror-ok,579,second,win,NO_BENCH,114,1,5
CHAMPION,tb_eb8c2384_harukiharada_crustle-wall-mirror-ok,580,first,loss,DECKOUT,194,1,5
CHAMPION,tb_eb8c2384_harukiharada_crustle-wall-mirror-ok,581,second,win,NO_BENCH,109,1,6
CHAMPION,tb_eb8c2384_harukiharada_crustle-wall-mirror-ok,582,first,loss,PRIZES,143,2,0
CHAMPION,tb_eb8c2384_harukiharada_crustle-wall-mirror-ok,583,second,win,PRIZES,110,0,6
CHAMPION,tb_eb8c2384_harukiharada_crustle-wall-mirror-ok,584,first,loss,DECKOUT,210,1,1
CHAMPION,tb_eb8c2384_harukiharada_crustle-wall-mirror-ok,585,second,win,PRIZES,192,0,5
CHAMPION,tb_eb8c2384_harukiharada_crustle-wall-mirror-ok,586,first,win,PRIZES,139,0,5
CHAMPION,tb_eb8c2384_harukiharada_crustle-wall-mirror-ok,587,second,win,NO_BENCH,124,1,4
CHAMPION,tb_eb8c2384_harukiharada_crustle-wall-mirror-ok,588,first,win,NO_BENCH,94,1,6
CHAMPION,tb_eb8c2384_harukiharada_crustle-wall-mirror-ok,589,second,win,NO_BENCH,24,5,6
CHAMPION,tb_eb8c2384_harukiharada_crustle-wall-mirror-ok,590,first,win,NO_BENCH,32,5,6
CHAMPION,tb_eb8c2384_harukiharada_crustle-wall-mirror-ok,592,first,win,PRIZES,116,0,2
CHAMPION,tb_eb8c2384_harukiharada_crustle-wall-mirror-ok,591,second,win,PRIZES,143,0,4
CHAMPION,tb_eb8c2384_harukiharada_crustle-wall-mirror-ok,593,second,win,PRIZES,140,0,5
CHAMPION,tb_eb8c2384_harukiharada_crustle-wall-mirror-ok,595,second,win,PRIZES,146,0,6
CHAMPION,tb_eb8c2384_harukiharada_crustle-wall-mirror-ok,594,first,win,PRIZES,152,0,5
CHAMPION,tb_eb8c2384_harukiharada_crustle-wall-mirror-ok,596,first,win,NO_BENCH,137,3,5
CHAMPION,tb_eb8c2384_harukiharada_crustle-wall-mirror-ok,598,first,win,PRIZES,141,0,4
CHAMPION,tb_eb8c2384_harukiharada_crustle-wall-mirror-ok,597,second,win,NO_BENCH,174,1,5
CHAMPION,tb_eb8c2384_harukiharada_crustle-wall-mirror-ok,599,second,win,NO_BENCH,19,5,6
CHAMPION,tb_64e9991a_raunakdey07_pok-mon-tcg-advanced-heuristic-agent,0,first,win,PRIZES,113,0,6
CHAMPION,tb_64e9991a_raunakdey07_pok-mon-tcg-advanced-heuristic-agent,1,second,loss,PRIZES,102,3,0
CHAMPION,tb_64e9991a_raunakdey07_pok-mon-tcg-advanced-heuristic-agent,3,second,loss,PRIZES,134,5,0
CHAMPION,tb_64e9991a_raunakdey07_pok-mon-tcg-advanced-heuristic-agent,2,first,loss,PRIZES,152,2,0
CHAMPION,tb_64e9991a_raunakdey07_pok-mon-tcg-advanced-heuristic-agent,4,first,win,PRIZES,134,0,6
CHAMPION,tb_64e9991a_raunakdey07_pok-mon-tcg-advanced-heuristic-agent,7,second,win,NO_BENCH,75,3,6
CHAMPION,tb_64e9991a_raunakdey07_pok-mon-tcg-advanced-heuristic-agent,6,first,win,PRIZES,129,0,6
CHAMPION,tb_64e9991a_raunakdey07_pok-mon-tcg-advanced-heuristic-agent,9,second,win,PRIZES,102,0,6
CHAMPION,tb_64e9991a_raunakdey07_pok-mon-tcg-advanced-heuristic-agent,5,second,loss,PRIZES,172,4,0
CHAMPION,tb_64e9991a_raunakdey07_pok-mon-tcg-advanced-heuristic-agent,8,first,loss,PRIZES,142,1,0
CHAMPION,tb_64e9991a_raunakdey07_pok-mon-tcg-advanced-heuristic-agent,11,second,loss,PRIZES,139,6,0
CHAMPION,tb_64e9991a_raunakdey07_pok-mon-tcg-advanced-heuristic-agent,10,first,win,DECKOUT,186,3,2
CHAMPION,tb_64e9991a_raunakdey07_pok-mon-tcg-advanced-heuristic-agent,12,first,loss,PRIZES,154,2,0
CHAMPION,tb_64e9991a_raunakdey07_pok-mon-tcg-advanced-heuristic-agent,15,second,win,PRIZES,108,0,6
CHAMPION,tb_64e9991a_raunakdey07_pok-mon-tcg-advanced-heuristic-agent,13,second,loss,PRIZES,76,6,0
CHAMPION,tb_64e9991a_raunakdey07_pok-mon-tcg-advanced-heuristic-agent,16,first,loss,PRIZES,159,4,0
CHAMPION,tb_64e9991a_raunakdey07_pok-mon-tcg-advanced-heuristic-agent,17,second,loss,PRIZES,147,5,0
CHAMPION,tb_64e9991a_raunakdey07_pok-mon-tcg-advanced-heuristic-agent,14,first,win,DECKOUT,195,2,2
CHAMPION,tb_64e9991a_raunakdey07_pok-mon-tcg-advanced-heuristic-agent,19,second,loss,PRIZES,152,4,0
CHAMPION,tb_64e9991a_raunakdey07_pok-mon-tcg-advanced-heuristic-agent,20,first,loss,PRIZES,168,4,0
CHAMPION,tb_64e9991a_raunakdey07_pok-mon-tcg-advanced-heuristic-agent,18,first,loss,PRIZES,120,5,0
CHAMPION,tb_64e9991a_raunakdey07_pok-mon-tcg-advanced-heuristic-agent,23,second,win,NO_BENCH,19,5,6
CHAMPION,tb_64e9991a_raunakdey07_pok-mon-tcg-advanced-heuristic-agent,22,first,loss,NO_BENCH,71,5,4
CHAMPION,tb_64e9991a_raunakdey07_pok-mon-tcg-advanced-heuristic-agent,24,first,loss,PRIZES,150,5,0
CHAMPION,tb_64e9991a_raunakdey07_pok-mon-tcg-advanced-heuristic-agent,21,second,loss,PRIZES,139,3,0
CHAMPION,tb_64e9991a_raunakdey07_pok-mon-tcg-advanced-heuristic-agent,25,second,win,PRIZES,174,0,2
CHAMPION,tb_64e9991a_raunakdey07_pok-mon-tcg-advanced-heuristic-agent,28,first,loss,PRIZES,159,5,0
CHAMPION,tb_64e9991a_raunakdey07_pok-mon-tcg-advanced-heuristic-agent,29,second,win,NO_BENCH,124,1,6
CHAMPION,tb_64e9991a_raunakdey07_pok-mon-tcg-advanced-heuristic-agent,27,second,win,PRIZES,154,0,2
CHAMPION,tb_64e9991a_raunakdey07_pok-mon-tcg-advanced-heuristic-agent,26,first,win,DECKOUT,178,1,3
CHAMPION,tb_64e9991a_raunakdey07_pok-mon-tcg-advanced-heuristic-agent,30,first,win,NO_BENCH,18,5,6
CHAMPION,tb_64e9991a_raunakdey07_pok-mon-tcg-advanced-heuristic-agent,32,first,loss,PRIZES,122,5,0
CHAMPION,tb_64e9991a_raunakdey07_pok-mon-tcg-advanced-heuristic-agent,33,second,win,DECKOUT,176,2,4
CHAMPION,tb_64e9991a_raunakdey07_pok-mon-tcg-advanced-heuristic-agent,31,second,loss,PRIZES,138,5,0
CHAMPION,tb_64e9991a_raunakdey07_pok-mon-tcg-advanced-heuristic-agent,35,second,win,PRIZES,168,0,3
CHAMPION,tb_64e9991a_raunakdey07_pok-mon-tcg-advanced-heuristic-agent,36,first,loss,PRIZES,182,4,0
CHAMPION,tb_64e9991a_raunakdey07_pok-mon-tcg-advanced-heuristic-agent,34,first,loss,PRIZES,161,3,0
CHAMPION,tb_64e9991a_raunakdey07_pok-mon-tcg-advanced-heuristic-agent,37,second,loss,PRIZES,142,3,0
CHAMPION,tb_64e9991a_raunakdey07_pok-mon-tcg-advanced-heuristic-agent,39,second,loss,PRIZES,166,2,0
CHAMPION,tb_64e9991a_raunakdey07_pok-mon-tcg-advanced-heuristic-agent,38,first,loss,PRIZES,130,2,0
CHAMPION,tb_64e9991a_raunakdey07_pok-mon-tcg-advanced-heuristic-agent,40,first,loss,PRIZES,147,4,0
CHAMPION,tb_64e9991a_raunakdey07_pok-mon-tcg-advanced-heuristic-agent,43,second,win,NO_BENCH,98,2,6
CHAMPION,tb_64e9991a_raunakdey07_pok-mon-tcg-advanced-heuristic-agent,41,second,loss,PRIZES,140,5,0
CHAMPION,tb_64e9991a_raunakdey07_pok-mon-tcg-advanced-heuristic-agent,44,first,loss,PRIZES,122,5,0
CHAMPION,tb_64e9991a_raunakdey07_pok-mon-tcg-advanced-heuristic-agent,42,first,loss,PRIZES,163,6,0
CHAMPION,tb_64e9991a_raunakdey07_pok-mon-tcg-advanced-heuristic-agent,47,second,win,NO_BENCH,35,5,6
CHAMPION,tb_64e9991a_raunakdey07_pok-mon-tcg-advanced-heuristic-agent,45,second,loss,PRIZES,205,2,0
CHAMPION,tb_64e9991a_raunakdey07_pok-mon-tcg-advanced-heuristic-agent,49,second,win,NO_BENCH,34,5,6
CHAMPION,tb_64e9991a_raunakdey07_pok-mon-tcg-advanced-heuristic-agent,48,first,loss,PRIZES,168,4,0
CHAMPION,tb_64e9991a_raunakdey07_pok-mon-tcg-advanced-heuristic-agent,46,first,draw,UNKNOWN,194,0,0
CHAMPION,tb_64e9991a_raunakdey07_pok-mon-tcg-advanced-heuristic-agent,50,first,loss,PRIZES,104,4,0
CHAMPION,tb_64e9991a_raunakdey07_pok-mon-tcg-advanced-heuristic-agent,52,first,win,NO_BENCH,127,1,5
CHAMPION,tb_64e9991a_raunakdey07_pok-mon-tcg-advanced-heuristic-agent,53,second,loss,PRIZES,135,4,0
CHAMPION,tb_64e9991a_raunakdey07_pok-mon-tcg-advanced-heuristic-agent,51,second,loss,PRIZES,196,1,0
CHAMPION,tb_64e9991a_raunakdey07_pok-mon-tcg-advanced-heuristic-agent,54,first,loss,PRIZES,154,2,0
CHAMPION,tb_64e9991a_raunakdey07_pok-mon-tcg-advanced-heuristic-agent,56,first,loss,PRIZES,131,3,0
CHAMPION,tb_64e9991a_raunakdey07_pok-mon-tcg-advanced-heuristic-agent,55,second,loss,DECKOUT,196,2,4
CHAMPION,tb_64e9991a_raunakdey07_pok-mon-tcg-advanced-heuristic-agent,57,second,loss,PRIZES,155,1,0
CHAMPION,tb_64e9991a_raunakdey07_pok-mon-tcg-advanced-heuristic-agent,58,first,loss,PRIZES,199,1,0
CHAMPION,tb_64e9991a_raunakdey07_pok-mon-tcg-advanced-heuristic-agent,60,first,loss,PRIZES,125,5,0
CHAMPION,tb_64e9991a_raunakdey07_pok-mon-tcg-advanced-heuristic-agent,61,second,win,PRIZES,179,0,3
CHAMPION,tb_64e9991a_raunakdey07_pok-mon-tcg-advanced-heuristic-agent,59,second,win,DECKOUT,190,1,1
CHAMPION,tb_64e9991a_raunakdey07_pok-mon-tcg-advanced-heuristic-agent,62,first,loss,PRIZES,164,1,0
CHAMPION,tb_64e9991a_raunakdey07_pok-mon-tcg-advanced-heuristic-agent,64,first,win,PRIZES,164,0,1
CHAMPION,tb_64e9991a_raunakdey07_pok-mon-tcg-advanced-heuristic-agent,63,second,win,DECKOUT,174,2,2
CHAMPION,tb_64e9991a_raunakdey07_pok-mon-tcg-advanced-heuristic-agent,66,first,win,NO_BENCH,85,3,5
CHAMPION,tb_64e9991a_raunakdey07_pok-mon-tcg-advanced-heuristic-agent,65,second,loss,PRIZES,129,5,0
CHAMPION,tb_64e9991a_raunakdey07_pok-mon-tcg-advanced-heuristic-agent,67,second,win,PRIZES,126,0,4
CHAMPION,tb_64e9991a_raunakdey07_pok-mon-tcg-advanced-heuristic-agent,69,second,loss,PRIZES,107,6,0
CHAMPION,tb_64e9991a_raunakdey07_pok-mon-tcg-advanced-heuristic-agent,68,first,loss,PRIZES,138,4,0
CHAMPION,tb_64e9991a_raunakdey07_pok-mon-tcg-advanced-heuristic-agent,70,first,loss,PRIZES,114,3,0
CHAMPION,tb_64e9991a_raunakdey07_pok-mon-tcg-advanced-heuristic-agent,71,second,loss,PRIZES,155,2,0
CHAMPION,tb_64e9991a_raunakdey07_pok-mon-tcg-advanced-heuristic-agent,72,first,loss,PRIZES,162,4,0
CHAMPION,tb_64e9991a_raunakdey07_pok-mon-tcg-advanced-heuristic-agent,74,first,win,PRIZES,144,0,5
CHAMPION,tb_64e9991a_raunakdey07_pok-mon-tcg-advanced-heuristic-agent,73,second,loss,PRIZES,186,1,0
CHAMPION,tb_64e9991a_raunakdey07_pok-mon-tcg-advanced-heuristic-agent,75,second,win,PRIZES,118,0,6
CHAMPION,tb_64e9991a_raunakdey07_pok-mon-tcg-advanced-heuristic-agent,77,second,loss,PRIZES,147,6,0
CHAMPION,tb_64e9991a_raunakdey07_pok-mon-tcg-advanced-heuristic-agent,79,second,loss,NO_BENCH,38,5,5
CHAMPION,tb_64e9991a_raunakdey07_pok-mon-tcg-advanced-heuristic-agent,76,first,loss,PRIZES,173,3,0
CHAMPION,tb_64e9991a_raunakdey07_pok-mon-tcg-advanced-heuristic-agent,80,first,win,NO_BENCH,112,1,6
CHAMPION,tb_64e9991a_raunakdey07_pok-mon-tcg-advanced-heuristic-agent,81,second,win,PRIZES,136,0,6
CHAMPION,tb_64e9991a_raunakdey07_pok-mon-tcg-advanced-heuristic-agent,78,first,loss,PRIZES,188,3,0
CHAMPION,tb_64e9991a_raunakdey07_pok-mon-tcg-advanced-heuristic-agent,83,second,win,NO_BENCH,84,3,6
CHAMPION,tb_64e9991a_raunakdey07_pok-mon-tcg-advanced-heuristic-agent,85,second,win,NO_BENCH,41,4,6
CHAMPION,tb_64e9991a_raunakdey07_pok-mon-tcg-advanced-heuristic-agent,82,first,loss,PRIZES,130,6,0
CHAMPION,tb_64e9991a_raunakdey07_pok-mon-tcg-advanced-heuristic-agent,87,second,win,PRIZES,158,0,5
CHAMPION,tb_64e9991a_raunakdey07_pok-mon-tcg-advanced-heuristic-agent,88,first,win,NO_BENCH,46,4,6
CHAMPION,tb_64e9991a_raunakdey07_pok-mon-tcg-advanced-heuristic-agent,84,first,loss,PRIZES,181,2,0
CHAMPION,tb_64e9991a_raunakdey07_pok-mon-tcg-advanced-heuristic-agent,86,first,loss,PRIZES,159,3,0
CHAMPION,tb_64e9991a_raunakdey07_pok-mon-tcg-advanced-heuristic-agent,90,first,win,NO_BENCH,57,4,6
CHAMPION,tb_64e9991a_raunakdey07_pok-mon-tcg-advanced-heuristic-agent,89,second,win,NO_BENCH,95,3,6
CHAMPION,tb_64e9991a_raunakdey07_pok-mon-tcg-advanced-heuristic-agent,92,first,loss,PRIZES,133,5,0
CHAMPION,tb_64e9991a_raunakdey07_pok-mon-tcg-advanced-heuristic-agent,93,second,loss,PRIZES,122,5,0
CHAMPION,tb_64e9991a_raunakdey07_pok-mon-tcg-advanced-heuristic-agent,91,second,loss,PRIZES,165,4,0
CHAMPION,tb_64e9991a_raunakdey07_pok-mon-tcg-advanced-heuristic-agent,96,first,win,NO_BENCH,114,1,6
CHAMPION,tb_64e9991a_raunakdey07_pok-mon-tcg-advanced-heuristic-agent,95,second,win,DECKOUT,186,1,2
CHAMPION,tb_64e9991a_raunakdey07_pok-mon-tcg-advanced-heuristic-agent,94,first,win,DECKOUT,188,1,1
CHAMPION,tb_64e9991a_raunakdey07_pok-mon-tcg-advanced-heuristic-agent,98,first,win,NO_BENCH,57,4,6
CHAMPION,tb_64e9991a_raunakdey07_pok-mon-tcg-advanced-heuristic-agent,97,second,draw,UNKNOWN,188,0,0
CHAMPION,tb_64e9991a_raunakdey07_pok-mon-tcg-advanced-heuristic-agent,99,second,loss,PRIZES,146,5,0
CHAMPION,tb_64e9991a_raunakdey07_pok-mon-tcg-advanced-heuristic-agent,102,first,win,PRIZES,158,0,1
CHAMPION,tb_64e9991a_raunakdey07_pok-mon-tcg-advanced-heuristic-agent,101,second,loss,PRIZES,153,4,0
CHAMPION,tb_64e9991a_raunakdey07_pok-mon-tcg-advanced-heuristic-agent,100,first,loss,PRIZES,164,3,0
CHAMPION,tb_64e9991a_raunakdey07_pok-mon-tcg-advanced-heuristic-agent,103,second,win,PRIZES,178,0,1
CHAMPION,tb_64e9991a_raunakdey07_pok-mon-tcg-advanced-heuristic-agent,104,first,loss,PRIZES,122,4,0
CHAMPION,tb_64e9991a_raunakdey07_pok-mon-tcg-advanced-heuristic-agent,105,second,win,PRIZES,184,0,2
CHAMPION,tb_64e9991a_raunakdey07_pok-mon-tcg-advanced-heuristic-agent,106,first,loss,PRIZES,181,3,0
CHAMPION,tb_64e9991a_raunakdey07_pok-mon-tcg-advanced-heuristic-agent,108,first,loss,PRIZES,150,5,0
CHAMPION,tb_64e9991a_raunakdey07_pok-mon-tcg-advanced-heuristic-agent,107,second,loss,PRIZES,148,5,0
CHAMPION,tb_64e9991a_raunakdey07_pok-mon-tcg-advanced-heuristic-agent,110,first,loss,PRIZES,130,5,0
CHAMPION,tb_64e9991a_raunakdey07_pok-mon-tcg-advanced-heuristic-agent,109,second,loss,PRIZES,105,5,0
CHAMPION,tb_64e9991a_raunakdey07_pok-mon-tcg-advanced-heuristic-agent,112,first,win,PRIZES,174,0,2
CHAMPION,tb_64e9991a_raunakdey07_pok-mon-tcg-advanced-heuristic-agent,113,second,loss,PRIZES,119,5,0
CHAMPION,tb_64e9991a_raunakdey07_pok-mon-tcg-advanced-heuristic-agent,111,second,loss,PRIZES,199,1,0
CHAMPION,tb_64e9991a_raunakdey07_pok-mon-tcg-advanced-heuristic-agent,115,second,loss,PRIZES,144,5,0
CHAMPION,tb_64e9991a_raunakdey07_pok-mon-tcg-advanced-heuristic-agent,116,first,loss,PRIZES,189,1,0
CHAMPION,tb_64e9991a_raunakdey07_pok-mon-tcg-advanced-heuristic-agent,114,first,win,PRIZES,172,0,4
CHAMPION,tb_64e9991a_raunakdey07_pok-mon-tcg-advanced-heuristic-agent,118,first,win,NO_BENCH,151,1,5
CHAMPION,tb_64e9991a_raunakdey07_pok-mon-tcg-advanced-heuristic-agent,117,second,loss,PRIZES,189,2,0
CHAMPION,tb_64e9991a_raunakdey07_pok-mon-tcg-advanced-heuristic-agent,119,second,loss,PRIZES,183,1,0
CHAMPION,tb_64e9991a_raunakdey07_pok-mon-tcg-advanced-heuristic-agent,120,first,loss,PRIZES,136,3,0
CHAMPION,tb_64e9991a_raunakdey07_pok-mon-tcg-advanced-heuristic-agent,122,first,loss,PRIZES,159,1,0
CHAMPION,tb_64e9991a_raunakdey07_pok-mon-tcg-advanced-heuristic-agent,121,second,loss,PRIZES,178,4,0
CHAMPION,tb_64e9991a_raunakdey07_pok-mon-tcg-advanced-heuristic-agent,123,second,loss,PRIZES,111,6,0
CHAMPION,tb_64e9991a_raunakdey07_pok-mon-tcg-advanced-heuristic-agent,124,first,loss,PRIZES,136,4,0
CHAMPION,tb_64e9991a_raunakdey07_pok-mon-tcg-advanced-heuristic-agent,125,second,loss,PRIZES,162,2,0
CHAMPION,tb_64e9991a_raunakdey07_pok-mon-tcg-advanced-heuristic-agent,126,first,loss,PRIZES,156,3,0
CHAMPION,tb_64e9991a_raunakdey07_pok-mon-tcg-advanced-heuristic-agent,127,second,loss,PRIZES,139,4,0
CHAMPION,tb_64e9991a_raunakdey07_pok-mon-tcg-advanced-heuristic-agent,130,first,loss,PRIZES,183,4,0
CHAMPION,tb_64e9991a_raunakdey07_pok-mon-tcg-advanced-heuristic-agent,128,first,loss,PRIZES,144,4,0
CHAMPION,tb_64e9991a_raunakdey07_pok-mon-tcg-advanced-heuristic-agent,131,second,win,PRIZES,133,0,6
CHAMPION,tb_64e9991a_raunakdey07_pok-mon-tcg-advanced-heuristic-agent,129,second,loss,PRIZES,172,2,0
CHAMPION,tb_64e9991a_raunakdey07_pok-mon-tcg-advanced-heuristic-agent,133,second,win,NO_BENCH,19,5,6
CHAMPION,tb_64e9991a_raunakdey07_pok-mon-tcg-advanced-heuristic-agent,135,second,loss,PRIZES,174,2,0
CHAMPION,tb_64e9991a_raunakdey07_pok-mon-tcg-advanced-heuristic-agent,136,first,win,NO_BENCH,38,5,6
CHAMPION,tb_64e9991a_raunakdey07_pok-mon-tcg-advanced-heuristic-agent,134,first,loss,PRIZES,175,2,0
CHAMPION,tb_64e9991a_raunakdey07_pok-mon-tcg-advanced-heuristic-agent,132,first,win,PRIZES,179,0,1
CHAMPION,tb_64e9991a_raunakdey07_pok-mon-tcg-advanced-heuristic-agent,137,second,loss,PRIZES,168,3,0
CHAMPION,tb_64e9991a_raunakdey07_pok-mon-tcg-advanced-heuristic-agent,138,first,loss,PRIZES,145,3,0
CHAMPION,tb_64e9991a_raunakdey07_pok-mon-tcg-advanced-heuristic-agent,139,second,loss,PRIZES,159,4,0
CHAMPION,tb_64e9991a_raunakdey07_pok-mon-tcg-advanced-heuristic-agent,141,second,loss,PRIZES,175,1,0
CHAMPION,tb_64e9991a_raunakdey07_pok-mon-tcg-advanced-heuristic-agent,140,first,win,PRIZES,152,0,6
CHAMPION,tb_64e9991a_raunakdey07_pok-mon-tcg-advanced-heuristic-agent,142,first,loss,PRIZES,136,2,0
CHAMPION,tb_64e9991a_raunakdey07_pok-mon-tcg-advanced-heuristic-agent,145,second,loss,PRIZES,133,5,0
CHAMPION,tb_64e9991a_raunakdey07_pok-mon-tcg-advanced-heuristic-agent,143,second,win,PRIZES,187,0,1
CHAMPION,tb_64e9991a_raunakdey07_pok-mon-tcg-advanced-heuristic-agent,147,second,win,PRIZES,169,0,4
CHAMPION,tb_64e9991a_raunakdey07_pok-mon-tcg-advanced-heuristic-agent,146,first,loss,PRIZES,152,1,0
CHAMPION,tb_64e9991a_raunakdey07_pok-mon-tcg-advanced-heuristic-agent,144,first,loss,PRIZES,177,4,0
CHAMPION,tb_64e9991a_raunakdey07_pok-mon-tcg-advanced-heuristic-agent,148,first,win,PRIZES,164,0,2
CHAMPION,tb_64e9991a_raunakdey07_pok-mon-tcg-advanced-heuristic-agent,151,second,loss,PRIZES,143,5,0
CHAMPION,tb_64e9991a_raunakdey07_pok-mon-tcg-advanced-heuristic-agent,149,second,win,PRIZES,196,0,1
CHAMPION,tb_64e9991a_raunakdey07_pok-mon-tcg-advanced-heuristic-agent,150,first,loss,PRIZES,169,1,0
CHAMPION,tb_64e9991a_raunakdey07_pok-mon-tcg-advanced-heuristic-agent,152,first,loss,PRIZES,124,5,0
CHAMPION,tb_64e9991a_raunakdey07_pok-mon-tcg-advanced-heuristic-agent,154,first,loss,PRIZES,132,5,0
CHAMPION,tb_64e9991a_raunakdey07_pok-mon-tcg-advanced-heuristic-agent,153,second,win,PRIZES,187,0,2
CHAMPION,tb_64e9991a_raunakdey07_pok-mon-tcg-advanced-heuristic-agent,155,second,loss,PRIZES,159,1,0
CHAMPION,tb_64e9991a_raunakdey07_pok-mon-tcg-advanced-heuristic-agent,156,first,loss,PRIZES,140,6,0
CHAMPION,tb_64e9991a_raunakdey07_pok-mon-tcg-advanced-heuristic-agent,157,second,win,PRIZES,159,0,6
CHAMPION,tb_64e9991a_raunakdey07_pok-mon-tcg-advanced-heuristic-agent,159,second,loss,PRIZES,114,6,0
CHAMPION,tb_64e9991a_raunakdey07_pok-mon-tcg-advanced-heuristic-agent,158,first,loss,PRIZES,140,4,0
CHAMPION,tb_64e9991a_raunakdey07_pok-mon-tcg-advanced-heuristic-agent,162,first,win,NO_BENCH,28,5,6
CHAMPION,tb_64e9991a_raunakdey07_pok-mon-tcg-advanced-heuristic-agent,161,second,loss,PRIZES,97,6,0
CHAMPION,tb_64e9991a_raunakdey07_pok-mon-tcg-advanced-heuristic-agent,160,first,loss,PRIZES,155,2,0
CHAMPION,tb_64e9991a_raunakdey07_pok-mon-tcg-advanced-heuristic-agent,163,second,loss,PRIZES,151,3,0
CHAMPION,tb_64e9991a_raunakdey07_pok-mon-tcg-advanced-heuristic-agent,165,second,win,PRIZES,147,0,1
CHAMPION,tb_64e9991a_raunakdey07_pok-mon-tcg-advanced-heuristic-agent,166,first,win,NO_BENCH,29,5,6
CHAMPION,tb_64e9991a_raunakdey07_pok-mon-tcg-advanced-heuristic-agent,167,second,loss,PRIZES,185,2,0
CHAMPION,tb_64e9991a_raunakdey07_pok-mon-tcg-advanced-heuristic-agent,164,first,win,PRIZES,196,0,1
CHAMPION,tb_64e9991a_raunakdey07_pok-mon-tcg-advanced-heuristic-agent,168,first,loss,PRIZES,167,4,0
CHAMPION,tb_64e9991a_raunakdey07_pok-mon-tcg-advanced-heuristic-agent,169,second,loss,NO_BENCH,60,6,3
CHAMPION,tb_64e9991a_raunakdey07_pok-mon-tcg-advanced-heuristic-agent,170,first,win,PRIZES,163,0,6
CHAMPION,tb_64e9991a_raunakdey07_pok-mon-tcg-advanced-heuristic-agent,171,second,loss,PRIZES,138,3,0
CHAMPION,tb_64e9991a_raunakdey07_pok-mon-tcg-advanced-heuristic-agent,172,first,loss,PRIZES,177,3,0
CHAMPION,tb_64e9991a_raunakdey07_pok-mon-tcg-advanced-heuristic-agent,173,second,loss,PRIZES,147,3,0
CHAMPION,tb_64e9991a_raunakdey07_pok-mon-tcg-advanced-heuristic-agent,175,second,win,NO_BENCH,99,2,6
CHAMPION,tb_64e9991a_raunakdey07_pok-mon-tcg-advanced-heuristic-agent,174,first,loss,PRIZES,181,2,0
CHAMPION,tb_64e9991a_raunakdey07_pok-mon-tcg-advanced-heuristic-agent,177,second,loss,DECKOUT,176,4,1
CHAMPION,tb_64e9991a_raunakdey07_pok-mon-tcg-advanced-heuristic-agent,176,first,win,PRIZES,192,0,1
CHAMPION,tb_64e9991a_raunakdey07_pok-mon-tcg-advanced-heuristic-agent,178,first,loss,PRIZES,175,2,0
CHAMPION,tb_64e9991a_raunakdey07_pok-mon-tcg-advanced-heuristic-agent,179,second,loss,PRIZES,169,3,0
CHAMPION,tb_64e9991a_raunakdey07_pok-mon-tcg-advanced-heuristic-agent,180,first,loss,PRIZES,145,5,0
CHAMPION,tb_64e9991a_raunakdey07_pok-mon-tcg-advanced-heuristic-agent,183,second,loss,PRIZES,118,5,0
CHAMPION,tb_64e9991a_raunakdey07_pok-mon-tcg-advanced-heuristic-agent,181,second,loss,PRIZES,159,3,0
CHAMPION,tb_64e9991a_raunakdey07_pok-mon-tcg-advanced-heuristic-agent,184,first,win,NO_BENCH,36,5,6
CHAMPION,tb_64e9991a_raunakdey07_pok-mon-tcg-advanced-heuristic-agent,182,first,win,PRIZES,202,0,1
CHAMPION,tb_64e9991a_raunakdey07_pok-mon-tcg-advanced-heuristic-agent,186,first,loss,PRIZES,136,2,0
CHAMPION,tb_64e9991a_raunakdey07_pok-mon-tcg-advanced-heuristic-agent,185,second,loss,PRIZES,156,3,0
CHAMPION,tb_64e9991a_raunakdey07_pok-mon-tcg-advanced-heuristic-agent,189,second,win,NO_BENCH,55,4,6
CHAMPION,tb_64e9991a_raunakdey07_pok-mon-tcg-advanced-heuristic-agent,187,second,win,PRIZES,160,0,4
CHAMPION,tb_64e9991a_raunakdey07_pok-mon-tcg-advanced-heuristic-agent,191,second,win,PRIZES,134,0,5
CHAMPION,tb_64e9991a_raunakdey07_pok-mon-tcg-advanced-heuristic-agent,188,first,loss,PRIZES,203,2,0
CHAMPION,tb_64e9991a_raunakdey07_pok-mon-tcg-advanced-heuristic-agent,192,first,win,PRIZES,95,0,6
CHAMPION,tb_64e9991a_raunakdey07_pok-mon-tcg-advanced-heuristic-agent,190,first,loss,PRIZES,153,2,0
CHAMPION,tb_64e9991a_raunakdey07_pok-mon-tcg-advanced-heuristic-agent,193,second,win,PRIZES,165,0,2
CHAMPION,tb_64e9991a_raunakdey07_pok-mon-tcg-advanced-heuristic-agent,195,second,loss,PRIZES,132,4,0
CHAMPION,tb_64e9991a_raunakdey07_pok-mon-tcg-advanced-heuristic-agent,194,first,loss,PRIZES,173,1,0
CHAMPION,tb_64e9991a_raunakdey07_pok-mon-tcg-advanced-heuristic-agent,197,second,win,NO_BENCH,30,5,6
CHAMPION,tb_64e9991a_raunakdey07_pok-mon-tcg-advanced-heuristic-agent,196,first,loss,PRIZES,109,5,0
CHAMPION,tb_64e9991a_raunakdey07_pok-mon-tcg-advanced-heuristic-agent,200,first,loss,PRIZES,155,4,0
CHAMPION,tb_64e9991a_raunakdey07_pok-mon-tcg-advanced-heuristic-agent,198,first,win,DECKOUT,164,3,1
CHAMPION,tb_64e9991a_raunakdey07_pok-mon-tcg-advanced-heuristic-agent,199,second,loss,PRIZES,163,3,0
CHAMPION,tb_64e9991a_raunakdey07_pok-mon-tcg-advanced-heuristic-agent,201,second,loss,PRIZES,176,2,0
CHAMPION,tb_64e9991a_raunakdey07_pok-mon-tcg-advanced-heuristic-agent,202,first,loss,PRIZES,154,4,0
CHAMPION,tb_64e9991a_raunakdey07_pok-mon-tcg-advanced-heuristic-agent,203,second,loss,PRIZES,152,2,0
CHAMPION,tb_64e9991a_raunakdey07_pok-mon-tcg-advanced-heuristic-agent,204,first,loss,PRIZES,163,3,0
CHAMPION,tb_64e9991a_raunakdey07_pok-mon-tcg-advanced-heuristic-agent,205,second,win,DECKOUT,203,2,2
CHAMPION,tb_64e9991a_raunakdey07_pok-mon-tcg-advanced-heuristic-agent,207,second,win,PRIZES,138,0,1
CHAMPION,tb_64e9991a_raunakdey07_pok-mon-tcg-advanced-heuristic-agent,206,first,loss,PRIZES,154,2,0
CHAMPION,tb_64e9991a_raunakdey07_pok-mon-tcg-advanced-heuristic-agent,208,first,loss,PRIZES,169,1,0
CHAMPION,tb_64e9991a_raunakdey07_pok-mon-tcg-advanced-heuristic-agent,210,first,loss,PRIZES,172,1,0
CHAMPION,tb_64e9991a_raunakdey07_pok-mon-tcg-advanced-heuristic-agent,209,second,win,DECKOUT,183,2,2
CHAMPION,tb_64e9991a_raunakdey07_pok-mon-tcg-advanced-heuristic-agent,212,first,loss,PRIZES,141,2,0
CHAMPION,tb_64e9991a_raunakdey07_pok-mon-tcg-advanced-heuristic-agent,211,second,win,DECKOUT,191,1,2
CHAMPION,tb_64e9991a_raunakdey07_pok-mon-tcg-advanced-heuristic-agent,214,first,win,PRIZES,145,0,1
CHAMPION,tb_64e9991a_raunakdey07_pok-mon-tcg-advanced-heuristic-agent,216,first,loss,PRIZES,142,2,0
CHAMPION,tb_64e9991a_raunakdey07_pok-mon-tcg-advanced-heuristic-agent,215,second,loss,PRIZES,208,1,0
CHAMPION,tb_64e9991a_raunakdey07_pok-mon-tcg-advanced-heuristic-agent,213,second,loss,PRIZES,143,4,0
CHAMPION,tb_64e9991a_raunakdey07_pok-mon-tcg-advanced-heuristic-agent,218,first,loss,PRIZES,150,5,0
CHAMPION,tb_64e9991a_raunakdey07_pok-mon-tcg-advanced-heuristic-agent,217,second,loss,PRIZES,148,4,0
CHAMPION,tb_64e9991a_raunakdey07_pok-mon-tcg-advanced-heuristic-agent,220,first,win,NO_BENCH,37,5,6
CHAMPION,tb_64e9991a_raunakdey07_pok-mon-tcg-advanced-heuristic-agent,219,second,loss,PRIZES,185,2,0
CHAMPION,tb_64e9991a_raunakdey07_pok-mon-tcg-advanced-heuristic-agent,222,first,loss,PRIZES,111,3,0
CHAMPION,tb_64e9991a_raunakdey07_pok-mon-tcg-advanced-heuristic-agent,221,second,loss,PRIZES,161,4,0
CHAMPION,tb_64e9991a_raunakdey07_pok-mon-tcg-advanced-heuristic-agent,223,second,loss,PRIZES,129,3,0
CHAMPION,tb_64e9991a_raunakdey07_pok-mon-tcg-advanced-heuristic-agent,226,first,win,NO_BENCH,17,5,6
CHAMPION,tb_64e9991a_raunakdey07_pok-mon-tcg-advanced-heuristic-agent,227,second,win,NO_BENCH,61,4,6
CHAMPION,tb_64e9991a_raunakdey07_pok-mon-tcg-advanced-heuristic-agent,224,first,loss,PRIZES,142,4,0
CHAMPION,tb_64e9991a_raunakdey07_pok-mon-tcg-advanced-heuristic-agent,225,second,loss,PRIZES,170,2,0
CHAMPION,tb_64e9991a_raunakdey07_pok-mon-tcg-advanced-heuristic-agent,230,first,win,NO_BENCH,16,5,6
CHAMPION,tb_64e9991a_raunakdey07_pok-mon-tcg-advanced-heuristic-agent,231,second,win,PRIZES,110,0,6
CHAMPION,tb_64e9991a_raunakdey07_pok-mon-tcg-advanced-heuristic-agent,228,first,loss,PRIZES,164,3,0
CHAMPION,tb_64e9991a_raunakdey07_pok-mon-tcg-advanced-heuristic-agent,232,first,loss,NO_BENCH,94,5,1
CHAMPION,tb_64e9991a_raunakdey07_pok-mon-tcg-advanced-heuristic-agent,229,second,win,PRIZES,180,0,4
CHAMPION,tb_64e9991a_raunakdey07_pok-mon-tcg-advanced-heuristic-agent,233,second,win,PRIZES,149,0,3
CHAMPION,tb_64e9991a_raunakdey07_pok-mon-tcg-advanced-heuristic-agent,235,second,loss,NO_BENCH,57,6,4
CHAMPION,tb_64e9991a_raunakdey07_pok-mon-tcg-advanced-heuristic-agent,234,first,win,PRIZES,167,0,1
CHAMPION,tb_64e9991a_raunakdey07_pok-mon-tcg-advanced-heuristic-agent,236,first,loss,PRIZES,131,2,0
CHAMPION,tb_64e9991a_raunakdey07_pok-mon-tcg-advanced-heuristic-agent,237,second,loss,PRIZES,182,2,0
CHAMPION,tb_64e9991a_raunakdey07_pok-mon-tcg-advanced-heuristic-agent,240,first,win,NO_BENCH,40,5,6
CHAMPION,tb_64e9991a_raunakdey07_pok-mon-tcg-advanced-heuristic-agent,238,first,loss,PRIZES,147,4,0
CHAMPION,tb_64e9991a_raunakdey07_pok-mon-tcg-advanced-heuristic-agent,239,second,loss,PRIZES,154,5,0
CHAMPION,tb_64e9991a_raunakdey07_pok-mon-tcg-advanced-heuristic-agent,243,second,win,PRIZES,137,0,6
CHAMPION,tb_64e9991a_raunakdey07_pok-mon-tcg-advanced-heuristic-agent,241,second,loss,PRIZES,103,5,0
CHAMPION,tb_64e9991a_raunakdey07_pok-mon-tcg-advanced-heuristic-agent,242,first,loss,PRIZES,170,2,0
CHAMPION,tb_64e9991a_raunakdey07_pok-mon-tcg-advanced-heuristic-agent,246,first,loss,PRIZES,163,1,0
CHAMPION,tb_64e9991a_raunakdey07_pok-mon-tcg-advanced-heuristic-agent,245,second,loss,PRIZES,165,3,0
CHAMPION,tb_64e9991a_raunakdey07_pok-mon-tcg-advanced-heuristic-agent,248,first,win,NO_BENCH,30,5,6
CHAMPION,tb_64e9991a_raunakdey07_pok-mon-tcg-advanced-heuristic-agent,244,first,loss,PRIZES,168,1,0
CHAMPION,tb_64e9991a_raunakdey07_pok-mon-tcg-advanced-heuristic-agent,247,second,loss,PRIZES,148,5,0
CHAMPION,tb_64e9991a_raunakdey07_pok-mon-tcg-advanced-heuristic-agent,250,first,win,PRIZES,174,0,1
CHAMPION,tb_64e9991a_raunakdey07_pok-mon-tcg-advanced-heuristic-agent,249,second,loss,PRIZES,141,4,0
CHAMPION,tb_64e9991a_raunakdey07_pok-mon-tcg-advanced-heuristic-agent,253,second,win,NO_BENCH,34,5,6
CHAMPION,tb_64e9991a_raunakdey07_pok-mon-tcg-advanced-heuristic-agent,252,first,win,NO_BENCH,129,1,6
CHAMPION,tb_64e9991a_raunakdey07_pok-mon-tcg-advanced-heuristic-agent,255,second,win,NO_BENCH,18,5,6
CHAMPION,tb_64e9991a_raunakdey07_pok-mon-tcg-advanced-heuristic-agent,254,first,win,NO_BENCH,151,1,3
CHAMPION,tb_64e9991a_raunakdey07_pok-mon-tcg-advanced-heuristic-agent,251,second,loss,PRIZES,191,1,0
CHAMPION,tb_64e9991a_raunakdey07_pok-mon-tcg-advanced-heuristic-agent,256,first,loss,PRIZES,194,1,0
CHAMPION,tb_64e9991a_raunakdey07_pok-mon-tcg-advanced-heuristic-agent,257,second,loss,PRIZES,118,5,0
CHAMPION,tb_64e9991a_raunakdey07_pok-mon-tcg-advanced-heuristic-agent,260,first,win,NO_BENCH,16,5,6
CHAMPION,tb_64e9991a_raunakdey07_pok-mon-tcg-advanced-heuristic-agent,258,first,loss,PRIZES,133,4,0
CHAMPION,tb_64e9991a_raunakdey07_pok-mon-tcg-advanced-heuristic-agent,259,second,win,PRIZES,190,0,2
CHAMPION,tb_64e9991a_raunakdey07_pok-mon-tcg-advanced-heuristic-agent,262,first,loss,PRIZES,176,2,0
CHAMPION,tb_64e9991a_raunakdey07_pok-mon-tcg-advanced-heuristic-agent,261,second,loss,PRIZES,142,5,0
CHAMPION,tb_64e9991a_raunakdey07_pok-mon-tcg-advanced-heuristic-agent,263,second,loss,PRIZES,150,3,0
CHAMPION,tb_64e9991a_raunakdey07_pok-mon-tcg-advanced-heuristic-agent,266,first,loss,PRIZES,155,1,0
CHAMPION,tb_64e9991a_raunakdey07_pok-mon-tcg-advanced-heuristic-agent,265,second,loss,PRIZES,161,3,0
CHAMPION,tb_64e9991a_raunakdey07_pok-mon-tcg-advanced-heuristic-agent,264,first,loss,PRIZES,158,2,0
CHAMPION,tb_64e9991a_raunakdey07_pok-mon-tcg-advanced-heuristic-agent,268,first,loss,PRIZES,88,6,0
CHAMPION,tb_64e9991a_raunakdey07_pok-mon-tcg-advanced-heuristic-agent,270,first,win,NO_BENCH,69,4,6
CHAMPION,tb_64e9991a_raunakdey07_pok-mon-tcg-advanced-heuristic-agent,267,second,loss,PRIZES,156,4,0
CHAMPION,tb_64e9991a_raunakdey07_pok-mon-tcg-advanced-heuristic-agent,269,second,loss,PRIZES,184,3,0
CHAMPION,tb_64e9991a_raunakdey07_pok-mon-tcg-advanced-heuristic-agent,271,second,win,PRIZES,170,0,2
CHAMPION,tb_64e9991a_raunakdey07_pok-mon-tcg-advanced-heuristic-agent,273,second,loss,PRIZES,174,2,0
CHAMPION,tb_64e9991a_raunakdey07_pok-mon-tcg-advanced-heuristic-agent,274,first,loss,PRIZES,103,5,0
CHAMPION,tb_64e9991a_raunakdey07_pok-mon-tcg-advanced-heuristic-agent,276,first,win,NO_BENCH,111,1,6
CHAMPION,tb_64e9991a_raunakdey07_pok-mon-tcg-advanced-heuristic-agent,272,first,win,DECKOUT,208,1,1
CHAMPION,tb_64e9991a_raunakdey07_pok-mon-tcg-advanced-heuristic-agent,275,second,loss,PRIZES,194,1,0
CHAMPION,tb_64e9991a_raunakdey07_pok-mon-tcg-advanced-heuristic-agent,277,second,loss,PRIZES,193,3,0
CHAMPION,tb_64e9991a_raunakdey07_pok-mon-tcg-advanced-heuristic-agent,278,first,loss,PRIZES,142,3,0
CHAMPION,tb_64e9991a_raunakdey07_pok-mon-tcg-advanced-heuristic-agent,279,second,win,PRIZES,188,0,1
CHAMPION,tb_64e9991a_raunakdey07_pok-mon-tcg-advanced-heuristic-agent,280,first,win,PRIZES,145,0,2
CHAMPION,tb_64e9991a_raunakdey07_pok-mon-tcg-advanced-heuristic-agent,281,second,loss,PRIZES,112,5,0
CHAMPION,tb_64e9991a_raunakdey07_pok-mon-tcg-advanced-heuristic-agent,283,second,loss,PRIZES,163,2,0
CHAMPION,tb_64e9991a_raunakdey07_pok-mon-tcg-advanced-heuristic-agent,282,first,loss,PRIZES,186,2,0
CHAMPION,tb_64e9991a_raunakdey07_pok-mon-tcg-advanced-heuristic-agent,284,first,loss,PRIZES,128,4,0
CHAMPION,tb_64e9991a_raunakdey07_pok-mon-tcg-advanced-heuristic-agent,285,second,loss,PRIZES,156,4,0
CHAMPION,tb_64e9991a_raunakdey07_pok-mon-tcg-advanced-heuristic-agent,286,first,loss,PRIZES,171,1,0
CHAMPION,tb_64e9991a_raunakdey07_pok-mon-tcg-advanced-heuristic-agent,288,first,loss,PRIZES,138,6,0
CHAMPION,tb_64e9991a_raunakdey07_pok-mon-tcg-advanced-heuristic-agent,289,second,loss,PRIZES,161,4,0
CHAMPION,tb_64e9991a_raunakdey07_pok-mon-tcg-advanced-heuristic-agent,287,second,loss,PRIZES,150,2,0
CHAMPION,tb_64e9991a_raunakdey07_pok-mon-tcg-advanced-heuristic-agent,292,first,win,NO_BENCH,84,3,6
CHAMPION,tb_64e9991a_raunakdey07_pok-mon-tcg-advanced-heuristic-agent,290,first,loss,PRIZES,123,5,0
CHAMPION,tb_64e9991a_raunakdey07_pok-mon-tcg-advanced-heuristic-agent,291,second,win,PRIZES,154,0,6
CHAMPION,tb_64e9991a_raunakdey07_pok-mon-tcg-advanced-heuristic-agent,293,second,win,PRIZES,161,0,4
CHAMPION,tb_64e9991a_raunakdey07_pok-mon-tcg-advanced-heuristic-agent,294,first,loss,PRIZES,171,4,0
CHAMPION,tb_64e9991a_raunakdey07_pok-mon-tcg-advanced-heuristic-agent,295,second,loss,PRIZES,189,2,0
CHAMPION,tb_64e9991a_raunakdey07_pok-mon-tcg-advanced-heuristic-agent,296,first,loss,PRIZES,106,4,0
CHAMPION,tb_64e9991a_raunakdey07_pok-mon-tcg-advanced-heuristic-agent,297,second,loss,PRIZES,150,4,0
CHAMPION,tb_64e9991a_raunakdey07_pok-mon-tcg-advanced-heuristic-agent,299,second,loss,PRIZES,133,6,0
CHAMPION,tb_64e9991a_raunakdey07_pok-mon-tcg-advanced-heuristic-agent,298,first,loss,PRIZES,179,4,0
CHAMPION,tb_64e9991a_raunakdey07_pok-mon-tcg-advanced-heuristic-agent,301,second,win,PRIZES,142,0,4
CHAMPION,tb_64e9991a_raunakdey07_pok-mon-tcg-advanced-heuristic-agent,300,first,loss,PRIZES,143,4,0
CHAMPION,tb_64e9991a_raunakdey07_pok-mon-tcg-advanced-heuristic-agent,304,first,win,NO_BENCH,73,4,6
CHAMPION,tb_64e9991a_raunakdey07_pok-mon-tcg-advanced-heuristic-agent,303,second,loss,PRIZES,142,3,0
CHAMPION,tb_64e9991a_raunakdey07_pok-mon-tcg-advanced-heuristic-agent,302,first,win,PRIZES,153,0,2
CHAMPION,tb_64e9991a_raunakdey07_pok-mon-tcg-advanced-heuristic-agent,305,second,loss,PRIZES,107,6,0
CHAMPION,tb_64e9991a_raunakdey07_pok-mon-tcg-advanced-heuristic-agent,306,first,loss,PRIZES,157,3,0
CHAMPION,tb_64e9991a_raunakdey07_pok-mon-tcg-advanced-heuristic-agent,308,first,win,PRIZES,142,0,6
CHAMPION,tb_64e9991a_raunakdey07_pok-mon-tcg-advanced-heuristic-agent,310,first,win,NO_BENCH,30,5,6
CHAMPION,tb_64e9991a_raunakdey07_pok-mon-tcg-advanced-heuristic-agent,307,second,win,PRIZES,175,0,3
CHAMPION,tb_64e9991a_raunakdey07_pok-mon-tcg-advanced-heuristic-agent,309,second,loss,PRIZES,164,4,0
CHAMPION,tb_64e9991a_raunakdey07_pok-mon-tcg-advanced-heuristic-agent,313,second,win,PRIZES,170,0,2
CHAMPION,tb_64e9991a_raunakdey07_pok-mon-tcg-advanced-heuristic-agent,312,first,loss,PRIZES,145,5,0
CHAMPION,tb_64e9991a_raunakdey07_pok-mon-tcg-advanced-heuristic-agent,311,second,loss,PRIZES,177,2,0
CHAMPION,tb_64e9991a_raunakdey07_pok-mon-tcg-advanced-heuristic-agent,314,first,loss,PRIZES,86,6,0
CHAMPION,tb_64e9991a_raunakdey07_pok-mon-tcg-advanced-heuristic-agent,315,second,win,PRIZES,170,0,2
CHAMPION,tb_64e9991a_raunakdey07_pok-mon-tcg-advanced-heuristic-agent,316,first,loss,PRIZES,111,4,0
CHAMPION,tb_64e9991a_raunakdey07_pok-mon-tcg-advanced-heuristic-agent,317,second,win,PRIZES,176,0,5
CHAMPION,tb_64e9991a_raunakdey07_pok-mon-tcg-advanced-heuristic-agent,320,first,win,PRIZES,139,0,5
CHAMPION,tb_64e9991a_raunakdey07_pok-mon-tcg-advanced-heuristic-agent,318,first,loss,PRIZES,187,1,0
CHAMPION,tb_64e9991a_raunakdey07_pok-mon-tcg-advanced-heuristic-agent,319,second,win,PRIZES,162,0,1
CHAMPION,tb_64e9991a_raunakdey07_pok-mon-tcg-advanced-heuristic-agent,323,second,loss,NO_BENCH,65,6,4
CHAMPION,tb_64e9991a_raunakdey07_pok-mon-tcg-advanced-heuristic-agent,324,first,win,NO_BENCH,37,4,6
CHAMPION,tb_64e9991a_raunakdey07_pok-mon-tcg-advanced-heuristic-agent,322,first,loss,PRIZES,154,5,0
CHAMPION,tb_64e9991a_raunakdey07_pok-mon-tcg-advanced-heuristic-agent,325,second,win,NO_BENCH,39,5,6
CHAMPION,tb_64e9991a_raunakdey07_pok-mon-tcg-advanced-heuristic-agent,327,second,loss,NO_BENCH,29,5,5
CHAMPION,tb_64e9991a_raunakdey07_pok-mon-tcg-advanced-heuristic-agent,321,second,loss,PRIZES,197,2,0
CHAMPION,tb_64e9991a_raunakdey07_pok-mon-tcg-advanced-heuristic-agent,329,second,win,NO_BENCH,74,3,6
CHAMPION,tb_64e9991a_raunakdey07_pok-mon-tcg-advanced-heuristic-agent,328,first,loss,DECKOUT,189,1,6
CHAMPION,tb_64e9991a_raunakdey07_pok-mon-tcg-advanced-heuristic-agent,326,first,loss,PRIZES,178,1,0
CHAMPION,tb_64e9991a_raunakdey07_pok-mon-tcg-advanced-heuristic-agent,331,second,win,NO_BENCH,32,5,6
CHAMPION,tb_64e9991a_raunakdey07_pok-mon-tcg-advanced-heuristic-agent,330,first,loss,PRIZES,163,3,0
CHAMPION,tb_64e9991a_raunakdey07_pok-mon-tcg-advanced-heuristic-agent,333,second,loss,PRIZES,130,6,0
CHAMPION,tb_64e9991a_raunakdey07_pok-mon-tcg-advanced-heuristic-agent,332,first,loss,PRIZES,121,6,0
CHAMPION,tb_64e9991a_raunakdey07_pok-mon-tcg-advanced-heuristic-agent,336,first,loss,NO_BENCH,82,6,1
CHAMPION,tb_64e9991a_raunakdey07_pok-mon-tcg-advanced-heuristic-agent,335,second,loss,PRIZES,136,4,0
CHAMPION,tb_64e9991a_raunakdey07_pok-mon-tcg-advanced-heuristic-agent,337,second,win,NO_BENCH,22,5,6
CHAMPION,tb_64e9991a_raunakdey07_pok-mon-tcg-advanced-heuristic-agent,334,first,loss,PRIZES,151,4,0
CHAMPION,tb_64e9991a_raunakdey07_pok-mon-tcg-advanced-heuristic-agent,338,first,win,NO_BENCH,98,1,6
CHAMPION,tb_64e9991a_raunakdey07_pok-mon-tcg-advanced-heuristic-agent,339,second,win,NO_BENCH,34,5,6
CHAMPION,tb_64e9991a_raunakdey07_pok-mon-tcg-advanced-heuristic-agent,340,first,loss,PRIZES,137,5,0
CHAMPION,tb_64e9991a_raunakdey07_pok-mon-tcg-advanced-heuristic-agent,343,second,win,NO_BENCH,108,2,6
CHAMPION,tb_64e9991a_raunakdey07_pok-mon-tcg-advanced-heuristic-agent,342,first,loss,PRIZES,108,6,0
CHAMPION,tb_64e9991a_raunakdey07_pok-mon-tcg-advanced-heuristic-agent,341,second,win,DECKOUT,217,1,2
CHAMPION,tb_64e9991a_raunakdey07_pok-mon-tcg-advanced-heuristic-agent,346,first,loss,PRIZES,162,2,0
CHAMPION,tb_64e9991a_raunakdey07_pok-mon-tcg-advanced-heuristic-agent,345,second,win,PRIZES,211,0,4
CHAMPION,tb_64e9991a_raunakdey07_pok-mon-tcg-advanced-heuristic-agent,344,first,loss,PRIZES,181,1,0
CHAMPION,tb_64e9991a_raunakdey07_pok-mon-tcg-advanced-heuristic-agent,349,second,win,NO_BENCH,76,3,6
CHAMPION,tb_64e9991a_raunakdey07_pok-mon-tcg-advanced-heuristic-agent,347,second,loss,NO_BENCH,74,6,4
CHAMPION,tb_64e9991a_raunakdey07_pok-mon-tcg-advanced-heuristic-agent,348,first,win,PRIZES,177,0,1
CHAMPION,tb_64e9991a_raunakdey07_pok-mon-tcg-advanced-heuristic-agent,350,first,win,PRIZES,145,0,1
CHAMPION,tb_64e9991a_raunakdey07_pok-mon-tcg-advanced-heuristic-agent,351,second,loss,PRIZES,147,2,0
CHAMPION,tb_64e9991a_raunakdey07_pok-mon-tcg-advanced-heuristic-agent,353,second,loss,PRIZES,115,4,0
CHAMPION,tb_64e9991a_raunakdey07_pok-mon-tcg-advanced-heuristic-agent,354,first,loss,PRIZES,97,6,0
CHAMPION,tb_64e9991a_raunakdey07_pok-mon-tcg-advanced-heuristic-agent,352,first,loss,PRIZES,139,3,0
CHAMPION,tb_64e9991a_raunakdey07_pok-mon-tcg-advanced-heuristic-agent,357,second,win,NO_BENCH,27,5,6
CHAMPION,tb_64e9991a_raunakdey07_pok-mon-tcg-advanced-heuristic-agent,355,second,loss,PRIZES,163,3,0
CHAMPION,tb_64e9991a_raunakdey07_pok-mon-tcg-advanced-heuristic-agent,359,second,win,NO_BENCH,30,5,6
CHAMPION,tb_64e9991a_raunakdey07_pok-mon-tcg-advanced-heuristic-agent,356,first,win,PRIZES,204,0,1
CHAMPION,tb_64e9991a_raunakdey07_pok-mon-tcg-advanced-heuristic-agent,358,first,loss,PRIZES,155,2,0
CHAMPION,tb_64e9991a_raunakdey07_pok-mon-tcg-advanced-heuristic-agent,360,first,win,PRIZES,225,0,2
CHAMPION,tb_64e9991a_raunakdey07_pok-mon-tcg-advanced-heuristic-agent,361,second,win,DECKOUT,181,1,2
CHAMPION,tb_64e9991a_raunakdey07_pok-mon-tcg-advanced-heuristic-agent,363,second,loss,PRIZES,150,4,0
CHAMPION,tb_64e9991a_raunakdey07_pok-mon-tcg-advanced-heuristic-agent,362,first,loss,PRIZES,181,1,0
CHAMPION,tb_64e9991a_raunakdey07_pok-mon-tcg-advanced-heuristic-agent,364,first,loss,PRIZES,135,3,0
CHAMPION,tb_64e9991a_raunakdey07_pok-mon-tcg-advanced-heuristic-agent,365,second,win,DECKOUT,172,3,1
CHAMPION,tb_64e9991a_raunakdey07_pok-mon-tcg-advanced-heuristic-agent,367,second,loss,PRIZES,172,2,0
CHAMPION,tb_64e9991a_raunakdey07_pok-mon-tcg-advanced-heuristic-agent,366,first,win,DECKOUT,187,2,2
CHAMPION,tb_64e9991a_raunakdey07_pok-mon-tcg-advanced-heuristic-agent,368,first,loss,PRIZES,159,3,0
CHAMPION,tb_64e9991a_raunakdey07_pok-mon-tcg-advanced-heuristic-agent,369,second,loss,PRIZES,182,2,0
CHAMPION,tb_64e9991a_raunakdey07_pok-mon-tcg-advanced-heuristic-agent,370,first,win,PRIZES,170,0,1
CHAMPION,tb_64e9991a_raunakdey07_pok-mon-tcg-advanced-heuristic-agent,371,second,loss,PRIZES,143,4,0
CHAMPION,tb_64e9991a_raunakdey07_pok-mon-tcg-advanced-heuristic-agent,374,first,win,PRIZES,154,0,1
CHAMPION,tb_64e9991a_raunakdey07_pok-mon-tcg-advanced-heuristic-agent,373,second,loss,PRIZES,201,3,0
CHAMPION,tb_64e9991a_raunakdey07_pok-mon-tcg-advanced-heuristic-agent,376,first,loss,NO_BENCH,66,5,3
CHAMPION,tb_64e9991a_raunakdey07_pok-mon-tcg-advanced-heuristic-agent,372,first,loss,PRIZES,177,2,0
CHAMPION,tb_64e9991a_raunakdey07_pok-mon-tcg-advanced-heuristic-agent,375,second,loss,NO_BENCH,101,3,2
CHAMPION,tb_64e9991a_raunakdey07_pok-mon-tcg-advanced-heuristic-agent,379,second,win,PRIZES,114,0,6
CHAMPION,tb_64e9991a_raunakdey07_pok-mon-tcg-advanced-heuristic-agent,377,second,loss,PRIZES,159,3,0
CHAMPION,tb_64e9991a_raunakdey07_pok-mon-tcg-advanced-heuristic-agent,380,first,loss,PRIZES,100,5,0
CHAMPION,tb_64e9991a_raunakdey07_pok-mon-tcg-advanced-heuristic-agent,381,second,win,PRIZES,111,0,6
CHAMPION,tb_64e9991a_raunakdey07_pok-mon-tcg-advanced-heuristic-agent,382,first,win,PRIZES,119,0,6
CHAMPION,tb_64e9991a_raunakdey07_pok-mon-tcg-advanced-heuristic-agent,378,first,loss,PRIZES,178,2,0
CHAMPION,tb_64e9991a_raunakdey07_pok-mon-tcg-advanced-heuristic-agent,383,second,loss,PRIZES,150,5,0
CHAMPION,tb_64e9991a_raunakdey07_pok-mon-tcg-advanced-heuristic-agent,385,second,win,PRIZES,140,0,6
CHAMPION,tb_64e9991a_raunakdey07_pok-mon-tcg-advanced-heuristic-agent,384,first,loss,PRIZES,141,4,0
CHAMPION,tb_64e9991a_raunakdey07_pok-mon-tcg-advanced-heuristic-agent,388,first,win,NO_BENCH,76,3,6
CHAMPION,tb_64e9991a_raunakdey07_pok-mon-tcg-advanced-heuristic-agent,386,first,win,PRIZES,187,0,5
CHAMPION,tb_64e9991a_raunakdey07_pok-mon-tcg-advanced-heuristic-agent,390,first,win,PRIZES,134,0,6
CHAMPION,tb_64e9991a_raunakdey07_pok-mon-tcg-advanced-heuristic-agent,387,second,loss,PRIZES,181,1,0
CHAMPION,tb_64e9991a_raunakdey07_pok-mon-tcg-advanced-heuristic-agent,389,second,loss,PRIZES,168,3,0
CHAMPION,tb_64e9991a_raunakdey07_pok-mon-tcg-advanced-heuristic-agent,391,second,loss,PRIZES,165,2,0
CHAMPION,tb_64e9991a_raunakdey07_pok-mon-tcg-advanced-heuristic-agent,393,second,win,PRIZES,170,0,5
CHAMPION,tb_64e9991a_raunakdey07_pok-mon-tcg-advanced-heuristic-agent,392,first,loss,PRIZES,144,5,0
CHAMPION,tb_64e9991a_raunakdey07_pok-mon-tcg-advanced-heuristic-agent,394,first,loss,PRIZES,155,5,0
CHAMPION,tb_64e9991a_raunakdey07_pok-mon-tcg-advanced-heuristic-agent,395,second,loss,PRIZES,147,2,0
CHAMPION,tb_64e9991a_raunakdey07_pok-mon-tcg-advanced-heuristic-agent,396,first,loss,PRIZES,132,5,0
CHAMPION,tb_64e9991a_raunakdey07_pok-mon-tcg-advanced-heuristic-agent,397,second,loss,PRIZES,160,2,0
CHAMPION,tb_64e9991a_raunakdey07_pok-mon-tcg-advanced-heuristic-agent,399,second,loss,PRIZES,159,3,0
CHAMPION,tb_64e9991a_raunakdey07_pok-mon-tcg-advanced-heuristic-agent,398,first,loss,PRIZES,123,4,0
CHAMPION,tb_64e9991a_raunakdey07_pok-mon-tcg-advanced-heuristic-agent,400,first,loss,PRIZES,160,3,0
CHAMPION,tb_64e9991a_raunakdey07_pok-mon-tcg-advanced-heuristic-agent,402,first,win,PRIZES,176,0,2
CHAMPION,tb_64e9991a_raunakdey07_pok-mon-tcg-advanced-heuristic-agent,404,first,loss,PRIZES,106,6,0
CHAMPION,tb_64e9991a_raunakdey07_pok-mon-tcg-advanced-heuristic-agent,401,second,loss,PRIZES,190,1,0
CHAMPION,tb_64e9991a_raunakdey07_pok-mon-tcg-advanced-heuristic-agent,403,second,loss,PRIZES,150,5,0
CHAMPION,tb_64e9991a_raunakdey07_pok-mon-tcg-advanced-heuristic-agent,406,first,loss,PRIZES,152,5,0
CHAMPION,tb_64e9991a_raunakdey07_pok-mon-tcg-advanced-heuristic-agent,405,second,win,DECKOUT,158,5,1
CHAMPION,tb_64e9991a_raunakdey07_pok-mon-tcg-advanced-heuristic-agent,408,first,loss,PRIZES,92,6,0
CHAMPION,tb_64e9991a_raunakdey07_pok-mon-tcg-advanced-heuristic-agent,407,second,loss,PRIZES,161,4,0
CHAMPION,tb_64e9991a_raunakdey07_pok-mon-tcg-advanced-heuristic-agent,409,second,win,DECKOUT,179,3,2
CHAMPION,tb_64e9991a_raunakdey07_pok-mon-tcg-advanced-heuristic-agent,410,first,win,PRIZES,160,0,1
CHAMPION,tb_64e9991a_raunakdey07_pok-mon-tcg-advanced-heuristic-agent,411,second,win,PRIZES,145,0,4
CHAMPION,tb_64e9991a_raunakdey07_pok-mon-tcg-advanced-heuristic-agent,414,first,win,PRIZES,145,0,6
CHAMPION,tb_64e9991a_raunakdey07_pok-mon-tcg-advanced-heuristic-agent,415,second,loss,NO_BENCH,68,6,1
CHAMPION,tb_64e9991a_raunakdey07_pok-mon-tcg-advanced-heuristic-agent,413,second,win,PRIZES,174,0,1
CHAMPION,tb_64e9991a_raunakdey07_pok-mon-tcg-advanced-heuristic-agent,412,first,loss,PRIZES,155,3,0
CHAMPION,tb_64e9991a_raunakdey07_pok-mon-tcg-advanced-heuristic-agent,416,first,loss,PRIZES,92,6,0
CHAMPION,tb_64e9991a_raunakdey07_pok-mon-tcg-advanced-heuristic-agent,419,second,win,NO_BENCH,37,5,6
CHAMPION,tb_64e9991a_raunakdey07_pok-mon-tcg-advanced-heuristic-agent,418,first,loss,PRIZES,158,6,0
CHAMPION,tb_64e9991a_raunakdey07_pok-mon-tcg-advanced-heuristic-agent,417,second,loss,PRIZES,165,4,0
CHAMPION,tb_64e9991a_raunakdey07_pok-mon-tcg-advanced-heuristic-agent,421,second,loss,PRIZES,151,2,0
CHAMPION,tb_64e9991a_raunakdey07_pok-mon-tcg-advanced-heuristic-agent,420,first,win,DECKOUT,184,1,2
CHAMPION,tb_64e9991a_raunakdey07_pok-mon-tcg-advanced-heuristic-agent,422,first,loss,PRIZES,151,4,0
CHAMPION,tb_64e9991a_raunakdey07_pok-mon-tcg-advanced-heuristic-agent,423,second,win,PRIZES,177,0,2
CHAMPION,tb_64e9991a_raunakdey07_pok-mon-tcg-advanced-heuristic-agent,425,second,loss,PRIZES,147,1,0
CHAMPION,tb_64e9991a_raunakdey07_pok-mon-tcg-advanced-heuristic-agent,424,first,loss,PRIZES,167,1,0
CHAMPION,tb_64e9991a_raunakdey07_pok-mon-tcg-advanced-heuristic-agent,426,first,loss,PRIZES,101,6,0
CHAMPION,tb_64e9991a_raunakdey07_pok-mon-tcg-advanced-heuristic-agent,427,second,loss,PRIZES,110,5,0
CHAMPION,tb_64e9991a_raunakdey07_pok-mon-tcg-advanced-heuristic-agent,428,first,loss,PRIZES,133,3,0
CHAMPION,tb_64e9991a_raunakdey07_pok-mon-tcg-advanced-heuristic-agent,430,first,win,NO_BENCH,80,2,6
CHAMPION,tb_64e9991a_raunakdey07_pok-mon-tcg-advanced-heuristic-agent,429,second,win,PRIZES,171,0,5
CHAMPION,tb_64e9991a_raunakdey07_pok-mon-tcg-advanced-heuristic-agent,431,second,win,PRIZES,167,0,1
CHAMPION,tb_64e9991a_raunakdey07_pok-mon-tcg-advanced-heuristic-agent,433,second,win,PRIZES,139,0,6
CHAMPION,tb_64e9991a_raunakdey07_pok-mon-tcg-advanced-heuristic-agent,432,first,win,PRIZES,172,0,2
CHAMPION,tb_64e9991a_raunakdey07_pok-mon-tcg-advanced-heuristic-agent,434,first,loss,PRIZES,169,4,0
CHAMPION,tb_64e9991a_raunakdey07_pok-mon-tcg-advanced-heuristic-agent,435,second,loss,PRIZES,100,4,0
CHAMPION,tb_64e9991a_raunakdey07_pok-mon-tcg-advanced-heuristic-agent,436,first,loss,PRIZES,186,2,0
CHAMPION,tb_64e9991a_raunakdey07_pok-mon-tcg-advanced-heuristic-agent,437,second,win,PRIZES,176,0,3
CHAMPION,tb_64e9991a_raunakdey07_pok-mon-tcg-advanced-heuristic-agent,438,first,win,DECKOUT,170,3,1
CHAMPION,tb_64e9991a_raunakdey07_pok-mon-tcg-advanced-heuristic-agent,439,second,loss,PRIZES,159,4,0
CHAMPION,tb_64e9991a_raunakdey07_pok-mon-tcg-advanced-heuristic-agent,440,first,loss,PRIZES,136,3,0
CHAMPION,tb_64e9991a_raunakdey07_pok-mon-tcg-advanced-heuristic-agent,441,second,win,PRIZES,154,0,3
CHAMPION,tb_64e9991a_raunakdey07_pok-mon-tcg-advanced-heuristic-agent,442,first,win,DECKOUT,204,1,1
CHAMPION,tb_64e9991a_raunakdey07_pok-mon-tcg-advanced-heuristic-agent,443,second,loss,PRIZES,184,4,0
CHAMPION,tb_64e9991a_raunakdey07_pok-mon-tcg-advanced-heuristic-agent,445,second,loss,PRIZES,159,1,0
CHAMPION,tb_64e9991a_raunakdey07_pok-mon-tcg-advanced-heuristic-agent,444,first,win,PRIZES,174,0,1
CHAMPION,tb_64e9991a_raunakdey07_pok-mon-tcg-advanced-heuristic-agent,447,second,win,PRIZES,142,0,4
CHAMPION,tb_64e9991a_raunakdey07_pok-mon-tcg-advanced-heuristic-agent,446,first,win,PRIZES,165,0,4
CHAMPION,tb_64e9991a_raunakdey07_pok-mon-tcg-advanced-heuristic-agent,448,first,loss,PRIZES,123,4,0
CHAMPION,tb_64e9991a_raunakdey07_pok-mon-tcg-advanced-heuristic-agent,449,second,win,PRIZES,192,0,3
CHAMPION,tb_64e9991a_raunakdey07_pok-mon-tcg-advanced-heuristic-agent,450,first,loss,PRIZES,189,1,0
CHAMPION,tb_64e9991a_raunakdey07_pok-mon-tcg-advanced-heuristic-agent,451,second,loss,PRIZES,171,3,0
CHAMPION,tb_64e9991a_raunakdey07_pok-mon-tcg-advanced-heuristic-agent,452,first,win,PRIZES,165,0,3
CHAMPION,tb_64e9991a_raunakdey07_pok-mon-tcg-advanced-heuristic-agent,454,first,win,PRIZES,130,0,6
CHAMPION,tb_64e9991a_raunakdey07_pok-mon-tcg-advanced-heuristic-agent,453,second,win,DECKOUT,177,4,1
CHAMPION,tb_64e9991a_raunakdey07_pok-mon-tcg-advanced-heuristic-agent,455,second,loss,PRIZES,156,5,0
CHAMPION,tb_64e9991a_raunakdey07_pok-mon-tcg-advanced-heuristic-agent,456,first,loss,PRIZES,117,6,0
CHAMPION,tb_64e9991a_raunakdey07_pok-mon-tcg-advanced-heuristic-agent,457,second,loss,PRIZES,113,3,0
CHAMPION,tb_64e9991a_raunakdey07_pok-mon-tcg-advanced-heuristic-agent,458,first,win,PRIZES,148,0,5
CHAMPION,tb_64e9991a_raunakdey07_pok-mon-tcg-advanced-heuristic-agent,461,second,win,PRIZES,157,0,3
CHAMPION,tb_64e9991a_raunakdey07_pok-mon-tcg-advanced-heuristic-agent,459,second,loss,PRIZES,173,2,0
CHAMPION,tb_64e9991a_raunakdey07_pok-mon-tcg-advanced-heuristic-agent,460,first,loss,PRIZES,144,3,0
CHAMPION,tb_64e9991a_raunakdey07_pok-mon-tcg-advanced-heuristic-agent,462,first,win,NO_BENCH,101,4,6
CHAMPION,tb_64e9991a_raunakdey07_pok-mon-tcg-advanced-heuristic-agent,465,second,loss,NO_BENCH,81,6,2
CHAMPION,tb_64e9991a_raunakdey07_pok-mon-tcg-advanced-heuristic-agent,464,first,loss,PRIZES,109,6,0
CHAMPION,tb_64e9991a_raunakdey07_pok-mon-tcg-advanced-heuristic-agent,463,second,loss,PRIZES,192,1,0
CHAMPION,tb_64e9991a_raunakdey07_pok-mon-tcg-advanced-heuristic-agent,466,first,loss,PRIZES,158,5,0
CHAMPION,tb_64e9991a_raunakdey07_pok-mon-tcg-advanced-heuristic-agent,468,first,loss,PRIZES,139,5,0
CHAMPION,tb_64e9991a_raunakdey07_pok-mon-tcg-advanced-heuristic-agent,467,second,loss,DECKOUT,197,1,5
CHAMPION,tb_64e9991a_raunakdey07_pok-mon-tcg-advanced-heuristic-agent,471,second,win,PRIZES,191,0,2
CHAMPION,tb_64e9991a_raunakdey07_pok-mon-tcg-advanced-heuristic-agent,469,second,loss,PRIZES,159,3,0
CHAMPION,tb_64e9991a_raunakdey07_pok-mon-tcg-advanced-heuristic-agent,472,first,win,NO_BENCH,19,5,6
CHAMPION,tb_64e9991a_raunakdey07_pok-mon-tcg-advanced-heuristic-agent,470,first,loss,PRIZES,208,1,0
CHAMPION,tb_64e9991a_raunakdey07_pok-mon-tcg-advanced-heuristic-agent,473,second,loss,PRIZES,121,4,0
CHAMPION,tb_64e9991a_raunakdey07_pok-mon-tcg-advanced-heuristic-agent,474,first,loss,PRIZES,176,4,0
CHAMPION,tb_64e9991a_raunakdey07_pok-mon-tcg-advanced-heuristic-agent,477,second,win,NO_BENCH,31,5,6
CHAMPION,tb_64e9991a_raunakdey07_pok-mon-tcg-advanced-heuristic-agent,476,first,loss,PRIZES,126,6,0
CHAMPION,tb_64e9991a_raunakdey07_pok-mon-tcg-advanced-heuristic-agent,475,second,loss,PRIZES,186,4,0
CHAMPION,tb_64e9991a_raunakdey07_pok-mon-tcg-advanced-heuristic-agent,480,first,win,PRIZES,135,0,6
CHAMPION,tb_64e9991a_raunakdey07_pok-mon-tcg-advanced-heuristic-agent,478,first,loss,PRIZES,88,6,0
CHAMPION,tb_64e9991a_raunakdey07_pok-mon-tcg-advanced-heuristic-agent,479,second,loss,PRIZES,169,4,0
CHAMPION,tb_64e9991a_raunakdey07_pok-mon-tcg-advanced-heuristic-agent,481,second,loss,PRIZES,145,4,0
CHAMPION,tb_64e9991a_raunakdey07_pok-mon-tcg-advanced-heuristic-agent,483,second,win,PRIZES,146,0,6
CHAMPION,tb_64e9991a_raunakdey07_pok-mon-tcg-advanced-heuristic-agent,482,first,win,PRIZES,205,0,2
CHAMPION,tb_64e9991a_raunakdey07_pok-mon-tcg-advanced-heuristic-agent,486,first,win,NO_BENCH,39,5,6
CHAMPION,tb_64e9991a_raunakdey07_pok-mon-tcg-advanced-heuristic-agent,487,second,win,NO_BENCH,32,5,6
CHAMPION,tb_64e9991a_raunakdey07_pok-mon-tcg-advanced-heuristic-agent,484,first,loss,DECKOUT,200,2,4
CHAMPION,tb_64e9991a_raunakdey07_pok-mon-tcg-advanced-heuristic-agent,485,second,loss,PRIZES,134,6,0
CHAMPION,tb_64e9991a_raunakdey07_pok-mon-tcg-advanced-heuristic-agent,488,first,loss,PRIZES,133,4,0
CHAMPION,tb_64e9991a_raunakdey07_pok-mon-tcg-advanced-heuristic-agent,490,first,draw,UNKNOWN,173,0,0
CHAMPION,tb_64e9991a_raunakdey07_pok-mon-tcg-advanced-heuristic-agent,492,first,win,NO_BENCH,24,5,6
CHAMPION,tb_64e9991a_raunakdey07_pok-mon-tcg-advanced-heuristic-agent,489,second,win,PRIZES,166,0,2
CHAMPION,tb_64e9991a_raunakdey07_pok-mon-tcg-advanced-heuristic-agent,491,second,loss,PRIZES,128,4,0
CHAMPION,tb_64e9991a_raunakdey07_pok-mon-tcg-advanced-heuristic-agent,493,second,loss,PRIZES,100,3,0
CHAMPION,tb_64e9991a_raunakdey07_pok-mon-tcg-advanced-heuristic-agent,494,first,loss,PRIZES,187,4,0
CHAMPION,tb_64e9991a_raunakdey07_pok-mon-tcg-advanced-heuristic-agent,496,first,win,PRIZES,178,0,1
CHAMPION,tb_64e9991a_raunakdey07_pok-mon-tcg-advanced-heuristic-agent,495,second,loss,PRIZES,172,3,0
CHAMPION,tb_64e9991a_raunakdey07_pok-mon-tcg-advanced-heuristic-agent,497,second,loss,PRIZES,180,3,0
CHAMPION,tb_64e9991a_raunakdey07_pok-mon-tcg-advanced-heuristic-agent,498,first,loss,PRIZES,148,2,0
CHAMPION,tb_64e9991a_raunakdey07_pok-mon-tcg-advanced-heuristic-agent,499,second,loss,PRIZES,166,2,0
CHAMPION,tb_64e9991a_raunakdey07_pok-mon-tcg-advanced-heuristic-agent,500,first,loss,PRIZES,159,4,0
CHAMPION,tb_64e9991a_raunakdey07_pok-mon-tcg-advanced-heuristic-agent,503,second,loss,NO_BENCH,46,6,5
CHAMPION,tb_64e9991a_raunakdey07_pok-mon-tcg-advanced-heuristic-agent,504,first,win,NO_BENCH,31,5,6
CHAMPION,tb_64e9991a_raunakdey07_pok-mon-tcg-advanced-heuristic-agent,501,second,loss,PRIZES,142,1,0
CHAMPION,tb_64e9991a_raunakdey07_pok-mon-tcg-advanced-heuristic-agent,502,first,win,PRIZES,174,0,5
CHAMPION,tb_64e9991a_raunakdey07_pok-mon-tcg-advanced-heuristic-agent,507,second,loss,PRIZES,119,4,0
CHAMPION,tb_64e9991a_raunakdey07_pok-mon-tcg-advanced-heuristic-agent,505,second,win,PRIZES,165,0,6
CHAMPION,tb_64e9991a_raunakdey07_pok-mon-tcg-advanced-heuristic-agent,506,first,win,PRIZES,195,0,2
CHAMPION,tb_64e9991a_raunakdey07_pok-mon-tcg-advanced-heuristic-agent,508,first,loss,PRIZES,161,2,0
CHAMPION,tb_64e9991a_raunakdey07_pok-mon-tcg-advanced-heuristic-agent,509,second,loss,PRIZES,195,3,0
CHAMPION,tb_64e9991a_raunakdey07_pok-mon-tcg-advanced-heuristic-agent,511,second,win,DECKOUT,170,2,2
CHAMPION,tb_64e9991a_raunakdey07_pok-mon-tcg-advanced-heuristic-agent,510,first,loss,PRIZES,168,4,0
CHAMPION,tb_64e9991a_raunakdey07_pok-mon-tcg-advanced-heuristic-agent,512,first,win,PRIZES,143,0,6
CHAMPION,tb_64e9991a_raunakdey07_pok-mon-tcg-advanced-heuristic-agent,514,first,win,PRIZES,112,0,6
CHAMPION,tb_64e9991a_raunakdey07_pok-mon-tcg-advanced-heuristic-agent,516,first,loss,PRIZES,143,4,0
CHAMPION,tb_64e9991a_raunakdey07_pok-mon-tcg-advanced-heuristic-agent,513,second,win,PRIZES,165,0,2
CHAMPION,tb_64e9991a_raunakdey07_pok-mon-tcg-advanced-heuristic-agent,515,second,loss,PRIZES,168,1,0
CHAMPION,tb_64e9991a_raunakdey07_pok-mon-tcg-advanced-heuristic-agent,517,second,win,PRIZES,159,0,5
CHAMPION,tb_64e9991a_raunakdey07_pok-mon-tcg-advanced-heuristic-agent,518,first,win,PRIZES,132,0,6
CHAMPION,tb_64e9991a_raunakdey07_pok-mon-tcg-advanced-heuristic-agent,520,first,loss,PRIZES,139,4,0
CHAMPION,tb_64e9991a_raunakdey07_pok-mon-tcg-advanced-heuristic-agent,519,second,win,PRIZES,191,0,5
CHAMPION,tb_64e9991a_raunakdey07_pok-mon-tcg-advanced-heuristic-agent,523,second,win,PRIZES,158,0,6
CHAMPION,tb_64e9991a_raunakdey07_pok-mon-tcg-advanced-heuristic-agent,521,second,win,DECKOUT,186,1,1
CHAMPION,tb_64e9991a_raunakdey07_pok-mon-tcg-advanced-heuristic-agent,525,second,win,NO_BENCH,14,5,6
CHAMPION,tb_64e9991a_raunakdey07_pok-mon-tcg-advanced-heuristic-agent,526,first,loss,PRIZES,113,5,0
CHAMPION,tb_64e9991a_raunakdey07_pok-mon-tcg-advanced-heuristic-agent,527,second,win,NO_BENCH,35,5,6
CHAMPION,tb_64e9991a_raunakdey07_pok-mon-tcg-advanced-heuristic-agent,522,first,win,DECKOUT,202,1,1
CHAMPION,tb_64e9991a_raunakdey07_pok-mon-tcg-advanced-heuristic-agent,524,first,loss,PRIZES,174,1,0
CHAMPION,tb_64e9991a_raunakdey07_pok-mon-tcg-advanced-heuristic-agent,530,first,loss,PRIZES,169,1,0
CHAMPION,tb_64e9991a_raunakdey07_pok-mon-tcg-advanced-heuristic-agent,529,second,loss,PRIZES,142,5,0
CHAMPION,tb_64e9991a_raunakdey07_pok-mon-tcg-advanced-heuristic-agent,528,first,win,PRIZES,183,0,3
CHAMPION,tb_64e9991a_raunakdey07_pok-mon-tcg-advanced-heuristic-agent,533,second,win,PRIZES,158,0,1
CHAMPION,tb_64e9991a_raunakdey07_pok-mon-tcg-advanced-heuristic-agent,532,first,win,PRIZES,172,0,1
CHAMPION,tb_64e9991a_raunakdey07_pok-mon-tcg-advanced-heuristic-agent,535,second,win,PRIZES,140,0,6
CHAMPION,tb_64e9991a_raunakdey07_pok-mon-tcg-advanced-heuristic-agent,534,first,win,PRIZES,151,0,6
CHAMPION,tb_64e9991a_raunakdey07_pok-mon-tcg-advanced-heuristic-agent,531,second,win,DECKOUT,198,2,1
CHAMPION,tb_64e9991a_raunakdey07_pok-mon-tcg-advanced-heuristic-agent,537,second,win,NO_BENCH,19,5,6
CHAMPION,tb_64e9991a_raunakdey07_pok-mon-tcg-advanced-heuristic-agent,538,first,win,NO_BENCH,41,4,6
CHAMPION,tb_64e9991a_raunakdey07_pok-mon-tcg-advanced-heuristic-agent,539,second,loss,PRIZES,132,4,0
CHAMPION,tb_64e9991a_raunakdey07_pok-mon-tcg-advanced-heuristic-agent,541,second,win,NO_BENCH,28,5,6
CHAMPION,tb_64e9991a_raunakdey07_pok-mon-tcg-advanced-heuristic-agent,536,first,loss,PRIZES,174,4,0
CHAMPION,tb_64e9991a_raunakdey07_pok-mon-tcg-advanced-heuristic-agent,540,first,loss,PRIZES,197,2,0
CHAMPION,tb_64e9991a_raunakdey07_pok-mon-tcg-advanced-heuristic-agent,542,first,win,PRIZES,149,0,6
CHAMPION,tb_64e9991a_raunakdey07_pok-mon-tcg-advanced-heuristic-agent,545,second,win,NO_BENCH,65,4,6
CHAMPION,tb_64e9991a_raunakdey07_pok-mon-tcg-advanced-heuristic-agent,546,first,win,PRIZES,156,0,6
CHAMPION,tb_64e9991a_raunakdey07_pok-mon-tcg-advanced-heuristic-agent,543,second,loss,PRIZES,169,2,0
CHAMPION,tb_64e9991a_raunakdey07_pok-mon-tcg-advanced-heuristic-agent,544,first,loss,PRIZES,185,2,0
CHAMPION,tb_64e9991a_raunakdey07_pok-mon-tcg-advanced-heuristic-agent,549,second,win,NO_BENCH,131,2,4
CHAMPION,tb_64e9991a_raunakdey07_pok-mon-tcg-advanced-heuristic-agent,547,second,loss,PRIZES,175,1,0
CHAMPION,tb_64e9991a_raunakdey07_pok-mon-tcg-advanced-heuristic-agent,548,first,loss,PRIZES,116,3,0
CHAMPION,tb_64e9991a_raunakdey07_pok-mon-tcg-advanced-heuristic-agent,551,second,loss,PRIZES,108,5,0
CHAMPION,tb_64e9991a_raunakdey07_pok-mon-tcg-advanced-heuristic-agent,550,first,win,DECKOUT,196,1,1
CHAMPION,tb_64e9991a_raunakdey07_pok-mon-tcg-advanced-heuristic-agent,552,first,loss,PRIZES,165,3,0
CHAMPION,tb_64e9991a_raunakdey07_pok-mon-tcg-advanced-heuristic-agent,553,second,loss,PRIZES,110,3,0
CHAMPION,tb_64e9991a_raunakdey07_pok-mon-tcg-advanced-heuristic-agent,554,first,loss,PRIZES,141,3,0
CHAMPION,tb_64e9991a_raunakdey07_pok-mon-tcg-advanced-heuristic-agent,556,first,win,PRIZES,167,0,1
CHAMPION,tb_64e9991a_raunakdey07_pok-mon-tcg-advanced-heuristic-agent,557,second,loss,PRIZES,135,4,0
CHAMPION,tb_64e9991a_raunakdey07_pok-mon-tcg-advanced-heuristic-agent,555,second,loss,PRIZES,186,1,0
CHAMPION,tb_64e9991a_raunakdey07_pok-mon-tcg-advanced-heuristic-agent,559,second,loss,PRIZES,170,1,0
CHAMPION,tb_64e9991a_raunakdey07_pok-mon-tcg-advanced-heuristic-agent,558,first,loss,PRIZES,144,5,0
CHAMPION,tb_64e9991a_raunakdey07_pok-mon-tcg-advanced-heuristic-agent,560,first,win,PRIZES,200,0,1
CHAMPION,tb_64e9991a_raunakdey07_pok-mon-tcg-advanced-heuristic-agent,561,second,win,PRIZES,182,0,1
CHAMPION,tb_64e9991a_raunakdey07_pok-mon-tcg-advanced-heuristic-agent,564,first,win,PRIZES,141,0,6
CHAMPION,tb_64e9991a_raunakdey07_pok-mon-tcg-advanced-heuristic-agent,562,first,loss,PRIZES,145,5,0
CHAMPION,tb_64e9991a_raunakdey07_pok-mon-tcg-advanced-heuristic-agent,563,second,win,DECKOUT,161,4,2
CHAMPION,tb_64e9991a_raunakdey07_pok-mon-tcg-advanced-heuristic-agent,565,second,loss,PRIZES,162,3,0
CHAMPION,tb_64e9991a_raunakdey07_pok-mon-tcg-advanced-heuristic-agent,566,first,loss,PRIZES,130,4,0
CHAMPION,tb_64e9991a_raunakdey07_pok-mon-tcg-advanced-heuristic-agent,567,second,loss,PRIZES,199,2,0
CHAMPION,tb_64e9991a_raunakdey07_pok-mon-tcg-advanced-heuristic-agent,568,first,loss,PRIZES,175,3,0
CHAMPION,tb_64e9991a_raunakdey07_pok-mon-tcg-advanced-heuristic-agent,569,second,win,PRIZES,176,0,1
CHAMPION,tb_64e9991a_raunakdey07_pok-mon-tcg-advanced-heuristic-agent,570,first,win,PRIZES,145,0,3
CHAMPION,tb_64e9991a_raunakdey07_pok-mon-tcg-advanced-heuristic-agent,571,second,loss,PRIZES,121,2,0
CHAMPION,tb_64e9991a_raunakdey07_pok-mon-tcg-advanced-heuristic-agent,573,second,win,PRIZES,158,0,3
CHAMPION,tb_64e9991a_raunakdey07_pok-mon-tcg-advanced-heuristic-agent,574,first,win,PRIZES,152,0,6
CHAMPION,tb_64e9991a_raunakdey07_pok-mon-tcg-advanced-heuristic-agent,572,first,loss,PRIZES,187,2,0
CHAMPION,tb_64e9991a_raunakdey07_pok-mon-tcg-advanced-heuristic-agent,575,second,win,PRIZES,165,0,1
CHAMPION,tb_64e9991a_raunakdey07_pok-mon-tcg-advanced-heuristic-agent,576,first,win,PRIZES,164,0,2
CHAMPION,tb_64e9991a_raunakdey07_pok-mon-tcg-advanced-heuristic-agent,579,second,win,NO_BENCH,66,4,6
CHAMPION,tb_64e9991a_raunakdey07_pok-mon-tcg-advanced-heuristic-agent,577,second,loss,PRIZES,193,1,0
CHAMPION,tb_64e9991a_raunakdey07_pok-mon-tcg-advanced-heuristic-agent,580,first,loss,DECKOUT,193,3,5
CHAMPION,tb_64e9991a_raunakdey07_pok-mon-tcg-advanced-heuristic-agent,578,first,loss,PRIZES,187,1,0
CHAMPION,tb_64e9991a_raunakdey07_pok-mon-tcg-advanced-heuristic-agent,583,second,win,DECKOUT,196,2,3
CHAMPION,tb_64e9991a_raunakdey07_pok-mon-tcg-advanced-heuristic-agent,581,second,loss,PRIZES,179,4,0
CHAMPION,tb_64e9991a_raunakdey07_pok-mon-tcg-advanced-heuristic-agent,584,first,win,NO_BENCH,50,4,6
CHAMPION,tb_64e9991a_raunakdey07_pok-mon-tcg-advanced-heuristic-agent,582,first,loss,PRIZES,185,3,0
CHAMPION,tb_64e9991a_raunakdey07_pok-mon-tcg-advanced-heuristic-agent,585,second,loss,PRIZES,114,4,0
CHAMPION,tb_64e9991a_raunakdey07_pok-mon-tcg-advanced-heuristic-agent,587,second,win,PRIZES,178,0,2
CHAMPION,tb_64e9991a_raunakdey07_pok-mon-tcg-advanced-heuristic-agent,586,first,win,NO_BENCH,150,1,5
CHAMPION,tb_64e9991a_raunakdey07_pok-mon-tcg-advanced-heuristic-agent,588,first,loss,PRIZES,116,6,0
CHAMPION,tb_64e9991a_raunakdey07_pok-mon-tcg-advanced-heuristic-agent,589,second,loss,PRIZES,166,3,0
CHAMPION,tb_64e9991a_raunakdey07_pok-mon-tcg-advanced-heuristic-agent,590,first,loss,DECKOUT,209,1,1
CHAMPION,tb_64e9991a_raunakdey07_pok-mon-tcg-advanced-heuristic-agent,591,second,loss,PRIZES,185,2,0
CHAMPION,tb_64e9991a_raunakdey07_pok-mon-tcg-advanced-heuristic-agent,593,second,loss,NO_BENCH,82,6,2
CHAMPION,tb_64e9991a_raunakdey07_pok-mon-tcg-advanced-heuristic-agent,594,first,win,PRIZES,155,0,3
CHAMPION,tb_64e9991a_raunakdey07_pok-mon-tcg-advanced-heuristic-agent,595,second,loss,PRIZES,132,5,0
CHAMPION,tb_64e9991a_raunakdey07_pok-mon-tcg-advanced-heuristic-agent,592,first,loss,PRIZES,148,2,0
CHAMPION,tb_64e9991a_raunakdey07_pok-mon-tcg-advanced-heuristic-agent,598,first,win,NO_BENCH,33,5,6
CHAMPION,tb_64e9991a_raunakdey07_pok-mon-tcg-advanced-heuristic-agent,596,first,loss,PRIZES,174,4,0
CHAMPION,tb_4b3946f9_plamen06_pokemon-steel,0,first,loss,PRIZES,120,1,0
CHAMPION,tb_4b3946f9_plamen06_pokemon-steel,1,second,loss,PRIZES,117,6,0
CHAMPION,tb_4b3946f9_plamen06_pokemon-steel,2,first,loss,PRIZES,106,3,0
CHAMPION,tb_64e9991a_raunakdey07_pok-mon-tcg-advanced-heuristic-agent,597,second,win,PRIZES,160,0,4
CHAMPION,tb_4b3946f9_plamen06_pokemon-steel,3,second,win,PRIZES,154,0,2
CHAMPION,tb_4b3946f9_plamen06_pokemon-steel,4,first,loss,PRIZES,118,3,0
CHAMPION,tb_64e9991a_raunakdey07_pok-mon-tcg-advanced-heuristic-agent,599,second,loss,PRIZES,142,2,0
CHAMPION,tb_4b3946f9_plamen06_pokemon-steel,6,first,loss,PRIZES,117,5,0
CHAMPION,tb_4b3946f9_plamen06_pokemon-steel,5,second,loss,PRIZES,153,1,0
CHAMPION,tb_4b3946f9_plamen06_pokemon-steel,7,second,win,NO_BENCH,56,3,6
CHAMPION,tb_4b3946f9_plamen06_pokemon-steel,9,second,loss,NO_BENCH,69,6,1
CHAMPION,tb_4b3946f9_plamen06_pokemon-steel,8,first,win,NO_BENCH,123,1,6
CHAMPION,tb_4b3946f9_plamen06_pokemon-steel,10,first,loss,NO_BENCH,65,6,3
CHAMPION,tb_4b3946f9_plamen06_pokemon-steel,11,second,win,NO_BENCH,27,5,6
CHAMPION,tb_4b3946f9_plamen06_pokemon-steel,12,first,loss,PRIZES,123,3,0
CHAMPION,tb_4b3946f9_plamen06_pokemon-steel,13,second,loss,PRIZES,94,5,0
CHAMPION,tb_4b3946f9_plamen06_pokemon-steel,14,first,loss,PRIZES,71,4,0
CHAMPION,tb_4b3946f9_plamen06_pokemon-steel,15,second,loss,PRIZES,118,4,0
CHAMPION,tb_4b3946f9_plamen06_pokemon-steel,16,first,loss,PRIZES,155,1,0
CHAMPION,tb_4b3946f9_plamen06_pokemon-steel,17,second,loss,PRIZES,101,5,0
CHAMPION,tb_4b3946f9_plamen06_pokemon-steel,18,first,loss,PRIZES,146,2,0
CHAMPION,tb_4b3946f9_plamen06_pokemon-steel,19,second,win,PRIZES,126,0,3
CHAMPION,tb_4b3946f9_plamen06_pokemon-steel,20,first,win,PRIZES,130,0,6
CHAMPION,tb_4b3946f9_plamen06_pokemon-steel,21,second,loss,PRIZES,146,2,0
CHAMPION,tb_4b3946f9_plamen06_pokemon-steel,22,first,loss,PRIZES,124,4,0
CHAMPION,tb_4b3946f9_plamen06_pokemon-steel,23,second,loss,PRIZES,151,3,0
CHAMPION,tb_4b3946f9_plamen06_pokemon-steel,24,first,loss,PRIZES,80,6,0
CHAMPION,tb_4b3946f9_plamen06_pokemon-steel,25,second,loss,PRIZES,133,4,0
CHAMPION,tb_4b3946f9_plamen06_pokemon-steel,26,first,win,PRIZES,168,0,1
CHAMPION,tb_4b3946f9_plamen06_pokemon-steel,27,second,loss,PRIZES,101,6,0
CHAMPION,tb_4b3946f9_plamen06_pokemon-steel,28,first,loss,PRIZES,141,3,0
CHAMPION,tb_4b3946f9_plamen06_pokemon-steel,29,second,loss,PRIZES,144,3,0
CHAMPION,tb_4b3946f9_plamen06_pokemon-steel,30,first,win,PRIZES,136,0,3
CHAMPION,tb_4b3946f9_plamen06_pokemon-steel,31,second,loss,PRIZES,141,3,0
CHAMPION,tb_4b3946f9_plamen06_pokemon-steel,32,first,loss,PRIZES,131,2,0
CHAMPION,tb_4b3946f9_plamen06_pokemon-steel,33,second,loss,PRIZES,119,6,0
CHAMPION,tb_4b3946f9_plamen06_pokemon-steel,34,first,loss,PRIZES,129,3,0
CHAMPION,tb_4b3946f9_plamen06_pokemon-steel,35,second,loss,PRIZES,150,1,0
CHAMPION,tb_4b3946f9_plamen06_pokemon-steel,36,first,loss,PRIZES,150,1,0
CHAMPION,tb_4b3946f9_plamen06_pokemon-steel,37,second,loss,PRIZES,145,2,0
CHAMPION,tb_4b3946f9_plamen06_pokemon-steel,39,second,win,PRIZES,112,0,2
CHAMPION,tb_4b3946f9_plamen06_pokemon-steel,38,first,loss,PRIZES,133,3,0
CHAMPION,tb_4b3946f9_plamen06_pokemon-steel,40,first,win,PRIZES,109,0,6
CHAMPION,tb_4b3946f9_plamen06_pokemon-steel,41,second,loss,PRIZES,136,3,0
CHAMPION,tb_4b3946f9_plamen06_pokemon-steel,42,first,win,PRIZES,113,0,6
CHAMPION,tb_4b3946f9_plamen06_pokemon-steel,43,second,win,PRIZES,136,0,5
CHAMPION,tb_4b3946f9_plamen06_pokemon-steel,44,first,loss,PRIZES,130,3,0
CHAMPION,tb_4b3946f9_plamen06_pokemon-steel,45,second,loss,PRIZES,133,3,0
CHAMPION,tb_4b3946f9_plamen06_pokemon-steel,46,first,loss,PRIZES,119,5,0
CHAMPION,tb_4b3946f9_plamen06_pokemon-steel,48,first,loss,PRIZES,112,6,0
CHAMPION,tb_4b3946f9_plamen06_pokemon-steel,47,second,loss,PRIZES,135,4,0
CHAMPION,tb_4b3946f9_plamen06_pokemon-steel,50,first,win,NO_BENCH,64,4,6
CHAMPION,tb_4b3946f9_plamen06_pokemon-steel,49,second,loss,PRIZES,144,4,0
CHAMPION,tb_4b3946f9_plamen06_pokemon-steel,51,second,win,PRIZES,138,0,3
CHAMPION,tb_4b3946f9_plamen06_pokemon-steel,52,first,loss,PRIZES,131,2,0
CHAMPION,tb_4b3946f9_plamen06_pokemon-steel,53,second,win,PRIZES,140,0,5
CHAMPION,tb_4b3946f9_plamen06_pokemon-steel,54,first,loss,PRIZES,117,5,0
CHAMPION,tb_4b3946f9_plamen06_pokemon-steel,55,second,loss,PRIZES,108,3,0
CHAMPION,tb_4b3946f9_plamen06_pokemon-steel,57,second,loss,PRIZES,163,2,0
CHAMPION,tb_4b3946f9_plamen06_pokemon-steel,56,first,loss,PRIZES,126,3,0
CHAMPION,tb_4b3946f9_plamen06_pokemon-steel,58,first,loss,PRIZES,130,1,0
CHAMPION,tb_4b3946f9_plamen06_pokemon-steel,60,first,loss,NO_BENCH,57,6,2
CHAMPION,tb_4b3946f9_plamen06_pokemon-steel,59,second,loss,PRIZES,121,3,0
CHAMPION,tb_4b3946f9_plamen06_pokemon-steel,61,second,win,NO_BENCH,46,5,5
CHAMPION,tb_4b3946f9_plamen06_pokemon-steel,63,second,win,PRIZES,93,0,5
CHAMPION,tb_4b3946f9_plamen06_pokemon-steel,62,first,loss,PRIZES,154,1,0
CHAMPION,tb_4b3946f9_plamen06_pokemon-steel,64,first,loss,PRIZES,139,3,0
CHAMPION,tb_4b3946f9_plamen06_pokemon-steel,65,second,loss,PRIZES,154,3,0
CHAMPION,tb_4b3946f9_plamen06_pokemon-steel,66,first,win,PRIZES,151,0,5
CHAMPION,tb_4b3946f9_plamen06_pokemon-steel,67,second,loss,PRIZES,90,4,0
CHAMPION,tb_4b3946f9_plamen06_pokemon-steel,68,first,loss,PRIZES,145,1,0
CHAMPION,tb_4b3946f9_plamen06_pokemon-steel,69,second,win,PRIZES,136,0,2
CHAMPION,tb_4b3946f9_plamen06_pokemon-steel,70,first,loss,PRIZES,136,4,0
CHAMPION,tb_4b3946f9_plamen06_pokemon-steel,72,first,loss,PRIZES,146,1,0
CHAMPION,tb_4b3946f9_plamen06_pokemon-steel,71,second,win,PRIZES,133,0,2
CHAMPION,tb_4b3946f9_plamen06_pokemon-steel,73,second,loss,PRIZES,124,4,0
CHAMPION,tb_4b3946f9_plamen06_pokemon-steel,74,first,win,PRIZES,103,0,6
CHAMPION,tb_4b3946f9_plamen06_pokemon-steel,75,second,win,PRIZES,124,0,3
CHAMPION,tb_4b3946f9_plamen06_pokemon-steel,76,first,loss,PRIZES,114,5,0
CHAMPION,tb_4b3946f9_plamen06_pokemon-steel,78,first,win,NO_BENCH,54,4,6
CHAMPION,tb_4b3946f9_plamen06_pokemon-steel,77,second,loss,PRIZES,138,4,0
CHAMPION,tb_4b3946f9_plamen06_pokemon-steel,79,second,win,PRIZES,155,0,5
CHAMPION,tb_4b3946f9_plamen06_pokemon-steel,81,second,loss,PRIZES,110,3,0
CHAMPION,tb_4b3946f9_plamen06_pokemon-steel,80,first,loss,PRIZES,145,2,0
CHAMPION,tb_4b3946f9_plamen06_pokemon-steel,82,first,loss,NO_BENCH,34,6,4
CHAMPION,tb_4b3946f9_plamen06_pokemon-steel,84,first,loss,NO_BENCH,47,6,4
CHAMPION,tb_4b3946f9_plamen06_pokemon-steel,83,second,loss,PRIZES,126,4,0
CHAMPION,tb_4b3946f9_plamen06_pokemon-steel,85,second,loss,PRIZES,159,3,0
CHAMPION,tb_4b3946f9_plamen06_pokemon-steel,86,first,loss,PRIZES,127,3,0
CHAMPION,tb_4b3946f9_plamen06_pokemon-steel,87,second,loss,PRIZES,125,3,0
CHAMPION,tb_4b3946f9_plamen06_pokemon-steel,88,first,loss,PRIZES,86,5,0
CHAMPION,tb_4b3946f9_plamen06_pokemon-steel,89,second,loss,PRIZES,141,1,0
CHAMPION,tb_4b3946f9_plamen06_pokemon-steel,90,first,loss,PRIZES,143,4,0
CHAMPION,tb_4b3946f9_plamen06_pokemon-steel,92,first,loss,NO_BENCH,45,6,4
CHAMPION,tb_4b3946f9_plamen06_pokemon-steel,91,second,loss,PRIZES,146,3,0
CHAMPION,tb_4b3946f9_plamen06_pokemon-steel,93,second,win,PRIZES,162,0,1
CHAMPION,tb_4b3946f9_plamen06_pokemon-steel,94,first,loss,PRIZES,124,5,0
CHAMPION,tb_4b3946f9_plamen06_pokemon-steel,95,second,win,PRIZES,159,0,1
CHAMPION,tb_4b3946f9_plamen06_pokemon-steel,96,first,loss,PRIZES,77,5,0
CHAMPION,tb_4b3946f9_plamen06_pokemon-steel,97,second,win,PRIZES,101,0,6
CHAMPION,tb_4b3946f9_plamen06_pokemon-steel,98,first,loss,PRIZES,127,3,0
CHAMPION,tb_4b3946f9_plamen06_pokemon-steel,99,second,loss,PRIZES,119,4,0
CHAMPION,tb_4b3946f9_plamen06_pokemon-steel,100,first,win,PRIZES,125,0,6
CHAMPION,tb_4b3946f9_plamen06_pokemon-steel,101,second,loss,PRIZES,121,4,0
CHAMPION,tb_4b3946f9_plamen06_pokemon-steel,102,first,loss,PRIZES,119,5,0
CHAMPION,tb_4b3946f9_plamen06_pokemon-steel,103,second,loss,PRIZES,125,3,0
CHAMPION,tb_4b3946f9_plamen06_pokemon-steel,105,second,loss,NO_BENCH,61,6,2
CHAMPION,tb_4b3946f9_plamen06_pokemon-steel,104,first,win,PRIZES,139,0,5
CHAMPION,tb_4b3946f9_plamen06_pokemon-steel,108,first,loss,NO_BENCH,30,6,5
CHAMPION,tb_4b3946f9_plamen06_pokemon-steel,106,first,win,NO_BENCH,114,1,6
CHAMPION,tb_4b3946f9_plamen06_pokemon-steel,107,second,loss,PRIZES,104,6,0
CHAMPION,tb_4b3946f9_plamen06_pokemon-steel,111,second,win,NO_BENCH,58,4,6
CHAMPION,tb_4b3946f9_plamen06_pokemon-steel,109,second,loss,PRIZES,132,4,0
CHAMPION,tb_4b3946f9_plamen06_pokemon-steel,110,first,loss,PRIZES,123,2,0
CHAMPION,tb_4b3946f9_plamen06_pokemon-steel,113,second,win,NO_BENCH,75,3,6
CHAMPION,tb_4b3946f9_plamen06_pokemon-steel,112,first,win,NO_BENCH,96,1,6
CHAMPION,tb_4b3946f9_plamen06_pokemon-steel,114,first,loss,PRIZES,133,2,0
CHAMPION,tb_4b3946f9_plamen06_pokemon-steel,115,second,loss,PRIZES,114,5,0
CHAMPION,tb_4b3946f9_plamen06_pokemon-steel,116,first,win,PRIZES,137,0,3
CHAMPION,tb_4b3946f9_plamen06_pokemon-steel,117,second,loss,PRIZES,86,5,0
CHAMPION,tb_4b3946f9_plamen06_pokemon-steel,118,first,loss,PRIZES,110,3,0
CHAMPION,tb_4b3946f9_plamen06_pokemon-steel,119,second,loss,PRIZES,114,2,0
CHAMPION,tb_4b3946f9_plamen06_pokemon-steel,120,first,loss,PRIZES,113,3,0
CHAMPION,tb_4b3946f9_plamen06_pokemon-steel,121,second,loss,PRIZES,120,2,0
CHAMPION,tb_4b3946f9_plamen06_pokemon-steel,122,first,loss,PRIZES,103,3,0
CHAMPION,tb_4b3946f9_plamen06_pokemon-steel,123,second,win,PRIZES,115,0,6
CHAMPION,tb_4b3946f9_plamen06_pokemon-steel,124,first,win,PRIZES,118,0,3
CHAMPION,tb_4b3946f9_plamen06_pokemon-steel,126,first,loss,PRIZES,128,4,0
CHAMPION,tb_4b3946f9_plamen06_pokemon-steel,125,second,loss,PRIZES,139,2,0
CHAMPION,tb_4b3946f9_plamen06_pokemon-steel,127,second,loss,PRIZES,75,6,0
CHAMPION,tb_4b3946f9_plamen06_pokemon-steel,129,second,win,PRIZES,117,0,3
CHAMPION,tb_4b3946f9_plamen06_pokemon-steel,128,first,loss,PRIZES,123,3,0
CHAMPION,tb_4b3946f9_plamen06_pokemon-steel,132,first,win,NO_BENCH,104,1,6
CHAMPION,tb_4b3946f9_plamen06_pokemon-steel,130,first,loss,PRIZES,120,4,0
CHAMPION,tb_4b3946f9_plamen06_pokemon-steel,131,second,loss,PRIZES,156,2,0
CHAMPION,tb_4b3946f9_plamen06_pokemon-steel,133,second,win,PRIZES,128,0,6
CHAMPION,tb_4b3946f9_plamen06_pokemon-steel,134,first,loss,PRIZES,118,3,0
CHAMPION,tb_4b3946f9_plamen06_pokemon-steel,135,second,win,NO_BENCH,31,5,6
CHAMPION,tb_4b3946f9_plamen06_pokemon-steel,138,first,win,NO_BENCH,55,4,6
CHAMPION,tb_4b3946f9_plamen06_pokemon-steel,137,second,win,PRIZES,136,0,3
CHAMPION,tb_4b3946f9_plamen06_pokemon-steel,136,first,win,PRIZES,150,0,2
CHAMPION,tb_4b3946f9_plamen06_pokemon-steel,139,second,loss,PRIZES,118,1,0
CHAMPION,tb_4b3946f9_plamen06_pokemon-steel,141,second,loss,NO_BENCH,38,6,5
CHAMPION,tb_4b3946f9_plamen06_pokemon-steel,140,first,loss,PRIZES,129,2,0
CHAMPION,tb_4b3946f9_plamen06_pokemon-steel,142,first,loss,PRIZES,123,5,0
CHAMPION,tb_4b3946f9_plamen06_pokemon-steel,143,second,win,PRIZES,126,0,6
CHAMPION,tb_4b3946f9_plamen06_pokemon-steel,144,first,win,NO_BENCH,58,3,5
CHAMPION,tb_4b3946f9_plamen06_pokemon-steel,147,second,win,NO_BENCH,35,5,6
CHAMPION,tb_4b3946f9_plamen06_pokemon-steel,146,first,win,NO_BENCH,69,4,6
CHAMPION,tb_4b3946f9_plamen06_pokemon-steel,145,second,loss,PRIZES,140,2,0
CHAMPION,tb_4b3946f9_plamen06_pokemon-steel,149,second,loss,PRIZES,138,2,0
CHAMPION,tb_4b3946f9_plamen06_pokemon-steel,148,first,loss,PRIZES,173,1,0
CHAMPION,tb_4b3946f9_plamen06_pokemon-steel,150,first,loss,PRIZES,134,3,0
CHAMPION,tb_4b3946f9_plamen06_pokemon-steel,152,first,win,PRIZES,122,0,6
CHAMPION,tb_4b3946f9_plamen06_pokemon-steel,151,second,loss,PRIZES,123,4,0
CHAMPION,tb_4b3946f9_plamen06_pokemon-steel,153,second,loss,PRIZES,102,5,0
CHAMPION,tb_4b3946f9_plamen06_pokemon-steel,154,first,loss,PRIZES,89,6,0
CHAMPION,tb_4b3946f9_plamen06_pokemon-steel,155,second,loss,PRIZES,143,2,0
CHAMPION,tb_4b3946f9_plamen06_pokemon-steel,156,first,win,PRIZES,128,0,2
CHAMPION,tb_4b3946f9_plamen06_pokemon-steel,158,first,win,NO_BENCH,47,4,6
CHAMPION,tb_4b3946f9_plamen06_pokemon-steel,157,second,loss,PRIZES,150,1,0
CHAMPION,tb_4b3946f9_plamen06_pokemon-steel,159,second,loss,PRIZES,137,3,0
CHAMPION,tb_4b3946f9_plamen06_pokemon-steel,160,first,win,NO_BENCH,97,1,6
CHAMPION,tb_4b3946f9_plamen06_pokemon-steel,161,second,loss,PRIZES,136,2,0
CHAMPION,tb_4b3946f9_plamen06_pokemon-steel,162,first,loss,PRIZES,135,3,0
CHAMPION,tb_4b3946f9_plamen06_pokemon-steel,163,second,win,NO_BENCH,86,1,6
CHAMPION,tb_4b3946f9_plamen06_pokemon-steel,164,first,loss,NO_BENCH,32,6,5
CHAMPION,tb_4b3946f9_plamen06_pokemon-steel,165,second,loss,PRIZES,107,6,0
CHAMPION,tb_4b3946f9_plamen06_pokemon-steel,167,second,loss,PRIZES,90,4,0
CHAMPION,tb_4b3946f9_plamen06_pokemon-steel,166,first,win,PRIZES,139,0,3
CHAMPION,tb_4b3946f9_plamen06_pokemon-steel,168,first,loss,PRIZES,130,4,0
CHAMPION,tb_4b3946f9_plamen06_pokemon-steel,169,second,loss,PRIZES,97,6,0
CHAMPION,tb_4b3946f9_plamen06_pokemon-steel,170,first,win,NO_BENCH,71,4,6
CHAMPION,tb_4b3946f9_plamen06_pokemon-steel,171,second,loss,PRIZES,184,1,0
CHAMPION,tb_4b3946f9_plamen06_pokemon-steel,172,first,win,PRIZES,154,0,1
CHAMPION,tb_4b3946f9_plamen06_pokemon-steel,173,second,loss,PRIZES,162,4,0
CHAMPION,tb_4b3946f9_plamen06_pokemon-steel,174,first,loss,PRIZES,125,5,0
CHAMPION,tb_4b3946f9_plamen06_pokemon-steel,175,second,win,NO_BENCH,22,5,6
CHAMPION,tb_4b3946f9_plamen06_pokemon-steel,176,first,win,PRIZES,145,0,3
CHAMPION,tb_4b3946f9_plamen06_pokemon-steel,177,second,loss,PRIZES,115,5,0
CHAMPION,tb_4b3946f9_plamen06_pokemon-steel,178,first,loss,PRIZES,126,2,0
CHAMPION,tb_4b3946f9_plamen06_pokemon-steel,179,second,loss,PRIZES,120,4,0
CHAMPION,tb_4b3946f9_plamen06_pokemon-steel,180,first,win,PRIZES,120,0,6
CHAMPION,tb_4b3946f9_plamen06_pokemon-steel,181,second,loss,PRIZES,107,5,0
CHAMPION,tb_4b3946f9_plamen06_pokemon-steel,182,first,win,PRIZES,168,0,2
CHAMPION,tb_4b3946f9_plamen06_pokemon-steel,183,second,loss,PRIZES,148,5,0
CHAMPION,tb_4b3946f9_plamen06_pokemon-steel,184,first,loss,PRIZES,151,2,0
CHAMPION,tb_4b3946f9_plamen06_pokemon-steel,185,second,win,PRIZES,113,0,6
CHAMPION,tb_4b3946f9_plamen06_pokemon-steel,186,first,win,PRIZES,143,0,2
CHAMPION,tb_4b3946f9_plamen06_pokemon-steel,187,second,loss,PRIZES,106,5,0
CHAMPION,tb_4b3946f9_plamen06_pokemon-steel,188,first,win,NO_BENCH,61,4,6
CHAMPION,tb_4b3946f9_plamen06_pokemon-steel,189,second,loss,PRIZES,157,4,0
CHAMPION,tb_4b3946f9_plamen06_pokemon-steel,190,first,win,PRIZES,126,0,5
CHAMPION,tb_4b3946f9_plamen06_pokemon-steel,191,second,loss,PRIZES,151,3,0
CHAMPION,tb_4b3946f9_plamen06_pokemon-steel,192,first,loss,PRIZES,135,4,0
CHAMPION,tb_4b3946f9_plamen06_pokemon-steel,193,second,loss,PRIZES,104,4,0
CHAMPION,tb_4b3946f9_plamen06_pokemon-steel,194,first,loss,PRIZES,125,3,0
CHAMPION,tb_4b3946f9_plamen06_pokemon-steel,195,second,loss,PRIZES,156,2,0
CHAMPION,tb_4b3946f9_plamen06_pokemon-steel,196,first,win,PRIZES,123,0,5
CHAMPION,tb_4b3946f9_plamen06_pokemon-steel,197,second,loss,PRIZES,97,6,0
CHAMPION,tb_4b3946f9_plamen06_pokemon-steel,198,first,win,NO_BENCH,80,2,6
CHAMPION,tb_4b3946f9_plamen06_pokemon-steel,199,second,loss,PRIZES,137,4,0
CHAMPION,tb_4b3946f9_plamen06_pokemon-steel,200,first,win,PRIZES,115,0,3
CHAMPION,tb_4b3946f9_plamen06_pokemon-steel,201,second,loss,PRIZES,118,6,0
CHAMPION,tb_4b3946f9_plamen06_pokemon-steel,202,first,win,PRIZES,121,0,2
CHAMPION,tb_4b3946f9_plamen06_pokemon-steel,203,second,loss,PRIZES,140,5,0
CHAMPION,tb_4b3946f9_plamen06_pokemon-steel,204,first,loss,PRIZES,123,3,0
CHAMPION,tb_4b3946f9_plamen06_pokemon-steel,205,second,loss,PRIZES,163,4,0
CHAMPION,tb_4b3946f9_plamen06_pokemon-steel,207,second,win,NO_BENCH,103,1,6
CHAMPION,tb_4b3946f9_plamen06_pokemon-steel,206,first,loss,PRIZES,160,1,0
CHAMPION,tb_4b3946f9_plamen06_pokemon-steel,208,first,loss,PRIZES,145,1,0
CHAMPION,tb_4b3946f9_plamen06_pokemon-steel,209,second,loss,PRIZES,124,3,0
CHAMPION,tb_4b3946f9_plamen06_pokemon-steel,210,first,loss,PRIZES,139,3,0
CHAMPION,tb_4b3946f9_plamen06_pokemon-steel,211,second,loss,PRIZES,120,2,0
CHAMPION,tb_4b3946f9_plamen06_pokemon-steel,212,first,loss,PRIZES,161,1,0
CHAMPION,tb_4b3946f9_plamen06_pokemon-steel,213,second,loss,PRIZES,162,1,0
CHAMPION,tb_4b3946f9_plamen06_pokemon-steel,214,first,loss,PRIZES,115,3,0
CHAMPION,tb_4b3946f9_plamen06_pokemon-steel,216,first,win,NO_BENCH,32,5,6
CHAMPION,tb_4b3946f9_plamen06_pokemon-steel,215,second,win,PRIZES,111,0,5
CHAMPION,tb_4b3946f9_plamen06_pokemon-steel,217,second,win,PRIZES,161,0,5
CHAMPION,tb_4b3946f9_plamen06_pokemon-steel,218,first,win,NO_BENCH,80,3,6
CHAMPION,tb_4b3946f9_plamen06_pokemon-steel,219,second,win,PRIZES,126,0,6
CHAMPION,tb_4b3946f9_plamen06_pokemon-steel,220,first,loss,PRIZES,131,2,0
CHAMPION,tb_4b3946f9_plamen06_pokemon-steel,221,second,loss,PRIZES,124,3,0
CHAMPION,tb_4b3946f9_plamen06_pokemon-steel,222,first,loss,PRIZES,126,4,0
CHAMPION,tb_4b3946f9_plamen06_pokemon-steel,223,second,win,NO_BENCH,114,2,6
CHAMPION,tb_4b3946f9_plamen06_pokemon-steel,224,first,win,PRIZES,125,0,3
CHAMPION,tb_4b3946f9_plamen06_pokemon-steel,225,second,loss,PRIZES,148,1,0
CHAMPION,tb_4b3946f9_plamen06_pokemon-steel,226,first,loss,PRIZES,156,1,0
CHAMPION,tb_4b3946f9_plamen06_pokemon-steel,227,second,loss,PRIZES,121,4,0
CHAMPION,tb_4b3946f9_plamen06_pokemon-steel,228,first,loss,PRIZES,152,4,0
CHAMPION,tb_4b3946f9_plamen06_pokemon-steel,229,second,win,PRIZES,123,0,5
CHAMPION,tb_4b3946f9_plamen06_pokemon-steel,230,first,loss,PRIZES,158,1,0
CHAMPION,tb_4b3946f9_plamen06_pokemon-steel,231,second,loss,PRIZES,110,3,0
CHAMPION,tb_4b3946f9_plamen06_pokemon-steel,232,first,win,PRIZES,123,0,6
CHAMPION,tb_4b3946f9_plamen06_pokemon-steel,233,second,win,NO_BENCH,118,1,6
CHAMPION,tb_4b3946f9_plamen06_pokemon-steel,234,first,win,NO_BENCH,41,5,6
CHAMPION,tb_4b3946f9_plamen06_pokemon-steel,235,second,loss,PRIZES,114,5,0
CHAMPION,tb_4b3946f9_plamen06_pokemon-steel,237,second,win,NO_BENCH,64,3,5
CHAMPION,tb_4b3946f9_plamen06_pokemon-steel,236,first,loss,PRIZES,156,2,0
CHAMPION,tb_4b3946f9_plamen06_pokemon-steel,238,first,loss,PRIZES,158,1,0
CHAMPION,tb_4b3946f9_plamen06_pokemon-steel,239,second,loss,PRIZES,142,3,0
CHAMPION,tb_4b3946f9_plamen06_pokemon-steel,240,first,loss,PRIZES,121,4,0
CHAMPION,tb_4b3946f9_plamen06_pokemon-steel,241,second,loss,PRIZES,144,3,0
CHAMPION,tb_4b3946f9_plamen06_pokemon-steel,243,second,win,NO_BENCH,82,2,6
CHAMPION,tb_4b3946f9_plamen06_pokemon-steel,242,first,loss,PRIZES,121,4,0
CHAMPION,tb_4b3946f9_plamen06_pokemon-steel,245,second,win,NO_BENCH,111,1,6
CHAMPION,tb_4b3946f9_plamen06_pokemon-steel,244,first,loss,PRIZES,160,2,0
CHAMPION,tb_4b3946f9_plamen06_pokemon-steel,246,first,loss,PRIZES,113,5,0
CHAMPION,tb_4b3946f9_plamen06_pokemon-steel,247,second,win,PRIZES,119,0,2
CHAMPION,tb_4b3946f9_plamen06_pokemon-steel,248,first,loss,PRIZES,125,3,0
CHAMPION,tb_4b3946f9_plamen06_pokemon-steel,249,second,loss,PRIZES,146,3,0
CHAMPION,tb_4b3946f9_plamen06_pokemon-steel,251,second,win,NO_BENCH,41,5,6
CHAMPION,tb_4b3946f9_plamen06_pokemon-steel,250,first,loss,PRIZES,147,1,0
CHAMPION,tb_4b3946f9_plamen06_pokemon-steel,252,first,win,PRIZES,95,0,6
CHAMPION,tb_4b3946f9_plamen06_pokemon-steel,255,second,win,NO_BENCH,47,5,6
CHAMPION,tb_4b3946f9_plamen06_pokemon-steel,254,first,loss,PRIZES,143,1,0
CHAMPION,tb_4b3946f9_plamen06_pokemon-steel,253,second,win,PRIZES,161,0,1
CHAMPION,tb_4b3946f9_plamen06_pokemon-steel,256,first,loss,PRIZES,79,6,0
CHAMPION,tb_4b3946f9_plamen06_pokemon-steel,258,first,loss,PRIZES,117,3,0
CHAMPION,tb_4b3946f9_plamen06_pokemon-steel,257,second,win,PRIZES,143,0,5
CHAMPION,tb_4b3946f9_plamen06_pokemon-steel,259,second,win,PRIZES,109,0,6
CHAMPION,tb_4b3946f9_plamen06_pokemon-steel,261,second,win,PRIZES,154,0,2
CHAMPION,tb_4b3946f9_plamen06_pokemon-steel,260,first,loss,PRIZES,155,2,0
CHAMPION,tb_4b3946f9_plamen06_pokemon-steel,262,first,loss,PRIZES,116,5,0
CHAMPION,tb_4b3946f9_plamen06_pokemon-steel,264,first,win,NO_BENCH,106,1,6
CHAMPION,tb_4b3946f9_plamen06_pokemon-steel,263,second,loss,PRIZES,111,5,0
CHAMPION,tb_4b3946f9_plamen06_pokemon-steel,265,second,win,PRIZES,118,0,2
CHAMPION,tb_4b3946f9_plamen06_pokemon-steel,267,second,loss,PRIZES,126,2,0
CHAMPION,tb_4b3946f9_plamen06_pokemon-steel,266,first,loss,PRIZES,122,4,0
CHAMPION,tb_4b3946f9_plamen06_pokemon-steel,268,first,loss,PRIZES,122,4,0
CHAMPION,tb_4b3946f9_plamen06_pokemon-steel,270,first,loss,NO_BENCH,56,6,3
CHAMPION,tb_4b3946f9_plamen06_pokemon-steel,269,second,loss,PRIZES,141,3,0
CHAMPION,tb_4b3946f9_plamen06_pokemon-steel,272,first,loss,PRIZES,77,5,0
CHAMPION,tb_4b3946f9_plamen06_pokemon-steel,271,second,loss,PRIZES,130,3,0
CHAMPION,tb_4b3946f9_plamen06_pokemon-steel,273,second,loss,PRIZES,112,4,0
CHAMPION,tb_4b3946f9_plamen06_pokemon-steel,275,second,win,NO_BENCH,64,3,5
CHAMPION,tb_4b3946f9_plamen06_pokemon-steel,274,first,win,PRIZES,140,0,2
CHAMPION,tb_4b3946f9_plamen06_pokemon-steel,276,first,win,NO_BENCH,97,1,6
CHAMPION,tb_4b3946f9_plamen06_pokemon-steel,277,second,win,PRIZES,102,0,6
CHAMPION,tb_4b3946f9_plamen06_pokemon-steel,278,first,loss,PRIZES,121,4,0
CHAMPION,tb_4b3946f9_plamen06_pokemon-steel,279,second,loss,PRIZES,113,4,0
CHAMPION,tb_4b3946f9_plamen06_pokemon-steel,280,first,loss,PRIZES,141,3,0
CHAMPION,tb_4b3946f9_plamen06_pokemon-steel,281,second,win,PRIZES,142,0,6
CHAMPION,tb_4b3946f9_plamen06_pokemon-steel,282,first,loss,PRIZES,135,3,0
CHAMPION,tb_4b3946f9_plamen06_pokemon-steel,283,second,loss,PRIZES,140,3,0
CHAMPION,tb_4b3946f9_plamen06_pokemon-steel,284,first,loss,PRIZES,112,6,0
CHAMPION,tb_4b3946f9_plamen06_pokemon-steel,285,second,win,NO_BENCH,54,3,6
CHAMPION,tb_4b3946f9_plamen06_pokemon-steel,286,first,win,PRIZES,123,0,4
CHAMPION,tb_4b3946f9_plamen06_pokemon-steel,287,second,loss,PRIZES,157,2,0
CHAMPION,tb_4b3946f9_plamen06_pokemon-steel,288,first,loss,PRIZES,152,2,0
CHAMPION,tb_4b3946f9_plamen06_pokemon-steel,289,second,loss,PRIZES,149,1,0
CHAMPION,tb_4b3946f9_plamen06_pokemon-steel,290,first,loss,PRIZES,112,4,0
CHAMPION,tb_4b3946f9_plamen06_pokemon-steel,291,second,loss,PRIZES,103,3,0
CHAMPION,tb_4b3946f9_plamen06_pokemon-steel,292,first,win,NO_BENCH,64,4,5
CHAMPION,tb_4b3946f9_plamen06_pokemon-steel,293,second,win,DECKOUT,133,3,2
CHAMPION,tb_4b3946f9_plamen06_pokemon-steel,294,first,win,PRIZES,121,0,3
CHAMPION,tb_4b3946f9_plamen06_pokemon-steel,296,first,win,NO_BENCH,75,3,3
CHAMPION,tb_4b3946f9_plamen06_pokemon-steel,295,second,loss,PRIZES,134,6,0
CHAMPION,tb_4b3946f9_plamen06_pokemon-steel,297,second,loss,PRIZES,151,1,0
CHAMPION,tb_4b3946f9_plamen06_pokemon-steel,298,first,loss,PRIZES,143,1,0
CHAMPION,tb_4b3946f9_plamen06_pokemon-steel,299,second,loss,PRIZES,129,3,0
CHAMPION,tb_4b3946f9_plamen06_pokemon-steel,300,first,loss,PRIZES,130,3,0
CHAMPION,tb_4b3946f9_plamen06_pokemon-steel,301,second,win,NO_BENCH,77,4,6
CHAMPION,tb_4b3946f9_plamen06_pokemon-steel,302,first,win,PRIZES,144,0,3
CHAMPION,tb_4b3946f9_plamen06_pokemon-steel,303,second,loss,NO_BENCH,69,6,1
CHAMPION,tb_4b3946f9_plamen06_pokemon-steel,305,second,win,NO_BENCH,56,4,6
CHAMPION,tb_4b3946f9_plamen06_pokemon-steel,304,first,loss,PRIZES,139,4,0
CHAMPION,tb_4b3946f9_plamen06_pokemon-steel,306,first,loss,PRIZES,142,4,0
CHAMPION,tb_4b3946f9_plamen06_pokemon-steel,307,second,loss,PRIZES,106,5,0
CHAMPION,tb_4b3946f9_plamen06_pokemon-steel,308,first,win,NO_BENCH,117,2,3
CHAMPION,tb_4b3946f9_plamen06_pokemon-steel,309,second,win,NO_BENCH,106,2,5
CHAMPION,tb_4b3946f9_plamen06_pokemon-steel,310,first,win,PRIZES,180,0,1
CHAMPION,tb_4b3946f9_plamen06_pokemon-steel,311,second,loss,PRIZES,110,5,0
CHAMPION,tb_4b3946f9_plamen06_pokemon-steel,312,first,loss,PRIZES,146,1,0
CHAMPION,tb_4b3946f9_plamen06_pokemon-steel,314,first,win,NO_BENCH,86,2,6
CHAMPION,tb_4b3946f9_plamen06_pokemon-steel,313,second,loss,PRIZES,118,4,0
CHAMPION,tb_4b3946f9_plamen06_pokemon-steel,315,second,loss,PRIZES,103,6,0
CHAMPION,tb_4b3946f9_plamen06_pokemon-steel,317,second,loss,PRIZES,106,4,0
CHAMPION,tb_4b3946f9_plamen06_pokemon-steel,316,first,loss,PRIZES,107,5,0
CHAMPION,tb_4b3946f9_plamen06_pokemon-steel,318,first,loss,PRIZES,168,2,0
CHAMPION,tb_4b3946f9_plamen06_pokemon-steel,319,second,win,NO_BENCH,79,2,6
CHAMPION,tb_4b3946f9_plamen06_pokemon-steel,320,first,loss,PRIZES,133,5,0
CHAMPION,tb_4b3946f9_plamen06_pokemon-steel,321,second,loss,PRIZES,131,4,0
CHAMPION,tb_4b3946f9_plamen06_pokemon-steel,322,first,loss,PRIZES,159,1,0
CHAMPION,tb_4b3946f9_plamen06_pokemon-steel,323,second,loss,PRIZES,143,4,0
CHAMPION,tb_4b3946f9_plamen06_pokemon-steel,324,first,win,NO_BENCH,121,1,6
CHAMPION,tb_4b3946f9_plamen06_pokemon-steel,326,first,win,PRIZES,104,0,6
CHAMPION,tb_4b3946f9_plamen06_pokemon-steel,325,second,loss,PRIZES,142,3,0
CHAMPION,tb_4b3946f9_plamen06_pokemon-steel,327,second,loss,PRIZES,68,4,0
CHAMPION,tb_4b3946f9_plamen06_pokemon-steel,328,first,loss,PRIZES,129,5,0
CHAMPION,tb_4b3946f9_plamen06_pokemon-steel,329,second,loss,PRIZES,140,3,0
CHAMPION,tb_4b3946f9_plamen06_pokemon-steel,330,first,loss,PRIZES,156,1,0
CHAMPION,tb_4b3946f9_plamen06_pokemon-steel,331,second,win,NO_BENCH,98,2,3
CHAMPION,tb_4b3946f9_plamen06_pokemon-steel,332,first,loss,PRIZES,132,3,0
CHAMPION,tb_4b3946f9_plamen06_pokemon-steel,333,second,win,NO_BENCH,79,3,3
CHAMPION,tb_4b3946f9_plamen06_pokemon-steel,334,first,win,NO_BENCH,30,5,6
CHAMPION,tb_4b3946f9_plamen06_pokemon-steel,335,second,loss,PRIZES,143,1,0
CHAMPION,tb_4b3946f9_plamen06_pokemon-steel,336,first,loss,PRIZES,152,2,0
CHAMPION,tb_4b3946f9_plamen06_pokemon-steel,337,second,loss,PRIZES,154,3,0
CHAMPION,tb_4b3946f9_plamen06_pokemon-steel,338,first,loss,PRIZES,145,3,0
CHAMPION,tb_4b3946f9_plamen06_pokemon-steel,339,second,loss,PRIZES,158,3,0
CHAMPION,tb_4b3946f9_plamen06_pokemon-steel,340,first,loss,PRIZES,129,2,0
CHAMPION,tb_4b3946f9_plamen06_pokemon-steel,341,second,win,PRIZES,163,0,2
CHAMPION,tb_4b3946f9_plamen06_pokemon-steel,342,first,win,NO_BENCH,129,1,2
CHAMPION,tb_4b3946f9_plamen06_pokemon-steel,343,second,loss,PRIZES,103,5,0
CHAMPION,tb_4b3946f9_plamen06_pokemon-steel,344,first,win,NO_BENCH,108,2,2
CHAMPION,tb_4b3946f9_plamen06_pokemon-steel,345,second,win,NO_BENCH,73,3,6
CHAMPION,tb_4b3946f9_plamen06_pokemon-steel,346,first,win,PRIZES,159,0,1
CHAMPION,tb_4b3946f9_plamen06_pokemon-steel,347,second,loss,PRIZES,99,3,0
CHAMPION,tb_4b3946f9_plamen06_pokemon-steel,348,first,loss,PRIZES,134,2,0
CHAMPION,tb_4b3946f9_plamen06_pokemon-steel,349,second,loss,PRIZES,139,4,0
CHAMPION,tb_4b3946f9_plamen06_pokemon-steel,350,first,loss,PRIZES,164,2,0
CHAMPION,tb_4b3946f9_plamen06_pokemon-steel,351,second,win,PRIZES,146,0,3
CHAMPION,tb_4b3946f9_plamen06_pokemon-steel,352,first,loss,PRIZES,108,6,0
CHAMPION,tb_4b3946f9_plamen06_pokemon-steel,353,second,loss,PRIZES,107,4,0
CHAMPION,tb_4b3946f9_plamen06_pokemon-steel,354,first,loss,PRIZES,118,5,0
CHAMPION,tb_4b3946f9_plamen06_pokemon-steel,355,second,loss,PRIZES,165,1,0
CHAMPION,tb_4b3946f9_plamen06_pokemon-steel,356,first,loss,PRIZES,135,2,0
CHAMPION,tb_4b3946f9_plamen06_pokemon-steel,357,second,loss,PRIZES,97,5,0
CHAMPION,tb_4b3946f9_plamen06_pokemon-steel,358,first,loss,PRIZES,97,6,0
CHAMPION,tb_4b3946f9_plamen06_pokemon-steel,360,first,loss,PRIZES,116,6,0
CHAMPION,tb_4b3946f9_plamen06_pokemon-steel,359,second,loss,PRIZES,96,5,0
CHAMPION,tb_4b3946f9_plamen06_pokemon-steel,361,second,win,NO_BENCH,38,5,6
CHAMPION,tb_4b3946f9_plamen06_pokemon-steel,362,first,win,PRIZES,109,0,5
CHAMPION,tb_4b3946f9_plamen06_pokemon-steel,363,second,win,PRIZES,130,0,3
CHAMPION,tb_4b3946f9_plamen06_pokemon-steel,364,first,loss,PRIZES,133,2,0
CHAMPION,tb_4b3946f9_plamen06_pokemon-steel,365,second,loss,PRIZES,128,1,0
CHAMPION,tb_4b3946f9_plamen06_pokemon-steel,366,first,loss,PRIZES,133,1,0
CHAMPION,tb_4b3946f9_plamen06_pokemon-steel,367,second,loss,PRIZES,123,3,0
CHAMPION,tb_4b3946f9_plamen06_pokemon-steel,368,first,win,NO_BENCH,50,5,6
CHAMPION,tb_4b3946f9_plamen06_pokemon-steel,369,second,win,PRIZES,172,0,1
CHAMPION,tb_4b3946f9_plamen06_pokemon-steel,370,first,loss,PRIZES,104,6,0
CHAMPION,tb_4b3946f9_plamen06_pokemon-steel,371,second,loss,PRIZES,118,4,0
CHAMPION,tb_4b3946f9_plamen06_pokemon-steel,372,first,win,PRIZES,154,0,4
CHAMPION,tb_4b3946f9_plamen06_pokemon-steel,373,second,loss,PRIZES,162,3,0
CHAMPION,tb_4b3946f9_plamen06_pokemon-steel,374,first,loss,PRIZES,134,3,0
CHAMPION,tb_4b3946f9_plamen06_pokemon-steel,375,second,win,PRIZES,173,0,1
CHAMPION,tb_4b3946f9_plamen06_pokemon-steel,376,first,loss,PRIZES,87,6,0
CHAMPION,tb_4b3946f9_plamen06_pokemon-steel,377,second,win,PRIZES,123,0,5
CHAMPION,tb_4b3946f9_plamen06_pokemon-steel,378,first,loss,PRIZES,117,4,0
CHAMPION,tb_4b3946f9_plamen06_pokemon-steel,380,first,loss,PRIZES,70,5,0
CHAMPION,tb_4b3946f9_plamen06_pokemon-steel,379,second,loss,PRIZES,110,3,0
CHAMPION,tb_4b3946f9_plamen06_pokemon-steel,381,second,loss,PRIZES,99,5,0
CHAMPION,tb_4b3946f9_plamen06_pokemon-steel,382,first,loss,PRIZES,146,2,0
CHAMPION,tb_4b3946f9_plamen06_pokemon-steel,383,second,loss,PRIZES,134,3,0
CHAMPION,tb_4b3946f9_plamen06_pokemon-steel,384,first,win,PRIZES,106,0,6
CHAMPION,tb_4b3946f9_plamen06_pokemon-steel,385,second,loss,PRIZES,133,2,0
CHAMPION,tb_4b3946f9_plamen06_pokemon-steel,386,first,win,PRIZES,158,0,3
CHAMPION,tb_4b3946f9_plamen06_pokemon-steel,387,second,loss,PRIZES,113,3,0
CHAMPION,tb_4b3946f9_plamen06_pokemon-steel,388,first,loss,PRIZES,139,1,0
CHAMPION,tb_4b3946f9_plamen06_pokemon-steel,389,second,loss,PRIZES,138,1,0
CHAMPION,tb_4b3946f9_plamen06_pokemon-steel,390,first,win,NO_BENCH,116,1,5
CHAMPION,tb_4b3946f9_plamen06_pokemon-steel,391,second,loss,PRIZES,140,2,0
CHAMPION,tb_4b3946f9_plamen06_pokemon-steel,392,first,loss,PRIZES,136,3,0
CHAMPION,tb_4b3946f9_plamen06_pokemon-steel,393,second,win,PRIZES,115,0,6
CHAMPION,tb_4b3946f9_plamen06_pokemon-steel,396,first,loss,PRIZES,115,3,0
CHAMPION,tb_4b3946f9_plamen06_pokemon-steel,395,second,win,PRIZES,120,0,3
CHAMPION,tb_4b3946f9_plamen06_pokemon-steel,394,first,win,PRIZES,163,0,2
CHAMPION,tb_4b3946f9_plamen06_pokemon-steel,398,first,loss,PRIZES,80,5,0
CHAMPION,tb_4b3946f9_plamen06_pokemon-steel,397,second,loss,PRIZES,150,2,0
CHAMPION,tb_4b3946f9_plamen06_pokemon-steel,399,second,loss,PRIZES,119,4,0
CHAMPION,tb_4b3946f9_plamen06_pokemon-steel,400,first,loss,PRIZES,111,3,0
CHAMPION,tb_4b3946f9_plamen06_pokemon-steel,401,second,loss,PRIZES,137,3,0
CHAMPION,tb_4b3946f9_plamen06_pokemon-steel,402,first,loss,PRIZES,120,5,0
CHAMPION,tb_4b3946f9_plamen06_pokemon-steel,403,second,loss,NO_BENCH,36,6,5
CHAMPION,tb_4b3946f9_plamen06_pokemon-steel,404,first,loss,PRIZES,125,4,0
CHAMPION,tb_4b3946f9_plamen06_pokemon-steel,405,second,win,PRIZES,143,0,2
CHAMPION,tb_4b3946f9_plamen06_pokemon-steel,406,first,loss,PRIZES,131,2,0
CHAMPION,tb_4b3946f9_plamen06_pokemon-steel,408,first,loss,PRIZES,124,3,0
CHAMPION,tb_4b3946f9_plamen06_pokemon-steel,407,second,loss,PRIZES,167,1,0
CHAMPION,tb_4b3946f9_plamen06_pokemon-steel,409,second,win,PRIZES,158,0,2
CHAMPION,tb_4b3946f9_plamen06_pokemon-steel,411,second,loss,PRIZES,115,4,0
CHAMPION,tb_4b3946f9_plamen06_pokemon-steel,410,first,loss,PRIZES,133,1,0
CHAMPION,tb_4b3946f9_plamen06_pokemon-steel,412,first,loss,PRIZES,154,3,0
CHAMPION,tb_4b3946f9_plamen06_pokemon-steel,413,second,loss,PRIZES,150,1,0
CHAMPION,tb_4b3946f9_plamen06_pokemon-steel,414,first,loss,PRIZES,132,2,0
CHAMPION,tb_4b3946f9_plamen06_pokemon-steel,415,second,win,PRIZES,99,0,3
CHAMPION,tb_4b3946f9_plamen06_pokemon-steel,417,second,loss,PRIZES,143,2,0
CHAMPION,tb_4b3946f9_plamen06_pokemon-steel,416,first,loss,PRIZES,147,2,0
CHAMPION,tb_4b3946f9_plamen06_pokemon-steel,418,first,loss,PRIZES,114,6,0
CHAMPION,tb_4b3946f9_plamen06_pokemon-steel,420,first,loss,PRIZES,124,3,0
CHAMPION,tb_4b3946f9_plamen06_pokemon-steel,419,second,loss,PRIZES,127,4,0
CHAMPION,tb_4b3946f9_plamen06_pokemon-steel,421,second,win,NO_BENCH,26,5,6
CHAMPION,tb_4b3946f9_plamen06_pokemon-steel,422,first,win,NO_BENCH,76,2,6
CHAMPION,tb_4b3946f9_plamen06_pokemon-steel,423,second,loss,PRIZES,124,2,0
CHAMPION,tb_4b3946f9_plamen06_pokemon-steel,424,first,win,PRIZES,131,0,6
CHAMPION,tb_4b3946f9_plamen06_pokemon-steel,425,second,loss,PRIZES,144,3,0
CHAMPION,tb_4b3946f9_plamen06_pokemon-steel,426,first,loss,PRIZES,118,4,0
CHAMPION,tb_4b3946f9_plamen06_pokemon-steel,427,second,loss,PRIZES,143,1,0
CHAMPION,tb_4b3946f9_plamen06_pokemon-steel,428,first,loss,PRIZES,87,3,0
CHAMPION,tb_4b3946f9_plamen06_pokemon-steel,429,second,loss,PRIZES,133,4,0
CHAMPION,tb_4b3946f9_plamen06_pokemon-steel,430,first,win,NO_BENCH,45,5,6
CHAMPION,tb_4b3946f9_plamen06_pokemon-steel,431,second,loss,PRIZES,163,2,0
CHAMPION,tb_4b3946f9_plamen06_pokemon-steel,432,first,loss,PRIZES,92,4,0
CHAMPION,tb_4b3946f9_plamen06_pokemon-steel,433,second,loss,PRIZES,153,2,0
CHAMPION,tb_4b3946f9_plamen06_pokemon-steel,435,second,loss,PRIZES,119,4,0
CHAMPION,tb_4b3946f9_plamen06_pokemon-steel,434,first,win,PRIZES,139,0,3
CHAMPION,tb_4b3946f9_plamen06_pokemon-steel,436,first,loss,PRIZES,170,1,0
CHAMPION,tb_4b3946f9_plamen06_pokemon-steel,437,second,loss,PRIZES,93,6,0
CHAMPION,tb_4b3946f9_plamen06_pokemon-steel,438,first,loss,PRIZES,144,2,0
CHAMPION,tb_4b3946f9_plamen06_pokemon-steel,439,second,loss,PRIZES,113,3,0
CHAMPION,tb_4b3946f9_plamen06_pokemon-steel,440,first,loss,PRIZES,131,5,0
CHAMPION,tb_4b3946f9_plamen06_pokemon-steel,441,second,win,PRIZES,120,0,6
CHAMPION,tb_4b3946f9_plamen06_pokemon-steel,442,first,loss,PRIZES,156,1,0
CHAMPION,tb_4b3946f9_plamen06_pokemon-steel,443,second,win,PRIZES,170,0,1
CHAMPION,tb_4b3946f9_plamen06_pokemon-steel,444,first,loss,PRIZES,143,2,0
CHAMPION,tb_4b3946f9_plamen06_pokemon-steel,445,second,loss,PRIZES,133,3,0
CHAMPION,tb_4b3946f9_plamen06_pokemon-steel,446,first,loss,PRIZES,154,2,0
CHAMPION,tb_4b3946f9_plamen06_pokemon-steel,447,second,win,PRIZES,155,0,3
CHAMPION,tb_4b3946f9_plamen06_pokemon-steel,448,first,loss,PRIZES,85,6,0
CHAMPION,tb_4b3946f9_plamen06_pokemon-steel,450,first,loss,PRIZES,152,2,0
CHAMPION,tb_4b3946f9_plamen06_pokemon-steel,449,second,loss,PRIZES,176,1,0
CHAMPION,tb_4b3946f9_plamen06_pokemon-steel,451,second,loss,PRIZES,64,6,0
CHAMPION,tb_4b3946f9_plamen06_pokemon-steel,452,first,loss,PRIZES,107,6,0
CHAMPION,tb_4b3946f9_plamen06_pokemon-steel,453,second,win,PRIZES,142,0,3
CHAMPION,tb_4b3946f9_plamen06_pokemon-steel,454,first,loss,PRIZES,105,4,0
CHAMPION,tb_4b3946f9_plamen06_pokemon-steel,455,second,loss,PRIZES,155,3,0
CHAMPION,tb_4b3946f9_plamen06_pokemon-steel,456,first,loss,PRIZES,116,1,0
CHAMPION,tb_4b3946f9_plamen06_pokemon-steel,457,second,loss,NO_BENCH,62,6,1
CHAMPION,tb_4b3946f9_plamen06_pokemon-steel,458,first,win,NO_BENCH,111,1,6
CHAMPION,tb_4b3946f9_plamen06_pokemon-steel,459,second,loss,PRIZES,126,5,0
CHAMPION,tb_4b3946f9_plamen06_pokemon-steel,460,first,loss,PRIZES,124,3,0
CHAMPION,tb_4b3946f9_plamen06_pokemon-steel,461,second,loss,PRIZES,132,4,0
CHAMPION,tb_4b3946f9_plamen06_pokemon-steel,462,first,win,PRIZES,139,0,3
CHAMPION,tb_4b3946f9_plamen06_pokemon-steel,463,second,win,NO_BENCH,82,2,6
CHAMPION,tb_4b3946f9_plamen06_pokemon-steel,464,first,win,NO_BENCH,102,1,6
CHAMPION,tb_4b3946f9_plamen06_pokemon-steel,465,second,loss,PRIZES,151,5,0
CHAMPION,tb_4b3946f9_plamen06_pokemon-steel,466,first,loss,PRIZES,150,4,0
CHAMPION,tb_4b3946f9_plamen06_pokemon-steel,468,first,win,NO_BENCH,25,5,6
CHAMPION,tb_4b3946f9_plamen06_pokemon-steel,467,second,win,PRIZES,123,0,5
CHAMPION,tb_4b3946f9_plamen06_pokemon-steel,469,second,loss,PRIZES,153,2,0
CHAMPION,tb_4b3946f9_plamen06_pokemon-steel,470,first,win,PRIZES,128,0,6
CHAMPION,tb_4b3946f9_plamen06_pokemon-steel,471,second,win,PRIZES,132,0,5
CHAMPION,tb_4b3946f9_plamen06_pokemon-steel,472,first,win,NO_BENCH,53,4,6
CHAMPION,tb_4b3946f9_plamen06_pokemon-steel,474,first,win,NO_BENCH,44,4,6
CHAMPION,tb_4b3946f9_plamen06_pokemon-steel,473,second,loss,PRIZES,73,4,0
CHAMPION,tb_4b3946f9_plamen06_pokemon-steel,475,second,loss,PRIZES,142,1,0
CHAMPION,tb_4b3946f9_plamen06_pokemon-steel,477,second,win,NO_BENCH,98,2,6
CHAMPION,tb_4b3946f9_plamen06_pokemon-steel,476,first,loss,PRIZES,140,5,0
CHAMPION,tb_4b3946f9_plamen06_pokemon-steel,478,first,loss,PRIZES,152,2,0
CHAMPION,tb_4b3946f9_plamen06_pokemon-steel,479,second,loss,PRIZES,153,1,0
CHAMPION,tb_4b3946f9_plamen06_pokemon-steel,480,first,loss,PRIZES,146,1,0
CHAMPION,tb_4b3946f9_plamen06_pokemon-steel,481,second,loss,PRIZES,147,3,0
CHAMPION,tb_4b3946f9_plamen06_pokemon-steel,482,first,loss,PRIZES,122,5,0
CHAMPION,tb_4b3946f9_plamen06_pokemon-steel,483,second,loss,PRIZES,118,3,0
CHAMPION,tb_4b3946f9_plamen06_pokemon-steel,484,first,loss,PRIZES,150,3,0
CHAMPION,tb_4b3946f9_plamen06_pokemon-steel,485,second,win,PRIZES,98,0,6
CHAMPION,tb_4b3946f9_plamen06_pokemon-steel,486,first,loss,PRIZES,152,1,0
CHAMPION,tb_4b3946f9_plamen06_pokemon-steel,487,second,loss,PRIZES,146,1,0
CHAMPION,tb_4b3946f9_plamen06_pokemon-steel,488,first,loss,PRIZES,107,4,0
CHAMPION,tb_4b3946f9_plamen06_pokemon-steel,489,second,loss,PRIZES,108,6,0
CHAMPION,tb_4b3946f9_plamen06_pokemon-steel,490,first,loss,PRIZES,111,4,0
CHAMPION,tb_4b3946f9_plamen06_pokemon-steel,491,second,win,PRIZES,130,0,1
CHAMPION,tb_4b3946f9_plamen06_pokemon-steel,492,first,win,PRIZES,109,0,6
CHAMPION,tb_4b3946f9_plamen06_pokemon-steel,493,second,win,NO_BENCH,86,2,6
CHAMPION,tb_4b3946f9_plamen06_pokemon-steel,494,first,loss,PRIZES,135,2,0
CHAMPION,tb_4b3946f9_plamen06_pokemon-steel,495,second,win,PRIZES,118,0,6
CHAMPION,tb_4b3946f9_plamen06_pokemon-steel,496,first,loss,PRIZES,97,5,0
CHAMPION,tb_4b3946f9_plamen06_pokemon-steel,497,second,loss,PRIZES,143,2,0
CHAMPION,tb_4b3946f9_plamen06_pokemon-steel,498,first,win,PRIZES,157,0,1
CHAMPION,tb_4b3946f9_plamen06_pokemon-steel,499,second,win,PRIZES,138,0,4
CHAMPION,tb_4b3946f9_plamen06_pokemon-steel,500,first,loss,PRIZES,93,5,0
CHAMPION,tb_4b3946f9_plamen06_pokemon-steel,501,second,loss,PRIZES,110,4,0
CHAMPION,tb_4b3946f9_plamen06_pokemon-steel,502,first,win,NO_BENCH,41,5,6
CHAMPION,tb_4b3946f9_plamen06_pokemon-steel,504,first,loss,PRIZES,136,2,0
CHAMPION,tb_4b3946f9_plamen06_pokemon-steel,503,second,loss,PRIZES,138,2,0
CHAMPION,tb_4b3946f9_plamen06_pokemon-steel,505,second,loss,PRIZES,139,3,0
CHAMPION,tb_4b3946f9_plamen06_pokemon-steel,506,first,loss,PRIZES,127,5,0
CHAMPION,tb_4b3946f9_plamen06_pokemon-steel,507,second,win,PRIZES,153,0,3
CHAMPION,tb_4b3946f9_plamen06_pokemon-steel,508,first,loss,PRIZES,105,5,0
CHAMPION,tb_4b3946f9_plamen06_pokemon-steel,509,second,win,NO_BENCH,25,5,6
CHAMPION,tb_4b3946f9_plamen06_pokemon-steel,510,first,loss,PRIZES,126,5,0
CHAMPION,tb_4b3946f9_plamen06_pokemon-steel,511,second,loss,PRIZES,161,2,0
CHAMPION,tb_4b3946f9_plamen06_pokemon-steel,512,first,win,PRIZES,129,0,3
CHAMPION,tb_4b3946f9_plamen06_pokemon-steel,513,second,loss,PRIZES,146,2,0
CHAMPION,tb_4b3946f9_plamen06_pokemon-steel,514,first,loss,PRIZES,138,3,0
CHAMPION,tb_4b3946f9_plamen06_pokemon-steel,515,second,loss,PRIZES,166,1,0
CHAMPION,tb_4b3946f9_plamen06_pokemon-steel,516,first,loss,PRIZES,156,2,0
CHAMPION,tb_4b3946f9_plamen06_pokemon-steel,517,second,loss,PRIZES,149,3,0
CHAMPION,tb_4b3946f9_plamen06_pokemon-steel,518,first,loss,PRIZES,99,6,0
CHAMPION,tb_4b3946f9_plamen06_pokemon-steel,519,second,loss,PRIZES,120,5,0
CHAMPION,tb_4b3946f9_plamen06_pokemon-steel,520,first,win,PRIZES,120,0,6
CHAMPION,tb_4b3946f9_plamen06_pokemon-steel,522,first,win,PRIZES,131,0,6
CHAMPION,tb_4b3946f9_plamen06_pokemon-steel,521,second,loss,PRIZES,141,4,0
CHAMPION,tb_4b3946f9_plamen06_pokemon-steel,523,second,loss,PRIZES,70,6,0
CHAMPION,tb_4b3946f9_plamen06_pokemon-steel,524,first,win,NO_BENCH,38,5,5
CHAMPION,tb_4b3946f9_plamen06_pokemon-steel,525,second,win,NO_BENCH,57,3,6
CHAMPION,tb_4b3946f9_plamen06_pokemon-steel,526,first,loss,NO_BENCH,50,6,4
CHAMPION,tb_4b3946f9_plamen06_pokemon-steel,527,second,loss,PRIZES,116,2,0
CHAMPION,tb_4b3946f9_plamen06_pokemon-steel,528,first,loss,PRIZES,128,4,0
CHAMPION,tb_4b3946f9_plamen06_pokemon-steel,529,second,win,NO_BENCH,53,4,6
CHAMPION,tb_4b3946f9_plamen06_pokemon-steel,530,first,loss,PRIZES,92,5,0
CHAMPION,tb_4b3946f9_plamen06_pokemon-steel,531,second,win,PRIZES,128,0,3
CHAMPION,tb_4b3946f9_plamen06_pokemon-steel,532,first,loss,PRIZES,162,2,0
CHAMPION,tb_4b3946f9_plamen06_pokemon-steel,533,second,win,NO_BENCH,75,2,6
CHAMPION,tb_4b3946f9_plamen06_pokemon-steel,534,first,loss,PRIZES,134,3,0
CHAMPION,tb_4b3946f9_plamen06_pokemon-steel,535,second,loss,PRIZES,155,3,0
CHAMPION,tb_4b3946f9_plamen06_pokemon-steel,536,first,win,PRIZES,120,0,3
CHAMPION,tb_4b3946f9_plamen06_pokemon-steel,537,second,loss,PRIZES,172,3,0
CHAMPION,tb_4b3946f9_plamen06_pokemon-steel,538,first,loss,PRIZES,118,4,0
CHAMPION,tb_4b3946f9_plamen06_pokemon-steel,539,second,loss,PRIZES,106,5,0
CHAMPION,tb_4b3946f9_plamen06_pokemon-steel,540,first,win,NO_BENCH,30,5,6
CHAMPION,tb_4b3946f9_plamen06_pokemon-steel,541,second,loss,PRIZES,114,4,0
CHAMPION,tb_4b3946f9_plamen06_pokemon-steel,542,first,win,NO_BENCH,118,1,2
CHAMPION,tb_4b3946f9_plamen06_pokemon-steel,543,second,win,PRIZES,127,0,2
CHAMPION,tb_4b3946f9_plamen06_pokemon-steel,544,first,loss,NO_BENCH,47,6,4
CHAMPION,tb_4b3946f9_plamen06_pokemon-steel,545,second,loss,PRIZES,121,4,0
CHAMPION,tb_4b3946f9_plamen06_pokemon-steel,546,first,loss,PRIZES,131,4,0
CHAMPION,tb_4b3946f9_plamen06_pokemon-steel,547,second,loss,PRIZES,155,1,0
CHAMPION,tb_4b3946f9_plamen06_pokemon-steel,548,first,win,PRIZES,149,0,2
CHAMPION,tb_4b3946f9_plamen06_pokemon-steel,549,second,loss,PRIZES,131,3,0
CHAMPION,tb_4b3946f9_plamen06_pokemon-steel,550,first,win,PRIZES,160,0,1
CHAMPION,tb_4b3946f9_plamen06_pokemon-steel,552,first,win,NO_BENCH,31,5,6
CHAMPION,tb_4b3946f9_plamen06_pokemon-steel,551,second,win,NO_BENCH,96,3,3
CHAMPION,tb_4b3946f9_plamen06_pokemon-steel,553,second,win,NO_BENCH,83,4,5
CHAMPION,tb_4b3946f9_plamen06_pokemon-steel,555,second,loss,PRIZES,97,3,0
CHAMPION,tb_4b3946f9_plamen06_pokemon-steel,554,first,loss,PRIZES,133,6,0
CHAMPION,tb_4b3946f9_plamen06_pokemon-steel,556,first,loss,PRIZES,144,2,0
CHAMPION,tb_4b3946f9_plamen06_pokemon-steel,557,second,win,NO_BENCH,62,3,6
CHAMPION,tb_4b3946f9_plamen06_pokemon-steel,558,first,loss,NO_BENCH,50,6,3
CHAMPION,tb_4b3946f9_plamen06_pokemon-steel,559,second,loss,PRIZES,116,3,0
CHAMPION,tb_4b3946f9_plamen06_pokemon-steel,560,first,win,PRIZES,135,0,6
CHAMPION,tb_4b3946f9_plamen06_pokemon-steel,561,second,loss,PRIZES,149,2,0
CHAMPION,tb_4b3946f9_plamen06_pokemon-steel,562,first,win,NO_BENCH,95,1,6
CHAMPION,tb_4b3946f9_plamen06_pokemon-steel,563,second,win,NO_BENCH,62,3,6
CHAMPION,tb_4b3946f9_plamen06_pokemon-steel,564,first,loss,PRIZES,119,3,0
CHAMPION,tb_4b3946f9_plamen06_pokemon-steel,565,second,loss,NO_BENCH,64,6,3
CHAMPION,tb_4b3946f9_plamen06_pokemon-steel,568,first,loss,PRIZES,117,3,0
CHAMPION,tb_4b3946f9_plamen06_pokemon-steel,567,second,loss,PRIZES,149,3,0
CHAMPION,tb_4b3946f9_plamen06_pokemon-steel,566,first,loss,PRIZES,141,4,0
CHAMPION,tb_4b3946f9_plamen06_pokemon-steel,569,second,win,NO_BENCH,83,2,6
CHAMPION,tb_4b3946f9_plamen06_pokemon-steel,570,first,loss,PRIZES,116,5,0
CHAMPION,tb_4b3946f9_plamen06_pokemon-steel,571,second,loss,PRIZES,138,2,0
CHAMPION,tb_4b3946f9_plamen06_pokemon-steel,572,first,loss,PRIZES,141,2,0
CHAMPION,tb_4b3946f9_plamen06_pokemon-steel,573,second,loss,PRIZES,125,4,0
CHAMPION,tb_4b3946f9_plamen06_pokemon-steel,574,first,win,PRIZES,146,0,3
CHAMPION,tb_4b3946f9_plamen06_pokemon-steel,575,second,loss,PRIZES,136,2,0
CHAMPION,tb_4b3946f9_plamen06_pokemon-steel,576,first,loss,PRIZES,161,2,0
CHAMPION,tb_4b3946f9_plamen06_pokemon-steel,577,second,win,PRIZES,141,0,6
CHAMPION,tb_4b3946f9_plamen06_pokemon-steel,578,first,loss,PRIZES,141,3,0
CHAMPION,tb_4b3946f9_plamen06_pokemon-steel,579,second,loss,PRIZES,148,2,0
CHAMPION,tb_4b3946f9_plamen06_pokemon-steel,580,first,win,PRIZES,128,0,6
CHAMPION,tb_4b3946f9_plamen06_pokemon-steel,581,second,loss,PRIZES,144,1,0
CHAMPION,tb_4b3946f9_plamen06_pokemon-steel,582,first,loss,PRIZES,148,4,0
CHAMPION,tb_4b3946f9_plamen06_pokemon-steel,583,second,win,PRIZES,149,0,2
CHAMPION,tb_4b3946f9_plamen06_pokemon-steel,584,first,win,NO_BENCH,46,5,6
CHAMPION,tb_4b3946f9_plamen06_pokemon-steel,585,second,loss,NO_BENCH,55,5,2
CHAMPION,tb_4b3946f9_plamen06_pokemon-steel,586,first,loss,PRIZES,151,1,0
CHAMPION,tb_4b3946f9_plamen06_pokemon-steel,588,first,loss,PRIZES,122,3,0
CHAMPION,tb_4b3946f9_plamen06_pokemon-steel,587,second,loss,PRIZES,171,1,0
CHAMPION,tb_4b3946f9_plamen06_pokemon-steel,589,second,loss,DECKOUT,161,2,3
CHAMPION,tb_4b3946f9_plamen06_pokemon-steel,590,first,loss,PRIZES,129,4,0
CHAMPION,tb_4b3946f9_plamen06_pokemon-steel,592,first,win,PRIZES,156,0,1
CHAMPION,tb_4b3946f9_plamen06_pokemon-steel,591,second,loss,PRIZES,139,3,0
CHAMPION,tb_4b3946f9_plamen06_pokemon-steel,593,second,loss,PRIZES,133,2,0
CHAMPION,tb_4b3946f9_plamen06_pokemon-steel,595,second,win,NO_BENCH,107,2,6
CHAMPION,tb_4b3946f9_plamen06_pokemon-steel,594,first,win,PRIZES,122,0,6
CHAMPION,tb_4b3946f9_plamen06_pokemon-steel,596,first,loss,PRIZES,122,6,0
CHAMPION,tb_4b3946f9_plamen06_pokemon-steel,598,first,loss,PRIZES,122,4,0
CHAMPION,tb_4b3946f9_plamen06_pokemon-steel,597,second,loss,PRIZES,130,3,0
CHAMPION,tb_a4c53101_aristophanivan_one-of-snapshot-versions,0,first,loss,NO_BENCH,37,6,4
CHAMPION,tb_a4c53101_aristophanivan_one-of-snapshot-versions,1,second,win,NO_BENCH,70,4,6
CHAMPION,tb_4b3946f9_plamen06_pokemon-steel,599,second,loss,PRIZES,158,1,0
CHAMPION,tb_a4c53101_aristophanivan_one-of-snapshot-versions,2,first,loss,PRIZES,133,2,0
CHAMPION,tb_a4c53101_aristophanivan_one-of-snapshot-versions,3,second,loss,PRIZES,182,1,0
CHAMPION,tb_a4c53101_aristophanivan_one-of-snapshot-versions,4,first,loss,PRIZES,127,3,0
CHAMPION,tb_a4c53101_aristophanivan_one-of-snapshot-versions,5,second,win,PRIZES,107,0,6
CHAMPION,tb_a4c53101_aristophanivan_one-of-snapshot-versions,6,first,loss,PRIZES,127,3,0
CHAMPION,tb_a4c53101_aristophanivan_one-of-snapshot-versions,7,second,loss,PRIZES,163,3,0
CHAMPION,tb_a4c53101_aristophanivan_one-of-snapshot-versions,8,first,win,PRIZES,125,0,3
CHAMPION,tb_a4c53101_aristophanivan_one-of-snapshot-versions,9,second,loss,NO_BENCH,66,6,1
CHAMPION,tb_a4c53101_aristophanivan_one-of-snapshot-versions,10,first,loss,PRIZES,108,5,0
CHAMPION,tb_a4c53101_aristophanivan_one-of-snapshot-versions,11,second,win,NO_BENCH,52,5,6
CHAMPION,tb_a4c53101_aristophanivan_one-of-snapshot-versions,12,first,loss,PRIZES,131,4,0
CHAMPION,tb_a4c53101_aristophanivan_one-of-snapshot-versions,13,second,win,PRIZES,123,0,4
CHAMPION,tb_a4c53101_aristophanivan_one-of-snapshot-versions,14,first,win,PRIZES,124,0,5
CHAMPION,tb_a4c53101_aristophanivan_one-of-snapshot-versions,15,second,loss,PRIZES,113,3,0
CHAMPION,tb_a4c53101_aristophanivan_one-of-snapshot-versions,16,first,win,PRIZES,115,0,3
CHAMPION,tb_a4c53101_aristophanivan_one-of-snapshot-versions,17,second,loss,PRIZES,133,3,0
CHAMPION,tb_a4c53101_aristophanivan_one-of-snapshot-versions,18,first,loss,PRIZES,153,5,0
CHAMPION,tb_a4c53101_aristophanivan_one-of-snapshot-versions,19,second,win,NO_BENCH,106,1,6
CHAMPION,tb_a4c53101_aristophanivan_one-of-snapshot-versions,20,first,loss,PRIZES,77,4,0
CHAMPION,tb_a4c53101_aristophanivan_one-of-snapshot-versions,21,second,win,PRIZES,130,0,6
CHAMPION,tb_a4c53101_aristophanivan_one-of-snapshot-versions,22,first,win,PRIZES,140,0,3
CHAMPION,tb_a4c53101_aristophanivan_one-of-snapshot-versions,23,second,loss,PRIZES,157,2,0
CHAMPION,tb_a4c53101_aristophanivan_one-of-snapshot-versions,24,first,loss,PRIZES,123,3,0
CHAMPION,tb_a4c53101_aristophanivan_one-of-snapshot-versions,25,second,loss,PRIZES,95,5,0
CHAMPION,tb_a4c53101_aristophanivan_one-of-snapshot-versions,26,first,loss,PRIZES,144,3,0
CHAMPION,tb_a4c53101_aristophanivan_one-of-snapshot-versions,27,second,loss,PRIZES,124,6,0
CHAMPION,tb_a4c53101_aristophanivan_one-of-snapshot-versions,28,first,loss,PRIZES,122,3,0
CHAMPION,tb_a4c53101_aristophanivan_one-of-snapshot-versions,29,second,loss,PRIZES,140,2,0
CHAMPION,tb_a4c53101_aristophanivan_one-of-snapshot-versions,30,first,loss,PRIZES,130,2,0
CHAMPION,tb_a4c53101_aristophanivan_one-of-snapshot-versions,31,second,loss,PRIZES,133,1,0
CHAMPION,tb_a4c53101_aristophanivan_one-of-snapshot-versions,32,first,win,NO_BENCH,63,3,6
CHAMPION,tb_a4c53101_aristophanivan_one-of-snapshot-versions,33,second,loss,PRIZES,130,1,0
CHAMPION,tb_a4c53101_aristophanivan_one-of-snapshot-versions,34,first,loss,PRIZES,139,2,0
CHAMPION,tb_a4c53101_aristophanivan_one-of-snapshot-versions,36,first,win,NO_BENCH,39,5,6
CHAMPION,tb_a4c53101_aristophanivan_one-of-snapshot-versions,35,second,loss,PRIZES,118,4,0
CHAMPION,tb_a4c53101_aristophanivan_one-of-snapshot-versions,37,second,loss,PRIZES,126,5,0
CHAMPION,tb_a4c53101_aristophanivan_one-of-snapshot-versions,39,second,loss,PRIZES,118,5,0
CHAMPION,tb_a4c53101_aristophanivan_one-of-snapshot-versions,38,first,loss,PRIZES,142,2,0
CHAMPION,tb_a4c53101_aristophanivan_one-of-snapshot-versions,40,first,loss,PRIZES,103,6,0
CHAMPION,tb_a4c53101_aristophanivan_one-of-snapshot-versions,41,second,loss,PRIZES,127,2,0
CHAMPION,tb_a4c53101_aristophanivan_one-of-snapshot-versions,42,first,loss,PRIZES,126,3,0
CHAMPION,tb_a4c53101_aristophanivan_one-of-snapshot-versions,43,second,loss,PRIZES,129,3,0
CHAMPION,tb_a4c53101_aristophanivan_one-of-snapshot-versions,45,second,win,PRIZES,145,0,2
CHAMPION,tb_a4c53101_aristophanivan_one-of-snapshot-versions,44,first,loss,PRIZES,155,2,0
CHAMPION,tb_a4c53101_aristophanivan_one-of-snapshot-versions,46,first,loss,PRIZES,139,1,0
CHAMPION,tb_a4c53101_aristophanivan_one-of-snapshot-versions,47,second,loss,PRIZES,122,2,0
CHAMPION,tb_a4c53101_aristophanivan_one-of-snapshot-versions,48,first,loss,PRIZES,114,3,0
CHAMPION,tb_a4c53101_aristophanivan_one-of-snapshot-versions,49,second,win,PRIZES,132,0,6
CHAMPION,tb_a4c53101_aristophanivan_one-of-snapshot-versions,51,second,win,NO_BENCH,30,5,6
CHAMPION,tb_a4c53101_aristophanivan_one-of-snapshot-versions,50,first,loss,PRIZES,138,4,0
CHAMPION,tb_a4c53101_aristophanivan_one-of-snapshot-versions,52,first,win,NO_BENCH,116,1,3
CHAMPION,tb_a4c53101_aristophanivan_one-of-snapshot-versions,53,second,win,NO_BENCH,105,1,2
CHAMPION,tb_a4c53101_aristophanivan_one-of-snapshot-versions,54,first,win,PRIZES,128,0,3
CHAMPION,tb_a4c53101_aristophanivan_one-of-snapshot-versions,55,second,loss,PRIZES,144,4,0
CHAMPION,tb_a4c53101_aristophanivan_one-of-snapshot-versions,56,first,loss,PRIZES,126,4,0
CHAMPION,tb_a4c53101_aristophanivan_one-of-snapshot-versions,57,second,loss,PRIZES,122,3,0
CHAMPION,tb_a4c53101_aristophanivan_one-of-snapshot-versions,58,first,loss,PRIZES,141,2,0
CHAMPION,tb_a4c53101_aristophanivan_one-of-snapshot-versions,59,second,loss,NO_BENCH,41,6,5
CHAMPION,tb_a4c53101_aristophanivan_one-of-snapshot-versions,60,first,loss,PRIZES,143,1,0
CHAMPION,tb_a4c53101_aristophanivan_one-of-snapshot-versions,61,second,loss,NO_BENCH,56,6,1
CHAMPION,tb_a4c53101_aristophanivan_one-of-snapshot-versions,62,first,loss,PRIZES,133,3,0
CHAMPION,tb_a4c53101_aristophanivan_one-of-snapshot-versions,63,second,loss,PRIZES,163,3,0
CHAMPION,tb_a4c53101_aristophanivan_one-of-snapshot-versions,64,first,loss,PRIZES,146,3,0
CHAMPION,tb_a4c53101_aristophanivan_one-of-snapshot-versions,65,second,win,NO_BENCH,46,5,6
CHAMPION,tb_a4c53101_aristophanivan_one-of-snapshot-versions,66,first,loss,PRIZES,153,1,0
CHAMPION,tb_a4c53101_aristophanivan_one-of-snapshot-versions,67,second,loss,PRIZES,117,3,0
CHAMPION,tb_a4c53101_aristophanivan_one-of-snapshot-versions,68,first,loss,PRIZES,111,6,0
CHAMPION,tb_a4c53101_aristophanivan_one-of-snapshot-versions,69,second,win,NO_BENCH,56,4,6
CHAMPION,tb_a4c53101_aristophanivan_one-of-snapshot-versions,70,first,loss,PRIZES,135,2,0
CHAMPION,tb_a4c53101_aristophanivan_one-of-snapshot-versions,71,second,loss,PRIZES,173,2,0
CHAMPION,tb_a4c53101_aristophanivan_one-of-snapshot-versions,72,first,win,PRIZES,113,0,5
CHAMPION,tb_a4c53101_aristophanivan_one-of-snapshot-versions,73,second,loss,PRIZES,130,3,0
CHAMPION,tb_a4c53101_aristophanivan_one-of-snapshot-versions,74,first,win,NO_BENCH,92,1,6
CHAMPION,tb_a4c53101_aristophanivan_one-of-snapshot-versions,75,second,loss,PRIZES,155,3,0
CHAMPION,tb_a4c53101_aristophanivan_one-of-snapshot-versions,76,first,win,NO_BENCH,15,5,6
CHAMPION,tb_a4c53101_aristophanivan_one-of-snapshot-versions,77,second,loss,PRIZES,107,4,0
CHAMPION,tb_a4c53101_aristophanivan_one-of-snapshot-versions,79,second,loss,PRIZES,78,6,0
CHAMPION,tb_a4c53101_aristophanivan_one-of-snapshot-versions,78,first,loss,PRIZES,154,1,0
CHAMPION,tb_a4c53101_aristophanivan_one-of-snapshot-versions,80,first,loss,PRIZES,153,1,0
CHAMPION,tb_a4c53101_aristophanivan_one-of-snapshot-versions,81,second,loss,PRIZES,119,4,0
CHAMPION,tb_a4c53101_aristophanivan_one-of-snapshot-versions,82,first,loss,PRIZES,144,1,0
CHAMPION,tb_a4c53101_aristophanivan_one-of-snapshot-versions,83,second,win,PRIZES,121,0,6
CHAMPION,tb_a4c53101_aristophanivan_one-of-snapshot-versions,84,first,loss,PRIZES,153,2,0
CHAMPION,tb_a4c53101_aristophanivan_one-of-snapshot-versions,85,second,loss,PRIZES,147,1,0
CHAMPION,tb_a4c53101_aristophanivan_one-of-snapshot-versions,86,first,loss,PRIZES,124,4,0
CHAMPION,tb_a4c53101_aristophanivan_one-of-snapshot-versions,87,second,loss,PRIZES,145,3,0
CHAMPION,tb_a4c53101_aristophanivan_one-of-snapshot-versions,88,first,loss,PRIZES,148,1,0
CHAMPION,tb_a4c53101_aristophanivan_one-of-snapshot-versions,89,second,loss,PRIZES,96,5,0
CHAMPION,tb_a4c53101_aristophanivan_one-of-snapshot-versions,91,second,loss,PRIZES,82,6,0
CHAMPION,tb_a4c53101_aristophanivan_one-of-snapshot-versions,90,first,loss,PRIZES,140,4,0
CHAMPION,tb_a4c53101_aristophanivan_one-of-snapshot-versions,92,first,win,NO_BENCH,86,3,4
CHAMPION,tb_a4c53101_aristophanivan_one-of-snapshot-versions,94,first,win,PRIZES,143,0,2
CHAMPION,tb_a4c53101_aristophanivan_one-of-snapshot-versions,93,second,loss,PRIZES,144,2,0
CHAMPION,tb_a4c53101_aristophanivan_one-of-snapshot-versions,95,second,loss,PRIZES,130,3,0
CHAMPION,tb_a4c53101_aristophanivan_one-of-snapshot-versions,97,second,win,NO_BENCH,38,5,6
CHAMPION,tb_a4c53101_aristophanivan_one-of-snapshot-versions,96,first,loss,PRIZES,132,3,0
CHAMPION,tb_a4c53101_aristophanivan_one-of-snapshot-versions,98,first,win,PRIZES,131,0,2
CHAMPION,tb_a4c53101_aristophanivan_one-of-snapshot-versions,99,second,loss,PRIZES,151,2,0
CHAMPION,tb_a4c53101_aristophanivan_one-of-snapshot-versions,100,first,loss,PRIZES,124,3,0
CHAMPION,tb_a4c53101_aristophanivan_one-of-snapshot-versions,101,second,loss,PRIZES,149,1,0
CHAMPION,tb_a4c53101_aristophanivan_one-of-snapshot-versions,103,second,win,NO_BENCH,89,2,6
CHAMPION,tb_a4c53101_aristophanivan_one-of-snapshot-versions,102,first,win,PRIZES,129,0,3
CHAMPION,tb_a4c53101_aristophanivan_one-of-snapshot-versions,104,first,win,NO_BENCH,85,2,6
CHAMPION,tb_a4c53101_aristophanivan_one-of-snapshot-versions,106,first,win,NO_BENCH,80,3,6
CHAMPION,tb_a4c53101_aristophanivan_one-of-snapshot-versions,105,second,loss,PRIZES,96,5,0
CHAMPION,tb_a4c53101_aristophanivan_one-of-snapshot-versions,107,second,loss,PRIZES,152,1,0
CHAMPION,tb_a4c53101_aristophanivan_one-of-snapshot-versions,109,second,loss,PRIZES,132,2,0
CHAMPION,tb_a4c53101_aristophanivan_one-of-snapshot-versions,108,first,loss,PRIZES,150,3,0
CHAMPION,tb_a4c53101_aristophanivan_one-of-snapshot-versions,110,first,loss,PRIZES,123,3,0
CHAMPION,tb_a4c53101_aristophanivan_one-of-snapshot-versions,111,second,win,PRIZES,104,0,6
CHAMPION,tb_a4c53101_aristophanivan_one-of-snapshot-versions,112,first,loss,PRIZES,147,2,0
CHAMPION,tb_a4c53101_aristophanivan_one-of-snapshot-versions,113,second,win,NO_BENCH,91,1,6
CHAMPION,tb_a4c53101_aristophanivan_one-of-snapshot-versions,114,first,loss,PRIZES,150,1,0
CHAMPION,tb_a4c53101_aristophanivan_one-of-snapshot-versions,115,second,win,NO_BENCH,69,4,6
CHAMPION,tb_a4c53101_aristophanivan_one-of-snapshot-versions,116,first,loss,PRIZES,106,6,0
CHAMPION,tb_a4c53101_aristophanivan_one-of-snapshot-versions,117,second,loss,PRIZES,158,2,0
CHAMPION,tb_a4c53101_aristophanivan_one-of-snapshot-versions,118,first,loss,PRIZES,143,2,0
CHAMPION,tb_a4c53101_aristophanivan_one-of-snapshot-versions,119,second,loss,PRIZES,140,2,0
CHAMPION,tb_a4c53101_aristophanivan_one-of-snapshot-versions,121,second,win,PRIZES,146,0,2
CHAMPION,tb_a4c53101_aristophanivan_one-of-snapshot-versions,120,first,win,PRIZES,153,0,2
CHAMPION,tb_a4c53101_aristophanivan_one-of-snapshot-versions,122,first,loss,PRIZES,101,6,0
CHAMPION,tb_a4c53101_aristophanivan_one-of-snapshot-versions,124,first,loss,PRIZES,131,3,0
CHAMPION,tb_a4c53101_aristophanivan_one-of-snapshot-versions,123,second,loss,PRIZES,154,3,0
CHAMPION,tb_a4c53101_aristophanivan_one-of-snapshot-versions,125,second,loss,PRIZES,99,4,0
CHAMPION,tb_a4c53101_aristophanivan_one-of-snapshot-versions,127,second,win,NO_BENCH,65,4,6
CHAMPION,tb_a4c53101_aristophanivan_one-of-snapshot-versions,126,first,win,PRIZES,132,0,2
CHAMPION,tb_a4c53101_aristophanivan_one-of-snapshot-versions,128,first,win,PRIZES,155,0,1
CHAMPION,tb_a4c53101_aristophanivan_one-of-snapshot-versions,130,first,win,NO_BENCH,100,1,6
CHAMPION,tb_a4c53101_aristophanivan_one-of-snapshot-versions,129,second,win,PRIZES,152,0,5
CHAMPION,tb_a4c53101_aristophanivan_one-of-snapshot-versions,131,second,loss,PRIZES,138,3,0
CHAMPION,tb_a4c53101_aristophanivan_one-of-snapshot-versions,132,first,win,NO_BENCH,79,1,6
CHAMPION,tb_a4c53101_aristophanivan_one-of-snapshot-versions,133,second,loss,PRIZES,130,2,0
CHAMPION,tb_a4c53101_aristophanivan_one-of-snapshot-versions,134,first,loss,PRIZES,142,3,0
CHAMPION,tb_a4c53101_aristophanivan_one-of-snapshot-versions,135,second,loss,PRIZES,116,4,0
CHAMPION,tb_a4c53101_aristophanivan_one-of-snapshot-versions,136,first,loss,PRIZES,116,4,0
CHAMPION,tb_a4c53101_aristophanivan_one-of-snapshot-versions,137,second,loss,PRIZES,111,4,0
CHAMPION,tb_a4c53101_aristophanivan_one-of-snapshot-versions,138,first,loss,PRIZES,144,3,0
CHAMPION,tb_a4c53101_aristophanivan_one-of-snapshot-versions,139,second,loss,PRIZES,89,6,0
CHAMPION,tb_a4c53101_aristophanivan_one-of-snapshot-versions,140,first,loss,PRIZES,101,4,0
CHAMPION,tb_a4c53101_aristophanivan_one-of-snapshot-versions,142,first,loss,PRIZES,105,3,0
CHAMPION,tb_a4c53101_aristophanivan_one-of-snapshot-versions,141,second,loss,PRIZES,122,5,0
CHAMPION,tb_a4c53101_aristophanivan_one-of-snapshot-versions,143,second,loss,PRIZES,146,2,0
CHAMPION,tb_a4c53101_aristophanivan_one-of-snapshot-versions,145,second,loss,PRIZES,125,5,0
CHAMPION,tb_a4c53101_aristophanivan_one-of-snapshot-versions,144,first,loss,PRIZES,157,1,0
CHAMPION,tb_a4c53101_aristophanivan_one-of-snapshot-versions,146,first,win,PRIZES,172,0,4
CHAMPION,tb_a4c53101_aristophanivan_one-of-snapshot-versions,147,second,win,PRIZES,134,0,2
CHAMPION,tb_a4c53101_aristophanivan_one-of-snapshot-versions,148,first,win,PRIZES,132,0,3
CHAMPION,tb_a4c53101_aristophanivan_one-of-snapshot-versions,149,second,loss,PRIZES,114,4,0
CHAMPION,tb_a4c53101_aristophanivan_one-of-snapshot-versions,151,second,loss,PRIZES,112,1,0
CHAMPION,tb_a4c53101_aristophanivan_one-of-snapshot-versions,150,first,loss,PRIZES,108,4,0
CHAMPION,tb_a4c53101_aristophanivan_one-of-snapshot-versions,152,first,loss,PRIZES,154,2,0
CHAMPION,tb_a4c53101_aristophanivan_one-of-snapshot-versions,153,second,win,NO_BENCH,38,5,6
CHAMPION,tb_a4c53101_aristophanivan_one-of-snapshot-versions,154,first,loss,PRIZES,144,4,0
CHAMPION,tb_a4c53101_aristophanivan_one-of-snapshot-versions,155,second,loss,PRIZES,129,2,0
CHAMPION,tb_a4c53101_aristophanivan_one-of-snapshot-versions,156,first,win,PRIZES,117,0,6
CHAMPION,tb_a4c53101_aristophanivan_one-of-snapshot-versions,157,second,loss,PRIZES,128,3,0
CHAMPION,tb_a4c53101_aristophanivan_one-of-snapshot-versions,158,first,win,PRIZES,93,0,6
CHAMPION,tb_a4c53101_aristophanivan_one-of-snapshot-versions,159,second,loss,PRIZES,133,1,0
CHAMPION,tb_a4c53101_aristophanivan_one-of-snapshot-versions,160,first,loss,PRIZES,132,2,0
CHAMPION,tb_a4c53101_aristophanivan_one-of-snapshot-versions,161,second,loss,PRIZES,129,1,0
CHAMPION,tb_a4c53101_aristophanivan_one-of-snapshot-versions,162,first,win,PRIZES,159,0,3
CHAMPION,tb_a4c53101_aristophanivan_one-of-snapshot-versions,163,second,loss,PRIZES,143,4,0
CHAMPION,tb_a4c53101_aristophanivan_one-of-snapshot-versions,164,first,loss,NO_BENCH,86,5,1
CHAMPION,tb_a4c53101_aristophanivan_one-of-snapshot-versions,165,second,win,PRIZES,123,0,2
CHAMPION,tb_a4c53101_aristophanivan_one-of-snapshot-versions,166,first,loss,PRIZES,116,4,0
CHAMPION,tb_a4c53101_aristophanivan_one-of-snapshot-versions,167,second,loss,PRIZES,146,1,0
CHAMPION,tb_a4c53101_aristophanivan_one-of-snapshot-versions,168,first,loss,PRIZES,115,4,0
CHAMPION,tb_a4c53101_aristophanivan_one-of-snapshot-versions,169,second,loss,PRIZES,135,2,0
CHAMPION,tb_a4c53101_aristophanivan_one-of-snapshot-versions,170,first,loss,PRIZES,135,4,0
CHAMPION,tb_a4c53101_aristophanivan_one-of-snapshot-versions,171,second,win,NO_BENCH,61,3,6
CHAMPION,tb_a4c53101_aristophanivan_one-of-snapshot-versions,172,first,win,NO_BENCH,72,3,3
CHAMPION,tb_a4c53101_aristophanivan_one-of-snapshot-versions,173,second,win,PRIZES,160,0,1
CHAMPION,tb_a4c53101_aristophanivan_one-of-snapshot-versions,174,first,win,NO_BENCH,48,4,6
CHAMPION,tb_a4c53101_aristophanivan_one-of-snapshot-versions,175,second,loss,PRIZES,152,2,0
CHAMPION,tb_a4c53101_aristophanivan_one-of-snapshot-versions,176,first,loss,PRIZES,126,1,0
CHAMPION,tb_a4c53101_aristophanivan_one-of-snapshot-versions,177,second,loss,PRIZES,156,2,0
CHAMPION,tb_a4c53101_aristophanivan_one-of-snapshot-versions,178,first,loss,PRIZES,137,3,0
CHAMPION,tb_a4c53101_aristophanivan_one-of-snapshot-versions,179,second,win,NO_BENCH,99,2,6
CHAMPION,tb_a4c53101_aristophanivan_one-of-snapshot-versions,180,first,loss,PRIZES,140,2,0
CHAMPION,tb_a4c53101_aristophanivan_one-of-snapshot-versions,181,second,loss,PRIZES,119,4,0
CHAMPION,tb_a4c53101_aristophanivan_one-of-snapshot-versions,182,first,win,NO_BENCH,73,3,6
CHAMPION,tb_a4c53101_aristophanivan_one-of-snapshot-versions,183,second,win,PRIZES,105,0,3
CHAMPION,tb_a4c53101_aristophanivan_one-of-snapshot-versions,184,first,win,PRIZES,151,0,2
CHAMPION,tb_a4c53101_aristophanivan_one-of-snapshot-versions,185,second,loss,PRIZES,147,2,0
CHAMPION,tb_a4c53101_aristophanivan_one-of-snapshot-versions,186,first,loss,PRIZES,154,2,0
CHAMPION,tb_a4c53101_aristophanivan_one-of-snapshot-versions,187,second,loss,PRIZES,121,4,0
CHAMPION,tb_a4c53101_aristophanivan_one-of-snapshot-versions,188,first,loss,PRIZES,83,6,0
CHAMPION,tb_a4c53101_aristophanivan_one-of-snapshot-versions,189,second,loss,PRIZES,133,3,0
CHAMPION,tb_a4c53101_aristophanivan_one-of-snapshot-versions,190,first,win,NO_BENCH,33,5,6
CHAMPION,tb_a4c53101_aristophanivan_one-of-snapshot-versions,191,second,loss,PRIZES,124,3,0
CHAMPION,tb_a4c53101_aristophanivan_one-of-snapshot-versions,192,first,loss,PRIZES,117,4,0
CHAMPION,tb_a4c53101_aristophanivan_one-of-snapshot-versions,193,second,win,PRIZES,121,0,3
CHAMPION,tb_a4c53101_aristophanivan_one-of-snapshot-versions,194,first,loss,PRIZES,186,1,0
CHAMPION,tb_a4c53101_aristophanivan_one-of-snapshot-versions,195,second,win,PRIZES,131,0,5
CHAMPION,tb_a4c53101_aristophanivan_one-of-snapshot-versions,196,first,loss,PRIZES,145,2,0
CHAMPION,tb_a4c53101_aristophanivan_one-of-snapshot-versions,197,second,win,NO_BENCH,35,5,6
CHAMPION,tb_a4c53101_aristophanivan_one-of-snapshot-versions,198,first,loss,PRIZES,149,2,0
CHAMPION,tb_a4c53101_aristophanivan_one-of-snapshot-versions,199,second,loss,PRIZES,154,2,0
CHAMPION,tb_a4c53101_aristophanivan_one-of-snapshot-versions,200,first,win,NO_BENCH,79,3,3
CHAMPION,tb_a4c53101_aristophanivan_one-of-snapshot-versions,201,second,win,NO_BENCH,50,4,6
CHAMPION,tb_a4c53101_aristophanivan_one-of-snapshot-versions,202,first,loss,PRIZES,68,6,0
CHAMPION,tb_a4c53101_aristophanivan_one-of-snapshot-versions,203,second,loss,PRIZES,92,5,0
CHAMPION,tb_a4c53101_aristophanivan_one-of-snapshot-versions,204,first,win,NO_BENCH,57,3,6
CHAMPION,tb_a4c53101_aristophanivan_one-of-snapshot-versions,205,second,loss,PRIZES,120,4,0
CHAMPION,tb_a4c53101_aristophanivan_one-of-snapshot-versions,206,first,win,PRIZES,143,0,3
CHAMPION,tb_a4c53101_aristophanivan_one-of-snapshot-versions,207,second,loss,PRIZES,92,4,0
CHAMPION,tb_a4c53101_aristophanivan_one-of-snapshot-versions,208,first,win,PRIZES,102,0,6
CHAMPION,tb_a4c53101_aristophanivan_one-of-snapshot-versions,210,first,win,NO_BENCH,51,4,6
CHAMPION,tb_a4c53101_aristophanivan_one-of-snapshot-versions,209,second,loss,PRIZES,115,6,0
CHAMPION,tb_a4c53101_aristophanivan_one-of-snapshot-versions,211,second,win,PRIZES,173,0,2
CHAMPION,tb_a4c53101_aristophanivan_one-of-snapshot-versions,212,first,win,NO_BENCH,89,1,6
CHAMPION,tb_a4c53101_aristophanivan_one-of-snapshot-versions,213,second,loss,PRIZES,131,4,0
CHAMPION,tb_a4c53101_aristophanivan_one-of-snapshot-versions,214,first,loss,PRIZES,134,2,0
CHAMPION,tb_a4c53101_aristophanivan_one-of-snapshot-versions,215,second,win,NO_BENCH,26,5,6
CHAMPION,tb_a4c53101_aristophanivan_one-of-snapshot-versions,216,first,loss,PRIZES,123,5,0
CHAMPION,tb_a4c53101_aristophanivan_one-of-snapshot-versions,217,second,loss,PRIZES,91,5,0
CHAMPION,tb_a4c53101_aristophanivan_one-of-snapshot-versions,218,first,win,NO_BENCH,78,2,6
CHAMPION,tb_a4c53101_aristophanivan_one-of-snapshot-versions,219,second,loss,PRIZES,141,3,0
CHAMPION,tb_a4c53101_aristophanivan_one-of-snapshot-versions,220,first,loss,PRIZES,152,4,0
CHAMPION,tb_a4c53101_aristophanivan_one-of-snapshot-versions,221,second,loss,PRIZES,123,4,0
CHAMPION,tb_a4c53101_aristophanivan_one-of-snapshot-versions,222,first,loss,PRIZES,158,2,0
CHAMPION,tb_a4c53101_aristophanivan_one-of-snapshot-versions,223,second,win,PRIZES,136,0,4
CHAMPION,tb_a4c53101_aristophanivan_one-of-snapshot-versions,224,first,loss,PRIZES,131,4,0
CHAMPION,tb_a4c53101_aristophanivan_one-of-snapshot-versions,225,second,win,PRIZES,128,0,2
CHAMPION,tb_a4c53101_aristophanivan_one-of-snapshot-versions,226,first,loss,PRIZES,125,3,0
CHAMPION,tb_a4c53101_aristophanivan_one-of-snapshot-versions,227,second,loss,PRIZES,152,3,0
CHAMPION,tb_a4c53101_aristophanivan_one-of-snapshot-versions,228,first,loss,PRIZES,158,2,0
CHAMPION,tb_a4c53101_aristophanivan_one-of-snapshot-versions,229,second,loss,PRIZES,168,2,0
CHAMPION,tb_a4c53101_aristophanivan_one-of-snapshot-versions,230,first,loss,PRIZES,134,3,0
CHAMPION,tb_a4c53101_aristophanivan_one-of-snapshot-versions,231,second,loss,PRIZES,113,4,0
CHAMPION,tb_a4c53101_aristophanivan_one-of-snapshot-versions,232,first,win,PRIZES,128,0,6
CHAMPION,tb_a4c53101_aristophanivan_one-of-snapshot-versions,233,second,loss,PRIZES,139,3,0
CHAMPION,tb_a4c53101_aristophanivan_one-of-snapshot-versions,234,first,loss,PRIZES,116,5,0
CHAMPION,tb_a4c53101_aristophanivan_one-of-snapshot-versions,235,second,loss,PRIZES,131,3,0
CHAMPION,tb_a4c53101_aristophanivan_one-of-snapshot-versions,236,first,loss,PRIZES,121,6,0
CHAMPION,tb_a4c53101_aristophanivan_one-of-snapshot-versions,238,first,win,NO_BENCH,58,4,6
CHAMPION,tb_a4c53101_aristophanivan_one-of-snapshot-versions,237,second,win,PRIZES,143,0,2
CHAMPION,tb_a4c53101_aristophanivan_one-of-snapshot-versions,239,second,loss,PRIZES,147,1,0
CHAMPION,tb_a4c53101_aristophanivan_one-of-snapshot-versions,240,first,loss,PRIZES,153,1,0
CHAMPION,tb_a4c53101_aristophanivan_one-of-snapshot-versions,241,second,loss,PRIZES,126,3,0
CHAMPION,tb_a4c53101_aristophanivan_one-of-snapshot-versions,242,first,loss,PRIZES,81,5,0
CHAMPION,tb_a4c53101_aristophanivan_one-of-snapshot-versions,243,second,loss,PRIZES,125,4,0
CHAMPION,tb_a4c53101_aristophanivan_one-of-snapshot-versions,244,first,loss,PRIZES,139,4,0
CHAMPION,tb_a4c53101_aristophanivan_one-of-snapshot-versions,245,second,loss,PRIZES,137,4,0
CHAMPION,tb_a4c53101_aristophanivan_one-of-snapshot-versions,246,first,loss,PRIZES,119,5,0
CHAMPION,tb_a4c53101_aristophanivan_one-of-snapshot-versions,247,second,loss,PRIZES,146,1,0
CHAMPION,tb_a4c53101_aristophanivan_one-of-snapshot-versions,248,first,loss,PRIZES,125,4,0
CHAMPION,tb_a4c53101_aristophanivan_one-of-snapshot-versions,249,second,loss,PRIZES,119,3,0
CHAMPION,tb_a4c53101_aristophanivan_one-of-snapshot-versions,250,first,win,PRIZES,151,0,4
CHAMPION,tb_a4c53101_aristophanivan_one-of-snapshot-versions,251,second,loss,PRIZES,126,4,0
CHAMPION,tb_a4c53101_aristophanivan_one-of-snapshot-versions,252,first,loss,PRIZES,127,3,0
CHAMPION,tb_a4c53101_aristophanivan_one-of-snapshot-versions,253,second,win,PRIZES,125,0,6
CHAMPION,tb_a4c53101_aristophanivan_one-of-snapshot-versions,254,first,loss,PRIZES,149,2,0
CHAMPION,tb_a4c53101_aristophanivan_one-of-snapshot-versions,256,first,loss,PRIZES,93,5,0
CHAMPION,tb_a4c53101_aristophanivan_one-of-snapshot-versions,255,second,loss,PRIZES,127,1,0
CHAMPION,tb_a4c53101_aristophanivan_one-of-snapshot-versions,257,second,loss,PRIZES,102,5,0
CHAMPION,tb_a4c53101_aristophanivan_one-of-snapshot-versions,259,second,loss,PRIZES,128,1,0
CHAMPION,tb_a4c53101_aristophanivan_one-of-snapshot-versions,258,first,loss,PRIZES,144,3,0
CHAMPION,tb_a4c53101_aristophanivan_one-of-snapshot-versions,260,first,win,PRIZES,126,0,6
CHAMPION,tb_a4c53101_aristophanivan_one-of-snapshot-versions,261,second,win,NO_BENCH,28,5,6
CHAMPION,tb_a4c53101_aristophanivan_one-of-snapshot-versions,262,first,loss,PRIZES,128,1,0
CHAMPION,tb_a4c53101_aristophanivan_one-of-snapshot-versions,263,second,loss,PRIZES,160,2,0
CHAMPION,tb_a4c53101_aristophanivan_one-of-snapshot-versions,264,first,loss,PRIZES,129,2,0
CHAMPION,tb_a4c53101_aristophanivan_one-of-snapshot-versions,265,second,win,NO_BENCH,34,5,6
CHAMPION,tb_a4c53101_aristophanivan_one-of-snapshot-versions,266,first,win,PRIZES,134,0,6
CHAMPION,tb_a4c53101_aristophanivan_one-of-snapshot-versions,268,first,loss,PRIZES,128,5,0
CHAMPION,tb_a4c53101_aristophanivan_one-of-snapshot-versions,267,second,win,PRIZES,122,0,3
CHAMPION,tb_a4c53101_aristophanivan_one-of-snapshot-versions,269,second,loss,PRIZES,148,2,0
CHAMPION,tb_a4c53101_aristophanivan_one-of-snapshot-versions,271,second,loss,PRIZES,94,5,0
CHAMPION,tb_a4c53101_aristophanivan_one-of-snapshot-versions,270,first,win,PRIZES,153,0,2
CHAMPION,tb_a4c53101_aristophanivan_one-of-snapshot-versions,272,first,loss,PRIZES,144,2,0
CHAMPION,tb_a4c53101_aristophanivan_one-of-snapshot-versions,273,second,loss,NO_BENCH,50,6,3
CHAMPION,tb_a4c53101_aristophanivan_one-of-snapshot-versions,274,first,loss,PRIZES,77,5,0
CHAMPION,tb_a4c53101_aristophanivan_one-of-snapshot-versions,275,second,loss,PRIZES,121,4,0
CHAMPION,tb_a4c53101_aristophanivan_one-of-snapshot-versions,276,first,loss,PRIZES,132,4,0
CHAMPION,tb_a4c53101_aristophanivan_one-of-snapshot-versions,277,second,win,PRIZES,107,0,6
CHAMPION,tb_a4c53101_aristophanivan_one-of-snapshot-versions,278,first,win,NO_BENCH,95,1,6
CHAMPION,tb_a4c53101_aristophanivan_one-of-snapshot-versions,279,second,loss,PRIZES,118,2,0
CHAMPION,tb_a4c53101_aristophanivan_one-of-snapshot-versions,280,first,win,NO_BENCH,87,3,6
CHAMPION,tb_a4c53101_aristophanivan_one-of-snapshot-versions,281,second,win,NO_BENCH,79,4,5
CHAMPION,tb_a4c53101_aristophanivan_one-of-snapshot-versions,282,first,loss,PRIZES,138,1,0
CHAMPION,tb_a4c53101_aristophanivan_one-of-snapshot-versions,283,second,win,PRIZES,137,0,5
CHAMPION,tb_a4c53101_aristophanivan_one-of-snapshot-versions,284,first,loss,PRIZES,126,3,0
CHAMPION,tb_a4c53101_aristophanivan_one-of-snapshot-versions,285,second,loss,PRIZES,96,5,0
CHAMPION,tb_a4c53101_aristophanivan_one-of-snapshot-versions,286,first,loss,PRIZES,93,4,0
CHAMPION,tb_a4c53101_aristophanivan_one-of-snapshot-versions,287,second,loss,PRIZES,111,5,0
CHAMPION,tb_a4c53101_aristophanivan_one-of-snapshot-versions,289,second,win,NO_BENCH,44,5,6
CHAMPION,tb_a4c53101_aristophanivan_one-of-snapshot-versions,288,first,win,PRIZES,150,0,2
CHAMPION,tb_a4c53101_aristophanivan_one-of-snapshot-versions,290,first,loss,PRIZES,143,3,0
CHAMPION,tb_a4c53101_aristophanivan_one-of-snapshot-versions,292,first,loss,PRIZES,94,6,0
CHAMPION,tb_a4c53101_aristophanivan_one-of-snapshot-versions,291,second,loss,PRIZES,128,4,0
CHAMPION,tb_a4c53101_aristophanivan_one-of-snapshot-versions,293,second,win,PRIZES,125,0,3
CHAMPION,tb_a4c53101_aristophanivan_one-of-snapshot-versions,294,first,win,NO_BENCH,94,2,6
CHAMPION,tb_a4c53101_aristophanivan_one-of-snapshot-versions,295,second,win,PRIZES,136,0,3
CHAMPION,tb_a4c53101_aristophanivan_one-of-snapshot-versions,296,first,loss,PRIZES,100,5,0
CHAMPION,tb_a4c53101_aristophanivan_one-of-snapshot-versions,297,second,loss,PRIZES,135,3,0
CHAMPION,tb_a4c53101_aristophanivan_one-of-snapshot-versions,298,first,loss,PRIZES,83,6,0
CHAMPION,tb_a4c53101_aristophanivan_one-of-snapshot-versions,299,second,loss,PRIZES,103,5,0
CHAMPION,tb_a4c53101_aristophanivan_one-of-snapshot-versions,300,first,loss,PRIZES,106,3,0
CHAMPION,tb_a4c53101_aristophanivan_one-of-snapshot-versions,301,second,loss,PRIZES,145,3,0
CHAMPION,tb_a4c53101_aristophanivan_one-of-snapshot-versions,302,first,win,NO_BENCH,78,3,3
CHAMPION,tb_a4c53101_aristophanivan_one-of-snapshot-versions,303,second,loss,PRIZES,142,1,0
CHAMPION,tb_a4c53101_aristophanivan_one-of-snapshot-versions,304,first,loss,PRIZES,96,6,0
CHAMPION,tb_a4c53101_aristophanivan_one-of-snapshot-versions,305,second,loss,PRIZES,151,1,0
CHAMPION,tb_a4c53101_aristophanivan_one-of-snapshot-versions,306,first,loss,PRIZES,120,3,0
CHAMPION,tb_a4c53101_aristophanivan_one-of-snapshot-versions,307,second,win,PRIZES,121,0,6
CHAMPION,tb_a4c53101_aristophanivan_one-of-snapshot-versions,308,first,loss,PRIZES,144,2,0
CHAMPION,tb_a4c53101_aristophanivan_one-of-snapshot-versions,309,second,loss,PRIZES,125,3,0
CHAMPION,tb_a4c53101_aristophanivan_one-of-snapshot-versions,310,first,loss,PRIZES,121,3,0
CHAMPION,tb_a4c53101_aristophanivan_one-of-snapshot-versions,311,second,loss,PRIZES,103,4,0
CHAMPION,tb_a4c53101_aristophanivan_one-of-snapshot-versions,312,first,loss,PRIZES,137,3,0
CHAMPION,tb_a4c53101_aristophanivan_one-of-snapshot-versions,313,second,loss,PRIZES,134,3,0
CHAMPION,tb_a4c53101_aristophanivan_one-of-snapshot-versions,314,first,loss,PRIZES,156,1,0
CHAMPION,tb_a4c53101_aristophanivan_one-of-snapshot-versions,315,second,win,NO_BENCH,89,1,6
CHAMPION,tb_a4c53101_aristophanivan_one-of-snapshot-versions,316,first,loss,PRIZES,116,1,0
CHAMPION,tb_a4c53101_aristophanivan_one-of-snapshot-versions,317,second,loss,PRIZES,150,3,0
CHAMPION,tb_a4c53101_aristophanivan_one-of-snapshot-versions,318,first,loss,PRIZES,125,3,0
CHAMPION,tb_a4c53101_aristophanivan_one-of-snapshot-versions,319,second,loss,PRIZES,153,1,0
CHAMPION,tb_a4c53101_aristophanivan_one-of-snapshot-versions,320,first,loss,PRIZES,118,6,0
CHAMPION,tb_a4c53101_aristophanivan_one-of-snapshot-versions,321,second,loss,PRIZES,132,2,0
CHAMPION,tb_a4c53101_aristophanivan_one-of-snapshot-versions,322,first,loss,PRIZES,132,3,0
CHAMPION,tb_a4c53101_aristophanivan_one-of-snapshot-versions,323,second,win,PRIZES,124,0,3
CHAMPION,tb_a4c53101_aristophanivan_one-of-snapshot-versions,325,second,loss,PRIZES,108,6,0
CHAMPION,tb_a4c53101_aristophanivan_one-of-snapshot-versions,324,first,loss,PRIZES,135,3,0
CHAMPION,tb_a4c53101_aristophanivan_one-of-snapshot-versions,326,first,win,NO_BENCH,69,3,6
CHAMPION,tb_a4c53101_aristophanivan_one-of-snapshot-versions,327,second,loss,PRIZES,124,2,0
CHAMPION,tb_a4c53101_aristophanivan_one-of-snapshot-versions,328,first,win,PRIZES,151,0,2
CHAMPION,tb_a4c53101_aristophanivan_one-of-snapshot-versions,329,second,win,NO_BENCH,94,1,3
CHAMPION,tb_a4c53101_aristophanivan_one-of-snapshot-versions,332,first,loss,PRIZES,82,5,0
CHAMPION,tb_a4c53101_aristophanivan_one-of-snapshot-versions,331,second,loss,PRIZES,106,3,0
CHAMPION,tb_a4c53101_aristophanivan_one-of-snapshot-versions,330,first,win,PRIZES,133,0,6
CHAMPION,tb_a4c53101_aristophanivan_one-of-snapshot-versions,334,first,win,PRIZES,130,0,3
CHAMPION,tb_a4c53101_aristophanivan_one-of-snapshot-versions,333,second,loss,PRIZES,135,3,0
CHAMPION,tb_a4c53101_aristophanivan_one-of-snapshot-versions,335,second,loss,PRIZES,126,5,0
CHAMPION,tb_a4c53101_aristophanivan_one-of-snapshot-versions,337,second,loss,PRIZES,106,3,0
CHAMPION,tb_a4c53101_aristophanivan_one-of-snapshot-versions,336,first,loss,PRIZES,130,2,0
CHAMPION,tb_a4c53101_aristophanivan_one-of-snapshot-versions,338,first,loss,PRIZES,127,4,0
CHAMPION,tb_a4c53101_aristophanivan_one-of-snapshot-versions,339,second,win,NO_BENCH,30,5,6
CHAMPION,tb_a4c53101_aristophanivan_one-of-snapshot-versions,340,first,win,NO_BENCH,61,4,6
CHAMPION,tb_a4c53101_aristophanivan_one-of-snapshot-versions,341,second,loss,PRIZES,176,4,0
CHAMPION,tb_a4c53101_aristophanivan_one-of-snapshot-versions,343,second,loss,PRIZES,154,3,0
CHAMPION,tb_a4c53101_aristophanivan_one-of-snapshot-versions,342,first,win,PRIZES,169,0,1
CHAMPION,tb_a4c53101_aristophanivan_one-of-snapshot-versions,344,first,loss,PRIZES,146,3,0
CHAMPION,tb_a4c53101_aristophanivan_one-of-snapshot-versions,346,first,win,PRIZES,119,0,6
CHAMPION,tb_a4c53101_aristophanivan_one-of-snapshot-versions,345,second,loss,PRIZES,165,1,0
CHAMPION,tb_a4c53101_aristophanivan_one-of-snapshot-versions,347,second,loss,PRIZES,137,2,0
CHAMPION,tb_a4c53101_aristophanivan_one-of-snapshot-versions,348,first,win,NO_BENCH,65,3,5
CHAMPION,tb_a4c53101_aristophanivan_one-of-snapshot-versions,349,second,loss,NO_BENCH,63,5,2
CHAMPION,tb_a4c53101_aristophanivan_one-of-snapshot-versions,350,first,loss,PRIZES,111,2,0
CHAMPION,tb_a4c53101_aristophanivan_one-of-snapshot-versions,352,first,win,PRIZES,142,0,1
CHAMPION,tb_a4c53101_aristophanivan_one-of-snapshot-versions,351,second,win,PRIZES,117,0,3
CHAMPION,tb_a4c53101_aristophanivan_one-of-snapshot-versions,353,second,loss,PRIZES,133,3,0
CHAMPION,tb_a4c53101_aristophanivan_one-of-snapshot-versions,355,second,loss,PRIZES,138,3,0
CHAMPION,tb_a4c53101_aristophanivan_one-of-snapshot-versions,354,first,loss,PRIZES,155,3,0
CHAMPION,tb_a4c53101_aristophanivan_one-of-snapshot-versions,356,first,win,NO_BENCH,84,2,6
CHAMPION,tb_a4c53101_aristophanivan_one-of-snapshot-versions,358,first,loss,PRIZES,128,2,0
CHAMPION,tb_a4c53101_aristophanivan_one-of-snapshot-versions,357,second,loss,PRIZES,155,2,0
CHAMPION,tb_a4c53101_aristophanivan_one-of-snapshot-versions,359,second,loss,PRIZES,139,4,0
CHAMPION,tb_a4c53101_aristophanivan_one-of-snapshot-versions,361,second,win,PRIZES,134,0,5
CHAMPION,tb_a4c53101_aristophanivan_one-of-snapshot-versions,360,first,win,PRIZES,137,0,3
CHAMPION,tb_a4c53101_aristophanivan_one-of-snapshot-versions,362,first,win,PRIZES,121,0,5
CHAMPION,tb_a4c53101_aristophanivan_one-of-snapshot-versions,364,first,win,NO_BENCH,58,4,6
CHAMPION,tb_a4c53101_aristophanivan_one-of-snapshot-versions,363,second,loss,PRIZES,145,1,0
CHAMPION,tb_a4c53101_aristophanivan_one-of-snapshot-versions,365,second,win,PRIZES,128,0,3
CHAMPION,tb_a4c53101_aristophanivan_one-of-snapshot-versions,366,first,loss,PRIZES,105,6,0
CHAMPION,tb_a4c53101_aristophanivan_one-of-snapshot-versions,367,second,loss,PRIZES,123,2,0
CHAMPION,tb_a4c53101_aristophanivan_one-of-snapshot-versions,368,first,win,PRIZES,99,0,6
CHAMPION,tb_a4c53101_aristophanivan_one-of-snapshot-versions,369,second,loss,PRIZES,148,1,0
CHAMPION,tb_a4c53101_aristophanivan_one-of-snapshot-versions,370,first,win,PRIZES,147,0,2
CHAMPION,tb_a4c53101_aristophanivan_one-of-snapshot-versions,371,second,loss,PRIZES,113,4,0
CHAMPION,tb_a4c53101_aristophanivan_one-of-snapshot-versions,372,first,loss,PRIZES,107,6,0
CHAMPION,tb_a4c53101_aristophanivan_one-of-snapshot-versions,373,second,win,PRIZES,105,0,6
CHAMPION,tb_a4c53101_aristophanivan_one-of-snapshot-versions,374,first,win,NO_BENCH,45,4,6
CHAMPION,tb_a4c53101_aristophanivan_one-of-snapshot-versions,375,second,loss,PRIZES,132,1,0
CHAMPION,tb_a4c53101_aristophanivan_one-of-snapshot-versions,376,first,win,PRIZES,118,0,5
CHAMPION,tb_a4c53101_aristophanivan_one-of-snapshot-versions,377,second,loss,PRIZES,87,5,0
CHAMPION,tb_a4c53101_aristophanivan_one-of-snapshot-versions,378,first,win,NO_BENCH,32,5,6
CHAMPION,tb_a4c53101_aristophanivan_one-of-snapshot-versions,379,second,win,PRIZES,156,0,2
CHAMPION,tb_a4c53101_aristophanivan_one-of-snapshot-versions,380,first,loss,PRIZES,173,1,0
CHAMPION,tb_a4c53101_aristophanivan_one-of-snapshot-versions,381,second,loss,PRIZES,141,2,0
CHAMPION,tb_a4c53101_aristophanivan_one-of-snapshot-versions,383,second,win,NO_BENCH,62,3,6
CHAMPION,tb_a4c53101_aristophanivan_one-of-snapshot-versions,382,first,loss,PRIZES,95,5,0
CHAMPION,tb_a4c53101_aristophanivan_one-of-snapshot-versions,384,first,loss,PRIZES,111,4,0
CHAMPION,tb_a4c53101_aristophanivan_one-of-snapshot-versions,385,second,loss,PRIZES,101,3,0
CHAMPION,tb_a4c53101_aristophanivan_one-of-snapshot-versions,386,first,win,PRIZES,158,0,1
CHAMPION,tb_a4c53101_aristophanivan_one-of-snapshot-versions,387,second,win,PRIZES,125,0,3
CHAMPION,tb_a4c53101_aristophanivan_one-of-snapshot-versions,388,first,win,NO_BENCH,91,3,3
CHAMPION,tb_a4c53101_aristophanivan_one-of-snapshot-versions,389,second,loss,PRIZES,111,3,0
CHAMPION,tb_a4c53101_aristophanivan_one-of-snapshot-versions,390,first,loss,PRIZES,105,3,0
CHAMPION,tb_a4c53101_aristophanivan_one-of-snapshot-versions,392,first,win,NO_BENCH,78,3,6
CHAMPION,tb_a4c53101_aristophanivan_one-of-snapshot-versions,391,second,loss,PRIZES,130,4,0
CHAMPION,tb_a4c53101_aristophanivan_one-of-snapshot-versions,393,second,win,NO_BENCH,49,4,6
CHAMPION,tb_a4c53101_aristophanivan_one-of-snapshot-versions,395,second,loss,PRIZES,139,3,0
CHAMPION,tb_a4c53101_aristophanivan_one-of-snapshot-versions,394,first,loss,PRIZES,142,3,0
CHAMPION,tb_a4c53101_aristophanivan_one-of-snapshot-versions,396,first,loss,PRIZES,144,1,0
CHAMPION,tb_a4c53101_aristophanivan_one-of-snapshot-versions,397,second,loss,PRIZES,94,6,0
CHAMPION,tb_a4c53101_aristophanivan_one-of-snapshot-versions,398,first,loss,PRIZES,123,3,0
CHAMPION,tb_a4c53101_aristophanivan_one-of-snapshot-versions,399,second,win,NO_BENCH,89,2,5
CHAMPION,tb_a4c53101_aristophanivan_one-of-snapshot-versions,400,first,loss,PRIZES,122,3,0
CHAMPION,tb_a4c53101_aristophanivan_one-of-snapshot-versions,401,second,loss,PRIZES,97,6,0
CHAMPION,tb_a4c53101_aristophanivan_one-of-snapshot-versions,402,first,loss,PRIZES,150,2,0
CHAMPION,tb_a4c53101_aristophanivan_one-of-snapshot-versions,403,second,loss,PRIZES,130,3,0
CHAMPION,tb_a4c53101_aristophanivan_one-of-snapshot-versions,404,first,loss,PRIZES,142,2,0
CHAMPION,tb_a4c53101_aristophanivan_one-of-snapshot-versions,405,second,loss,PRIZES,122,4,0
CHAMPION,tb_a4c53101_aristophanivan_one-of-snapshot-versions,406,first,loss,PRIZES,94,5,0
CHAMPION,tb_a4c53101_aristophanivan_one-of-snapshot-versions,407,second,loss,PRIZES,154,4,0
CHAMPION,tb_a4c53101_aristophanivan_one-of-snapshot-versions,408,first,loss,PRIZES,146,1,0
CHAMPION,tb_a4c53101_aristophanivan_one-of-snapshot-versions,409,second,loss,PRIZES,125,4,0
CHAMPION,tb_a4c53101_aristophanivan_one-of-snapshot-versions,410,first,loss,PRIZES,145,2,0
CHAMPION,tb_a4c53101_aristophanivan_one-of-snapshot-versions,411,second,loss,PRIZES,122,4,0
CHAMPION,tb_a4c53101_aristophanivan_one-of-snapshot-versions,412,first,loss,PRIZES,111,4,0
CHAMPION,tb_a4c53101_aristophanivan_one-of-snapshot-versions,413,second,loss,PRIZES,101,5,0
CHAMPION,tb_a4c53101_aristophanivan_one-of-snapshot-versions,414,first,win,NO_BENCH,81,1,6
CHAMPION,tb_a4c53101_aristophanivan_one-of-snapshot-versions,415,second,loss,PRIZES,113,3,0
CHAMPION,tb_a4c53101_aristophanivan_one-of-snapshot-versions,416,first,loss,PRIZES,111,6,0
CHAMPION,tb_a4c53101_aristophanivan_one-of-snapshot-versions,417,second,loss,PRIZES,155,1,0
CHAMPION,tb_a4c53101_aristophanivan_one-of-snapshot-versions,418,first,loss,PRIZES,167,1,0
CHAMPION,tb_a4c53101_aristophanivan_one-of-snapshot-versions,419,second,loss,PRIZES,121,5,0
CHAMPION,tb_a4c53101_aristophanivan_one-of-snapshot-versions,420,first,win,NO_BENCH,92,1,5
CHAMPION,tb_a4c53101_aristophanivan_one-of-snapshot-versions,422,first,win,PRIZES,139,0,3
CHAMPION,tb_a4c53101_aristophanivan_one-of-snapshot-versions,421,second,loss,PRIZES,157,1,0
CHAMPION,tb_a4c53101_aristophanivan_one-of-snapshot-versions,423,second,win,PRIZES,112,0,5
CHAMPION,tb_a4c53101_aristophanivan_one-of-snapshot-versions,424,first,loss,PRIZES,149,2,0
CHAMPION,tb_a4c53101_aristophanivan_one-of-snapshot-versions,425,second,loss,PRIZES,151,4,0
CHAMPION,tb_a4c53101_aristophanivan_one-of-snapshot-versions,426,first,loss,PRIZES,138,3,0
CHAMPION,tb_a4c53101_aristophanivan_one-of-snapshot-versions,427,second,win,NO_BENCH,68,2,6
CHAMPION,tb_a4c53101_aristophanivan_one-of-snapshot-versions,428,first,win,PRIZES,116,0,6
CHAMPION,tb_a4c53101_aristophanivan_one-of-snapshot-versions,429,second,loss,PRIZES,122,3,0
CHAMPION,tb_a4c53101_aristophanivan_one-of-snapshot-versions,430,first,win,PRIZES,145,0,1
CHAMPION,tb_a4c53101_aristophanivan_one-of-snapshot-versions,431,second,loss,PRIZES,129,5,0
CHAMPION,tb_a4c53101_aristophanivan_one-of-snapshot-versions,432,first,loss,PRIZES,150,3,0
CHAMPION,tb_a4c53101_aristophanivan_one-of-snapshot-versions,433,second,loss,PRIZES,97,5,0
CHAMPION,tb_a4c53101_aristophanivan_one-of-snapshot-versions,434,first,loss,PRIZES,119,1,0
CHAMPION,tb_a4c53101_aristophanivan_one-of-snapshot-versions,435,second,loss,PRIZES,125,5,0
CHAMPION,tb_a4c53101_aristophanivan_one-of-snapshot-versions,436,first,loss,PRIZES,141,3,0
CHAMPION,tb_a4c53101_aristophanivan_one-of-snapshot-versions,437,second,loss,PRIZES,159,2,0
CHAMPION,tb_a4c53101_aristophanivan_one-of-snapshot-versions,438,first,loss,PRIZES,136,5,0
CHAMPION,tb_a4c53101_aristophanivan_one-of-snapshot-versions,440,first,win,NO_BENCH,90,3,3
CHAMPION,tb_a4c53101_aristophanivan_one-of-snapshot-versions,439,second,loss,PRIZES,113,6,0
CHAMPION,tb_a4c53101_aristophanivan_one-of-snapshot-versions,441,second,loss,NO_BENCH,52,6,4
CHAMPION,tb_a4c53101_aristophanivan_one-of-snapshot-versions,442,first,loss,PRIZES,111,3,0
CHAMPION,tb_a4c53101_aristophanivan_one-of-snapshot-versions,443,second,loss,PRIZES,136,3,0
CHAMPION,tb_a4c53101_aristophanivan_one-of-snapshot-versions,444,first,loss,PRIZES,130,6,0
CHAMPION,tb_a4c53101_aristophanivan_one-of-snapshot-versions,446,first,win,NO_BENCH,85,2,6
CHAMPION,tb_a4c53101_aristophanivan_one-of-snapshot-versions,445,second,loss,PRIZES,104,5,0
CHAMPION,tb_a4c53101_aristophanivan_one-of-snapshot-versions,447,second,loss,PRIZES,134,2,0
CHAMPION,tb_a4c53101_aristophanivan_one-of-snapshot-versions,448,first,loss,PRIZES,159,2,0
CHAMPION,tb_a4c53101_aristophanivan_one-of-snapshot-versions,449,second,loss,PRIZES,139,3,0
CHAMPION,tb_a4c53101_aristophanivan_one-of-snapshot-versions,450,first,win,PRIZES,144,0,3
CHAMPION,tb_a4c53101_aristophanivan_one-of-snapshot-versions,451,second,loss,PRIZES,135,3,0
CHAMPION,tb_a4c53101_aristophanivan_one-of-snapshot-versions,452,first,win,PRIZES,141,0,3
CHAMPION,tb_a4c53101_aristophanivan_one-of-snapshot-versions,453,second,loss,PRIZES,148,2,0
CHAMPION,tb_a4c53101_aristophanivan_one-of-snapshot-versions,454,first,loss,PRIZES,105,5,0
CHAMPION,tb_a4c53101_aristophanivan_one-of-snapshot-versions,455,second,loss,PRIZES,158,2,0
CHAMPION,tb_a4c53101_aristophanivan_one-of-snapshot-versions,456,first,loss,PRIZES,175,1,0
CHAMPION,tb_a4c53101_aristophanivan_one-of-snapshot-versions,457,second,loss,PRIZES,167,3,0
CHAMPION,tb_a4c53101_aristophanivan_one-of-snapshot-versions,458,first,loss,PRIZES,126,4,0
CHAMPION,tb_a4c53101_aristophanivan_one-of-snapshot-versions,459,second,win,PRIZES,132,0,6
CHAMPION,tb_a4c53101_aristophanivan_one-of-snapshot-versions,460,first,win,NO_BENCH,62,4,6
CHAMPION,tb_a4c53101_aristophanivan_one-of-snapshot-versions,461,second,win,PRIZES,119,0,3
CHAMPION,tb_a4c53101_aristophanivan_one-of-snapshot-versions,462,first,loss,PRIZES,95,4,0
CHAMPION,tb_a4c53101_aristophanivan_one-of-snapshot-versions,464,first,loss,PRIZES,101,4,0
CHAMPION,tb_a4c53101_aristophanivan_one-of-snapshot-versions,463,second,loss,PRIZES,153,1,0
CHAMPION,tb_a4c53101_aristophanivan_one-of-snapshot-versions,465,second,loss,PRIZES,159,1,0
CHAMPION,tb_a4c53101_aristophanivan_one-of-snapshot-versions,466,first,loss,PRIZES,122,3,0
CHAMPION,tb_a4c53101_aristophanivan_one-of-snapshot-versions,467,second,loss,PRIZES,135,5,0
CHAMPION,tb_a4c53101_aristophanivan_one-of-snapshot-versions,468,first,loss,PRIZES,148,4,0
CHAMPION,tb_a4c53101_aristophanivan_one-of-snapshot-versions,469,second,win,PRIZES,104,0,6
CHAMPION,tb_a4c53101_aristophanivan_one-of-snapshot-versions,470,first,win,PRIZES,149,0,1
CHAMPION,tb_a4c53101_aristophanivan_one-of-snapshot-versions,472,first,win,NO_BENCH,34,5,6
CHAMPION,tb_a4c53101_aristophanivan_one-of-snapshot-versions,471,second,loss,PRIZES,119,5,0
CHAMPION,tb_a4c53101_aristophanivan_one-of-snapshot-versions,473,second,loss,PRIZES,113,5,0
CHAMPION,tb_a4c53101_aristophanivan_one-of-snapshot-versions,474,first,loss,PRIZES,139,2,0
CHAMPION,tb_a4c53101_aristophanivan_one-of-snapshot-versions,475,second,loss,PRIZES,125,3,0
CHAMPION,tb_a4c53101_aristophanivan_one-of-snapshot-versions,476,first,loss,PRIZES,131,3,0
CHAMPION,tb_a4c53101_aristophanivan_one-of-snapshot-versions,477,second,win,PRIZES,144,0,2
CHAMPION,tb_a4c53101_aristophanivan_one-of-snapshot-versions,478,first,win,PRIZES,167,0,2
CHAMPION,tb_a4c53101_aristophanivan_one-of-snapshot-versions,479,second,win,PRIZES,117,0,5
CHAMPION,tb_a4c53101_aristophanivan_one-of-snapshot-versions,481,second,loss,NO_BENCH,46,6,4
CHAMPION,tb_a4c53101_aristophanivan_one-of-snapshot-versions,480,first,loss,PRIZES,128,2,0
CHAMPION,tb_a4c53101_aristophanivan_one-of-snapshot-versions,482,first,loss,PRIZES,135,2,0
CHAMPION,tb_a4c53101_aristophanivan_one-of-snapshot-versions,483,second,loss,PRIZES,108,5,0
CHAMPION,tb_a4c53101_aristophanivan_one-of-snapshot-versions,484,first,loss,PRIZES,136,3,0
CHAMPION,tb_a4c53101_aristophanivan_one-of-snapshot-versions,485,second,loss,PRIZES,91,6,0
CHAMPION,tb_a4c53101_aristophanivan_one-of-snapshot-versions,486,first,loss,PRIZES,131,2,0
CHAMPION,tb_a4c53101_aristophanivan_one-of-snapshot-versions,487,second,win,NO_BENCH,126,1,5
CHAMPION,tb_a4c53101_aristophanivan_one-of-snapshot-versions,488,first,loss,PRIZES,164,1,0
CHAMPION,tb_a4c53101_aristophanivan_one-of-snapshot-versions,489,second,win,NO_BENCH,26,5,6
CHAMPION,tb_a4c53101_aristophanivan_one-of-snapshot-versions,490,first,loss,PRIZES,167,1,0
CHAMPION,tb_a4c53101_aristophanivan_one-of-snapshot-versions,491,second,win,PRIZES,180,0,1
CHAMPION,tb_a4c53101_aristophanivan_one-of-snapshot-versions,492,first,loss,PRIZES,153,1,0
CHAMPION,tb_a4c53101_aristophanivan_one-of-snapshot-versions,493,second,loss,PRIZES,81,6,0
CHAMPION,tb_a4c53101_aristophanivan_one-of-snapshot-versions,494,first,loss,PRIZES,145,3,0
CHAMPION,tb_a4c53101_aristophanivan_one-of-snapshot-versions,495,second,loss,NO_BENCH,71,6,2
CHAMPION,tb_a4c53101_aristophanivan_one-of-snapshot-versions,496,first,loss,PRIZES,143,3,0
CHAMPION,tb_a4c53101_aristophanivan_one-of-snapshot-versions,497,second,loss,PRIZES,131,5,0
CHAMPION,tb_a4c53101_aristophanivan_one-of-snapshot-versions,498,first,loss,PRIZES,126,5,0
CHAMPION,tb_a4c53101_aristophanivan_one-of-snapshot-versions,499,second,loss,PRIZES,142,2,0
CHAMPION,tb_a4c53101_aristophanivan_one-of-snapshot-versions,500,first,win,PRIZES,126,0,3
CHAMPION,tb_a4c53101_aristophanivan_one-of-snapshot-versions,501,second,loss,PRIZES,130,3,0
CHAMPION,tb_a4c53101_aristophanivan_one-of-snapshot-versions,502,first,win,NO_BENCH,36,5,6
CHAMPION,tb_a4c53101_aristophanivan_one-of-snapshot-versions,503,second,loss,PRIZES,88,6,0
CHAMPION,tb_a4c53101_aristophanivan_one-of-snapshot-versions,505,second,win,NO_BENCH,35,5,6
CHAMPION,tb_a4c53101_aristophanivan_one-of-snapshot-versions,504,first,win,PRIZES,141,0,2
CHAMPION,tb_a4c53101_aristophanivan_one-of-snapshot-versions,506,first,win,PRIZES,132,0,5
CHAMPION,tb_a4c53101_aristophanivan_one-of-snapshot-versions,507,second,loss,PRIZES,132,5,0
CHAMPION,tb_a4c53101_aristophanivan_one-of-snapshot-versions,508,first,win,PRIZES,142,0,2
CHAMPION,tb_a4c53101_aristophanivan_one-of-snapshot-versions,509,second,loss,PRIZES,105,5,0
CHAMPION,tb_a4c53101_aristophanivan_one-of-snapshot-versions,510,first,loss,PRIZES,120,5,0
CHAMPION,tb_a4c53101_aristophanivan_one-of-snapshot-versions,511,second,loss,PRIZES,127,1,0
CHAMPION,tb_a4c53101_aristophanivan_one-of-snapshot-versions,512,first,win,PRIZES,137,0,5
CHAMPION,tb_a4c53101_aristophanivan_one-of-snapshot-versions,514,first,loss,NO_BENCH,41,6,5
CHAMPION,tb_a4c53101_aristophanivan_one-of-snapshot-versions,513,second,win,PRIZES,96,0,6
CHAMPION,tb_a4c53101_aristophanivan_one-of-snapshot-versions,515,second,loss,PRIZES,136,2,0
CHAMPION,tb_a4c53101_aristophanivan_one-of-snapshot-versions,517,second,loss,PRIZES,116,5,0
CHAMPION,tb_a4c53101_aristophanivan_one-of-snapshot-versions,516,first,loss,PRIZES,150,2,0
CHAMPION,tb_a4c53101_aristophanivan_one-of-snapshot-versions,518,first,loss,PRIZES,158,2,0
CHAMPION,tb_a4c53101_aristophanivan_one-of-snapshot-versions,519,second,loss,NO_BENCH,41,6,4
CHAMPION,tb_a4c53101_aristophanivan_one-of-snapshot-versions,520,first,loss,PRIZES,117,1,0
CHAMPION,tb_a4c53101_aristophanivan_one-of-snapshot-versions,521,second,win,NO_BENCH,26,5,6
CHAMPION,tb_a4c53101_aristophanivan_one-of-snapshot-versions,522,first,loss,PRIZES,86,5,0
CHAMPION,tb_a4c53101_aristophanivan_one-of-snapshot-versions,523,second,win,PRIZES,120,0,5
CHAMPION,tb_a4c53101_aristophanivan_one-of-snapshot-versions,524,first,loss,PRIZES,123,3,0
CHAMPION,tb_a4c53101_aristophanivan_one-of-snapshot-versions,525,second,loss,NO_BENCH,46,6,4
CHAMPION,tb_a4c53101_aristophanivan_one-of-snapshot-versions,526,first,win,NO_BENCH,96,1,6
CHAMPION,tb_a4c53101_aristophanivan_one-of-snapshot-versions,527,second,loss,PRIZES,118,1,0
CHAMPION,tb_a4c53101_aristophanivan_one-of-snapshot-versions,528,first,win,PRIZES,136,0,2
CHAMPION,tb_a4c53101_aristophanivan_one-of-snapshot-versions,529,second,loss,PRIZES,95,5,0
CHAMPION,tb_a4c53101_aristophanivan_one-of-snapshot-versions,530,first,win,PRIZES,133,0,2
CHAMPION,tb_a4c53101_aristophanivan_one-of-snapshot-versions,531,second,loss,PRIZES,129,3,0
CHAMPION,tb_a4c53101_aristophanivan_one-of-snapshot-versions,532,first,win,PRIZES,134,0,2
CHAMPION,tb_a4c53101_aristophanivan_one-of-snapshot-versions,533,second,loss,PRIZES,121,2,0
CHAMPION,tb_a4c53101_aristophanivan_one-of-snapshot-versions,534,first,loss,PRIZES,85,5,0
CHAMPION,tb_a4c53101_aristophanivan_one-of-snapshot-versions,535,second,win,PRIZES,153,0,5
CHAMPION,tb_a4c53101_aristophanivan_one-of-snapshot-versions,536,first,win,PRIZES,107,0,6
CHAMPION,tb_a4c53101_aristophanivan_one-of-snapshot-versions,537,second,loss,PRIZES,139,1,0
CHAMPION,tb_a4c53101_aristophanivan_one-of-snapshot-versions,538,first,win,PRIZES,163,0,1
CHAMPION,tb_a4c53101_aristophanivan_one-of-snapshot-versions,539,second,loss,PRIZES,98,6,0
CHAMPION,tb_a4c53101_aristophanivan_one-of-snapshot-versions,540,first,win,PRIZES,112,0,6
CHAMPION,tb_a4c53101_aristophanivan_one-of-snapshot-versions,541,second,loss,PRIZES,178,1,0
CHAMPION,tb_a4c53101_aristophanivan_one-of-snapshot-versions,542,first,loss,PRIZES,135,3,0
CHAMPION,tb_a4c53101_aristophanivan_one-of-snapshot-versions,543,second,loss,PRIZES,133,3,0
CHAMPION,tb_a4c53101_aristophanivan_one-of-snapshot-versions,544,first,loss,PRIZES,134,1,0
CHAMPION,tb_a4c53101_aristophanivan_one-of-snapshot-versions,545,second,win,PRIZES,137,0,5
CHAMPION,tb_a4c53101_aristophanivan_one-of-snapshot-versions,546,first,loss,NO_BENCH,39,6,5
CHAMPION,tb_a4c53101_aristophanivan_one-of-snapshot-versions,547,second,loss,PRIZES,125,3,0
CHAMPION,tb_a4c53101_aristophanivan_one-of-snapshot-versions,548,first,loss,PRIZES,91,6,0
CHAMPION,tb_a4c53101_aristophanivan_one-of-snapshot-versions,549,second,loss,PRIZES,111,2,0
CHAMPION,tb_a4c53101_aristophanivan_one-of-snapshot-versions,550,first,loss,PRIZES,121,4,0
CHAMPION,tb_a4c53101_aristophanivan_one-of-snapshot-versions,551,second,loss,PRIZES,130,4,0
CHAMPION,tb_a4c53101_aristophanivan_one-of-snapshot-versions,552,first,win,PRIZES,163,0,3
CHAMPION,tb_a4c53101_aristophanivan_one-of-snapshot-versions,554,first,loss,PRIZES,76,5,0
CHAMPION,tb_a4c53101_aristophanivan_one-of-snapshot-versions,553,second,loss,PRIZES,156,2,0
CHAMPION,tb_a4c53101_aristophanivan_one-of-snapshot-versions,555,second,loss,NO_BENCH,49,6,4
CHAMPION,tb_a4c53101_aristophanivan_one-of-snapshot-versions,556,first,loss,NO_BENCH,40,6,5
CHAMPION,tb_a4c53101_aristophanivan_one-of-snapshot-versions,557,second,win,PRIZES,136,0,3
CHAMPION,tb_a4c53101_aristophanivan_one-of-snapshot-versions,558,first,loss,PRIZES,123,4,0
CHAMPION,tb_a4c53101_aristophanivan_one-of-snapshot-versions,559,second,loss,PRIZES,135,2,0
CHAMPION,tb_a4c53101_aristophanivan_one-of-snapshot-versions,560,first,loss,PRIZES,125,4,0
CHAMPION,tb_a4c53101_aristophanivan_one-of-snapshot-versions,561,second,win,PRIZES,123,0,6
CHAMPION,tb_a4c53101_aristophanivan_one-of-snapshot-versions,562,first,win,PRIZES,128,0,5
CHAMPION,tb_a4c53101_aristophanivan_one-of-snapshot-versions,563,second,loss,PRIZES,118,5,0
CHAMPION,tb_a4c53101_aristophanivan_one-of-snapshot-versions,564,first,win,PRIZES,127,0,6
CHAMPION,tb_a4c53101_aristophanivan_one-of-snapshot-versions,565,second,loss,PRIZES,140,3,0
CHAMPION,tb_a4c53101_aristophanivan_one-of-snapshot-versions,566,first,win,PRIZES,148,0,3
CHAMPION,tb_a4c53101_aristophanivan_one-of-snapshot-versions,567,second,loss,PRIZES,134,2,0
CHAMPION,tb_a4c53101_aristophanivan_one-of-snapshot-versions,568,first,loss,PRIZES,126,4,0
CHAMPION,tb_a4c53101_aristophanivan_one-of-snapshot-versions,569,second,loss,PRIZES,104,5,0
CHAMPION,tb_a4c53101_aristophanivan_one-of-snapshot-versions,570,first,loss,PRIZES,145,1,0
CHAMPION,tb_a4c53101_aristophanivan_one-of-snapshot-versions,572,first,loss,PRIZES,111,2,0
CHAMPION,tb_a4c53101_aristophanivan_one-of-snapshot-versions,571,second,loss,PRIZES,123,3,0
CHAMPION,tb_a4c53101_aristophanivan_one-of-snapshot-versions,573,second,loss,PRIZES,144,2,0
CHAMPION,tb_a4c53101_aristophanivan_one-of-snapshot-versions,574,first,win,PRIZES,140,0,3
CHAMPION,tb_a4c53101_aristophanivan_one-of-snapshot-versions,575,second,loss,PRIZES,159,1,0
CHAMPION,tb_a4c53101_aristophanivan_one-of-snapshot-versions,576,first,loss,PRIZES,156,2,0
CHAMPION,tb_a4c53101_aristophanivan_one-of-snapshot-versions,577,second,win,NO_BENCH,52,4,6
CHAMPION,tb_a4c53101_aristophanivan_one-of-snapshot-versions,578,first,loss,PRIZES,117,3,0
CHAMPION,tb_a4c53101_aristophanivan_one-of-snapshot-versions,579,second,win,PRIZES,128,0,5
CHAMPION,tb_a4c53101_aristophanivan_one-of-snapshot-versions,581,second,win,NO_BENCH,69,3,6
CHAMPION,tb_a4c53101_aristophanivan_one-of-snapshot-versions,580,first,loss,PRIZES,148,2,0
CHAMPION,tb_a4c53101_aristophanivan_one-of-snapshot-versions,582,first,loss,PRIZES,117,4,0
CHAMPION,tb_a4c53101_aristophanivan_one-of-snapshot-versions,583,second,loss,PRIZES,122,4,0
CHAMPION,tb_a4c53101_aristophanivan_one-of-snapshot-versions,584,first,loss,PRIZES,154,3,0
CHAMPION,tb_a4c53101_aristophanivan_one-of-snapshot-versions,586,first,loss,PRIZES,114,4,0
CHAMPION,tb_a4c53101_aristophanivan_one-of-snapshot-versions,585,second,loss,PRIZES,150,2,0
CHAMPION,tb_a4c53101_aristophanivan_one-of-snapshot-versions,587,second,loss,PRIZES,99,5,0
CHAMPION,tb_a4c53101_aristophanivan_one-of-snapshot-versions,588,first,win,PRIZES,107,0,3
CHAMPION,tb_a4c53101_aristophanivan_one-of-snapshot-versions,589,second,loss,PRIZES,133,4,0
CHAMPION,tb_a4c53101_aristophanivan_one-of-snapshot-versions,590,first,loss,PRIZES,139,1,0
CHAMPION,tb_a4c53101_aristophanivan_one-of-snapshot-versions,593,second,win,NO_BENCH,92,3,5
CHAMPION,tb_a4c53101_aristophanivan_one-of-snapshot-versions,591,second,loss,PRIZES,148,2,0
CHAMPION,tb_a4c53101_aristophanivan_one-of-snapshot-versions,592,first,loss,PRIZES,171,1,0
CHAMPION,tb_a4c53101_aristophanivan_one-of-snapshot-versions,594,first,win,NO_BENCH,89,3,3
CHAMPION,tb_a4c53101_aristophanivan_one-of-snapshot-versions,596,first,loss,NO_BENCH,49,6,4
CHAMPION,tb_a4c53101_aristophanivan_one-of-snapshot-versions,595,second,loss,PRIZES,122,5,0
CHAMPION,tb_a4c53101_aristophanivan_one-of-snapshot-versions,597,second,win,PRIZES,118,0,6
CHAMPION,tb_a4c53101_aristophanivan_one-of-snapshot-versions,598,first,loss,PRIZES,145,2,0
CHAMPION,tb_a4c53101_aristophanivan_one-of-snapshot-versions,599,second,loss,PRIZES,130,3,0
CHAMPION,tb_ded5c6a6_zoli800_top-dragapult-ex-tempo-control-agent,0,first,win,NO_BENCH,87,2,6
CHAMPION,tb_ded5c6a6_zoli800_top-dragapult-ex-tempo-control-agent,2,first,win,NO_BENCH,70,3,6
CHAMPION,tb_ded5c6a6_zoli800_top-dragapult-ex-tempo-control-agent,1,second,loss,PRIZES,151,2,0
CHAMPION,tb_ded5c6a6_zoli800_top-dragapult-ex-tempo-control-agent,4,first,win,NO_BENCH,98,2,6
CHAMPION,tb_ded5c6a6_zoli800_top-dragapult-ex-tempo-control-agent,3,second,win,PRIZES,185,0,2
CHAMPION,tb_ded5c6a6_zoli800_top-dragapult-ex-tempo-control-agent,5,second,win,PRIZES,149,0,5
CHAMPION,tb_ded5c6a6_zoli800_top-dragapult-ex-tempo-control-agent,8,first,win,NO_BENCH,36,4,6
CHAMPION,tb_ded5c6a6_zoli800_top-dragapult-ex-tempo-control-agent,7,second,win,PRIZES,117,0,6
CHAMPION,tb_ded5c6a6_zoli800_top-dragapult-ex-tempo-control-agent,6,first,win,DECKOUT,190,1,1
CHAMPION,tb_ded5c6a6_zoli800_top-dragapult-ex-tempo-control-agent,10,first,win,PRIZES,118,0,6
CHAMPION,tb_ded5c6a6_zoli800_top-dragapult-ex-tempo-control-agent,9,second,win,PRIZES,150,0,4
CHAMPION,tb_ded5c6a6_zoli800_top-dragapult-ex-tempo-control-agent,11,second,win,PRIZES,157,0,5
CHAMPION,tb_ded5c6a6_zoli800_top-dragapult-ex-tempo-control-agent,12,first,win,NO_BENCH,38,5,6
CHAMPION,tb_ded5c6a6_zoli800_top-dragapult-ex-tempo-control-agent,14,first,win,PRIZES,110,0,6
CHAMPION,tb_ded5c6a6_zoli800_top-dragapult-ex-tempo-control-agent,13,second,win,PRIZES,171,0,3
CHAMPION,tb_ded5c6a6_zoli800_top-dragapult-ex-tempo-control-agent,15,second,win,NO_BENCH,75,3,6
CHAMPION,tb_ded5c6a6_zoli800_top-dragapult-ex-tempo-control-agent,16,first,win,PRIZES,166,0,5
CHAMPION,tb_ded5c6a6_zoli800_top-dragapult-ex-tempo-control-agent,17,second,win,PRIZES,180,0,2
CHAMPION,tb_ded5c6a6_zoli800_top-dragapult-ex-tempo-control-agent,18,first,win,PRIZES,163,0,1
CHAMPION,tb_ded5c6a6_zoli800_top-dragapult-ex-tempo-control-agent,20,first,win,NO_BENCH,11,5,6
CHAMPION,tb_ded5c6a6_zoli800_top-dragapult-ex-tempo-control-agent,19,second,win,PRIZES,141,0,4
CHAMPION,tb_ded5c6a6_zoli800_top-dragapult-ex-tempo-control-agent,21,second,loss,PRIZES,170,1,0
CHAMPION,tb_ded5c6a6_zoli800_top-dragapult-ex-tempo-control-agent,23,second,win,PRIZES,177,0,2
CHAMPION,tb_ded5c6a6_zoli800_top-dragapult-ex-tempo-control-agent,22,first,loss,PRIZES,176,2,0
CHAMPION,tb_ded5c6a6_zoli800_top-dragapult-ex-tempo-control-agent,24,first,win,NO_BENCH,78,2,6
CHAMPION,tb_ded5c6a6_zoli800_top-dragapult-ex-tempo-control-agent,25,second,win,PRIZES,123,0,5
CHAMPION,tb_ded5c6a6_zoli800_top-dragapult-ex-tempo-control-agent,26,first,win,PRIZES,113,0,6
CHAMPION,tb_ded5c6a6_zoli800_top-dragapult-ex-tempo-control-agent,27,second,win,PRIZES,159,0,1
CHAMPION,tb_ded5c6a6_zoli800_top-dragapult-ex-tempo-control-agent,28,first,win,PRIZES,109,0,6
CHAMPION,tb_ded5c6a6_zoli800_top-dragapult-ex-tempo-control-agent,29,second,win,PRIZES,140,0,6
CHAMPION,tb_ded5c6a6_zoli800_top-dragapult-ex-tempo-control-agent,30,first,win,PRIZES,93,0,6
CHAMPION,tb_ded5c6a6_zoli800_top-dragapult-ex-tempo-control-agent,31,second,win,PRIZES,145,0,1
CHAMPION,tb_ded5c6a6_zoli800_top-dragapult-ex-tempo-control-agent,32,first,win,PRIZES,163,0,4
CHAMPION,tb_ded5c6a6_zoli800_top-dragapult-ex-tempo-control-agent,34,first,win,NO_BENCH,102,2,5
CHAMPION,tb_ded5c6a6_zoli800_top-dragapult-ex-tempo-control-agent,33,second,win,PRIZES,180,0,5
CHAMPION,tb_ded5c6a6_zoli800_top-dragapult-ex-tempo-control-agent,35,second,loss,PRIZES,159,4,0
CHAMPION,tb_ded5c6a6_zoli800_top-dragapult-ex-tempo-control-agent,36,first,win,PRIZES,162,0,1
CHAMPION,tb_ded5c6a6_zoli800_top-dragapult-ex-tempo-control-agent,37,second,win,PRIZES,110,0,6
CHAMPION,tb_ded5c6a6_zoli800_top-dragapult-ex-tempo-control-agent,38,first,win,PRIZES,135,0,6
CHAMPION,tb_ded5c6a6_zoli800_top-dragapult-ex-tempo-control-agent,40,first,win,PRIZES,163,0,5
CHAMPION,tb_ded5c6a6_zoli800_top-dragapult-ex-tempo-control-agent,39,second,win,PRIZES,184,0,3
CHAMPION,tb_ded5c6a6_zoli800_top-dragapult-ex-tempo-control-agent,41,second,win,PRIZES,148,0,6
CHAMPION,tb_ded5c6a6_zoli800_top-dragapult-ex-tempo-control-agent,43,second,win,NO_BENCH,66,2,6
CHAMPION,tb_ded5c6a6_zoli800_top-dragapult-ex-tempo-control-agent,42,first,win,PRIZES,137,0,4
CHAMPION,tb_ded5c6a6_zoli800_top-dragapult-ex-tempo-control-agent,44,first,win,PRIZES,125,0,6
CHAMPION,tb_ded5c6a6_zoli800_top-dragapult-ex-tempo-control-agent,45,second,win,NO_BENCH,36,5,6
CHAMPION,tb_ded5c6a6_zoli800_top-dragapult-ex-tempo-control-agent,46,first,win,NO_BENCH,83,1,6
CHAMPION,tb_ded5c6a6_zoli800_top-dragapult-ex-tempo-control-agent,47,second,loss,PRIZES,106,4,0
CHAMPION,tb_ded5c6a6_zoli800_top-dragapult-ex-tempo-control-agent,48,first,win,PRIZES,162,0,4
CHAMPION,tb_ded5c6a6_zoli800_top-dragapult-ex-tempo-control-agent,49,second,win,NO_BENCH,72,2,6
CHAMPION,tb_ded5c6a6_zoli800_top-dragapult-ex-tempo-control-agent,50,first,win,PRIZES,98,0,6
CHAMPION,tb_ded5c6a6_zoli800_top-dragapult-ex-tempo-control-agent,51,second,win,PRIZES,129,0,5
CHAMPION,tb_ded5c6a6_zoli800_top-dragapult-ex-tempo-control-agent,52,first,win,PRIZES,143,0,5
CHAMPION,tb_ded5c6a6_zoli800_top-dragapult-ex-tempo-control-agent,53,second,win,PRIZES,130,0,6
CHAMPION,tb_ded5c6a6_zoli800_top-dragapult-ex-tempo-control-agent,54,first,win,NO_BENCH,120,1,5
CHAMPION,tb_ded5c6a6_zoli800_top-dragapult-ex-tempo-control-agent,55,second,win,PRIZES,189,0,2
CHAMPION,tb_ded5c6a6_zoli800_top-dragapult-ex-tempo-control-agent,56,first,win,NO_BENCH,62,4,6
CHAMPION,tb_ded5c6a6_zoli800_top-dragapult-ex-tempo-control-agent,57,second,win,NO_BENCH,66,4,6
CHAMPION,tb_ded5c6a6_zoli800_top-dragapult-ex-tempo-control-agent,58,first,win,NO_BENCH,72,3,6
CHAMPION,tb_ded5c6a6_zoli800_top-dragapult-ex-tempo-control-agent,59,second,loss,PRIZES,162,3,0
CHAMPION,tb_ded5c6a6_zoli800_top-dragapult-ex-tempo-control-agent,60,first,win,PRIZES,181,0,1
CHAMPION,tb_ded5c6a6_zoli800_top-dragapult-ex-tempo-control-agent,61,second,win,NO_BENCH,94,1,6
CHAMPION,tb_ded5c6a6_zoli800_top-dragapult-ex-tempo-control-agent,62,first,loss,PRIZES,171,1,0
CHAMPION,tb_ded5c6a6_zoli800_top-dragapult-ex-tempo-control-agent,63,second,win,PRIZES,189,0,2
CHAMPION,tb_ded5c6a6_zoli800_top-dragapult-ex-tempo-control-agent,64,first,win,NO_BENCH,145,1,5
CHAMPION,tb_ded5c6a6_zoli800_top-dragapult-ex-tempo-control-agent,65,second,win,NO_BENCH,102,1,6
CHAMPION,tb_ded5c6a6_zoli800_top-dragapult-ex-tempo-control-agent,66,first,win,PRIZES,101,0,4
CHAMPION,tb_ded5c6a6_zoli800_top-dragapult-ex-tempo-control-agent,67,second,win,PRIZES,135,0,6
CHAMPION,tb_ded5c6a6_zoli800_top-dragapult-ex-tempo-control-agent,68,first,win,NO_BENCH,41,5,6
CHAMPION,tb_ded5c6a6_zoli800_top-dragapult-ex-tempo-control-agent,69,second,win,PRIZES,137,0,2
CHAMPION,tb_ded5c6a6_zoli800_top-dragapult-ex-tempo-control-agent,70,first,win,PRIZES,126,0,6
CHAMPION,tb_ded5c6a6_zoli800_top-dragapult-ex-tempo-control-agent,71,second,win,NO_BENCH,68,3,6
CHAMPION,tb_ded5c6a6_zoli800_top-dragapult-ex-tempo-control-agent,72,first,win,NO_BENCH,86,1,5
CHAMPION,tb_ded5c6a6_zoli800_top-dragapult-ex-tempo-control-agent,73,second,win,PRIZES,137,0,6
CHAMPION,tb_ded5c6a6_zoli800_top-dragapult-ex-tempo-control-agent,74,first,win,NO_BENCH,41,5,6
CHAMPION,tb_ded5c6a6_zoli800_top-dragapult-ex-tempo-control-agent,76,first,win,NO_BENCH,95,3,6
CHAMPION,tb_ded5c6a6_zoli800_top-dragapult-ex-tempo-control-agent,75,second,win,PRIZES,156,0,3
CHAMPION,tb_ded5c6a6_zoli800_top-dragapult-ex-tempo-control-agent,77,second,win,PRIZES,191,0,3
CHAMPION,tb_ded5c6a6_zoli800_top-dragapult-ex-tempo-control-agent,79,second,win,NO_BENCH,49,5,6
CHAMPION,tb_ded5c6a6_zoli800_top-dragapult-ex-tempo-control-agent,78,first,win,PRIZES,166,0,1
CHAMPION,tb_ded5c6a6_zoli800_top-dragapult-ex-tempo-control-agent,80,first,win,NO_BENCH,34,5,6
CHAMPION,tb_ded5c6a6_zoli800_top-dragapult-ex-tempo-control-agent,81,second,loss,NO_BENCH,121,6,2
CHAMPION,tb_ded5c6a6_zoli800_top-dragapult-ex-tempo-control-agent,83,second,win,NO_BENCH,37,4,6
CHAMPION,tb_ded5c6a6_zoli800_top-dragapult-ex-tempo-control-agent,82,first,win,NO_BENCH,107,1,6
CHAMPION,tb_ded5c6a6_zoli800_top-dragapult-ex-tempo-control-agent,84,first,win,PRIZES,140,0,5
CHAMPION,tb_ded5c6a6_zoli800_top-dragapult-ex-tempo-control-agent,86,first,win,PRIZES,95,0,6
CHAMPION,tb_ded5c6a6_zoli800_top-dragapult-ex-tempo-control-agent,85,second,loss,PRIZES,189,2,0
CHAMPION,tb_ded5c6a6_zoli800_top-dragapult-ex-tempo-control-agent,88,first,win,NO_BENCH,37,4,6
CHAMPION,tb_ded5c6a6_zoli800_top-dragapult-ex-tempo-control-agent,87,second,win,PRIZES,118,0,6
CHAMPION,tb_ded5c6a6_zoli800_top-dragapult-ex-tempo-control-agent,89,second,win,PRIZES,103,0,6
CHAMPION,tb_ded5c6a6_zoli800_top-dragapult-ex-tempo-control-agent,91,second,win,NO_BENCH,32,6,6
CHAMPION,tb_ded5c6a6_zoli800_top-dragapult-ex-tempo-control-agent,90,first,loss,PRIZES,163,2,0
CHAMPION,tb_ded5c6a6_zoli800_top-dragapult-ex-tempo-control-agent,92,first,win,PRIZES,135,0,6
CHAMPION,tb_ded5c6a6_zoli800_top-dragapult-ex-tempo-control-agent,93,second,win,PRIZES,102,0,6
CHAMPION,tb_ded5c6a6_zoli800_top-dragapult-ex-tempo-control-agent,94,first,loss,PRIZES,171,5,0
CHAMPION,tb_ded5c6a6_zoli800_top-dragapult-ex-tempo-control-agent,95,second,win,PRIZES,115,0,6
CHAMPION,tb_ded5c6a6_zoli800_top-dragapult-ex-tempo-control-agent,96,first,win,NO_BENCH,86,3,6
CHAMPION,tb_ded5c6a6_zoli800_top-dragapult-ex-tempo-control-agent,97,second,win,NO_BENCH,90,1,6
CHAMPION,tb_ded5c6a6_zoli800_top-dragapult-ex-tempo-control-agent,98,first,win,PRIZES,160,0,1
CHAMPION,tb_ded5c6a6_zoli800_top-dragapult-ex-tempo-control-agent,99,second,win,PRIZES,151,0,5
CHAMPION,tb_ded5c6a6_zoli800_top-dragapult-ex-tempo-control-agent,100,first,win,PRIZES,158,0,4
CHAMPION,tb_ded5c6a6_zoli800_top-dragapult-ex-tempo-control-agent,101,second,win,PRIZES,167,0,2
CHAMPION,tb_ded5c6a6_zoli800_top-dragapult-ex-tempo-control-agent,102,first,win,PRIZES,158,0,3
CHAMPION,tb_ded5c6a6_zoli800_top-dragapult-ex-tempo-control-agent,103,second,win,PRIZES,196,0,1
CHAMPION,tb_ded5c6a6_zoli800_top-dragapult-ex-tempo-control-agent,104,first,loss,PRIZES,180,2,0
CHAMPION,tb_ded5c6a6_zoli800_top-dragapult-ex-tempo-control-agent,105,second,win,PRIZES,143,0,5
CHAMPION,tb_ded5c6a6_zoli800_top-dragapult-ex-tempo-control-agent,106,first,win,PRIZES,140,0,6
CHAMPION,tb_ded5c6a6_zoli800_top-dragapult-ex-tempo-control-agent,107,second,win,PRIZES,155,0,4
CHAMPION,tb_ded5c6a6_zoli800_top-dragapult-ex-tempo-control-agent,108,first,win,PRIZES,165,0,1
CHAMPION,tb_ded5c6a6_zoli800_top-dragapult-ex-tempo-control-agent,109,second,win,PRIZES,193,0,2
CHAMPION,tb_ded5c6a6_zoli800_top-dragapult-ex-tempo-control-agent,110,first,win,PRIZES,156,0,2
CHAMPION,tb_ded5c6a6_zoli800_top-dragapult-ex-tempo-control-agent,111,second,win,PRIZES,97,0,6
CHAMPION,tb_ded5c6a6_zoli800_top-dragapult-ex-tempo-control-agent,112,first,win,PRIZES,134,0,6
CHAMPION,tb_ded5c6a6_zoli800_top-dragapult-ex-tempo-control-agent,113,second,win,PRIZES,115,0,6
CHAMPION,tb_ded5c6a6_zoli800_top-dragapult-ex-tempo-control-agent,114,first,win,PRIZES,130,0,5
CHAMPION,tb_ded5c6a6_zoli800_top-dragapult-ex-tempo-control-agent,115,second,win,PRIZES,152,0,4
CHAMPION,tb_ded5c6a6_zoli800_top-dragapult-ex-tempo-control-agent,116,first,win,PRIZES,130,0,5
CHAMPION,tb_ded5c6a6_zoli800_top-dragapult-ex-tempo-control-agent,117,second,win,NO_BENCH,49,4,6
CHAMPION,tb_ded5c6a6_zoli800_top-dragapult-ex-tempo-control-agent,118,first,win,DECKOUT,170,1,5
CHAMPION,tb_ded5c6a6_zoli800_top-dragapult-ex-tempo-control-agent,119,second,win,PRIZES,150,0,6
CHAMPION,tb_ded5c6a6_zoli800_top-dragapult-ex-tempo-control-agent,120,first,loss,PRIZES,168,2,0
CHAMPION,tb_ded5c6a6_zoli800_top-dragapult-ex-tempo-control-agent,122,first,win,PRIZES,122,0,6
CHAMPION,tb_ded5c6a6_zoli800_top-dragapult-ex-tempo-control-agent,121,second,win,PRIZES,145,0,6
CHAMPION,tb_ded5c6a6_zoli800_top-dragapult-ex-tempo-control-agent,123,second,loss,PRIZES,153,4,0
CHAMPION,tb_ded5c6a6_zoli800_top-dragapult-ex-tempo-control-agent,124,first,win,NO_BENCH,68,4,6
CHAMPION,tb_ded5c6a6_zoli800_top-dragapult-ex-tempo-control-agent,125,second,win,PRIZES,160,0,2
CHAMPION,tb_ded5c6a6_zoli800_top-dragapult-ex-tempo-control-agent,126,first,win,PRIZES,140,0,6
CHAMPION,tb_ded5c6a6_zoli800_top-dragapult-ex-tempo-control-agent,127,second,win,PRIZES,148,0,1
CHAMPION,tb_ded5c6a6_zoli800_top-dragapult-ex-tempo-control-agent,128,first,win,NO_BENCH,104,1,6
CHAMPION,tb_ded5c6a6_zoli800_top-dragapult-ex-tempo-control-agent,129,second,loss,PRIZES,180,2,0
CHAMPION,tb_ded5c6a6_zoli800_top-dragapult-ex-tempo-control-agent,130,first,win,PRIZES,98,0,6
CHAMPION,tb_ded5c6a6_zoli800_top-dragapult-ex-tempo-control-agent,131,second,win,PRIZES,128,0,6
CHAMPION,tb_ded5c6a6_zoli800_top-dragapult-ex-tempo-control-agent,133,second,win,PRIZES,131,0,4
CHAMPION,tb_ded5c6a6_zoli800_top-dragapult-ex-tempo-control-agent,134,first,win,PRIZES,108,0,4
CHAMPION,tb_ded5c6a6_zoli800_top-dragapult-ex-tempo-control-agent,132,first,win,PRIZES,180,0,2
CHAMPION,tb_ded5c6a6_zoli800_top-dragapult-ex-tempo-control-agent,137,second,win,PRIZES,104,0,6
CHAMPION,tb_ded5c6a6_zoli800_top-dragapult-ex-tempo-control-agent,136,first,loss,PRIZES,160,3,0
CHAMPION,tb_ded5c6a6_zoli800_top-dragapult-ex-tempo-control-agent,135,second,loss,PRIZES,194,1,0
CHAMPION,tb_ded5c6a6_zoli800_top-dragapult-ex-tempo-control-agent,138,first,win,PRIZES,156,0,1
CHAMPION,tb_ded5c6a6_zoli800_top-dragapult-ex-tempo-control-agent,139,second,win,PRIZES,130,0,6
CHAMPION,tb_ded5c6a6_zoli800_top-dragapult-ex-tempo-control-agent,140,first,loss,PRIZES,139,4,0
CHAMPION,tb_ded5c6a6_zoli800_top-dragapult-ex-tempo-control-agent,141,second,win,NO_BENCH,34,5,6
CHAMPION,tb_ded5c6a6_zoli800_top-dragapult-ex-tempo-control-agent,142,first,win,NO_BENCH,99,1,6
CHAMPION,tb_ded5c6a6_zoli800_top-dragapult-ex-tempo-control-agent,143,second,win,PRIZES,145,0,3
CHAMPION,tb_ded5c6a6_zoli800_top-dragapult-ex-tempo-control-agent,145,second,win,NO_BENCH,47,4,6
CHAMPION,tb_ded5c6a6_zoli800_top-dragapult-ex-tempo-control-agent,144,first,win,PRIZES,150,0,2
CHAMPION,tb_ded5c6a6_zoli800_top-dragapult-ex-tempo-control-agent,146,first,loss,PRIZES,178,1,0
CHAMPION,tb_ded5c6a6_zoli800_top-dragapult-ex-tempo-control-agent,147,second,loss,PRIZES,138,2,0
CHAMPION,tb_ded5c6a6_zoli800_top-dragapult-ex-tempo-control-agent,148,first,win,PRIZES,119,0,6
CHAMPION,tb_ded5c6a6_zoli800_top-dragapult-ex-tempo-control-agent,149,second,win,PRIZES,164,0,5
CHAMPION,tb_ded5c6a6_zoli800_top-dragapult-ex-tempo-control-agent,151,second,win,NO_BENCH,96,2,6
CHAMPION,tb_ded5c6a6_zoli800_top-dragapult-ex-tempo-control-agent,150,first,win,PRIZES,124,0,6
CHAMPION,tb_ded5c6a6_zoli800_top-dragapult-ex-tempo-control-agent,152,first,win,PRIZES,110,0,5
CHAMPION,tb_ded5c6a6_zoli800_top-dragapult-ex-tempo-control-agent,154,first,win,PRIZES,121,0,6
CHAMPION,tb_ded5c6a6_zoli800_top-dragapult-ex-tempo-control-agent,153,second,win,PRIZES,140,0,6
CHAMPION,tb_ded5c6a6_zoli800_top-dragapult-ex-tempo-control-agent,155,second,win,PRIZES,138,0,5
CHAMPION,tb_ded5c6a6_zoli800_top-dragapult-ex-tempo-control-agent,156,first,win,PRIZES,125,0,6
CHAMPION,tb_ded5c6a6_zoli800_top-dragapult-ex-tempo-control-agent,157,second,win,PRIZES,153,0,4
CHAMPION,tb_ded5c6a6_zoli800_top-dragapult-ex-tempo-control-agent,158,first,win,PRIZES,106,0,6
CHAMPION,tb_ded5c6a6_zoli800_top-dragapult-ex-tempo-control-agent,159,second,win,PRIZES,149,0,5
CHAMPION,tb_ded5c6a6_zoli800_top-dragapult-ex-tempo-control-agent,160,first,win,NO_BENCH,90,2,5
CHAMPION,tb_ded5c6a6_zoli800_top-dragapult-ex-tempo-control-agent,161,second,win,PRIZES,155,0,4
CHAMPION,tb_ded5c6a6_zoli800_top-dragapult-ex-tempo-control-agent,162,first,win,PRIZES,136,0,2
CHAMPION,tb_ded5c6a6_zoli800_top-dragapult-ex-tempo-control-agent,163,second,loss,PRIZES,150,2,0
CHAMPION,tb_ded5c6a6_zoli800_top-dragapult-ex-tempo-control-agent,164,first,win,PRIZES,125,0,5
CHAMPION,tb_ded5c6a6_zoli800_top-dragapult-ex-tempo-control-agent,165,second,win,PRIZES,117,0,5
CHAMPION,tb_ded5c6a6_zoli800_top-dragapult-ex-tempo-control-agent,166,first,loss,PRIZES,173,1,0
CHAMPION,tb_ded5c6a6_zoli800_top-dragapult-ex-tempo-control-agent,167,second,win,PRIZES,159,0,5
CHAMPION,tb_ded5c6a6_zoli800_top-dragapult-ex-tempo-control-agent,168,first,win,PRIZES,125,0,6
CHAMPION,tb_ded5c6a6_zoli800_top-dragapult-ex-tempo-control-agent,169,second,win,PRIZES,149,0,6
CHAMPION,tb_ded5c6a6_zoli800_top-dragapult-ex-tempo-control-agent,170,first,win,PRIZES,157,0,1
CHAMPION,tb_ded5c6a6_zoli800_top-dragapult-ex-tempo-control-agent,171,second,win,PRIZES,145,0,3
CHAMPION,tb_ded5c6a6_zoli800_top-dragapult-ex-tempo-control-agent,172,first,win,PRIZES,159,0,5
CHAMPION,tb_ded5c6a6_zoli800_top-dragapult-ex-tempo-control-agent,173,second,loss,PRIZES,128,6,0
CHAMPION,tb_ded5c6a6_zoli800_top-dragapult-ex-tempo-control-agent,174,first,win,PRIZES,162,0,4
CHAMPION,tb_ded5c6a6_zoli800_top-dragapult-ex-tempo-control-agent,175,second,win,PRIZES,127,0,6
CHAMPION,tb_ded5c6a6_zoli800_top-dragapult-ex-tempo-control-agent,176,first,win,PRIZES,159,0,6
CHAMPION,tb_ded5c6a6_zoli800_top-dragapult-ex-tempo-control-agent,177,second,win,NO_BENCH,18,5,6
CHAMPION,tb_ded5c6a6_zoli800_top-dragapult-ex-tempo-control-agent,178,first,win,NO_BENCH,89,1,6
CHAMPION,tb_ded5c6a6_zoli800_top-dragapult-ex-tempo-control-agent,179,second,win,PRIZES,154,0,4
CHAMPION,tb_ded5c6a6_zoli800_top-dragapult-ex-tempo-control-agent,180,first,win,NO_BENCH,72,3,6
CHAMPION,tb_ded5c6a6_zoli800_top-dragapult-ex-tempo-control-agent,181,second,win,PRIZES,106,0,6
CHAMPION,tb_ded5c6a6_zoli800_top-dragapult-ex-tempo-control-agent,182,first,win,PRIZES,109,0,6
CHAMPION,tb_ded5c6a6_zoli800_top-dragapult-ex-tempo-control-agent,183,second,loss,PRIZES,180,1,0
CHAMPION,tb_ded5c6a6_zoli800_top-dragapult-ex-tempo-control-agent,184,first,win,PRIZES,135,0,6
CHAMPION,tb_ded5c6a6_zoli800_top-dragapult-ex-tempo-control-agent,185,second,win,PRIZES,133,0,5
CHAMPION,tb_ded5c6a6_zoli800_top-dragapult-ex-tempo-control-agent,186,first,win,NO_BENCH,78,1,6
CHAMPION,tb_ded5c6a6_zoli800_top-dragapult-ex-tempo-control-agent,187,second,win,PRIZES,112,0,6
CHAMPION,tb_ded5c6a6_zoli800_top-dragapult-ex-tempo-control-agent,188,first,win,PRIZES,186,0,2
CHAMPION,tb_ded5c6a6_zoli800_top-dragapult-ex-tempo-control-agent,189,second,win,PRIZES,141,0,5
CHAMPION,tb_ded5c6a6_zoli800_top-dragapult-ex-tempo-control-agent,190,first,win,PRIZES,132,0,6
CHAMPION,tb_ded5c6a6_zoli800_top-dragapult-ex-tempo-control-agent,191,second,win,PRIZES,153,0,6
CHAMPION,tb_ded5c6a6_zoli800_top-dragapult-ex-tempo-control-agent,193,second,win,NO_BENCH,31,4,5
CHAMPION,tb_ded5c6a6_zoli800_top-dragapult-ex-tempo-control-agent,192,first,loss,PRIZES,181,1,0
CHAMPION,tb_ded5c6a6_zoli800_top-dragapult-ex-tempo-control-agent,194,first,win,PRIZES,136,0,6
CHAMPION,tb_ded5c6a6_zoli800_top-dragapult-ex-tempo-control-agent,195,second,loss,PRIZES,130,1,0
CHAMPION,tb_ded5c6a6_zoli800_top-dragapult-ex-tempo-control-agent,196,first,loss,PRIZES,195,2,0
CHAMPION,tb_ded5c6a6_zoli800_top-dragapult-ex-tempo-control-agent,197,second,win,NO_BENCH,21,5,6
CHAMPION,tb_ded5c6a6_zoli800_top-dragapult-ex-tempo-control-agent,198,first,win,NO_BENCH,76,3,5
CHAMPION,tb_ded5c6a6_zoli800_top-dragapult-ex-tempo-control-agent,199,second,win,NO_BENCH,25,5,6
CHAMPION,tb_ded5c6a6_zoli800_top-dragapult-ex-tempo-control-agent,200,first,win,NO_BENCH,113,2,5
CHAMPION,tb_ded5c6a6_zoli800_top-dragapult-ex-tempo-control-agent,201,second,win,NO_BENCH,129,1,6
CHAMPION,tb_ded5c6a6_zoli800_top-dragapult-ex-tempo-control-agent,202,first,loss,PRIZES,145,2,0
CHAMPION,tb_ded5c6a6_zoli800_top-dragapult-ex-tempo-control-agent,203,second,win,NO_BENCH,51,4,6
CHAMPION,tb_ded5c6a6_zoli800_top-dragapult-ex-tempo-control-agent,204,first,win,PRIZES,142,0,5
CHAMPION,tb_ded5c6a6_zoli800_top-dragapult-ex-tempo-control-agent,205,second,win,PRIZES,161,0,1
CHAMPION,tb_ded5c6a6_zoli800_top-dragapult-ex-tempo-control-agent,206,first,win,NO_BENCH,81,3,6
CHAMPION,tb_ded5c6a6_zoli800_top-dragapult-ex-tempo-control-agent,207,second,win,NO_BENCH,20,5,6
CHAMPION,tb_ded5c6a6_zoli800_top-dragapult-ex-tempo-control-agent,208,first,win,NO_BENCH,27,5,6
CHAMPION,tb_ded5c6a6_zoli800_top-dragapult-ex-tempo-control-agent,209,second,win,NO_BENCH,98,1,6
CHAMPION,tb_ded5c6a6_zoli800_top-dragapult-ex-tempo-control-agent,210,first,win,PRIZES,102,0,6
CHAMPION,tb_ded5c6a6_zoli800_top-dragapult-ex-tempo-control-agent,211,second,win,PRIZES,144,0,5
CHAMPION,tb_ded5c6a6_zoli800_top-dragapult-ex-tempo-control-agent,212,first,win,PRIZES,156,0,1
CHAMPION,tb_ded5c6a6_zoli800_top-dragapult-ex-tempo-control-agent,213,second,win,PRIZES,165,0,4
CHAMPION,tb_ded5c6a6_zoli800_top-dragapult-ex-tempo-control-agent,214,first,loss,PRIZES,151,1,0
CHAMPION,tb_ded5c6a6_zoli800_top-dragapult-ex-tempo-control-agent,215,second,win,PRIZES,74,0,6
CHAMPION,tb_ded5c6a6_zoli800_top-dragapult-ex-tempo-control-agent,216,first,win,PRIZES,174,0,4
CHAMPION,tb_ded5c6a6_zoli800_top-dragapult-ex-tempo-control-agent,217,second,win,PRIZES,128,0,1
CHAMPION,tb_ded5c6a6_zoli800_top-dragapult-ex-tempo-control-agent,218,first,win,PRIZES,105,0,6
CHAMPION,tb_ded5c6a6_zoli800_top-dragapult-ex-tempo-control-agent,219,second,win,PRIZES,164,0,2
CHAMPION,tb_ded5c6a6_zoli800_top-dragapult-ex-tempo-control-agent,220,first,win,NO_BENCH,62,4,6
CHAMPION,tb_ded5c6a6_zoli800_top-dragapult-ex-tempo-control-agent,221,second,win,NO_BENCH,70,2,6
CHAMPION,tb_ded5c6a6_zoli800_top-dragapult-ex-tempo-control-agent,223,second,win,PRIZES,136,0,1
CHAMPION,tb_ded5c6a6_zoli800_top-dragapult-ex-tempo-control-agent,222,first,win,PRIZES,165,0,1
CHAMPION,tb_ded5c6a6_zoli800_top-dragapult-ex-tempo-control-agent,224,first,win,PRIZES,108,0,6
CHAMPION,tb_ded5c6a6_zoli800_top-dragapult-ex-tempo-control-agent,226,first,win,NO_BENCH,54,4,6
CHAMPION,tb_ded5c6a6_zoli800_top-dragapult-ex-tempo-control-agent,225,second,win,PRIZES,156,0,6
CHAMPION,tb_ded5c6a6_zoli800_top-dragapult-ex-tempo-control-agent,227,second,win,PRIZES,137,0,4
CHAMPION,tb_ded5c6a6_zoli800_top-dragapult-ex-tempo-control-agent,228,first,win,PRIZES,77,0,6
CHAMPION,tb_ded5c6a6_zoli800_top-dragapult-ex-tempo-control-agent,229,second,win,PRIZES,142,0,5
CHAMPION,tb_ded5c6a6_zoli800_top-dragapult-ex-tempo-control-agent,230,first,win,PRIZES,183,0,1
CHAMPION,tb_ded5c6a6_zoli800_top-dragapult-ex-tempo-control-agent,231,second,win,PRIZES,154,0,6
CHAMPION,tb_ded5c6a6_zoli800_top-dragapult-ex-tempo-control-agent,232,first,loss,PRIZES,158,1,0
CHAMPION,tb_ded5c6a6_zoli800_top-dragapult-ex-tempo-control-agent,233,second,win,PRIZES,135,0,6
CHAMPION,tb_ded5c6a6_zoli800_top-dragapult-ex-tempo-control-agent,234,first,win,PRIZES,165,0,4
CHAMPION,tb_ded5c6a6_zoli800_top-dragapult-ex-tempo-control-agent,235,second,win,PRIZES,122,0,6
CHAMPION,tb_ded5c6a6_zoli800_top-dragapult-ex-tempo-control-agent,236,first,win,NO_BENCH,42,5,6
CHAMPION,tb_ded5c6a6_zoli800_top-dragapult-ex-tempo-control-agent,237,second,win,PRIZES,132,0,2
CHAMPION,tb_ded5c6a6_zoli800_top-dragapult-ex-tempo-control-agent,238,first,win,PRIZES,134,0,6
CHAMPION,tb_ded5c6a6_zoli800_top-dragapult-ex-tempo-control-agent,239,second,win,PRIZES,146,0,5
CHAMPION,tb_ded5c6a6_zoli800_top-dragapult-ex-tempo-control-agent,240,first,win,PRIZES,89,0,6
CHAMPION,tb_ded5c6a6_zoli800_top-dragapult-ex-tempo-control-agent,241,second,win,PRIZES,136,0,4
CHAMPION,tb_ded5c6a6_zoli800_top-dragapult-ex-tempo-control-agent,242,first,win,PRIZES,107,0,6
CHAMPION,tb_ded5c6a6_zoli800_top-dragapult-ex-tempo-control-agent,243,second,win,PRIZES,112,0,6
CHAMPION,tb_ded5c6a6_zoli800_top-dragapult-ex-tempo-control-agent,244,first,win,PRIZES,128,0,6
CHAMPION,tb_ded5c6a6_zoli800_top-dragapult-ex-tempo-control-agent,245,second,win,PRIZES,130,0,6
CHAMPION,tb_ded5c6a6_zoli800_top-dragapult-ex-tempo-control-agent,246,first,win,NO_BENCH,115,2,5
CHAMPION,tb_ded5c6a6_zoli800_top-dragapult-ex-tempo-control-agent,247,second,loss,NO_BENCH,63,6,5
CHAMPION,tb_ded5c6a6_zoli800_top-dragapult-ex-tempo-control-agent,248,first,win,PRIZES,149,0,3
CHAMPION,tb_ded5c6a6_zoli800_top-dragapult-ex-tempo-control-agent,249,second,win,PRIZES,191,0,1
CHAMPION,tb_ded5c6a6_zoli800_top-dragapult-ex-tempo-control-agent,250,first,win,PRIZES,125,0,6
CHAMPION,tb_ded5c6a6_zoli800_top-dragapult-ex-tempo-control-agent,251,second,win,PRIZES,142,0,3
CHAMPION,tb_ded5c6a6_zoli800_top-dragapult-ex-tempo-control-agent,252,first,loss,PRIZES,140,4,0
CHAMPION,tb_ded5c6a6_zoli800_top-dragapult-ex-tempo-control-agent,253,second,win,PRIZES,137,0,3
CHAMPION,tb_ded5c6a6_zoli800_top-dragapult-ex-tempo-control-agent,254,first,win,PRIZES,153,0,4
CHAMPION,tb_ded5c6a6_zoli800_top-dragapult-ex-tempo-control-agent,255,second,loss,PRIZES,155,1,0
CHAMPION,tb_ded5c6a6_zoli800_top-dragapult-ex-tempo-control-agent,256,first,win,NO_BENCH,62,4,6
CHAMPION,tb_ded5c6a6_zoli800_top-dragapult-ex-tempo-control-agent,257,second,win,PRIZES,144,0,4
CHAMPION,tb_ded5c6a6_zoli800_top-dragapult-ex-tempo-control-agent,258,first,win,PRIZES,121,0,3
CHAMPION,tb_ded5c6a6_zoli800_top-dragapult-ex-tempo-control-agent,259,second,win,PRIZES,173,0,2
CHAMPION,tb_ded5c6a6_zoli800_top-dragapult-ex-tempo-control-agent,260,first,win,NO_BENCH,36,5,6
CHAMPION,tb_ded5c6a6_zoli800_top-dragapult-ex-tempo-control-agent,261,second,win,NO_BENCH,74,2,6
CHAMPION,tb_ded5c6a6_zoli800_top-dragapult-ex-tempo-control-agent,262,first,loss,PRIZES,147,4,0
CHAMPION,tb_ded5c6a6_zoli800_top-dragapult-ex-tempo-control-agent,263,second,win,PRIZES,103,0,6
CHAMPION,tb_ded5c6a6_zoli800_top-dragapult-ex-tempo-control-agent,264,first,loss,PRIZES,103,4,0
CHAMPION,tb_ded5c6a6_zoli800_top-dragapult-ex-tempo-control-agent,266,first,win,NO_BENCH,23,5,6
CHAMPION,tb_ded5c6a6_zoli800_top-dragapult-ex-tempo-control-agent,265,second,loss,PRIZES,158,2,0
CHAMPION,tb_ded5c6a6_zoli800_top-dragapult-ex-tempo-control-agent,267,second,win,PRIZES,128,0,6
CHAMPION,tb_ded5c6a6_zoli800_top-dragapult-ex-tempo-control-agent,268,first,loss,PRIZES,139,3,0
CHAMPION,tb_ded5c6a6_zoli800_top-dragapult-ex-tempo-control-agent,269,second,win,PRIZES,135,0,5
CHAMPION,tb_ded5c6a6_zoli800_top-dragapult-ex-tempo-control-agent,270,first,win,PRIZES,106,0,6
CHAMPION,tb_ded5c6a6_zoli800_top-dragapult-ex-tempo-control-agent,272,first,win,PRIZES,107,0,6
CHAMPION,tb_ded5c6a6_zoli800_top-dragapult-ex-tempo-control-agent,271,second,loss,NO_BENCH,133,6,2
CHAMPION,tb_ded5c6a6_zoli800_top-dragapult-ex-tempo-control-agent,273,second,win,PRIZES,96,0,6
CHAMPION,tb_ded5c6a6_zoli800_top-dragapult-ex-tempo-control-agent,275,second,win,PRIZES,85,0,6
CHAMPION,tb_ded5c6a6_zoli800_top-dragapult-ex-tempo-control-agent,274,first,win,PRIZES,151,0,2
CHAMPION,tb_ded5c6a6_zoli800_top-dragapult-ex-tempo-control-agent,276,first,win,PRIZES,121,0,6
CHAMPION,tb_ded5c6a6_zoli800_top-dragapult-ex-tempo-control-agent,277,second,win,PRIZES,138,0,6
CHAMPION,tb_ded5c6a6_zoli800_top-dragapult-ex-tempo-control-agent,278,first,win,PRIZES,185,0,2
CHAMPION,tb_ded5c6a6_zoli800_top-dragapult-ex-tempo-control-agent,279,second,win,PRIZES,150,0,4
CHAMPION,tb_ded5c6a6_zoli800_top-dragapult-ex-tempo-control-agent,281,second,win,NO_BENCH,49,5,6
CHAMPION,tb_ded5c6a6_zoli800_top-dragapult-ex-tempo-control-agent,280,first,win,PRIZES,157,0,5
CHAMPION,tb_ded5c6a6_zoli800_top-dragapult-ex-tempo-control-agent,282,first,win,NO_BENCH,83,2,6
CHAMPION,tb_ded5c6a6_zoli800_top-dragapult-ex-tempo-control-agent,283,second,win,PRIZES,147,0,5
CHAMPION,tb_ded5c6a6_zoli800_top-dragapult-ex-tempo-control-agent,284,first,win,PRIZES,163,0,4
CHAMPION,tb_ded5c6a6_zoli800_top-dragapult-ex-tempo-control-agent,285,second,win,PRIZES,109,0,6
CHAMPION,tb_ded5c6a6_zoli800_top-dragapult-ex-tempo-control-agent,286,first,win,PRIZES,121,0,6
CHAMPION,tb_ded5c6a6_zoli800_top-dragapult-ex-tempo-control-agent,287,second,win,PRIZES,106,0,6
CHAMPION,tb_ded5c6a6_zoli800_top-dragapult-ex-tempo-control-agent,288,first,win,NO_BENCH,37,4,6
CHAMPION,tb_ded5c6a6_zoli800_top-dragapult-ex-tempo-control-agent,290,first,win,NO_BENCH,15,5,6
CHAMPION,tb_ded5c6a6_zoli800_top-dragapult-ex-tempo-control-agent,289,second,win,PRIZES,163,0,5
CHAMPION,tb_ded5c6a6_zoli800_top-dragapult-ex-tempo-control-agent,291,second,win,PRIZES,112,0,6
CHAMPION,tb_ded5c6a6_zoli800_top-dragapult-ex-tempo-control-agent,292,first,loss,NO_BENCH,42,6,4
CHAMPION,tb_ded5c6a6_zoli800_top-dragapult-ex-tempo-control-agent,294,first,win,PRIZES,75,0,6
CHAMPION,tb_ded5c6a6_zoli800_top-dragapult-ex-tempo-control-agent,293,second,win,PRIZES,158,0,2
CHAMPION,tb_ded5c6a6_zoli800_top-dragapult-ex-tempo-control-agent,295,second,win,PRIZES,119,0,6
CHAMPION,tb_ded5c6a6_zoli800_top-dragapult-ex-tempo-control-agent,296,first,win,PRIZES,93,0,6
CHAMPION,tb_ded5c6a6_zoli800_top-dragapult-ex-tempo-control-agent,297,second,win,PRIZES,126,0,6
CHAMPION,tb_ded5c6a6_zoli800_top-dragapult-ex-tempo-control-agent,298,first,win,PRIZES,191,0,2
CHAMPION,tb_ded5c6a6_zoli800_top-dragapult-ex-tempo-control-agent,299,second,win,PRIZES,138,0,6
CHAMPION,tb_ded5c6a6_zoli800_top-dragapult-ex-tempo-control-agent,300,first,win,PRIZES,142,0,6
CHAMPION,tb_ded5c6a6_zoli800_top-dragapult-ex-tempo-control-agent,303,second,win,NO_BENCH,73,1,6
CHAMPION,tb_ded5c6a6_zoli800_top-dragapult-ex-tempo-control-agent,301,second,win,PRIZES,104,0,6
CHAMPION,tb_ded5c6a6_zoli800_top-dragapult-ex-tempo-control-agent,302,first,loss,PRIZES,127,2,0
CHAMPION,tb_ded5c6a6_zoli800_top-dragapult-ex-tempo-control-agent,305,second,win,NO_BENCH,22,5,6
CHAMPION,tb_ded5c6a6_zoli800_top-dragapult-ex-tempo-control-agent,304,first,win,PRIZES,121,0,6
CHAMPION,tb_ded5c6a6_zoli800_top-dragapult-ex-tempo-control-agent,306,first,win,PRIZES,109,0,6
CHAMPION,tb_ded5c6a6_zoli800_top-dragapult-ex-tempo-control-agent,307,second,win,PRIZES,114,0,6
CHAMPION,tb_ded5c6a6_zoli800_top-dragapult-ex-tempo-control-agent,308,first,loss,NO_BENCH,68,6,1
CHAMPION,tb_ded5c6a6_zoli800_top-dragapult-ex-tempo-control-agent,309,second,win,PRIZES,135,0,6
CHAMPION,tb_ded5c6a6_zoli800_top-dragapult-ex-tempo-control-agent,310,first,win,NO_BENCH,38,4,6
CHAMPION,tb_ded5c6a6_zoli800_top-dragapult-ex-tempo-control-agent,311,second,win,PRIZES,117,0,6
CHAMPION,tb_ded5c6a6_zoli800_top-dragapult-ex-tempo-control-agent,312,first,win,PRIZES,107,0,6
CHAMPION,tb_ded5c6a6_zoli800_top-dragapult-ex-tempo-control-agent,314,first,win,PRIZES,102,0,6
CHAMPION,tb_ded5c6a6_zoli800_top-dragapult-ex-tempo-control-agent,313,second,win,PRIZES,216,0,2
CHAMPION,tb_ded5c6a6_zoli800_top-dragapult-ex-tempo-control-agent,315,second,win,PRIZES,131,0,5
CHAMPION,tb_ded5c6a6_zoli800_top-dragapult-ex-tempo-control-agent,316,first,win,PRIZES,161,0,2
CHAMPION,tb_ded5c6a6_zoli800_top-dragapult-ex-tempo-control-agent,317,second,loss,PRIZES,162,5,0
CHAMPION,tb_ded5c6a6_zoli800_top-dragapult-ex-tempo-control-agent,318,first,win,PRIZES,118,0,6
CHAMPION,tb_ded5c6a6_zoli800_top-dragapult-ex-tempo-control-agent,321,second,win,PRIZES,129,0,3
CHAMPION,tb_ded5c6a6_zoli800_top-dragapult-ex-tempo-control-agent,320,first,win,PRIZES,136,0,1
CHAMPION,tb_ded5c6a6_zoli800_top-dragapult-ex-tempo-control-agent,319,second,win,PRIZES,152,0,6
CHAMPION,tb_ded5c6a6_zoli800_top-dragapult-ex-tempo-control-agent,324,first,win,PRIZES,120,0,6
CHAMPION,tb_ded5c6a6_zoli800_top-dragapult-ex-tempo-control-agent,322,first,win,PRIZES,154,0,4
CHAMPION,tb_ded5c6a6_zoli800_top-dragapult-ex-tempo-control-agent,323,second,win,PRIZES,127,0,6
CHAMPION,tb_ded5c6a6_zoli800_top-dragapult-ex-tempo-control-agent,326,first,win,PRIZES,90,0,6
CHAMPION,tb_ded5c6a6_zoli800_top-dragapult-ex-tempo-control-agent,327,second,loss,PRIZES,147,2,0
CHAMPION,tb_ded5c6a6_zoli800_top-dragapult-ex-tempo-control-agent,325,second,loss,PRIZES,163,2,0
CHAMPION,tb_ded5c6a6_zoli800_top-dragapult-ex-tempo-control-agent,328,first,win,PRIZES,155,0,2
CHAMPION,tb_ded5c6a6_zoli800_top-dragapult-ex-tempo-control-agent,329,second,win,PRIZES,110,0,6
CHAMPION,tb_ded5c6a6_zoli800_top-dragapult-ex-tempo-control-agent,330,first,win,PRIZES,134,0,5
CHAMPION,tb_ded5c6a6_zoli800_top-dragapult-ex-tempo-control-agent,331,second,win,PRIZES,128,0,5
CHAMPION,tb_ded5c6a6_zoli800_top-dragapult-ex-tempo-control-agent,332,first,win,PRIZES,125,0,6
CHAMPION,tb_ded5c6a6_zoli800_top-dragapult-ex-tempo-control-agent,333,second,win,PRIZES,190,0,1
CHAMPION,tb_ded5c6a6_zoli800_top-dragapult-ex-tempo-control-agent,334,first,win,PRIZES,142,0,6
CHAMPION,tb_ded5c6a6_zoli800_top-dragapult-ex-tempo-control-agent,336,first,win,NO_BENCH,85,1,6
CHAMPION,tb_ded5c6a6_zoli800_top-dragapult-ex-tempo-control-agent,335,second,loss,PRIZES,187,1,0
CHAMPION,tb_ded5c6a6_zoli800_top-dragapult-ex-tempo-control-agent,337,second,win,PRIZES,107,0,5
CHAMPION,tb_ded5c6a6_zoli800_top-dragapult-ex-tempo-control-agent,338,first,win,PRIZES,126,0,6
CHAMPION,tb_ded5c6a6_zoli800_top-dragapult-ex-tempo-control-agent,339,second,loss,PRIZES,152,2,0
CHAMPION,tb_ded5c6a6_zoli800_top-dragapult-ex-tempo-control-agent,342,first,win,NO_BENCH,44,5,6
CHAMPION,tb_ded5c6a6_zoli800_top-dragapult-ex-tempo-control-agent,340,first,win,PRIZES,108,0,6
CHAMPION,tb_ded5c6a6_zoli800_top-dragapult-ex-tempo-control-agent,341,second,win,PRIZES,179,0,2
CHAMPION,tb_ded5c6a6_zoli800_top-dragapult-ex-tempo-control-agent,344,first,win,PRIZES,150,0,5
CHAMPION,tb_ded5c6a6_zoli800_top-dragapult-ex-tempo-control-agent,343,second,win,PRIZES,190,0,4
CHAMPION,tb_ded5c6a6_zoli800_top-dragapult-ex-tempo-control-agent,345,second,win,PRIZES,150,0,4
CHAMPION,tb_ded5c6a6_zoli800_top-dragapult-ex-tempo-control-agent,346,first,win,NO_BENCH,98,1,6
CHAMPION,tb_ded5c6a6_zoli800_top-dragapult-ex-tempo-control-agent,348,first,win,PRIZES,111,0,6
CHAMPION,tb_ded5c6a6_zoli800_top-dragapult-ex-tempo-control-agent,347,second,win,PRIZES,122,0,6
CHAMPION,tb_ded5c6a6_zoli800_top-dragapult-ex-tempo-control-agent,349,second,win,PRIZES,126,0,6
CHAMPION,tb_ded5c6a6_zoli800_top-dragapult-ex-tempo-control-agent,351,second,win,NO_BENCH,65,2,6
CHAMPION,tb_ded5c6a6_zoli800_top-dragapult-ex-tempo-control-agent,350,first,win,PRIZES,170,0,2
CHAMPION,tb_ded5c6a6_zoli800_top-dragapult-ex-tempo-control-agent,352,first,win,PRIZES,132,0,5
CHAMPION,tb_ded5c6a6_zoli800_top-dragapult-ex-tempo-control-agent,353,second,win,PRIZES,149,0,1
CHAMPION,tb_ded5c6a6_zoli800_top-dragapult-ex-tempo-control-agent,354,first,win,PRIZES,130,0,6
CHAMPION,tb_ded5c6a6_zoli800_top-dragapult-ex-tempo-control-agent,356,first,loss,NO_BENCH,70,6,2
CHAMPION,tb_ded5c6a6_zoli800_top-dragapult-ex-tempo-control-agent,355,second,win,PRIZES,136,0,3
CHAMPION,tb_ded5c6a6_zoli800_top-dragapult-ex-tempo-control-agent,357,second,win,NO_BENCH,88,1,6
CHAMPION,tb_ded5c6a6_zoli800_top-dragapult-ex-tempo-control-agent,359,second,win,PRIZES,121,0,6
CHAMPION,tb_ded5c6a6_zoli800_top-dragapult-ex-tempo-control-agent,358,first,loss,PRIZES,179,3,0
CHAMPION,tb_ded5c6a6_zoli800_top-dragapult-ex-tempo-control-agent,360,first,loss,PRIZES,125,4,0
CHAMPION,tb_ded5c6a6_zoli800_top-dragapult-ex-tempo-control-agent,361,second,win,PRIZES,130,0,6
CHAMPION,tb_ded5c6a6_zoli800_top-dragapult-ex-tempo-control-agent,362,first,win,PRIZES,148,0,4
CHAMPION,tb_ded5c6a6_zoli800_top-dragapult-ex-tempo-control-agent,363,second,loss,PRIZES,142,6,0
CHAMPION,tb_ded5c6a6_zoli800_top-dragapult-ex-tempo-control-agent,364,first,win,PRIZES,150,0,1
CHAMPION,tb_ded5c6a6_zoli800_top-dragapult-ex-tempo-control-agent,366,first,win,PRIZES,136,0,6
CHAMPION,tb_ded5c6a6_zoli800_top-dragapult-ex-tempo-control-agent,365,second,win,PRIZES,165,0,4
CHAMPION,tb_ded5c6a6_zoli800_top-dragapult-ex-tempo-control-agent,369,second,win,NO_BENCH,37,4,6
CHAMPION,tb_ded5c6a6_zoli800_top-dragapult-ex-tempo-control-agent,367,second,win,PRIZES,147,0,2
CHAMPION,tb_ded5c6a6_zoli800_top-dragapult-ex-tempo-control-agent,368,first,win,PRIZES,109,0,6
CHAMPION,tb_ded5c6a6_zoli800_top-dragapult-ex-tempo-control-agent,370,first,win,NO_BENCH,72,3,6
CHAMPION,tb_ded5c6a6_zoli800_top-dragapult-ex-tempo-control-agent,371,second,win,PRIZES,129,0,5
CHAMPION,tb_ded5c6a6_zoli800_top-dragapult-ex-tempo-control-agent,372,first,win,PRIZES,165,0,1
CHAMPION,tb_ded5c6a6_zoli800_top-dragapult-ex-tempo-control-agent,373,second,win,NO_BENCH,78,2,6
CHAMPION,tb_ded5c6a6_zoli800_top-dragapult-ex-tempo-control-agent,374,first,win,PRIZES,125,0,6
CHAMPION,tb_ded5c6a6_zoli800_top-dragapult-ex-tempo-control-agent,375,second,loss,PRIZES,161,3,0
CHAMPION,tb_ded5c6a6_zoli800_top-dragapult-ex-tempo-control-agent,376,first,win,NO_BENCH,31,5,6
CHAMPION,tb_ded5c6a6_zoli800_top-dragapult-ex-tempo-control-agent,377,second,win,PRIZES,104,0,6
CHAMPION,tb_ded5c6a6_zoli800_top-dragapult-ex-tempo-control-agent,378,first,win,PRIZES,126,0,6
CHAMPION,tb_ded5c6a6_zoli800_top-dragapult-ex-tempo-control-agent,379,second,win,PRIZES,119,0,6
CHAMPION,tb_ded5c6a6_zoli800_top-dragapult-ex-tempo-control-agent,380,first,win,PRIZES,135,0,6
CHAMPION,tb_ded5c6a6_zoli800_top-dragapult-ex-tempo-control-agent,381,second,win,NO_BENCH,99,2,5
CHAMPION,tb_ded5c6a6_zoli800_top-dragapult-ex-tempo-control-agent,382,first,win,NO_BENCH,86,1,6
CHAMPION,tb_ded5c6a6_zoli800_top-dragapult-ex-tempo-control-agent,383,second,win,NO_BENCH,60,4,6
CHAMPION,tb_ded5c6a6_zoli800_top-dragapult-ex-tempo-control-agent,384,first,loss,PRIZES,145,4,0
CHAMPION,tb_ded5c6a6_zoli800_top-dragapult-ex-tempo-control-agent,385,second,win,PRIZES,134,0,6
CHAMPION,tb_ded5c6a6_zoli800_top-dragapult-ex-tempo-control-agent,386,first,win,PRIZES,146,0,3
CHAMPION,tb_ded5c6a6_zoli800_top-dragapult-ex-tempo-control-agent,387,second,win,PRIZES,128,0,1
CHAMPION,tb_ded5c6a6_zoli800_top-dragapult-ex-tempo-control-agent,388,first,win,NO_BENCH,74,4,5
CHAMPION,tb_ded5c6a6_zoli800_top-dragapult-ex-tempo-control-agent,389,second,loss,PRIZES,103,4,0
CHAMPION,tb_ded5c6a6_zoli800_top-dragapult-ex-tempo-control-agent,390,first,win,NO_BENCH,77,2,6
CHAMPION,tb_ded5c6a6_zoli800_top-dragapult-ex-tempo-control-agent,391,second,win,PRIZES,101,0,6
CHAMPION,tb_ded5c6a6_zoli800_top-dragapult-ex-tempo-control-agent,393,second,loss,NO_BENCH,51,6,5
CHAMPION,tb_ded5c6a6_zoli800_top-dragapult-ex-tempo-control-agent,392,first,win,PRIZES,106,0,6
CHAMPION,tb_ded5c6a6_zoli800_top-dragapult-ex-tempo-control-agent,394,first,win,PRIZES,127,0,3
CHAMPION,tb_ded5c6a6_zoli800_top-dragapult-ex-tempo-control-agent,395,second,win,NO_BENCH,26,5,6
CHAMPION,tb_ded5c6a6_zoli800_top-dragapult-ex-tempo-control-agent,396,first,win,NO_BENCH,74,2,6
CHAMPION,tb_ded5c6a6_zoli800_top-dragapult-ex-tempo-control-agent,397,second,win,PRIZES,166,0,6
CHAMPION,tb_ded5c6a6_zoli800_top-dragapult-ex-tempo-control-agent,399,second,win,NO_BENCH,41,4,6
CHAMPION,tb_ded5c6a6_zoli800_top-dragapult-ex-tempo-control-agent,398,first,win,PRIZES,146,0,6
CHAMPION,tb_ded5c6a6_zoli800_top-dragapult-ex-tempo-control-agent,400,first,win,PRIZES,132,0,6
CHAMPION,tb_ded5c6a6_zoli800_top-dragapult-ex-tempo-control-agent,401,second,win,PRIZES,121,0,6
CHAMPION,tb_ded5c6a6_zoli800_top-dragapult-ex-tempo-control-agent,402,first,win,PRIZES,195,0,2
CHAMPION,tb_ded5c6a6_zoli800_top-dragapult-ex-tempo-control-agent,403,second,loss,PRIZES,156,4,0
CHAMPION,tb_ded5c6a6_zoli800_top-dragapult-ex-tempo-control-agent,404,first,win,NO_BENCH,97,3,1
CHAMPION,tb_ded5c6a6_zoli800_top-dragapult-ex-tempo-control-agent,405,second,win,PRIZES,149,0,5
CHAMPION,tb_ded5c6a6_zoli800_top-dragapult-ex-tempo-control-agent,406,first,win,PRIZES,151,0,2
CHAMPION,tb_ded5c6a6_zoli800_top-dragapult-ex-tempo-control-agent,407,second,win,PRIZES,101,0,6
CHAMPION,tb_ded5c6a6_zoli800_top-dragapult-ex-tempo-control-agent,408,first,win,PRIZES,137,0,4
CHAMPION,tb_ded5c6a6_zoli800_top-dragapult-ex-tempo-control-agent,409,second,win,NO_BENCH,79,3,6
CHAMPION,tb_ded5c6a6_zoli800_top-dragapult-ex-tempo-control-agent,410,first,win,PRIZES,122,0,6
CHAMPION,tb_ded5c6a6_zoli800_top-dragapult-ex-tempo-control-agent,411,second,win,PRIZES,135,0,6
CHAMPION,tb_ded5c6a6_zoli800_top-dragapult-ex-tempo-control-agent,412,first,win,PRIZES,185,0,2
CHAMPION,tb_ded5c6a6_zoli800_top-dragapult-ex-tempo-control-agent,413,second,win,PRIZES,97,0,4
CHAMPION,tb_ded5c6a6_zoli800_top-dragapult-ex-tempo-control-agent,414,first,win,PRIZES,125,0,5
CHAMPION,tb_ded5c6a6_zoli800_top-dragapult-ex-tempo-control-agent,415,second,win,PRIZES,114,0,6
CHAMPION,tb_ded5c6a6_zoli800_top-dragapult-ex-tempo-control-agent,416,first,win,PRIZES,112,0,5
CHAMPION,tb_ded5c6a6_zoli800_top-dragapult-ex-tempo-control-agent,417,second,win,NO_BENCH,85,2,6
CHAMPION,tb_ded5c6a6_zoli800_top-dragapult-ex-tempo-control-agent,418,first,loss,PRIZES,167,5,0
CHAMPION,tb_ded5c6a6_zoli800_top-dragapult-ex-tempo-control-agent,419,second,win,PRIZES,132,0,5
CHAMPION,tb_ded5c6a6_zoli800_top-dragapult-ex-tempo-control-agent,420,first,win,NO_BENCH,37,4,6
CHAMPION,tb_ded5c6a6_zoli800_top-dragapult-ex-tempo-control-agent,422,first,win,PRIZES,150,0,2
CHAMPION,tb_ded5c6a6_zoli800_top-dragapult-ex-tempo-control-agent,421,second,win,DECKOUT,196,1,3
CHAMPION,tb_ded5c6a6_zoli800_top-dragapult-ex-tempo-control-agent,423,second,win,PRIZES,129,0,6
CHAMPION,tb_ded5c6a6_zoli800_top-dragapult-ex-tempo-control-agent,424,first,win,PRIZES,141,0,5
CHAMPION,tb_ded5c6a6_zoli800_top-dragapult-ex-tempo-control-agent,425,second,win,PRIZES,188,0,2
CHAMPION,tb_ded5c6a6_zoli800_top-dragapult-ex-tempo-control-agent,426,first,win,PRIZES,157,0,3
CHAMPION,tb_ded5c6a6_zoli800_top-dragapult-ex-tempo-control-agent,428,first,win,PRIZES,107,0,6
CHAMPION,tb_ded5c6a6_zoli800_top-dragapult-ex-tempo-control-agent,427,second,win,PRIZES,147,0,2
CHAMPION,tb_ded5c6a6_zoli800_top-dragapult-ex-tempo-control-agent,429,second,win,PRIZES,104,0,6
CHAMPION,tb_ded5c6a6_zoli800_top-dragapult-ex-tempo-control-agent,430,first,win,PRIZES,110,0,6
CHAMPION,tb_ded5c6a6_zoli800_top-dragapult-ex-tempo-control-agent,431,second,win,PRIZES,131,0,6
CHAMPION,tb_ded5c6a6_zoli800_top-dragapult-ex-tempo-control-agent,432,first,loss,PRIZES,146,2,0
CHAMPION,tb_ded5c6a6_zoli800_top-dragapult-ex-tempo-control-agent,435,second,win,NO_BENCH,65,3,6
CHAMPION,tb_ded5c6a6_zoli800_top-dragapult-ex-tempo-control-agent,434,first,loss,PRIZES,164,1,0
CHAMPION,tb_ded5c6a6_zoli800_top-dragapult-ex-tempo-control-agent,433,second,win,DECKOUT,201,1,4
CHAMPION,tb_ded5c6a6_zoli800_top-dragapult-ex-tempo-control-agent,436,first,win,PRIZES,118,0,6
CHAMPION,tb_ded5c6a6_zoli800_top-dragapult-ex-tempo-control-agent,438,first,win,PRIZES,99,0,6
CHAMPION,tb_ded5c6a6_zoli800_top-dragapult-ex-tempo-control-agent,437,second,win,PRIZES,109,0,6
CHAMPION,tb_ded5c6a6_zoli800_top-dragapult-ex-tempo-control-agent,440,first,win,PRIZES,128,0,2
CHAMPION,tb_ded5c6a6_zoli800_top-dragapult-ex-tempo-control-agent,439,second,loss,PRIZES,120,4,0
CHAMPION,tb_ded5c6a6_zoli800_top-dragapult-ex-tempo-control-agent,441,second,win,PRIZES,186,0,2
CHAMPION,tb_ded5c6a6_zoli800_top-dragapult-ex-tempo-control-agent,444,first,win,NO_BENCH,36,5,6
CHAMPION,tb_ded5c6a6_zoli800_top-dragapult-ex-tempo-control-agent,443,second,win,PRIZES,115,0,6
CHAMPION,tb_ded5c6a6_zoli800_top-dragapult-ex-tempo-control-agent,442,first,loss,PRIZES,147,3,0
CHAMPION,tb_ded5c6a6_zoli800_top-dragapult-ex-tempo-control-agent,445,second,win,NO_BENCH,69,3,6
CHAMPION,tb_ded5c6a6_zoli800_top-dragapult-ex-tempo-control-agent,447,second,win,NO_BENCH,108,1,6
CHAMPION,tb_ded5c6a6_zoli800_top-dragapult-ex-tempo-control-agent,446,first,win,PRIZES,149,0,2
CHAMPION,tb_ded5c6a6_zoli800_top-dragapult-ex-tempo-control-agent,449,second,win,PRIZES,113,0,6
CHAMPION,tb_ded5c6a6_zoli800_top-dragapult-ex-tempo-control-agent,448,first,win,PRIZES,168,0,6
CHAMPION,tb_ded5c6a6_zoli800_top-dragapult-ex-tempo-control-agent,450,first,win,PRIZES,136,0,4
CHAMPION,tb_ded5c6a6_zoli800_top-dragapult-ex-tempo-control-agent,451,second,win,PRIZES,140,0,6
CHAMPION,tb_ded5c6a6_zoli800_top-dragapult-ex-tempo-control-agent,452,first,win,PRIZES,142,0,3
CHAMPION,tb_ded5c6a6_zoli800_top-dragapult-ex-tempo-control-agent,453,second,win,PRIZES,112,0,6
CHAMPION,tb_ded5c6a6_zoli800_top-dragapult-ex-tempo-control-agent,455,second,win,PRIZES,75,0,6
CHAMPION,tb_ded5c6a6_zoli800_top-dragapult-ex-tempo-control-agent,454,first,win,PRIZES,162,0,6
CHAMPION,tb_ded5c6a6_zoli800_top-dragapult-ex-tempo-control-agent,456,first,win,PRIZES,157,0,5
CHAMPION,tb_ded5c6a6_zoli800_top-dragapult-ex-tempo-control-agent,457,second,win,PRIZES,101,0,6
CHAMPION,tb_ded5c6a6_zoli800_top-dragapult-ex-tempo-control-agent,458,first,win,PRIZES,129,0,4
CHAMPION,tb_ded5c6a6_zoli800_top-dragapult-ex-tempo-control-agent,459,second,win,PRIZES,111,0,6
CHAMPION,tb_ded5c6a6_zoli800_top-dragapult-ex-tempo-control-agent,460,first,win,PRIZES,115,0,6
CHAMPION,tb_ded5c6a6_zoli800_top-dragapult-ex-tempo-control-agent,461,second,win,PRIZES,156,0,4
CHAMPION,tb_ded5c6a6_zoli800_top-dragapult-ex-tempo-control-agent,462,first,win,PRIZES,119,0,6
CHAMPION,tb_ded5c6a6_zoli800_top-dragapult-ex-tempo-control-agent,463,second,win,PRIZES,138,0,1
CHAMPION,tb_ded5c6a6_zoli800_top-dragapult-ex-tempo-control-agent,464,first,win,PRIZES,132,0,6
CHAMPION,tb_ded5c6a6_zoli800_top-dragapult-ex-tempo-control-agent,465,second,win,PRIZES,106,0,6
CHAMPION,tb_ded5c6a6_zoli800_top-dragapult-ex-tempo-control-agent,466,first,win,PRIZES,90,0,6
CHAMPION,tb_ded5c6a6_zoli800_top-dragapult-ex-tempo-control-agent,468,first,win,PRIZES,127,0,6
CHAMPION,tb_ded5c6a6_zoli800_top-dragapult-ex-tempo-control-agent,467,second,win,PRIZES,126,0,5
CHAMPION,tb_ded5c6a6_zoli800_top-dragapult-ex-tempo-control-agent,469,second,win,PRIZES,138,0,6
CHAMPION,tb_ded5c6a6_zoli800_top-dragapult-ex-tempo-control-agent,471,second,win,NO_BENCH,92,1,6
CHAMPION,tb_ded5c6a6_zoli800_top-dragapult-ex-tempo-control-agent,470,first,win,PRIZES,152,0,2
CHAMPION,tb_ded5c6a6_zoli800_top-dragapult-ex-tempo-control-agent,472,first,win,NO_BENCH,87,3,6
CHAMPION,tb_ded5c6a6_zoli800_top-dragapult-ex-tempo-control-agent,473,second,win,PRIZES,97,0,6
CHAMPION,tb_ded5c6a6_zoli800_top-dragapult-ex-tempo-control-agent,474,first,loss,PRIZES,202,1,0
CHAMPION,tb_ded5c6a6_zoli800_top-dragapult-ex-tempo-control-agent,475,second,win,PRIZES,149,0,1
CHAMPION,tb_ded5c6a6_zoli800_top-dragapult-ex-tempo-control-agent,476,first,win,PRIZES,139,0,4
CHAMPION,tb_ded5c6a6_zoli800_top-dragapult-ex-tempo-control-agent,477,second,win,PRIZES,155,0,5
CHAMPION,tb_ded5c6a6_zoli800_top-dragapult-ex-tempo-control-agent,478,first,win,PRIZES,222,0,2
CHAMPION,tb_ded5c6a6_zoli800_top-dragapult-ex-tempo-control-agent,479,second,win,PRIZES,123,0,6
CHAMPION,tb_ded5c6a6_zoli800_top-dragapult-ex-tempo-control-agent,480,first,win,PRIZES,139,0,4
CHAMPION,tb_ded5c6a6_zoli800_top-dragapult-ex-tempo-control-agent,481,second,loss,PRIZES,152,1,0
CHAMPION,tb_ded5c6a6_zoli800_top-dragapult-ex-tempo-control-agent,482,first,win,PRIZES,152,0,5
CHAMPION,tb_ded5c6a6_zoli800_top-dragapult-ex-tempo-control-agent,483,second,win,PRIZES,159,0,1
CHAMPION,tb_ded5c6a6_zoli800_top-dragapult-ex-tempo-control-agent,484,first,win,PRIZES,138,0,5
CHAMPION,tb_ded5c6a6_zoli800_top-dragapult-ex-tempo-control-agent,485,second,win,PRIZES,130,0,3
CHAMPION,tb_ded5c6a6_zoli800_top-dragapult-ex-tempo-control-agent,486,first,win,PRIZES,166,0,5
CHAMPION,tb_ded5c6a6_zoli800_top-dragapult-ex-tempo-control-agent,487,second,win,PRIZES,131,0,6
CHAMPION,tb_ded5c6a6_zoli800_top-dragapult-ex-tempo-control-agent,488,first,win,PRIZES,158,0,5
CHAMPION,tb_ded5c6a6_zoli800_top-dragapult-ex-tempo-control-agent,489,second,win,PRIZES,119,0,6
CHAMPION,tb_ded5c6a6_zoli800_top-dragapult-ex-tempo-control-agent,490,first,loss,PRIZES,149,2,0
CHAMPION,tb_ded5c6a6_zoli800_top-dragapult-ex-tempo-control-agent,491,second,win,PRIZES,106,0,6
CHAMPION,tb_ded5c6a6_zoli800_top-dragapult-ex-tempo-control-agent,492,first,win,PRIZES,127,0,6
CHAMPION,tb_ded5c6a6_zoli800_top-dragapult-ex-tempo-control-agent,493,second,win,NO_BENCH,87,2,5
CHAMPION,tb_ded5c6a6_zoli800_top-dragapult-ex-tempo-control-agent,494,first,win,PRIZES,121,0,5
CHAMPION,tb_ded5c6a6_zoli800_top-dragapult-ex-tempo-control-agent,495,second,win,NO_BENCH,88,2,6
CHAMPION,tb_ded5c6a6_zoli800_top-dragapult-ex-tempo-control-agent,496,first,win,PRIZES,121,0,6
CHAMPION,tb_ded5c6a6_zoli800_top-dragapult-ex-tempo-control-agent,497,second,win,PRIZES,142,0,4
CHAMPION,tb_ded5c6a6_zoli800_top-dragapult-ex-tempo-control-agent,498,first,win,NO_BENCH,72,4,6
CHAMPION,tb_ded5c6a6_zoli800_top-dragapult-ex-tempo-control-agent,500,first,win,NO_BENCH,100,1,6
CHAMPION,tb_ded5c6a6_zoli800_top-dragapult-ex-tempo-control-agent,499,second,win,NO_BENCH,87,2,4
CHAMPION,tb_ded5c6a6_zoli800_top-dragapult-ex-tempo-control-agent,501,second,loss,PRIZES,103,6,0
CHAMPION,tb_ded5c6a6_zoli800_top-dragapult-ex-tempo-control-agent,502,first,win,PRIZES,117,0,6
CHAMPION,tb_ded5c6a6_zoli800_top-dragapult-ex-tempo-control-agent,503,second,win,PRIZES,131,0,6
CHAMPION,tb_ded5c6a6_zoli800_top-dragapult-ex-tempo-control-agent,504,first,win,PRIZES,151,0,6
CHAMPION,tb_ded5c6a6_zoli800_top-dragapult-ex-tempo-control-agent,505,second,win,PRIZES,131,0,5
CHAMPION,tb_ded5c6a6_zoli800_top-dragapult-ex-tempo-control-agent,506,first,win,PRIZES,128,0,6
CHAMPION,tb_ded5c6a6_zoli800_top-dragapult-ex-tempo-control-agent,507,second,win,PRIZES,135,0,5
CHAMPION,tb_ded5c6a6_zoli800_top-dragapult-ex-tempo-control-agent,509,second,win,PRIZES,109,0,6
CHAMPION,tb_ded5c6a6_zoli800_top-dragapult-ex-tempo-control-agent,508,first,win,PRIZES,129,0,6
CHAMPION,tb_ded5c6a6_zoli800_top-dragapult-ex-tempo-control-agent,510,first,win,PRIZES,121,0,6
CHAMPION,tb_ded5c6a6_zoli800_top-dragapult-ex-tempo-control-agent,512,first,win,PRIZES,102,0,6
CHAMPION,tb_ded5c6a6_zoli800_top-dragapult-ex-tempo-control-agent,511,second,win,PRIZES,152,0,4
CHAMPION,tb_ded5c6a6_zoli800_top-dragapult-ex-tempo-control-agent,513,second,draw,UNKNOWN,195,0,0
CHAMPION,tb_ded5c6a6_zoli800_top-dragapult-ex-tempo-control-agent,514,first,loss,PRIZES,156,1,0
CHAMPION,tb_ded5c6a6_zoli800_top-dragapult-ex-tempo-control-agent,515,second,win,PRIZES,148,0,2
CHAMPION,tb_ded5c6a6_zoli800_top-dragapult-ex-tempo-control-agent,516,first,loss,NO_BENCH,106,1,1
CHAMPION,tb_ded5c6a6_zoli800_top-dragapult-ex-tempo-control-agent,518,first,win,PRIZES,108,0,6
CHAMPION,tb_ded5c6a6_zoli800_top-dragapult-ex-tempo-control-agent,517,second,win,PRIZES,150,0,1
CHAMPION,tb_ded5c6a6_zoli800_top-dragapult-ex-tempo-control-agent,519,second,win,PRIZES,164,0,2
CHAMPION,tb_ded5c6a6_zoli800_top-dragapult-ex-tempo-control-agent,520,first,win,NO_BENCH,64,1,6
CHAMPION,tb_ded5c6a6_zoli800_top-dragapult-ex-tempo-control-agent,522,first,win,PRIZES,145,0,4
CHAMPION,tb_ded5c6a6_zoli800_top-dragapult-ex-tempo-control-agent,521,second,loss,PRIZES,166,2,0
CHAMPION,tb_ded5c6a6_zoli800_top-dragapult-ex-tempo-control-agent,523,second,win,NO_BENCH,68,3,6
CHAMPION,tb_ded5c6a6_zoli800_top-dragapult-ex-tempo-control-agent,524,first,loss,PRIZES,142,4,0
CHAMPION,tb_ded5c6a6_zoli800_top-dragapult-ex-tempo-control-agent,525,second,win,PRIZES,170,0,1
CHAMPION,tb_ded5c6a6_zoli800_top-dragapult-ex-tempo-control-agent,526,first,win,NO_BENCH,106,1,6
CHAMPION,tb_ded5c6a6_zoli800_top-dragapult-ex-tempo-control-agent,527,second,win,NO_BENCH,43,3,6
CHAMPION,tb_ded5c6a6_zoli800_top-dragapult-ex-tempo-control-agent,528,first,win,PRIZES,116,0,6
CHAMPION,tb_ded5c6a6_zoli800_top-dragapult-ex-tempo-control-agent,529,second,win,PRIZES,132,0,6
CHAMPION,tb_ded5c6a6_zoli800_top-dragapult-ex-tempo-control-agent,530,first,win,PRIZES,138,0,6
CHAMPION,tb_ded5c6a6_zoli800_top-dragapult-ex-tempo-control-agent,531,second,loss,NO_BENCH,71,6,3
CHAMPION,tb_ded5c6a6_zoli800_top-dragapult-ex-tempo-control-agent,534,first,win,NO_BENCH,67,4,6
CHAMPION,tb_ded5c6a6_zoli800_top-dragapult-ex-tempo-control-agent,532,first,win,PRIZES,134,0,6
CHAMPION,tb_ded5c6a6_zoli800_top-dragapult-ex-tempo-control-agent,533,second,loss,NO_BENCH,83,6,1
CHAMPION,tb_ded5c6a6_zoli800_top-dragapult-ex-tempo-control-agent,535,second,win,PRIZES,135,0,3
CHAMPION,tb_ded5c6a6_zoli800_top-dragapult-ex-tempo-control-agent,536,first,win,PRIZES,142,0,4
CHAMPION,tb_ded5c6a6_zoli800_top-dragapult-ex-tempo-control-agent,537,second,win,PRIZES,139,0,4
CHAMPION,tb_ded5c6a6_zoli800_top-dragapult-ex-tempo-control-agent,538,first,loss,PRIZES,154,4,0
CHAMPION,tb_ded5c6a6_zoli800_top-dragapult-ex-tempo-control-agent,540,first,win,PRIZES,149,0,5
CHAMPION,tb_ded5c6a6_zoli800_top-dragapult-ex-tempo-control-agent,539,second,win,PRIZES,167,0,5
CHAMPION,tb_ded5c6a6_zoli800_top-dragapult-ex-tempo-control-agent,542,first,win,NO_BENCH,118,1,6
CHAMPION,tb_ded5c6a6_zoli800_top-dragapult-ex-tempo-control-agent,541,second,win,PRIZES,158,0,4
CHAMPION,tb_ded5c6a6_zoli800_top-dragapult-ex-tempo-control-agent,543,second,win,PRIZES,162,0,2
CHAMPION,tb_ded5c6a6_zoli800_top-dragapult-ex-tempo-control-agent,545,second,win,PRIZES,119,0,6
CHAMPION,tb_ded5c6a6_zoli800_top-dragapult-ex-tempo-control-agent,546,first,win,PRIZES,139,0,6
CHAMPION,tb_ded5c6a6_zoli800_top-dragapult-ex-tempo-control-agent,544,first,loss,PRIZES,175,3,0
CHAMPION,tb_ded5c6a6_zoli800_top-dragapult-ex-tempo-control-agent,548,first,win,PRIZES,103,0,6
CHAMPION,tb_ded5c6a6_zoli800_top-dragapult-ex-tempo-control-agent,549,second,win,PRIZES,149,0,5
CHAMPION,tb_ded5c6a6_zoli800_top-dragapult-ex-tempo-control-agent,547,second,win,PRIZES,159,0,6
CHAMPION,tb_ded5c6a6_zoli800_top-dragapult-ex-tempo-control-agent,550,first,win,PRIZES,131,0,6
CHAMPION,tb_ded5c6a6_zoli800_top-dragapult-ex-tempo-control-agent,552,first,win,PRIZES,137,0,4
CHAMPION,tb_ded5c6a6_zoli800_top-dragapult-ex-tempo-control-agent,551,second,win,PRIZES,174,0,6
CHAMPION,tb_ded5c6a6_zoli800_top-dragapult-ex-tempo-control-agent,554,first,win,PRIZES,88,0,6
CHAMPION,tb_ded5c6a6_zoli800_top-dragapult-ex-tempo-control-agent,553,second,win,PRIZES,188,0,1
CHAMPION,tb_ded5c6a6_zoli800_top-dragapult-ex-tempo-control-agent,555,second,win,PRIZES,144,0,6
CHAMPION,tb_ded5c6a6_zoli800_top-dragapult-ex-tempo-control-agent,556,first,win,NO_BENCH,18,4,6
CHAMPION,tb_ded5c6a6_zoli800_top-dragapult-ex-tempo-control-agent,557,second,loss,PRIZES,155,3,0
CHAMPION,tb_ded5c6a6_zoli800_top-dragapult-ex-tempo-control-agent,558,first,win,PRIZES,165,0,1
CHAMPION,tb_ded5c6a6_zoli800_top-dragapult-ex-tempo-control-agent,559,second,loss,PRIZES,96,6,0
CHAMPION,tb_ded5c6a6_zoli800_top-dragapult-ex-tempo-control-agent,560,first,win,PRIZES,131,0,5
CHAMPION,tb_ded5c6a6_zoli800_top-dragapult-ex-tempo-control-agent,561,second,draw,UNKNOWN,175,0,0
CHAMPION,tb_ded5c6a6_zoli800_top-dragapult-ex-tempo-control-agent,562,first,loss,PRIZES,180,1,0
CHAMPION,tb_ded5c6a6_zoli800_top-dragapult-ex-tempo-control-agent,563,second,win,PRIZES,142,0,6
CHAMPION,tb_ded5c6a6_zoli800_top-dragapult-ex-tempo-control-agent,564,first,win,PRIZES,112,0,6
CHAMPION,tb_ded5c6a6_zoli800_top-dragapult-ex-tempo-control-agent,565,second,win,NO_BENCH,13,5,6
CHAMPION,tb_ded5c6a6_zoli800_top-dragapult-ex-tempo-control-agent,566,first,win,PRIZES,137,0,5
CHAMPION,tb_ded5c6a6_zoli800_top-dragapult-ex-tempo-control-agent,567,second,win,PRIZES,149,0,1
CHAMPION,tb_ded5c6a6_zoli800_top-dragapult-ex-tempo-control-agent,568,first,win,PRIZES,129,0,6
CHAMPION,tb_ded5c6a6_zoli800_top-dragapult-ex-tempo-control-agent,570,first,win,NO_BENCH,24,5,6
CHAMPION,tb_ded5c6a6_zoli800_top-dragapult-ex-tempo-control-agent,569,second,win,PRIZES,198,0,1
CHAMPION,tb_ded5c6a6_zoli800_top-dragapult-ex-tempo-control-agent,571,second,win,PRIZES,152,0,4
CHAMPION,tb_ded5c6a6_zoli800_top-dragapult-ex-tempo-control-agent,572,first,win,PRIZES,105,0,6
CHAMPION,tb_ded5c6a6_zoli800_top-dragapult-ex-tempo-control-agent,573,second,win,NO_BENCH,73,2,6
CHAMPION,tb_ded5c6a6_zoli800_top-dragapult-ex-tempo-control-agent,574,first,win,PRIZES,145,0,6
CHAMPION,tb_ded5c6a6_zoli800_top-dragapult-ex-tempo-control-agent,575,second,win,PRIZES,127,0,2
CHAMPION,tb_ded5c6a6_zoli800_top-dragapult-ex-tempo-control-agent,576,first,win,PRIZES,111,0,6
CHAMPION,tb_ded5c6a6_zoli800_top-dragapult-ex-tempo-control-agent,577,second,win,NO_BENCH,42,4,6
CHAMPION,tb_ded5c6a6_zoli800_top-dragapult-ex-tempo-control-agent,578,first,win,PRIZES,107,0,6
CHAMPION,tb_ded5c6a6_zoli800_top-dragapult-ex-tempo-control-agent,579,second,win,PRIZES,131,0,6
CHAMPION,tb_ded5c6a6_zoli800_top-dragapult-ex-tempo-control-agent,580,first,win,PRIZES,137,0,6
CHAMPION,tb_ded5c6a6_zoli800_top-dragapult-ex-tempo-control-agent,582,first,win,PRIZES,99,0,6
CHAMPION,tb_ded5c6a6_zoli800_top-dragapult-ex-tempo-control-agent,581,second,win,PRIZES,134,0,5
CHAMPION,tb_ded5c6a6_zoli800_top-dragapult-ex-tempo-control-agent,583,second,loss,NO_BENCH,49,6,5
CHAMPION,tb_ded5c6a6_zoli800_top-dragapult-ex-tempo-control-agent,584,first,win,NO_BENCH,27,4,6
CHAMPION,tb_ded5c6a6_zoli800_top-dragapult-ex-tempo-control-agent,585,second,win,PRIZES,111,0,6
CHAMPION,tb_ded5c6a6_zoli800_top-dragapult-ex-tempo-control-agent,586,first,loss,PRIZES,168,2,0
CHAMPION,tb_ded5c6a6_zoli800_top-dragapult-ex-tempo-control-agent,587,second,win,PRIZES,134,0,5
CHAMPION,tb_ded5c6a6_zoli800_top-dragapult-ex-tempo-control-agent,588,first,win,PRIZES,111,0,6
CHAMPION,tb_ded5c6a6_zoli800_top-dragapult-ex-tempo-control-agent,589,second,win,PRIZES,93,0,6
CHAMPION,tb_ded5c6a6_zoli800_top-dragapult-ex-tempo-control-agent,590,first,win,PRIZES,100,0,6
CHAMPION,tb_ded5c6a6_zoli800_top-dragapult-ex-tempo-control-agent,591,second,win,PRIZES,160,0,5
CHAMPION,tb_ded5c6a6_zoli800_top-dragapult-ex-tempo-control-agent,592,first,loss,PRIZES,194,1,0
CHAMPION,tb_ded5c6a6_zoli800_top-dragapult-ex-tempo-control-agent,593,second,win,PRIZES,122,0,6
CHAMPION,tb_ded5c6a6_zoli800_top-dragapult-ex-tempo-control-agent,594,first,win,PRIZES,152,0,6
CHAMPION,tb_ded5c6a6_zoli800_top-dragapult-ex-tempo-control-agent,595,second,win,PRIZES,144,0,4
CHAMPION,tb_ded5c6a6_zoli800_top-dragapult-ex-tempo-control-agent,596,first,win,NO_BENCH,98,1,6
CHAMPION,tb_ded5c6a6_zoli800_top-dragapult-ex-tempo-control-agent,597,second,win,NO_BENCH,89,1,6
CHAMPION,tb_ded5c6a6_zoli800_top-dragapult-ex-tempo-control-agent,598,first,win,PRIZES,143,0,1
CHAMPION,tb_ded5c6a6_zoli800_top-dragapult-ex-tempo-control-agent,599,second,win,PRIZES,146,0,4
