opponent,arm,game_index,seat,outcome
tb_c61e540b_tetsutani_grimmsnarl-ex-damage-transfer-control,OFF,0,first,loss
tb_c61e540b_tetsutani_grimmsnarl-ex-damage-transfer-control,OFF,1,second,loss
tb_c61e540b_tetsutani_grimmsnarl-ex-damage-transfer-control,OFF,2,first,loss
tb_c61e540b_tetsutani_grimmsnarl-ex-damage-transfer-control,OFF,3,second,win
tb_c61e540b_tetsutani_grimmsnarl-ex-damage-transfer-control,OFF,4,first,loss
tb_c61e540b_tetsutani_grimmsnarl-ex-damage-transfer-control,OFF,5,second,win
tb_c61e540b_tetsutani_grimmsnarl-ex-damage-transfer-control,OFF,6,first,win
tb_c61e540b_tetsutani_grimmsnarl-ex-damage-transfer-control,OFF,7,second,loss
tb_c61e540b_tetsutani_grimmsnarl-ex-damage-transfer-control,OFF,8,first,loss
tb_c61e540b_tetsutani_grimmsnarl-ex-damage-transfer-control,OFF,9,second,loss
tb_c61e540b_tetsutani_grimmsnarl-ex-damage-transfer-control,OFF,10,first,win
tb_c61e540b_tetsutani_grimmsnarl-ex-damage-transfer-control,OFF,11,second,loss
tb_c61e540b_tetsutani_grimmsnarl-ex-damage-transfer-control,OFF,12,first,loss
tb_c61e540b_tetsutani_grimmsnarl-ex-damage-transfer-control,OFF,13,second,win
tb_c61e540b_tetsutani_grimmsnarl-ex-damage-transfer-control,OFF,14,first,loss
tb_c61e540b_tetsutani_grimmsnarl-ex-damage-transfer-control,OFF,15,second,loss
tb_c61e540b_tetsutani_grimmsnarl-ex-damage-transfer-control,OFF,16,first,win
tb_c61e540b_tetsutani_grimmsnarl-ex-damage-transfer-control,OFF,17,second,loss
tb_c61e540b_tetsutani_grimmsnarl-ex-damage-transfer-control,OFF,18,first,win
tb_c61e540b_tetsutani_grimmsnarl-ex-damage-transfer-control,OFF,19,second,loss
tb_c61e540b_tetsutani_grimmsnarl-ex-damage-transfer-control,OFF,20,first,win
tb_c61e540b_tetsutani_grimmsnarl-ex-damage-transfer-control,OFF,21,second,loss
tb_c61e540b_tetsutani_grimmsnarl-ex-damage-transfer-control,OFF,22,first,win
tb_c61e540b_tetsutani_grimmsnarl-ex-damage-transfer-control,OFF,23,second,win
tb_c61e540b_tetsutani_grimmsnarl-ex-damage-transfer-control,OFF,24,first,loss
tb_c61e540b_tetsutani_grimmsnarl-ex-damage-transfer-control,OFF,25,second,win
tb_c61e540b_tetsutani_grimmsnarl-ex-damage-transfer-control,OFF,26,first,loss
tb_c61e540b_tetsutani_grimmsnarl-ex-damage-transfer-control,OFF,27,second,loss
tb_c61e540b_tetsutani_grimmsnarl-ex-damage-transfer-control,OFF,28,first,loss
tb_c61e540b_tetsutani_grimmsnarl-ex-damage-transfer-control,OFF,29,second,loss
tb_c61e540b_tetsutani_grimmsnarl-ex-damage-transfer-control,OFF,30,first,win
tb_c61e540b_tetsutani_grimmsnarl-ex-damage-transfer-control,OFF,31,second,loss
tb_c61e540b_tetsutani_grimmsnarl-ex-damage-transfer-control,OFF,32,first,win
tb_c61e540b_tetsutani_grimmsnarl-ex-damage-transfer-control,OFF,33,second,win
tb_c61e540b_tetsutani_grimmsnarl-ex-damage-transfer-control,OFF,34,first,loss
tb_c61e540b_tetsutani_grimmsnarl-ex-damage-transfer-control,OFF,35,second,win
tb_c61e540b_tetsutani_grimmsnarl-ex-damage-transfer-control,OFF,36,first,win
tb_c61e540b_tetsutani_grimmsnarl-ex-damage-transfer-control,OFF,37,second,loss
tb_c61e540b_tetsutani_grimmsnarl-ex-damage-transfer-control,OFF,38,first,loss
tb_c61e540b_tetsutani_grimmsnarl-ex-damage-transfer-control,OFF,39,second,win
tb_c61e540b_tetsutani_grimmsnarl-ex-damage-transfer-control,OFF,40,first,win
tb_c61e540b_tetsutani_grimmsnarl-ex-damage-transfer-control,OFF,41,second,loss
tb_c61e540b_tetsutani_grimmsnarl-ex-damage-transfer-control,OFF,42,first,win
tb_c61e540b_tetsutani_grimmsnarl-ex-damage-transfer-control,OFF,43,second,win
tb_c61e540b_tetsutani_grimmsnarl-ex-damage-transfer-control,OFF,44,first,win
tb_c61e540b_tetsutani_grimmsnarl-ex-damage-transfer-control,OFF,45,second,win
tb_c61e540b_tetsutani_grimmsnarl-ex-damage-transfer-control,OFF,46,first,loss
tb_c61e540b_tetsutani_grimmsnarl-ex-damage-transfer-control,OFF,47,second,win
tb_c61e540b_tetsutani_grimmsnarl-ex-damage-transfer-control,OFF,48,first,loss
tb_c61e540b_tetsutani_grimmsnarl-ex-damage-transfer-control,OFF,49,second,loss
tb_c61e540b_tetsutani_grimmsnarl-ex-damage-transfer-control,OFF,50,first,loss
tb_c61e540b_tetsutani_grimmsnarl-ex-damage-transfer-control,OFF,51,second,win
tb_c61e540b_tetsutani_grimmsnarl-ex-damage-transfer-control,OFF,52,first,loss
tb_c61e540b_tetsutani_grimmsnarl-ex-damage-transfer-control,OFF,53,second,win
tb_c61e540b_tetsutani_grimmsnarl-ex-damage-transfer-control,OFF,54,first,win
tb_c61e540b_tetsutani_grimmsnarl-ex-damage-transfer-control,OFF,55,second,loss
tb_c61e540b_tetsutani_grimmsnarl-ex-damage-transfer-control,OFF,56,first,win
tb_c61e540b_tetsutani_grimmsnarl-ex-damage-transfer-control,OFF,57,second,win
tb_c61e540b_tetsutani_grimmsnarl-ex-damage-transfer-control,OFF,58,first,win
tb_c61e540b_tetsutani_grimmsnarl-ex-damage-transfer-control,OFF,59,second,win
tb_c61e540b_tetsutani_grimmsnarl-ex-damage-transfer-control,OFF,60,first,win
tb_c61e540b_tetsutani_grimmsnarl-ex-damage-transfer-control,OFF,61,second,loss
tb_c61e540b_tetsutani_grimmsnarl-ex-damage-transfer-control,OFF,62,first,win
tb_c61e540b_tetsutani_grimmsnarl-ex-damage-transfer-control,OFF,63,second,loss
tb_c61e540b_tetsutani_grimmsnarl-ex-damage-transfer-control,OFF,64,first,loss
tb_c61e540b_tetsutani_grimmsnarl-ex-damage-transfer-control,OFF,65,second,loss
tb_c61e540b_tetsutani_grimmsnarl-ex-damage-transfer-control,OFF,66,first,loss
tb_c61e540b_tetsutani_grimmsnarl-ex-damage-transfer-control,OFF,67,second,loss
tb_c61e540b_tetsutani_grimmsnarl-ex-damage-transfer-control,OFF,68,first,win
tb_c61e540b_tetsutani_grimmsnarl-ex-damage-transfer-control,OFF,69,second,loss
tb_c61e540b_tetsutani_grimmsnarl-ex-damage-transfer-control,OFF,70,first,loss
tb_c61e540b_tetsutani_grimmsnarl-ex-damage-transfer-control,OFF,71,second,win
tb_c61e540b_tetsutani_grimmsnarl-ex-damage-transfer-control,OFF,72,first,win
tb_c61e540b_tetsutani_grimmsnarl-ex-damage-transfer-control,OFF,73,second,win
tb_c61e540b_tetsutani_grimmsnarl-ex-damage-transfer-control,OFF,74,first,win
tb_c61e540b_tetsutani_grimmsnarl-ex-damage-transfer-control,OFF,75,second,loss
tb_c61e540b_tetsutani_grimmsnarl-ex-damage-transfer-control,OFF,76,first,win
tb_c61e540b_tetsutani_grimmsnarl-ex-damage-transfer-control,OFF,77,second,win
tb_c61e540b_tetsutani_grimmsnarl-ex-damage-transfer-control,OFF,78,first,win
tb_c61e540b_tetsutani_grimmsnarl-ex-damage-transfer-control,OFF,79,second,win
tb_c61e540b_tetsutani_grimmsnarl-ex-damage-transfer-control,OFF,80,first,loss
tb_c61e540b_tetsutani_grimmsnarl-ex-damage-transfer-control,OFF,81,second,win
tb_c61e540b_tetsutani_grimmsnarl-ex-damage-transfer-control,OFF,82,first,win
tb_c61e540b_tetsutani_grimmsnarl-ex-damage-transfer-control,OFF,83,second,win
tb_c61e540b_tetsutani_grimmsnarl-ex-damage-transfer-control,OFF,84,first,win
tb_c61e540b_tetsutani_grimmsnarl-ex-damage-transfer-control,OFF,85,second,loss
tb_c61e540b_tetsutani_grimmsnarl-ex-damage-transfer-control,OFF,86,first,loss
tb_c61e540b_tetsutani_grimmsnarl-ex-damage-transfer-control,OFF,87,second,win
tb_c61e540b_tetsutani_grimmsnarl-ex-damage-transfer-control,OFF,88,first,loss
tb_c61e540b_tetsutani_grimmsnarl-ex-damage-transfer-control,OFF,89,second,loss
tb_c61e540b_tetsutani_grimmsnarl-ex-damage-transfer-control,OFF,90,first,win
tb_c61e540b_tetsutani_grimmsnarl-ex-damage-transfer-control,OFF,91,second,win
tb_c61e540b_tetsutani_grimmsnarl-ex-damage-transfer-control,OFF,92,first,win
tb_c61e540b_tetsutani_grimmsnarl-ex-damage-transfer-control,OFF,93,second,loss
tb_c61e540b_tetsutani_grimmsnarl-ex-damage-transfer-control,OFF,94,first,win
tb_c61e540b_tetsutani_grimmsnarl-ex-damage-transfer-control,OFF,95,second,loss
tb_c61e540b_tetsutani_grimmsnarl-ex-damage-transfer-control,OFF,96,first,win
tb_c61e540b_tetsutani_grimmsnarl-ex-damage-transfer-control,OFF,97,second,win
tb_c61e540b_tetsutani_grimmsnarl-ex-damage-transfer-control,OFF,98,first,loss
tb_c61e540b_tetsutani_grimmsnarl-ex-damage-transfer-control,OFF,99,second,loss
tb_c61e540b_tetsutani_grimmsnarl-ex-damage-transfer-control,OFF,100,first,win
tb_c61e540b_tetsutani_grimmsnarl-ex-damage-transfer-control,OFF,101,second,win
tb_c61e540b_tetsutani_grimmsnarl-ex-damage-transfer-control,OFF,102,first,loss
tb_c61e540b_tetsutani_grimmsnarl-ex-damage-transfer-control,OFF,103,second,win
tb_c61e540b_tetsutani_grimmsnarl-ex-damage-transfer-control,OFF,104,first,win
tb_c61e540b_tetsutani_grimmsnarl-ex-damage-transfer-control,OFF,105,second,loss
tb_c61e540b_tetsutani_grimmsnarl-ex-damage-transfer-control,OFF,106,first,loss
tb_c61e540b_tetsutani_grimmsnarl-ex-damage-transfer-control,OFF,107,second,win
tb_c61e540b_tetsutani_grimmsnarl-ex-damage-transfer-control,OFF,108,first,win
tb_c61e540b_tetsutani_grimmsnarl-ex-damage-transfer-control,OFF,109,second,loss
tb_c61e540b_tetsutani_grimmsnarl-ex-damage-transfer-control,OFF,110,first,win
tb_c61e540b_tetsutani_grimmsnarl-ex-damage-transfer-control,OFF,111,second,win
tb_c61e540b_tetsutani_grimmsnarl-ex-damage-transfer-control,OFF,112,first,loss
tb_c61e540b_tetsutani_grimmsnarl-ex-damage-transfer-control,OFF,113,second,loss
tb_c61e540b_tetsutani_grimmsnarl-ex-damage-transfer-control,OFF,114,first,win
tb_c61e540b_tetsutani_grimmsnarl-ex-damage-transfer-control,OFF,115,second,loss
tb_c61e540b_tetsutani_grimmsnarl-ex-damage-transfer-control,OFF,116,first,win
tb_c61e540b_tetsutani_grimmsnarl-ex-damage-transfer-control,OFF,117,second,win
tb_c61e540b_tetsutani_grimmsnarl-ex-damage-transfer-control,OFF,118,first,win
tb_c61e540b_tetsutani_grimmsnarl-ex-damage-transfer-control,OFF,119,second,loss
tb_c61e540b_tetsutani_grimmsnarl-ex-damage-transfer-control,OFF,120,first,win
tb_c61e540b_tetsutani_grimmsnarl-ex-damage-transfer-control,OFF,121,second,win
tb_c61e540b_tetsutani_grimmsnarl-ex-damage-transfer-control,OFF,122,first,win
tb_c61e540b_tetsutani_grimmsnarl-ex-damage-transfer-control,OFF,123,second,win
tb_c61e540b_tetsutani_grimmsnarl-ex-damage-transfer-control,OFF,124,first,win
tb_c61e540b_tetsutani_grimmsnarl-ex-damage-transfer-control,OFF,125,second,win
tb_c61e540b_tetsutani_grimmsnarl-ex-damage-transfer-control,OFF,126,first,win
tb_c61e540b_tetsutani_grimmsnarl-ex-damage-transfer-control,OFF,127,second,win
tb_c61e540b_tetsutani_grimmsnarl-ex-damage-transfer-control,OFF,128,first,win
tb_c61e540b_tetsutani_grimmsnarl-ex-damage-transfer-control,OFF,129,second,loss
tb_c61e540b_tetsutani_grimmsnarl-ex-damage-transfer-control,OFF,130,first,loss
tb_c61e540b_tetsutani_grimmsnarl-ex-damage-transfer-control,OFF,131,second,win
tb_c61e540b_tetsutani_grimmsnarl-ex-damage-transfer-control,OFF,132,first,loss
tb_c61e540b_tetsutani_grimmsnarl-ex-damage-transfer-control,OFF,133,second,win
tb_c61e540b_tetsutani_grimmsnarl-ex-damage-transfer-control,OFF,134,first,loss
tb_c61e540b_tetsutani_grimmsnarl-ex-damage-transfer-control,OFF,135,second,win
tb_c61e540b_tetsutani_grimmsnarl-ex-damage-transfer-control,OFF,136,first,win
tb_c61e540b_tetsutani_grimmsnarl-ex-damage-transfer-control,OFF,137,second,win
tb_c61e540b_tetsutani_grimmsnarl-ex-damage-transfer-control,OFF,138,first,win
tb_c61e540b_tetsutani_grimmsnarl-ex-damage-transfer-control,OFF,139,second,loss
tb_c61e540b_tetsutani_grimmsnarl-ex-damage-transfer-control,OFF,140,first,loss
tb_c61e540b_tetsutani_grimmsnarl-ex-damage-transfer-control,OFF,141,second,win
tb_c61e540b_tetsutani_grimmsnarl-ex-damage-transfer-control,OFF,142,first,loss
tb_c61e540b_tetsutani_grimmsnarl-ex-damage-transfer-control,OFF,143,second,loss
tb_c61e540b_tetsutani_grimmsnarl-ex-damage-transfer-control,OFF,144,first,loss
tb_c61e540b_tetsutani_grimmsnarl-ex-damage-transfer-control,OFF,145,second,loss
tb_c61e540b_tetsutani_grimmsnarl-ex-damage-transfer-control,OFF,146,first,loss
tb_c61e540b_tetsutani_grimmsnarl-ex-damage-transfer-control,OFF,147,second,win
tb_c61e540b_tetsutani_grimmsnarl-ex-damage-transfer-control,OFF,148,first,loss
tb_c61e540b_tetsutani_grimmsnarl-ex-damage-transfer-control,OFF,149,second,win
tb_c61e540b_tetsutani_grimmsnarl-ex-damage-transfer-control,OFF,150,first,loss
tb_c61e540b_tetsutani_grimmsnarl-ex-damage-transfer-control,OFF,151,second,loss
tb_c61e540b_tetsutani_grimmsnarl-ex-damage-transfer-control,OFF,152,first,loss
tb_c61e540b_tetsutani_grimmsnarl-ex-damage-transfer-control,OFF,153,second,loss
tb_c61e540b_tetsutani_grimmsnarl-ex-damage-transfer-control,OFF,154,first,win
tb_c61e540b_tetsutani_grimmsnarl-ex-damage-transfer-control,OFF,155,second,loss
tb_c61e540b_tetsutani_grimmsnarl-ex-damage-transfer-control,OFF,156,first,win
tb_c61e540b_tetsutani_grimmsnarl-ex-damage-transfer-control,OFF,157,second,loss
tb_c61e540b_tetsutani_grimmsnarl-ex-damage-transfer-control,OFF,158,first,loss
tb_c61e540b_tetsutani_grimmsnarl-ex-damage-transfer-control,OFF,159,second,loss
tb_c61e540b_tetsutani_grimmsnarl-ex-damage-transfer-control,OFF,160,first,win
tb_c61e540b_tetsutani_grimmsnarl-ex-damage-transfer-control,OFF,161,second,win
tb_c61e540b_tetsutani_grimmsnarl-ex-damage-transfer-control,OFF,162,first,loss
tb_c61e540b_tetsutani_grimmsnarl-ex-damage-transfer-control,OFF,163,second,loss
tb_c61e540b_tetsutani_grimmsnarl-ex-damage-transfer-control,OFF,164,first,loss
tb_c61e540b_tetsutani_grimmsnarl-ex-damage-transfer-control,OFF,165,second,win
tb_c61e540b_tetsutani_grimmsnarl-ex-damage-transfer-control,OFF,166,first,loss
tb_c61e540b_tetsutani_grimmsnarl-ex-damage-transfer-control,OFF,167,second,loss
tb_c61e540b_tetsutani_grimmsnarl-ex-damage-transfer-control,OFF,168,first,loss
tb_c61e540b_tetsutani_grimmsnarl-ex-damage-transfer-control,OFF,169,second,loss
tb_c61e540b_tetsutani_grimmsnarl-ex-damage-transfer-control,OFF,170,first,loss
tb_c61e540b_tetsutani_grimmsnarl-ex-damage-transfer-control,OFF,171,second,loss
tb_c61e540b_tetsutani_grimmsnarl-ex-damage-transfer-control,OFF,172,first,win
tb_c61e540b_tetsutani_grimmsnarl-ex-damage-transfer-control,OFF,173,second,loss
tb_c61e540b_tetsutani_grimmsnarl-ex-damage-transfer-control,OFF,174,first,loss
tb_c61e540b_tetsutani_grimmsnarl-ex-damage-transfer-control,OFF,175,second,loss
tb_c61e540b_tetsutani_grimmsnarl-ex-damage-transfer-control,OFF,176,first,loss
tb_c61e540b_tetsutani_grimmsnarl-ex-damage-transfer-control,OFF,177,second,loss
tb_c61e540b_tetsutani_grimmsnarl-ex-damage-transfer-control,OFF,178,first,win
tb_c61e540b_tetsutani_grimmsnarl-ex-damage-transfer-control,OFF,179,second,win
tb_c61e540b_tetsutani_grimmsnarl-ex-damage-transfer-control,OFF,180,first,win
tb_c61e540b_tetsutani_grimmsnarl-ex-damage-transfer-control,OFF,181,second,win
tb_c61e540b_tetsutani_grimmsnarl-ex-damage-transfer-control,OFF,182,first,loss
tb_c61e540b_tetsutani_grimmsnarl-ex-damage-transfer-control,OFF,183,second,loss
tb_c61e540b_tetsutani_grimmsnarl-ex-damage-transfer-control,OFF,184,first,win
tb_c61e540b_tetsutani_grimmsnarl-ex-damage-transfer-control,OFF,185,second,loss
tb_c61e540b_tetsutani_grimmsnarl-ex-damage-transfer-control,OFF,186,first,win
tb_c61e540b_tetsutani_grimmsnarl-ex-damage-transfer-control,OFF,187,second,win
tb_c61e540b_tetsutani_grimmsnarl-ex-damage-transfer-control,OFF,188,first,win
tb_c61e540b_tetsutani_grimmsnarl-ex-damage-transfer-control,OFF,189,second,loss
tb_c61e540b_tetsutani_grimmsnarl-ex-damage-transfer-control,OFF,190,first,loss
tb_c61e540b_tetsutani_grimmsnarl-ex-damage-transfer-control,OFF,191,second,loss
tb_c61e540b_tetsutani_grimmsnarl-ex-damage-transfer-control,OFF,192,first,win
tb_c61e540b_tetsutani_grimmsnarl-ex-damage-transfer-control,OFF,193,second,loss
tb_c61e540b_tetsutani_grimmsnarl-ex-damage-transfer-control,OFF,194,first,loss
tb_c61e540b_tetsutani_grimmsnarl-ex-damage-transfer-control,OFF,195,second,loss
tb_c61e540b_tetsutani_grimmsnarl-ex-damage-transfer-control,OFF,196,first,loss
tb_c61e540b_tetsutani_grimmsnarl-ex-damage-transfer-control,OFF,197,second,loss
tb_c61e540b_tetsutani_grimmsnarl-ex-damage-transfer-control,OFF,198,first,loss
tb_c61e540b_tetsutani_grimmsnarl-ex-damage-transfer-control,OFF,199,second,loss
tb_c61e540b_tetsutani_grimmsnarl-ex-damage-transfer-control,OFF,200,first,loss
tb_c61e540b_tetsutani_grimmsnarl-ex-damage-transfer-control,OFF,201,second,loss
tb_c61e540b_tetsutani_grimmsnarl-ex-damage-transfer-control,OFF,202,first,loss
tb_c61e540b_tetsutani_grimmsnarl-ex-damage-transfer-control,OFF,203,second,draw
tb_c61e540b_tetsutani_grimmsnarl-ex-damage-transfer-control,OFF,204,first,loss
tb_c61e540b_tetsutani_grimmsnarl-ex-damage-transfer-control,OFF,205,second,loss
tb_c61e540b_tetsutani_grimmsnarl-ex-damage-transfer-control,OFF,206,first,loss
tb_c61e540b_tetsutani_grimmsnarl-ex-damage-transfer-control,OFF,207,second,loss
tb_c61e540b_tetsutani_grimmsnarl-ex-damage-transfer-control,OFF,208,first,loss
tb_c61e540b_tetsutani_grimmsnarl-ex-damage-transfer-control,OFF,209,second,loss
tb_c61e540b_tetsutani_grimmsnarl-ex-damage-transfer-control,OFF,210,first,loss
tb_c61e540b_tetsutani_grimmsnarl-ex-damage-transfer-control,OFF,211,second,loss
tb_c61e540b_tetsutani_grimmsnarl-ex-damage-transfer-control,OFF,212,first,win
tb_c61e540b_tetsutani_grimmsnarl-ex-damage-transfer-control,OFF,213,second,loss
tb_c61e540b_tetsutani_grimmsnarl-ex-damage-transfer-control,OFF,214,first,loss
tb_c61e540b_tetsutani_grimmsnarl-ex-damage-transfer-control,OFF,215,second,loss
tb_c61e540b_tetsutani_grimmsnarl-ex-damage-transfer-control,OFF,216,first,loss
tb_c61e540b_tetsutani_grimmsnarl-ex-damage-transfer-control,OFF,217,second,win
tb_c61e540b_tetsutani_grimmsnarl-ex-damage-transfer-control,OFF,218,first,win
tb_c61e540b_tetsutani_grimmsnarl-ex-damage-transfer-control,OFF,219,second,win
tb_c61e540b_tetsutani_grimmsnarl-ex-damage-transfer-control,OFF,220,first,loss
tb_c61e540b_tetsutani_grimmsnarl-ex-damage-transfer-control,OFF,221,second,win
tb_c61e540b_tetsutani_grimmsnarl-ex-damage-transfer-control,OFF,222,first,loss
tb_c61e540b_tetsutani_grimmsnarl-ex-damage-transfer-control,OFF,223,second,win
tb_c61e540b_tetsutani_grimmsnarl-ex-damage-transfer-control,OFF,224,first,win
tb_c61e540b_tetsutani_grimmsnarl-ex-damage-transfer-control,OFF,225,second,loss
tb_c61e540b_tetsutani_grimmsnarl-ex-damage-transfer-control,OFF,226,first,win
tb_c61e540b_tetsutani_grimmsnarl-ex-damage-transfer-control,OFF,227,second,loss
tb_c61e540b_tetsutani_grimmsnarl-ex-damage-transfer-control,OFF,228,first,win
tb_c61e540b_tetsutani_grimmsnarl-ex-damage-transfer-control,OFF,229,second,win
tb_c61e540b_tetsutani_grimmsnarl-ex-damage-transfer-control,OFF,230,first,win
tb_c61e540b_tetsutani_grimmsnarl-ex-damage-transfer-control,OFF,231,second,loss
tb_c61e540b_tetsutani_grimmsnarl-ex-damage-transfer-control,OFF,232,first,win
tb_c61e540b_tetsutani_grimmsnarl-ex-damage-transfer-control,OFF,233,second,loss
tb_c61e540b_tetsutani_grimmsnarl-ex-damage-transfer-control,OFF,234,first,loss
tb_c61e540b_tetsutani_grimmsnarl-ex-damage-transfer-control,OFF,235,second,win
tb_c61e540b_tetsutani_grimmsnarl-ex-damage-transfer-control,OFF,236,first,win
tb_c61e540b_tetsutani_grimmsnarl-ex-damage-transfer-control,OFF,237,second,loss
tb_c61e540b_tetsutani_grimmsnarl-ex-damage-transfer-control,OFF,238,first,win
tb_c61e540b_tetsutani_grimmsnarl-ex-damage-transfer-control,OFF,239,second,loss
tb_c61e540b_tetsutani_grimmsnarl-ex-damage-transfer-control,OFF,240,first,win
tb_c61e540b_tetsutani_grimmsnarl-ex-damage-transfer-control,OFF,241,second,win
tb_c61e540b_tetsutani_grimmsnarl-ex-damage-transfer-control,OFF,242,first,win
tb_c61e540b_tetsutani_grimmsnarl-ex-damage-transfer-control,OFF,243,second,win
tb_c61e540b_tetsutani_grimmsnarl-ex-damage-transfer-control,OFF,244,first,loss
tb_c61e540b_tetsutani_grimmsnarl-ex-damage-transfer-control,OFF,245,second,loss
tb_c61e540b_tetsutani_grimmsnarl-ex-damage-transfer-control,OFF,246,first,loss
tb_c61e540b_tetsutani_grimmsnarl-ex-damage-transfer-control,OFF,247,second,win
tb_c61e540b_tetsutani_grimmsnarl-ex-damage-transfer-control,OFF,248,first,loss
tb_c61e540b_tetsutani_grimmsnarl-ex-damage-transfer-control,OFF,249,second,loss
tb_c61e540b_tetsutani_grimmsnarl-ex-damage-transfer-control,OFF,250,first,win
tb_c61e540b_tetsutani_grimmsnarl-ex-damage-transfer-control,OFF,251,second,win
tb_c61e540b_tetsutani_grimmsnarl-ex-damage-transfer-control,OFF,252,first,loss
tb_c61e540b_tetsutani_grimmsnarl-ex-damage-transfer-control,OFF,253,second,win
tb_c61e540b_tetsutani_grimmsnarl-ex-damage-transfer-control,OFF,254,first,loss
tb_c61e540b_tetsutani_grimmsnarl-ex-damage-transfer-control,OFF,255,second,loss
tb_c61e540b_tetsutani_grimmsnarl-ex-damage-transfer-control,OFF,256,first,win
tb_c61e540b_tetsutani_grimmsnarl-ex-damage-transfer-control,OFF,257,second,loss
tb_c61e540b_tetsutani_grimmsnarl-ex-damage-transfer-control,OFF,258,first,win
tb_c61e540b_tetsutani_grimmsnarl-ex-damage-transfer-control,OFF,259,second,loss
tb_c61e540b_tetsutani_grimmsnarl-ex-damage-transfer-control,OFF,260,first,win
tb_c61e540b_tetsutani_grimmsnarl-ex-damage-transfer-control,OFF,261,second,loss
tb_c61e540b_tetsutani_grimmsnarl-ex-damage-transfer-control,OFF,262,first,loss
tb_c61e540b_tetsutani_grimmsnarl-ex-damage-transfer-control,OFF,263,second,loss
tb_c61e540b_tetsutani_grimmsnarl-ex-damage-transfer-control,OFF,264,first,loss
tb_c61e540b_tetsutani_grimmsnarl-ex-damage-transfer-control,OFF,265,second,win
tb_c61e540b_tetsutani_grimmsnarl-ex-damage-transfer-control,OFF,266,first,loss
tb_c61e540b_tetsutani_grimmsnarl-ex-damage-transfer-control,OFF,267,second,loss
tb_c61e540b_tetsutani_grimmsnarl-ex-damage-transfer-control,OFF,268,first,win
tb_c61e540b_tetsutani_grimmsnarl-ex-damage-transfer-control,OFF,269,second,loss
tb_c61e540b_tetsutani_grimmsnarl-ex-damage-transfer-control,OFF,270,first,win
tb_c61e540b_tetsutani_grimmsnarl-ex-damage-transfer-control,OFF,271,second,loss
tb_c61e540b_tetsutani_grimmsnarl-ex-damage-transfer-control,OFF,272,first,loss
tb_c61e540b_tetsutani_grimmsnarl-ex-damage-transfer-control,OFF,273,second,loss
tb_c61e540b_tetsutani_grimmsnarl-ex-damage-transfer-control,OFF,274,first,loss
tb_c61e540b_tetsutani_grimmsnarl-ex-damage-transfer-control,OFF,275,second,loss
tb_c61e540b_tetsutani_grimmsnarl-ex-damage-transfer-control,OFF,276,first,win
tb_c61e540b_tetsutani_grimmsnarl-ex-damage-transfer-control,OFF,277,second,win
tb_c61e540b_tetsutani_grimmsnarl-ex-damage-transfer-control,OFF,278,first,loss
tb_c61e540b_tetsutani_grimmsnarl-ex-damage-transfer-control,OFF,279,second,win
tb_c61e540b_tetsutani_grimmsnarl-ex-damage-transfer-control,OFF,280,first,loss
tb_c61e540b_tetsutani_grimmsnarl-ex-damage-transfer-control,OFF,281,second,win
tb_c61e540b_tetsutani_grimmsnarl-ex-damage-transfer-control,OFF,282,first,loss
tb_c61e540b_tetsutani_grimmsnarl-ex-damage-transfer-control,OFF,283,second,loss
tb_c61e540b_tetsutani_grimmsnarl-ex-damage-transfer-control,OFF,284,first,win
tb_c61e540b_tetsutani_grimmsnarl-ex-damage-transfer-control,OFF,285,second,loss
tb_c61e540b_tetsutani_grimmsnarl-ex-damage-transfer-control,OFF,286,first,win
tb_c61e540b_tetsutani_grimmsnarl-ex-damage-transfer-control,OFF,287,second,loss
tb_c61e540b_tetsutani_grimmsnarl-ex-damage-transfer-control,OFF,288,first,loss
tb_c61e540b_tetsutani_grimmsnarl-ex-damage-transfer-control,OFF,289,second,loss
tb_c61e540b_tetsutani_grimmsnarl-ex-damage-transfer-control,OFF,290,first,win
tb_c61e540b_tetsutani_grimmsnarl-ex-damage-transfer-control,OFF,291,second,win
tb_c61e540b_tetsutani_grimmsnarl-ex-damage-transfer-control,OFF,292,first,loss
tb_c61e540b_tetsutani_grimmsnarl-ex-damage-transfer-control,OFF,293,second,loss
tb_c61e540b_tetsutani_grimmsnarl-ex-damage-transfer-control,OFF,294,first,loss
tb_c61e540b_tetsutani_grimmsnarl-ex-damage-transfer-control,OFF,295,second,loss
tb_c61e540b_tetsutani_grimmsnarl-ex-damage-transfer-control,OFF,296,first,win
tb_c61e540b_tetsutani_grimmsnarl-ex-damage-transfer-control,OFF,297,second,loss
tb_c61e540b_tetsutani_grimmsnarl-ex-damage-transfer-control,OFF,298,first,loss
tb_c61e540b_tetsutani_grimmsnarl-ex-damage-transfer-control,OFF,299,second,loss
tb_c61e540b_tetsutani_grimmsnarl-ex-damage-transfer-control,OFF,300,first,loss
tb_c61e540b_tetsutani_grimmsnarl-ex-damage-transfer-control,OFF,301,second,loss
tb_c61e540b_tetsutani_grimmsnarl-ex-damage-transfer-control,OFF,302,first,loss
tb_c61e540b_tetsutani_grimmsnarl-ex-damage-transfer-control,OFF,303,second,loss
tb_c61e540b_tetsutani_grimmsnarl-ex-damage-transfer-control,OFF,304,first,loss
tb_c61e540b_tetsutani_grimmsnarl-ex-damage-transfer-control,OFF,305,second,loss
tb_c61e540b_tetsutani_grimmsnarl-ex-damage-transfer-control,OFF,306,first,loss
tb_c61e540b_tetsutani_grimmsnarl-ex-damage-transfer-control,OFF,307,second,loss
tb_c61e540b_tetsutani_grimmsnarl-ex-damage-transfer-control,OFF,308,first,win
tb_c61e540b_tetsutani_grimmsnarl-ex-damage-transfer-control,OFF,309,second,loss
tb_c61e540b_tetsutani_grimmsnarl-ex-damage-transfer-control,OFF,310,first,loss
tb_c61e540b_tetsutani_grimmsnarl-ex-damage-transfer-control,OFF,311,second,win
tb_c61e540b_tetsutani_grimmsnarl-ex-damage-transfer-control,OFF,312,first,loss
tb_c61e540b_tetsutani_grimmsnarl-ex-damage-transfer-control,OFF,313,second,win
tb_c61e540b_tetsutani_grimmsnarl-ex-damage-transfer-control,OFF,314,first,loss
tb_c61e540b_tetsutani_grimmsnarl-ex-damage-transfer-control,OFF,315,second,win
tb_c61e540b_tetsutani_grimmsnarl-ex-damage-transfer-control,OFF,316,first,loss
tb_c61e540b_tetsutani_grimmsnarl-ex-damage-transfer-control,OFF,317,second,loss
tb_c61e540b_tetsutani_grimmsnarl-ex-damage-transfer-control,OFF,318,first,win
tb_c61e540b_tetsutani_grimmsnarl-ex-damage-transfer-control,OFF,319,second,loss
tb_c61e540b_tetsutani_grimmsnarl-ex-damage-transfer-control,OFF,320,first,win
tb_c61e540b_tetsutani_grimmsnarl-ex-damage-transfer-control,OFF,321,second,win
tb_c61e540b_tetsutani_grimmsnarl-ex-damage-transfer-control,OFF,322,first,loss
tb_c61e540b_tetsutani_grimmsnarl-ex-damage-transfer-control,OFF,323,second,loss
tb_c61e540b_tetsutani_grimmsnarl-ex-damage-transfer-control,OFF,324,first,loss
tb_c61e540b_tetsutani_grimmsnarl-ex-damage-transfer-control,OFF,325,second,loss
tb_c61e540b_tetsutani_grimmsnarl-ex-damage-transfer-control,OFF,326,first,win
tb_c61e540b_tetsutani_grimmsnarl-ex-damage-transfer-control,OFF,327,second,loss
tb_c61e540b_tetsutani_grimmsnarl-ex-damage-transfer-control,OFF,328,first,win
tb_c61e540b_tetsutani_grimmsnarl-ex-damage-transfer-control,OFF,329,second,loss
tb_c61e540b_tetsutani_grimmsnarl-ex-damage-transfer-control,OFF,330,first,win
tb_c61e540b_tetsutani_grimmsnarl-ex-damage-transfer-control,OFF,331,second,loss
tb_c61e540b_tetsutani_grimmsnarl-ex-damage-transfer-control,OFF,332,first,loss
tb_c61e540b_tetsutani_grimmsnarl-ex-damage-transfer-control,OFF,333,second,loss
tb_c61e540b_tetsutani_grimmsnarl-ex-damage-transfer-control,OFF,334,first,loss
tb_c61e540b_tetsutani_grimmsnarl-ex-damage-transfer-control,OFF,335,second,win
tb_c61e540b_tetsutani_grimmsnarl-ex-damage-transfer-control,OFF,336,first,loss
tb_c61e540b_tetsutani_grimmsnarl-ex-damage-transfer-control,OFF,337,second,loss
tb_c61e540b_tetsutani_grimmsnarl-ex-damage-transfer-control,OFF,338,first,loss
tb_c61e540b_tetsutani_grimmsnarl-ex-damage-transfer-control,OFF,339,second,win
tb_c61e540b_tetsutani_grimmsnarl-ex-damage-transfer-control,OFF,340,first,win
tb_c61e540b_tetsutani_grimmsnarl-ex-damage-transfer-control,OFF,341,second,draw
tb_c61e540b_tetsutani_grimmsnarl-ex-damage-transfer-control,OFF,342,first,loss
tb_c61e540b_tetsutani_grimmsnarl-ex-damage-transfer-control,OFF,343,second,loss
tb_c61e540b_tetsutani_grimmsnarl-ex-damage-transfer-control,OFF,344,first,loss
tb_c61e540b_tetsutani_grimmsnarl-ex-damage-transfer-control,OFF,345,second,loss
tb_c61e540b_tetsutani_grimmsnarl-ex-damage-transfer-control,OFF,346,first,loss
tb_c61e540b_tetsutani_grimmsnarl-ex-damage-transfer-control,OFF,347,second,win
tb_c61e540b_tetsutani_grimmsnarl-ex-damage-transfer-control,OFF,348,first,loss
tb_c61e540b_tetsutani_grimmsnarl-ex-damage-transfer-control,OFF,349,second,loss
tb_c61e540b_tetsutani_grimmsnarl-ex-damage-transfer-control,OFF,350,first,loss
tb_c61e540b_tetsutani_grimmsnarl-ex-damage-transfer-control,OFF,351,second,win
tb_c61e540b_tetsutani_grimmsnarl-ex-damage-transfer-control,OFF,352,first,win
tb_c61e540b_tetsutani_grimmsnarl-ex-damage-transfer-control,OFF,353,second,loss
tb_c61e540b_tetsutani_grimmsnarl-ex-damage-transfer-control,OFF,354,first,loss
tb_c61e540b_tetsutani_grimmsnarl-ex-damage-transfer-control,OFF,355,second,win
tb_c61e540b_tetsutani_grimmsnarl-ex-damage-transfer-control,OFF,356,first,win
tb_c61e540b_tetsutani_grimmsnarl-ex-damage-transfer-control,OFF,357,second,win
tb_c61e540b_tetsutani_grimmsnarl-ex-damage-transfer-control,OFF,358,first,win
tb_c61e540b_tetsutani_grimmsnarl-ex-damage-transfer-control,OFF,359,second,loss
tb_c61e540b_tetsutani_grimmsnarl-ex-damage-transfer-control,OFF,360,first,loss
tb_c61e540b_tetsutani_grimmsnarl-ex-damage-transfer-control,OFF,361,second,loss
tb_c61e540b_tetsutani_grimmsnarl-ex-damage-transfer-control,OFF,362,first,win
tb_c61e540b_tetsutani_grimmsnarl-ex-damage-transfer-control,OFF,363,second,loss
tb_c61e540b_tetsutani_grimmsnarl-ex-damage-transfer-control,OFF,364,first,loss
tb_c61e540b_tetsutani_grimmsnarl-ex-damage-transfer-control,OFF,365,second,loss
tb_c61e540b_tetsutani_grimmsnarl-ex-damage-transfer-control,OFF,366,first,loss
tb_c61e540b_tetsutani_grimmsnarl-ex-damage-transfer-control,OFF,367,second,win
tb_c61e540b_tetsutani_grimmsnarl-ex-damage-transfer-control,OFF,368,first,loss
tb_c61e540b_tetsutani_grimmsnarl-ex-damage-transfer-control,OFF,369,second,loss
tb_c61e540b_tetsutani_grimmsnarl-ex-damage-transfer-control,OFF,370,first,loss
tb_c61e540b_tetsutani_grimmsnarl-ex-damage-transfer-control,OFF,371,second,loss
tb_c61e540b_tetsutani_grimmsnarl-ex-damage-transfer-control,OFF,372,first,loss
tb_c61e540b_tetsutani_grimmsnarl-ex-damage-transfer-control,OFF,373,second,loss
tb_c61e540b_tetsutani_grimmsnarl-ex-damage-transfer-control,OFF,374,first,loss
tb_c61e540b_tetsutani_grimmsnarl-ex-damage-transfer-control,OFF,375,second,win
tb_c61e540b_tetsutani_grimmsnarl-ex-damage-transfer-control,OFF,376,first,win
tb_c61e540b_tetsutani_grimmsnarl-ex-damage-transfer-control,OFF,377,second,win
tb_c61e540b_tetsutani_grimmsnarl-ex-damage-transfer-control,OFF,378,first,loss
tb_c61e540b_tetsutani_grimmsnarl-ex-damage-transfer-control,OFF,379,second,loss
tb_c61e540b_tetsutani_grimmsnarl-ex-damage-transfer-control,OFF,380,first,win
tb_c61e540b_tetsutani_grimmsnarl-ex-damage-transfer-control,OFF,381,second,loss
tb_c61e540b_tetsutani_grimmsnarl-ex-damage-transfer-control,OFF,382,first,loss
tb_c61e540b_tetsutani_grimmsnarl-ex-damage-transfer-control,OFF,383,second,loss
tb_c61e540b_tetsutani_grimmsnarl-ex-damage-transfer-control,OFF,384,first,loss
tb_c61e540b_tetsutani_grimmsnarl-ex-damage-transfer-control,OFF,385,second,win
tb_c61e540b_tetsutani_grimmsnarl-ex-damage-transfer-control,OFF,386,first,loss
tb_c61e540b_tetsutani_grimmsnarl-ex-damage-transfer-control,OFF,387,second,loss
tb_c61e540b_tetsutani_grimmsnarl-ex-damage-transfer-control,OFF,388,first,draw
tb_c61e540b_tetsutani_grimmsnarl-ex-damage-transfer-control,OFF,389,second,loss
tb_c61e540b_tetsutani_grimmsnarl-ex-damage-transfer-control,OFF,390,first,loss
tb_c61e540b_tetsutani_grimmsnarl-ex-damage-transfer-control,OFF,391,second,loss
tb_c61e540b_tetsutani_grimmsnarl-ex-damage-transfer-control,OFF,392,first,loss
tb_c61e540b_tetsutani_grimmsnarl-ex-damage-transfer-control,OFF,393,second,win
tb_c61e540b_tetsutani_grimmsnarl-ex-damage-transfer-control,OFF,394,first,win
tb_c61e540b_tetsutani_grimmsnarl-ex-damage-transfer-control,OFF,395,second,win
tb_c61e540b_tetsutani_grimmsnarl-ex-damage-transfer-control,OFF,396,first,win
tb_c61e540b_tetsutani_grimmsnarl-ex-damage-transfer-control,OFF,397,second,win
tb_c61e540b_tetsutani_grimmsnarl-ex-damage-transfer-control,OFF,398,first,loss
tb_c61e540b_tetsutani_grimmsnarl-ex-damage-transfer-control,OFF,399,second,loss
tb_c61e540b_tetsutani_grimmsnarl-ex-damage-transfer-control,OFF,400,first,win
tb_c61e540b_tetsutani_grimmsnarl-ex-damage-transfer-control,OFF,401,second,win
tb_c61e540b_tetsutani_grimmsnarl-ex-damage-transfer-control,OFF,402,first,win
tb_c61e540b_tetsutani_grimmsnarl-ex-damage-transfer-control,OFF,403,second,win
tb_c61e540b_tetsutani_grimmsnarl-ex-damage-transfer-control,OFF,404,first,win
tb_c61e540b_tetsutani_grimmsnarl-ex-damage-transfer-control,OFF,405,second,loss
tb_c61e540b_tetsutani_grimmsnarl-ex-damage-transfer-control,OFF,406,first,draw
tb_c61e540b_tetsutani_grimmsnarl-ex-damage-transfer-control,OFF,407,second,win
tb_c61e540b_tetsutani_grimmsnarl-ex-damage-transfer-control,OFF,408,first,loss
tb_c61e540b_tetsutani_grimmsnarl-ex-damage-transfer-control,OFF,409,second,loss
tb_c61e540b_tetsutani_grimmsnarl-ex-damage-transfer-control,OFF,410,first,loss
tb_c61e540b_tetsutani_grimmsnarl-ex-damage-transfer-control,OFF,411,second,loss
tb_c61e540b_tetsutani_grimmsnarl-ex-damage-transfer-control,OFF,412,first,win
tb_c61e540b_tetsutani_grimmsnarl-ex-damage-transfer-control,OFF,413,second,loss
tb_c61e540b_tetsutani_grimmsnarl-ex-damage-transfer-control,OFF,414,first,loss
tb_c61e540b_tetsutani_grimmsnarl-ex-damage-transfer-control,OFF,415,second,win
tb_c61e540b_tetsutani_grimmsnarl-ex-damage-transfer-control,OFF,416,first,loss
tb_c61e540b_tetsutani_grimmsnarl-ex-damage-transfer-control,OFF,417,second,loss
tb_c61e540b_tetsutani_grimmsnarl-ex-damage-transfer-control,OFF,418,first,loss
tb_c61e540b_tetsutani_grimmsnarl-ex-damage-transfer-control,OFF,419,second,loss
tb_c61e540b_tetsutani_grimmsnarl-ex-damage-transfer-control,OFF,420,first,loss
tb_c61e540b_tetsutani_grimmsnarl-ex-damage-transfer-control,OFF,421,second,loss
tb_c61e540b_tetsutani_grimmsnarl-ex-damage-transfer-control,OFF,422,first,win
tb_c61e540b_tetsutani_grimmsnarl-ex-damage-transfer-control,OFF,423,second,loss
tb_c61e540b_tetsutani_grimmsnarl-ex-damage-transfer-control,OFF,424,first,loss
tb_c61e540b_tetsutani_grimmsnarl-ex-damage-transfer-control,OFF,425,second,loss
tb_c61e540b_tetsutani_grimmsnarl-ex-damage-transfer-control,OFF,426,first,loss
tb_c61e540b_tetsutani_grimmsnarl-ex-damage-transfer-control,OFF,427,second,win
tb_c61e540b_tetsutani_grimmsnarl-ex-damage-transfer-control,OFF,428,first,win
tb_c61e540b_tetsutani_grimmsnarl-ex-damage-transfer-control,OFF,429,second,loss
tb_c61e540b_tetsutani_grimmsnarl-ex-damage-transfer-control,OFF,430,first,loss
tb_c61e540b_tetsutani_grimmsnarl-ex-damage-transfer-control,OFF,431,second,win
tb_c61e540b_tetsutani_grimmsnarl-ex-damage-transfer-control,OFF,432,first,win
tb_c61e540b_tetsutani_grimmsnarl-ex-damage-transfer-control,OFF,433,second,loss
tb_c61e540b_tetsutani_grimmsnarl-ex-damage-transfer-control,OFF,434,first,win
tb_c61e540b_tetsutani_grimmsnarl-ex-damage-transfer-control,OFF,435,second,loss
tb_c61e540b_tetsutani_grimmsnarl-ex-damage-transfer-control,OFF,436,first,loss
tb_c61e540b_tetsutani_grimmsnarl-ex-damage-transfer-control,OFF,437,second,loss
tb_c61e540b_tetsutani_grimmsnarl-ex-damage-transfer-control,OFF,438,first,loss
tb_c61e540b_tetsutani_grimmsnarl-ex-damage-transfer-control,OFF,439,second,loss
tb_c61e540b_tetsutani_grimmsnarl-ex-damage-transfer-control,OFF,440,first,win
tb_c61e540b_tetsutani_grimmsnarl-ex-damage-transfer-control,OFF,441,second,win
tb_c61e540b_tetsutani_grimmsnarl-ex-damage-transfer-control,OFF,442,first,win
tb_c61e540b_tetsutani_grimmsnarl-ex-damage-transfer-control,OFF,443,second,win
tb_c61e540b_tetsutani_grimmsnarl-ex-damage-transfer-control,OFF,444,first,loss
tb_c61e540b_tetsutani_grimmsnarl-ex-damage-transfer-control,OFF,445,second,win
tb_c61e540b_tetsutani_grimmsnarl-ex-damage-transfer-control,OFF,446,first,loss
tb_c61e540b_tetsutani_grimmsnarl-ex-damage-transfer-control,OFF,447,second,loss
tb_c61e540b_tetsutani_grimmsnarl-ex-damage-transfer-control,OFF,448,first,loss
tb_c61e540b_tetsutani_grimmsnarl-ex-damage-transfer-control,OFF,449,second,loss
tb_c61e540b_tetsutani_grimmsnarl-ex-damage-transfer-control,OFF,450,first,loss
tb_c61e540b_tetsutani_grimmsnarl-ex-damage-transfer-control,OFF,451,second,loss
tb_c61e540b_tetsutani_grimmsnarl-ex-damage-transfer-control,OFF,452,first,win
tb_c61e540b_tetsutani_grimmsnarl-ex-damage-transfer-control,OFF,453,second,loss
tb_c61e540b_tetsutani_grimmsnarl-ex-damage-transfer-control,OFF,454,first,loss
tb_c61e540b_tetsutani_grimmsnarl-ex-damage-transfer-control,OFF,455,second,loss
tb_c61e540b_tetsutani_grimmsnarl-ex-damage-transfer-control,OFF,456,first,win
tb_c61e540b_tetsutani_grimmsnarl-ex-damage-transfer-control,OFF,457,second,loss
tb_c61e540b_tetsutani_grimmsnarl-ex-damage-transfer-control,OFF,458,first,win
tb_c61e540b_tetsutani_grimmsnarl-ex-damage-transfer-control,OFF,459,second,loss
tb_c61e540b_tetsutani_grimmsnarl-ex-damage-transfer-control,OFF,460,first,loss
tb_c61e540b_tetsutani_grimmsnarl-ex-damage-transfer-control,OFF,461,second,win
tb_c61e540b_tetsutani_grimmsnarl-ex-damage-transfer-control,OFF,462,first,loss
tb_c61e540b_tetsutani_grimmsnarl-ex-damage-transfer-control,OFF,463,second,loss
tb_c61e540b_tetsutani_grimmsnarl-ex-damage-transfer-control,OFF,464,first,loss
tb_c61e540b_tetsutani_grimmsnarl-ex-damage-transfer-control,OFF,465,second,loss
tb_c61e540b_tetsutani_grimmsnarl-ex-damage-transfer-control,OFF,466,first,win
tb_c61e540b_tetsutani_grimmsnarl-ex-damage-transfer-control,OFF,467,second,win
tb_c61e540b_tetsutani_grimmsnarl-ex-damage-transfer-control,OFF,468,first,win
tb_c61e540b_tetsutani_grimmsnarl-ex-damage-transfer-control,OFF,469,second,win
tb_c61e540b_tetsutani_grimmsnarl-ex-damage-transfer-control,OFF,470,first,win
tb_c61e540b_tetsutani_grimmsnarl-ex-damage-transfer-control,OFF,471,second,loss
tb_c61e540b_tetsutani_grimmsnarl-ex-damage-transfer-control,OFF,472,first,win
tb_c61e540b_tetsutani_grimmsnarl-ex-damage-transfer-control,OFF,473,second,loss
tb_c61e540b_tetsutani_grimmsnarl-ex-damage-transfer-control,OFF,474,first,loss
tb_c61e540b_tetsutani_grimmsnarl-ex-damage-transfer-control,OFF,475,second,loss
tb_c61e540b_tetsutani_grimmsnarl-ex-damage-transfer-control,OFF,476,first,loss
tb_c61e540b_tetsutani_grimmsnarl-ex-damage-transfer-control,OFF,477,second,loss
tb_c61e540b_tetsutani_grimmsnarl-ex-damage-transfer-control,OFF,478,first,loss
tb_c61e540b_tetsutani_grimmsnarl-ex-damage-transfer-control,OFF,479,second,win
tb_c61e540b_tetsutani_grimmsnarl-ex-damage-transfer-control,OFF,480,first,loss
tb_c61e540b_tetsutani_grimmsnarl-ex-damage-transfer-control,OFF,481,second,loss
tb_c61e540b_tetsutani_grimmsnarl-ex-damage-transfer-control,OFF,482,first,win
tb_c61e540b_tetsutani_grimmsnarl-ex-damage-transfer-control,OFF,483,second,win
tb_c61e540b_tetsutani_grimmsnarl-ex-damage-transfer-control,OFF,484,first,loss
tb_c61e540b_tetsutani_grimmsnarl-ex-damage-transfer-control,OFF,485,second,loss
tb_c61e540b_tetsutani_grimmsnarl-ex-damage-transfer-control,OFF,486,first,loss
tb_c61e540b_tetsutani_grimmsnarl-ex-damage-transfer-control,OFF,487,second,win
tb_c61e540b_tetsutani_grimmsnarl-ex-damage-transfer-control,OFF,488,first,win
tb_c61e540b_tetsutani_grimmsnarl-ex-damage-transfer-control,OFF,489,second,loss
tb_c61e540b_tetsutani_grimmsnarl-ex-damage-transfer-control,OFF,490,first,win
tb_c61e540b_tetsutani_grimmsnarl-ex-damage-transfer-control,OFF,491,second,win
tb_c61e540b_tetsutani_grimmsnarl-ex-damage-transfer-control,OFF,492,first,win
tb_c61e540b_tetsutani_grimmsnarl-ex-damage-transfer-control,OFF,493,second,loss
tb_c61e540b_tetsutani_grimmsnarl-ex-damage-transfer-control,OFF,494,first,win
tb_c61e540b_tetsutani_grimmsnarl-ex-damage-transfer-control,OFF,495,second,loss
tb_c61e540b_tetsutani_grimmsnarl-ex-damage-transfer-control,OFF,496,first,loss
tb_c61e540b_tetsutani_grimmsnarl-ex-damage-transfer-control,OFF,497,second,win
tb_c61e540b_tetsutani_grimmsnarl-ex-damage-transfer-control,OFF,498,first,loss
tb_c61e540b_tetsutani_grimmsnarl-ex-damage-transfer-control,OFF,499,second,loss
tb_c61e540b_tetsutani_grimmsnarl-ex-damage-transfer-control,OFF,500,first,win
tb_c61e540b_tetsutani_grimmsnarl-ex-damage-transfer-control,OFF,501,second,loss
tb_c61e540b_tetsutani_grimmsnarl-ex-damage-transfer-control,OFF,502,first,win
tb_c61e540b_tetsutani_grimmsnarl-ex-damage-transfer-control,OFF,503,second,loss
tb_c61e540b_tetsutani_grimmsnarl-ex-damage-transfer-control,OFF,504,first,win
tb_c61e540b_tetsutani_grimmsnarl-ex-damage-transfer-control,OFF,505,second,win
tb_c61e540b_tetsutani_grimmsnarl-ex-damage-transfer-control,OFF,506,first,loss
tb_c61e540b_tetsutani_grimmsnarl-ex-damage-transfer-control,OFF,507,second,win
tb_c61e540b_tetsutani_grimmsnarl-ex-damage-transfer-control,OFF,508,first,loss
tb_c61e540b_tetsutani_grimmsnarl-ex-damage-transfer-control,OFF,509,second,loss
tb_c61e540b_tetsutani_grimmsnarl-ex-damage-transfer-control,OFF,510,first,win
tb_c61e540b_tetsutani_grimmsnarl-ex-damage-transfer-control,OFF,511,second,loss
tb_c61e540b_tetsutani_grimmsnarl-ex-damage-transfer-control,OFF,512,first,loss
tb_c61e540b_tetsutani_grimmsnarl-ex-damage-transfer-control,OFF,513,second,win
tb_c61e540b_tetsutani_grimmsnarl-ex-damage-transfer-control,OFF,514,first,win
tb_c61e540b_tetsutani_grimmsnarl-ex-damage-transfer-control,OFF,515,second,loss
tb_c61e540b_tetsutani_grimmsnarl-ex-damage-transfer-control,OFF,516,first,win
tb_c61e540b_tetsutani_grimmsnarl-ex-damage-transfer-control,OFF,517,second,win
tb_c61e540b_tetsutani_grimmsnarl-ex-damage-transfer-control,OFF,518,first,win
tb_c61e540b_tetsutani_grimmsnarl-ex-damage-transfer-control,OFF,519,second,win
tb_c61e540b_tetsutani_grimmsnarl-ex-damage-transfer-control,OFF,520,first,win
tb_c61e540b_tetsutani_grimmsnarl-ex-damage-transfer-control,OFF,521,second,win
tb_c61e540b_tetsutani_grimmsnarl-ex-damage-transfer-control,OFF,522,first,loss
tb_c61e540b_tetsutani_grimmsnarl-ex-damage-transfer-control,OFF,523,second,loss
tb_c61e540b_tetsutani_grimmsnarl-ex-damage-transfer-control,OFF,524,first,win
tb_c61e540b_tetsutani_grimmsnarl-ex-damage-transfer-control,OFF,525,second,loss
tb_c61e540b_tetsutani_grimmsnarl-ex-damage-transfer-control,OFF,526,first,win
tb_c61e540b_tetsutani_grimmsnarl-ex-damage-transfer-control,OFF,527,second,loss
tb_c61e540b_tetsutani_grimmsnarl-ex-damage-transfer-control,OFF,528,first,win
tb_c61e540b_tetsutani_grimmsnarl-ex-damage-transfer-control,OFF,529,second,loss
tb_c61e540b_tetsutani_grimmsnarl-ex-damage-transfer-control,OFF,530,first,win
tb_c61e540b_tetsutani_grimmsnarl-ex-damage-transfer-control,OFF,531,second,loss
tb_c61e540b_tetsutani_grimmsnarl-ex-damage-transfer-control,OFF,532,first,win
tb_c61e540b_tetsutani_grimmsnarl-ex-damage-transfer-control,OFF,533,second,win
tb_c61e540b_tetsutani_grimmsnarl-ex-damage-transfer-control,OFF,534,first,win
tb_c61e540b_tetsutani_grimmsnarl-ex-damage-transfer-control,OFF,535,second,win
tb_c61e540b_tetsutani_grimmsnarl-ex-damage-transfer-control,OFF,536,first,win
tb_c61e540b_tetsutani_grimmsnarl-ex-damage-transfer-control,OFF,537,second,loss
tb_c61e540b_tetsutani_grimmsnarl-ex-damage-transfer-control,OFF,538,first,loss
tb_c61e540b_tetsutani_grimmsnarl-ex-damage-transfer-control,OFF,539,second,win
tb_c61e540b_tetsutani_grimmsnarl-ex-damage-transfer-control,OFF,540,first,loss
tb_c61e540b_tetsutani_grimmsnarl-ex-damage-transfer-control,OFF,541,second,loss
tb_c61e540b_tetsutani_grimmsnarl-ex-damage-transfer-control,OFF,542,first,win
tb_c61e540b_tetsutani_grimmsnarl-ex-damage-transfer-control,OFF,543,second,win
tb_c61e540b_tetsutani_grimmsnarl-ex-damage-transfer-control,OFF,544,first,win
tb_c61e540b_tetsutani_grimmsnarl-ex-damage-transfer-control,OFF,545,second,loss
tb_c61e540b_tetsutani_grimmsnarl-ex-damage-transfer-control,OFF,546,first,win
tb_c61e540b_tetsutani_grimmsnarl-ex-damage-transfer-control,OFF,547,second,loss
tb_c61e540b_tetsutani_grimmsnarl-ex-damage-transfer-control,OFF,548,first,win
tb_c61e540b_tetsutani_grimmsnarl-ex-damage-transfer-control,OFF,549,second,loss
tb_c61e540b_tetsutani_grimmsnarl-ex-damage-transfer-control,OFF,550,first,win
tb_c61e540b_tetsutani_grimmsnarl-ex-damage-transfer-control,OFF,551,second,loss
tb_c61e540b_tetsutani_grimmsnarl-ex-damage-transfer-control,OFF,552,first,loss
tb_c61e540b_tetsutani_grimmsnarl-ex-damage-transfer-control,OFF,553,second,loss
tb_c61e540b_tetsutani_grimmsnarl-ex-damage-transfer-control,OFF,554,first,win
tb_c61e540b_tetsutani_grimmsnarl-ex-damage-transfer-control,OFF,555,second,loss
tb_c61e540b_tetsutani_grimmsnarl-ex-damage-transfer-control,OFF,556,first,loss
tb_c61e540b_tetsutani_grimmsnarl-ex-damage-transfer-control,OFF,557,second,win
tb_c61e540b_tetsutani_grimmsnarl-ex-damage-transfer-control,OFF,558,first,loss
tb_c61e540b_tetsutani_grimmsnarl-ex-damage-transfer-control,OFF,559,second,win
tb_c61e540b_tetsutani_grimmsnarl-ex-damage-transfer-control,OFF,560,first,win
tb_c61e540b_tetsutani_grimmsnarl-ex-damage-transfer-control,OFF,561,second,win
tb_c61e540b_tetsutani_grimmsnarl-ex-damage-transfer-control,OFF,562,first,win
tb_c61e540b_tetsutani_grimmsnarl-ex-damage-transfer-control,OFF,563,second,loss
tb_c61e540b_tetsutani_grimmsnarl-ex-damage-transfer-control,OFF,564,first,loss
tb_c61e540b_tetsutani_grimmsnarl-ex-damage-transfer-control,OFF,565,second,loss
tb_c61e540b_tetsutani_grimmsnarl-ex-damage-transfer-control,OFF,566,first,loss
tb_c61e540b_tetsutani_grimmsnarl-ex-damage-transfer-control,OFF,567,second,win
tb_c61e540b_tetsutani_grimmsnarl-ex-damage-transfer-control,OFF,568,first,win
tb_c61e540b_tetsutani_grimmsnarl-ex-damage-transfer-control,OFF,569,second,loss
tb_c61e540b_tetsutani_grimmsnarl-ex-damage-transfer-control,OFF,570,first,win
tb_c61e540b_tetsutani_grimmsnarl-ex-damage-transfer-control,OFF,571,second,loss
tb_c61e540b_tetsutani_grimmsnarl-ex-damage-transfer-control,OFF,572,first,loss
tb_c61e540b_tetsutani_grimmsnarl-ex-damage-transfer-control,OFF,573,second,win
tb_c61e540b_tetsutani_grimmsnarl-ex-damage-transfer-control,OFF,574,first,win
tb_c61e540b_tetsutani_grimmsnarl-ex-damage-transfer-control,OFF,575,second,loss
tb_c61e540b_tetsutani_grimmsnarl-ex-damage-transfer-control,OFF,576,first,win
tb_c61e540b_tetsutani_grimmsnarl-ex-damage-transfer-control,OFF,577,second,win
tb_c61e540b_tetsutani_grimmsnarl-ex-damage-transfer-control,OFF,578,first,win
tb_c61e540b_tetsutani_grimmsnarl-ex-damage-transfer-control,OFF,579,second,loss
tb_c61e540b_tetsutani_grimmsnarl-ex-damage-transfer-control,OFF,580,first,win
tb_c61e540b_tetsutani_grimmsnarl-ex-damage-transfer-control,OFF,581,second,loss
tb_c61e540b_tetsutani_grimmsnarl-ex-damage-transfer-control,OFF,582,first,win
tb_c61e540b_tetsutani_grimmsnarl-ex-damage-transfer-control,OFF,583,second,loss
tb_c61e540b_tetsutani_grimmsnarl-ex-damage-transfer-control,OFF,584,first,loss
tb_c61e540b_tetsutani_grimmsnarl-ex-damage-transfer-control,OFF,585,second,loss
tb_c61e540b_tetsutani_grimmsnarl-ex-damage-transfer-control,OFF,586,first,loss
tb_c61e540b_tetsutani_grimmsnarl-ex-damage-transfer-control,OFF,587,second,loss
tb_c61e540b_tetsutani_grimmsnarl-ex-damage-transfer-control,OFF,588,first,loss
tb_c61e540b_tetsutani_grimmsnarl-ex-damage-transfer-control,OFF,589,second,win
tb_c61e540b_tetsutani_grimmsnarl-ex-damage-transfer-control,OFF,590,first,loss
tb_c61e540b_tetsutani_grimmsnarl-ex-damage-transfer-control,OFF,591,second,win
tb_c61e540b_tetsutani_grimmsnarl-ex-damage-transfer-control,OFF,592,first,loss
tb_c61e540b_tetsutani_grimmsnarl-ex-damage-transfer-control,OFF,593,second,loss
tb_c61e540b_tetsutani_grimmsnarl-ex-damage-transfer-control,OFF,594,first,loss
tb_c61e540b_tetsutani_grimmsnarl-ex-damage-transfer-control,OFF,595,second,loss
tb_c61e540b_tetsutani_grimmsnarl-ex-damage-transfer-control,OFF,596,first,loss
tb_c61e540b_tetsutani_grimmsnarl-ex-damage-transfer-control,OFF,597,second,win
tb_c61e540b_tetsutani_grimmsnarl-ex-damage-transfer-control,OFF,598,first,win
tb_c61e540b_tetsutani_grimmsnarl-ex-damage-transfer-control,OFF,599,second,loss
tb_c61e540b_tetsutani_grimmsnarl-ex-damage-transfer-control,ON,0,first,win
tb_c61e540b_tetsutani_grimmsnarl-ex-damage-transfer-control,ON,1,second,loss
tb_c61e540b_tetsutani_grimmsnarl-ex-damage-transfer-control,ON,2,first,win
tb_c61e540b_tetsutani_grimmsnarl-ex-damage-transfer-control,ON,3,second,loss
tb_c61e540b_tetsutani_grimmsnarl-ex-damage-transfer-control,ON,4,first,win
tb_c61e540b_tetsutani_grimmsnarl-ex-damage-transfer-control,ON,5,second,win
tb_c61e540b_tetsutani_grimmsnarl-ex-damage-transfer-control,ON,6,first,win
tb_c61e540b_tetsutani_grimmsnarl-ex-damage-transfer-control,ON,7,second,loss
tb_c61e540b_tetsutani_grimmsnarl-ex-damage-transfer-control,ON,8,first,loss
tb_c61e540b_tetsutani_grimmsnarl-ex-damage-transfer-control,ON,9,second,loss
tb_c61e540b_tetsutani_grimmsnarl-ex-damage-transfer-control,ON,10,first,loss
tb_c61e540b_tetsutani_grimmsnarl-ex-damage-transfer-control,ON,11,second,loss
tb_c61e540b_tetsutani_grimmsnarl-ex-damage-transfer-control,ON,12,first,loss
tb_c61e540b_tetsutani_grimmsnarl-ex-damage-transfer-control,ON,13,second,win
tb_c61e540b_tetsutani_grimmsnarl-ex-damage-transfer-control,ON,14,first,win
tb_c61e540b_tetsutani_grimmsnarl-ex-damage-transfer-control,ON,15,second,win
tb_c61e540b_tetsutani_grimmsnarl-ex-damage-transfer-control,ON,16,first,loss
tb_c61e540b_tetsutani_grimmsnarl-ex-damage-transfer-control,ON,17,second,loss
tb_c61e540b_tetsutani_grimmsnarl-ex-damage-transfer-control,ON,18,first,win
tb_c61e540b_tetsutani_grimmsnarl-ex-damage-transfer-control,ON,19,second,win
tb_c61e540b_tetsutani_grimmsnarl-ex-damage-transfer-control,ON,20,first,win
tb_c61e540b_tetsutani_grimmsnarl-ex-damage-transfer-control,ON,21,second,win
tb_c61e540b_tetsutani_grimmsnarl-ex-damage-transfer-control,ON,22,first,win
tb_c61e540b_tetsutani_grimmsnarl-ex-damage-transfer-control,ON,23,second,loss
tb_c61e540b_tetsutani_grimmsnarl-ex-damage-transfer-control,ON,24,first,win
tb_c61e540b_tetsutani_grimmsnarl-ex-damage-transfer-control,ON,25,second,loss
tb_c61e540b_tetsutani_grimmsnarl-ex-damage-transfer-control,ON,26,first,loss
tb_c61e540b_tetsutani_grimmsnarl-ex-damage-transfer-control,ON,27,second,win
tb_c61e540b_tetsutani_grimmsnarl-ex-damage-transfer-control,ON,28,first,loss
tb_c61e540b_tetsutani_grimmsnarl-ex-damage-transfer-control,ON,29,second,loss
tb_c61e540b_tetsutani_grimmsnarl-ex-damage-transfer-control,ON,30,first,win
tb_c61e540b_tetsutani_grimmsnarl-ex-damage-transfer-control,ON,31,second,loss
tb_c61e540b_tetsutani_grimmsnarl-ex-damage-transfer-control,ON,32,first,loss
tb_c61e540b_tetsutani_grimmsnarl-ex-damage-transfer-control,ON,33,second,win
tb_c61e540b_tetsutani_grimmsnarl-ex-damage-transfer-control,ON,34,first,loss
tb_c61e540b_tetsutani_grimmsnarl-ex-damage-transfer-control,ON,35,second,loss
tb_c61e540b_tetsutani_grimmsnarl-ex-damage-transfer-control,ON,36,first,loss
tb_c61e540b_tetsutani_grimmsnarl-ex-damage-transfer-control,ON,37,second,win
tb_c61e540b_tetsutani_grimmsnarl-ex-damage-transfer-control,ON,38,first,loss
tb_c61e540b_tetsutani_grimmsnarl-ex-damage-transfer-control,ON,39,second,loss
tb_c61e540b_tetsutani_grimmsnarl-ex-damage-transfer-control,ON,40,first,loss
tb_c61e540b_tetsutani_grimmsnarl-ex-damage-transfer-control,ON,41,second,win
tb_c61e540b_tetsutani_grimmsnarl-ex-damage-transfer-control,ON,42,first,loss
tb_c61e540b_tetsutani_grimmsnarl-ex-damage-transfer-control,ON,43,second,win
tb_c61e540b_tetsutani_grimmsnarl-ex-damage-transfer-control,ON,44,first,win
tb_c61e540b_tetsutani_grimmsnarl-ex-damage-transfer-control,ON,45,second,win
tb_c61e540b_tetsutani_grimmsnarl-ex-damage-transfer-control,ON,46,first,win
tb_c61e540b_tetsutani_grimmsnarl-ex-damage-transfer-control,ON,47,second,win
tb_c61e540b_tetsutani_grimmsnarl-ex-damage-transfer-control,ON,48,first,loss
tb_c61e540b_tetsutani_grimmsnarl-ex-damage-transfer-control,ON,49,second,win
tb_c61e540b_tetsutani_grimmsnarl-ex-damage-transfer-control,ON,50,first,win
tb_c61e540b_tetsutani_grimmsnarl-ex-damage-transfer-control,ON,51,second,win
tb_c61e540b_tetsutani_grimmsnarl-ex-damage-transfer-control,ON,52,first,win
tb_c61e540b_tetsutani_grimmsnarl-ex-damage-transfer-control,ON,53,second,loss
tb_c61e540b_tetsutani_grimmsnarl-ex-damage-transfer-control,ON,54,first,loss
tb_c61e540b_tetsutani_grimmsnarl-ex-damage-transfer-control,ON,55,second,loss
tb_c61e540b_tetsutani_grimmsnarl-ex-damage-transfer-control,ON,56,first,loss
tb_c61e540b_tetsutani_grimmsnarl-ex-damage-transfer-control,ON,57,second,loss
tb_c61e540b_tetsutani_grimmsnarl-ex-damage-transfer-control,ON,58,first,win
tb_c61e540b_tetsutani_grimmsnarl-ex-damage-transfer-control,ON,59,second,win
tb_c61e540b_tetsutani_grimmsnarl-ex-damage-transfer-control,ON,60,first,loss
tb_c61e540b_tetsutani_grimmsnarl-ex-damage-transfer-control,ON,61,second,loss
tb_c61e540b_tetsutani_grimmsnarl-ex-damage-transfer-control,ON,62,first,win
tb_c61e540b_tetsutani_grimmsnarl-ex-damage-transfer-control,ON,63,second,loss
tb_c61e540b_tetsutani_grimmsnarl-ex-damage-transfer-control,ON,64,first,win
tb_c61e540b_tetsutani_grimmsnarl-ex-damage-transfer-control,ON,65,second,win
tb_c61e540b_tetsutani_grimmsnarl-ex-damage-transfer-control,ON,66,first,loss
tb_c61e540b_tetsutani_grimmsnarl-ex-damage-transfer-control,ON,67,second,loss
tb_c61e540b_tetsutani_grimmsnarl-ex-damage-transfer-control,ON,68,first,loss
tb_c61e540b_tetsutani_grimmsnarl-ex-damage-transfer-control,ON,69,second,loss
tb_c61e540b_tetsutani_grimmsnarl-ex-damage-transfer-control,ON,70,first,win
tb_c61e540b_tetsutani_grimmsnarl-ex-damage-transfer-control,ON,71,second,loss
tb_c61e540b_tetsutani_grimmsnarl-ex-damage-transfer-control,ON,72,first,win
tb_c61e540b_tetsutani_grimmsnarl-ex-damage-transfer-control,ON,73,second,loss
tb_c61e540b_tetsutani_grimmsnarl-ex-damage-transfer-control,ON,74,first,win
tb_c61e540b_tetsutani_grimmsnarl-ex-damage-transfer-control,ON,75,second,win
tb_c61e540b_tetsutani_grimmsnarl-ex-damage-transfer-control,ON,76,first,loss
tb_c61e540b_tetsutani_grimmsnarl-ex-damage-transfer-control,ON,77,second,loss
tb_c61e540b_tetsutani_grimmsnarl-ex-damage-transfer-control,ON,78,first,loss
tb_c61e540b_tetsutani_grimmsnarl-ex-damage-transfer-control,ON,79,second,loss
tb_c61e540b_tetsutani_grimmsnarl-ex-damage-transfer-control,ON,80,first,loss
tb_c61e540b_tetsutani_grimmsnarl-ex-damage-transfer-control,ON,81,second,loss
tb_c61e540b_tetsutani_grimmsnarl-ex-damage-transfer-control,ON,82,first,loss
tb_c61e540b_tetsutani_grimmsnarl-ex-damage-transfer-control,ON,83,second,loss
tb_c61e540b_tetsutani_grimmsnarl-ex-damage-transfer-control,ON,84,first,loss
tb_c61e540b_tetsutani_grimmsnarl-ex-damage-transfer-control,ON,85,second,loss
tb_c61e540b_tetsutani_grimmsnarl-ex-damage-transfer-control,ON,86,first,win
tb_c61e540b_tetsutani_grimmsnarl-ex-damage-transfer-control,ON,87,second,win
tb_c61e540b_tetsutani_grimmsnarl-ex-damage-transfer-control,ON,88,first,loss
tb_c61e540b_tetsutani_grimmsnarl-ex-damage-transfer-control,ON,89,second,loss
tb_c61e540b_tetsutani_grimmsnarl-ex-damage-transfer-control,ON,90,first,win
tb_c61e540b_tetsutani_grimmsnarl-ex-damage-transfer-control,ON,91,second,win
tb_c61e540b_tetsutani_grimmsnarl-ex-damage-transfer-control,ON,92,first,win
tb_c61e540b_tetsutani_grimmsnarl-ex-damage-transfer-control,ON,93,second,loss
tb_c61e540b_tetsutani_grimmsnarl-ex-damage-transfer-control,ON,94,first,win
tb_c61e540b_tetsutani_grimmsnarl-ex-damage-transfer-control,ON,95,second,loss
tb_c61e540b_tetsutani_grimmsnarl-ex-damage-transfer-control,ON,96,first,win
tb_c61e540b_tetsutani_grimmsnarl-ex-damage-transfer-control,ON,97,second,win
tb_c61e540b_tetsutani_grimmsnarl-ex-damage-transfer-control,ON,98,first,loss
tb_c61e540b_tetsutani_grimmsnarl-ex-damage-transfer-control,ON,99,second,loss
tb_c61e540b_tetsutani_grimmsnarl-ex-damage-transfer-control,ON,100,first,loss
tb_c61e540b_tetsutani_grimmsnarl-ex-damage-transfer-control,ON,101,second,loss
tb_c61e540b_tetsutani_grimmsnarl-ex-damage-transfer-control,ON,102,first,win
tb_c61e540b_tetsutani_grimmsnarl-ex-damage-transfer-control,ON,103,second,win
tb_c61e540b_tetsutani_grimmsnarl-ex-damage-transfer-control,ON,104,first,loss
tb_c61e540b_tetsutani_grimmsnarl-ex-damage-transfer-control,ON,105,second,win
tb_c61e540b_tetsutani_grimmsnarl-ex-damage-transfer-control,ON,106,first,loss
tb_c61e540b_tetsutani_grimmsnarl-ex-damage-transfer-control,ON,107,second,loss
tb_c61e540b_tetsutani_grimmsnarl-ex-damage-transfer-control,ON,108,first,win
tb_c61e540b_tetsutani_grimmsnarl-ex-damage-transfer-control,ON,109,second,win
tb_c61e540b_tetsutani_grimmsnarl-ex-damage-transfer-control,ON,110,first,win
tb_c61e540b_tetsutani_grimmsnarl-ex-damage-transfer-control,ON,111,second,win
tb_c61e540b_tetsutani_grimmsnarl-ex-damage-transfer-control,ON,112,first,loss
tb_c61e540b_tetsutani_grimmsnarl-ex-damage-transfer-control,ON,113,second,loss
tb_c61e540b_tetsutani_grimmsnarl-ex-damage-transfer-control,ON,114,first,win
tb_c61e540b_tetsutani_grimmsnarl-ex-damage-transfer-control,ON,115,second,win
tb_c61e540b_tetsutani_grimmsnarl-ex-damage-transfer-control,ON,116,first,win
tb_c61e540b_tetsutani_grimmsnarl-ex-damage-transfer-control,ON,117,second,win
tb_c61e540b_tetsutani_grimmsnarl-ex-damage-transfer-control,ON,118,first,loss
tb_c61e540b_tetsutani_grimmsnarl-ex-damage-transfer-control,ON,119,second,loss
tb_c61e540b_tetsutani_grimmsnarl-ex-damage-transfer-control,ON,120,first,loss
tb_c61e540b_tetsutani_grimmsnarl-ex-damage-transfer-control,ON,121,second,loss
tb_c61e540b_tetsutani_grimmsnarl-ex-damage-transfer-control,ON,122,first,loss
tb_c61e540b_tetsutani_grimmsnarl-ex-damage-transfer-control,ON,123,second,loss
tb_c61e540b_tetsutani_grimmsnarl-ex-damage-transfer-control,ON,124,first,loss
tb_c61e540b_tetsutani_grimmsnarl-ex-damage-transfer-control,ON,125,second,win
tb_c61e540b_tetsutani_grimmsnarl-ex-damage-transfer-control,ON,126,first,loss
tb_c61e540b_tetsutani_grimmsnarl-ex-damage-transfer-control,ON,127,second,win
tb_c61e540b_tetsutani_grimmsnarl-ex-damage-transfer-control,ON,128,first,loss
tb_c61e540b_tetsutani_grimmsnarl-ex-damage-transfer-control,ON,129,second,loss
tb_c61e540b_tetsutani_grimmsnarl-ex-damage-transfer-control,ON,130,first,loss
tb_c61e540b_tetsutani_grimmsnarl-ex-damage-transfer-control,ON,131,second,win
tb_c61e540b_tetsutani_grimmsnarl-ex-damage-transfer-control,ON,132,first,win
tb_c61e540b_tetsutani_grimmsnarl-ex-damage-transfer-control,ON,133,second,loss
tb_c61e540b_tetsutani_grimmsnarl-ex-damage-transfer-control,ON,134,first,loss
tb_c61e540b_tetsutani_grimmsnarl-ex-damage-transfer-control,ON,135,second,loss
tb_c61e540b_tetsutani_grimmsnarl-ex-damage-transfer-control,ON,136,first,loss
tb_c61e540b_tetsutani_grimmsnarl-ex-damage-transfer-control,ON,137,second,loss
tb_c61e540b_tetsutani_grimmsnarl-ex-damage-transfer-control,ON,138,first,win
tb_c61e540b_tetsutani_grimmsnarl-ex-damage-transfer-control,ON,139,second,loss
tb_c61e540b_tetsutani_grimmsnarl-ex-damage-transfer-control,ON,140,first,win
tb_c61e540b_tetsutani_grimmsnarl-ex-damage-transfer-control,ON,141,second,loss
tb_c61e540b_tetsutani_grimmsnarl-ex-damage-transfer-control,ON,142,first,loss
tb_c61e540b_tetsutani_grimmsnarl-ex-damage-transfer-control,ON,143,second,loss
tb_c61e540b_tetsutani_grimmsnarl-ex-damage-transfer-control,ON,144,first,win
tb_c61e540b_tetsutani_grimmsnarl-ex-damage-transfer-control,ON,145,second,loss
tb_c61e540b_tetsutani_grimmsnarl-ex-damage-transfer-control,ON,146,first,loss
tb_c61e540b_tetsutani_grimmsnarl-ex-damage-transfer-control,ON,147,second,loss
tb_c61e540b_tetsutani_grimmsnarl-ex-damage-transfer-control,ON,148,first,win
tb_c61e540b_tetsutani_grimmsnarl-ex-damage-transfer-control,ON,149,second,loss
tb_c61e540b_tetsutani_grimmsnarl-ex-damage-transfer-control,ON,150,first,loss
tb_c61e540b_tetsutani_grimmsnarl-ex-damage-transfer-control,ON,151,second,win
tb_c61e540b_tetsutani_grimmsnarl-ex-damage-transfer-control,ON,152,first,win
tb_c61e540b_tetsutani_grimmsnarl-ex-damage-transfer-control,ON,153,second,loss
tb_c61e540b_tetsutani_grimmsnarl-ex-damage-transfer-control,ON,154,first,loss
tb_c61e540b_tetsutani_grimmsnarl-ex-damage-transfer-control,ON,155,second,win
tb_c61e540b_tetsutani_grimmsnarl-ex-damage-transfer-control,ON,156,first,loss
tb_c61e540b_tetsutani_grimmsnarl-ex-damage-transfer-control,ON,157,second,win
tb_c61e540b_tetsutani_grimmsnarl-ex-damage-transfer-control,ON,158,first,loss
tb_c61e540b_tetsutani_grimmsnarl-ex-damage-transfer-control,ON,159,second,loss
tb_c61e540b_tetsutani_grimmsnarl-ex-damage-transfer-control,ON,160,first,loss
tb_c61e540b_tetsutani_grimmsnarl-ex-damage-transfer-control,ON,161,second,loss
tb_c61e540b_tetsutani_grimmsnarl-ex-damage-transfer-control,ON,162,first,loss
tb_c61e540b_tetsutani_grimmsnarl-ex-damage-transfer-control,ON,163,second,win
tb_c61e540b_tetsutani_grimmsnarl-ex-damage-transfer-control,ON,164,first,loss
tb_c61e540b_tetsutani_grimmsnarl-ex-damage-transfer-control,ON,165,second,win
tb_c61e540b_tetsutani_grimmsnarl-ex-damage-transfer-control,ON,166,first,loss
tb_c61e540b_tetsutani_grimmsnarl-ex-damage-transfer-control,ON,167,second,loss
tb_c61e540b_tetsutani_grimmsnarl-ex-damage-transfer-control,ON,168,first,loss
tb_c61e540b_tetsutani_grimmsnarl-ex-damage-transfer-control,ON,169,second,win
tb_c61e540b_tetsutani_grimmsnarl-ex-damage-transfer-control,ON,170,first,loss
tb_c61e540b_tetsutani_grimmsnarl-ex-damage-transfer-control,ON,171,second,win
tb_c61e540b_tetsutani_grimmsnarl-ex-damage-transfer-control,ON,172,first,loss
tb_c61e540b_tetsutani_grimmsnarl-ex-damage-transfer-control,ON,173,second,loss
tb_c61e540b_tetsutani_grimmsnarl-ex-damage-transfer-control,ON,174,first,win
tb_c61e540b_tetsutani_grimmsnarl-ex-damage-transfer-control,ON,175,second,win
tb_c61e540b_tetsutani_grimmsnarl-ex-damage-transfer-control,ON,176,first,win
tb_c61e540b_tetsutani_grimmsnarl-ex-damage-transfer-control,ON,177,second,win
tb_c61e540b_tetsutani_grimmsnarl-ex-damage-transfer-control,ON,178,first,loss
tb_c61e540b_tetsutani_grimmsnarl-ex-damage-transfer-control,ON,179,second,win
tb_c61e540b_tetsutani_grimmsnarl-ex-damage-transfer-control,ON,180,first,win
tb_c61e540b_tetsutani_grimmsnarl-ex-damage-transfer-control,ON,181,second,loss
tb_c61e540b_tetsutani_grimmsnarl-ex-damage-transfer-control,ON,182,first,loss
tb_c61e540b_tetsutani_grimmsnarl-ex-damage-transfer-control,ON,183,second,win
tb_c61e540b_tetsutani_grimmsnarl-ex-damage-transfer-control,ON,184,first,loss
tb_c61e540b_tetsutani_grimmsnarl-ex-damage-transfer-control,ON,185,second,win
tb_c61e540b_tetsutani_grimmsnarl-ex-damage-transfer-control,ON,186,first,loss
tb_c61e540b_tetsutani_grimmsnarl-ex-damage-transfer-control,ON,187,second,win
tb_c61e540b_tetsutani_grimmsnarl-ex-damage-transfer-control,ON,188,first,loss
tb_c61e540b_tetsutani_grimmsnarl-ex-damage-transfer-control,ON,189,second,win
tb_c61e540b_tetsutani_grimmsnarl-ex-damage-transfer-control,ON,190,first,loss
tb_c61e540b_tetsutani_grimmsnarl-ex-damage-transfer-control,ON,191,second,win
tb_c61e540b_tetsutani_grimmsnarl-ex-damage-transfer-control,ON,192,first,win
tb_c61e540b_tetsutani_grimmsnarl-ex-damage-transfer-control,ON,193,second,loss
tb_c61e540b_tetsutani_grimmsnarl-ex-damage-transfer-control,ON,194,first,win
tb_c61e540b_tetsutani_grimmsnarl-ex-damage-transfer-control,ON,195,second,loss
tb_c61e540b_tetsutani_grimmsnarl-ex-damage-transfer-control,ON,196,first,win
tb_c61e540b_tetsutani_grimmsnarl-ex-damage-transfer-control,ON,197,second,win
tb_c61e540b_tetsutani_grimmsnarl-ex-damage-transfer-control,ON,198,first,loss
tb_c61e540b_tetsutani_grimmsnarl-ex-damage-transfer-control,ON,199,second,loss
tb_c61e540b_tetsutani_grimmsnarl-ex-damage-transfer-control,ON,200,first,loss
tb_c61e540b_tetsutani_grimmsnarl-ex-damage-transfer-control,ON,201,second,loss
tb_c61e540b_tetsutani_grimmsnarl-ex-damage-transfer-control,ON,202,first,loss
tb_c61e540b_tetsutani_grimmsnarl-ex-damage-transfer-control,ON,203,second,win
tb_c61e540b_tetsutani_grimmsnarl-ex-damage-transfer-control,ON,204,first,loss
tb_c61e540b_tetsutani_grimmsnarl-ex-damage-transfer-control,ON,205,second,loss
tb_c61e540b_tetsutani_grimmsnarl-ex-damage-transfer-control,ON,206,first,loss
tb_c61e540b_tetsutani_grimmsnarl-ex-damage-transfer-control,ON,207,second,loss
tb_c61e540b_tetsutani_grimmsnarl-ex-damage-transfer-control,ON,208,first,loss
tb_c61e540b_tetsutani_grimmsnarl-ex-damage-transfer-control,ON,209,second,loss
tb_c61e540b_tetsutani_grimmsnarl-ex-damage-transfer-control,ON,210,first,loss
tb_c61e540b_tetsutani_grimmsnarl-ex-damage-transfer-control,ON,211,second,loss
tb_c61e540b_tetsutani_grimmsnarl-ex-damage-transfer-control,ON,212,first,loss
tb_c61e540b_tetsutani_grimmsnarl-ex-damage-transfer-control,ON,213,second,loss
tb_c61e540b_tetsutani_grimmsnarl-ex-damage-transfer-control,ON,214,first,loss
tb_c61e540b_tetsutani_grimmsnarl-ex-damage-transfer-control,ON,215,second,win
tb_c61e540b_tetsutani_grimmsnarl-ex-damage-transfer-control,ON,216,first,win
tb_c61e540b_tetsutani_grimmsnarl-ex-damage-transfer-control,ON,217,second,loss
tb_c61e540b_tetsutani_grimmsnarl-ex-damage-transfer-control,ON,218,first,win
tb_c61e540b_tetsutani_grimmsnarl-ex-damage-transfer-control,ON,219,second,win
tb_c61e540b_tetsutani_grimmsnarl-ex-damage-transfer-control,ON,220,first,loss
tb_c61e540b_tetsutani_grimmsnarl-ex-damage-transfer-control,ON,221,second,loss
tb_c61e540b_tetsutani_grimmsnarl-ex-damage-transfer-control,ON,222,first,loss
tb_c61e540b_tetsutani_grimmsnarl-ex-damage-transfer-control,ON,223,second,win
tb_c61e540b_tetsutani_grimmsnarl-ex-damage-transfer-control,ON,224,first,win
tb_c61e540b_tetsutani_grimmsnarl-ex-damage-transfer-control,ON,225,second,loss
tb_c61e540b_tetsutani_grimmsnarl-ex-damage-transfer-control,ON,226,first,win
tb_c61e540b_tetsutani_grimmsnarl-ex-damage-transfer-control,ON,227,second,loss
tb_c61e540b_tetsutani_grimmsnarl-ex-damage-transfer-control,ON,228,first,win
tb_c61e540b_tetsutani_grimmsnarl-ex-damage-transfer-control,ON,229,second,loss
tb_c61e540b_tetsutani_grimmsnarl-ex-damage-transfer-control,ON,230,first,win
tb_c61e540b_tetsutani_grimmsnarl-ex-damage-transfer-control,ON,231,second,loss
tb_c61e540b_tetsutani_grimmsnarl-ex-damage-transfer-control,ON,232,first,win
tb_c61e540b_tetsutani_grimmsnarl-ex-damage-transfer-control,ON,233,second,win
tb_c61e540b_tetsutani_grimmsnarl-ex-damage-transfer-control,ON,234,first,win
tb_c61e540b_tetsutani_grimmsnarl-ex-damage-transfer-control,ON,235,second,loss
tb_c61e540b_tetsutani_grimmsnarl-ex-damage-transfer-control,ON,236,first,win
tb_c61e540b_tetsutani_grimmsnarl-ex-damage-transfer-control,ON,237,second,loss
tb_c61e540b_tetsutani_grimmsnarl-ex-damage-transfer-control,ON,238,first,loss
tb_c61e540b_tetsutani_grimmsnarl-ex-damage-transfer-control,ON,239,second,win
tb_c61e540b_tetsutani_grimmsnarl-ex-damage-transfer-control,ON,240,first,loss
tb_c61e540b_tetsutani_grimmsnarl-ex-damage-transfer-control,ON,241,second,loss
tb_c61e540b_tetsutani_grimmsnarl-ex-damage-transfer-control,ON,242,first,loss
tb_c61e540b_tetsutani_grimmsnarl-ex-damage-transfer-control,ON,243,second,win
tb_c61e540b_tetsutani_grimmsnarl-ex-damage-transfer-control,ON,244,first,win
tb_c61e540b_tetsutani_grimmsnarl-ex-damage-transfer-control,ON,245,second,loss
tb_c61e540b_tetsutani_grimmsnarl-ex-damage-transfer-control,ON,246,first,loss
tb_c61e540b_tetsutani_grimmsnarl-ex-damage-transfer-control,ON,247,second,loss
tb_c61e540b_tetsutani_grimmsnarl-ex-damage-transfer-control,ON,248,first,loss
tb_c61e540b_tetsutani_grimmsnarl-ex-damage-transfer-control,ON,249,second,win
tb_c61e540b_tetsutani_grimmsnarl-ex-damage-transfer-control,ON,250,first,win
tb_c61e540b_tetsutani_grimmsnarl-ex-damage-transfer-control,ON,251,second,win
tb_c61e540b_tetsutani_grimmsnarl-ex-damage-transfer-control,ON,252,first,loss
tb_c61e540b_tetsutani_grimmsnarl-ex-damage-transfer-control,ON,253,second,loss
tb_c61e540b_tetsutani_grimmsnarl-ex-damage-transfer-control,ON,254,first,loss
tb_c61e540b_tetsutani_grimmsnarl-ex-damage-transfer-control,ON,255,second,loss
tb_c61e540b_tetsutani_grimmsnarl-ex-damage-transfer-control,ON,256,first,win
tb_c61e540b_tetsutani_grimmsnarl-ex-damage-transfer-control,ON,257,second,win
tb_c61e540b_tetsutani_grimmsnarl-ex-damage-transfer-control,ON,258,first,win
tb_c61e540b_tetsutani_grimmsnarl-ex-damage-transfer-control,ON,259,second,win
tb_c61e540b_tetsutani_grimmsnarl-ex-damage-transfer-control,ON,260,first,loss
tb_c61e540b_tetsutani_grimmsnarl-ex-damage-transfer-control,ON,261,second,win
tb_c61e540b_tetsutani_grimmsnarl-ex-damage-transfer-control,ON,262,first,win
tb_c61e540b_tetsutani_grimmsnarl-ex-damage-transfer-control,ON,263,second,loss
tb_c61e540b_tetsutani_grimmsnarl-ex-damage-transfer-control,ON,264,first,loss
tb_c61e540b_tetsutani_grimmsnarl-ex-damage-transfer-control,ON,265,second,win
tb_c61e540b_tetsutani_grimmsnarl-ex-damage-transfer-control,ON,266,first,loss
tb_c61e540b_tetsutani_grimmsnarl-ex-damage-transfer-control,ON,267,second,loss
tb_c61e540b_tetsutani_grimmsnarl-ex-damage-transfer-control,ON,268,first,loss
tb_c61e540b_tetsutani_grimmsnarl-ex-damage-transfer-control,ON,269,second,loss
tb_c61e540b_tetsutani_grimmsnarl-ex-damage-transfer-control,ON,270,first,loss
tb_c61e540b_tetsutani_grimmsnarl-ex-damage-transfer-control,ON,271,second,win
tb_c61e540b_tetsutani_grimmsnarl-ex-damage-transfer-control,ON,272,first,loss
tb_c61e540b_tetsutani_grimmsnarl-ex-damage-transfer-control,ON,273,second,win
tb_c61e540b_tetsutani_grimmsnarl-ex-damage-transfer-control,ON,274,first,win
tb_c61e540b_tetsutani_grimmsnarl-ex-damage-transfer-control,ON,275,second,win
tb_c61e540b_tetsutani_grimmsnarl-ex-damage-transfer-control,ON,276,first,loss
tb_c61e540b_tetsutani_grimmsnarl-ex-damage-transfer-control,ON,277,second,win
tb_c61e540b_tetsutani_grimmsnarl-ex-damage-transfer-control,ON,278,first,loss
tb_c61e540b_tetsutani_grimmsnarl-ex-damage-transfer-control,ON,279,second,win
tb_c61e540b_tetsutani_grimmsnarl-ex-damage-transfer-control,ON,280,first,loss
tb_c61e540b_tetsutani_grimmsnarl-ex-damage-transfer-control,ON,281,second,loss
tb_c61e540b_tetsutani_grimmsnarl-ex-damage-transfer-control,ON,282,first,win
tb_c61e540b_tetsutani_grimmsnarl-ex-damage-transfer-control,ON,283,second,loss
tb_c61e540b_tetsutani_grimmsnarl-ex-damage-transfer-control,ON,284,first,loss
tb_c61e540b_tetsutani_grimmsnarl-ex-damage-transfer-control,ON,285,second,win
tb_c61e540b_tetsutani_grimmsnarl-ex-damage-transfer-control,ON,286,first,loss
tb_c61e540b_tetsutani_grimmsnarl-ex-damage-transfer-control,ON,287,second,win
tb_c61e540b_tetsutani_grimmsnarl-ex-damage-transfer-control,ON,288,first,win
tb_c61e540b_tetsutani_grimmsnarl-ex-damage-transfer-control,ON,289,second,win
tb_c61e540b_tetsutani_grimmsnarl-ex-damage-transfer-control,ON,290,first,win
tb_c61e540b_tetsutani_grimmsnarl-ex-damage-transfer-control,ON,291,second,loss
tb_c61e540b_tetsutani_grimmsnarl-ex-damage-transfer-control,ON,292,first,win
tb_c61e540b_tetsutani_grimmsnarl-ex-damage-transfer-control,ON,293,second,loss
tb_c61e540b_tetsutani_grimmsnarl-ex-damage-transfer-control,ON,294,first,loss
tb_c61e540b_tetsutani_grimmsnarl-ex-damage-transfer-control,ON,295,second,win
tb_c61e540b_tetsutani_grimmsnarl-ex-damage-transfer-control,ON,296,first,loss
tb_c61e540b_tetsutani_grimmsnarl-ex-damage-transfer-control,ON,297,second,win
tb_c61e540b_tetsutani_grimmsnarl-ex-damage-transfer-control,ON,298,first,loss
tb_c61e540b_tetsutani_grimmsnarl-ex-damage-transfer-control,ON,299,second,loss
tb_c61e540b_tetsutani_grimmsnarl-ex-damage-transfer-control,ON,300,first,loss
tb_c61e540b_tetsutani_grimmsnarl-ex-damage-transfer-control,ON,301,second,loss
tb_c61e540b_tetsutani_grimmsnarl-ex-damage-transfer-control,ON,302,first,loss
tb_c61e540b_tetsutani_grimmsnarl-ex-damage-transfer-control,ON,303,second,win
tb_c61e540b_tetsutani_grimmsnarl-ex-damage-transfer-control,ON,304,first,loss
tb_c61e540b_tetsutani_grimmsnarl-ex-damage-transfer-control,ON,305,second,loss
tb_c61e540b_tetsutani_grimmsnarl-ex-damage-transfer-control,ON,306,first,loss
tb_c61e540b_tetsutani_grimmsnarl-ex-damage-transfer-control,ON,307,second,win
tb_c61e540b_tetsutani_grimmsnarl-ex-damage-transfer-control,ON,308,first,win
tb_c61e540b_tetsutani_grimmsnarl-ex-damage-transfer-control,ON,309,second,win
tb_c61e540b_tetsutani_grimmsnarl-ex-damage-transfer-control,ON,310,first,loss
tb_c61e540b_tetsutani_grimmsnarl-ex-damage-transfer-control,ON,311,second,loss
tb_c61e540b_tetsutani_grimmsnarl-ex-damage-transfer-control,ON,312,first,loss
tb_c61e540b_tetsutani_grimmsnarl-ex-damage-transfer-control,ON,313,second,loss
tb_c61e540b_tetsutani_grimmsnarl-ex-damage-transfer-control,ON,314,first,win
tb_c61e540b_tetsutani_grimmsnarl-ex-damage-transfer-control,ON,315,second,loss
tb_c61e540b_tetsutani_grimmsnarl-ex-damage-transfer-control,ON,316,first,loss
tb_c61e540b_tetsutani_grimmsnarl-ex-damage-transfer-control,ON,317,second,loss
tb_c61e540b_tetsutani_grimmsnarl-ex-damage-transfer-control,ON,318,first,loss
tb_c61e540b_tetsutani_grimmsnarl-ex-damage-transfer-control,ON,319,second,loss
tb_c61e540b_tetsutani_grimmsnarl-ex-damage-transfer-control,ON,320,first,win
tb_c61e540b_tetsutani_grimmsnarl-ex-damage-transfer-control,ON,321,second,loss
tb_c61e540b_tetsutani_grimmsnarl-ex-damage-transfer-control,ON,322,first,loss
tb_c61e540b_tetsutani_grimmsnarl-ex-damage-transfer-control,ON,323,second,loss
tb_c61e540b_tetsutani_grimmsnarl-ex-damage-transfer-control,ON,324,first,win
tb_c61e540b_tetsutani_grimmsnarl-ex-damage-transfer-control,ON,325,second,loss
tb_c61e540b_tetsutani_grimmsnarl-ex-damage-transfer-control,ON,326,first,loss
tb_c61e540b_tetsutani_grimmsnarl-ex-damage-transfer-control,ON,327,second,win
tb_c61e540b_tetsutani_grimmsnarl-ex-damage-transfer-control,ON,328,first,loss
tb_c61e540b_tetsutani_grimmsnarl-ex-damage-transfer-control,ON,329,second,win
tb_c61e540b_tetsutani_grimmsnarl-ex-damage-transfer-control,ON,330,first,win
tb_c61e540b_tetsutani_grimmsnarl-ex-damage-transfer-control,ON,331,second,loss
tb_c61e540b_tetsutani_grimmsnarl-ex-damage-transfer-control,ON,332,first,win
tb_c61e540b_tetsutani_grimmsnarl-ex-damage-transfer-control,ON,333,second,win
tb_c61e540b_tetsutani_grimmsnarl-ex-damage-transfer-control,ON,334,first,loss
tb_c61e540b_tetsutani_grimmsnarl-ex-damage-transfer-control,ON,335,second,win
tb_c61e540b_tetsutani_grimmsnarl-ex-damage-transfer-control,ON,336,first,win
tb_c61e540b_tetsutani_grimmsnarl-ex-damage-transfer-control,ON,337,second,win
tb_c61e540b_tetsutani_grimmsnarl-ex-damage-transfer-control,ON,338,first,win
tb_c61e540b_tetsutani_grimmsnarl-ex-damage-transfer-control,ON,339,second,loss
tb_c61e540b_tetsutani_grimmsnarl-ex-damage-transfer-control,ON,340,first,loss
tb_c61e540b_tetsutani_grimmsnarl-ex-damage-transfer-control,ON,341,second,loss
tb_c61e540b_tetsutani_grimmsnarl-ex-damage-transfer-control,ON,342,first,win
tb_c61e540b_tetsutani_grimmsnarl-ex-damage-transfer-control,ON,343,second,loss
tb_c61e540b_tetsutani_grimmsnarl-ex-damage-transfer-control,ON,344,first,win
tb_c61e540b_tetsutani_grimmsnarl-ex-damage-transfer-control,ON,345,second,loss
tb_c61e540b_tetsutani_grimmsnarl-ex-damage-transfer-control,ON,346,first,win
tb_c61e540b_tetsutani_grimmsnarl-ex-damage-transfer-control,ON,347,second,loss
tb_c61e540b_tetsutani_grimmsnarl-ex-damage-transfer-control,ON,348,first,loss
tb_c61e540b_tetsutani_grimmsnarl-ex-damage-transfer-control,ON,349,second,loss
tb_c61e540b_tetsutani_grimmsnarl-ex-damage-transfer-control,ON,350,first,win
tb_c61e540b_tetsutani_grimmsnarl-ex-damage-transfer-control,ON,351,second,win
tb_c61e540b_tetsutani_grimmsnarl-ex-damage-transfer-control,ON,352,first,win
tb_c61e540b_tetsutani_grimmsnarl-ex-damage-transfer-control,ON,353,second,win
tb_c61e540b_tetsutani_grimmsnarl-ex-damage-transfer-control,ON,354,first,win
tb_c61e540b_tetsutani_grimmsnarl-ex-damage-transfer-control,ON,355,second,loss
tb_c61e540b_tetsutani_grimmsnarl-ex-damage-transfer-control,ON,356,first,loss
tb_c61e540b_tetsutani_grimmsnarl-ex-damage-transfer-control,ON,357,second,loss
tb_c61e540b_tetsutani_grimmsnarl-ex-damage-transfer-control,ON,358,first,loss
tb_c61e540b_tetsutani_grimmsnarl-ex-damage-transfer-control,ON,359,second,loss
tb_c61e540b_tetsutani_grimmsnarl-ex-damage-transfer-control,ON,360,first,win
tb_c61e540b_tetsutani_grimmsnarl-ex-damage-transfer-control,ON,361,second,win
tb_c61e540b_tetsutani_grimmsnarl-ex-damage-transfer-control,ON,362,first,win
tb_c61e540b_tetsutani_grimmsnarl-ex-damage-transfer-control,ON,363,second,win
tb_c61e540b_tetsutani_grimmsnarl-ex-damage-transfer-control,ON,364,first,loss
tb_c61e540b_tetsutani_grimmsnarl-ex-damage-transfer-control,ON,365,second,win
tb_c61e540b_tetsutani_grimmsnarl-ex-damage-transfer-control,ON,366,first,win
tb_c61e540b_tetsutani_grimmsnarl-ex-damage-transfer-control,ON,367,second,loss
tb_c61e540b_tetsutani_grimmsnarl-ex-damage-transfer-control,ON,368,first,loss
tb_c61e540b_tetsutani_grimmsnarl-ex-damage-transfer-control,ON,369,second,win
tb_c61e540b_tetsutani_grimmsnarl-ex-damage-transfer-control,ON,370,first,loss
tb_c61e540b_tetsutani_grimmsnarl-ex-damage-transfer-control,ON,371,second,win
tb_c61e540b_tetsutani_grimmsnarl-ex-damage-transfer-control,ON,372,first,loss
tb_c61e540b_tetsutani_grimmsnarl-ex-damage-transfer-control,ON,373,second,win
tb_c61e540b_tetsutani_grimmsnarl-ex-damage-transfer-control,ON,374,first,win
tb_c61e540b_tetsutani_grimmsnarl-ex-damage-transfer-control,ON,375,second,loss
tb_c61e540b_tetsutani_grimmsnarl-ex-damage-transfer-control,ON,376,first,win
tb_c61e540b_tetsutani_grimmsnarl-ex-damage-transfer-control,ON,377,second,win
tb_c61e540b_tetsutani_grimmsnarl-ex-damage-transfer-control,ON,378,first,win
tb_c61e540b_tetsutani_grimmsnarl-ex-damage-transfer-control,ON,379,second,loss
tb_c61e540b_tetsutani_grimmsnarl-ex-damage-transfer-control,ON,380,first,loss
tb_c61e540b_tetsutani_grimmsnarl-ex-damage-transfer-control,ON,381,second,loss
tb_c61e540b_tetsutani_grimmsnarl-ex-damage-transfer-control,ON,382,first,loss
tb_c61e540b_tetsutani_grimmsnarl-ex-damage-transfer-control,ON,383,second,loss
tb_c61e540b_tetsutani_grimmsnarl-ex-damage-transfer-control,ON,384,first,loss
tb_c61e540b_tetsutani_grimmsnarl-ex-damage-transfer-control,ON,385,second,loss
tb_c61e540b_tetsutani_grimmsnarl-ex-damage-transfer-control,ON,386,first,loss
tb_c61e540b_tetsutani_grimmsnarl-ex-damage-transfer-control,ON,387,second,loss
tb_c61e540b_tetsutani_grimmsnarl-ex-damage-transfer-control,ON,388,first,win
tb_c61e540b_tetsutani_grimmsnarl-ex-damage-transfer-control,ON,389,second,loss
tb_c61e540b_tetsutani_grimmsnarl-ex-damage-transfer-control,ON,390,first,win
tb_c61e540b_tetsutani_grimmsnarl-ex-damage-transfer-control,ON,391,second,loss
tb_c61e540b_tetsutani_grimmsnarl-ex-damage-transfer-control,ON,392,first,loss
tb_c61e540b_tetsutani_grimmsnarl-ex-damage-transfer-control,ON,393,second,win
tb_c61e540b_tetsutani_grimmsnarl-ex-damage-transfer-control,ON,394,first,win
tb_c61e540b_tetsutani_grimmsnarl-ex-damage-transfer-control,ON,395,second,loss
tb_c61e540b_tetsutani_grimmsnarl-ex-damage-transfer-control,ON,396,first,loss
tb_c61e540b_tetsutani_grimmsnarl-ex-damage-transfer-control,ON,397,second,win
tb_c61e540b_tetsutani_grimmsnarl-ex-damage-transfer-control,ON,398,first,loss
tb_c61e540b_tetsutani_grimmsnarl-ex-damage-transfer-control,ON,399,second,win
tb_c61e540b_tetsutani_grimmsnarl-ex-damage-transfer-control,ON,400,first,loss
tb_c61e540b_tetsutani_grimmsnarl-ex-damage-transfer-control,ON,401,second,loss
tb_c61e540b_tetsutani_grimmsnarl-ex-damage-transfer-control,ON,402,first,loss
tb_c61e540b_tetsutani_grimmsnarl-ex-damage-transfer-control,ON,403,second,win
tb_c61e540b_tetsutani_grimmsnarl-ex-damage-transfer-control,ON,404,first,loss
tb_c61e540b_tetsutani_grimmsnarl-ex-damage-transfer-control,ON,405,second,loss
tb_c61e540b_tetsutani_grimmsnarl-ex-damage-transfer-control,ON,406,first,loss
tb_c61e540b_tetsutani_grimmsnarl-ex-damage-transfer-control,ON,407,second,loss
tb_c61e540b_tetsutani_grimmsnarl-ex-damage-transfer-control,ON,408,first,loss
tb_c61e540b_tetsutani_grimmsnarl-ex-damage-transfer-control,ON,409,second,win
tb_c61e540b_tetsutani_grimmsnarl-ex-damage-transfer-control,ON,410,first,win
tb_c61e540b_tetsutani_grimmsnarl-ex-damage-transfer-control,ON,411,second,loss
tb_c61e540b_tetsutani_grimmsnarl-ex-damage-transfer-control,ON,412,first,loss
tb_c61e540b_tetsutani_grimmsnarl-ex-damage-transfer-control,ON,413,second,loss
tb_c61e540b_tetsutani_grimmsnarl-ex-damage-transfer-control,ON,414,first,loss
tb_c61e540b_tetsutani_grimmsnarl-ex-damage-transfer-control,ON,415,second,loss
tb_c61e540b_tetsutani_grimmsnarl-ex-damage-transfer-control,ON,416,first,win
tb_c61e540b_tetsutani_grimmsnarl-ex-damage-transfer-control,ON,417,second,win
tb_c61e540b_tetsutani_grimmsnarl-ex-damage-transfer-control,ON,418,first,loss
tb_c61e540b_tetsutani_grimmsnarl-ex-damage-transfer-control,ON,419,second,loss
tb_c61e540b_tetsutani_grimmsnarl-ex-damage-transfer-control,ON,420,first,loss
tb_c61e540b_tetsutani_grimmsnarl-ex-damage-transfer-control,ON,421,second,win
tb_c61e540b_tetsutani_grimmsnarl-ex-damage-transfer-control,ON,422,first,loss
tb_c61e540b_tetsutani_grimmsnarl-ex-damage-transfer-control,ON,423,second,loss
tb_c61e540b_tetsutani_grimmsnarl-ex-damage-transfer-control,ON,424,first,win
tb_c61e540b_tetsutani_grimmsnarl-ex-damage-transfer-control,ON,425,second,loss
tb_c61e540b_tetsutani_grimmsnarl-ex-damage-transfer-control,ON,426,first,win
tb_c61e540b_tetsutani_grimmsnarl-ex-damage-transfer-control,ON,427,second,win
tb_c61e540b_tetsutani_grimmsnarl-ex-damage-transfer-control,ON,428,first,loss
tb_c61e540b_tetsutani_grimmsnarl-ex-damage-transfer-control,ON,429,second,win
tb_c61e540b_tetsutani_grimmsnarl-ex-damage-transfer-control,ON,430,first,loss
tb_c61e540b_tetsutani_grimmsnarl-ex-damage-transfer-control,ON,431,second,win
tb_c61e540b_tetsutani_grimmsnarl-ex-damage-transfer-control,ON,432,first,loss
tb_c61e540b_tetsutani_grimmsnarl-ex-damage-transfer-control,ON,433,second,loss
tb_c61e540b_tetsutani_grimmsnarl-ex-damage-transfer-control,ON,434,first,win
tb_c61e540b_tetsutani_grimmsnarl-ex-damage-transfer-control,ON,435,second,loss
tb_c61e540b_tetsutani_grimmsnarl-ex-damage-transfer-control,ON,436,first,win
tb_c61e540b_tetsutani_grimmsnarl-ex-damage-transfer-control,ON,437,second,loss
tb_c61e540b_tetsutani_grimmsnarl-ex-damage-transfer-control,ON,438,first,win
tb_c61e540b_tetsutani_grimmsnarl-ex-damage-transfer-control,ON,439,second,win
tb_c61e540b_tetsutani_grimmsnarl-ex-damage-transfer-control,ON,440,first,win
tb_c61e540b_tetsutani_grimmsnarl-ex-damage-transfer-control,ON,441,second,loss
tb_c61e540b_tetsutani_grimmsnarl-ex-damage-transfer-control,ON,442,first,loss
tb_c61e540b_tetsutani_grimmsnarl-ex-damage-transfer-control,ON,443,second,loss
tb_c61e540b_tetsutani_grimmsnarl-ex-damage-transfer-control,ON,444,first,win
tb_c61e540b_tetsutani_grimmsnarl-ex-damage-transfer-control,ON,445,second,loss
tb_c61e540b_tetsutani_grimmsnarl-ex-damage-transfer-control,ON,446,first,loss
tb_c61e540b_tetsutani_grimmsnarl-ex-damage-transfer-control,ON,447,second,win
tb_c61e540b_tetsutani_grimmsnarl-ex-damage-transfer-control,ON,448,first,loss
tb_c61e540b_tetsutani_grimmsnarl-ex-damage-transfer-control,ON,449,second,win
tb_c61e540b_tetsutani_grimmsnarl-ex-damage-transfer-control,ON,450,first,loss
tb_c61e540b_tetsutani_grimmsnarl-ex-damage-transfer-control,ON,451,second,loss
tb_c61e540b_tetsutani_grimmsnarl-ex-damage-transfer-control,ON,452,first,win
tb_c61e540b_tetsutani_grimmsnarl-ex-damage-transfer-control,ON,453,second,win
tb_c61e540b_tetsutani_grimmsnarl-ex-damage-transfer-control,ON,454,first,loss
tb_c61e540b_tetsutani_grimmsnarl-ex-damage-transfer-control,ON,455,second,win
tb_c61e540b_tetsutani_grimmsnarl-ex-damage-transfer-control,ON,456,first,win
tb_c61e540b_tetsutani_grimmsnarl-ex-damage-transfer-control,ON,457,second,loss
tb_c61e540b_tetsutani_grimmsnarl-ex-damage-transfer-control,ON,458,first,win
tb_c61e540b_tetsutani_grimmsnarl-ex-damage-transfer-control,ON,459,second,win
tb_c61e540b_tetsutani_grimmsnarl-ex-damage-transfer-control,ON,460,first,loss
tb_c61e540b_tetsutani_grimmsnarl-ex-damage-transfer-control,ON,461,second,win
tb_c61e540b_tetsutani_grimmsnarl-ex-damage-transfer-control,ON,462,first,win
tb_c61e540b_tetsutani_grimmsnarl-ex-damage-transfer-control,ON,463,second,win
tb_c61e540b_tetsutani_grimmsnarl-ex-damage-transfer-control,ON,464,first,win
tb_c61e540b_tetsutani_grimmsnarl-ex-damage-transfer-control,ON,465,second,loss
tb_c61e540b_tetsutani_grimmsnarl-ex-damage-transfer-control,ON,466,first,loss
tb_c61e540b_tetsutani_grimmsnarl-ex-damage-transfer-control,ON,467,second,loss
tb_c61e540b_tetsutani_grimmsnarl-ex-damage-transfer-control,ON,468,first,loss
tb_c61e540b_tetsutani_grimmsnarl-ex-damage-transfer-control,ON,469,second,loss
tb_c61e540b_tetsutani_grimmsnarl-ex-damage-transfer-control,ON,470,first,win
tb_c61e540b_tetsutani_grimmsnarl-ex-damage-transfer-control,ON,471,second,loss
tb_c61e540b_tetsutani_grimmsnarl-ex-damage-transfer-control,ON,472,first,loss
tb_c61e540b_tetsutani_grimmsnarl-ex-damage-transfer-control,ON,473,second,loss
tb_c61e540b_tetsutani_grimmsnarl-ex-damage-transfer-control,ON,474,first,loss
tb_c61e540b_tetsutani_grimmsnarl-ex-damage-transfer-control,ON,475,second,win
tb_c61e540b_tetsutani_grimmsnarl-ex-damage-transfer-control,ON,476,first,win
tb_c61e540b_tetsutani_grimmsnarl-ex-damage-transfer-control,ON,477,second,loss
tb_c61e540b_tetsutani_grimmsnarl-ex-damage-transfer-control,ON,478,first,loss
tb_c61e540b_tetsutani_grimmsnarl-ex-damage-transfer-control,ON,479,second,loss
tb_c61e540b_tetsutani_grimmsnarl-ex-damage-transfer-control,ON,480,first,win
tb_c61e540b_tetsutani_grimmsnarl-ex-damage-transfer-control,ON,481,second,loss
tb_c61e540b_tetsutani_grimmsnarl-ex-damage-transfer-control,ON,482,first,loss
tb_c61e540b_tetsutani_grimmsnarl-ex-damage-transfer-control,ON,483,second,loss
tb_c61e540b_tetsutani_grimmsnarl-ex-damage-transfer-control,ON,484,first,win
tb_c61e540b_tetsutani_grimmsnarl-ex-damage-transfer-control,ON,485,second,win
tb_c61e540b_tetsutani_grimmsnarl-ex-damage-transfer-control,ON,486,first,win
tb_c61e540b_tetsutani_grimmsnarl-ex-damage-transfer-control,ON,487,second,loss
tb_c61e540b_tetsutani_grimmsnarl-ex-damage-transfer-control,ON,488,first,loss
tb_c61e540b_tetsutani_grimmsnarl-ex-damage-transfer-control,ON,489,second,loss
tb_c61e540b_tetsutani_grimmsnarl-ex-damage-transfer-control,ON,490,first,win
tb_c61e540b_tetsutani_grimmsnarl-ex-damage-transfer-control,ON,491,second,loss
tb_c61e540b_tetsutani_grimmsnarl-ex-damage-transfer-control,ON,492,first,win
tb_c61e540b_tetsutani_grimmsnarl-ex-damage-transfer-control,ON,493,second,loss
tb_c61e540b_tetsutani_grimmsnarl-ex-damage-transfer-control,ON,494,first,win
tb_c61e540b_tetsutani_grimmsnarl-ex-damage-transfer-control,ON,495,second,loss
tb_c61e540b_tetsutani_grimmsnarl-ex-damage-transfer-control,ON,496,first,loss
tb_c61e540b_tetsutani_grimmsnarl-ex-damage-transfer-control,ON,497,second,loss
tb_c61e540b_tetsutani_grimmsnarl-ex-damage-transfer-control,ON,498,first,loss
tb_c61e540b_tetsutani_grimmsnarl-ex-damage-transfer-control,ON,499,second,loss
tb_c61e540b_tetsutani_grimmsnarl-ex-damage-transfer-control,ON,500,first,loss
tb_c61e540b_tetsutani_grimmsnarl-ex-damage-transfer-control,ON,501,second,win
tb_c61e540b_tetsutani_grimmsnarl-ex-damage-transfer-control,ON,502,first,win
tb_c61e540b_tetsutani_grimmsnarl-ex-damage-transfer-control,ON,503,second,win
tb_c61e540b_tetsutani_grimmsnarl-ex-damage-transfer-control,ON,504,first,loss
tb_c61e540b_tetsutani_grimmsnarl-ex-damage-transfer-control,ON,505,second,win
tb_c61e540b_tetsutani_grimmsnarl-ex-damage-transfer-control,ON,506,first,win
tb_c61e540b_tetsutani_grimmsnarl-ex-damage-transfer-control,ON,507,second,win
tb_c61e540b_tetsutani_grimmsnarl-ex-damage-transfer-control,ON,508,first,win
tb_c61e540b_tetsutani_grimmsnarl-ex-damage-transfer-control,ON,509,second,loss
tb_c61e540b_tetsutani_grimmsnarl-ex-damage-transfer-control,ON,510,first,win
tb_c61e540b_tetsutani_grimmsnarl-ex-damage-transfer-control,ON,511,second,loss
tb_c61e540b_tetsutani_grimmsnarl-ex-damage-transfer-control,ON,512,first,win
tb_c61e540b_tetsutani_grimmsnarl-ex-damage-transfer-control,ON,513,second,loss
tb_c61e540b_tetsutani_grimmsnarl-ex-damage-transfer-control,ON,514,first,win
tb_c61e540b_tetsutani_grimmsnarl-ex-damage-transfer-control,ON,515,second,loss
tb_c61e540b_tetsutani_grimmsnarl-ex-damage-transfer-control,ON,516,first,loss
tb_c61e540b_tetsutani_grimmsnarl-ex-damage-transfer-control,ON,517,second,loss
tb_c61e540b_tetsutani_grimmsnarl-ex-damage-transfer-control,ON,518,first,win
tb_c61e540b_tetsutani_grimmsnarl-ex-damage-transfer-control,ON,519,second,win
tb_c61e540b_tetsutani_grimmsnarl-ex-damage-transfer-control,ON,520,first,loss
tb_c61e540b_tetsutani_grimmsnarl-ex-damage-transfer-control,ON,521,second,loss
tb_c61e540b_tetsutani_grimmsnarl-ex-damage-transfer-control,ON,522,first,loss
tb_c61e540b_tetsutani_grimmsnarl-ex-damage-transfer-control,ON,523,second,loss
tb_c61e540b_tetsutani_grimmsnarl-ex-damage-transfer-control,ON,524,first,loss
tb_c61e540b_tetsutani_grimmsnarl-ex-damage-transfer-control,ON,525,second,loss
tb_c61e540b_tetsutani_grimmsnarl-ex-damage-transfer-control,ON,526,first,loss
tb_c61e540b_tetsutani_grimmsnarl-ex-damage-transfer-control,ON,527,second,loss
tb_c61e540b_tetsutani_grimmsnarl-ex-damage-transfer-control,ON,528,first,loss
tb_c61e540b_tetsutani_grimmsnarl-ex-damage-transfer-control,ON,529,second,loss
tb_c61e540b_tetsutani_grimmsnarl-ex-damage-transfer-control,ON,530,first,loss
tb_c61e540b_tetsutani_grimmsnarl-ex-damage-transfer-control,ON,531,second,loss
tb_c61e540b_tetsutani_grimmsnarl-ex-damage-transfer-control,ON,532,first,win
tb_c61e540b_tetsutani_grimmsnarl-ex-damage-transfer-control,ON,533,second,loss
tb_c61e540b_tetsutani_grimmsnarl-ex-damage-transfer-control,ON,534,first,win
tb_c61e540b_tetsutani_grimmsnarl-ex-damage-transfer-control,ON,535,second,loss
tb_c61e540b_tetsutani_grimmsnarl-ex-damage-transfer-control,ON,536,first,win
tb_c61e540b_tetsutani_grimmsnarl-ex-damage-transfer-control,ON,537,second,loss
tb_c61e540b_tetsutani_grimmsnarl-ex-damage-transfer-control,ON,538,first,win
tb_c61e540b_tetsutani_grimmsnarl-ex-damage-transfer-control,ON,539,second,win
tb_c61e540b_tetsutani_grimmsnarl-ex-damage-transfer-control,ON,540,first,loss
tb_c61e540b_tetsutani_grimmsnarl-ex-damage-transfer-control,ON,541,second,win
tb_c61e540b_tetsutani_grimmsnarl-ex-damage-transfer-control,ON,542,first,win
tb_c61e540b_tetsutani_grimmsnarl-ex-damage-transfer-control,ON,543,second,loss
tb_c61e540b_tetsutani_grimmsnarl-ex-damage-transfer-control,ON,544,first,loss
tb_c61e540b_tetsutani_grimmsnarl-ex-damage-transfer-control,ON,545,second,win
tb_c61e540b_tetsutani_grimmsnarl-ex-damage-transfer-control,ON,546,first,loss
tb_c61e540b_tetsutani_grimmsnarl-ex-damage-transfer-control,ON,547,second,win
tb_c61e540b_tetsutani_grimmsnarl-ex-damage-transfer-control,ON,548,first,loss
tb_c61e540b_tetsutani_grimmsnarl-ex-damage-transfer-control,ON,549,second,win
tb_c61e540b_tetsutani_grimmsnarl-ex-damage-transfer-control,ON,550,first,loss
tb_c61e540b_tetsutani_grimmsnarl-ex-damage-transfer-control,ON,551,second,win
tb_c61e540b_tetsutani_grimmsnarl-ex-damage-transfer-control,ON,552,first,loss
tb_c61e540b_tetsutani_grimmsnarl-ex-damage-transfer-control,ON,553,second,loss
tb_c61e540b_tetsutani_grimmsnarl-ex-damage-transfer-control,ON,554,first,loss
tb_c61e540b_tetsutani_grimmsnarl-ex-damage-transfer-control,ON,555,second,draw
tb_c61e540b_tetsutani_grimmsnarl-ex-damage-transfer-control,ON,556,first,win
tb_c61e540b_tetsutani_grimmsnarl-ex-damage-transfer-control,ON,557,second,win
tb_c61e540b_tetsutani_grimmsnarl-ex-damage-transfer-control,ON,558,first,win
tb_c61e540b_tetsutani_grimmsnarl-ex-damage-transfer-control,ON,559,second,loss
tb_c61e540b_tetsutani_grimmsnarl-ex-damage-transfer-control,ON,560,first,loss
tb_c61e540b_tetsutani_grimmsnarl-ex-damage-transfer-control,ON,561,second,loss
tb_c61e540b_tetsutani_grimmsnarl-ex-damage-transfer-control,ON,562,first,loss
tb_c61e540b_tetsutani_grimmsnarl-ex-damage-transfer-control,ON,563,second,loss
tb_c61e540b_tetsutani_grimmsnarl-ex-damage-transfer-control,ON,564,first,loss
tb_c61e540b_tetsutani_grimmsnarl-ex-damage-transfer-control,ON,565,second,loss
tb_c61e540b_tetsutani_grimmsnarl-ex-damage-transfer-control,ON,566,first,loss
tb_c61e540b_tetsutani_grimmsnarl-ex-damage-transfer-control,ON,567,second,loss
tb_c61e540b_tetsutani_grimmsnarl-ex-damage-transfer-control,ON,568,first,loss
tb_c61e540b_tetsutani_grimmsnarl-ex-damage-transfer-control,ON,569,second,loss
tb_c61e540b_tetsutani_grimmsnarl-ex-damage-transfer-control,ON,570,first,loss
tb_c61e540b_tetsutani_grimmsnarl-ex-damage-transfer-control,ON,571,second,loss
tb_c61e540b_tetsutani_grimmsnarl-ex-damage-transfer-control,ON,572,first,loss
tb_c61e540b_tetsutani_grimmsnarl-ex-damage-transfer-control,ON,573,second,win
tb_c61e540b_tetsutani_grimmsnarl-ex-damage-transfer-control,ON,574,first,loss
tb_c61e540b_tetsutani_grimmsnarl-ex-damage-transfer-control,ON,575,second,loss
tb_c61e540b_tetsutani_grimmsnarl-ex-damage-transfer-control,ON,576,first,win
tb_c61e540b_tetsutani_grimmsnarl-ex-damage-transfer-control,ON,577,second,win
tb_c61e540b_tetsutani_grimmsnarl-ex-damage-transfer-control,ON,578,first,win
tb_c61e540b_tetsutani_grimmsnarl-ex-damage-transfer-control,ON,579,second,loss
tb_c61e540b_tetsutani_grimmsnarl-ex-damage-transfer-control,ON,580,first,win
tb_c61e540b_tetsutani_grimmsnarl-ex-damage-transfer-control,ON,581,second,loss
tb_c61e540b_tetsutani_grimmsnarl-ex-damage-transfer-control,ON,582,first,loss
tb_c61e540b_tetsutani_grimmsnarl-ex-damage-transfer-control,ON,583,second,loss
tb_c61e540b_tetsutani_grimmsnarl-ex-damage-transfer-control,ON,584,first,win
tb_c61e540b_tetsutani_grimmsnarl-ex-damage-transfer-control,ON,585,second,loss
tb_c61e540b_tetsutani_grimmsnarl-ex-damage-transfer-control,ON,586,first,win
tb_c61e540b_tetsutani_grimmsnarl-ex-damage-transfer-control,ON,587,second,loss
tb_c61e540b_tetsutani_grimmsnarl-ex-damage-transfer-control,ON,588,first,loss
tb_c61e540b_tetsutani_grimmsnarl-ex-damage-transfer-control,ON,589,second,win
tb_c61e540b_tetsutani_grimmsnarl-ex-damage-transfer-control,ON,590,first,loss
tb_c61e540b_tetsutani_grimmsnarl-ex-damage-transfer-control,ON,591,second,win
tb_c61e540b_tetsutani_grimmsnarl-ex-damage-transfer-control,ON,592,first,loss
tb_c61e540b_tetsutani_grimmsnarl-ex-damage-transfer-control,ON,593,second,win
tb_c61e540b_tetsutani_grimmsnarl-ex-damage-transfer-control,ON,594,first,loss
tb_c61e540b_tetsutani_grimmsnarl-ex-damage-transfer-control,ON,595,second,win
tb_c61e540b_tetsutani_grimmsnarl-ex-damage-transfer-control,ON,596,first,win
tb_c61e540b_tetsutani_grimmsnarl-ex-damage-transfer-control,ON,597,second,win
tb_c61e540b_tetsutani_grimmsnarl-ex-damage-transfer-control,ON,598,first,win
tb_c61e540b_tetsutani_grimmsnarl-ex-damage-transfer-control,ON,599,second,loss
tb_8f2fa9c4_prvsiyan_ptcg-ai-battle-static-deck-tusk-1208-v24,OFF,0,first,loss
tb_8f2fa9c4_prvsiyan_ptcg-ai-battle-static-deck-tusk-1208-v24,OFF,1,second,win
tb_8f2fa9c4_prvsiyan_ptcg-ai-battle-static-deck-tusk-1208-v24,OFF,2,first,loss
tb_8f2fa9c4_prvsiyan_ptcg-ai-battle-static-deck-tusk-1208-v24,OFF,3,second,loss
tb_8f2fa9c4_prvsiyan_ptcg-ai-battle-static-deck-tusk-1208-v24,OFF,4,first,loss
tb_8f2fa9c4_prvsiyan_ptcg-ai-battle-static-deck-tusk-1208-v24,OFF,5,second,loss
tb_8f2fa9c4_prvsiyan_ptcg-ai-battle-static-deck-tusk-1208-v24,OFF,6,first,loss
tb_8f2fa9c4_prvsiyan_ptcg-ai-battle-static-deck-tusk-1208-v24,OFF,7,second,loss
tb_8f2fa9c4_prvsiyan_ptcg-ai-battle-static-deck-tusk-1208-v24,OFF,8,first,win
tb_8f2fa9c4_prvsiyan_ptcg-ai-battle-static-deck-tusk-1208-v24,OFF,9,second,win
tb_8f2fa9c4_prvsiyan_ptcg-ai-battle-static-deck-tusk-1208-v24,OFF,10,first,loss
tb_8f2fa9c4_prvsiyan_ptcg-ai-battle-static-deck-tusk-1208-v24,OFF,11,second,win
tb_8f2fa9c4_prvsiyan_ptcg-ai-battle-static-deck-tusk-1208-v24,OFF,12,first,loss
tb_8f2fa9c4_prvsiyan_ptcg-ai-battle-static-deck-tusk-1208-v24,OFF,13,second,win
tb_8f2fa9c4_prvsiyan_ptcg-ai-battle-static-deck-tusk-1208-v24,OFF,14,first,loss
tb_8f2fa9c4_prvsiyan_ptcg-ai-battle-static-deck-tusk-1208-v24,OFF,15,second,loss
tb_8f2fa9c4_prvsiyan_ptcg-ai-battle-static-deck-tusk-1208-v24,OFF,16,first,loss
tb_8f2fa9c4_prvsiyan_ptcg-ai-battle-static-deck-tusk-1208-v24,OFF,17,second,loss
tb_8f2fa9c4_prvsiyan_ptcg-ai-battle-static-deck-tusk-1208-v24,OFF,18,first,loss
tb_8f2fa9c4_prvsiyan_ptcg-ai-battle-static-deck-tusk-1208-v24,OFF,19,second,loss
tb_8f2fa9c4_prvsiyan_ptcg-ai-battle-static-deck-tusk-1208-v24,OFF,20,first,win
tb_8f2fa9c4_prvsiyan_ptcg-ai-battle-static-deck-tusk-1208-v24,OFF,21,second,win
tb_8f2fa9c4_prvsiyan_ptcg-ai-battle-static-deck-tusk-1208-v24,OFF,22,first,win
tb_8f2fa9c4_prvsiyan_ptcg-ai-battle-static-deck-tusk-1208-v24,OFF,23,second,loss
tb_8f2fa9c4_prvsiyan_ptcg-ai-battle-static-deck-tusk-1208-v24,OFF,24,first,win
tb_8f2fa9c4_prvsiyan_ptcg-ai-battle-static-deck-tusk-1208-v24,OFF,25,second,loss
tb_8f2fa9c4_prvsiyan_ptcg-ai-battle-static-deck-tusk-1208-v24,OFF,26,first,loss
tb_8f2fa9c4_prvsiyan_ptcg-ai-battle-static-deck-tusk-1208-v24,OFF,27,second,loss
tb_8f2fa9c4_prvsiyan_ptcg-ai-battle-static-deck-tusk-1208-v24,OFF,28,first,loss
tb_8f2fa9c4_prvsiyan_ptcg-ai-battle-static-deck-tusk-1208-v24,OFF,29,second,win
tb_8f2fa9c4_prvsiyan_ptcg-ai-battle-static-deck-tusk-1208-v24,OFF,30,first,loss
tb_8f2fa9c4_prvsiyan_ptcg-ai-battle-static-deck-tusk-1208-v24,OFF,31,second,loss
tb_8f2fa9c4_prvsiyan_ptcg-ai-battle-static-deck-tusk-1208-v24,OFF,32,first,loss
tb_8f2fa9c4_prvsiyan_ptcg-ai-battle-static-deck-tusk-1208-v24,OFF,33,second,loss
tb_8f2fa9c4_prvsiyan_ptcg-ai-battle-static-deck-tusk-1208-v24,OFF,34,first,loss
tb_8f2fa9c4_prvsiyan_ptcg-ai-battle-static-deck-tusk-1208-v24,OFF,35,second,win
tb_8f2fa9c4_prvsiyan_ptcg-ai-battle-static-deck-tusk-1208-v24,OFF,36,first,win
tb_8f2fa9c4_prvsiyan_ptcg-ai-battle-static-deck-tusk-1208-v24,OFF,37,second,loss
tb_8f2fa9c4_prvsiyan_ptcg-ai-battle-static-deck-tusk-1208-v24,OFF,38,first,loss
tb_8f2fa9c4_prvsiyan_ptcg-ai-battle-static-deck-tusk-1208-v24,OFF,39,second,loss
tb_8f2fa9c4_prvsiyan_ptcg-ai-battle-static-deck-tusk-1208-v24,OFF,40,first,win
tb_8f2fa9c4_prvsiyan_ptcg-ai-battle-static-deck-tusk-1208-v24,OFF,41,second,win
tb_8f2fa9c4_prvsiyan_ptcg-ai-battle-static-deck-tusk-1208-v24,OFF,42,first,loss
tb_8f2fa9c4_prvsiyan_ptcg-ai-battle-static-deck-tusk-1208-v24,OFF,43,second,loss
tb_8f2fa9c4_prvsiyan_ptcg-ai-battle-static-deck-tusk-1208-v24,OFF,44,first,win
tb_8f2fa9c4_prvsiyan_ptcg-ai-battle-static-deck-tusk-1208-v24,OFF,45,second,win
tb_8f2fa9c4_prvsiyan_ptcg-ai-battle-static-deck-tusk-1208-v24,OFF,46,first,loss
tb_8f2fa9c4_prvsiyan_ptcg-ai-battle-static-deck-tusk-1208-v24,OFF,47,second,loss
tb_8f2fa9c4_prvsiyan_ptcg-ai-battle-static-deck-tusk-1208-v24,OFF,48,first,loss
tb_8f2fa9c4_prvsiyan_ptcg-ai-battle-static-deck-tusk-1208-v24,OFF,49,second,win
tb_8f2fa9c4_prvsiyan_ptcg-ai-battle-static-deck-tusk-1208-v24,OFF,50,first,loss
tb_8f2fa9c4_prvsiyan_ptcg-ai-battle-static-deck-tusk-1208-v24,OFF,51,second,loss
tb_8f2fa9c4_prvsiyan_ptcg-ai-battle-static-deck-tusk-1208-v24,OFF,52,first,loss
tb_8f2fa9c4_prvsiyan_ptcg-ai-battle-static-deck-tusk-1208-v24,OFF,53,second,win
tb_8f2fa9c4_prvsiyan_ptcg-ai-battle-static-deck-tusk-1208-v24,OFF,54,first,win
tb_8f2fa9c4_prvsiyan_ptcg-ai-battle-static-deck-tusk-1208-v24,OFF,55,second,loss
tb_8f2fa9c4_prvsiyan_ptcg-ai-battle-static-deck-tusk-1208-v24,OFF,56,first,loss
tb_8f2fa9c4_prvsiyan_ptcg-ai-battle-static-deck-tusk-1208-v24,OFF,57,second,loss
tb_8f2fa9c4_prvsiyan_ptcg-ai-battle-static-deck-tusk-1208-v24,OFF,58,first,loss
tb_8f2fa9c4_prvsiyan_ptcg-ai-battle-static-deck-tusk-1208-v24,OFF,59,second,loss
tb_8f2fa9c4_prvsiyan_ptcg-ai-battle-static-deck-tusk-1208-v24,OFF,60,first,win
tb_8f2fa9c4_prvsiyan_ptcg-ai-battle-static-deck-tusk-1208-v24,OFF,61,second,loss
tb_8f2fa9c4_prvsiyan_ptcg-ai-battle-static-deck-tusk-1208-v24,OFF,62,first,loss
tb_8f2fa9c4_prvsiyan_ptcg-ai-battle-static-deck-tusk-1208-v24,OFF,63,second,win
tb_8f2fa9c4_prvsiyan_ptcg-ai-battle-static-deck-tusk-1208-v24,OFF,64,first,loss
tb_8f2fa9c4_prvsiyan_ptcg-ai-battle-static-deck-tusk-1208-v24,OFF,65,second,loss
tb_8f2fa9c4_prvsiyan_ptcg-ai-battle-static-deck-tusk-1208-v24,OFF,66,first,loss
tb_8f2fa9c4_prvsiyan_ptcg-ai-battle-static-deck-tusk-1208-v24,OFF,67,second,loss
tb_8f2fa9c4_prvsiyan_ptcg-ai-battle-static-deck-tusk-1208-v24,OFF,68,first,win
tb_8f2fa9c4_prvsiyan_ptcg-ai-battle-static-deck-tusk-1208-v24,OFF,69,second,win
tb_8f2fa9c4_prvsiyan_ptcg-ai-battle-static-deck-tusk-1208-v24,OFF,70,first,loss
tb_8f2fa9c4_prvsiyan_ptcg-ai-battle-static-deck-tusk-1208-v24,OFF,71,second,loss
tb_8f2fa9c4_prvsiyan_ptcg-ai-battle-static-deck-tusk-1208-v24,OFF,72,first,win
tb_8f2fa9c4_prvsiyan_ptcg-ai-battle-static-deck-tusk-1208-v24,OFF,73,second,loss
tb_8f2fa9c4_prvsiyan_ptcg-ai-battle-static-deck-tusk-1208-v24,OFF,74,first,loss
tb_8f2fa9c4_prvsiyan_ptcg-ai-battle-static-deck-tusk-1208-v24,OFF,75,second,win
tb_8f2fa9c4_prvsiyan_ptcg-ai-battle-static-deck-tusk-1208-v24,OFF,76,first,win
tb_8f2fa9c4_prvsiyan_ptcg-ai-battle-static-deck-tusk-1208-v24,OFF,77,second,win
tb_8f2fa9c4_prvsiyan_ptcg-ai-battle-static-deck-tusk-1208-v24,OFF,78,first,loss
tb_8f2fa9c4_prvsiyan_ptcg-ai-battle-static-deck-tusk-1208-v24,OFF,79,second,loss
tb_8f2fa9c4_prvsiyan_ptcg-ai-battle-static-deck-tusk-1208-v24,OFF,80,first,loss
tb_8f2fa9c4_prvsiyan_ptcg-ai-battle-static-deck-tusk-1208-v24,OFF,81,second,loss
tb_8f2fa9c4_prvsiyan_ptcg-ai-battle-static-deck-tusk-1208-v24,OFF,82,first,loss
tb_8f2fa9c4_prvsiyan_ptcg-ai-battle-static-deck-tusk-1208-v24,OFF,83,second,loss
tb_8f2fa9c4_prvsiyan_ptcg-ai-battle-static-deck-tusk-1208-v24,OFF,84,first,win
tb_8f2fa9c4_prvsiyan_ptcg-ai-battle-static-deck-tusk-1208-v24,OFF,85,second,win
tb_8f2fa9c4_prvsiyan_ptcg-ai-battle-static-deck-tusk-1208-v24,OFF,86,first,loss
tb_8f2fa9c4_prvsiyan_ptcg-ai-battle-static-deck-tusk-1208-v24,OFF,87,second,win
tb_8f2fa9c4_prvsiyan_ptcg-ai-battle-static-deck-tusk-1208-v24,OFF,88,first,win
tb_8f2fa9c4_prvsiyan_ptcg-ai-battle-static-deck-tusk-1208-v24,OFF,89,second,loss
tb_8f2fa9c4_prvsiyan_ptcg-ai-battle-static-deck-tusk-1208-v24,OFF,90,first,win
tb_8f2fa9c4_prvsiyan_ptcg-ai-battle-static-deck-tusk-1208-v24,OFF,91,second,loss
tb_8f2fa9c4_prvsiyan_ptcg-ai-battle-static-deck-tusk-1208-v24,OFF,92,first,loss
tb_8f2fa9c4_prvsiyan_ptcg-ai-battle-static-deck-tusk-1208-v24,OFF,93,second,win
tb_8f2fa9c4_prvsiyan_ptcg-ai-battle-static-deck-tusk-1208-v24,OFF,94,first,loss
tb_8f2fa9c4_prvsiyan_ptcg-ai-battle-static-deck-tusk-1208-v24,OFF,95,second,win
tb_8f2fa9c4_prvsiyan_ptcg-ai-battle-static-deck-tusk-1208-v24,OFF,96,first,loss
tb_8f2fa9c4_prvsiyan_ptcg-ai-battle-static-deck-tusk-1208-v24,OFF,97,second,win
tb_8f2fa9c4_prvsiyan_ptcg-ai-battle-static-deck-tusk-1208-v24,OFF,98,first,win
tb_8f2fa9c4_prvsiyan_ptcg-ai-battle-static-deck-tusk-1208-v24,OFF,99,second,loss
tb_8f2fa9c4_prvsiyan_ptcg-ai-battle-static-deck-tusk-1208-v24,OFF,100,first,loss
tb_8f2fa9c4_prvsiyan_ptcg-ai-battle-static-deck-tusk-1208-v24,OFF,101,second,loss
tb_8f2fa9c4_prvsiyan_ptcg-ai-battle-static-deck-tusk-1208-v24,OFF,102,first,win
tb_8f2fa9c4_prvsiyan_ptcg-ai-battle-static-deck-tusk-1208-v24,OFF,103,second,loss
tb_8f2fa9c4_prvsiyan_ptcg-ai-battle-static-deck-tusk-1208-v24,OFF,104,first,win
tb_8f2fa9c4_prvsiyan_ptcg-ai-battle-static-deck-tusk-1208-v24,OFF,105,second,loss
tb_8f2fa9c4_prvsiyan_ptcg-ai-battle-static-deck-tusk-1208-v24,OFF,106,first,loss
tb_8f2fa9c4_prvsiyan_ptcg-ai-battle-static-deck-tusk-1208-v24,OFF,107,second,loss
tb_8f2fa9c4_prvsiyan_ptcg-ai-battle-static-deck-tusk-1208-v24,OFF,108,first,loss
tb_8f2fa9c4_prvsiyan_ptcg-ai-battle-static-deck-tusk-1208-v24,OFF,109,second,loss
tb_8f2fa9c4_prvsiyan_ptcg-ai-battle-static-deck-tusk-1208-v24,OFF,110,first,loss
tb_8f2fa9c4_prvsiyan_ptcg-ai-battle-static-deck-tusk-1208-v24,OFF,111,second,loss
tb_8f2fa9c4_prvsiyan_ptcg-ai-battle-static-deck-tusk-1208-v24,OFF,112,first,loss
tb_8f2fa9c4_prvsiyan_ptcg-ai-battle-static-deck-tusk-1208-v24,OFF,113,second,loss
tb_8f2fa9c4_prvsiyan_ptcg-ai-battle-static-deck-tusk-1208-v24,OFF,114,first,loss
tb_8f2fa9c4_prvsiyan_ptcg-ai-battle-static-deck-tusk-1208-v24,OFF,115,second,win
tb_8f2fa9c4_prvsiyan_ptcg-ai-battle-static-deck-tusk-1208-v24,OFF,116,first,loss
tb_8f2fa9c4_prvsiyan_ptcg-ai-battle-static-deck-tusk-1208-v24,OFF,117,second,loss
tb_8f2fa9c4_prvsiyan_ptcg-ai-battle-static-deck-tusk-1208-v24,OFF,118,first,win
tb_8f2fa9c4_prvsiyan_ptcg-ai-battle-static-deck-tusk-1208-v24,OFF,119,second,win
tb_8f2fa9c4_prvsiyan_ptcg-ai-battle-static-deck-tusk-1208-v24,OFF,120,first,win
tb_8f2fa9c4_prvsiyan_ptcg-ai-battle-static-deck-tusk-1208-v24,OFF,121,second,win
tb_8f2fa9c4_prvsiyan_ptcg-ai-battle-static-deck-tusk-1208-v24,OFF,122,first,loss
tb_8f2fa9c4_prvsiyan_ptcg-ai-battle-static-deck-tusk-1208-v24,OFF,123,second,win
tb_8f2fa9c4_prvsiyan_ptcg-ai-battle-static-deck-tusk-1208-v24,OFF,124,first,loss
tb_8f2fa9c4_prvsiyan_ptcg-ai-battle-static-deck-tusk-1208-v24,OFF,125,second,loss
tb_8f2fa9c4_prvsiyan_ptcg-ai-battle-static-deck-tusk-1208-v24,OFF,126,first,loss
tb_8f2fa9c4_prvsiyan_ptcg-ai-battle-static-deck-tusk-1208-v24,OFF,127,second,loss
tb_8f2fa9c4_prvsiyan_ptcg-ai-battle-static-deck-tusk-1208-v24,OFF,128,first,loss
tb_8f2fa9c4_prvsiyan_ptcg-ai-battle-static-deck-tusk-1208-v24,OFF,129,second,loss
tb_8f2fa9c4_prvsiyan_ptcg-ai-battle-static-deck-tusk-1208-v24,OFF,130,first,win
tb_8f2fa9c4_prvsiyan_ptcg-ai-battle-static-deck-tusk-1208-v24,OFF,131,second,win
tb_8f2fa9c4_prvsiyan_ptcg-ai-battle-static-deck-tusk-1208-v24,OFF,132,first,win
tb_8f2fa9c4_prvsiyan_ptcg-ai-battle-static-deck-tusk-1208-v24,OFF,133,second,loss
tb_8f2fa9c4_prvsiyan_ptcg-ai-battle-static-deck-tusk-1208-v24,OFF,134,first,loss
tb_8f2fa9c4_prvsiyan_ptcg-ai-battle-static-deck-tusk-1208-v24,OFF,135,second,loss
tb_8f2fa9c4_prvsiyan_ptcg-ai-battle-static-deck-tusk-1208-v24,OFF,136,first,win
tb_8f2fa9c4_prvsiyan_ptcg-ai-battle-static-deck-tusk-1208-v24,OFF,137,second,loss
tb_8f2fa9c4_prvsiyan_ptcg-ai-battle-static-deck-tusk-1208-v24,OFF,138,first,loss
tb_8f2fa9c4_prvsiyan_ptcg-ai-battle-static-deck-tusk-1208-v24,OFF,139,second,win
tb_8f2fa9c4_prvsiyan_ptcg-ai-battle-static-deck-tusk-1208-v24,OFF,140,first,win
tb_8f2fa9c4_prvsiyan_ptcg-ai-battle-static-deck-tusk-1208-v24,OFF,141,second,loss
tb_8f2fa9c4_prvsiyan_ptcg-ai-battle-static-deck-tusk-1208-v24,OFF,142,first,loss
tb_8f2fa9c4_prvsiyan_ptcg-ai-battle-static-deck-tusk-1208-v24,OFF,143,second,loss
tb_8f2fa9c4_prvsiyan_ptcg-ai-battle-static-deck-tusk-1208-v24,OFF,144,first,win
tb_8f2fa9c4_prvsiyan_ptcg-ai-battle-static-deck-tusk-1208-v24,OFF,145,second,loss
tb_8f2fa9c4_prvsiyan_ptcg-ai-battle-static-deck-tusk-1208-v24,OFF,146,first,win
tb_8f2fa9c4_prvsiyan_ptcg-ai-battle-static-deck-tusk-1208-v24,OFF,147,second,loss
tb_8f2fa9c4_prvsiyan_ptcg-ai-battle-static-deck-tusk-1208-v24,OFF,148,first,loss
tb_8f2fa9c4_prvsiyan_ptcg-ai-battle-static-deck-tusk-1208-v24,OFF,149,second,loss
tb_8f2fa9c4_prvsiyan_ptcg-ai-battle-static-deck-tusk-1208-v24,OFF,150,first,loss
tb_8f2fa9c4_prvsiyan_ptcg-ai-battle-static-deck-tusk-1208-v24,OFF,151,second,win
tb_8f2fa9c4_prvsiyan_ptcg-ai-battle-static-deck-tusk-1208-v24,OFF,152,first,loss
tb_8f2fa9c4_prvsiyan_ptcg-ai-battle-static-deck-tusk-1208-v24,OFF,153,second,win
tb_8f2fa9c4_prvsiyan_ptcg-ai-battle-static-deck-tusk-1208-v24,OFF,154,first,loss
tb_8f2fa9c4_prvsiyan_ptcg-ai-battle-static-deck-tusk-1208-v24,OFF,155,second,loss
tb_8f2fa9c4_prvsiyan_ptcg-ai-battle-static-deck-tusk-1208-v24,OFF,156,first,loss
tb_8f2fa9c4_prvsiyan_ptcg-ai-battle-static-deck-tusk-1208-v24,OFF,157,second,win
tb_8f2fa9c4_prvsiyan_ptcg-ai-battle-static-deck-tusk-1208-v24,OFF,158,first,loss
tb_8f2fa9c4_prvsiyan_ptcg-ai-battle-static-deck-tusk-1208-v24,OFF,159,second,loss
tb_8f2fa9c4_prvsiyan_ptcg-ai-battle-static-deck-tusk-1208-v24,OFF,160,first,loss
tb_8f2fa9c4_prvsiyan_ptcg-ai-battle-static-deck-tusk-1208-v24,OFF,161,second,loss
tb_8f2fa9c4_prvsiyan_ptcg-ai-battle-static-deck-tusk-1208-v24,OFF,162,first,loss
tb_8f2fa9c4_prvsiyan_ptcg-ai-battle-static-deck-tusk-1208-v24,OFF,163,second,win
tb_8f2fa9c4_prvsiyan_ptcg-ai-battle-static-deck-tusk-1208-v24,OFF,164,first,loss
tb_8f2fa9c4_prvsiyan_ptcg-ai-battle-static-deck-tusk-1208-v24,OFF,165,second,win
tb_8f2fa9c4_prvsiyan_ptcg-ai-battle-static-deck-tusk-1208-v24,OFF,166,first,loss
tb_8f2fa9c4_prvsiyan_ptcg-ai-battle-static-deck-tusk-1208-v24,OFF,167,second,loss
tb_8f2fa9c4_prvsiyan_ptcg-ai-battle-static-deck-tusk-1208-v24,OFF,168,first,win
tb_8f2fa9c4_prvsiyan_ptcg-ai-battle-static-deck-tusk-1208-v24,OFF,169,second,loss
tb_8f2fa9c4_prvsiyan_ptcg-ai-battle-static-deck-tusk-1208-v24,OFF,170,first,loss
tb_8f2fa9c4_prvsiyan_ptcg-ai-battle-static-deck-tusk-1208-v24,OFF,171,second,loss
tb_8f2fa9c4_prvsiyan_ptcg-ai-battle-static-deck-tusk-1208-v24,OFF,172,first,loss
tb_8f2fa9c4_prvsiyan_ptcg-ai-battle-static-deck-tusk-1208-v24,OFF,173,second,loss
tb_8f2fa9c4_prvsiyan_ptcg-ai-battle-static-deck-tusk-1208-v24,OFF,174,first,win
tb_8f2fa9c4_prvsiyan_ptcg-ai-battle-static-deck-tusk-1208-v24,OFF,175,second,win
tb_8f2fa9c4_prvsiyan_ptcg-ai-battle-static-deck-tusk-1208-v24,OFF,176,first,loss
tb_8f2fa9c4_prvsiyan_ptcg-ai-battle-static-deck-tusk-1208-v24,OFF,177,second,loss
tb_8f2fa9c4_prvsiyan_ptcg-ai-battle-static-deck-tusk-1208-v24,OFF,178,first,win
tb_8f2fa9c4_prvsiyan_ptcg-ai-battle-static-deck-tusk-1208-v24,OFF,179,second,loss
tb_8f2fa9c4_prvsiyan_ptcg-ai-battle-static-deck-tusk-1208-v24,OFF,180,first,win
tb_8f2fa9c4_prvsiyan_ptcg-ai-battle-static-deck-tusk-1208-v24,OFF,181,second,win
tb_8f2fa9c4_prvsiyan_ptcg-ai-battle-static-deck-tusk-1208-v24,OFF,182,first,loss
tb_8f2fa9c4_prvsiyan_ptcg-ai-battle-static-deck-tusk-1208-v24,OFF,183,second,loss
tb_8f2fa9c4_prvsiyan_ptcg-ai-battle-static-deck-tusk-1208-v24,OFF,184,first,win
tb_8f2fa9c4_prvsiyan_ptcg-ai-battle-static-deck-tusk-1208-v24,OFF,185,second,loss
tb_8f2fa9c4_prvsiyan_ptcg-ai-battle-static-deck-tusk-1208-v24,OFF,186,first,loss
tb_8f2fa9c4_prvsiyan_ptcg-ai-battle-static-deck-tusk-1208-v24,OFF,187,second,win
tb_8f2fa9c4_prvsiyan_ptcg-ai-battle-static-deck-tusk-1208-v24,OFF,188,first,loss
tb_8f2fa9c4_prvsiyan_ptcg-ai-battle-static-deck-tusk-1208-v24,OFF,189,second,win
tb_8f2fa9c4_prvsiyan_ptcg-ai-battle-static-deck-tusk-1208-v24,OFF,190,first,loss
tb_8f2fa9c4_prvsiyan_ptcg-ai-battle-static-deck-tusk-1208-v24,OFF,191,second,loss
tb_8f2fa9c4_prvsiyan_ptcg-ai-battle-static-deck-tusk-1208-v24,OFF,192,first,win
tb_8f2fa9c4_prvsiyan_ptcg-ai-battle-static-deck-tusk-1208-v24,OFF,193,second,win
tb_8f2fa9c4_prvsiyan_ptcg-ai-battle-static-deck-tusk-1208-v24,OFF,194,first,loss
tb_8f2fa9c4_prvsiyan_ptcg-ai-battle-static-deck-tusk-1208-v24,OFF,195,second,loss
tb_8f2fa9c4_prvsiyan_ptcg-ai-battle-static-deck-tusk-1208-v24,OFF,196,first,loss
tb_8f2fa9c4_prvsiyan_ptcg-ai-battle-static-deck-tusk-1208-v24,OFF,197,second,loss
tb_8f2fa9c4_prvsiyan_ptcg-ai-battle-static-deck-tusk-1208-v24,OFF,198,first,win
tb_8f2fa9c4_prvsiyan_ptcg-ai-battle-static-deck-tusk-1208-v24,OFF,199,second,win
tb_8f2fa9c4_prvsiyan_ptcg-ai-battle-static-deck-tusk-1208-v24,OFF,200,first,win
tb_8f2fa9c4_prvsiyan_ptcg-ai-battle-static-deck-tusk-1208-v24,OFF,201,second,loss
tb_8f2fa9c4_prvsiyan_ptcg-ai-battle-static-deck-tusk-1208-v24,OFF,202,first,loss
tb_8f2fa9c4_prvsiyan_ptcg-ai-battle-static-deck-tusk-1208-v24,OFF,203,second,win
tb_8f2fa9c4_prvsiyan_ptcg-ai-battle-static-deck-tusk-1208-v24,OFF,204,first,loss
tb_8f2fa9c4_prvsiyan_ptcg-ai-battle-static-deck-tusk-1208-v24,OFF,205,second,loss
tb_8f2fa9c4_prvsiyan_ptcg-ai-battle-static-deck-tusk-1208-v24,OFF,206,first,win
tb_8f2fa9c4_prvsiyan_ptcg-ai-battle-static-deck-tusk-1208-v24,OFF,207,second,loss
tb_8f2fa9c4_prvsiyan_ptcg-ai-battle-static-deck-tusk-1208-v24,OFF,208,first,win
tb_8f2fa9c4_prvsiyan_ptcg-ai-battle-static-deck-tusk-1208-v24,OFF,209,second,win
tb_8f2fa9c4_prvsiyan_ptcg-ai-battle-static-deck-tusk-1208-v24,OFF,210,first,loss
tb_8f2fa9c4_prvsiyan_ptcg-ai-battle-static-deck-tusk-1208-v24,OFF,211,second,win
tb_8f2fa9c4_prvsiyan_ptcg-ai-battle-static-deck-tusk-1208-v24,OFF,212,first,loss
tb_8f2fa9c4_prvsiyan_ptcg-ai-battle-static-deck-tusk-1208-v24,OFF,213,second,loss
tb_8f2fa9c4_prvsiyan_ptcg-ai-battle-static-deck-tusk-1208-v24,OFF,214,first,loss
tb_8f2fa9c4_prvsiyan_ptcg-ai-battle-static-deck-tusk-1208-v24,OFF,215,second,loss
tb_8f2fa9c4_prvsiyan_ptcg-ai-battle-static-deck-tusk-1208-v24,OFF,216,first,loss
tb_8f2fa9c4_prvsiyan_ptcg-ai-battle-static-deck-tusk-1208-v24,OFF,217,second,win
tb_8f2fa9c4_prvsiyan_ptcg-ai-battle-static-deck-tusk-1208-v24,OFF,218,first,loss
tb_8f2fa9c4_prvsiyan_ptcg-ai-battle-static-deck-tusk-1208-v24,OFF,219,second,loss
tb_8f2fa9c4_prvsiyan_ptcg-ai-battle-static-deck-tusk-1208-v24,OFF,220,first,win
tb_8f2fa9c4_prvsiyan_ptcg-ai-battle-static-deck-tusk-1208-v24,OFF,221,second,win
tb_8f2fa9c4_prvsiyan_ptcg-ai-battle-static-deck-tusk-1208-v24,OFF,222,first,loss
tb_8f2fa9c4_prvsiyan_ptcg-ai-battle-static-deck-tusk-1208-v24,OFF,223,second,loss
tb_8f2fa9c4_prvsiyan_ptcg-ai-battle-static-deck-tusk-1208-v24,OFF,224,first,win
tb_8f2fa9c4_prvsiyan_ptcg-ai-battle-static-deck-tusk-1208-v24,OFF,225,second,loss
tb_8f2fa9c4_prvsiyan_ptcg-ai-battle-static-deck-tusk-1208-v24,OFF,226,first,win
tb_8f2fa9c4_prvsiyan_ptcg-ai-battle-static-deck-tusk-1208-v24,OFF,227,second,loss
tb_8f2fa9c4_prvsiyan_ptcg-ai-battle-static-deck-tusk-1208-v24,OFF,228,first,loss
tb_8f2fa9c4_prvsiyan_ptcg-ai-battle-static-deck-tusk-1208-v24,OFF,229,second,loss
tb_8f2fa9c4_prvsiyan_ptcg-ai-battle-static-deck-tusk-1208-v24,OFF,230,first,loss
tb_8f2fa9c4_prvsiyan_ptcg-ai-battle-static-deck-tusk-1208-v24,OFF,231,second,loss
tb_8f2fa9c4_prvsiyan_ptcg-ai-battle-static-deck-tusk-1208-v24,OFF,232,first,win
tb_8f2fa9c4_prvsiyan_ptcg-ai-battle-static-deck-tusk-1208-v24,OFF,233,second,loss
tb_8f2fa9c4_prvsiyan_ptcg-ai-battle-static-deck-tusk-1208-v24,OFF,234,first,loss
tb_8f2fa9c4_prvsiyan_ptcg-ai-battle-static-deck-tusk-1208-v24,OFF,235,second,loss
tb_8f2fa9c4_prvsiyan_ptcg-ai-battle-static-deck-tusk-1208-v24,OFF,236,first,win
tb_8f2fa9c4_prvsiyan_ptcg-ai-battle-static-deck-tusk-1208-v24,OFF,237,second,loss
tb_8f2fa9c4_prvsiyan_ptcg-ai-battle-static-deck-tusk-1208-v24,OFF,238,first,loss
tb_8f2fa9c4_prvsiyan_ptcg-ai-battle-static-deck-tusk-1208-v24,OFF,239,second,win
tb_8f2fa9c4_prvsiyan_ptcg-ai-battle-static-deck-tusk-1208-v24,OFF,240,first,loss
tb_8f2fa9c4_prvsiyan_ptcg-ai-battle-static-deck-tusk-1208-v24,OFF,241,second,loss
tb_8f2fa9c4_prvsiyan_ptcg-ai-battle-static-deck-tusk-1208-v24,OFF,242,first,loss
tb_8f2fa9c4_prvsiyan_ptcg-ai-battle-static-deck-tusk-1208-v24,OFF,243,second,loss
tb_8f2fa9c4_prvsiyan_ptcg-ai-battle-static-deck-tusk-1208-v24,OFF,244,first,win
tb_8f2fa9c4_prvsiyan_ptcg-ai-battle-static-deck-tusk-1208-v24,OFF,245,second,win
tb_8f2fa9c4_prvsiyan_ptcg-ai-battle-static-deck-tusk-1208-v24,OFF,246,first,win
tb_8f2fa9c4_prvsiyan_ptcg-ai-battle-static-deck-tusk-1208-v24,OFF,247,second,loss
tb_8f2fa9c4_prvsiyan_ptcg-ai-battle-static-deck-tusk-1208-v24,OFF,248,first,loss
tb_8f2fa9c4_prvsiyan_ptcg-ai-battle-static-deck-tusk-1208-v24,OFF,249,second,win
tb_8f2fa9c4_prvsiyan_ptcg-ai-battle-static-deck-tusk-1208-v24,OFF,250,first,loss
tb_8f2fa9c4_prvsiyan_ptcg-ai-battle-static-deck-tusk-1208-v24,OFF,251,second,loss
tb_8f2fa9c4_prvsiyan_ptcg-ai-battle-static-deck-tusk-1208-v24,OFF,252,first,loss
tb_8f2fa9c4_prvsiyan_ptcg-ai-battle-static-deck-tusk-1208-v24,OFF,253,second,loss
tb_8f2fa9c4_prvsiyan_ptcg-ai-battle-static-deck-tusk-1208-v24,OFF,254,first,loss
tb_8f2fa9c4_prvsiyan_ptcg-ai-battle-static-deck-tusk-1208-v24,OFF,255,second,loss
tb_8f2fa9c4_prvsiyan_ptcg-ai-battle-static-deck-tusk-1208-v24,OFF,256,first,win
tb_8f2fa9c4_prvsiyan_ptcg-ai-battle-static-deck-tusk-1208-v24,OFF,257,second,loss
tb_8f2fa9c4_prvsiyan_ptcg-ai-battle-static-deck-tusk-1208-v24,OFF,258,first,loss
tb_8f2fa9c4_prvsiyan_ptcg-ai-battle-static-deck-tusk-1208-v24,OFF,259,second,loss
tb_8f2fa9c4_prvsiyan_ptcg-ai-battle-static-deck-tusk-1208-v24,OFF,260,first,loss
tb_8f2fa9c4_prvsiyan_ptcg-ai-battle-static-deck-tusk-1208-v24,OFF,261,second,loss
tb_8f2fa9c4_prvsiyan_ptcg-ai-battle-static-deck-tusk-1208-v24,OFF,262,first,win
tb_8f2fa9c4_prvsiyan_ptcg-ai-battle-static-deck-tusk-1208-v24,OFF,263,second,loss
tb_8f2fa9c4_prvsiyan_ptcg-ai-battle-static-deck-tusk-1208-v24,OFF,264,first,win
tb_8f2fa9c4_prvsiyan_ptcg-ai-battle-static-deck-tusk-1208-v24,OFF,265,second,loss
tb_8f2fa9c4_prvsiyan_ptcg-ai-battle-static-deck-tusk-1208-v24,OFF,266,first,loss
tb_8f2fa9c4_prvsiyan_ptcg-ai-battle-static-deck-tusk-1208-v24,OFF,267,second,loss
tb_8f2fa9c4_prvsiyan_ptcg-ai-battle-static-deck-tusk-1208-v24,OFF,268,first,win
tb_8f2fa9c4_prvsiyan_ptcg-ai-battle-static-deck-tusk-1208-v24,OFF,269,second,loss
tb_8f2fa9c4_prvsiyan_ptcg-ai-battle-static-deck-tusk-1208-v24,OFF,270,first,loss
tb_8f2fa9c4_prvsiyan_ptcg-ai-battle-static-deck-tusk-1208-v24,OFF,271,second,win
tb_8f2fa9c4_prvsiyan_ptcg-ai-battle-static-deck-tusk-1208-v24,OFF,272,first,win
tb_8f2fa9c4_prvsiyan_ptcg-ai-battle-static-deck-tusk-1208-v24,OFF,273,second,loss
tb_8f2fa9c4_prvsiyan_ptcg-ai-battle-static-deck-tusk-1208-v24,OFF,274,first,loss
tb_8f2fa9c4_prvsiyan_ptcg-ai-battle-static-deck-tusk-1208-v24,OFF,275,second,loss
tb_8f2fa9c4_prvsiyan_ptcg-ai-battle-static-deck-tusk-1208-v24,OFF,276,first,win
tb_8f2fa9c4_prvsiyan_ptcg-ai-battle-static-deck-tusk-1208-v24,OFF,277,second,loss
tb_8f2fa9c4_prvsiyan_ptcg-ai-battle-static-deck-tusk-1208-v24,OFF,278,first,loss
tb_8f2fa9c4_prvsiyan_ptcg-ai-battle-static-deck-tusk-1208-v24,OFF,279,second,win
tb_8f2fa9c4_prvsiyan_ptcg-ai-battle-static-deck-tusk-1208-v24,OFF,280,first,loss
tb_8f2fa9c4_prvsiyan_ptcg-ai-battle-static-deck-tusk-1208-v24,OFF,281,second,win
tb_8f2fa9c4_prvsiyan_ptcg-ai-battle-static-deck-tusk-1208-v24,OFF,282,first,win
tb_8f2fa9c4_prvsiyan_ptcg-ai-battle-static-deck-tusk-1208-v24,OFF,283,second,loss
tb_8f2fa9c4_prvsiyan_ptcg-ai-battle-static-deck-tusk-1208-v24,OFF,284,first,win
tb_8f2fa9c4_prvsiyan_ptcg-ai-battle-static-deck-tusk-1208-v24,OFF,285,second,loss
tb_8f2fa9c4_prvsiyan_ptcg-ai-battle-static-deck-tusk-1208-v24,OFF,286,first,win
tb_8f2fa9c4_prvsiyan_ptcg-ai-battle-static-deck-tusk-1208-v24,OFF,287,second,loss
tb_8f2fa9c4_prvsiyan_ptcg-ai-battle-static-deck-tusk-1208-v24,OFF,288,first,loss
tb_8f2fa9c4_prvsiyan_ptcg-ai-battle-static-deck-tusk-1208-v24,OFF,289,second,loss
tb_8f2fa9c4_prvsiyan_ptcg-ai-battle-static-deck-tusk-1208-v24,OFF,290,first,loss
tb_8f2fa9c4_prvsiyan_ptcg-ai-battle-static-deck-tusk-1208-v24,OFF,291,second,loss
tb_8f2fa9c4_prvsiyan_ptcg-ai-battle-static-deck-tusk-1208-v24,OFF,292,first,loss
tb_8f2fa9c4_prvsiyan_ptcg-ai-battle-static-deck-tusk-1208-v24,OFF,293,second,loss
tb_8f2fa9c4_prvsiyan_ptcg-ai-battle-static-deck-tusk-1208-v24,OFF,294,first,loss
tb_8f2fa9c4_prvsiyan_ptcg-ai-battle-static-deck-tusk-1208-v24,OFF,295,second,loss
tb_8f2fa9c4_prvsiyan_ptcg-ai-battle-static-deck-tusk-1208-v24,OFF,296,first,win
tb_8f2fa9c4_prvsiyan_ptcg-ai-battle-static-deck-tusk-1208-v24,OFF,297,second,win
tb_8f2fa9c4_prvsiyan_ptcg-ai-battle-static-deck-tusk-1208-v24,OFF,298,first,win
tb_8f2fa9c4_prvsiyan_ptcg-ai-battle-static-deck-tusk-1208-v24,OFF,299,second,win
tb_8f2fa9c4_prvsiyan_ptcg-ai-battle-static-deck-tusk-1208-v24,OFF,300,first,win
tb_8f2fa9c4_prvsiyan_ptcg-ai-battle-static-deck-tusk-1208-v24,OFF,301,second,win
tb_8f2fa9c4_prvsiyan_ptcg-ai-battle-static-deck-tusk-1208-v24,OFF,302,first,loss
tb_8f2fa9c4_prvsiyan_ptcg-ai-battle-static-deck-tusk-1208-v24,OFF,303,second,win
tb_8f2fa9c4_prvsiyan_ptcg-ai-battle-static-deck-tusk-1208-v24,OFF,304,first,loss
tb_8f2fa9c4_prvsiyan_ptcg-ai-battle-static-deck-tusk-1208-v24,OFF,305,second,loss
tb_8f2fa9c4_prvsiyan_ptcg-ai-battle-static-deck-tusk-1208-v24,OFF,306,first,loss
tb_8f2fa9c4_prvsiyan_ptcg-ai-battle-static-deck-tusk-1208-v24,OFF,307,second,loss
tb_8f2fa9c4_prvsiyan_ptcg-ai-battle-static-deck-tusk-1208-v24,OFF,308,first,win
tb_8f2fa9c4_prvsiyan_ptcg-ai-battle-static-deck-tusk-1208-v24,OFF,309,second,loss
tb_8f2fa9c4_prvsiyan_ptcg-ai-battle-static-deck-tusk-1208-v24,OFF,310,first,loss
tb_8f2fa9c4_prvsiyan_ptcg-ai-battle-static-deck-tusk-1208-v24,OFF,311,second,loss
tb_8f2fa9c4_prvsiyan_ptcg-ai-battle-static-deck-tusk-1208-v24,OFF,312,first,loss
tb_8f2fa9c4_prvsiyan_ptcg-ai-battle-static-deck-tusk-1208-v24,OFF,313,second,loss
tb_8f2fa9c4_prvsiyan_ptcg-ai-battle-static-deck-tusk-1208-v24,OFF,314,first,win
tb_8f2fa9c4_prvsiyan_ptcg-ai-battle-static-deck-tusk-1208-v24,OFF,315,second,loss
tb_8f2fa9c4_prvsiyan_ptcg-ai-battle-static-deck-tusk-1208-v24,OFF,316,first,loss
tb_8f2fa9c4_prvsiyan_ptcg-ai-battle-static-deck-tusk-1208-v24,OFF,317,second,win
tb_8f2fa9c4_prvsiyan_ptcg-ai-battle-static-deck-tusk-1208-v24,OFF,318,first,loss
tb_8f2fa9c4_prvsiyan_ptcg-ai-battle-static-deck-tusk-1208-v24,OFF,319,second,loss
tb_8f2fa9c4_prvsiyan_ptcg-ai-battle-static-deck-tusk-1208-v24,OFF,320,first,loss
tb_8f2fa9c4_prvsiyan_ptcg-ai-battle-static-deck-tusk-1208-v24,OFF,321,second,loss
tb_8f2fa9c4_prvsiyan_ptcg-ai-battle-static-deck-tusk-1208-v24,OFF,322,first,win
tb_8f2fa9c4_prvsiyan_ptcg-ai-battle-static-deck-tusk-1208-v24,OFF,323,second,loss
tb_8f2fa9c4_prvsiyan_ptcg-ai-battle-static-deck-tusk-1208-v24,OFF,324,first,loss
tb_8f2fa9c4_prvsiyan_ptcg-ai-battle-static-deck-tusk-1208-v24,OFF,325,second,loss
tb_8f2fa9c4_prvsiyan_ptcg-ai-battle-static-deck-tusk-1208-v24,OFF,326,first,loss
tb_8f2fa9c4_prvsiyan_ptcg-ai-battle-static-deck-tusk-1208-v24,OFF,327,second,loss
tb_8f2fa9c4_prvsiyan_ptcg-ai-battle-static-deck-tusk-1208-v24,OFF,328,first,loss
tb_8f2fa9c4_prvsiyan_ptcg-ai-battle-static-deck-tusk-1208-v24,OFF,329,second,loss
tb_8f2fa9c4_prvsiyan_ptcg-ai-battle-static-deck-tusk-1208-v24,OFF,330,first,loss
tb_8f2fa9c4_prvsiyan_ptcg-ai-battle-static-deck-tusk-1208-v24,OFF,331,second,loss
tb_8f2fa9c4_prvsiyan_ptcg-ai-battle-static-deck-tusk-1208-v24,OFF,332,first,win
tb_8f2fa9c4_prvsiyan_ptcg-ai-battle-static-deck-tusk-1208-v24,OFF,333,second,loss
tb_8f2fa9c4_prvsiyan_ptcg-ai-battle-static-deck-tusk-1208-v24,OFF,334,first,loss
tb_8f2fa9c4_prvsiyan_ptcg-ai-battle-static-deck-tusk-1208-v24,OFF,335,second,win
tb_8f2fa9c4_prvsiyan_ptcg-ai-battle-static-deck-tusk-1208-v24,OFF,336,first,win
tb_8f2fa9c4_prvsiyan_ptcg-ai-battle-static-deck-tusk-1208-v24,OFF,337,second,loss
tb_8f2fa9c4_prvsiyan_ptcg-ai-battle-static-deck-tusk-1208-v24,OFF,338,first,loss
tb_8f2fa9c4_prvsiyan_ptcg-ai-battle-static-deck-tusk-1208-v24,OFF,339,second,win
tb_8f2fa9c4_prvsiyan_ptcg-ai-battle-static-deck-tusk-1208-v24,OFF,340,first,loss
tb_8f2fa9c4_prvsiyan_ptcg-ai-battle-static-deck-tusk-1208-v24,OFF,341,second,win
tb_8f2fa9c4_prvsiyan_ptcg-ai-battle-static-deck-tusk-1208-v24,OFF,342,first,loss
tb_8f2fa9c4_prvsiyan_ptcg-ai-battle-static-deck-tusk-1208-v24,OFF,343,second,win
tb_8f2fa9c4_prvsiyan_ptcg-ai-battle-static-deck-tusk-1208-v24,OFF,344,first,loss
tb_8f2fa9c4_prvsiyan_ptcg-ai-battle-static-deck-tusk-1208-v24,OFF,345,second,win
tb_8f2fa9c4_prvsiyan_ptcg-ai-battle-static-deck-tusk-1208-v24,OFF,346,first,loss
tb_8f2fa9c4_prvsiyan_ptcg-ai-battle-static-deck-tusk-1208-v24,OFF,347,second,win
tb_8f2fa9c4_prvsiyan_ptcg-ai-battle-static-deck-tusk-1208-v24,OFF,348,first,loss
tb_8f2fa9c4_prvsiyan_ptcg-ai-battle-static-deck-tusk-1208-v24,OFF,349,second,win
tb_8f2fa9c4_prvsiyan_ptcg-ai-battle-static-deck-tusk-1208-v24,OFF,350,first,loss
tb_8f2fa9c4_prvsiyan_ptcg-ai-battle-static-deck-tusk-1208-v24,OFF,351,second,win
tb_8f2fa9c4_prvsiyan_ptcg-ai-battle-static-deck-tusk-1208-v24,OFF,352,first,loss
tb_8f2fa9c4_prvsiyan_ptcg-ai-battle-static-deck-tusk-1208-v24,OFF,353,second,loss
tb_8f2fa9c4_prvsiyan_ptcg-ai-battle-static-deck-tusk-1208-v24,OFF,354,first,loss
tb_8f2fa9c4_prvsiyan_ptcg-ai-battle-static-deck-tusk-1208-v24,OFF,355,second,win
tb_8f2fa9c4_prvsiyan_ptcg-ai-battle-static-deck-tusk-1208-v24,OFF,356,first,loss
tb_8f2fa9c4_prvsiyan_ptcg-ai-battle-static-deck-tusk-1208-v24,OFF,357,second,win
tb_8f2fa9c4_prvsiyan_ptcg-ai-battle-static-deck-tusk-1208-v24,OFF,358,first,win
tb_8f2fa9c4_prvsiyan_ptcg-ai-battle-static-deck-tusk-1208-v24,OFF,359,second,loss
tb_8f2fa9c4_prvsiyan_ptcg-ai-battle-static-deck-tusk-1208-v24,OFF,360,first,loss
tb_8f2fa9c4_prvsiyan_ptcg-ai-battle-static-deck-tusk-1208-v24,OFF,361,second,win
tb_8f2fa9c4_prvsiyan_ptcg-ai-battle-static-deck-tusk-1208-v24,OFF,362,first,loss
tb_8f2fa9c4_prvsiyan_ptcg-ai-battle-static-deck-tusk-1208-v24,OFF,363,second,win
tb_8f2fa9c4_prvsiyan_ptcg-ai-battle-static-deck-tusk-1208-v24,OFF,364,first,loss
tb_8f2fa9c4_prvsiyan_ptcg-ai-battle-static-deck-tusk-1208-v24,OFF,365,second,loss
tb_8f2fa9c4_prvsiyan_ptcg-ai-battle-static-deck-tusk-1208-v24,OFF,366,first,win
tb_8f2fa9c4_prvsiyan_ptcg-ai-battle-static-deck-tusk-1208-v24,OFF,367,second,win
tb_8f2fa9c4_prvsiyan_ptcg-ai-battle-static-deck-tusk-1208-v24,OFF,368,first,loss
tb_8f2fa9c4_prvsiyan_ptcg-ai-battle-static-deck-tusk-1208-v24,OFF,369,second,loss
tb_8f2fa9c4_prvsiyan_ptcg-ai-battle-static-deck-tusk-1208-v24,OFF,370,first,win
tb_8f2fa9c4_prvsiyan_ptcg-ai-battle-static-deck-tusk-1208-v24,OFF,371,second,loss
tb_8f2fa9c4_prvsiyan_ptcg-ai-battle-static-deck-tusk-1208-v24,OFF,372,first,loss
tb_8f2fa9c4_prvsiyan_ptcg-ai-battle-static-deck-tusk-1208-v24,OFF,373,second,loss
tb_8f2fa9c4_prvsiyan_ptcg-ai-battle-static-deck-tusk-1208-v24,OFF,374,first,win
tb_8f2fa9c4_prvsiyan_ptcg-ai-battle-static-deck-tusk-1208-v24,OFF,375,second,loss
tb_8f2fa9c4_prvsiyan_ptcg-ai-battle-static-deck-tusk-1208-v24,OFF,376,first,loss
tb_8f2fa9c4_prvsiyan_ptcg-ai-battle-static-deck-tusk-1208-v24,OFF,377,second,loss
tb_8f2fa9c4_prvsiyan_ptcg-ai-battle-static-deck-tusk-1208-v24,OFF,378,first,loss
tb_8f2fa9c4_prvsiyan_ptcg-ai-battle-static-deck-tusk-1208-v24,OFF,379,second,win
tb_8f2fa9c4_prvsiyan_ptcg-ai-battle-static-deck-tusk-1208-v24,OFF,380,first,loss
tb_8f2fa9c4_prvsiyan_ptcg-ai-battle-static-deck-tusk-1208-v24,OFF,381,second,loss
tb_8f2fa9c4_prvsiyan_ptcg-ai-battle-static-deck-tusk-1208-v24,OFF,382,first,loss
tb_8f2fa9c4_prvsiyan_ptcg-ai-battle-static-deck-tusk-1208-v24,OFF,383,second,win
tb_8f2fa9c4_prvsiyan_ptcg-ai-battle-static-deck-tusk-1208-v24,OFF,384,first,loss
tb_8f2fa9c4_prvsiyan_ptcg-ai-battle-static-deck-tusk-1208-v24,OFF,385,second,loss
tb_8f2fa9c4_prvsiyan_ptcg-ai-battle-static-deck-tusk-1208-v24,OFF,386,first,loss
tb_8f2fa9c4_prvsiyan_ptcg-ai-battle-static-deck-tusk-1208-v24,OFF,387,second,loss
tb_8f2fa9c4_prvsiyan_ptcg-ai-battle-static-deck-tusk-1208-v24,OFF,388,first,loss
tb_8f2fa9c4_prvsiyan_ptcg-ai-battle-static-deck-tusk-1208-v24,OFF,389,second,win
tb_8f2fa9c4_prvsiyan_ptcg-ai-battle-static-deck-tusk-1208-v24,OFF,390,first,loss
tb_8f2fa9c4_prvsiyan_ptcg-ai-battle-static-deck-tusk-1208-v24,OFF,391,second,loss
tb_8f2fa9c4_prvsiyan_ptcg-ai-battle-static-deck-tusk-1208-v24,OFF,392,first,win
tb_8f2fa9c4_prvsiyan_ptcg-ai-battle-static-deck-tusk-1208-v24,OFF,393,second,win
tb_8f2fa9c4_prvsiyan_ptcg-ai-battle-static-deck-tusk-1208-v24,OFF,394,first,win
tb_8f2fa9c4_prvsiyan_ptcg-ai-battle-static-deck-tusk-1208-v24,OFF,395,second,loss
tb_8f2fa9c4_prvsiyan_ptcg-ai-battle-static-deck-tusk-1208-v24,OFF,396,first,loss
tb_8f2fa9c4_prvsiyan_ptcg-ai-battle-static-deck-tusk-1208-v24,OFF,397,second,win
tb_8f2fa9c4_prvsiyan_ptcg-ai-battle-static-deck-tusk-1208-v24,OFF,398,first,win
tb_8f2fa9c4_prvsiyan_ptcg-ai-battle-static-deck-tusk-1208-v24,OFF,399,second,loss
tb_8f2fa9c4_prvsiyan_ptcg-ai-battle-static-deck-tusk-1208-v24,OFF,400,first,loss
tb_8f2fa9c4_prvsiyan_ptcg-ai-battle-static-deck-tusk-1208-v24,OFF,401,second,loss
tb_8f2fa9c4_prvsiyan_ptcg-ai-battle-static-deck-tusk-1208-v24,OFF,402,first,loss
tb_8f2fa9c4_prvsiyan_ptcg-ai-battle-static-deck-tusk-1208-v24,OFF,403,second,loss
tb_8f2fa9c4_prvsiyan_ptcg-ai-battle-static-deck-tusk-1208-v24,OFF,404,first,win
tb_8f2fa9c4_prvsiyan_ptcg-ai-battle-static-deck-tusk-1208-v24,OFF,405,second,loss
tb_8f2fa9c4_prvsiyan_ptcg-ai-battle-static-deck-tusk-1208-v24,OFF,406,first,loss
tb_8f2fa9c4_prvsiyan_ptcg-ai-battle-static-deck-tusk-1208-v24,OFF,407,second,win
tb_8f2fa9c4_prvsiyan_ptcg-ai-battle-static-deck-tusk-1208-v24,OFF,408,first,loss
tb_8f2fa9c4_prvsiyan_ptcg-ai-battle-static-deck-tusk-1208-v24,OFF,409,second,loss
tb_8f2fa9c4_prvsiyan_ptcg-ai-battle-static-deck-tusk-1208-v24,OFF,410,first,loss
tb_8f2fa9c4_prvsiyan_ptcg-ai-battle-static-deck-tusk-1208-v24,OFF,411,second,loss
tb_8f2fa9c4_prvsiyan_ptcg-ai-battle-static-deck-tusk-1208-v24,OFF,412,first,win
tb_8f2fa9c4_prvsiyan_ptcg-ai-battle-static-deck-tusk-1208-v24,OFF,413,second,loss
tb_8f2fa9c4_prvsiyan_ptcg-ai-battle-static-deck-tusk-1208-v24,OFF,414,first,loss
tb_8f2fa9c4_prvsiyan_ptcg-ai-battle-static-deck-tusk-1208-v24,OFF,415,second,loss
tb_8f2fa9c4_prvsiyan_ptcg-ai-battle-static-deck-tusk-1208-v24,OFF,416,first,loss
tb_8f2fa9c4_prvsiyan_ptcg-ai-battle-static-deck-tusk-1208-v24,OFF,417,second,win
tb_8f2fa9c4_prvsiyan_ptcg-ai-battle-static-deck-tusk-1208-v24,OFF,418,first,win
tb_8f2fa9c4_prvsiyan_ptcg-ai-battle-static-deck-tusk-1208-v24,OFF,419,second,loss
tb_8f2fa9c4_prvsiyan_ptcg-ai-battle-static-deck-tusk-1208-v24,OFF,420,first,win
tb_8f2fa9c4_prvsiyan_ptcg-ai-battle-static-deck-tusk-1208-v24,OFF,421,second,win
tb_8f2fa9c4_prvsiyan_ptcg-ai-battle-static-deck-tusk-1208-v24,OFF,422,first,loss
tb_8f2fa9c4_prvsiyan_ptcg-ai-battle-static-deck-tusk-1208-v24,OFF,423,second,loss
tb_8f2fa9c4_prvsiyan_ptcg-ai-battle-static-deck-tusk-1208-v24,OFF,424,first,win
tb_8f2fa9c4_prvsiyan_ptcg-ai-battle-static-deck-tusk-1208-v24,OFF,425,second,loss
tb_8f2fa9c4_prvsiyan_ptcg-ai-battle-static-deck-tusk-1208-v24,OFF,426,first,win
tb_8f2fa9c4_prvsiyan_ptcg-ai-battle-static-deck-tusk-1208-v24,OFF,427,second,loss
tb_8f2fa9c4_prvsiyan_ptcg-ai-battle-static-deck-tusk-1208-v24,OFF,428,first,loss
tb_8f2fa9c4_prvsiyan_ptcg-ai-battle-static-deck-tusk-1208-v24,OFF,429,second,loss
tb_8f2fa9c4_prvsiyan_ptcg-ai-battle-static-deck-tusk-1208-v24,OFF,430,first,loss
tb_8f2fa9c4_prvsiyan_ptcg-ai-battle-static-deck-tusk-1208-v24,OFF,431,second,win
tb_8f2fa9c4_prvsiyan_ptcg-ai-battle-static-deck-tusk-1208-v24,OFF,432,first,loss
tb_8f2fa9c4_prvsiyan_ptcg-ai-battle-static-deck-tusk-1208-v24,OFF,433,second,win
tb_8f2fa9c4_prvsiyan_ptcg-ai-battle-static-deck-tusk-1208-v24,OFF,434,first,loss
tb_8f2fa9c4_prvsiyan_ptcg-ai-battle-static-deck-tusk-1208-v24,OFF,435,second,loss
tb_8f2fa9c4_prvsiyan_ptcg-ai-battle-static-deck-tusk-1208-v24,OFF,436,first,loss
tb_8f2fa9c4_prvsiyan_ptcg-ai-battle-static-deck-tusk-1208-v24,OFF,437,second,loss
tb_8f2fa9c4_prvsiyan_ptcg-ai-battle-static-deck-tusk-1208-v24,OFF,438,first,loss
tb_8f2fa9c4_prvsiyan_ptcg-ai-battle-static-deck-tusk-1208-v24,OFF,439,second,win
tb_8f2fa9c4_prvsiyan_ptcg-ai-battle-static-deck-tusk-1208-v24,OFF,440,first,loss
tb_8f2fa9c4_prvsiyan_ptcg-ai-battle-static-deck-tusk-1208-v24,OFF,441,second,win
tb_8f2fa9c4_prvsiyan_ptcg-ai-battle-static-deck-tusk-1208-v24,OFF,442,first,loss
tb_8f2fa9c4_prvsiyan_ptcg-ai-battle-static-deck-tusk-1208-v24,OFF,443,second,win
tb_8f2fa9c4_prvsiyan_ptcg-ai-battle-static-deck-tusk-1208-v24,OFF,444,first,loss
tb_8f2fa9c4_prvsiyan_ptcg-ai-battle-static-deck-tusk-1208-v24,OFF,445,second,loss
tb_8f2fa9c4_prvsiyan_ptcg-ai-battle-static-deck-tusk-1208-v24,OFF,446,first,win
tb_8f2fa9c4_prvsiyan_ptcg-ai-battle-static-deck-tusk-1208-v24,OFF,447,second,loss
tb_8f2fa9c4_prvsiyan_ptcg-ai-battle-static-deck-tusk-1208-v24,OFF,448,first,loss
tb_8f2fa9c4_prvsiyan_ptcg-ai-battle-static-deck-tusk-1208-v24,OFF,449,second,loss
tb_8f2fa9c4_prvsiyan_ptcg-ai-battle-static-deck-tusk-1208-v24,OFF,450,first,win
tb_8f2fa9c4_prvsiyan_ptcg-ai-battle-static-deck-tusk-1208-v24,OFF,451,second,loss
tb_8f2fa9c4_prvsiyan_ptcg-ai-battle-static-deck-tusk-1208-v24,OFF,452,first,loss
tb_8f2fa9c4_prvsiyan_ptcg-ai-battle-static-deck-tusk-1208-v24,OFF,453,second,loss
tb_8f2fa9c4_prvsiyan_ptcg-ai-battle-static-deck-tusk-1208-v24,OFF,454,first,win
tb_8f2fa9c4_prvsiyan_ptcg-ai-battle-static-deck-tusk-1208-v24,OFF,455,second,loss
tb_8f2fa9c4_prvsiyan_ptcg-ai-battle-static-deck-tusk-1208-v24,OFF,456,first,loss
tb_8f2fa9c4_prvsiyan_ptcg-ai-battle-static-deck-tusk-1208-v24,OFF,457,second,loss
tb_8f2fa9c4_prvsiyan_ptcg-ai-battle-static-deck-tusk-1208-v24,OFF,458,first,loss
tb_8f2fa9c4_prvsiyan_ptcg-ai-battle-static-deck-tusk-1208-v24,OFF,459,second,win
tb_8f2fa9c4_prvsiyan_ptcg-ai-battle-static-deck-tusk-1208-v24,OFF,460,first,loss
tb_8f2fa9c4_prvsiyan_ptcg-ai-battle-static-deck-tusk-1208-v24,OFF,461,second,win
tb_8f2fa9c4_prvsiyan_ptcg-ai-battle-static-deck-tusk-1208-v24,OFF,462,first,loss
tb_8f2fa9c4_prvsiyan_ptcg-ai-battle-static-deck-tusk-1208-v24,OFF,463,second,loss
tb_8f2fa9c4_prvsiyan_ptcg-ai-battle-static-deck-tusk-1208-v24,OFF,464,first,loss
tb_8f2fa9c4_prvsiyan_ptcg-ai-battle-static-deck-tusk-1208-v24,OFF,465,second,loss
tb_8f2fa9c4_prvsiyan_ptcg-ai-battle-static-deck-tusk-1208-v24,OFF,466,first,loss
tb_8f2fa9c4_prvsiyan_ptcg-ai-battle-static-deck-tusk-1208-v24,OFF,467,second,win
tb_8f2fa9c4_prvsiyan_ptcg-ai-battle-static-deck-tusk-1208-v24,OFF,468,first,loss
tb_8f2fa9c4_prvsiyan_ptcg-ai-battle-static-deck-tusk-1208-v24,OFF,469,second,win
tb_8f2fa9c4_prvsiyan_ptcg-ai-battle-static-deck-tusk-1208-v24,OFF,470,first,win
tb_8f2fa9c4_prvsiyan_ptcg-ai-battle-static-deck-tusk-1208-v24,OFF,471,second,loss
tb_8f2fa9c4_prvsiyan_ptcg-ai-battle-static-deck-tusk-1208-v24,OFF,472,first,loss
tb_8f2fa9c4_prvsiyan_ptcg-ai-battle-static-deck-tusk-1208-v24,OFF,473,second,loss
tb_8f2fa9c4_prvsiyan_ptcg-ai-battle-static-deck-tusk-1208-v24,OFF,474,first,win
tb_8f2fa9c4_prvsiyan_ptcg-ai-battle-static-deck-tusk-1208-v24,OFF,475,second,win
tb_8f2fa9c4_prvsiyan_ptcg-ai-battle-static-deck-tusk-1208-v24,OFF,476,first,win
tb_8f2fa9c4_prvsiyan_ptcg-ai-battle-static-deck-tusk-1208-v24,OFF,477,second,loss
tb_8f2fa9c4_prvsiyan_ptcg-ai-battle-static-deck-tusk-1208-v24,OFF,478,first,loss
tb_8f2fa9c4_prvsiyan_ptcg-ai-battle-static-deck-tusk-1208-v24,OFF,479,second,loss
tb_8f2fa9c4_prvsiyan_ptcg-ai-battle-static-deck-tusk-1208-v24,OFF,480,first,loss
tb_8f2fa9c4_prvsiyan_ptcg-ai-battle-static-deck-tusk-1208-v24,OFF,481,second,win
tb_8f2fa9c4_prvsiyan_ptcg-ai-battle-static-deck-tusk-1208-v24,OFF,482,first,loss
tb_8f2fa9c4_prvsiyan_ptcg-ai-battle-static-deck-tusk-1208-v24,OFF,483,second,win
tb_8f2fa9c4_prvsiyan_ptcg-ai-battle-static-deck-tusk-1208-v24,OFF,484,first,win
tb_8f2fa9c4_prvsiyan_ptcg-ai-battle-static-deck-tusk-1208-v24,OFF,485,second,loss
tb_8f2fa9c4_prvsiyan_ptcg-ai-battle-static-deck-tusk-1208-v24,OFF,486,first,win
tb_8f2fa9c4_prvsiyan_ptcg-ai-battle-static-deck-tusk-1208-v24,OFF,487,second,win
tb_8f2fa9c4_prvsiyan_ptcg-ai-battle-static-deck-tusk-1208-v24,OFF,488,first,loss
tb_8f2fa9c4_prvsiyan_ptcg-ai-battle-static-deck-tusk-1208-v24,OFF,489,second,win
tb_8f2fa9c4_prvsiyan_ptcg-ai-battle-static-deck-tusk-1208-v24,OFF,490,first,loss
tb_8f2fa9c4_prvsiyan_ptcg-ai-battle-static-deck-tusk-1208-v24,OFF,491,second,loss
tb_8f2fa9c4_prvsiyan_ptcg-ai-battle-static-deck-tusk-1208-v24,OFF,492,first,loss
tb_8f2fa9c4_prvsiyan_ptcg-ai-battle-static-deck-tusk-1208-v24,OFF,493,second,win
tb_8f2fa9c4_prvsiyan_ptcg-ai-battle-static-deck-tusk-1208-v24,OFF,494,first,loss
tb_8f2fa9c4_prvsiyan_ptcg-ai-battle-static-deck-tusk-1208-v24,OFF,495,second,loss
tb_8f2fa9c4_prvsiyan_ptcg-ai-battle-static-deck-tusk-1208-v24,OFF,496,first,win
tb_8f2fa9c4_prvsiyan_ptcg-ai-battle-static-deck-tusk-1208-v24,OFF,497,second,loss
tb_8f2fa9c4_prvsiyan_ptcg-ai-battle-static-deck-tusk-1208-v24,OFF,498,first,loss
tb_8f2fa9c4_prvsiyan_ptcg-ai-battle-static-deck-tusk-1208-v24,OFF,499,second,loss
tb_8f2fa9c4_prvsiyan_ptcg-ai-battle-static-deck-tusk-1208-v24,OFF,500,first,loss
tb_8f2fa9c4_prvsiyan_ptcg-ai-battle-static-deck-tusk-1208-v24,OFF,501,second,loss
tb_8f2fa9c4_prvsiyan_ptcg-ai-battle-static-deck-tusk-1208-v24,OFF,502,first,loss
tb_8f2fa9c4_prvsiyan_ptcg-ai-battle-static-deck-tusk-1208-v24,OFF,503,second,loss
tb_8f2fa9c4_prvsiyan_ptcg-ai-battle-static-deck-tusk-1208-v24,OFF,504,first,win
tb_8f2fa9c4_prvsiyan_ptcg-ai-battle-static-deck-tusk-1208-v24,OFF,505,second,win
tb_8f2fa9c4_prvsiyan_ptcg-ai-battle-static-deck-tusk-1208-v24,OFF,506,first,win
tb_8f2fa9c4_prvsiyan_ptcg-ai-battle-static-deck-tusk-1208-v24,OFF,507,second,loss
tb_8f2fa9c4_prvsiyan_ptcg-ai-battle-static-deck-tusk-1208-v24,OFF,508,first,loss
tb_8f2fa9c4_prvsiyan_ptcg-ai-battle-static-deck-tusk-1208-v24,OFF,509,second,loss
tb_8f2fa9c4_prvsiyan_ptcg-ai-battle-static-deck-tusk-1208-v24,OFF,510,first,loss
tb_8f2fa9c4_prvsiyan_ptcg-ai-battle-static-deck-tusk-1208-v24,OFF,511,second,win
tb_8f2fa9c4_prvsiyan_ptcg-ai-battle-static-deck-tusk-1208-v24,OFF,512,first,loss
tb_8f2fa9c4_prvsiyan_ptcg-ai-battle-static-deck-tusk-1208-v24,OFF,513,second,loss
tb_8f2fa9c4_prvsiyan_ptcg-ai-battle-static-deck-tusk-1208-v24,OFF,514,first,loss
tb_8f2fa9c4_prvsiyan_ptcg-ai-battle-static-deck-tusk-1208-v24,OFF,515,second,win
tb_8f2fa9c4_prvsiyan_ptcg-ai-battle-static-deck-tusk-1208-v24,OFF,516,first,loss
tb_8f2fa9c4_prvsiyan_ptcg-ai-battle-static-deck-tusk-1208-v24,OFF,517,second,win
tb_8f2fa9c4_prvsiyan_ptcg-ai-battle-static-deck-tusk-1208-v24,OFF,518,first,loss
tb_8f2fa9c4_prvsiyan_ptcg-ai-battle-static-deck-tusk-1208-v24,OFF,519,second,win
tb_8f2fa9c4_prvsiyan_ptcg-ai-battle-static-deck-tusk-1208-v24,OFF,520,first,loss
tb_8f2fa9c4_prvsiyan_ptcg-ai-battle-static-deck-tusk-1208-v24,OFF,521,second,loss
tb_8f2fa9c4_prvsiyan_ptcg-ai-battle-static-deck-tusk-1208-v24,OFF,522,first,loss
tb_8f2fa9c4_prvsiyan_ptcg-ai-battle-static-deck-tusk-1208-v24,OFF,523,second,loss
tb_8f2fa9c4_prvsiyan_ptcg-ai-battle-static-deck-tusk-1208-v24,OFF,524,first,loss
tb_8f2fa9c4_prvsiyan_ptcg-ai-battle-static-deck-tusk-1208-v24,OFF,525,second,loss
tb_8f2fa9c4_prvsiyan_ptcg-ai-battle-static-deck-tusk-1208-v24,OFF,526,first,loss
tb_8f2fa9c4_prvsiyan_ptcg-ai-battle-static-deck-tusk-1208-v24,OFF,527,second,loss
tb_8f2fa9c4_prvsiyan_ptcg-ai-battle-static-deck-tusk-1208-v24,OFF,528,first,loss
tb_8f2fa9c4_prvsiyan_ptcg-ai-battle-static-deck-tusk-1208-v24,OFF,529,second,loss
tb_8f2fa9c4_prvsiyan_ptcg-ai-battle-static-deck-tusk-1208-v24,OFF,530,first,loss
tb_8f2fa9c4_prvsiyan_ptcg-ai-battle-static-deck-tusk-1208-v24,OFF,531,second,loss
tb_8f2fa9c4_prvsiyan_ptcg-ai-battle-static-deck-tusk-1208-v24,OFF,532,first,loss
tb_8f2fa9c4_prvsiyan_ptcg-ai-battle-static-deck-tusk-1208-v24,OFF,533,second,win
tb_8f2fa9c4_prvsiyan_ptcg-ai-battle-static-deck-tusk-1208-v24,OFF,534,first,loss
tb_8f2fa9c4_prvsiyan_ptcg-ai-battle-static-deck-tusk-1208-v24,OFF,535,second,loss
tb_8f2fa9c4_prvsiyan_ptcg-ai-battle-static-deck-tusk-1208-v24,OFF,536,first,win
tb_8f2fa9c4_prvsiyan_ptcg-ai-battle-static-deck-tusk-1208-v24,OFF,537,second,loss
tb_8f2fa9c4_prvsiyan_ptcg-ai-battle-static-deck-tusk-1208-v24,OFF,538,first,win
tb_8f2fa9c4_prvsiyan_ptcg-ai-battle-static-deck-tusk-1208-v24,OFF,539,second,loss
tb_8f2fa9c4_prvsiyan_ptcg-ai-battle-static-deck-tusk-1208-v24,OFF,540,first,loss
tb_8f2fa9c4_prvsiyan_ptcg-ai-battle-static-deck-tusk-1208-v24,OFF,541,second,loss
tb_8f2fa9c4_prvsiyan_ptcg-ai-battle-static-deck-tusk-1208-v24,OFF,542,first,loss
tb_8f2fa9c4_prvsiyan_ptcg-ai-battle-static-deck-tusk-1208-v24,OFF,543,second,loss
tb_8f2fa9c4_prvsiyan_ptcg-ai-battle-static-deck-tusk-1208-v24,OFF,544,first,loss
tb_8f2fa9c4_prvsiyan_ptcg-ai-battle-static-deck-tusk-1208-v24,OFF,545,second,loss
tb_8f2fa9c4_prvsiyan_ptcg-ai-battle-static-deck-tusk-1208-v24,OFF,546,first,loss
tb_8f2fa9c4_prvsiyan_ptcg-ai-battle-static-deck-tusk-1208-v24,OFF,547,second,loss
tb_8f2fa9c4_prvsiyan_ptcg-ai-battle-static-deck-tusk-1208-v24,OFF,548,first,loss
tb_8f2fa9c4_prvsiyan_ptcg-ai-battle-static-deck-tusk-1208-v24,OFF,549,second,loss
tb_8f2fa9c4_prvsiyan_ptcg-ai-battle-static-deck-tusk-1208-v24,OFF,550,first,win
tb_8f2fa9c4_prvsiyan_ptcg-ai-battle-static-deck-tusk-1208-v24,OFF,551,second,loss
tb_8f2fa9c4_prvsiyan_ptcg-ai-battle-static-deck-tusk-1208-v24,OFF,552,first,loss
tb_8f2fa9c4_prvsiyan_ptcg-ai-battle-static-deck-tusk-1208-v24,OFF,553,second,loss
tb_8f2fa9c4_prvsiyan_ptcg-ai-battle-static-deck-tusk-1208-v24,OFF,554,first,loss
tb_8f2fa9c4_prvsiyan_ptcg-ai-battle-static-deck-tusk-1208-v24,OFF,555,second,loss
tb_8f2fa9c4_prvsiyan_ptcg-ai-battle-static-deck-tusk-1208-v24,OFF,556,first,win
tb_8f2fa9c4_prvsiyan_ptcg-ai-battle-static-deck-tusk-1208-v24,OFF,557,second,loss
tb_8f2fa9c4_prvsiyan_ptcg-ai-battle-static-deck-tusk-1208-v24,OFF,558,first,loss
tb_8f2fa9c4_prvsiyan_ptcg-ai-battle-static-deck-tusk-1208-v24,OFF,559,second,loss
tb_8f2fa9c4_prvsiyan_ptcg-ai-battle-static-deck-tusk-1208-v24,OFF,560,first,loss
tb_8f2fa9c4_prvsiyan_ptcg-ai-battle-static-deck-tusk-1208-v24,OFF,561,second,loss
tb_8f2fa9c4_prvsiyan_ptcg-ai-battle-static-deck-tusk-1208-v24,OFF,562,first,loss
tb_8f2fa9c4_prvsiyan_ptcg-ai-battle-static-deck-tusk-1208-v24,OFF,563,second,loss
tb_8f2fa9c4_prvsiyan_ptcg-ai-battle-static-deck-tusk-1208-v24,OFF,564,first,loss
tb_8f2fa9c4_prvsiyan_ptcg-ai-battle-static-deck-tusk-1208-v24,OFF,565,second,win
tb_8f2fa9c4_prvsiyan_ptcg-ai-battle-static-deck-tusk-1208-v24,OFF,566,first,win
tb_8f2fa9c4_prvsiyan_ptcg-ai-battle-static-deck-tusk-1208-v24,OFF,567,second,win
tb_8f2fa9c4_prvsiyan_ptcg-ai-battle-static-deck-tusk-1208-v24,OFF,568,first,win
tb_8f2fa9c4_prvsiyan_ptcg-ai-battle-static-deck-tusk-1208-v24,OFF,569,second,loss
tb_8f2fa9c4_prvsiyan_ptcg-ai-battle-static-deck-tusk-1208-v24,OFF,570,first,loss
tb_8f2fa9c4_prvsiyan_ptcg-ai-battle-static-deck-tusk-1208-v24,OFF,571,second,loss
tb_8f2fa9c4_prvsiyan_ptcg-ai-battle-static-deck-tusk-1208-v24,OFF,572,first,loss
tb_8f2fa9c4_prvsiyan_ptcg-ai-battle-static-deck-tusk-1208-v24,OFF,573,second,win
tb_8f2fa9c4_prvsiyan_ptcg-ai-battle-static-deck-tusk-1208-v24,OFF,574,first,loss
tb_8f2fa9c4_prvsiyan_ptcg-ai-battle-static-deck-tusk-1208-v24,OFF,575,second,win
tb_8f2fa9c4_prvsiyan_ptcg-ai-battle-static-deck-tusk-1208-v24,OFF,576,first,win
tb_8f2fa9c4_prvsiyan_ptcg-ai-battle-static-deck-tusk-1208-v24,OFF,577,second,win
tb_8f2fa9c4_prvsiyan_ptcg-ai-battle-static-deck-tusk-1208-v24,OFF,578,first,win
tb_8f2fa9c4_prvsiyan_ptcg-ai-battle-static-deck-tusk-1208-v24,OFF,579,second,loss
tb_8f2fa9c4_prvsiyan_ptcg-ai-battle-static-deck-tusk-1208-v24,OFF,580,first,win
tb_8f2fa9c4_prvsiyan_ptcg-ai-battle-static-deck-tusk-1208-v24,OFF,581,second,loss
tb_8f2fa9c4_prvsiyan_ptcg-ai-battle-static-deck-tusk-1208-v24,OFF,582,first,loss
tb_8f2fa9c4_prvsiyan_ptcg-ai-battle-static-deck-tusk-1208-v24,OFF,583,second,loss
tb_8f2fa9c4_prvsiyan_ptcg-ai-battle-static-deck-tusk-1208-v24,OFF,584,first,win
tb_8f2fa9c4_prvsiyan_ptcg-ai-battle-static-deck-tusk-1208-v24,OFF,585,second,loss
tb_8f2fa9c4_prvsiyan_ptcg-ai-battle-static-deck-tusk-1208-v24,OFF,586,first,loss
tb_8f2fa9c4_prvsiyan_ptcg-ai-battle-static-deck-tusk-1208-v24,OFF,587,second,win
tb_8f2fa9c4_prvsiyan_ptcg-ai-battle-static-deck-tusk-1208-v24,OFF,588,first,loss
tb_8f2fa9c4_prvsiyan_ptcg-ai-battle-static-deck-tusk-1208-v24,OFF,589,second,loss
tb_8f2fa9c4_prvsiyan_ptcg-ai-battle-static-deck-tusk-1208-v24,OFF,590,first,loss
tb_8f2fa9c4_prvsiyan_ptcg-ai-battle-static-deck-tusk-1208-v24,OFF,591,second,loss
tb_8f2fa9c4_prvsiyan_ptcg-ai-battle-static-deck-tusk-1208-v24,OFF,592,first,loss
tb_8f2fa9c4_prvsiyan_ptcg-ai-battle-static-deck-tusk-1208-v24,OFF,593,second,win
tb_8f2fa9c4_prvsiyan_ptcg-ai-battle-static-deck-tusk-1208-v24,OFF,594,first,loss
tb_8f2fa9c4_prvsiyan_ptcg-ai-battle-static-deck-tusk-1208-v24,OFF,595,second,loss
tb_8f2fa9c4_prvsiyan_ptcg-ai-battle-static-deck-tusk-1208-v24,OFF,596,first,loss
tb_8f2fa9c4_prvsiyan_ptcg-ai-battle-static-deck-tusk-1208-v24,OFF,597,second,loss
tb_8f2fa9c4_prvsiyan_ptcg-ai-battle-static-deck-tusk-1208-v24,OFF,598,first,win
tb_8f2fa9c4_prvsiyan_ptcg-ai-battle-static-deck-tusk-1208-v24,OFF,599,second,loss
tb_8f2fa9c4_prvsiyan_ptcg-ai-battle-static-deck-tusk-1208-v24,ON,0,first,loss
tb_8f2fa9c4_prvsiyan_ptcg-ai-battle-static-deck-tusk-1208-v24,ON,1,second,loss
tb_8f2fa9c4_prvsiyan_ptcg-ai-battle-static-deck-tusk-1208-v24,ON,2,first,loss
tb_8f2fa9c4_prvsiyan_ptcg-ai-battle-static-deck-tusk-1208-v24,ON,3,second,win
tb_8f2fa9c4_prvsiyan_ptcg-ai-battle-static-deck-tusk-1208-v24,ON,4,first,win
tb_8f2fa9c4_prvsiyan_ptcg-ai-battle-static-deck-tusk-1208-v24,ON,5,second,loss
tb_8f2fa9c4_prvsiyan_ptcg-ai-battle-static-deck-tusk-1208-v24,ON,6,first,loss
tb_8f2fa9c4_prvsiyan_ptcg-ai-battle-static-deck-tusk-1208-v24,ON,7,second,win
tb_8f2fa9c4_prvsiyan_ptcg-ai-battle-static-deck-tusk-1208-v24,ON,8,first,loss
tb_8f2fa9c4_prvsiyan_ptcg-ai-battle-static-deck-tusk-1208-v24,ON,9,second,win
tb_8f2fa9c4_prvsiyan_ptcg-ai-battle-static-deck-tusk-1208-v24,ON,10,first,win
tb_8f2fa9c4_prvsiyan_ptcg-ai-battle-static-deck-tusk-1208-v24,ON,11,second,loss
tb_8f2fa9c4_prvsiyan_ptcg-ai-battle-static-deck-tusk-1208-v24,ON,12,first,loss
tb_8f2fa9c4_prvsiyan_ptcg-ai-battle-static-deck-tusk-1208-v24,ON,13,second,loss
tb_8f2fa9c4_prvsiyan_ptcg-ai-battle-static-deck-tusk-1208-v24,ON,14,first,loss
tb_8f2fa9c4_prvsiyan_ptcg-ai-battle-static-deck-tusk-1208-v24,ON,15,second,loss
tb_8f2fa9c4_prvsiyan_ptcg-ai-battle-static-deck-tusk-1208-v24,ON,16,first,loss
tb_8f2fa9c4_prvsiyan_ptcg-ai-battle-static-deck-tusk-1208-v24,ON,17,second,loss
tb_8f2fa9c4_prvsiyan_ptcg-ai-battle-static-deck-tusk-1208-v24,ON,18,first,win
tb_8f2fa9c4_prvsiyan_ptcg-ai-battle-static-deck-tusk-1208-v24,ON,19,second,win
tb_8f2fa9c4_prvsiyan_ptcg-ai-battle-static-deck-tusk-1208-v24,ON,20,first,loss
tb_8f2fa9c4_prvsiyan_ptcg-ai-battle-static-deck-tusk-1208-v24,ON,21,second,win
tb_8f2fa9c4_prvsiyan_ptcg-ai-battle-static-deck-tusk-1208-v24,ON,22,first,win
tb_8f2fa9c4_prvsiyan_ptcg-ai-battle-static-deck-tusk-1208-v24,ON,23,second,win
tb_8f2fa9c4_prvsiyan_ptcg-ai-battle-static-deck-tusk-1208-v24,ON,24,first,loss
tb_8f2fa9c4_prvsiyan_ptcg-ai-battle-static-deck-tusk-1208-v24,ON,25,second,loss
tb_8f2fa9c4_prvsiyan_ptcg-ai-battle-static-deck-tusk-1208-v24,ON,26,first,loss
tb_8f2fa9c4_prvsiyan_ptcg-ai-battle-static-deck-tusk-1208-v24,ON,27,second,loss
tb_8f2fa9c4_prvsiyan_ptcg-ai-battle-static-deck-tusk-1208-v24,ON,28,first,win
tb_8f2fa9c4_prvsiyan_ptcg-ai-battle-static-deck-tusk-1208-v24,ON,29,second,loss
tb_8f2fa9c4_prvsiyan_ptcg-ai-battle-static-deck-tusk-1208-v24,ON,30,first,win
tb_8f2fa9c4_prvsiyan_ptcg-ai-battle-static-deck-tusk-1208-v24,ON,31,second,loss
tb_8f2fa9c4_prvsiyan_ptcg-ai-battle-static-deck-tusk-1208-v24,ON,32,first,win
tb_8f2fa9c4_prvsiyan_ptcg-ai-battle-static-deck-tusk-1208-v24,ON,33,second,win
tb_8f2fa9c4_prvsiyan_ptcg-ai-battle-static-deck-tusk-1208-v24,ON,34,first,loss
tb_8f2fa9c4_prvsiyan_ptcg-ai-battle-static-deck-tusk-1208-v24,ON,35,second,win
tb_8f2fa9c4_prvsiyan_ptcg-ai-battle-static-deck-tusk-1208-v24,ON,36,first,loss
tb_8f2fa9c4_prvsiyan_ptcg-ai-battle-static-deck-tusk-1208-v24,ON,37,second,win
tb_8f2fa9c4_prvsiyan_ptcg-ai-battle-static-deck-tusk-1208-v24,ON,38,first,loss
tb_8f2fa9c4_prvsiyan_ptcg-ai-battle-static-deck-tusk-1208-v24,ON,39,second,loss
tb_8f2fa9c4_prvsiyan_ptcg-ai-battle-static-deck-tusk-1208-v24,ON,40,first,loss
tb_8f2fa9c4_prvsiyan_ptcg-ai-battle-static-deck-tusk-1208-v24,ON,41,second,win
tb_8f2fa9c4_prvsiyan_ptcg-ai-battle-static-deck-tusk-1208-v24,ON,42,first,loss
tb_8f2fa9c4_prvsiyan_ptcg-ai-battle-static-deck-tusk-1208-v24,ON,43,second,loss
tb_8f2fa9c4_prvsiyan_ptcg-ai-battle-static-deck-tusk-1208-v24,ON,44,first,loss
tb_8f2fa9c4_prvsiyan_ptcg-ai-battle-static-deck-tusk-1208-v24,ON,45,second,loss
tb_8f2fa9c4_prvsiyan_ptcg-ai-battle-static-deck-tusk-1208-v24,ON,46,first,loss
tb_8f2fa9c4_prvsiyan_ptcg-ai-battle-static-deck-tusk-1208-v24,ON,47,second,win
tb_8f2fa9c4_prvsiyan_ptcg-ai-battle-static-deck-tusk-1208-v24,ON,48,first,win
tb_8f2fa9c4_prvsiyan_ptcg-ai-battle-static-deck-tusk-1208-v24,ON,49,second,loss
tb_8f2fa9c4_prvsiyan_ptcg-ai-battle-static-deck-tusk-1208-v24,ON,50,first,win
tb_8f2fa9c4_prvsiyan_ptcg-ai-battle-static-deck-tusk-1208-v24,ON,51,second,win
tb_8f2fa9c4_prvsiyan_ptcg-ai-battle-static-deck-tusk-1208-v24,ON,52,first,win
tb_8f2fa9c4_prvsiyan_ptcg-ai-battle-static-deck-tusk-1208-v24,ON,53,second,win
tb_8f2fa9c4_prvsiyan_ptcg-ai-battle-static-deck-tusk-1208-v24,ON,54,first,loss
tb_8f2fa9c4_prvsiyan_ptcg-ai-battle-static-deck-tusk-1208-v24,ON,55,second,loss
tb_8f2fa9c4_prvsiyan_ptcg-ai-battle-static-deck-tusk-1208-v24,ON,56,first,win
tb_8f2fa9c4_prvsiyan_ptcg-ai-battle-static-deck-tusk-1208-v24,ON,57,second,loss
tb_8f2fa9c4_prvsiyan_ptcg-ai-battle-static-deck-tusk-1208-v24,ON,58,first,win
tb_8f2fa9c4_prvsiyan_ptcg-ai-battle-static-deck-tusk-1208-v24,ON,59,second,win
tb_8f2fa9c4_prvsiyan_ptcg-ai-battle-static-deck-tusk-1208-v24,ON,60,first,loss
tb_8f2fa9c4_prvsiyan_ptcg-ai-battle-static-deck-tusk-1208-v24,ON,61,second,loss
tb_8f2fa9c4_prvsiyan_ptcg-ai-battle-static-deck-tusk-1208-v24,ON,62,first,loss
tb_8f2fa9c4_prvsiyan_ptcg-ai-battle-static-deck-tusk-1208-v24,ON,63,second,loss
tb_8f2fa9c4_prvsiyan_ptcg-ai-battle-static-deck-tusk-1208-v24,ON,64,first,loss
tb_8f2fa9c4_prvsiyan_ptcg-ai-battle-static-deck-tusk-1208-v24,ON,65,second,loss
tb_8f2fa9c4_prvsiyan_ptcg-ai-battle-static-deck-tusk-1208-v24,ON,66,first,win
tb_8f2fa9c4_prvsiyan_ptcg-ai-battle-static-deck-tusk-1208-v24,ON,67,second,win
tb_8f2fa9c4_prvsiyan_ptcg-ai-battle-static-deck-tusk-1208-v24,ON,68,first,win
tb_8f2fa9c4_prvsiyan_ptcg-ai-battle-static-deck-tusk-1208-v24,ON,69,second,win
tb_8f2fa9c4_prvsiyan_ptcg-ai-battle-static-deck-tusk-1208-v24,ON,70,first,loss
tb_8f2fa9c4_prvsiyan_ptcg-ai-battle-static-deck-tusk-1208-v24,ON,71,second,win
tb_8f2fa9c4_prvsiyan_ptcg-ai-battle-static-deck-tusk-1208-v24,ON,72,first,loss
tb_8f2fa9c4_prvsiyan_ptcg-ai-battle-static-deck-tusk-1208-v24,ON,73,second,loss
tb_8f2fa9c4_prvsiyan_ptcg-ai-battle-static-deck-tusk-1208-v24,ON,74,first,loss
tb_8f2fa9c4_prvsiyan_ptcg-ai-battle-static-deck-tusk-1208-v24,ON,75,second,loss
tb_8f2fa9c4_prvsiyan_ptcg-ai-battle-static-deck-tusk-1208-v24,ON,76,first,loss
tb_8f2fa9c4_prvsiyan_ptcg-ai-battle-static-deck-tusk-1208-v24,ON,77,second,loss
tb_8f2fa9c4_prvsiyan_ptcg-ai-battle-static-deck-tusk-1208-v24,ON,78,first,win
tb_8f2fa9c4_prvsiyan_ptcg-ai-battle-static-deck-tusk-1208-v24,ON,79,second,win
tb_8f2fa9c4_prvsiyan_ptcg-ai-battle-static-deck-tusk-1208-v24,ON,80,first,win
tb_8f2fa9c4_prvsiyan_ptcg-ai-battle-static-deck-tusk-1208-v24,ON,81,second,loss
tb_8f2fa9c4_prvsiyan_ptcg-ai-battle-static-deck-tusk-1208-v24,ON,82,first,loss
tb_8f2fa9c4_prvsiyan_ptcg-ai-battle-static-deck-tusk-1208-v24,ON,83,second,loss
tb_8f2fa9c4_prvsiyan_ptcg-ai-battle-static-deck-tusk-1208-v24,ON,84,first,win
tb_8f2fa9c4_prvsiyan_ptcg-ai-battle-static-deck-tusk-1208-v24,ON,85,second,loss
tb_8f2fa9c4_prvsiyan_ptcg-ai-battle-static-deck-tusk-1208-v24,ON,86,first,win
tb_8f2fa9c4_prvsiyan_ptcg-ai-battle-static-deck-tusk-1208-v24,ON,87,second,win
tb_8f2fa9c4_prvsiyan_ptcg-ai-battle-static-deck-tusk-1208-v24,ON,88,first,win
tb_8f2fa9c4_prvsiyan_ptcg-ai-battle-static-deck-tusk-1208-v24,ON,89,second,loss
tb_8f2fa9c4_prvsiyan_ptcg-ai-battle-static-deck-tusk-1208-v24,ON,90,first,loss
tb_8f2fa9c4_prvsiyan_ptcg-ai-battle-static-deck-tusk-1208-v24,ON,91,second,loss
tb_8f2fa9c4_prvsiyan_ptcg-ai-battle-static-deck-tusk-1208-v24,ON,92,first,loss
tb_8f2fa9c4_prvsiyan_ptcg-ai-battle-static-deck-tusk-1208-v24,ON,93,second,loss
tb_8f2fa9c4_prvsiyan_ptcg-ai-battle-static-deck-tusk-1208-v24,ON,94,first,win
tb_8f2fa9c4_prvsiyan_ptcg-ai-battle-static-deck-tusk-1208-v24,ON,95,second,win
tb_8f2fa9c4_prvsiyan_ptcg-ai-battle-static-deck-tusk-1208-v24,ON,96,first,win
tb_8f2fa9c4_prvsiyan_ptcg-ai-battle-static-deck-tusk-1208-v24,ON,97,second,loss
tb_8f2fa9c4_prvsiyan_ptcg-ai-battle-static-deck-tusk-1208-v24,ON,98,first,win
tb_8f2fa9c4_prvsiyan_ptcg-ai-battle-static-deck-tusk-1208-v24,ON,99,second,loss
tb_8f2fa9c4_prvsiyan_ptcg-ai-battle-static-deck-tusk-1208-v24,ON,100,first,win
tb_8f2fa9c4_prvsiyan_ptcg-ai-battle-static-deck-tusk-1208-v24,ON,101,second,win
tb_8f2fa9c4_prvsiyan_ptcg-ai-battle-static-deck-tusk-1208-v24,ON,102,first,loss
tb_8f2fa9c4_prvsiyan_ptcg-ai-battle-static-deck-tusk-1208-v24,ON,103,second,win
tb_8f2fa9c4_prvsiyan_ptcg-ai-battle-static-deck-tusk-1208-v24,ON,104,first,loss
tb_8f2fa9c4_prvsiyan_ptcg-ai-battle-static-deck-tusk-1208-v24,ON,105,second,loss
tb_8f2fa9c4_prvsiyan_ptcg-ai-battle-static-deck-tusk-1208-v24,ON,106,first,win
tb_8f2fa9c4_prvsiyan_ptcg-ai-battle-static-deck-tusk-1208-v24,ON,107,second,win
tb_8f2fa9c4_prvsiyan_ptcg-ai-battle-static-deck-tusk-1208-v24,ON,108,first,win
tb_8f2fa9c4_prvsiyan_ptcg-ai-battle-static-deck-tusk-1208-v24,ON,109,second,loss
tb_8f2fa9c4_prvsiyan_ptcg-ai-battle-static-deck-tusk-1208-v24,ON,110,first,win
tb_8f2fa9c4_prvsiyan_ptcg-ai-battle-static-deck-tusk-1208-v24,ON,111,second,win
tb_8f2fa9c4_prvsiyan_ptcg-ai-battle-static-deck-tusk-1208-v24,ON,112,first,win
tb_8f2fa9c4_prvsiyan_ptcg-ai-battle-static-deck-tusk-1208-v24,ON,113,second,win
tb_8f2fa9c4_prvsiyan_ptcg-ai-battle-static-deck-tusk-1208-v24,ON,114,first,win
tb_8f2fa9c4_prvsiyan_ptcg-ai-battle-static-deck-tusk-1208-v24,ON,115,second,loss
tb_8f2fa9c4_prvsiyan_ptcg-ai-battle-static-deck-tusk-1208-v24,ON,116,first,win
tb_8f2fa9c4_prvsiyan_ptcg-ai-battle-static-deck-tusk-1208-v24,ON,117,second,loss
tb_8f2fa9c4_prvsiyan_ptcg-ai-battle-static-deck-tusk-1208-v24,ON,118,first,loss
tb_8f2fa9c4_prvsiyan_ptcg-ai-battle-static-deck-tusk-1208-v24,ON,119,second,loss
tb_8f2fa9c4_prvsiyan_ptcg-ai-battle-static-deck-tusk-1208-v24,ON,120,first,win
tb_8f2fa9c4_prvsiyan_ptcg-ai-battle-static-deck-tusk-1208-v24,ON,121,second,loss
tb_8f2fa9c4_prvsiyan_ptcg-ai-battle-static-deck-tusk-1208-v24,ON,122,first,win
tb_8f2fa9c4_prvsiyan_ptcg-ai-battle-static-deck-tusk-1208-v24,ON,123,second,win
tb_8f2fa9c4_prvsiyan_ptcg-ai-battle-static-deck-tusk-1208-v24,ON,124,first,loss
tb_8f2fa9c4_prvsiyan_ptcg-ai-battle-static-deck-tusk-1208-v24,ON,125,second,win
tb_8f2fa9c4_prvsiyan_ptcg-ai-battle-static-deck-tusk-1208-v24,ON,126,first,loss
tb_8f2fa9c4_prvsiyan_ptcg-ai-battle-static-deck-tusk-1208-v24,ON,127,second,win
tb_8f2fa9c4_prvsiyan_ptcg-ai-battle-static-deck-tusk-1208-v24,ON,128,first,win
tb_8f2fa9c4_prvsiyan_ptcg-ai-battle-static-deck-tusk-1208-v24,ON,129,second,loss
tb_8f2fa9c4_prvsiyan_ptcg-ai-battle-static-deck-tusk-1208-v24,ON,130,first,loss
tb_8f2fa9c4_prvsiyan_ptcg-ai-battle-static-deck-tusk-1208-v24,ON,131,second,loss
tb_8f2fa9c4_prvsiyan_ptcg-ai-battle-static-deck-tusk-1208-v24,ON,132,first,loss
tb_8f2fa9c4_prvsiyan_ptcg-ai-battle-static-deck-tusk-1208-v24,ON,133,second,win
tb_8f2fa9c4_prvsiyan_ptcg-ai-battle-static-deck-tusk-1208-v24,ON,134,first,loss
tb_8f2fa9c4_prvsiyan_ptcg-ai-battle-static-deck-tusk-1208-v24,ON,135,second,win
tb_8f2fa9c4_prvsiyan_ptcg-ai-battle-static-deck-tusk-1208-v24,ON,136,first,win
tb_8f2fa9c4_prvsiyan_ptcg-ai-battle-static-deck-tusk-1208-v24,ON,137,second,win
tb_8f2fa9c4_prvsiyan_ptcg-ai-battle-static-deck-tusk-1208-v24,ON,138,first,win
tb_8f2fa9c4_prvsiyan_ptcg-ai-battle-static-deck-tusk-1208-v24,ON,139,second,loss
tb_8f2fa9c4_prvsiyan_ptcg-ai-battle-static-deck-tusk-1208-v24,ON,140,first,loss
tb_8f2fa9c4_prvsiyan_ptcg-ai-battle-static-deck-tusk-1208-v24,ON,141,second,win
tb_8f2fa9c4_prvsiyan_ptcg-ai-battle-static-deck-tusk-1208-v24,ON,142,first,win
tb_8f2fa9c4_prvsiyan_ptcg-ai-battle-static-deck-tusk-1208-v24,ON,143,second,win
tb_8f2fa9c4_prvsiyan_ptcg-ai-battle-static-deck-tusk-1208-v24,ON,144,first,loss
tb_8f2fa9c4_prvsiyan_ptcg-ai-battle-static-deck-tusk-1208-v24,ON,145,second,loss
tb_8f2fa9c4_prvsiyan_ptcg-ai-battle-static-deck-tusk-1208-v24,ON,146,first,loss
tb_8f2fa9c4_prvsiyan_ptcg-ai-battle-static-deck-tusk-1208-v24,ON,147,second,loss
tb_8f2fa9c4_prvsiyan_ptcg-ai-battle-static-deck-tusk-1208-v24,ON,148,first,loss
tb_8f2fa9c4_prvsiyan_ptcg-ai-battle-static-deck-tusk-1208-v24,ON,149,second,win
tb_8f2fa9c4_prvsiyan_ptcg-ai-battle-static-deck-tusk-1208-v24,ON,150,first,loss
tb_8f2fa9c4_prvsiyan_ptcg-ai-battle-static-deck-tusk-1208-v24,ON,151,second,win
tb_8f2fa9c4_prvsiyan_ptcg-ai-battle-static-deck-tusk-1208-v24,ON,152,first,win
tb_8f2fa9c4_prvsiyan_ptcg-ai-battle-static-deck-tusk-1208-v24,ON,153,second,win
tb_8f2fa9c4_prvsiyan_ptcg-ai-battle-static-deck-tusk-1208-v24,ON,154,first,loss
tb_8f2fa9c4_prvsiyan_ptcg-ai-battle-static-deck-tusk-1208-v24,ON,155,second,loss
tb_8f2fa9c4_prvsiyan_ptcg-ai-battle-static-deck-tusk-1208-v24,ON,156,first,win
tb_8f2fa9c4_prvsiyan_ptcg-ai-battle-static-deck-tusk-1208-v24,ON,157,second,win
tb_8f2fa9c4_prvsiyan_ptcg-ai-battle-static-deck-tusk-1208-v24,ON,158,first,loss
tb_8f2fa9c4_prvsiyan_ptcg-ai-battle-static-deck-tusk-1208-v24,ON,159,second,loss
tb_8f2fa9c4_prvsiyan_ptcg-ai-battle-static-deck-tusk-1208-v24,ON,160,first,win
tb_8f2fa9c4_prvsiyan_ptcg-ai-battle-static-deck-tusk-1208-v24,ON,161,second,win
tb_8f2fa9c4_prvsiyan_ptcg-ai-battle-static-deck-tusk-1208-v24,ON,162,first,win
tb_8f2fa9c4_prvsiyan_ptcg-ai-battle-static-deck-tusk-1208-v24,ON,163,second,loss
tb_8f2fa9c4_prvsiyan_ptcg-ai-battle-static-deck-tusk-1208-v24,ON,164,first,loss
tb_8f2fa9c4_prvsiyan_ptcg-ai-battle-static-deck-tusk-1208-v24,ON,165,second,loss
tb_8f2fa9c4_prvsiyan_ptcg-ai-battle-static-deck-tusk-1208-v24,ON,166,first,loss
tb_8f2fa9c4_prvsiyan_ptcg-ai-battle-static-deck-tusk-1208-v24,ON,167,second,win
tb_8f2fa9c4_prvsiyan_ptcg-ai-battle-static-deck-tusk-1208-v24,ON,168,first,loss
tb_8f2fa9c4_prvsiyan_ptcg-ai-battle-static-deck-tusk-1208-v24,ON,169,second,win
tb_8f2fa9c4_prvsiyan_ptcg-ai-battle-static-deck-tusk-1208-v24,ON,170,first,win
tb_8f2fa9c4_prvsiyan_ptcg-ai-battle-static-deck-tusk-1208-v24,ON,171,second,loss
tb_8f2fa9c4_prvsiyan_ptcg-ai-battle-static-deck-tusk-1208-v24,ON,172,first,win
tb_8f2fa9c4_prvsiyan_ptcg-ai-battle-static-deck-tusk-1208-v24,ON,173,second,win
tb_8f2fa9c4_prvsiyan_ptcg-ai-battle-static-deck-tusk-1208-v24,ON,174,first,win
tb_8f2fa9c4_prvsiyan_ptcg-ai-battle-static-deck-tusk-1208-v24,ON,175,second,win
tb_8f2fa9c4_prvsiyan_ptcg-ai-battle-static-deck-tusk-1208-v24,ON,176,first,win
tb_8f2fa9c4_prvsiyan_ptcg-ai-battle-static-deck-tusk-1208-v24,ON,177,second,loss
tb_8f2fa9c4_prvsiyan_ptcg-ai-battle-static-deck-tusk-1208-v24,ON,178,first,loss
tb_8f2fa9c4_prvsiyan_ptcg-ai-battle-static-deck-tusk-1208-v24,ON,179,second,win
tb_8f2fa9c4_prvsiyan_ptcg-ai-battle-static-deck-tusk-1208-v24,ON,180,first,loss
tb_8f2fa9c4_prvsiyan_ptcg-ai-battle-static-deck-tusk-1208-v24,ON,181,second,win
tb_8f2fa9c4_prvsiyan_ptcg-ai-battle-static-deck-tusk-1208-v24,ON,182,first,win
tb_8f2fa9c4_prvsiyan_ptcg-ai-battle-static-deck-tusk-1208-v24,ON,183,second,loss
tb_8f2fa9c4_prvsiyan_ptcg-ai-battle-static-deck-tusk-1208-v24,ON,184,first,win
tb_8f2fa9c4_prvsiyan_ptcg-ai-battle-static-deck-tusk-1208-v24,ON,185,second,win
tb_8f2fa9c4_prvsiyan_ptcg-ai-battle-static-deck-tusk-1208-v24,ON,186,first,win
tb_8f2fa9c4_prvsiyan_ptcg-ai-battle-static-deck-tusk-1208-v24,ON,187,second,loss
tb_8f2fa9c4_prvsiyan_ptcg-ai-battle-static-deck-tusk-1208-v24,ON,188,first,win
tb_8f2fa9c4_prvsiyan_ptcg-ai-battle-static-deck-tusk-1208-v24,ON,189,second,loss
tb_8f2fa9c4_prvsiyan_ptcg-ai-battle-static-deck-tusk-1208-v24,ON,190,first,loss
tb_8f2fa9c4_prvsiyan_ptcg-ai-battle-static-deck-tusk-1208-v24,ON,191,second,win
tb_8f2fa9c4_prvsiyan_ptcg-ai-battle-static-deck-tusk-1208-v24,ON,192,first,win
tb_8f2fa9c4_prvsiyan_ptcg-ai-battle-static-deck-tusk-1208-v24,ON,193,second,loss
tb_8f2fa9c4_prvsiyan_ptcg-ai-battle-static-deck-tusk-1208-v24,ON,194,first,loss
tb_8f2fa9c4_prvsiyan_ptcg-ai-battle-static-deck-tusk-1208-v24,ON,195,second,loss
tb_8f2fa9c4_prvsiyan_ptcg-ai-battle-static-deck-tusk-1208-v24,ON,196,first,loss
tb_8f2fa9c4_prvsiyan_ptcg-ai-battle-static-deck-tusk-1208-v24,ON,197,second,win
tb_8f2fa9c4_prvsiyan_ptcg-ai-battle-static-deck-tusk-1208-v24,ON,198,first,loss
tb_8f2fa9c4_prvsiyan_ptcg-ai-battle-static-deck-tusk-1208-v24,ON,199,second,loss
tb_8f2fa9c4_prvsiyan_ptcg-ai-battle-static-deck-tusk-1208-v24,ON,200,first,loss
tb_8f2fa9c4_prvsiyan_ptcg-ai-battle-static-deck-tusk-1208-v24,ON,201,second,loss
tb_8f2fa9c4_prvsiyan_ptcg-ai-battle-static-deck-tusk-1208-v24,ON,202,first,win
tb_8f2fa9c4_prvsiyan_ptcg-ai-battle-static-deck-tusk-1208-v24,ON,203,second,loss
tb_8f2fa9c4_prvsiyan_ptcg-ai-battle-static-deck-tusk-1208-v24,ON,204,first,win
tb_8f2fa9c4_prvsiyan_ptcg-ai-battle-static-deck-tusk-1208-v24,ON,205,second,win
tb_8f2fa9c4_prvsiyan_ptcg-ai-battle-static-deck-tusk-1208-v24,ON,206,first,win
tb_8f2fa9c4_prvsiyan_ptcg-ai-battle-static-deck-tusk-1208-v24,ON,207,second,loss
tb_8f2fa9c4_prvsiyan_ptcg-ai-battle-static-deck-tusk-1208-v24,ON,208,first,loss
tb_8f2fa9c4_prvsiyan_ptcg-ai-battle-static-deck-tusk-1208-v24,ON,209,second,win
tb_8f2fa9c4_prvsiyan_ptcg-ai-battle-static-deck-tusk-1208-v24,ON,210,first,loss
tb_8f2fa9c4_prvsiyan_ptcg-ai-battle-static-deck-tusk-1208-v24,ON,211,second,win
tb_8f2fa9c4_prvsiyan_ptcg-ai-battle-static-deck-tusk-1208-v24,ON,212,first,win
tb_8f2fa9c4_prvsiyan_ptcg-ai-battle-static-deck-tusk-1208-v24,ON,213,second,loss
tb_8f2fa9c4_prvsiyan_ptcg-ai-battle-static-deck-tusk-1208-v24,ON,214,first,win
tb_8f2fa9c4_prvsiyan_ptcg-ai-battle-static-deck-tusk-1208-v24,ON,215,second,loss
tb_8f2fa9c4_prvsiyan_ptcg-ai-battle-static-deck-tusk-1208-v24,ON,216,first,loss
tb_8f2fa9c4_prvsiyan_ptcg-ai-battle-static-deck-tusk-1208-v24,ON,217,second,win
tb_8f2fa9c4_prvsiyan_ptcg-ai-battle-static-deck-tusk-1208-v24,ON,218,first,loss
tb_8f2fa9c4_prvsiyan_ptcg-ai-battle-static-deck-tusk-1208-v24,ON,219,second,loss
tb_8f2fa9c4_prvsiyan_ptcg-ai-battle-static-deck-tusk-1208-v24,ON,220,first,win
tb_8f2fa9c4_prvsiyan_ptcg-ai-battle-static-deck-tusk-1208-v24,ON,221,second,loss
tb_8f2fa9c4_prvsiyan_ptcg-ai-battle-static-deck-tusk-1208-v24,ON,222,first,loss
tb_8f2fa9c4_prvsiyan_ptcg-ai-battle-static-deck-tusk-1208-v24,ON,223,second,win
tb_8f2fa9c4_prvsiyan_ptcg-ai-battle-static-deck-tusk-1208-v24,ON,224,first,loss
tb_8f2fa9c4_prvsiyan_ptcg-ai-battle-static-deck-tusk-1208-v24,ON,225,second,loss
tb_8f2fa9c4_prvsiyan_ptcg-ai-battle-static-deck-tusk-1208-v24,ON,226,first,win
tb_8f2fa9c4_prvsiyan_ptcg-ai-battle-static-deck-tusk-1208-v24,ON,227,second,loss
tb_8f2fa9c4_prvsiyan_ptcg-ai-battle-static-deck-tusk-1208-v24,ON,228,first,loss
tb_8f2fa9c4_prvsiyan_ptcg-ai-battle-static-deck-tusk-1208-v24,ON,229,second,win
tb_8f2fa9c4_prvsiyan_ptcg-ai-battle-static-deck-tusk-1208-v24,ON,230,first,loss
tb_8f2fa9c4_prvsiyan_ptcg-ai-battle-static-deck-tusk-1208-v24,ON,231,second,win
tb_8f2fa9c4_prvsiyan_ptcg-ai-battle-static-deck-tusk-1208-v24,ON,232,first,loss
tb_8f2fa9c4_prvsiyan_ptcg-ai-battle-static-deck-tusk-1208-v24,ON,233,second,loss
tb_8f2fa9c4_prvsiyan_ptcg-ai-battle-static-deck-tusk-1208-v24,ON,234,first,win
tb_8f2fa9c4_prvsiyan_ptcg-ai-battle-static-deck-tusk-1208-v24,ON,235,second,loss
tb_8f2fa9c4_prvsiyan_ptcg-ai-battle-static-deck-tusk-1208-v24,ON,236,first,win
tb_8f2fa9c4_prvsiyan_ptcg-ai-battle-static-deck-tusk-1208-v24,ON,237,second,loss
tb_8f2fa9c4_prvsiyan_ptcg-ai-battle-static-deck-tusk-1208-v24,ON,238,first,loss
tb_8f2fa9c4_prvsiyan_ptcg-ai-battle-static-deck-tusk-1208-v24,ON,239,second,loss
tb_8f2fa9c4_prvsiyan_ptcg-ai-battle-static-deck-tusk-1208-v24,ON,240,first,loss
tb_8f2fa9c4_prvsiyan_ptcg-ai-battle-static-deck-tusk-1208-v24,ON,241,second,loss
tb_8f2fa9c4_prvsiyan_ptcg-ai-battle-static-deck-tusk-1208-v24,ON,242,first,win
tb_8f2fa9c4_prvsiyan_ptcg-ai-battle-static-deck-tusk-1208-v24,ON,243,second,win
tb_8f2fa9c4_prvsiyan_ptcg-ai-battle-static-deck-tusk-1208-v24,ON,244,first,win
tb_8f2fa9c4_prvsiyan_ptcg-ai-battle-static-deck-tusk-1208-v24,ON,245,second,loss
tb_8f2fa9c4_prvsiyan_ptcg-ai-battle-static-deck-tusk-1208-v24,ON,246,first,loss
tb_8f2fa9c4_prvsiyan_ptcg-ai-battle-static-deck-tusk-1208-v24,ON,247,second,win
tb_8f2fa9c4_prvsiyan_ptcg-ai-battle-static-deck-tusk-1208-v24,ON,248,first,loss
tb_8f2fa9c4_prvsiyan_ptcg-ai-battle-static-deck-tusk-1208-v24,ON,249,second,win
tb_8f2fa9c4_prvsiyan_ptcg-ai-battle-static-deck-tusk-1208-v24,ON,250,first,win
tb_8f2fa9c4_prvsiyan_ptcg-ai-battle-static-deck-tusk-1208-v24,ON,251,second,loss
tb_8f2fa9c4_prvsiyan_ptcg-ai-battle-static-deck-tusk-1208-v24,ON,252,first,loss
tb_8f2fa9c4_prvsiyan_ptcg-ai-battle-static-deck-tusk-1208-v24,ON,253,second,win
tb_8f2fa9c4_prvsiyan_ptcg-ai-battle-static-deck-tusk-1208-v24,ON,254,first,win
tb_8f2fa9c4_prvsiyan_ptcg-ai-battle-static-deck-tusk-1208-v24,ON,255,second,loss
tb_8f2fa9c4_prvsiyan_ptcg-ai-battle-static-deck-tusk-1208-v24,ON,256,first,loss
tb_8f2fa9c4_prvsiyan_ptcg-ai-battle-static-deck-tusk-1208-v24,ON,257,second,loss
tb_8f2fa9c4_prvsiyan_ptcg-ai-battle-static-deck-tusk-1208-v24,ON,258,first,win
tb_8f2fa9c4_prvsiyan_ptcg-ai-battle-static-deck-tusk-1208-v24,ON,259,second,loss
tb_8f2fa9c4_prvsiyan_ptcg-ai-battle-static-deck-tusk-1208-v24,ON,260,first,win
tb_8f2fa9c4_prvsiyan_ptcg-ai-battle-static-deck-tusk-1208-v24,ON,261,second,win
tb_8f2fa9c4_prvsiyan_ptcg-ai-battle-static-deck-tusk-1208-v24,ON,262,first,loss
tb_8f2fa9c4_prvsiyan_ptcg-ai-battle-static-deck-tusk-1208-v24,ON,263,second,win
tb_8f2fa9c4_prvsiyan_ptcg-ai-battle-static-deck-tusk-1208-v24,ON,264,first,loss
tb_8f2fa9c4_prvsiyan_ptcg-ai-battle-static-deck-tusk-1208-v24,ON,265,second,win
tb_8f2fa9c4_prvsiyan_ptcg-ai-battle-static-deck-tusk-1208-v24,ON,266,first,loss
tb_8f2fa9c4_prvsiyan_ptcg-ai-battle-static-deck-tusk-1208-v24,ON,267,second,win
tb_8f2fa9c4_prvsiyan_ptcg-ai-battle-static-deck-tusk-1208-v24,ON,268,first,loss
tb_8f2fa9c4_prvsiyan_ptcg-ai-battle-static-deck-tusk-1208-v24,ON,269,second,loss
tb_8f2fa9c4_prvsiyan_ptcg-ai-battle-static-deck-tusk-1208-v24,ON,270,first,loss
tb_8f2fa9c4_prvsiyan_ptcg-ai-battle-static-deck-tusk-1208-v24,ON,271,second,win
tb_8f2fa9c4_prvsiyan_ptcg-ai-battle-static-deck-tusk-1208-v24,ON,272,first,loss
tb_8f2fa9c4_prvsiyan_ptcg-ai-battle-static-deck-tusk-1208-v24,ON,273,second,loss
tb_8f2fa9c4_prvsiyan_ptcg-ai-battle-static-deck-tusk-1208-v24,ON,274,first,loss
tb_8f2fa9c4_prvsiyan_ptcg-ai-battle-static-deck-tusk-1208-v24,ON,275,second,loss
tb_8f2fa9c4_prvsiyan_ptcg-ai-battle-static-deck-tusk-1208-v24,ON,276,first,win
tb_8f2fa9c4_prvsiyan_ptcg-ai-battle-static-deck-tusk-1208-v24,ON,277,second,loss
tb_8f2fa9c4_prvsiyan_ptcg-ai-battle-static-deck-tusk-1208-v24,ON,278,first,loss
tb_8f2fa9c4_prvsiyan_ptcg-ai-battle-static-deck-tusk-1208-v24,ON,279,second,loss
tb_8f2fa9c4_prvsiyan_ptcg-ai-battle-static-deck-tusk-1208-v24,ON,280,first,loss
tb_8f2fa9c4_prvsiyan_ptcg-ai-battle-static-deck-tusk-1208-v24,ON,281,second,win
tb_8f2fa9c4_prvsiyan_ptcg-ai-battle-static-deck-tusk-1208-v24,ON,282,first,loss
tb_8f2fa9c4_prvsiyan_ptcg-ai-battle-static-deck-tusk-1208-v24,ON,283,second,win
tb_8f2fa9c4_prvsiyan_ptcg-ai-battle-static-deck-tusk-1208-v24,ON,284,first,loss
tb_8f2fa9c4_prvsiyan_ptcg-ai-battle-static-deck-tusk-1208-v24,ON,285,second,win
tb_8f2fa9c4_prvsiyan_ptcg-ai-battle-static-deck-tusk-1208-v24,ON,286,first,win
tb_8f2fa9c4_prvsiyan_ptcg-ai-battle-static-deck-tusk-1208-v24,ON,287,second,loss
tb_8f2fa9c4_prvsiyan_ptcg-ai-battle-static-deck-tusk-1208-v24,ON,288,first,win
tb_8f2fa9c4_prvsiyan_ptcg-ai-battle-static-deck-tusk-1208-v24,ON,289,second,win
tb_8f2fa9c4_prvsiyan_ptcg-ai-battle-static-deck-tusk-1208-v24,ON,290,first,loss
tb_8f2fa9c4_prvsiyan_ptcg-ai-battle-static-deck-tusk-1208-v24,ON,291,second,win
tb_8f2fa9c4_prvsiyan_ptcg-ai-battle-static-deck-tusk-1208-v24,ON,292,first,loss
tb_8f2fa9c4_prvsiyan_ptcg-ai-battle-static-deck-tusk-1208-v24,ON,293,second,loss
tb_8f2fa9c4_prvsiyan_ptcg-ai-battle-static-deck-tusk-1208-v24,ON,294,first,loss
tb_8f2fa9c4_prvsiyan_ptcg-ai-battle-static-deck-tusk-1208-v24,ON,295,second,win
tb_8f2fa9c4_prvsiyan_ptcg-ai-battle-static-deck-tusk-1208-v24,ON,296,first,loss
tb_8f2fa9c4_prvsiyan_ptcg-ai-battle-static-deck-tusk-1208-v24,ON,297,second,win
tb_8f2fa9c4_prvsiyan_ptcg-ai-battle-static-deck-tusk-1208-v24,ON,298,first,win
tb_8f2fa9c4_prvsiyan_ptcg-ai-battle-static-deck-tusk-1208-v24,ON,299,second,win
tb_8f2fa9c4_prvsiyan_ptcg-ai-battle-static-deck-tusk-1208-v24,ON,300,first,win
tb_8f2fa9c4_prvsiyan_ptcg-ai-battle-static-deck-tusk-1208-v24,ON,301,second,win
tb_8f2fa9c4_prvsiyan_ptcg-ai-battle-static-deck-tusk-1208-v24,ON,302,first,win
tb_8f2fa9c4_prvsiyan_ptcg-ai-battle-static-deck-tusk-1208-v24,ON,303,second,win
tb_8f2fa9c4_prvsiyan_ptcg-ai-battle-static-deck-tusk-1208-v24,ON,304,first,loss
tb_8f2fa9c4_prvsiyan_ptcg-ai-battle-static-deck-tusk-1208-v24,ON,305,second,win
tb_8f2fa9c4_prvsiyan_ptcg-ai-battle-static-deck-tusk-1208-v24,ON,306,first,win
tb_8f2fa9c4_prvsiyan_ptcg-ai-battle-static-deck-tusk-1208-v24,ON,307,second,win
tb_8f2fa9c4_prvsiyan_ptcg-ai-battle-static-deck-tusk-1208-v24,ON,308,first,win
tb_8f2fa9c4_prvsiyan_ptcg-ai-battle-static-deck-tusk-1208-v24,ON,309,second,loss
tb_8f2fa9c4_prvsiyan_ptcg-ai-battle-static-deck-tusk-1208-v24,ON,310,first,win
tb_8f2fa9c4_prvsiyan_ptcg-ai-battle-static-deck-tusk-1208-v24,ON,311,second,loss
tb_8f2fa9c4_prvsiyan_ptcg-ai-battle-static-deck-tusk-1208-v24,ON,312,first,loss
tb_8f2fa9c4_prvsiyan_ptcg-ai-battle-static-deck-tusk-1208-v24,ON,313,second,loss
tb_8f2fa9c4_prvsiyan_ptcg-ai-battle-static-deck-tusk-1208-v24,ON,314,first,loss
tb_8f2fa9c4_prvsiyan_ptcg-ai-battle-static-deck-tusk-1208-v24,ON,315,second,loss
tb_8f2fa9c4_prvsiyan_ptcg-ai-battle-static-deck-tusk-1208-v24,ON,316,first,loss
tb_8f2fa9c4_prvsiyan_ptcg-ai-battle-static-deck-tusk-1208-v24,ON,317,second,win
tb_8f2fa9c4_prvsiyan_ptcg-ai-battle-static-deck-tusk-1208-v24,ON,318,first,win
tb_8f2fa9c4_prvsiyan_ptcg-ai-battle-static-deck-tusk-1208-v24,ON,319,second,win
tb_8f2fa9c4_prvsiyan_ptcg-ai-battle-static-deck-tusk-1208-v24,ON,320,first,win
tb_8f2fa9c4_prvsiyan_ptcg-ai-battle-static-deck-tusk-1208-v24,ON,321,second,loss
tb_8f2fa9c4_prvsiyan_ptcg-ai-battle-static-deck-tusk-1208-v24,ON,322,first,win
tb_8f2fa9c4_prvsiyan_ptcg-ai-battle-static-deck-tusk-1208-v24,ON,323,second,loss
tb_8f2fa9c4_prvsiyan_ptcg-ai-battle-static-deck-tusk-1208-v24,ON,324,first,loss
tb_8f2fa9c4_prvsiyan_ptcg-ai-battle-static-deck-tusk-1208-v24,ON,325,second,win
tb_8f2fa9c4_prvsiyan_ptcg-ai-battle-static-deck-tusk-1208-v24,ON,326,first,loss
tb_8f2fa9c4_prvsiyan_ptcg-ai-battle-static-deck-tusk-1208-v24,ON,327,second,win
tb_8f2fa9c4_prvsiyan_ptcg-ai-battle-static-deck-tusk-1208-v24,ON,328,first,loss
tb_8f2fa9c4_prvsiyan_ptcg-ai-battle-static-deck-tusk-1208-v24,ON,329,second,win
tb_8f2fa9c4_prvsiyan_ptcg-ai-battle-static-deck-tusk-1208-v24,ON,330,first,loss
tb_8f2fa9c4_prvsiyan_ptcg-ai-battle-static-deck-tusk-1208-v24,ON,331,second,win
tb_8f2fa9c4_prvsiyan_ptcg-ai-battle-static-deck-tusk-1208-v24,ON,332,first,loss
tb_8f2fa9c4_prvsiyan_ptcg-ai-battle-static-deck-tusk-1208-v24,ON,333,second,win
tb_8f2fa9c4_prvsiyan_ptcg-ai-battle-static-deck-tusk-1208-v24,ON,334,first,win
tb_8f2fa9c4_prvsiyan_ptcg-ai-battle-static-deck-tusk-1208-v24,ON,335,second,loss
tb_8f2fa9c4_prvsiyan_ptcg-ai-battle-static-deck-tusk-1208-v24,ON,336,first,win
tb_8f2fa9c4_prvsiyan_ptcg-ai-battle-static-deck-tusk-1208-v24,ON,337,second,loss
tb_8f2fa9c4_prvsiyan_ptcg-ai-battle-static-deck-tusk-1208-v24,ON,338,first,win
tb_8f2fa9c4_prvsiyan_ptcg-ai-battle-static-deck-tusk-1208-v24,ON,339,second,win
tb_8f2fa9c4_prvsiyan_ptcg-ai-battle-static-deck-tusk-1208-v24,ON,340,first,win
tb_8f2fa9c4_prvsiyan_ptcg-ai-battle-static-deck-tusk-1208-v24,ON,341,second,loss
tb_8f2fa9c4_prvsiyan_ptcg-ai-battle-static-deck-tusk-1208-v24,ON,342,first,loss
tb_8f2fa9c4_prvsiyan_ptcg-ai-battle-static-deck-tusk-1208-v24,ON,343,second,win
tb_8f2fa9c4_prvsiyan_ptcg-ai-battle-static-deck-tusk-1208-v24,ON,344,first,win
tb_8f2fa9c4_prvsiyan_ptcg-ai-battle-static-deck-tusk-1208-v24,ON,345,second,loss
tb_8f2fa9c4_prvsiyan_ptcg-ai-battle-static-deck-tusk-1208-v24,ON,346,first,loss
tb_8f2fa9c4_prvsiyan_ptcg-ai-battle-static-deck-tusk-1208-v24,ON,347,second,win
tb_8f2fa9c4_prvsiyan_ptcg-ai-battle-static-deck-tusk-1208-v24,ON,348,first,win
tb_8f2fa9c4_prvsiyan_ptcg-ai-battle-static-deck-tusk-1208-v24,ON,349,second,loss
tb_8f2fa9c4_prvsiyan_ptcg-ai-battle-static-deck-tusk-1208-v24,ON,350,first,win
tb_8f2fa9c4_prvsiyan_ptcg-ai-battle-static-deck-tusk-1208-v24,ON,351,second,win
tb_8f2fa9c4_prvsiyan_ptcg-ai-battle-static-deck-tusk-1208-v24,ON,352,first,loss
tb_8f2fa9c4_prvsiyan_ptcg-ai-battle-static-deck-tusk-1208-v24,ON,353,second,loss
tb_8f2fa9c4_prvsiyan_ptcg-ai-battle-static-deck-tusk-1208-v24,ON,354,first,loss
tb_8f2fa9c4_prvsiyan_ptcg-ai-battle-static-deck-tusk-1208-v24,ON,355,second,loss
tb_8f2fa9c4_prvsiyan_ptcg-ai-battle-static-deck-tusk-1208-v24,ON,356,first,win
tb_8f2fa9c4_prvsiyan_ptcg-ai-battle-static-deck-tusk-1208-v24,ON,357,second,win
tb_8f2fa9c4_prvsiyan_ptcg-ai-battle-static-deck-tusk-1208-v24,ON,358,first,loss
tb_8f2fa9c4_prvsiyan_ptcg-ai-battle-static-deck-tusk-1208-v24,ON,359,second,loss
tb_8f2fa9c4_prvsiyan_ptcg-ai-battle-static-deck-tusk-1208-v24,ON,360,first,loss
tb_8f2fa9c4_prvsiyan_ptcg-ai-battle-static-deck-tusk-1208-v24,ON,361,second,win
tb_8f2fa9c4_prvsiyan_ptcg-ai-battle-static-deck-tusk-1208-v24,ON,362,first,loss
tb_8f2fa9c4_prvsiyan_ptcg-ai-battle-static-deck-tusk-1208-v24,ON,363,second,win
tb_8f2fa9c4_prvsiyan_ptcg-ai-battle-static-deck-tusk-1208-v24,ON,364,first,loss
tb_8f2fa9c4_prvsiyan_ptcg-ai-battle-static-deck-tusk-1208-v24,ON,365,second,loss
tb_8f2fa9c4_prvsiyan_ptcg-ai-battle-static-deck-tusk-1208-v24,ON,366,first,win
tb_8f2fa9c4_prvsiyan_ptcg-ai-battle-static-deck-tusk-1208-v24,ON,367,second,win
tb_8f2fa9c4_prvsiyan_ptcg-ai-battle-static-deck-tusk-1208-v24,ON,368,first,loss
tb_8f2fa9c4_prvsiyan_ptcg-ai-battle-static-deck-tusk-1208-v24,ON,369,second,loss
tb_8f2fa9c4_prvsiyan_ptcg-ai-battle-static-deck-tusk-1208-v24,ON,370,first,loss
tb_8f2fa9c4_prvsiyan_ptcg-ai-battle-static-deck-tusk-1208-v24,ON,371,second,loss
tb_8f2fa9c4_prvsiyan_ptcg-ai-battle-static-deck-tusk-1208-v24,ON,372,first,win
tb_8f2fa9c4_prvsiyan_ptcg-ai-battle-static-deck-tusk-1208-v24,ON,373,second,win
tb_8f2fa9c4_prvsiyan_ptcg-ai-battle-static-deck-tusk-1208-v24,ON,374,first,loss
tb_8f2fa9c4_prvsiyan_ptcg-ai-battle-static-deck-tusk-1208-v24,ON,375,second,loss
tb_8f2fa9c4_prvsiyan_ptcg-ai-battle-static-deck-tusk-1208-v24,ON,376,first,win
tb_8f2fa9c4_prvsiyan_ptcg-ai-battle-static-deck-tusk-1208-v24,ON,377,second,loss
tb_8f2fa9c4_prvsiyan_ptcg-ai-battle-static-deck-tusk-1208-v24,ON,378,first,loss
tb_8f2fa9c4_prvsiyan_ptcg-ai-battle-static-deck-tusk-1208-v24,ON,379,second,loss
tb_8f2fa9c4_prvsiyan_ptcg-ai-battle-static-deck-tusk-1208-v24,ON,380,first,loss
tb_8f2fa9c4_prvsiyan_ptcg-ai-battle-static-deck-tusk-1208-v24,ON,381,second,loss
tb_8f2fa9c4_prvsiyan_ptcg-ai-battle-static-deck-tusk-1208-v24,ON,382,first,win
tb_8f2fa9c4_prvsiyan_ptcg-ai-battle-static-deck-tusk-1208-v24,ON,383,second,win
tb_8f2fa9c4_prvsiyan_ptcg-ai-battle-static-deck-tusk-1208-v24,ON,384,first,win
tb_8f2fa9c4_prvsiyan_ptcg-ai-battle-static-deck-tusk-1208-v24,ON,385,second,win
tb_8f2fa9c4_prvsiyan_ptcg-ai-battle-static-deck-tusk-1208-v24,ON,386,first,win
tb_8f2fa9c4_prvsiyan_ptcg-ai-battle-static-deck-tusk-1208-v24,ON,387,second,win
tb_8f2fa9c4_prvsiyan_ptcg-ai-battle-static-deck-tusk-1208-v24,ON,388,first,loss
tb_8f2fa9c4_prvsiyan_ptcg-ai-battle-static-deck-tusk-1208-v24,ON,389,second,win
tb_8f2fa9c4_prvsiyan_ptcg-ai-battle-static-deck-tusk-1208-v24,ON,390,first,win
tb_8f2fa9c4_prvsiyan_ptcg-ai-battle-static-deck-tusk-1208-v24,ON,391,second,win
tb_8f2fa9c4_prvsiyan_ptcg-ai-battle-static-deck-tusk-1208-v24,ON,392,first,win
tb_8f2fa9c4_prvsiyan_ptcg-ai-battle-static-deck-tusk-1208-v24,ON,393,second,win
tb_8f2fa9c4_prvsiyan_ptcg-ai-battle-static-deck-tusk-1208-v24,ON,394,first,loss
tb_8f2fa9c4_prvsiyan_ptcg-ai-battle-static-deck-tusk-1208-v24,ON,395,second,loss
tb_8f2fa9c4_prvsiyan_ptcg-ai-battle-static-deck-tusk-1208-v24,ON,396,first,loss
tb_8f2fa9c4_prvsiyan_ptcg-ai-battle-static-deck-tusk-1208-v24,ON,397,second,loss
tb_8f2fa9c4_prvsiyan_ptcg-ai-battle-static-deck-tusk-1208-v24,ON,398,first,win
tb_8f2fa9c4_prvsiyan_ptcg-ai-battle-static-deck-tusk-1208-v24,ON,399,second,win
tb_8f2fa9c4_prvsiyan_ptcg-ai-battle-static-deck-tusk-1208-v24,ON,400,first,win
tb_8f2fa9c4_prvsiyan_ptcg-ai-battle-static-deck-tusk-1208-v24,ON,401,second,win
tb_8f2fa9c4_prvsiyan_ptcg-ai-battle-static-deck-tusk-1208-v24,ON,402,first,loss
tb_8f2fa9c4_prvsiyan_ptcg-ai-battle-static-deck-tusk-1208-v24,ON,403,second,loss
tb_8f2fa9c4_prvsiyan_ptcg-ai-battle-static-deck-tusk-1208-v24,ON,404,first,loss
tb_8f2fa9c4_prvsiyan_ptcg-ai-battle-static-deck-tusk-1208-v24,ON,405,second,win
tb_8f2fa9c4_prvsiyan_ptcg-ai-battle-static-deck-tusk-1208-v24,ON,406,first,loss
tb_8f2fa9c4_prvsiyan_ptcg-ai-battle-static-deck-tusk-1208-v24,ON,407,second,win
tb_8f2fa9c4_prvsiyan_ptcg-ai-battle-static-deck-tusk-1208-v24,ON,408,first,loss
tb_8f2fa9c4_prvsiyan_ptcg-ai-battle-static-deck-tusk-1208-v24,ON,409,second,win
tb_8f2fa9c4_prvsiyan_ptcg-ai-battle-static-deck-tusk-1208-v24,ON,410,first,win
tb_8f2fa9c4_prvsiyan_ptcg-ai-battle-static-deck-tusk-1208-v24,ON,411,second,loss
tb_8f2fa9c4_prvsiyan_ptcg-ai-battle-static-deck-tusk-1208-v24,ON,412,first,loss
tb_8f2fa9c4_prvsiyan_ptcg-ai-battle-static-deck-tusk-1208-v24,ON,413,second,win
tb_8f2fa9c4_prvsiyan_ptcg-ai-battle-static-deck-tusk-1208-v24,ON,414,first,loss
tb_8f2fa9c4_prvsiyan_ptcg-ai-battle-static-deck-tusk-1208-v24,ON,415,second,win
tb_8f2fa9c4_prvsiyan_ptcg-ai-battle-static-deck-tusk-1208-v24,ON,416,first,win
tb_8f2fa9c4_prvsiyan_ptcg-ai-battle-static-deck-tusk-1208-v24,ON,417,second,loss
tb_8f2fa9c4_prvsiyan_ptcg-ai-battle-static-deck-tusk-1208-v24,ON,418,first,win
tb_8f2fa9c4_prvsiyan_ptcg-ai-battle-static-deck-tusk-1208-v24,ON,419,second,win
tb_8f2fa9c4_prvsiyan_ptcg-ai-battle-static-deck-tusk-1208-v24,ON,420,first,loss
tb_8f2fa9c4_prvsiyan_ptcg-ai-battle-static-deck-tusk-1208-v24,ON,421,second,loss
tb_8f2fa9c4_prvsiyan_ptcg-ai-battle-static-deck-tusk-1208-v24,ON,422,first,win
tb_8f2fa9c4_prvsiyan_ptcg-ai-battle-static-deck-tusk-1208-v24,ON,423,second,loss
tb_8f2fa9c4_prvsiyan_ptcg-ai-battle-static-deck-tusk-1208-v24,ON,424,first,win
tb_8f2fa9c4_prvsiyan_ptcg-ai-battle-static-deck-tusk-1208-v24,ON,425,second,win
tb_8f2fa9c4_prvsiyan_ptcg-ai-battle-static-deck-tusk-1208-v24,ON,426,first,loss
tb_8f2fa9c4_prvsiyan_ptcg-ai-battle-static-deck-tusk-1208-v24,ON,427,second,win
tb_8f2fa9c4_prvsiyan_ptcg-ai-battle-static-deck-tusk-1208-v24,ON,428,first,loss
tb_8f2fa9c4_prvsiyan_ptcg-ai-battle-static-deck-tusk-1208-v24,ON,429,second,win
tb_8f2fa9c4_prvsiyan_ptcg-ai-battle-static-deck-tusk-1208-v24,ON,430,first,win
tb_8f2fa9c4_prvsiyan_ptcg-ai-battle-static-deck-tusk-1208-v24,ON,431,second,win
tb_8f2fa9c4_prvsiyan_ptcg-ai-battle-static-deck-tusk-1208-v24,ON,432,first,win
tb_8f2fa9c4_prvsiyan_ptcg-ai-battle-static-deck-tusk-1208-v24,ON,433,second,loss
tb_8f2fa9c4_prvsiyan_ptcg-ai-battle-static-deck-tusk-1208-v24,ON,434,first,loss
tb_8f2fa9c4_prvsiyan_ptcg-ai-battle-static-deck-tusk-1208-v24,ON,435,second,win
tb_8f2fa9c4_prvsiyan_ptcg-ai-battle-static-deck-tusk-1208-v24,ON,436,first,loss
tb_8f2fa9c4_prvsiyan_ptcg-ai-battle-static-deck-tusk-1208-v24,ON,437,second,loss
tb_8f2fa9c4_prvsiyan_ptcg-ai-battle-static-deck-tusk-1208-v24,ON,438,first,loss
tb_8f2fa9c4_prvsiyan_ptcg-ai-battle-static-deck-tusk-1208-v24,ON,439,second,loss
tb_8f2fa9c4_prvsiyan_ptcg-ai-battle-static-deck-tusk-1208-v24,ON,440,first,loss
tb_8f2fa9c4_prvsiyan_ptcg-ai-battle-static-deck-tusk-1208-v24,ON,441,second,loss
tb_8f2fa9c4_prvsiyan_ptcg-ai-battle-static-deck-tusk-1208-v24,ON,442,first,loss
tb_8f2fa9c4_prvsiyan_ptcg-ai-battle-static-deck-tusk-1208-v24,ON,443,second,loss
tb_8f2fa9c4_prvsiyan_ptcg-ai-battle-static-deck-tusk-1208-v24,ON,444,first,loss
tb_8f2fa9c4_prvsiyan_ptcg-ai-battle-static-deck-tusk-1208-v24,ON,445,second,win
tb_8f2fa9c4_prvsiyan_ptcg-ai-battle-static-deck-tusk-1208-v24,ON,446,first,loss
tb_8f2fa9c4_prvsiyan_ptcg-ai-battle-static-deck-tusk-1208-v24,ON,447,second,loss
tb_8f2fa9c4_prvsiyan_ptcg-ai-battle-static-deck-tusk-1208-v24,ON,448,first,win
tb_8f2fa9c4_prvsiyan_ptcg-ai-battle-static-deck-tusk-1208-v24,ON,449,second,loss
tb_8f2fa9c4_prvsiyan_ptcg-ai-battle-static-deck-tusk-1208-v24,ON,450,first,loss
tb_8f2fa9c4_prvsiyan_ptcg-ai-battle-static-deck-tusk-1208-v24,ON,451,second,loss
tb_8f2fa9c4_prvsiyan_ptcg-ai-battle-static-deck-tusk-1208-v24,ON,452,first,loss
tb_8f2fa9c4_prvsiyan_ptcg-ai-battle-static-deck-tusk-1208-v24,ON,453,second,loss
tb_8f2fa9c4_prvsiyan_ptcg-ai-battle-static-deck-tusk-1208-v24,ON,454,first,loss
tb_8f2fa9c4_prvsiyan_ptcg-ai-battle-static-deck-tusk-1208-v24,ON,455,second,loss
tb_8f2fa9c4_prvsiyan_ptcg-ai-battle-static-deck-tusk-1208-v24,ON,456,first,loss
tb_8f2fa9c4_prvsiyan_ptcg-ai-battle-static-deck-tusk-1208-v24,ON,457,second,win
tb_8f2fa9c4_prvsiyan_ptcg-ai-battle-static-deck-tusk-1208-v24,ON,458,first,loss
tb_8f2fa9c4_prvsiyan_ptcg-ai-battle-static-deck-tusk-1208-v24,ON,459,second,loss
tb_8f2fa9c4_prvsiyan_ptcg-ai-battle-static-deck-tusk-1208-v24,ON,460,first,win
tb_8f2fa9c4_prvsiyan_ptcg-ai-battle-static-deck-tusk-1208-v24,ON,461,second,win
tb_8f2fa9c4_prvsiyan_ptcg-ai-battle-static-deck-tusk-1208-v24,ON,462,first,loss
tb_8f2fa9c4_prvsiyan_ptcg-ai-battle-static-deck-tusk-1208-v24,ON,463,second,loss
tb_8f2fa9c4_prvsiyan_ptcg-ai-battle-static-deck-tusk-1208-v24,ON,464,first,loss
tb_8f2fa9c4_prvsiyan_ptcg-ai-battle-static-deck-tusk-1208-v24,ON,465,second,loss
tb_8f2fa9c4_prvsiyan_ptcg-ai-battle-static-deck-tusk-1208-v24,ON,466,first,loss
tb_8f2fa9c4_prvsiyan_ptcg-ai-battle-static-deck-tusk-1208-v24,ON,467,second,loss
tb_8f2fa9c4_prvsiyan_ptcg-ai-battle-static-deck-tusk-1208-v24,ON,468,first,win
tb_8f2fa9c4_prvsiyan_ptcg-ai-battle-static-deck-tusk-1208-v24,ON,469,second,loss
tb_8f2fa9c4_prvsiyan_ptcg-ai-battle-static-deck-tusk-1208-v24,ON,470,first,win
tb_8f2fa9c4_prvsiyan_ptcg-ai-battle-static-deck-tusk-1208-v24,ON,471,second,loss
tb_8f2fa9c4_prvsiyan_ptcg-ai-battle-static-deck-tusk-1208-v24,ON,472,first,win
tb_8f2fa9c4_prvsiyan_ptcg-ai-battle-static-deck-tusk-1208-v24,ON,473,second,loss
tb_8f2fa9c4_prvsiyan_ptcg-ai-battle-static-deck-tusk-1208-v24,ON,474,first,loss
tb_8f2fa9c4_prvsiyan_ptcg-ai-battle-static-deck-tusk-1208-v24,ON,475,second,win
tb_8f2fa9c4_prvsiyan_ptcg-ai-battle-static-deck-tusk-1208-v24,ON,476,first,win
tb_8f2fa9c4_prvsiyan_ptcg-ai-battle-static-deck-tusk-1208-v24,ON,477,second,win
tb_8f2fa9c4_prvsiyan_ptcg-ai-battle-static-deck-tusk-1208-v24,ON,478,first,loss
tb_8f2fa9c4_prvsiyan_ptcg-ai-battle-static-deck-tusk-1208-v24,ON,479,second,win
tb_8f2fa9c4_prvsiyan_ptcg-ai-battle-static-deck-tusk-1208-v24,ON,480,first,win
tb_8f2fa9c4_prvsiyan_ptcg-ai-battle-static-deck-tusk-1208-v24,ON,481,second,loss
tb_8f2fa9c4_prvsiyan_ptcg-ai-battle-static-deck-tusk-1208-v24,ON,482,first,loss
tb_8f2fa9c4_prvsiyan_ptcg-ai-battle-static-deck-tusk-1208-v24,ON,483,second,loss
tb_8f2fa9c4_prvsiyan_ptcg-ai-battle-static-deck-tusk-1208-v24,ON,484,first,win
tb_8f2fa9c4_prvsiyan_ptcg-ai-battle-static-deck-tusk-1208-v24,ON,485,second,win
tb_8f2fa9c4_prvsiyan_ptcg-ai-battle-static-deck-tusk-1208-v24,ON,486,first,loss
tb_8f2fa9c4_prvsiyan_ptcg-ai-battle-static-deck-tusk-1208-v24,ON,487,second,win
tb_8f2fa9c4_prvsiyan_ptcg-ai-battle-static-deck-tusk-1208-v24,ON,488,first,loss
tb_8f2fa9c4_prvsiyan_ptcg-ai-battle-static-deck-tusk-1208-v24,ON,489,second,win
tb_8f2fa9c4_prvsiyan_ptcg-ai-battle-static-deck-tusk-1208-v24,ON,490,first,loss
tb_8f2fa9c4_prvsiyan_ptcg-ai-battle-static-deck-tusk-1208-v24,ON,491,second,loss
tb_8f2fa9c4_prvsiyan_ptcg-ai-battle-static-deck-tusk-1208-v24,ON,492,first,win
tb_8f2fa9c4_prvsiyan_ptcg-ai-battle-static-deck-tusk-1208-v24,ON,493,second,win
tb_8f2fa9c4_prvsiyan_ptcg-ai-battle-static-deck-tusk-1208-v24,ON,494,first,win
tb_8f2fa9c4_prvsiyan_ptcg-ai-battle-static-deck-tusk-1208-v24,ON,495,second,loss
tb_8f2fa9c4_prvsiyan_ptcg-ai-battle-static-deck-tusk-1208-v24,ON,496,first,loss
tb_8f2fa9c4_prvsiyan_ptcg-ai-battle-static-deck-tusk-1208-v24,ON,497,second,win
tb_8f2fa9c4_prvsiyan_ptcg-ai-battle-static-deck-tusk-1208-v24,ON,498,first,loss
tb_8f2fa9c4_prvsiyan_ptcg-ai-battle-static-deck-tusk-1208-v24,ON,499,second,loss
tb_8f2fa9c4_prvsiyan_ptcg-ai-battle-static-deck-tusk-1208-v24,ON,500,first,loss
tb_8f2fa9c4_prvsiyan_ptcg-ai-battle-static-deck-tusk-1208-v24,ON,501,second,win
tb_8f2fa9c4_prvsiyan_ptcg-ai-battle-static-deck-tusk-1208-v24,ON,502,first,loss
tb_8f2fa9c4_prvsiyan_ptcg-ai-battle-static-deck-tusk-1208-v24,ON,503,second,win
tb_8f2fa9c4_prvsiyan_ptcg-ai-battle-static-deck-tusk-1208-v24,ON,504,first,win
tb_8f2fa9c4_prvsiyan_ptcg-ai-battle-static-deck-tusk-1208-v24,ON,505,second,win
tb_8f2fa9c4_prvsiyan_ptcg-ai-battle-static-deck-tusk-1208-v24,ON,506,first,win
tb_8f2fa9c4_prvsiyan_ptcg-ai-battle-static-deck-tusk-1208-v24,ON,507,second,loss
tb_8f2fa9c4_prvsiyan_ptcg-ai-battle-static-deck-tusk-1208-v24,ON,508,first,win
tb_8f2fa9c4_prvsiyan_ptcg-ai-battle-static-deck-tusk-1208-v24,ON,509,second,win
tb_8f2fa9c4_prvsiyan_ptcg-ai-battle-static-deck-tusk-1208-v24,ON,510,first,loss
tb_8f2fa9c4_prvsiyan_ptcg-ai-battle-static-deck-tusk-1208-v24,ON,511,second,loss
tb_8f2fa9c4_prvsiyan_ptcg-ai-battle-static-deck-tusk-1208-v24,ON,512,first,loss
tb_8f2fa9c4_prvsiyan_ptcg-ai-battle-static-deck-tusk-1208-v24,ON,513,second,win
tb_8f2fa9c4_prvsiyan_ptcg-ai-battle-static-deck-tusk-1208-v24,ON,514,first,win
tb_8f2fa9c4_prvsiyan_ptcg-ai-battle-static-deck-tusk-1208-v24,ON,515,second,win
tb_8f2fa9c4_prvsiyan_ptcg-ai-battle-static-deck-tusk-1208-v24,ON,516,first,win
tb_8f2fa9c4_prvsiyan_ptcg-ai-battle-static-deck-tusk-1208-v24,ON,517,second,loss
tb_8f2fa9c4_prvsiyan_ptcg-ai-battle-static-deck-tusk-1208-v24,ON,518,first,loss
tb_8f2fa9c4_prvsiyan_ptcg-ai-battle-static-deck-tusk-1208-v24,ON,519,second,win
tb_8f2fa9c4_prvsiyan_ptcg-ai-battle-static-deck-tusk-1208-v24,ON,520,first,loss
tb_8f2fa9c4_prvsiyan_ptcg-ai-battle-static-deck-tusk-1208-v24,ON,521,second,loss
tb_8f2fa9c4_prvsiyan_ptcg-ai-battle-static-deck-tusk-1208-v24,ON,522,first,loss
tb_8f2fa9c4_prvsiyan_ptcg-ai-battle-static-deck-tusk-1208-v24,ON,523,second,loss
tb_8f2fa9c4_prvsiyan_ptcg-ai-battle-static-deck-tusk-1208-v24,ON,524,first,win
tb_8f2fa9c4_prvsiyan_ptcg-ai-battle-static-deck-tusk-1208-v24,ON,525,second,win
tb_8f2fa9c4_prvsiyan_ptcg-ai-battle-static-deck-tusk-1208-v24,ON,526,first,win
tb_8f2fa9c4_prvsiyan_ptcg-ai-battle-static-deck-tusk-1208-v24,ON,527,second,win
tb_8f2fa9c4_prvsiyan_ptcg-ai-battle-static-deck-tusk-1208-v24,ON,528,first,win
tb_8f2fa9c4_prvsiyan_ptcg-ai-battle-static-deck-tusk-1208-v24,ON,529,second,loss
tb_8f2fa9c4_prvsiyan_ptcg-ai-battle-static-deck-tusk-1208-v24,ON,530,first,win
tb_8f2fa9c4_prvsiyan_ptcg-ai-battle-static-deck-tusk-1208-v24,ON,531,second,loss
tb_8f2fa9c4_prvsiyan_ptcg-ai-battle-static-deck-tusk-1208-v24,ON,532,first,loss
tb_8f2fa9c4_prvsiyan_ptcg-ai-battle-static-deck-tusk-1208-v24,ON,533,second,loss
tb_8f2fa9c4_prvsiyan_ptcg-ai-battle-static-deck-tusk-1208-v24,ON,534,first,loss
tb_8f2fa9c4_prvsiyan_ptcg-ai-battle-static-deck-tusk-1208-v24,ON,535,second,win
tb_8f2fa9c4_prvsiyan_ptcg-ai-battle-static-deck-tusk-1208-v24,ON,536,first,win
tb_8f2fa9c4_prvsiyan_ptcg-ai-battle-static-deck-tusk-1208-v24,ON,537,second,loss
tb_8f2fa9c4_prvsiyan_ptcg-ai-battle-static-deck-tusk-1208-v24,ON,538,first,win
tb_8f2fa9c4_prvsiyan_ptcg-ai-battle-static-deck-tusk-1208-v24,ON,539,second,loss
tb_8f2fa9c4_prvsiyan_ptcg-ai-battle-static-deck-tusk-1208-v24,ON,540,first,loss
tb_8f2fa9c4_prvsiyan_ptcg-ai-battle-static-deck-tusk-1208-v24,ON,541,second,win
tb_8f2fa9c4_prvsiyan_ptcg-ai-battle-static-deck-tusk-1208-v24,ON,542,first,loss
tb_8f2fa9c4_prvsiyan_ptcg-ai-battle-static-deck-tusk-1208-v24,ON,543,second,loss
tb_8f2fa9c4_prvsiyan_ptcg-ai-battle-static-deck-tusk-1208-v24,ON,544,first,win
tb_8f2fa9c4_prvsiyan_ptcg-ai-battle-static-deck-tusk-1208-v24,ON,545,second,loss
tb_8f2fa9c4_prvsiyan_ptcg-ai-battle-static-deck-tusk-1208-v24,ON,546,first,win
tb_8f2fa9c4_prvsiyan_ptcg-ai-battle-static-deck-tusk-1208-v24,ON,547,second,loss
tb_8f2fa9c4_prvsiyan_ptcg-ai-battle-static-deck-tusk-1208-v24,ON,548,first,loss
tb_8f2fa9c4_prvsiyan_ptcg-ai-battle-static-deck-tusk-1208-v24,ON,549,second,loss
tb_8f2fa9c4_prvsiyan_ptcg-ai-battle-static-deck-tusk-1208-v24,ON,550,first,loss
tb_8f2fa9c4_prvsiyan_ptcg-ai-battle-static-deck-tusk-1208-v24,ON,551,second,win
tb_8f2fa9c4_prvsiyan_ptcg-ai-battle-static-deck-tusk-1208-v24,ON,552,first,win
tb_8f2fa9c4_prvsiyan_ptcg-ai-battle-static-deck-tusk-1208-v24,ON,553,second,win
tb_8f2fa9c4_prvsiyan_ptcg-ai-battle-static-deck-tusk-1208-v24,ON,554,first,win
tb_8f2fa9c4_prvsiyan_ptcg-ai-battle-static-deck-tusk-1208-v24,ON,555,second,loss
tb_8f2fa9c4_prvsiyan_ptcg-ai-battle-static-deck-tusk-1208-v24,ON,556,first,win
tb_8f2fa9c4_prvsiyan_ptcg-ai-battle-static-deck-tusk-1208-v24,ON,557,second,loss
tb_8f2fa9c4_prvsiyan_ptcg-ai-battle-static-deck-tusk-1208-v24,ON,558,first,loss
tb_8f2fa9c4_prvsiyan_ptcg-ai-battle-static-deck-tusk-1208-v24,ON,559,second,win
tb_8f2fa9c4_prvsiyan_ptcg-ai-battle-static-deck-tusk-1208-v24,ON,560,first,win
tb_8f2fa9c4_prvsiyan_ptcg-ai-battle-static-deck-tusk-1208-v24,ON,561,second,win
tb_8f2fa9c4_prvsiyan_ptcg-ai-battle-static-deck-tusk-1208-v24,ON,562,first,loss
tb_8f2fa9c4_prvsiyan_ptcg-ai-battle-static-deck-tusk-1208-v24,ON,563,second,loss
tb_8f2fa9c4_prvsiyan_ptcg-ai-battle-static-deck-tusk-1208-v24,ON,564,first,win
tb_8f2fa9c4_prvsiyan_ptcg-ai-battle-static-deck-tusk-1208-v24,ON,565,second,win
tb_8f2fa9c4_prvsiyan_ptcg-ai-battle-static-deck-tusk-1208-v24,ON,566,first,win
tb_8f2fa9c4_prvsiyan_ptcg-ai-battle-static-deck-tusk-1208-v24,ON,567,second,win
tb_8f2fa9c4_prvsiyan_ptcg-ai-battle-static-deck-tusk-1208-v24,ON,568,first,loss
tb_8f2fa9c4_prvsiyan_ptcg-ai-battle-static-deck-tusk-1208-v24,ON,569,second,loss
tb_8f2fa9c4_prvsiyan_ptcg-ai-battle-static-deck-tusk-1208-v24,ON,570,first,win
tb_8f2fa9c4_prvsiyan_ptcg-ai-battle-static-deck-tusk-1208-v24,ON,571,second,loss
tb_8f2fa9c4_prvsiyan_ptcg-ai-battle-static-deck-tusk-1208-v24,ON,572,first,win
tb_8f2fa9c4_prvsiyan_ptcg-ai-battle-static-deck-tusk-1208-v24,ON,573,second,win
tb_8f2fa9c4_prvsiyan_ptcg-ai-battle-static-deck-tusk-1208-v24,ON,574,first,loss
tb_8f2fa9c4_prvsiyan_ptcg-ai-battle-static-deck-tusk-1208-v24,ON,575,second,win
tb_8f2fa9c4_prvsiyan_ptcg-ai-battle-static-deck-tusk-1208-v24,ON,576,first,win
tb_8f2fa9c4_prvsiyan_ptcg-ai-battle-static-deck-tusk-1208-v24,ON,577,second,loss
tb_8f2fa9c4_prvsiyan_ptcg-ai-battle-static-deck-tusk-1208-v24,ON,578,first,win
tb_8f2fa9c4_prvsiyan_ptcg-ai-battle-static-deck-tusk-1208-v24,ON,579,second,win
tb_8f2fa9c4_prvsiyan_ptcg-ai-battle-static-deck-tusk-1208-v24,ON,580,first,loss
tb_8f2fa9c4_prvsiyan_ptcg-ai-battle-static-deck-tusk-1208-v24,ON,581,second,loss
tb_8f2fa9c4_prvsiyan_ptcg-ai-battle-static-deck-tusk-1208-v24,ON,582,first,loss
tb_8f2fa9c4_prvsiyan_ptcg-ai-battle-static-deck-tusk-1208-v24,ON,583,second,loss
tb_8f2fa9c4_prvsiyan_ptcg-ai-battle-static-deck-tusk-1208-v24,ON,584,first,loss
tb_8f2fa9c4_prvsiyan_ptcg-ai-battle-static-deck-tusk-1208-v24,ON,585,second,loss
tb_8f2fa9c4_prvsiyan_ptcg-ai-battle-static-deck-tusk-1208-v24,ON,586,first,win
tb_8f2fa9c4_prvsiyan_ptcg-ai-battle-static-deck-tusk-1208-v24,ON,587,second,win
tb_8f2fa9c4_prvsiyan_ptcg-ai-battle-static-deck-tusk-1208-v24,ON,588,first,loss
tb_8f2fa9c4_prvsiyan_ptcg-ai-battle-static-deck-tusk-1208-v24,ON,589,second,win
tb_8f2fa9c4_prvsiyan_ptcg-ai-battle-static-deck-tusk-1208-v24,ON,590,first,loss
tb_8f2fa9c4_prvsiyan_ptcg-ai-battle-static-deck-tusk-1208-v24,ON,591,second,loss
tb_8f2fa9c4_prvsiyan_ptcg-ai-battle-static-deck-tusk-1208-v24,ON,592,first,loss
tb_8f2fa9c4_prvsiyan_ptcg-ai-battle-static-deck-tusk-1208-v24,ON,593,second,win
tb_8f2fa9c4_prvsiyan_ptcg-ai-battle-static-deck-tusk-1208-v24,ON,594,first,win
tb_8f2fa9c4_prvsiyan_ptcg-ai-battle-static-deck-tusk-1208-v24,ON,595,second,win
tb_8f2fa9c4_prvsiyan_ptcg-ai-battle-static-deck-tusk-1208-v24,ON,596,first,win
tb_8f2fa9c4_prvsiyan_ptcg-ai-battle-static-deck-tusk-1208-v24,ON,597,second,loss
tb_8f2fa9c4_prvsiyan_ptcg-ai-battle-static-deck-tusk-1208-v24,ON,598,first,win
tb_8f2fa9c4_prvsiyan_ptcg-ai-battle-static-deck-tusk-1208-v24,ON,599,second,win
tb_39927049_dedquoc_the-pok-mon-rule-based-engine,OFF,0,first,win
tb_39927049_dedquoc_the-pok-mon-rule-based-engine,OFF,1,second,win
tb_39927049_dedquoc_the-pok-mon-rule-based-engine,OFF,2,first,loss
tb_39927049_dedquoc_the-pok-mon-rule-based-engine,OFF,3,second,win
tb_39927049_dedquoc_the-pok-mon-rule-based-engine,OFF,4,first,win
tb_39927049_dedquoc_the-pok-mon-rule-based-engine,OFF,5,second,win
tb_39927049_dedquoc_the-pok-mon-rule-based-engine,OFF,6,first,win
tb_39927049_dedquoc_the-pok-mon-rule-based-engine,OFF,7,second,win
tb_39927049_dedquoc_the-pok-mon-rule-based-engine,OFF,8,first,win
tb_39927049_dedquoc_the-pok-mon-rule-based-engine,OFF,9,second,win
tb_39927049_dedquoc_the-pok-mon-rule-based-engine,OFF,10,first,win
tb_39927049_dedquoc_the-pok-mon-rule-based-engine,OFF,11,second,win
tb_39927049_dedquoc_the-pok-mon-rule-based-engine,OFF,12,first,win
tb_39927049_dedquoc_the-pok-mon-rule-based-engine,OFF,13,second,win
tb_39927049_dedquoc_the-pok-mon-rule-based-engine,OFF,14,first,win
tb_39927049_dedquoc_the-pok-mon-rule-based-engine,OFF,15,second,win
tb_39927049_dedquoc_the-pok-mon-rule-based-engine,OFF,16,first,win
tb_39927049_dedquoc_the-pok-mon-rule-based-engine,OFF,17,second,win
tb_39927049_dedquoc_the-pok-mon-rule-based-engine,OFF,18,first,win
tb_39927049_dedquoc_the-pok-mon-rule-based-engine,OFF,19,second,win
tb_39927049_dedquoc_the-pok-mon-rule-based-engine,OFF,20,first,win
tb_39927049_dedquoc_the-pok-mon-rule-based-engine,OFF,21,second,win
tb_39927049_dedquoc_the-pok-mon-rule-based-engine,OFF,22,first,win
tb_39927049_dedquoc_the-pok-mon-rule-based-engine,OFF,23,second,win
tb_39927049_dedquoc_the-pok-mon-rule-based-engine,OFF,24,first,win
tb_39927049_dedquoc_the-pok-mon-rule-based-engine,OFF,25,second,win
tb_39927049_dedquoc_the-pok-mon-rule-based-engine,OFF,26,first,win
tb_39927049_dedquoc_the-pok-mon-rule-based-engine,OFF,27,second,win
tb_39927049_dedquoc_the-pok-mon-rule-based-engine,OFF,28,first,win
tb_39927049_dedquoc_the-pok-mon-rule-based-engine,OFF,29,second,win
tb_39927049_dedquoc_the-pok-mon-rule-based-engine,OFF,30,first,loss
tb_39927049_dedquoc_the-pok-mon-rule-based-engine,OFF,31,second,win
tb_39927049_dedquoc_the-pok-mon-rule-based-engine,OFF,32,first,win
tb_39927049_dedquoc_the-pok-mon-rule-based-engine,OFF,33,second,win
tb_39927049_dedquoc_the-pok-mon-rule-based-engine,OFF,34,first,win
tb_39927049_dedquoc_the-pok-mon-rule-based-engine,OFF,35,second,win
tb_39927049_dedquoc_the-pok-mon-rule-based-engine,OFF,36,first,win
tb_39927049_dedquoc_the-pok-mon-rule-based-engine,OFF,37,second,win
tb_39927049_dedquoc_the-pok-mon-rule-based-engine,OFF,38,first,win
tb_39927049_dedquoc_the-pok-mon-rule-based-engine,OFF,39,second,win
tb_39927049_dedquoc_the-pok-mon-rule-based-engine,OFF,40,first,win
tb_39927049_dedquoc_the-pok-mon-rule-based-engine,OFF,41,second,win
tb_39927049_dedquoc_the-pok-mon-rule-based-engine,OFF,42,first,win
tb_39927049_dedquoc_the-pok-mon-rule-based-engine,OFF,43,second,win
tb_39927049_dedquoc_the-pok-mon-rule-based-engine,OFF,44,first,win
tb_39927049_dedquoc_the-pok-mon-rule-based-engine,OFF,45,second,win
tb_39927049_dedquoc_the-pok-mon-rule-based-engine,OFF,46,first,win
tb_39927049_dedquoc_the-pok-mon-rule-based-engine,OFF,47,second,win
tb_39927049_dedquoc_the-pok-mon-rule-based-engine,OFF,48,first,win
tb_39927049_dedquoc_the-pok-mon-rule-based-engine,OFF,49,second,win
tb_39927049_dedquoc_the-pok-mon-rule-based-engine,OFF,50,first,win
tb_39927049_dedquoc_the-pok-mon-rule-based-engine,OFF,51,second,win
tb_39927049_dedquoc_the-pok-mon-rule-based-engine,OFF,52,first,win
tb_39927049_dedquoc_the-pok-mon-rule-based-engine,OFF,53,second,loss
tb_39927049_dedquoc_the-pok-mon-rule-based-engine,OFF,54,first,win
tb_39927049_dedquoc_the-pok-mon-rule-based-engine,OFF,55,second,win
tb_39927049_dedquoc_the-pok-mon-rule-based-engine,OFF,56,first,win
tb_39927049_dedquoc_the-pok-mon-rule-based-engine,OFF,57,second,win
tb_39927049_dedquoc_the-pok-mon-rule-based-engine,OFF,58,first,win
tb_39927049_dedquoc_the-pok-mon-rule-based-engine,OFF,59,second,win
tb_39927049_dedquoc_the-pok-mon-rule-based-engine,OFF,60,first,win
tb_39927049_dedquoc_the-pok-mon-rule-based-engine,OFF,61,second,win
tb_39927049_dedquoc_the-pok-mon-rule-based-engine,OFF,62,first,win
tb_39927049_dedquoc_the-pok-mon-rule-based-engine,OFF,63,second,win
tb_39927049_dedquoc_the-pok-mon-rule-based-engine,OFF,64,first,win
tb_39927049_dedquoc_the-pok-mon-rule-based-engine,OFF,65,second,win
tb_39927049_dedquoc_the-pok-mon-rule-based-engine,OFF,66,first,win
tb_39927049_dedquoc_the-pok-mon-rule-based-engine,OFF,67,second,win
tb_39927049_dedquoc_the-pok-mon-rule-based-engine,OFF,68,first,win
tb_39927049_dedquoc_the-pok-mon-rule-based-engine,OFF,69,second,win
tb_39927049_dedquoc_the-pok-mon-rule-based-engine,OFF,70,first,win
tb_39927049_dedquoc_the-pok-mon-rule-based-engine,OFF,71,second,win
tb_39927049_dedquoc_the-pok-mon-rule-based-engine,OFF,72,first,win
tb_39927049_dedquoc_the-pok-mon-rule-based-engine,OFF,73,second,win
tb_39927049_dedquoc_the-pok-mon-rule-based-engine,OFF,74,first,win
tb_39927049_dedquoc_the-pok-mon-rule-based-engine,OFF,75,second,win
tb_39927049_dedquoc_the-pok-mon-rule-based-engine,OFF,76,first,win
tb_39927049_dedquoc_the-pok-mon-rule-based-engine,OFF,77,second,win
tb_39927049_dedquoc_the-pok-mon-rule-based-engine,OFF,78,first,win
tb_39927049_dedquoc_the-pok-mon-rule-based-engine,OFF,79,second,win
tb_39927049_dedquoc_the-pok-mon-rule-based-engine,OFF,80,first,loss
tb_39927049_dedquoc_the-pok-mon-rule-based-engine,OFF,81,second,win
tb_39927049_dedquoc_the-pok-mon-rule-based-engine,OFF,82,first,win
tb_39927049_dedquoc_the-pok-mon-rule-based-engine,OFF,83,second,win
tb_39927049_dedquoc_the-pok-mon-rule-based-engine,OFF,84,first,win
tb_39927049_dedquoc_the-pok-mon-rule-based-engine,OFF,85,second,win
tb_39927049_dedquoc_the-pok-mon-rule-based-engine,OFF,86,first,win
tb_39927049_dedquoc_the-pok-mon-rule-based-engine,OFF,87,second,win
tb_39927049_dedquoc_the-pok-mon-rule-based-engine,OFF,88,first,win
tb_39927049_dedquoc_the-pok-mon-rule-based-engine,OFF,89,second,win
tb_39927049_dedquoc_the-pok-mon-rule-based-engine,OFF,90,first,win
tb_39927049_dedquoc_the-pok-mon-rule-based-engine,OFF,91,second,win
tb_39927049_dedquoc_the-pok-mon-rule-based-engine,OFF,92,first,win
tb_39927049_dedquoc_the-pok-mon-rule-based-engine,OFF,93,second,win
tb_39927049_dedquoc_the-pok-mon-rule-based-engine,OFF,94,first,win
tb_39927049_dedquoc_the-pok-mon-rule-based-engine,OFF,95,second,win
tb_39927049_dedquoc_the-pok-mon-rule-based-engine,OFF,96,first,win
tb_39927049_dedquoc_the-pok-mon-rule-based-engine,OFF,97,second,win
tb_39927049_dedquoc_the-pok-mon-rule-based-engine,OFF,98,first,win
tb_39927049_dedquoc_the-pok-mon-rule-based-engine,OFF,99,second,win
tb_39927049_dedquoc_the-pok-mon-rule-based-engine,OFF,100,first,win
tb_39927049_dedquoc_the-pok-mon-rule-based-engine,OFF,101,second,win
tb_39927049_dedquoc_the-pok-mon-rule-based-engine,OFF,102,first,win
tb_39927049_dedquoc_the-pok-mon-rule-based-engine,OFF,103,second,win
tb_39927049_dedquoc_the-pok-mon-rule-based-engine,OFF,104,first,win
tb_39927049_dedquoc_the-pok-mon-rule-based-engine,OFF,105,second,win
tb_39927049_dedquoc_the-pok-mon-rule-based-engine,OFF,106,first,win
tb_39927049_dedquoc_the-pok-mon-rule-based-engine,OFF,107,second,win
tb_39927049_dedquoc_the-pok-mon-rule-based-engine,OFF,108,first,win
tb_39927049_dedquoc_the-pok-mon-rule-based-engine,OFF,109,second,win
tb_39927049_dedquoc_the-pok-mon-rule-based-engine,OFF,110,first,win
tb_39927049_dedquoc_the-pok-mon-rule-based-engine,OFF,111,second,win
tb_39927049_dedquoc_the-pok-mon-rule-based-engine,OFF,112,first,win
tb_39927049_dedquoc_the-pok-mon-rule-based-engine,OFF,113,second,win
tb_39927049_dedquoc_the-pok-mon-rule-based-engine,OFF,114,first,win
tb_39927049_dedquoc_the-pok-mon-rule-based-engine,OFF,115,second,win
tb_39927049_dedquoc_the-pok-mon-rule-based-engine,OFF,116,first,win
tb_39927049_dedquoc_the-pok-mon-rule-based-engine,OFF,117,second,win
tb_39927049_dedquoc_the-pok-mon-rule-based-engine,OFF,118,first,win
tb_39927049_dedquoc_the-pok-mon-rule-based-engine,OFF,119,second,win
tb_39927049_dedquoc_the-pok-mon-rule-based-engine,OFF,120,first,win
tb_39927049_dedquoc_the-pok-mon-rule-based-engine,OFF,121,second,win
tb_39927049_dedquoc_the-pok-mon-rule-based-engine,OFF,122,first,win
tb_39927049_dedquoc_the-pok-mon-rule-based-engine,OFF,123,second,loss
tb_39927049_dedquoc_the-pok-mon-rule-based-engine,OFF,124,first,win
tb_39927049_dedquoc_the-pok-mon-rule-based-engine,OFF,125,second,win
tb_39927049_dedquoc_the-pok-mon-rule-based-engine,OFF,126,first,win
tb_39927049_dedquoc_the-pok-mon-rule-based-engine,OFF,127,second,win
tb_39927049_dedquoc_the-pok-mon-rule-based-engine,OFF,128,first,win
tb_39927049_dedquoc_the-pok-mon-rule-based-engine,OFF,129,second,win
tb_39927049_dedquoc_the-pok-mon-rule-based-engine,OFF,130,first,win
tb_39927049_dedquoc_the-pok-mon-rule-based-engine,OFF,131,second,win
tb_39927049_dedquoc_the-pok-mon-rule-based-engine,OFF,132,first,win
tb_39927049_dedquoc_the-pok-mon-rule-based-engine,OFF,133,second,win
tb_39927049_dedquoc_the-pok-mon-rule-based-engine,OFF,134,first,win
tb_39927049_dedquoc_the-pok-mon-rule-based-engine,OFF,135,second,win
tb_39927049_dedquoc_the-pok-mon-rule-based-engine,OFF,136,first,win
tb_39927049_dedquoc_the-pok-mon-rule-based-engine,OFF,137,second,win
tb_39927049_dedquoc_the-pok-mon-rule-based-engine,OFF,138,first,win
tb_39927049_dedquoc_the-pok-mon-rule-based-engine,OFF,139,second,win
tb_39927049_dedquoc_the-pok-mon-rule-based-engine,OFF,140,first,win
tb_39927049_dedquoc_the-pok-mon-rule-based-engine,OFF,141,second,win
tb_39927049_dedquoc_the-pok-mon-rule-based-engine,OFF,142,first,win
tb_39927049_dedquoc_the-pok-mon-rule-based-engine,OFF,143,second,win
tb_39927049_dedquoc_the-pok-mon-rule-based-engine,OFF,144,first,win
tb_39927049_dedquoc_the-pok-mon-rule-based-engine,OFF,145,second,win
tb_39927049_dedquoc_the-pok-mon-rule-based-engine,OFF,146,first,win
tb_39927049_dedquoc_the-pok-mon-rule-based-engine,OFF,147,second,win
tb_39927049_dedquoc_the-pok-mon-rule-based-engine,OFF,148,first,win
tb_39927049_dedquoc_the-pok-mon-rule-based-engine,OFF,149,second,win
tb_39927049_dedquoc_the-pok-mon-rule-based-engine,OFF,150,first,loss
tb_39927049_dedquoc_the-pok-mon-rule-based-engine,OFF,151,second,win
tb_39927049_dedquoc_the-pok-mon-rule-based-engine,OFF,152,first,loss
tb_39927049_dedquoc_the-pok-mon-rule-based-engine,OFF,153,second,win
tb_39927049_dedquoc_the-pok-mon-rule-based-engine,OFF,154,first,win
tb_39927049_dedquoc_the-pok-mon-rule-based-engine,OFF,155,second,win
tb_39927049_dedquoc_the-pok-mon-rule-based-engine,OFF,156,first,win
tb_39927049_dedquoc_the-pok-mon-rule-based-engine,OFF,157,second,win
tb_39927049_dedquoc_the-pok-mon-rule-based-engine,OFF,158,first,win
tb_39927049_dedquoc_the-pok-mon-rule-based-engine,OFF,159,second,win
tb_39927049_dedquoc_the-pok-mon-rule-based-engine,OFF,160,first,win
tb_39927049_dedquoc_the-pok-mon-rule-based-engine,OFF,161,second,win
tb_39927049_dedquoc_the-pok-mon-rule-based-engine,OFF,162,first,win
tb_39927049_dedquoc_the-pok-mon-rule-based-engine,OFF,163,second,win
tb_39927049_dedquoc_the-pok-mon-rule-based-engine,OFF,164,first,win
tb_39927049_dedquoc_the-pok-mon-rule-based-engine,OFF,165,second,win
tb_39927049_dedquoc_the-pok-mon-rule-based-engine,OFF,166,first,win
tb_39927049_dedquoc_the-pok-mon-rule-based-engine,OFF,167,second,win
tb_39927049_dedquoc_the-pok-mon-rule-based-engine,OFF,168,first,win
tb_39927049_dedquoc_the-pok-mon-rule-based-engine,OFF,169,second,win
tb_39927049_dedquoc_the-pok-mon-rule-based-engine,OFF,170,first,win
tb_39927049_dedquoc_the-pok-mon-rule-based-engine,OFF,171,second,win
tb_39927049_dedquoc_the-pok-mon-rule-based-engine,OFF,172,first,win
tb_39927049_dedquoc_the-pok-mon-rule-based-engine,OFF,173,second,win
tb_39927049_dedquoc_the-pok-mon-rule-based-engine,OFF,174,first,win
tb_39927049_dedquoc_the-pok-mon-rule-based-engine,OFF,175,second,win
tb_39927049_dedquoc_the-pok-mon-rule-based-engine,OFF,176,first,win
tb_39927049_dedquoc_the-pok-mon-rule-based-engine,OFF,177,second,win
tb_39927049_dedquoc_the-pok-mon-rule-based-engine,OFF,178,first,win
tb_39927049_dedquoc_the-pok-mon-rule-based-engine,OFF,179,second,win
tb_39927049_dedquoc_the-pok-mon-rule-based-engine,OFF,180,first,win
tb_39927049_dedquoc_the-pok-mon-rule-based-engine,OFF,181,second,win
tb_39927049_dedquoc_the-pok-mon-rule-based-engine,OFF,182,first,win
tb_39927049_dedquoc_the-pok-mon-rule-based-engine,OFF,183,second,win
tb_39927049_dedquoc_the-pok-mon-rule-based-engine,OFF,184,first,win
tb_39927049_dedquoc_the-pok-mon-rule-based-engine,OFF,185,second,win
tb_39927049_dedquoc_the-pok-mon-rule-based-engine,OFF,186,first,win
tb_39927049_dedquoc_the-pok-mon-rule-based-engine,OFF,187,second,win
tb_39927049_dedquoc_the-pok-mon-rule-based-engine,OFF,188,first,win
tb_39927049_dedquoc_the-pok-mon-rule-based-engine,OFF,189,second,win
tb_39927049_dedquoc_the-pok-mon-rule-based-engine,OFF,190,first,win
tb_39927049_dedquoc_the-pok-mon-rule-based-engine,OFF,191,second,win
tb_39927049_dedquoc_the-pok-mon-rule-based-engine,OFF,192,first,win
tb_39927049_dedquoc_the-pok-mon-rule-based-engine,OFF,193,second,win
tb_39927049_dedquoc_the-pok-mon-rule-based-engine,OFF,194,first,win
tb_39927049_dedquoc_the-pok-mon-rule-based-engine,OFF,195,second,win
tb_39927049_dedquoc_the-pok-mon-rule-based-engine,OFF,196,first,win
tb_39927049_dedquoc_the-pok-mon-rule-based-engine,OFF,197,second,win
tb_39927049_dedquoc_the-pok-mon-rule-based-engine,OFF,198,first,win
tb_39927049_dedquoc_the-pok-mon-rule-based-engine,OFF,199,second,win
tb_39927049_dedquoc_the-pok-mon-rule-based-engine,OFF,200,first,win
tb_39927049_dedquoc_the-pok-mon-rule-based-engine,OFF,201,second,win
tb_39927049_dedquoc_the-pok-mon-rule-based-engine,OFF,202,first,win
tb_39927049_dedquoc_the-pok-mon-rule-based-engine,OFF,203,second,win
tb_39927049_dedquoc_the-pok-mon-rule-based-engine,OFF,204,first,win
tb_39927049_dedquoc_the-pok-mon-rule-based-engine,OFF,205,second,win
tb_39927049_dedquoc_the-pok-mon-rule-based-engine,OFF,206,first,win
tb_39927049_dedquoc_the-pok-mon-rule-based-engine,OFF,207,second,win
tb_39927049_dedquoc_the-pok-mon-rule-based-engine,OFF,208,first,win
tb_39927049_dedquoc_the-pok-mon-rule-based-engine,OFF,209,second,win
tb_39927049_dedquoc_the-pok-mon-rule-based-engine,OFF,210,first,win
tb_39927049_dedquoc_the-pok-mon-rule-based-engine,OFF,211,second,win
tb_39927049_dedquoc_the-pok-mon-rule-based-engine,OFF,212,first,win
tb_39927049_dedquoc_the-pok-mon-rule-based-engine,OFF,213,second,win
tb_39927049_dedquoc_the-pok-mon-rule-based-engine,OFF,214,first,win
tb_39927049_dedquoc_the-pok-mon-rule-based-engine,OFF,215,second,win
tb_39927049_dedquoc_the-pok-mon-rule-based-engine,OFF,216,first,win
tb_39927049_dedquoc_the-pok-mon-rule-based-engine,OFF,217,second,win
tb_39927049_dedquoc_the-pok-mon-rule-based-engine,OFF,218,first,win
tb_39927049_dedquoc_the-pok-mon-rule-based-engine,OFF,219,second,win
tb_39927049_dedquoc_the-pok-mon-rule-based-engine,OFF,220,first,win
tb_39927049_dedquoc_the-pok-mon-rule-based-engine,OFF,221,second,win
tb_39927049_dedquoc_the-pok-mon-rule-based-engine,OFF,222,first,win
tb_39927049_dedquoc_the-pok-mon-rule-based-engine,OFF,223,second,win
tb_39927049_dedquoc_the-pok-mon-rule-based-engine,OFF,224,first,win
tb_39927049_dedquoc_the-pok-mon-rule-based-engine,OFF,225,second,win
tb_39927049_dedquoc_the-pok-mon-rule-based-engine,OFF,226,first,win
tb_39927049_dedquoc_the-pok-mon-rule-based-engine,OFF,227,second,win
tb_39927049_dedquoc_the-pok-mon-rule-based-engine,OFF,228,first,win
tb_39927049_dedquoc_the-pok-mon-rule-based-engine,OFF,229,second,win
tb_39927049_dedquoc_the-pok-mon-rule-based-engine,OFF,230,first,win
tb_39927049_dedquoc_the-pok-mon-rule-based-engine,OFF,231,second,win
tb_39927049_dedquoc_the-pok-mon-rule-based-engine,OFF,232,first,win
tb_39927049_dedquoc_the-pok-mon-rule-based-engine,OFF,233,second,win
tb_39927049_dedquoc_the-pok-mon-rule-based-engine,OFF,234,first,win
tb_39927049_dedquoc_the-pok-mon-rule-based-engine,OFF,235,second,win
tb_39927049_dedquoc_the-pok-mon-rule-based-engine,OFF,236,first,win
tb_39927049_dedquoc_the-pok-mon-rule-based-engine,OFF,237,second,win
tb_39927049_dedquoc_the-pok-mon-rule-based-engine,OFF,238,first,win
tb_39927049_dedquoc_the-pok-mon-rule-based-engine,OFF,239,second,win
tb_39927049_dedquoc_the-pok-mon-rule-based-engine,OFF,240,first,win
tb_39927049_dedquoc_the-pok-mon-rule-based-engine,OFF,241,second,win
tb_39927049_dedquoc_the-pok-mon-rule-based-engine,OFF,242,first,win
tb_39927049_dedquoc_the-pok-mon-rule-based-engine,OFF,243,second,win
tb_39927049_dedquoc_the-pok-mon-rule-based-engine,OFF,244,first,loss
tb_39927049_dedquoc_the-pok-mon-rule-based-engine,OFF,245,second,win
tb_39927049_dedquoc_the-pok-mon-rule-based-engine,OFF,246,first,loss
tb_39927049_dedquoc_the-pok-mon-rule-based-engine,OFF,247,second,win
tb_39927049_dedquoc_the-pok-mon-rule-based-engine,OFF,248,first,win
tb_39927049_dedquoc_the-pok-mon-rule-based-engine,OFF,249,second,win
tb_39927049_dedquoc_the-pok-mon-rule-based-engine,OFF,250,first,win
tb_39927049_dedquoc_the-pok-mon-rule-based-engine,OFF,251,second,win
tb_39927049_dedquoc_the-pok-mon-rule-based-engine,OFF,252,first,win
tb_39927049_dedquoc_the-pok-mon-rule-based-engine,OFF,253,second,win
tb_39927049_dedquoc_the-pok-mon-rule-based-engine,OFF,254,first,win
tb_39927049_dedquoc_the-pok-mon-rule-based-engine,OFF,255,second,win
tb_39927049_dedquoc_the-pok-mon-rule-based-engine,OFF,256,first,win
tb_39927049_dedquoc_the-pok-mon-rule-based-engine,OFF,257,second,win
tb_39927049_dedquoc_the-pok-mon-rule-based-engine,OFF,258,first,win
tb_39927049_dedquoc_the-pok-mon-rule-based-engine,OFF,259,second,win
tb_39927049_dedquoc_the-pok-mon-rule-based-engine,OFF,260,first,win
tb_39927049_dedquoc_the-pok-mon-rule-based-engine,OFF,261,second,win
tb_39927049_dedquoc_the-pok-mon-rule-based-engine,OFF,262,first,win
tb_39927049_dedquoc_the-pok-mon-rule-based-engine,OFF,263,second,win
tb_39927049_dedquoc_the-pok-mon-rule-based-engine,OFF,264,first,win
tb_39927049_dedquoc_the-pok-mon-rule-based-engine,OFF,265,second,win
tb_39927049_dedquoc_the-pok-mon-rule-based-engine,OFF,266,first,win
tb_39927049_dedquoc_the-pok-mon-rule-based-engine,OFF,267,second,win
tb_39927049_dedquoc_the-pok-mon-rule-based-engine,OFF,268,first,win
tb_39927049_dedquoc_the-pok-mon-rule-based-engine,OFF,269,second,win
tb_39927049_dedquoc_the-pok-mon-rule-based-engine,OFF,270,first,win
tb_39927049_dedquoc_the-pok-mon-rule-based-engine,OFF,271,second,win
tb_39927049_dedquoc_the-pok-mon-rule-based-engine,OFF,272,first,win
tb_39927049_dedquoc_the-pok-mon-rule-based-engine,OFF,273,second,win
tb_39927049_dedquoc_the-pok-mon-rule-based-engine,OFF,274,first,win
tb_39927049_dedquoc_the-pok-mon-rule-based-engine,OFF,275,second,win
tb_39927049_dedquoc_the-pok-mon-rule-based-engine,OFF,276,first,win
tb_39927049_dedquoc_the-pok-mon-rule-based-engine,OFF,277,second,win
tb_39927049_dedquoc_the-pok-mon-rule-based-engine,OFF,278,first,win
tb_39927049_dedquoc_the-pok-mon-rule-based-engine,OFF,279,second,win
tb_39927049_dedquoc_the-pok-mon-rule-based-engine,OFF,280,first,win
tb_39927049_dedquoc_the-pok-mon-rule-based-engine,OFF,281,second,win
tb_39927049_dedquoc_the-pok-mon-rule-based-engine,OFF,282,first,win
tb_39927049_dedquoc_the-pok-mon-rule-based-engine,OFF,283,second,win
tb_39927049_dedquoc_the-pok-mon-rule-based-engine,OFF,284,first,win
tb_39927049_dedquoc_the-pok-mon-rule-based-engine,OFF,285,second,win
tb_39927049_dedquoc_the-pok-mon-rule-based-engine,OFF,286,first,win
tb_39927049_dedquoc_the-pok-mon-rule-based-engine,OFF,287,second,win
tb_39927049_dedquoc_the-pok-mon-rule-based-engine,OFF,288,first,win
tb_39927049_dedquoc_the-pok-mon-rule-based-engine,OFF,289,second,win
tb_39927049_dedquoc_the-pok-mon-rule-based-engine,OFF,290,first,win
tb_39927049_dedquoc_the-pok-mon-rule-based-engine,OFF,291,second,win
tb_39927049_dedquoc_the-pok-mon-rule-based-engine,OFF,292,first,win
tb_39927049_dedquoc_the-pok-mon-rule-based-engine,OFF,293,second,win
tb_39927049_dedquoc_the-pok-mon-rule-based-engine,OFF,294,first,loss
tb_39927049_dedquoc_the-pok-mon-rule-based-engine,OFF,295,second,win
tb_39927049_dedquoc_the-pok-mon-rule-based-engine,OFF,296,first,win
tb_39927049_dedquoc_the-pok-mon-rule-based-engine,OFF,297,second,win
tb_39927049_dedquoc_the-pok-mon-rule-based-engine,OFF,298,first,win
tb_39927049_dedquoc_the-pok-mon-rule-based-engine,OFF,299,second,win
tb_39927049_dedquoc_the-pok-mon-rule-based-engine,OFF,300,first,win
tb_39927049_dedquoc_the-pok-mon-rule-based-engine,OFF,301,second,win
tb_39927049_dedquoc_the-pok-mon-rule-based-engine,OFF,302,first,win
tb_39927049_dedquoc_the-pok-mon-rule-based-engine,OFF,303,second,win
tb_39927049_dedquoc_the-pok-mon-rule-based-engine,OFF,304,first,win
tb_39927049_dedquoc_the-pok-mon-rule-based-engine,OFF,305,second,win
tb_39927049_dedquoc_the-pok-mon-rule-based-engine,OFF,306,first,win
tb_39927049_dedquoc_the-pok-mon-rule-based-engine,OFF,307,second,win
tb_39927049_dedquoc_the-pok-mon-rule-based-engine,OFF,308,first,win
tb_39927049_dedquoc_the-pok-mon-rule-based-engine,OFF,309,second,win
tb_39927049_dedquoc_the-pok-mon-rule-based-engine,OFF,310,first,win
tb_39927049_dedquoc_the-pok-mon-rule-based-engine,OFF,311,second,win
tb_39927049_dedquoc_the-pok-mon-rule-based-engine,OFF,312,first,win
tb_39927049_dedquoc_the-pok-mon-rule-based-engine,OFF,313,second,win
tb_39927049_dedquoc_the-pok-mon-rule-based-engine,OFF,314,first,win
tb_39927049_dedquoc_the-pok-mon-rule-based-engine,OFF,315,second,loss
tb_39927049_dedquoc_the-pok-mon-rule-based-engine,OFF,316,first,win
tb_39927049_dedquoc_the-pok-mon-rule-based-engine,OFF,317,second,win
tb_39927049_dedquoc_the-pok-mon-rule-based-engine,OFF,318,first,win
tb_39927049_dedquoc_the-pok-mon-rule-based-engine,OFF,319,second,win
tb_39927049_dedquoc_the-pok-mon-rule-based-engine,OFF,320,first,win
tb_39927049_dedquoc_the-pok-mon-rule-based-engine,OFF,321,second,win
tb_39927049_dedquoc_the-pok-mon-rule-based-engine,OFF,322,first,win
tb_39927049_dedquoc_the-pok-mon-rule-based-engine,OFF,323,second,win
tb_39927049_dedquoc_the-pok-mon-rule-based-engine,OFF,324,first,win
tb_39927049_dedquoc_the-pok-mon-rule-based-engine,OFF,325,second,win
tb_39927049_dedquoc_the-pok-mon-rule-based-engine,OFF,326,first,win
tb_39927049_dedquoc_the-pok-mon-rule-based-engine,OFF,327,second,win
tb_39927049_dedquoc_the-pok-mon-rule-based-engine,OFF,328,first,win
tb_39927049_dedquoc_the-pok-mon-rule-based-engine,OFF,329,second,win
tb_39927049_dedquoc_the-pok-mon-rule-based-engine,OFF,330,first,win
tb_39927049_dedquoc_the-pok-mon-rule-based-engine,OFF,331,second,win
tb_39927049_dedquoc_the-pok-mon-rule-based-engine,OFF,332,first,win
tb_39927049_dedquoc_the-pok-mon-rule-based-engine,OFF,333,second,win
tb_39927049_dedquoc_the-pok-mon-rule-based-engine,OFF,334,first,win
tb_39927049_dedquoc_the-pok-mon-rule-based-engine,OFF,335,second,win
tb_39927049_dedquoc_the-pok-mon-rule-based-engine,OFF,336,first,win
tb_39927049_dedquoc_the-pok-mon-rule-based-engine,OFF,337,second,win
tb_39927049_dedquoc_the-pok-mon-rule-based-engine,OFF,338,first,win
tb_39927049_dedquoc_the-pok-mon-rule-based-engine,OFF,339,second,win
tb_39927049_dedquoc_the-pok-mon-rule-based-engine,OFF,340,first,win
tb_39927049_dedquoc_the-pok-mon-rule-based-engine,OFF,341,second,win
tb_39927049_dedquoc_the-pok-mon-rule-based-engine,OFF,342,first,win
tb_39927049_dedquoc_the-pok-mon-rule-based-engine,OFF,343,second,win
tb_39927049_dedquoc_the-pok-mon-rule-based-engine,OFF,344,first,win
tb_39927049_dedquoc_the-pok-mon-rule-based-engine,OFF,345,second,win
tb_39927049_dedquoc_the-pok-mon-rule-based-engine,OFF,346,first,win
tb_39927049_dedquoc_the-pok-mon-rule-based-engine,OFF,347,second,win
tb_39927049_dedquoc_the-pok-mon-rule-based-engine,OFF,348,first,win
tb_39927049_dedquoc_the-pok-mon-rule-based-engine,OFF,349,second,win
tb_39927049_dedquoc_the-pok-mon-rule-based-engine,OFF,350,first,win
tb_39927049_dedquoc_the-pok-mon-rule-based-engine,OFF,351,second,win
tb_39927049_dedquoc_the-pok-mon-rule-based-engine,OFF,352,first,win
tb_39927049_dedquoc_the-pok-mon-rule-based-engine,OFF,353,second,win
tb_39927049_dedquoc_the-pok-mon-rule-based-engine,OFF,354,first,win
tb_39927049_dedquoc_the-pok-mon-rule-based-engine,OFF,355,second,win
tb_39927049_dedquoc_the-pok-mon-rule-based-engine,OFF,356,first,win
tb_39927049_dedquoc_the-pok-mon-rule-based-engine,OFF,357,second,win
tb_39927049_dedquoc_the-pok-mon-rule-based-engine,OFF,358,first,win
tb_39927049_dedquoc_the-pok-mon-rule-based-engine,OFF,359,second,win
tb_39927049_dedquoc_the-pok-mon-rule-based-engine,OFF,360,first,win
tb_39927049_dedquoc_the-pok-mon-rule-based-engine,OFF,361,second,win
tb_39927049_dedquoc_the-pok-mon-rule-based-engine,OFF,362,first,win
tb_39927049_dedquoc_the-pok-mon-rule-based-engine,OFF,363,second,win
tb_39927049_dedquoc_the-pok-mon-rule-based-engine,OFF,364,first,win
tb_39927049_dedquoc_the-pok-mon-rule-based-engine,OFF,365,second,win
tb_39927049_dedquoc_the-pok-mon-rule-based-engine,OFF,366,first,win
tb_39927049_dedquoc_the-pok-mon-rule-based-engine,OFF,367,second,win
tb_39927049_dedquoc_the-pok-mon-rule-based-engine,OFF,368,first,win
tb_39927049_dedquoc_the-pok-mon-rule-based-engine,OFF,369,second,win
tb_39927049_dedquoc_the-pok-mon-rule-based-engine,OFF,370,first,win
tb_39927049_dedquoc_the-pok-mon-rule-based-engine,OFF,371,second,win
tb_39927049_dedquoc_the-pok-mon-rule-based-engine,OFF,372,first,win
tb_39927049_dedquoc_the-pok-mon-rule-based-engine,OFF,373,second,win
tb_39927049_dedquoc_the-pok-mon-rule-based-engine,OFF,374,first,win
tb_39927049_dedquoc_the-pok-mon-rule-based-engine,OFF,375,second,win
tb_39927049_dedquoc_the-pok-mon-rule-based-engine,OFF,376,first,win
tb_39927049_dedquoc_the-pok-mon-rule-based-engine,OFF,377,second,win
tb_39927049_dedquoc_the-pok-mon-rule-based-engine,OFF,378,first,win
tb_39927049_dedquoc_the-pok-mon-rule-based-engine,OFF,379,second,win
tb_39927049_dedquoc_the-pok-mon-rule-based-engine,OFF,380,first,win
tb_39927049_dedquoc_the-pok-mon-rule-based-engine,OFF,381,second,win
tb_39927049_dedquoc_the-pok-mon-rule-based-engine,OFF,382,first,win
tb_39927049_dedquoc_the-pok-mon-rule-based-engine,OFF,383,second,win
tb_39927049_dedquoc_the-pok-mon-rule-based-engine,OFF,384,first,win
tb_39927049_dedquoc_the-pok-mon-rule-based-engine,OFF,385,second,win
tb_39927049_dedquoc_the-pok-mon-rule-based-engine,OFF,386,first,win
tb_39927049_dedquoc_the-pok-mon-rule-based-engine,OFF,387,second,win
tb_39927049_dedquoc_the-pok-mon-rule-based-engine,OFF,388,first,win
tb_39927049_dedquoc_the-pok-mon-rule-based-engine,OFF,389,second,win
tb_39927049_dedquoc_the-pok-mon-rule-based-engine,OFF,390,first,win
tb_39927049_dedquoc_the-pok-mon-rule-based-engine,OFF,391,second,win
tb_39927049_dedquoc_the-pok-mon-rule-based-engine,OFF,392,first,win
tb_39927049_dedquoc_the-pok-mon-rule-based-engine,OFF,393,second,win
tb_39927049_dedquoc_the-pok-mon-rule-based-engine,OFF,394,first,win
tb_39927049_dedquoc_the-pok-mon-rule-based-engine,OFF,395,second,win
tb_39927049_dedquoc_the-pok-mon-rule-based-engine,OFF,396,first,win
tb_39927049_dedquoc_the-pok-mon-rule-based-engine,OFF,397,second,win
tb_39927049_dedquoc_the-pok-mon-rule-based-engine,OFF,398,first,win
tb_39927049_dedquoc_the-pok-mon-rule-based-engine,OFF,399,second,win
tb_39927049_dedquoc_the-pok-mon-rule-based-engine,OFF,400,first,win
tb_39927049_dedquoc_the-pok-mon-rule-based-engine,OFF,401,second,win
tb_39927049_dedquoc_the-pok-mon-rule-based-engine,OFF,402,first,win
tb_39927049_dedquoc_the-pok-mon-rule-based-engine,OFF,403,second,win
tb_39927049_dedquoc_the-pok-mon-rule-based-engine,OFF,404,first,win
tb_39927049_dedquoc_the-pok-mon-rule-based-engine,OFF,405,second,win
tb_39927049_dedquoc_the-pok-mon-rule-based-engine,OFF,406,first,win
tb_39927049_dedquoc_the-pok-mon-rule-based-engine,OFF,407,second,win
tb_39927049_dedquoc_the-pok-mon-rule-based-engine,OFF,408,first,win
tb_39927049_dedquoc_the-pok-mon-rule-based-engine,OFF,409,second,win
tb_39927049_dedquoc_the-pok-mon-rule-based-engine,OFF,410,first,win
tb_39927049_dedquoc_the-pok-mon-rule-based-engine,OFF,411,second,win
tb_39927049_dedquoc_the-pok-mon-rule-based-engine,OFF,412,first,win
tb_39927049_dedquoc_the-pok-mon-rule-based-engine,OFF,413,second,win
tb_39927049_dedquoc_the-pok-mon-rule-based-engine,OFF,414,first,win
tb_39927049_dedquoc_the-pok-mon-rule-based-engine,OFF,415,second,win
tb_39927049_dedquoc_the-pok-mon-rule-based-engine,OFF,416,first,win
tb_39927049_dedquoc_the-pok-mon-rule-based-engine,OFF,417,second,win
tb_39927049_dedquoc_the-pok-mon-rule-based-engine,OFF,418,first,win
tb_39927049_dedquoc_the-pok-mon-rule-based-engine,OFF,419,second,win
tb_39927049_dedquoc_the-pok-mon-rule-based-engine,OFF,420,first,win
tb_39927049_dedquoc_the-pok-mon-rule-based-engine,OFF,421,second,win
tb_39927049_dedquoc_the-pok-mon-rule-based-engine,OFF,422,first,win
tb_39927049_dedquoc_the-pok-mon-rule-based-engine,OFF,423,second,win
tb_39927049_dedquoc_the-pok-mon-rule-based-engine,OFF,424,first,win
tb_39927049_dedquoc_the-pok-mon-rule-based-engine,OFF,425,second,win
tb_39927049_dedquoc_the-pok-mon-rule-based-engine,OFF,426,first,win
tb_39927049_dedquoc_the-pok-mon-rule-based-engine,OFF,427,second,win
tb_39927049_dedquoc_the-pok-mon-rule-based-engine,OFF,428,first,win
tb_39927049_dedquoc_the-pok-mon-rule-based-engine,OFF,429,second,win
tb_39927049_dedquoc_the-pok-mon-rule-based-engine,OFF,430,first,win
tb_39927049_dedquoc_the-pok-mon-rule-based-engine,OFF,431,second,win
tb_39927049_dedquoc_the-pok-mon-rule-based-engine,OFF,432,first,win
tb_39927049_dedquoc_the-pok-mon-rule-based-engine,OFF,433,second,win
tb_39927049_dedquoc_the-pok-mon-rule-based-engine,OFF,434,first,win
tb_39927049_dedquoc_the-pok-mon-rule-based-engine,OFF,435,second,loss
tb_39927049_dedquoc_the-pok-mon-rule-based-engine,OFF,436,first,win
tb_39927049_dedquoc_the-pok-mon-rule-based-engine,OFF,437,second,win
tb_39927049_dedquoc_the-pok-mon-rule-based-engine,OFF,438,first,win
tb_39927049_dedquoc_the-pok-mon-rule-based-engine,OFF,439,second,win
tb_39927049_dedquoc_the-pok-mon-rule-based-engine,OFF,440,first,loss
tb_39927049_dedquoc_the-pok-mon-rule-based-engine,OFF,441,second,win
tb_39927049_dedquoc_the-pok-mon-rule-based-engine,OFF,442,first,win
tb_39927049_dedquoc_the-pok-mon-rule-based-engine,OFF,443,second,win
tb_39927049_dedquoc_the-pok-mon-rule-based-engine,OFF,444,first,win
tb_39927049_dedquoc_the-pok-mon-rule-based-engine,OFF,445,second,loss
tb_39927049_dedquoc_the-pok-mon-rule-based-engine,OFF,446,first,win
tb_39927049_dedquoc_the-pok-mon-rule-based-engine,OFF,447,second,win
tb_39927049_dedquoc_the-pok-mon-rule-based-engine,OFF,448,first,win
tb_39927049_dedquoc_the-pok-mon-rule-based-engine,OFF,449,second,win
tb_39927049_dedquoc_the-pok-mon-rule-based-engine,OFF,450,first,loss
tb_39927049_dedquoc_the-pok-mon-rule-based-engine,OFF,451,second,win
tb_39927049_dedquoc_the-pok-mon-rule-based-engine,OFF,452,first,win
tb_39927049_dedquoc_the-pok-mon-rule-based-engine,OFF,453,second,win
tb_39927049_dedquoc_the-pok-mon-rule-based-engine,OFF,454,first,win
tb_39927049_dedquoc_the-pok-mon-rule-based-engine,OFF,455,second,win
tb_39927049_dedquoc_the-pok-mon-rule-based-engine,OFF,456,first,win
tb_39927049_dedquoc_the-pok-mon-rule-based-engine,OFF,457,second,win
tb_39927049_dedquoc_the-pok-mon-rule-based-engine,OFF,458,first,win
tb_39927049_dedquoc_the-pok-mon-rule-based-engine,OFF,459,second,win
tb_39927049_dedquoc_the-pok-mon-rule-based-engine,OFF,460,first,win
tb_39927049_dedquoc_the-pok-mon-rule-based-engine,OFF,461,second,win
tb_39927049_dedquoc_the-pok-mon-rule-based-engine,OFF,462,first,win
tb_39927049_dedquoc_the-pok-mon-rule-based-engine,OFF,463,second,win
tb_39927049_dedquoc_the-pok-mon-rule-based-engine,OFF,464,first,win
tb_39927049_dedquoc_the-pok-mon-rule-based-engine,OFF,465,second,win
tb_39927049_dedquoc_the-pok-mon-rule-based-engine,OFF,466,first,win
tb_39927049_dedquoc_the-pok-mon-rule-based-engine,OFF,467,second,win
tb_39927049_dedquoc_the-pok-mon-rule-based-engine,OFF,468,first,win
tb_39927049_dedquoc_the-pok-mon-rule-based-engine,OFF,469,second,win
tb_39927049_dedquoc_the-pok-mon-rule-based-engine,OFF,470,first,win
tb_39927049_dedquoc_the-pok-mon-rule-based-engine,OFF,471,second,win
tb_39927049_dedquoc_the-pok-mon-rule-based-engine,OFF,472,first,win
tb_39927049_dedquoc_the-pok-mon-rule-based-engine,OFF,473,second,win
tb_39927049_dedquoc_the-pok-mon-rule-based-engine,OFF,474,first,win
tb_39927049_dedquoc_the-pok-mon-rule-based-engine,OFF,475,second,win
tb_39927049_dedquoc_the-pok-mon-rule-based-engine,OFF,476,first,win
tb_39927049_dedquoc_the-pok-mon-rule-based-engine,OFF,477,second,win
tb_39927049_dedquoc_the-pok-mon-rule-based-engine,OFF,478,first,win
tb_39927049_dedquoc_the-pok-mon-rule-based-engine,OFF,479,second,win
tb_39927049_dedquoc_the-pok-mon-rule-based-engine,OFF,480,first,win
tb_39927049_dedquoc_the-pok-mon-rule-based-engine,OFF,481,second,win
tb_39927049_dedquoc_the-pok-mon-rule-based-engine,OFF,482,first,win
tb_39927049_dedquoc_the-pok-mon-rule-based-engine,OFF,483,second,win
tb_39927049_dedquoc_the-pok-mon-rule-based-engine,OFF,484,first,win
tb_39927049_dedquoc_the-pok-mon-rule-based-engine,OFF,485,second,win
tb_39927049_dedquoc_the-pok-mon-rule-based-engine,OFF,486,first,win
tb_39927049_dedquoc_the-pok-mon-rule-based-engine,OFF,487,second,win
tb_39927049_dedquoc_the-pok-mon-rule-based-engine,OFF,488,first,win
tb_39927049_dedquoc_the-pok-mon-rule-based-engine,OFF,489,second,win
tb_39927049_dedquoc_the-pok-mon-rule-based-engine,OFF,490,first,win
tb_39927049_dedquoc_the-pok-mon-rule-based-engine,OFF,491,second,win
tb_39927049_dedquoc_the-pok-mon-rule-based-engine,OFF,492,first,win
tb_39927049_dedquoc_the-pok-mon-rule-based-engine,OFF,493,second,win
tb_39927049_dedquoc_the-pok-mon-rule-based-engine,OFF,494,first,win
tb_39927049_dedquoc_the-pok-mon-rule-based-engine,OFF,495,second,win
tb_39927049_dedquoc_the-pok-mon-rule-based-engine,OFF,496,first,win
tb_39927049_dedquoc_the-pok-mon-rule-based-engine,OFF,497,second,win
tb_39927049_dedquoc_the-pok-mon-rule-based-engine,OFF,498,first,win
tb_39927049_dedquoc_the-pok-mon-rule-based-engine,OFF,499,second,win
tb_39927049_dedquoc_the-pok-mon-rule-based-engine,OFF,500,first,win
tb_39927049_dedquoc_the-pok-mon-rule-based-engine,OFF,501,second,win
tb_39927049_dedquoc_the-pok-mon-rule-based-engine,OFF,502,first,win
tb_39927049_dedquoc_the-pok-mon-rule-based-engine,OFF,503,second,win
tb_39927049_dedquoc_the-pok-mon-rule-based-engine,OFF,504,first,win
tb_39927049_dedquoc_the-pok-mon-rule-based-engine,OFF,505,second,win
tb_39927049_dedquoc_the-pok-mon-rule-based-engine,OFF,506,first,win
tb_39927049_dedquoc_the-pok-mon-rule-based-engine,OFF,507,second,win
tb_39927049_dedquoc_the-pok-mon-rule-based-engine,OFF,508,first,win
tb_39927049_dedquoc_the-pok-mon-rule-based-engine,OFF,509,second,win
tb_39927049_dedquoc_the-pok-mon-rule-based-engine,OFF,510,first,win
tb_39927049_dedquoc_the-pok-mon-rule-based-engine,OFF,511,second,win
tb_39927049_dedquoc_the-pok-mon-rule-based-engine,OFF,512,first,win
tb_39927049_dedquoc_the-pok-mon-rule-based-engine,OFF,513,second,win
tb_39927049_dedquoc_the-pok-mon-rule-based-engine,OFF,514,first,win
tb_39927049_dedquoc_the-pok-mon-rule-based-engine,OFF,515,second,win
tb_39927049_dedquoc_the-pok-mon-rule-based-engine,OFF,516,first,win
tb_39927049_dedquoc_the-pok-mon-rule-based-engine,OFF,517,second,win
tb_39927049_dedquoc_the-pok-mon-rule-based-engine,OFF,518,first,win
tb_39927049_dedquoc_the-pok-mon-rule-based-engine,OFF,519,second,win
tb_39927049_dedquoc_the-pok-mon-rule-based-engine,OFF,520,first,win
tb_39927049_dedquoc_the-pok-mon-rule-based-engine,OFF,521,second,win
tb_39927049_dedquoc_the-pok-mon-rule-based-engine,OFF,522,first,win
tb_39927049_dedquoc_the-pok-mon-rule-based-engine,OFF,523,second,win
tb_39927049_dedquoc_the-pok-mon-rule-based-engine,OFF,524,first,win
tb_39927049_dedquoc_the-pok-mon-rule-based-engine,OFF,525,second,win
tb_39927049_dedquoc_the-pok-mon-rule-based-engine,OFF,526,first,win
tb_39927049_dedquoc_the-pok-mon-rule-based-engine,OFF,527,second,win
tb_39927049_dedquoc_the-pok-mon-rule-based-engine,OFF,528,first,win
tb_39927049_dedquoc_the-pok-mon-rule-based-engine,OFF,529,second,win
tb_39927049_dedquoc_the-pok-mon-rule-based-engine,OFF,530,first,win
tb_39927049_dedquoc_the-pok-mon-rule-based-engine,OFF,531,second,win
tb_39927049_dedquoc_the-pok-mon-rule-based-engine,OFF,532,first,win
tb_39927049_dedquoc_the-pok-mon-rule-based-engine,OFF,533,second,win
tb_39927049_dedquoc_the-pok-mon-rule-based-engine,OFF,534,first,win
tb_39927049_dedquoc_the-pok-mon-rule-based-engine,OFF,535,second,win
tb_39927049_dedquoc_the-pok-mon-rule-based-engine,OFF,536,first,win
tb_39927049_dedquoc_the-pok-mon-rule-based-engine,OFF,537,second,win
tb_39927049_dedquoc_the-pok-mon-rule-based-engine,OFF,538,first,win
tb_39927049_dedquoc_the-pok-mon-rule-based-engine,OFF,539,second,win
tb_39927049_dedquoc_the-pok-mon-rule-based-engine,OFF,540,first,win
tb_39927049_dedquoc_the-pok-mon-rule-based-engine,OFF,541,second,win
tb_39927049_dedquoc_the-pok-mon-rule-based-engine,OFF,542,first,win
tb_39927049_dedquoc_the-pok-mon-rule-based-engine,OFF,543,second,win
tb_39927049_dedquoc_the-pok-mon-rule-based-engine,OFF,544,first,win
tb_39927049_dedquoc_the-pok-mon-rule-based-engine,OFF,545,second,win
tb_39927049_dedquoc_the-pok-mon-rule-based-engine,OFF,546,first,win
tb_39927049_dedquoc_the-pok-mon-rule-based-engine,OFF,547,second,win
tb_39927049_dedquoc_the-pok-mon-rule-based-engine,OFF,548,first,win
tb_39927049_dedquoc_the-pok-mon-rule-based-engine,OFF,549,second,win
tb_39927049_dedquoc_the-pok-mon-rule-based-engine,OFF,550,first,win
tb_39927049_dedquoc_the-pok-mon-rule-based-engine,OFF,551,second,win
tb_39927049_dedquoc_the-pok-mon-rule-based-engine,OFF,552,first,win
tb_39927049_dedquoc_the-pok-mon-rule-based-engine,OFF,553,second,win
tb_39927049_dedquoc_the-pok-mon-rule-based-engine,OFF,554,first,win
tb_39927049_dedquoc_the-pok-mon-rule-based-engine,OFF,555,second,win
tb_39927049_dedquoc_the-pok-mon-rule-based-engine,OFF,556,first,win
tb_39927049_dedquoc_the-pok-mon-rule-based-engine,OFF,557,second,win
tb_39927049_dedquoc_the-pok-mon-rule-based-engine,OFF,558,first,win
tb_39927049_dedquoc_the-pok-mon-rule-based-engine,OFF,559,second,win
tb_39927049_dedquoc_the-pok-mon-rule-based-engine,OFF,560,first,win
tb_39927049_dedquoc_the-pok-mon-rule-based-engine,OFF,561,second,win
tb_39927049_dedquoc_the-pok-mon-rule-based-engine,OFF,562,first,win
tb_39927049_dedquoc_the-pok-mon-rule-based-engine,OFF,563,second,win
tb_39927049_dedquoc_the-pok-mon-rule-based-engine,OFF,564,first,win
tb_39927049_dedquoc_the-pok-mon-rule-based-engine,OFF,565,second,win
tb_39927049_dedquoc_the-pok-mon-rule-based-engine,OFF,566,first,win
tb_39927049_dedquoc_the-pok-mon-rule-based-engine,OFF,567,second,win
tb_39927049_dedquoc_the-pok-mon-rule-based-engine,OFF,568,first,win
tb_39927049_dedquoc_the-pok-mon-rule-based-engine,OFF,569,second,win
tb_39927049_dedquoc_the-pok-mon-rule-based-engine,OFF,570,first,win
tb_39927049_dedquoc_the-pok-mon-rule-based-engine,OFF,571,second,win
tb_39927049_dedquoc_the-pok-mon-rule-based-engine,OFF,572,first,win
tb_39927049_dedquoc_the-pok-mon-rule-based-engine,OFF,573,second,win
tb_39927049_dedquoc_the-pok-mon-rule-based-engine,OFF,574,first,win
tb_39927049_dedquoc_the-pok-mon-rule-based-engine,OFF,575,second,win
tb_39927049_dedquoc_the-pok-mon-rule-based-engine,OFF,576,first,win
tb_39927049_dedquoc_the-pok-mon-rule-based-engine,OFF,577,second,win
tb_39927049_dedquoc_the-pok-mon-rule-based-engine,OFF,578,first,win
tb_39927049_dedquoc_the-pok-mon-rule-based-engine,OFF,579,second,win
tb_39927049_dedquoc_the-pok-mon-rule-based-engine,OFF,580,first,win
tb_39927049_dedquoc_the-pok-mon-rule-based-engine,OFF,581,second,win
tb_39927049_dedquoc_the-pok-mon-rule-based-engine,OFF,582,first,win
tb_39927049_dedquoc_the-pok-mon-rule-based-engine,OFF,583,second,win
tb_39927049_dedquoc_the-pok-mon-rule-based-engine,OFF,584,first,win
tb_39927049_dedquoc_the-pok-mon-rule-based-engine,OFF,585,second,win
tb_39927049_dedquoc_the-pok-mon-rule-based-engine,OFF,586,first,win
tb_39927049_dedquoc_the-pok-mon-rule-based-engine,OFF,587,second,win
tb_39927049_dedquoc_the-pok-mon-rule-based-engine,OFF,588,first,loss
tb_39927049_dedquoc_the-pok-mon-rule-based-engine,OFF,589,second,win
tb_39927049_dedquoc_the-pok-mon-rule-based-engine,OFF,590,first,win
tb_39927049_dedquoc_the-pok-mon-rule-based-engine,OFF,591,second,win
tb_39927049_dedquoc_the-pok-mon-rule-based-engine,OFF,592,first,win
tb_39927049_dedquoc_the-pok-mon-rule-based-engine,OFF,593,second,win
tb_39927049_dedquoc_the-pok-mon-rule-based-engine,OFF,594,first,win
tb_39927049_dedquoc_the-pok-mon-rule-based-engine,OFF,595,second,win
tb_39927049_dedquoc_the-pok-mon-rule-based-engine,OFF,596,first,win
tb_39927049_dedquoc_the-pok-mon-rule-based-engine,OFF,597,second,win
tb_39927049_dedquoc_the-pok-mon-rule-based-engine,OFF,598,first,win
tb_39927049_dedquoc_the-pok-mon-rule-based-engine,OFF,599,second,win
tb_39927049_dedquoc_the-pok-mon-rule-based-engine,ON,0,first,win
tb_39927049_dedquoc_the-pok-mon-rule-based-engine,ON,1,second,win
tb_39927049_dedquoc_the-pok-mon-rule-based-engine,ON,2,first,win
tb_39927049_dedquoc_the-pok-mon-rule-based-engine,ON,3,second,win
tb_39927049_dedquoc_the-pok-mon-rule-based-engine,ON,4,first,win
tb_39927049_dedquoc_the-pok-mon-rule-based-engine,ON,5,second,win
tb_39927049_dedquoc_the-pok-mon-rule-based-engine,ON,6,first,win
tb_39927049_dedquoc_the-pok-mon-rule-based-engine,ON,7,second,win
tb_39927049_dedquoc_the-pok-mon-rule-based-engine,ON,8,first,win
tb_39927049_dedquoc_the-pok-mon-rule-based-engine,ON,9,second,win
tb_39927049_dedquoc_the-pok-mon-rule-based-engine,ON,10,first,win
tb_39927049_dedquoc_the-pok-mon-rule-based-engine,ON,11,second,win
tb_39927049_dedquoc_the-pok-mon-rule-based-engine,ON,12,first,win
tb_39927049_dedquoc_the-pok-mon-rule-based-engine,ON,13,second,win
tb_39927049_dedquoc_the-pok-mon-rule-based-engine,ON,14,first,win
tb_39927049_dedquoc_the-pok-mon-rule-based-engine,ON,15,second,win
tb_39927049_dedquoc_the-pok-mon-rule-based-engine,ON,16,first,win
tb_39927049_dedquoc_the-pok-mon-rule-based-engine,ON,17,second,win
tb_39927049_dedquoc_the-pok-mon-rule-based-engine,ON,18,first,win
tb_39927049_dedquoc_the-pok-mon-rule-based-engine,ON,19,second,win
tb_39927049_dedquoc_the-pok-mon-rule-based-engine,ON,20,first,win
tb_39927049_dedquoc_the-pok-mon-rule-based-engine,ON,21,second,win
tb_39927049_dedquoc_the-pok-mon-rule-based-engine,ON,22,first,win
tb_39927049_dedquoc_the-pok-mon-rule-based-engine,ON,23,second,win
tb_39927049_dedquoc_the-pok-mon-rule-based-engine,ON,24,first,win
tb_39927049_dedquoc_the-pok-mon-rule-based-engine,ON,25,second,win
tb_39927049_dedquoc_the-pok-mon-rule-based-engine,ON,26,first,win
tb_39927049_dedquoc_the-pok-mon-rule-based-engine,ON,27,second,win
tb_39927049_dedquoc_the-pok-mon-rule-based-engine,ON,28,first,win
tb_39927049_dedquoc_the-pok-mon-rule-based-engine,ON,29,second,win
tb_39927049_dedquoc_the-pok-mon-rule-based-engine,ON,30,first,win
tb_39927049_dedquoc_the-pok-mon-rule-based-engine,ON,31,second,win
tb_39927049_dedquoc_the-pok-mon-rule-based-engine,ON,32,first,win
tb_39927049_dedquoc_the-pok-mon-rule-based-engine,ON,33,second,win
tb_39927049_dedquoc_the-pok-mon-rule-based-engine,ON,34,first,win
tb_39927049_dedquoc_the-pok-mon-rule-based-engine,ON,35,second,win
tb_39927049_dedquoc_the-pok-mon-rule-based-engine,ON,36,first,win
tb_39927049_dedquoc_the-pok-mon-rule-based-engine,ON,37,second,win
tb_39927049_dedquoc_the-pok-mon-rule-based-engine,ON,38,first,win
tb_39927049_dedquoc_the-pok-mon-rule-based-engine,ON,39,second,win
tb_39927049_dedquoc_the-pok-mon-rule-based-engine,ON,40,first,win
tb_39927049_dedquoc_the-pok-mon-rule-based-engine,ON,41,second,win
tb_39927049_dedquoc_the-pok-mon-rule-based-engine,ON,42,first,win
tb_39927049_dedquoc_the-pok-mon-rule-based-engine,ON,43,second,win
tb_39927049_dedquoc_the-pok-mon-rule-based-engine,ON,44,first,win
tb_39927049_dedquoc_the-pok-mon-rule-based-engine,ON,45,second,win
tb_39927049_dedquoc_the-pok-mon-rule-based-engine,ON,46,first,win
tb_39927049_dedquoc_the-pok-mon-rule-based-engine,ON,47,second,win
tb_39927049_dedquoc_the-pok-mon-rule-based-engine,ON,48,first,win
tb_39927049_dedquoc_the-pok-mon-rule-based-engine,ON,49,second,win
tb_39927049_dedquoc_the-pok-mon-rule-based-engine,ON,50,first,win
tb_39927049_dedquoc_the-pok-mon-rule-based-engine,ON,51,second,win
tb_39927049_dedquoc_the-pok-mon-rule-based-engine,ON,52,first,win
tb_39927049_dedquoc_the-pok-mon-rule-based-engine,ON,53,second,win
tb_39927049_dedquoc_the-pok-mon-rule-based-engine,ON,54,first,win
tb_39927049_dedquoc_the-pok-mon-rule-based-engine,ON,55,second,win
tb_39927049_dedquoc_the-pok-mon-rule-based-engine,ON,56,first,win
tb_39927049_dedquoc_the-pok-mon-rule-based-engine,ON,57,second,win
tb_39927049_dedquoc_the-pok-mon-rule-based-engine,ON,58,first,win
tb_39927049_dedquoc_the-pok-mon-rule-based-engine,ON,59,second,win
tb_39927049_dedquoc_the-pok-mon-rule-based-engine,ON,60,first,win
tb_39927049_dedquoc_the-pok-mon-rule-based-engine,ON,61,second,win
tb_39927049_dedquoc_the-pok-mon-rule-based-engine,ON,62,first,win
tb_39927049_dedquoc_the-pok-mon-rule-based-engine,ON,63,second,win
tb_39927049_dedquoc_the-pok-mon-rule-based-engine,ON,64,first,win
tb_39927049_dedquoc_the-pok-mon-rule-based-engine,ON,65,second,win
tb_39927049_dedquoc_the-pok-mon-rule-based-engine,ON,66,first,win
tb_39927049_dedquoc_the-pok-mon-rule-based-engine,ON,67,second,win
tb_39927049_dedquoc_the-pok-mon-rule-based-engine,ON,68,first,win
tb_39927049_dedquoc_the-pok-mon-rule-based-engine,ON,69,second,win
tb_39927049_dedquoc_the-pok-mon-rule-based-engine,ON,70,first,win
tb_39927049_dedquoc_the-pok-mon-rule-based-engine,ON,71,second,win
tb_39927049_dedquoc_the-pok-mon-rule-based-engine,ON,72,first,win
tb_39927049_dedquoc_the-pok-mon-rule-based-engine,ON,73,second,win
tb_39927049_dedquoc_the-pok-mon-rule-based-engine,ON,74,first,win
tb_39927049_dedquoc_the-pok-mon-rule-based-engine,ON,75,second,win
tb_39927049_dedquoc_the-pok-mon-rule-based-engine,ON,76,first,win
tb_39927049_dedquoc_the-pok-mon-rule-based-engine,ON,77,second,win
tb_39927049_dedquoc_the-pok-mon-rule-based-engine,ON,78,first,win
tb_39927049_dedquoc_the-pok-mon-rule-based-engine,ON,79,second,win
tb_39927049_dedquoc_the-pok-mon-rule-based-engine,ON,80,first,win
tb_39927049_dedquoc_the-pok-mon-rule-based-engine,ON,81,second,win
tb_39927049_dedquoc_the-pok-mon-rule-based-engine,ON,82,first,win
tb_39927049_dedquoc_the-pok-mon-rule-based-engine,ON,83,second,win
tb_39927049_dedquoc_the-pok-mon-rule-based-engine,ON,84,first,win
tb_39927049_dedquoc_the-pok-mon-rule-based-engine,ON,85,second,win
tb_39927049_dedquoc_the-pok-mon-rule-based-engine,ON,86,first,win
tb_39927049_dedquoc_the-pok-mon-rule-based-engine,ON,87,second,win
tb_39927049_dedquoc_the-pok-mon-rule-based-engine,ON,88,first,win
tb_39927049_dedquoc_the-pok-mon-rule-based-engine,ON,89,second,win
tb_39927049_dedquoc_the-pok-mon-rule-based-engine,ON,90,first,win
tb_39927049_dedquoc_the-pok-mon-rule-based-engine,ON,91,second,win
tb_39927049_dedquoc_the-pok-mon-rule-based-engine,ON,92,first,win
tb_39927049_dedquoc_the-pok-mon-rule-based-engine,ON,93,second,win
tb_39927049_dedquoc_the-pok-mon-rule-based-engine,ON,94,first,win
tb_39927049_dedquoc_the-pok-mon-rule-based-engine,ON,95,second,win
tb_39927049_dedquoc_the-pok-mon-rule-based-engine,ON,96,first,win
tb_39927049_dedquoc_the-pok-mon-rule-based-engine,ON,97,second,win
tb_39927049_dedquoc_the-pok-mon-rule-based-engine,ON,98,first,win
tb_39927049_dedquoc_the-pok-mon-rule-based-engine,ON,99,second,win
tb_39927049_dedquoc_the-pok-mon-rule-based-engine,ON,100,first,win
tb_39927049_dedquoc_the-pok-mon-rule-based-engine,ON,101,second,win
tb_39927049_dedquoc_the-pok-mon-rule-based-engine,ON,102,first,win
tb_39927049_dedquoc_the-pok-mon-rule-based-engine,ON,103,second,win
tb_39927049_dedquoc_the-pok-mon-rule-based-engine,ON,104,first,win
tb_39927049_dedquoc_the-pok-mon-rule-based-engine,ON,105,second,win
tb_39927049_dedquoc_the-pok-mon-rule-based-engine,ON,106,first,win
tb_39927049_dedquoc_the-pok-mon-rule-based-engine,ON,107,second,win
tb_39927049_dedquoc_the-pok-mon-rule-based-engine,ON,108,first,win
tb_39927049_dedquoc_the-pok-mon-rule-based-engine,ON,109,second,win
tb_39927049_dedquoc_the-pok-mon-rule-based-engine,ON,110,first,win
tb_39927049_dedquoc_the-pok-mon-rule-based-engine,ON,111,second,win
tb_39927049_dedquoc_the-pok-mon-rule-based-engine,ON,112,first,win
tb_39927049_dedquoc_the-pok-mon-rule-based-engine,ON,113,second,win
tb_39927049_dedquoc_the-pok-mon-rule-based-engine,ON,114,first,win
tb_39927049_dedquoc_the-pok-mon-rule-based-engine,ON,115,second,win
tb_39927049_dedquoc_the-pok-mon-rule-based-engine,ON,116,first,win
tb_39927049_dedquoc_the-pok-mon-rule-based-engine,ON,117,second,loss
tb_39927049_dedquoc_the-pok-mon-rule-based-engine,ON,118,first,win
tb_39927049_dedquoc_the-pok-mon-rule-based-engine,ON,119,second,win
tb_39927049_dedquoc_the-pok-mon-rule-based-engine,ON,120,first,win
tb_39927049_dedquoc_the-pok-mon-rule-based-engine,ON,121,second,win
tb_39927049_dedquoc_the-pok-mon-rule-based-engine,ON,122,first,win
tb_39927049_dedquoc_the-pok-mon-rule-based-engine,ON,123,second,win
tb_39927049_dedquoc_the-pok-mon-rule-based-engine,ON,124,first,win
tb_39927049_dedquoc_the-pok-mon-rule-based-engine,ON,125,second,win
tb_39927049_dedquoc_the-pok-mon-rule-based-engine,ON,126,first,win
tb_39927049_dedquoc_the-pok-mon-rule-based-engine,ON,127,second,win
tb_39927049_dedquoc_the-pok-mon-rule-based-engine,ON,128,first,win
tb_39927049_dedquoc_the-pok-mon-rule-based-engine,ON,129,second,win
tb_39927049_dedquoc_the-pok-mon-rule-based-engine,ON,130,first,win
tb_39927049_dedquoc_the-pok-mon-rule-based-engine,ON,131,second,win
tb_39927049_dedquoc_the-pok-mon-rule-based-engine,ON,132,first,win
tb_39927049_dedquoc_the-pok-mon-rule-based-engine,ON,133,second,win
tb_39927049_dedquoc_the-pok-mon-rule-based-engine,ON,134,first,win
tb_39927049_dedquoc_the-pok-mon-rule-based-engine,ON,135,second,win
tb_39927049_dedquoc_the-pok-mon-rule-based-engine,ON,136,first,win
tb_39927049_dedquoc_the-pok-mon-rule-based-engine,ON,137,second,win
tb_39927049_dedquoc_the-pok-mon-rule-based-engine,ON,138,first,win
tb_39927049_dedquoc_the-pok-mon-rule-based-engine,ON,139,second,win
tb_39927049_dedquoc_the-pok-mon-rule-based-engine,ON,140,first,win
tb_39927049_dedquoc_the-pok-mon-rule-based-engine,ON,141,second,win
tb_39927049_dedquoc_the-pok-mon-rule-based-engine,ON,142,first,loss
tb_39927049_dedquoc_the-pok-mon-rule-based-engine,ON,143,second,win
tb_39927049_dedquoc_the-pok-mon-rule-based-engine,ON,144,first,win
tb_39927049_dedquoc_the-pok-mon-rule-based-engine,ON,145,second,win
tb_39927049_dedquoc_the-pok-mon-rule-based-engine,ON,146,first,win
tb_39927049_dedquoc_the-pok-mon-rule-based-engine,ON,147,second,win
tb_39927049_dedquoc_the-pok-mon-rule-based-engine,ON,148,first,win
tb_39927049_dedquoc_the-pok-mon-rule-based-engine,ON,149,second,win
tb_39927049_dedquoc_the-pok-mon-rule-based-engine,ON,150,first,win
tb_39927049_dedquoc_the-pok-mon-rule-based-engine,ON,151,second,win
tb_39927049_dedquoc_the-pok-mon-rule-based-engine,ON,152,first,win
tb_39927049_dedquoc_the-pok-mon-rule-based-engine,ON,153,second,win
tb_39927049_dedquoc_the-pok-mon-rule-based-engine,ON,154,first,win
tb_39927049_dedquoc_the-pok-mon-rule-based-engine,ON,155,second,win
tb_39927049_dedquoc_the-pok-mon-rule-based-engine,ON,156,first,win
tb_39927049_dedquoc_the-pok-mon-rule-based-engine,ON,157,second,win
tb_39927049_dedquoc_the-pok-mon-rule-based-engine,ON,158,first,win
tb_39927049_dedquoc_the-pok-mon-rule-based-engine,ON,159,second,win
tb_39927049_dedquoc_the-pok-mon-rule-based-engine,ON,160,first,win
tb_39927049_dedquoc_the-pok-mon-rule-based-engine,ON,161,second,win
tb_39927049_dedquoc_the-pok-mon-rule-based-engine,ON,162,first,win
tb_39927049_dedquoc_the-pok-mon-rule-based-engine,ON,163,second,win
tb_39927049_dedquoc_the-pok-mon-rule-based-engine,ON,164,first,win
tb_39927049_dedquoc_the-pok-mon-rule-based-engine,ON,165,second,win
tb_39927049_dedquoc_the-pok-mon-rule-based-engine,ON,166,first,win
tb_39927049_dedquoc_the-pok-mon-rule-based-engine,ON,167,second,win
tb_39927049_dedquoc_the-pok-mon-rule-based-engine,ON,168,first,win
tb_39927049_dedquoc_the-pok-mon-rule-based-engine,ON,169,second,win
tb_39927049_dedquoc_the-pok-mon-rule-based-engine,ON,170,first,win
tb_39927049_dedquoc_the-pok-mon-rule-based-engine,ON,171,second,win
tb_39927049_dedquoc_the-pok-mon-rule-based-engine,ON,172,first,win
tb_39927049_dedquoc_the-pok-mon-rule-based-engine,ON,173,second,win
tb_39927049_dedquoc_the-pok-mon-rule-based-engine,ON,174,first,win
tb_39927049_dedquoc_the-pok-mon-rule-based-engine,ON,175,second,win
tb_39927049_dedquoc_the-pok-mon-rule-based-engine,ON,176,first,win
tb_39927049_dedquoc_the-pok-mon-rule-based-engine,ON,177,second,win
tb_39927049_dedquoc_the-pok-mon-rule-based-engine,ON,178,first,win
tb_39927049_dedquoc_the-pok-mon-rule-based-engine,ON,179,second,win
tb_39927049_dedquoc_the-pok-mon-rule-based-engine,ON,180,first,win
tb_39927049_dedquoc_the-pok-mon-rule-based-engine,ON,181,second,win
tb_39927049_dedquoc_the-pok-mon-rule-based-engine,ON,182,first,win
tb_39927049_dedquoc_the-pok-mon-rule-based-engine,ON,183,second,win
tb_39927049_dedquoc_the-pok-mon-rule-based-engine,ON,184,first,win
tb_39927049_dedquoc_the-pok-mon-rule-based-engine,ON,185,second,win
tb_39927049_dedquoc_the-pok-mon-rule-based-engine,ON,186,first,win
tb_39927049_dedquoc_the-pok-mon-rule-based-engine,ON,187,second,win
tb_39927049_dedquoc_the-pok-mon-rule-based-engine,ON,188,first,win
tb_39927049_dedquoc_the-pok-mon-rule-based-engine,ON,189,second,win
tb_39927049_dedquoc_the-pok-mon-rule-based-engine,ON,190,first,win
tb_39927049_dedquoc_the-pok-mon-rule-based-engine,ON,191,second,win
tb_39927049_dedquoc_the-pok-mon-rule-based-engine,ON,192,first,win
tb_39927049_dedquoc_the-pok-mon-rule-based-engine,ON,193,second,win
tb_39927049_dedquoc_the-pok-mon-rule-based-engine,ON,194,first,win
tb_39927049_dedquoc_the-pok-mon-rule-based-engine,ON,195,second,win
tb_39927049_dedquoc_the-pok-mon-rule-based-engine,ON,196,first,win
tb_39927049_dedquoc_the-pok-mon-rule-based-engine,ON,197,second,win
tb_39927049_dedquoc_the-pok-mon-rule-based-engine,ON,198,first,win
tb_39927049_dedquoc_the-pok-mon-rule-based-engine,ON,199,second,win
tb_39927049_dedquoc_the-pok-mon-rule-based-engine,ON,200,first,win
tb_39927049_dedquoc_the-pok-mon-rule-based-engine,ON,201,second,win
tb_39927049_dedquoc_the-pok-mon-rule-based-engine,ON,202,first,win
tb_39927049_dedquoc_the-pok-mon-rule-based-engine,ON,203,second,win
tb_39927049_dedquoc_the-pok-mon-rule-based-engine,ON,204,first,win
tb_39927049_dedquoc_the-pok-mon-rule-based-engine,ON,205,second,win
tb_39927049_dedquoc_the-pok-mon-rule-based-engine,ON,206,first,loss
tb_39927049_dedquoc_the-pok-mon-rule-based-engine,ON,207,second,win
tb_39927049_dedquoc_the-pok-mon-rule-based-engine,ON,208,first,win
tb_39927049_dedquoc_the-pok-mon-rule-based-engine,ON,209,second,win
tb_39927049_dedquoc_the-pok-mon-rule-based-engine,ON,210,first,win
tb_39927049_dedquoc_the-pok-mon-rule-based-engine,ON,211,second,win
tb_39927049_dedquoc_the-pok-mon-rule-based-engine,ON,212,first,win
tb_39927049_dedquoc_the-pok-mon-rule-based-engine,ON,213,second,win
tb_39927049_dedquoc_the-pok-mon-rule-based-engine,ON,214,first,win
tb_39927049_dedquoc_the-pok-mon-rule-based-engine,ON,215,second,win
tb_39927049_dedquoc_the-pok-mon-rule-based-engine,ON,216,first,win
tb_39927049_dedquoc_the-pok-mon-rule-based-engine,ON,217,second,win
tb_39927049_dedquoc_the-pok-mon-rule-based-engine,ON,218,first,win
tb_39927049_dedquoc_the-pok-mon-rule-based-engine,ON,219,second,win
tb_39927049_dedquoc_the-pok-mon-rule-based-engine,ON,220,first,win
tb_39927049_dedquoc_the-pok-mon-rule-based-engine,ON,221,second,win
tb_39927049_dedquoc_the-pok-mon-rule-based-engine,ON,222,first,win
tb_39927049_dedquoc_the-pok-mon-rule-based-engine,ON,223,second,win
tb_39927049_dedquoc_the-pok-mon-rule-based-engine,ON,224,first,win
tb_39927049_dedquoc_the-pok-mon-rule-based-engine,ON,225,second,win
tb_39927049_dedquoc_the-pok-mon-rule-based-engine,ON,226,first,win
tb_39927049_dedquoc_the-pok-mon-rule-based-engine,ON,227,second,win
tb_39927049_dedquoc_the-pok-mon-rule-based-engine,ON,228,first,win
tb_39927049_dedquoc_the-pok-mon-rule-based-engine,ON,229,second,win
tb_39927049_dedquoc_the-pok-mon-rule-based-engine,ON,230,first,win
tb_39927049_dedquoc_the-pok-mon-rule-based-engine,ON,231,second,win
tb_39927049_dedquoc_the-pok-mon-rule-based-engine,ON,232,first,win
tb_39927049_dedquoc_the-pok-mon-rule-based-engine,ON,233,second,win
tb_39927049_dedquoc_the-pok-mon-rule-based-engine,ON,234,first,win
tb_39927049_dedquoc_the-pok-mon-rule-based-engine,ON,235,second,win
tb_39927049_dedquoc_the-pok-mon-rule-based-engine,ON,236,first,win
tb_39927049_dedquoc_the-pok-mon-rule-based-engine,ON,237,second,win
tb_39927049_dedquoc_the-pok-mon-rule-based-engine,ON,238,first,win
tb_39927049_dedquoc_the-pok-mon-rule-based-engine,ON,239,second,win
tb_39927049_dedquoc_the-pok-mon-rule-based-engine,ON,240,first,win
tb_39927049_dedquoc_the-pok-mon-rule-based-engine,ON,241,second,win
tb_39927049_dedquoc_the-pok-mon-rule-based-engine,ON,242,first,win
tb_39927049_dedquoc_the-pok-mon-rule-based-engine,ON,243,second,win
tb_39927049_dedquoc_the-pok-mon-rule-based-engine,ON,244,first,win
tb_39927049_dedquoc_the-pok-mon-rule-based-engine,ON,245,second,win
tb_39927049_dedquoc_the-pok-mon-rule-based-engine,ON,246,first,win
tb_39927049_dedquoc_the-pok-mon-rule-based-engine,ON,247,second,win
tb_39927049_dedquoc_the-pok-mon-rule-based-engine,ON,248,first,win
tb_39927049_dedquoc_the-pok-mon-rule-based-engine,ON,249,second,win
tb_39927049_dedquoc_the-pok-mon-rule-based-engine,ON,250,first,win
tb_39927049_dedquoc_the-pok-mon-rule-based-engine,ON,251,second,win
tb_39927049_dedquoc_the-pok-mon-rule-based-engine,ON,252,first,win
tb_39927049_dedquoc_the-pok-mon-rule-based-engine,ON,253,second,win
tb_39927049_dedquoc_the-pok-mon-rule-based-engine,ON,254,first,win
tb_39927049_dedquoc_the-pok-mon-rule-based-engine,ON,255,second,win
tb_39927049_dedquoc_the-pok-mon-rule-based-engine,ON,256,first,win
tb_39927049_dedquoc_the-pok-mon-rule-based-engine,ON,257,second,win
tb_39927049_dedquoc_the-pok-mon-rule-based-engine,ON,258,first,win
tb_39927049_dedquoc_the-pok-mon-rule-based-engine,ON,259,second,win
tb_39927049_dedquoc_the-pok-mon-rule-based-engine,ON,260,first,win
tb_39927049_dedquoc_the-pok-mon-rule-based-engine,ON,261,second,win
tb_39927049_dedquoc_the-pok-mon-rule-based-engine,ON,262,first,win
tb_39927049_dedquoc_the-pok-mon-rule-based-engine,ON,263,second,win
tb_39927049_dedquoc_the-pok-mon-rule-based-engine,ON,264,first,win
tb_39927049_dedquoc_the-pok-mon-rule-based-engine,ON,265,second,win
tb_39927049_dedquoc_the-pok-mon-rule-based-engine,ON,266,first,win
tb_39927049_dedquoc_the-pok-mon-rule-based-engine,ON,267,second,win
tb_39927049_dedquoc_the-pok-mon-rule-based-engine,ON,268,first,win
tb_39927049_dedquoc_the-pok-mon-rule-based-engine,ON,269,second,win
tb_39927049_dedquoc_the-pok-mon-rule-based-engine,ON,270,first,win
tb_39927049_dedquoc_the-pok-mon-rule-based-engine,ON,271,second,win
tb_39927049_dedquoc_the-pok-mon-rule-based-engine,ON,272,first,win
tb_39927049_dedquoc_the-pok-mon-rule-based-engine,ON,273,second,win
tb_39927049_dedquoc_the-pok-mon-rule-based-engine,ON,274,first,win
tb_39927049_dedquoc_the-pok-mon-rule-based-engine,ON,275,second,win
tb_39927049_dedquoc_the-pok-mon-rule-based-engine,ON,276,first,win
tb_39927049_dedquoc_the-pok-mon-rule-based-engine,ON,277,second,win
tb_39927049_dedquoc_the-pok-mon-rule-based-engine,ON,278,first,win
tb_39927049_dedquoc_the-pok-mon-rule-based-engine,ON,279,second,win
tb_39927049_dedquoc_the-pok-mon-rule-based-engine,ON,280,first,win
tb_39927049_dedquoc_the-pok-mon-rule-based-engine,ON,281,second,win
tb_39927049_dedquoc_the-pok-mon-rule-based-engine,ON,282,first,win
tb_39927049_dedquoc_the-pok-mon-rule-based-engine,ON,283,second,win
tb_39927049_dedquoc_the-pok-mon-rule-based-engine,ON,284,first,win
tb_39927049_dedquoc_the-pok-mon-rule-based-engine,ON,285,second,win
tb_39927049_dedquoc_the-pok-mon-rule-based-engine,ON,286,first,win
tb_39927049_dedquoc_the-pok-mon-rule-based-engine,ON,287,second,loss
tb_39927049_dedquoc_the-pok-mon-rule-based-engine,ON,288,first,win
tb_39927049_dedquoc_the-pok-mon-rule-based-engine,ON,289,second,win
tb_39927049_dedquoc_the-pok-mon-rule-based-engine,ON,290,first,win
tb_39927049_dedquoc_the-pok-mon-rule-based-engine,ON,291,second,win
tb_39927049_dedquoc_the-pok-mon-rule-based-engine,ON,292,first,win
tb_39927049_dedquoc_the-pok-mon-rule-based-engine,ON,293,second,win
tb_39927049_dedquoc_the-pok-mon-rule-based-engine,ON,294,first,win
tb_39927049_dedquoc_the-pok-mon-rule-based-engine,ON,295,second,win
tb_39927049_dedquoc_the-pok-mon-rule-based-engine,ON,296,first,win
tb_39927049_dedquoc_the-pok-mon-rule-based-engine,ON,297,second,win
tb_39927049_dedquoc_the-pok-mon-rule-based-engine,ON,298,first,win
tb_39927049_dedquoc_the-pok-mon-rule-based-engine,ON,299,second,win
tb_39927049_dedquoc_the-pok-mon-rule-based-engine,ON,300,first,win
tb_39927049_dedquoc_the-pok-mon-rule-based-engine,ON,301,second,win
tb_39927049_dedquoc_the-pok-mon-rule-based-engine,ON,302,first,win
tb_39927049_dedquoc_the-pok-mon-rule-based-engine,ON,303,second,win
tb_39927049_dedquoc_the-pok-mon-rule-based-engine,ON,304,first,win
tb_39927049_dedquoc_the-pok-mon-rule-based-engine,ON,305,second,win
tb_39927049_dedquoc_the-pok-mon-rule-based-engine,ON,306,first,win
tb_39927049_dedquoc_the-pok-mon-rule-based-engine,ON,307,second,win
tb_39927049_dedquoc_the-pok-mon-rule-based-engine,ON,308,first,win
tb_39927049_dedquoc_the-pok-mon-rule-based-engine,ON,309,second,win
tb_39927049_dedquoc_the-pok-mon-rule-based-engine,ON,310,first,win
tb_39927049_dedquoc_the-pok-mon-rule-based-engine,ON,311,second,win
tb_39927049_dedquoc_the-pok-mon-rule-based-engine,ON,312,first,loss
tb_39927049_dedquoc_the-pok-mon-rule-based-engine,ON,313,second,win
tb_39927049_dedquoc_the-pok-mon-rule-based-engine,ON,314,first,win
tb_39927049_dedquoc_the-pok-mon-rule-based-engine,ON,315,second,win
tb_39927049_dedquoc_the-pok-mon-rule-based-engine,ON,316,first,win
tb_39927049_dedquoc_the-pok-mon-rule-based-engine,ON,317,second,win
tb_39927049_dedquoc_the-pok-mon-rule-based-engine,ON,318,first,win
tb_39927049_dedquoc_the-pok-mon-rule-based-engine,ON,319,second,win
tb_39927049_dedquoc_the-pok-mon-rule-based-engine,ON,320,first,win
tb_39927049_dedquoc_the-pok-mon-rule-based-engine,ON,321,second,win
tb_39927049_dedquoc_the-pok-mon-rule-based-engine,ON,322,first,win
tb_39927049_dedquoc_the-pok-mon-rule-based-engine,ON,323,second,win
tb_39927049_dedquoc_the-pok-mon-rule-based-engine,ON,324,first,win
tb_39927049_dedquoc_the-pok-mon-rule-based-engine,ON,325,second,win
tb_39927049_dedquoc_the-pok-mon-rule-based-engine,ON,326,first,win
tb_39927049_dedquoc_the-pok-mon-rule-based-engine,ON,327,second,win
tb_39927049_dedquoc_the-pok-mon-rule-based-engine,ON,328,first,win
tb_39927049_dedquoc_the-pok-mon-rule-based-engine,ON,329,second,win
tb_39927049_dedquoc_the-pok-mon-rule-based-engine,ON,330,first,win
tb_39927049_dedquoc_the-pok-mon-rule-based-engine,ON,331,second,win
tb_39927049_dedquoc_the-pok-mon-rule-based-engine,ON,332,first,win
tb_39927049_dedquoc_the-pok-mon-rule-based-engine,ON,333,second,win
tb_39927049_dedquoc_the-pok-mon-rule-based-engine,ON,334,first,win
tb_39927049_dedquoc_the-pok-mon-rule-based-engine,ON,335,second,win
tb_39927049_dedquoc_the-pok-mon-rule-based-engine,ON,336,first,win
tb_39927049_dedquoc_the-pok-mon-rule-based-engine,ON,337,second,loss
tb_39927049_dedquoc_the-pok-mon-rule-based-engine,ON,338,first,win
tb_39927049_dedquoc_the-pok-mon-rule-based-engine,ON,339,second,win
tb_39927049_dedquoc_the-pok-mon-rule-based-engine,ON,340,first,win
tb_39927049_dedquoc_the-pok-mon-rule-based-engine,ON,341,second,win
tb_39927049_dedquoc_the-pok-mon-rule-based-engine,ON,342,first,win
tb_39927049_dedquoc_the-pok-mon-rule-based-engine,ON,343,second,win
tb_39927049_dedquoc_the-pok-mon-rule-based-engine,ON,344,first,win
tb_39927049_dedquoc_the-pok-mon-rule-based-engine,ON,345,second,win
tb_39927049_dedquoc_the-pok-mon-rule-based-engine,ON,346,first,win
tb_39927049_dedquoc_the-pok-mon-rule-based-engine,ON,347,second,win
tb_39927049_dedquoc_the-pok-mon-rule-based-engine,ON,348,first,loss
tb_39927049_dedquoc_the-pok-mon-rule-based-engine,ON,349,second,win
tb_39927049_dedquoc_the-pok-mon-rule-based-engine,ON,350,first,win
tb_39927049_dedquoc_the-pok-mon-rule-based-engine,ON,351,second,win
tb_39927049_dedquoc_the-pok-mon-rule-based-engine,ON,352,first,win
tb_39927049_dedquoc_the-pok-mon-rule-based-engine,ON,353,second,win
tb_39927049_dedquoc_the-pok-mon-rule-based-engine,ON,354,first,win
tb_39927049_dedquoc_the-pok-mon-rule-based-engine,ON,355,second,win
tb_39927049_dedquoc_the-pok-mon-rule-based-engine,ON,356,first,win
tb_39927049_dedquoc_the-pok-mon-rule-based-engine,ON,357,second,win
tb_39927049_dedquoc_the-pok-mon-rule-based-engine,ON,358,first,win
tb_39927049_dedquoc_the-pok-mon-rule-based-engine,ON,359,second,win
tb_39927049_dedquoc_the-pok-mon-rule-based-engine,ON,360,first,win
tb_39927049_dedquoc_the-pok-mon-rule-based-engine,ON,361,second,win
tb_39927049_dedquoc_the-pok-mon-rule-based-engine,ON,362,first,win
tb_39927049_dedquoc_the-pok-mon-rule-based-engine,ON,363,second,win
tb_39927049_dedquoc_the-pok-mon-rule-based-engine,ON,364,first,win
tb_39927049_dedquoc_the-pok-mon-rule-based-engine,ON,365,second,win
tb_39927049_dedquoc_the-pok-mon-rule-based-engine,ON,366,first,win
tb_39927049_dedquoc_the-pok-mon-rule-based-engine,ON,367,second,win
tb_39927049_dedquoc_the-pok-mon-rule-based-engine,ON,368,first,win
tb_39927049_dedquoc_the-pok-mon-rule-based-engine,ON,369,second,win
tb_39927049_dedquoc_the-pok-mon-rule-based-engine,ON,370,first,win
tb_39927049_dedquoc_the-pok-mon-rule-based-engine,ON,371,second,loss
tb_39927049_dedquoc_the-pok-mon-rule-based-engine,ON,372,first,win
tb_39927049_dedquoc_the-pok-mon-rule-based-engine,ON,373,second,win
tb_39927049_dedquoc_the-pok-mon-rule-based-engine,ON,374,first,win
tb_39927049_dedquoc_the-pok-mon-rule-based-engine,ON,375,second,win
tb_39927049_dedquoc_the-pok-mon-rule-based-engine,ON,376,first,win
tb_39927049_dedquoc_the-pok-mon-rule-based-engine,ON,377,second,win
tb_39927049_dedquoc_the-pok-mon-rule-based-engine,ON,378,first,win
tb_39927049_dedquoc_the-pok-mon-rule-based-engine,ON,379,second,win
tb_39927049_dedquoc_the-pok-mon-rule-based-engine,ON,380,first,loss
tb_39927049_dedquoc_the-pok-mon-rule-based-engine,ON,381,second,win
tb_39927049_dedquoc_the-pok-mon-rule-based-engine,ON,382,first,win
tb_39927049_dedquoc_the-pok-mon-rule-based-engine,ON,383,second,win
tb_39927049_dedquoc_the-pok-mon-rule-based-engine,ON,384,first,win
tb_39927049_dedquoc_the-pok-mon-rule-based-engine,ON,385,second,win
tb_39927049_dedquoc_the-pok-mon-rule-based-engine,ON,386,first,win
tb_39927049_dedquoc_the-pok-mon-rule-based-engine,ON,387,second,win
tb_39927049_dedquoc_the-pok-mon-rule-based-engine,ON,388,first,win
tb_39927049_dedquoc_the-pok-mon-rule-based-engine,ON,389,second,win
tb_39927049_dedquoc_the-pok-mon-rule-based-engine,ON,390,first,win
tb_39927049_dedquoc_the-pok-mon-rule-based-engine,ON,391,second,win
tb_39927049_dedquoc_the-pok-mon-rule-based-engine,ON,392,first,win
tb_39927049_dedquoc_the-pok-mon-rule-based-engine,ON,393,second,win
tb_39927049_dedquoc_the-pok-mon-rule-based-engine,ON,394,first,win
tb_39927049_dedquoc_the-pok-mon-rule-based-engine,ON,395,second,win
tb_39927049_dedquoc_the-pok-mon-rule-based-engine,ON,396,first,win
tb_39927049_dedquoc_the-pok-mon-rule-based-engine,ON,397,second,win
tb_39927049_dedquoc_the-pok-mon-rule-based-engine,ON,398,first,win
tb_39927049_dedquoc_the-pok-mon-rule-based-engine,ON,399,second,win
tb_39927049_dedquoc_the-pok-mon-rule-based-engine,ON,400,first,win
tb_39927049_dedquoc_the-pok-mon-rule-based-engine,ON,401,second,win
tb_39927049_dedquoc_the-pok-mon-rule-based-engine,ON,402,first,win
tb_39927049_dedquoc_the-pok-mon-rule-based-engine,ON,403,second,win
tb_39927049_dedquoc_the-pok-mon-rule-based-engine,ON,404,first,win
tb_39927049_dedquoc_the-pok-mon-rule-based-engine,ON,405,second,win
tb_39927049_dedquoc_the-pok-mon-rule-based-engine,ON,406,first,win
tb_39927049_dedquoc_the-pok-mon-rule-based-engine,ON,407,second,win
tb_39927049_dedquoc_the-pok-mon-rule-based-engine,ON,408,first,win
tb_39927049_dedquoc_the-pok-mon-rule-based-engine,ON,409,second,win
tb_39927049_dedquoc_the-pok-mon-rule-based-engine,ON,410,first,win
tb_39927049_dedquoc_the-pok-mon-rule-based-engine,ON,411,second,win
tb_39927049_dedquoc_the-pok-mon-rule-based-engine,ON,412,first,win
tb_39927049_dedquoc_the-pok-mon-rule-based-engine,ON,413,second,win
tb_39927049_dedquoc_the-pok-mon-rule-based-engine,ON,414,first,win
tb_39927049_dedquoc_the-pok-mon-rule-based-engine,ON,415,second,win
tb_39927049_dedquoc_the-pok-mon-rule-based-engine,ON,416,first,win
tb_39927049_dedquoc_the-pok-mon-rule-based-engine,ON,417,second,win
tb_39927049_dedquoc_the-pok-mon-rule-based-engine,ON,418,first,win
tb_39927049_dedquoc_the-pok-mon-rule-based-engine,ON,419,second,win
tb_39927049_dedquoc_the-pok-mon-rule-based-engine,ON,420,first,win
tb_39927049_dedquoc_the-pok-mon-rule-based-engine,ON,421,second,win
tb_39927049_dedquoc_the-pok-mon-rule-based-engine,ON,422,first,win
tb_39927049_dedquoc_the-pok-mon-rule-based-engine,ON,423,second,win
tb_39927049_dedquoc_the-pok-mon-rule-based-engine,ON,424,first,win
tb_39927049_dedquoc_the-pok-mon-rule-based-engine,ON,425,second,win
tb_39927049_dedquoc_the-pok-mon-rule-based-engine,ON,426,first,win
tb_39927049_dedquoc_the-pok-mon-rule-based-engine,ON,427,second,win
tb_39927049_dedquoc_the-pok-mon-rule-based-engine,ON,428,first,win
tb_39927049_dedquoc_the-pok-mon-rule-based-engine,ON,429,second,win
tb_39927049_dedquoc_the-pok-mon-rule-based-engine,ON,430,first,win
tb_39927049_dedquoc_the-pok-mon-rule-based-engine,ON,431,second,win
tb_39927049_dedquoc_the-pok-mon-rule-based-engine,ON,432,first,win
tb_39927049_dedquoc_the-pok-mon-rule-based-engine,ON,433,second,win
tb_39927049_dedquoc_the-pok-mon-rule-based-engine,ON,434,first,win
tb_39927049_dedquoc_the-pok-mon-rule-based-engine,ON,435,second,win
tb_39927049_dedquoc_the-pok-mon-rule-based-engine,ON,436,first,win
tb_39927049_dedquoc_the-pok-mon-rule-based-engine,ON,437,second,win
tb_39927049_dedquoc_the-pok-mon-rule-based-engine,ON,438,first,win
tb_39927049_dedquoc_the-pok-mon-rule-based-engine,ON,439,second,win
tb_39927049_dedquoc_the-pok-mon-rule-based-engine,ON,440,first,win
tb_39927049_dedquoc_the-pok-mon-rule-based-engine,ON,441,second,win
tb_39927049_dedquoc_the-pok-mon-rule-based-engine,ON,442,first,loss
tb_39927049_dedquoc_the-pok-mon-rule-based-engine,ON,443,second,win
tb_39927049_dedquoc_the-pok-mon-rule-based-engine,ON,444,first,win
tb_39927049_dedquoc_the-pok-mon-rule-based-engine,ON,445,second,win
tb_39927049_dedquoc_the-pok-mon-rule-based-engine,ON,446,first,win
tb_39927049_dedquoc_the-pok-mon-rule-based-engine,ON,447,second,win
tb_39927049_dedquoc_the-pok-mon-rule-based-engine,ON,448,first,win
tb_39927049_dedquoc_the-pok-mon-rule-based-engine,ON,449,second,win
tb_39927049_dedquoc_the-pok-mon-rule-based-engine,ON,450,first,win
tb_39927049_dedquoc_the-pok-mon-rule-based-engine,ON,451,second,win
tb_39927049_dedquoc_the-pok-mon-rule-based-engine,ON,452,first,win
tb_39927049_dedquoc_the-pok-mon-rule-based-engine,ON,453,second,win
tb_39927049_dedquoc_the-pok-mon-rule-based-engine,ON,454,first,loss
tb_39927049_dedquoc_the-pok-mon-rule-based-engine,ON,455,second,win
tb_39927049_dedquoc_the-pok-mon-rule-based-engine,ON,456,first,win
tb_39927049_dedquoc_the-pok-mon-rule-based-engine,ON,457,second,win
tb_39927049_dedquoc_the-pok-mon-rule-based-engine,ON,458,first,win
tb_39927049_dedquoc_the-pok-mon-rule-based-engine,ON,459,second,win
tb_39927049_dedquoc_the-pok-mon-rule-based-engine,ON,460,first,win
tb_39927049_dedquoc_the-pok-mon-rule-based-engine,ON,461,second,win
tb_39927049_dedquoc_the-pok-mon-rule-based-engine,ON,462,first,win
tb_39927049_dedquoc_the-pok-mon-rule-based-engine,ON,463,second,win
tb_39927049_dedquoc_the-pok-mon-rule-based-engine,ON,464,first,win
tb_39927049_dedquoc_the-pok-mon-rule-based-engine,ON,465,second,win
tb_39927049_dedquoc_the-pok-mon-rule-based-engine,ON,466,first,win
tb_39927049_dedquoc_the-pok-mon-rule-based-engine,ON,467,second,win
tb_39927049_dedquoc_the-pok-mon-rule-based-engine,ON,468,first,win
tb_39927049_dedquoc_the-pok-mon-rule-based-engine,ON,469,second,win
tb_39927049_dedquoc_the-pok-mon-rule-based-engine,ON,470,first,win
tb_39927049_dedquoc_the-pok-mon-rule-based-engine,ON,471,second,win
tb_39927049_dedquoc_the-pok-mon-rule-based-engine,ON,472,first,win
tb_39927049_dedquoc_the-pok-mon-rule-based-engine,ON,473,second,win
tb_39927049_dedquoc_the-pok-mon-rule-based-engine,ON,474,first,win
tb_39927049_dedquoc_the-pok-mon-rule-based-engine,ON,475,second,win
tb_39927049_dedquoc_the-pok-mon-rule-based-engine,ON,476,first,win
tb_39927049_dedquoc_the-pok-mon-rule-based-engine,ON,477,second,win
tb_39927049_dedquoc_the-pok-mon-rule-based-engine,ON,478,first,win
tb_39927049_dedquoc_the-pok-mon-rule-based-engine,ON,479,second,win
tb_39927049_dedquoc_the-pok-mon-rule-based-engine,ON,480,first,win
tb_39927049_dedquoc_the-pok-mon-rule-based-engine,ON,481,second,win
tb_39927049_dedquoc_the-pok-mon-rule-based-engine,ON,482,first,win
tb_39927049_dedquoc_the-pok-mon-rule-based-engine,ON,483,second,win
tb_39927049_dedquoc_the-pok-mon-rule-based-engine,ON,484,first,win
tb_39927049_dedquoc_the-pok-mon-rule-based-engine,ON,485,second,win
tb_39927049_dedquoc_the-pok-mon-rule-based-engine,ON,486,first,win
tb_39927049_dedquoc_the-pok-mon-rule-based-engine,ON,487,second,win
tb_39927049_dedquoc_the-pok-mon-rule-based-engine,ON,488,first,win
tb_39927049_dedquoc_the-pok-mon-rule-based-engine,ON,489,second,win
tb_39927049_dedquoc_the-pok-mon-rule-based-engine,ON,490,first,win
tb_39927049_dedquoc_the-pok-mon-rule-based-engine,ON,491,second,win
tb_39927049_dedquoc_the-pok-mon-rule-based-engine,ON,492,first,win
tb_39927049_dedquoc_the-pok-mon-rule-based-engine,ON,493,second,win
tb_39927049_dedquoc_the-pok-mon-rule-based-engine,ON,494,first,win
tb_39927049_dedquoc_the-pok-mon-rule-based-engine,ON,495,second,win
tb_39927049_dedquoc_the-pok-mon-rule-based-engine,ON,496,first,win
tb_39927049_dedquoc_the-pok-mon-rule-based-engine,ON,497,second,win
tb_39927049_dedquoc_the-pok-mon-rule-based-engine,ON,498,first,win
tb_39927049_dedquoc_the-pok-mon-rule-based-engine,ON,499,second,win
tb_39927049_dedquoc_the-pok-mon-rule-based-engine,ON,500,first,win
tb_39927049_dedquoc_the-pok-mon-rule-based-engine,ON,501,second,loss
tb_39927049_dedquoc_the-pok-mon-rule-based-engine,ON,502,first,win
tb_39927049_dedquoc_the-pok-mon-rule-based-engine,ON,503,second,win
tb_39927049_dedquoc_the-pok-mon-rule-based-engine,ON,504,first,win
tb_39927049_dedquoc_the-pok-mon-rule-based-engine,ON,505,second,win
tb_39927049_dedquoc_the-pok-mon-rule-based-engine,ON,506,first,win
tb_39927049_dedquoc_the-pok-mon-rule-based-engine,ON,507,second,win
tb_39927049_dedquoc_the-pok-mon-rule-based-engine,ON,508,first,win
tb_39927049_dedquoc_the-pok-mon-rule-based-engine,ON,509,second,win
tb_39927049_dedquoc_the-pok-mon-rule-based-engine,ON,510,first,win
tb_39927049_dedquoc_the-pok-mon-rule-based-engine,ON,511,second,win
tb_39927049_dedquoc_the-pok-mon-rule-based-engine,ON,512,first,win
tb_39927049_dedquoc_the-pok-mon-rule-based-engine,ON,513,second,win
tb_39927049_dedquoc_the-pok-mon-rule-based-engine,ON,514,first,win
tb_39927049_dedquoc_the-pok-mon-rule-based-engine,ON,515,second,win
tb_39927049_dedquoc_the-pok-mon-rule-based-engine,ON,516,first,win
tb_39927049_dedquoc_the-pok-mon-rule-based-engine,ON,517,second,win
tb_39927049_dedquoc_the-pok-mon-rule-based-engine,ON,518,first,win
tb_39927049_dedquoc_the-pok-mon-rule-based-engine,ON,519,second,win
tb_39927049_dedquoc_the-pok-mon-rule-based-engine,ON,520,first,win
tb_39927049_dedquoc_the-pok-mon-rule-based-engine,ON,521,second,win
tb_39927049_dedquoc_the-pok-mon-rule-based-engine,ON,522,first,win
tb_39927049_dedquoc_the-pok-mon-rule-based-engine,ON,523,second,win
tb_39927049_dedquoc_the-pok-mon-rule-based-engine,ON,524,first,win
tb_39927049_dedquoc_the-pok-mon-rule-based-engine,ON,525,second,win
tb_39927049_dedquoc_the-pok-mon-rule-based-engine,ON,526,first,win
tb_39927049_dedquoc_the-pok-mon-rule-based-engine,ON,527,second,win
tb_39927049_dedquoc_the-pok-mon-rule-based-engine,ON,528,first,loss
tb_39927049_dedquoc_the-pok-mon-rule-based-engine,ON,529,second,win
tb_39927049_dedquoc_the-pok-mon-rule-based-engine,ON,530,first,win
tb_39927049_dedquoc_the-pok-mon-rule-based-engine,ON,531,second,win
tb_39927049_dedquoc_the-pok-mon-rule-based-engine,ON,532,first,win
tb_39927049_dedquoc_the-pok-mon-rule-based-engine,ON,533,second,win
tb_39927049_dedquoc_the-pok-mon-rule-based-engine,ON,534,first,win
tb_39927049_dedquoc_the-pok-mon-rule-based-engine,ON,535,second,win
tb_39927049_dedquoc_the-pok-mon-rule-based-engine,ON,536,first,win
tb_39927049_dedquoc_the-pok-mon-rule-based-engine,ON,537,second,win
tb_39927049_dedquoc_the-pok-mon-rule-based-engine,ON,538,first,win
tb_39927049_dedquoc_the-pok-mon-rule-based-engine,ON,539,second,win
tb_39927049_dedquoc_the-pok-mon-rule-based-engine,ON,540,first,win
tb_39927049_dedquoc_the-pok-mon-rule-based-engine,ON,541,second,win
tb_39927049_dedquoc_the-pok-mon-rule-based-engine,ON,542,first,win
tb_39927049_dedquoc_the-pok-mon-rule-based-engine,ON,543,second,win
tb_39927049_dedquoc_the-pok-mon-rule-based-engine,ON,544,first,win
tb_39927049_dedquoc_the-pok-mon-rule-based-engine,ON,545,second,win
tb_39927049_dedquoc_the-pok-mon-rule-based-engine,ON,546,first,loss
tb_39927049_dedquoc_the-pok-mon-rule-based-engine,ON,547,second,win
tb_39927049_dedquoc_the-pok-mon-rule-based-engine,ON,548,first,win
tb_39927049_dedquoc_the-pok-mon-rule-based-engine,ON,549,second,win
tb_39927049_dedquoc_the-pok-mon-rule-based-engine,ON,550,first,win
tb_39927049_dedquoc_the-pok-mon-rule-based-engine,ON,551,second,win
tb_39927049_dedquoc_the-pok-mon-rule-based-engine,ON,552,first,win
tb_39927049_dedquoc_the-pok-mon-rule-based-engine,ON,553,second,win
tb_39927049_dedquoc_the-pok-mon-rule-based-engine,ON,554,first,win
tb_39927049_dedquoc_the-pok-mon-rule-based-engine,ON,555,second,win
tb_39927049_dedquoc_the-pok-mon-rule-based-engine,ON,556,first,win
tb_39927049_dedquoc_the-pok-mon-rule-based-engine,ON,557,second,win
tb_39927049_dedquoc_the-pok-mon-rule-based-engine,ON,558,first,win
tb_39927049_dedquoc_the-pok-mon-rule-based-engine,ON,559,second,loss
tb_39927049_dedquoc_the-pok-mon-rule-based-engine,ON,560,first,loss
tb_39927049_dedquoc_the-pok-mon-rule-based-engine,ON,561,second,win
tb_39927049_dedquoc_the-pok-mon-rule-based-engine,ON,562,first,win
tb_39927049_dedquoc_the-pok-mon-rule-based-engine,ON,563,second,win
tb_39927049_dedquoc_the-pok-mon-rule-based-engine,ON,564,first,win
tb_39927049_dedquoc_the-pok-mon-rule-based-engine,ON,565,second,win
tb_39927049_dedquoc_the-pok-mon-rule-based-engine,ON,566,first,win
tb_39927049_dedquoc_the-pok-mon-rule-based-engine,ON,567,second,win
tb_39927049_dedquoc_the-pok-mon-rule-based-engine,ON,568,first,win
tb_39927049_dedquoc_the-pok-mon-rule-based-engine,ON,569,second,loss
tb_39927049_dedquoc_the-pok-mon-rule-based-engine,ON,570,first,loss
tb_39927049_dedquoc_the-pok-mon-rule-based-engine,ON,571,second,win
tb_39927049_dedquoc_the-pok-mon-rule-based-engine,ON,572,first,win
tb_39927049_dedquoc_the-pok-mon-rule-based-engine,ON,573,second,win
tb_39927049_dedquoc_the-pok-mon-rule-based-engine,ON,574,first,win
tb_39927049_dedquoc_the-pok-mon-rule-based-engine,ON,575,second,win
tb_39927049_dedquoc_the-pok-mon-rule-based-engine,ON,576,first,win
tb_39927049_dedquoc_the-pok-mon-rule-based-engine,ON,577,second,win
tb_39927049_dedquoc_the-pok-mon-rule-based-engine,ON,578,first,win
tb_39927049_dedquoc_the-pok-mon-rule-based-engine,ON,579,second,win
tb_39927049_dedquoc_the-pok-mon-rule-based-engine,ON,580,first,loss
tb_39927049_dedquoc_the-pok-mon-rule-based-engine,ON,581,second,win
tb_39927049_dedquoc_the-pok-mon-rule-based-engine,ON,582,first,win
tb_39927049_dedquoc_the-pok-mon-rule-based-engine,ON,583,second,win
tb_39927049_dedquoc_the-pok-mon-rule-based-engine,ON,584,first,win
tb_39927049_dedquoc_the-pok-mon-rule-based-engine,ON,585,second,win
tb_39927049_dedquoc_the-pok-mon-rule-based-engine,ON,586,first,win
tb_39927049_dedquoc_the-pok-mon-rule-based-engine,ON,587,second,win
tb_39927049_dedquoc_the-pok-mon-rule-based-engine,ON,588,first,win
tb_39927049_dedquoc_the-pok-mon-rule-based-engine,ON,589,second,win
tb_39927049_dedquoc_the-pok-mon-rule-based-engine,ON,590,first,win
tb_39927049_dedquoc_the-pok-mon-rule-based-engine,ON,591,second,win
tb_39927049_dedquoc_the-pok-mon-rule-based-engine,ON,592,first,win
tb_39927049_dedquoc_the-pok-mon-rule-based-engine,ON,593,second,win
tb_39927049_dedquoc_the-pok-mon-rule-based-engine,ON,594,first,win
tb_39927049_dedquoc_the-pok-mon-rule-based-engine,ON,595,second,win
tb_39927049_dedquoc_the-pok-mon-rule-based-engine,ON,596,first,win
tb_39927049_dedquoc_the-pok-mon-rule-based-engine,ON,597,second,win
tb_39927049_dedquoc_the-pok-mon-rule-based-engine,ON,598,first,win
tb_39927049_dedquoc_the-pok-mon-rule-based-engine,ON,599,second,win
tb_64e9991a_raunakdey07_pok-mon-tcg-advanced-heuristic-agent,OFF,0,first,win
tb_64e9991a_raunakdey07_pok-mon-tcg-advanced-heuristic-agent,OFF,1,second,loss
tb_64e9991a_raunakdey07_pok-mon-tcg-advanced-heuristic-agent,OFF,2,first,win
tb_64e9991a_raunakdey07_pok-mon-tcg-advanced-heuristic-agent,OFF,3,second,loss
tb_64e9991a_raunakdey07_pok-mon-tcg-advanced-heuristic-agent,OFF,4,first,loss
tb_64e9991a_raunakdey07_pok-mon-tcg-advanced-heuristic-agent,OFF,5,second,loss
tb_64e9991a_raunakdey07_pok-mon-tcg-advanced-heuristic-agent,OFF,6,first,loss
tb_64e9991a_raunakdey07_pok-mon-tcg-advanced-heuristic-agent,OFF,7,second,win
tb_64e9991a_raunakdey07_pok-mon-tcg-advanced-heuristic-agent,OFF,8,first,loss
tb_64e9991a_raunakdey07_pok-mon-tcg-advanced-heuristic-agent,OFF,9,second,win
tb_64e9991a_raunakdey07_pok-mon-tcg-advanced-heuristic-agent,OFF,10,first,loss
tb_64e9991a_raunakdey07_pok-mon-tcg-advanced-heuristic-agent,OFF,11,second,win
tb_64e9991a_raunakdey07_pok-mon-tcg-advanced-heuristic-agent,OFF,12,first,loss
tb_64e9991a_raunakdey07_pok-mon-tcg-advanced-heuristic-agent,OFF,13,second,win
tb_64e9991a_raunakdey07_pok-mon-tcg-advanced-heuristic-agent,OFF,14,first,win
tb_64e9991a_raunakdey07_pok-mon-tcg-advanced-heuristic-agent,OFF,15,second,loss
tb_64e9991a_raunakdey07_pok-mon-tcg-advanced-heuristic-agent,OFF,16,first,loss
tb_64e9991a_raunakdey07_pok-mon-tcg-advanced-heuristic-agent,OFF,17,second,loss
tb_64e9991a_raunakdey07_pok-mon-tcg-advanced-heuristic-agent,OFF,18,first,loss
tb_64e9991a_raunakdey07_pok-mon-tcg-advanced-heuristic-agent,OFF,19,second,loss
tb_64e9991a_raunakdey07_pok-mon-tcg-advanced-heuristic-agent,OFF,20,first,loss
tb_64e9991a_raunakdey07_pok-mon-tcg-advanced-heuristic-agent,OFF,21,second,loss
tb_64e9991a_raunakdey07_pok-mon-tcg-advanced-heuristic-agent,OFF,22,first,win
tb_64e9991a_raunakdey07_pok-mon-tcg-advanced-heuristic-agent,OFF,23,second,win
tb_64e9991a_raunakdey07_pok-mon-tcg-advanced-heuristic-agent,OFF,24,first,win
tb_64e9991a_raunakdey07_pok-mon-tcg-advanced-heuristic-agent,OFF,25,second,win
tb_64e9991a_raunakdey07_pok-mon-tcg-advanced-heuristic-agent,OFF,26,first,loss
tb_64e9991a_raunakdey07_pok-mon-tcg-advanced-heuristic-agent,OFF,27,second,loss
tb_64e9991a_raunakdey07_pok-mon-tcg-advanced-heuristic-agent,OFF,28,first,loss
tb_64e9991a_raunakdey07_pok-mon-tcg-advanced-heuristic-agent,OFF,29,second,loss
tb_64e9991a_raunakdey07_pok-mon-tcg-advanced-heuristic-agent,OFF,30,first,win
tb_64e9991a_raunakdey07_pok-mon-tcg-advanced-heuristic-agent,OFF,31,second,loss
tb_64e9991a_raunakdey07_pok-mon-tcg-advanced-heuristic-agent,OFF,32,first,loss
tb_64e9991a_raunakdey07_pok-mon-tcg-advanced-heuristic-agent,OFF,33,second,loss
tb_64e9991a_raunakdey07_pok-mon-tcg-advanced-heuristic-agent,OFF,34,first,win
tb_64e9991a_raunakdey07_pok-mon-tcg-advanced-heuristic-agent,OFF,35,second,loss
tb_64e9991a_raunakdey07_pok-mon-tcg-advanced-heuristic-agent,OFF,36,first,win
tb_64e9991a_raunakdey07_pok-mon-tcg-advanced-heuristic-agent,OFF,37,second,loss
tb_64e9991a_raunakdey07_pok-mon-tcg-advanced-heuristic-agent,OFF,38,first,win
tb_64e9991a_raunakdey07_pok-mon-tcg-advanced-heuristic-agent,OFF,39,second,loss
tb_64e9991a_raunakdey07_pok-mon-tcg-advanced-heuristic-agent,OFF,40,first,win
tb_64e9991a_raunakdey07_pok-mon-tcg-advanced-heuristic-agent,OFF,41,second,loss
tb_64e9991a_raunakdey07_pok-mon-tcg-advanced-heuristic-agent,OFF,42,first,loss
tb_64e9991a_raunakdey07_pok-mon-tcg-advanced-heuristic-agent,OFF,43,second,win
tb_64e9991a_raunakdey07_pok-mon-tcg-advanced-heuristic-agent,OFF,44,first,win
tb_64e9991a_raunakdey07_pok-mon-tcg-advanced-heuristic-agent,OFF,45,second,loss
tb_64e9991a_raunakdey07_pok-mon-tcg-advanced-heuristic-agent,OFF,46,first,loss
tb_64e9991a_raunakdey07_pok-mon-tcg-advanced-heuristic-agent,OFF,47,second,win
tb_64e9991a_raunakdey07_pok-mon-tcg-advanced-heuristic-agent,OFF,48,first,loss
tb_64e9991a_raunakdey07_pok-mon-tcg-advanced-heuristic-agent,OFF,49,second,win
tb_64e9991a_raunakdey07_pok-mon-tcg-advanced-heuristic-agent,OFF,50,first,loss
tb_64e9991a_raunakdey07_pok-mon-tcg-advanced-heuristic-agent,OFF,51,second,loss
tb_64e9991a_raunakdey07_pok-mon-tcg-advanced-heuristic-agent,OFF,52,first,loss
tb_64e9991a_raunakdey07_pok-mon-tcg-advanced-heuristic-agent,OFF,53,second,win
tb_64e9991a_raunakdey07_pok-mon-tcg-advanced-heuristic-agent,OFF,54,first,loss
tb_64e9991a_raunakdey07_pok-mon-tcg-advanced-heuristic-agent,OFF,55,second,loss
tb_64e9991a_raunakdey07_pok-mon-tcg-advanced-heuristic-agent,OFF,56,first,win
tb_64e9991a_raunakdey07_pok-mon-tcg-advanced-heuristic-agent,OFF,57,second,loss
tb_64e9991a_raunakdey07_pok-mon-tcg-advanced-heuristic-agent,OFF,58,first,win
tb_64e9991a_raunakdey07_pok-mon-tcg-advanced-heuristic-agent,OFF,59,second,loss
tb_64e9991a_raunakdey07_pok-mon-tcg-advanced-heuristic-agent,OFF,60,first,win
tb_64e9991a_raunakdey07_pok-mon-tcg-advanced-heuristic-agent,OFF,61,second,win
tb_64e9991a_raunakdey07_pok-mon-tcg-advanced-heuristic-agent,OFF,62,first,loss
tb_64e9991a_raunakdey07_pok-mon-tcg-advanced-heuristic-agent,OFF,63,second,loss
tb_64e9991a_raunakdey07_pok-mon-tcg-advanced-heuristic-agent,OFF,64,first,win
tb_64e9991a_raunakdey07_pok-mon-tcg-advanced-heuristic-agent,OFF,65,second,loss
tb_64e9991a_raunakdey07_pok-mon-tcg-advanced-heuristic-agent,OFF,66,first,win
tb_64e9991a_raunakdey07_pok-mon-tcg-advanced-heuristic-agent,OFF,67,second,loss
tb_64e9991a_raunakdey07_pok-mon-tcg-advanced-heuristic-agent,OFF,68,first,win
tb_64e9991a_raunakdey07_pok-mon-tcg-advanced-heuristic-agent,OFF,69,second,win
tb_64e9991a_raunakdey07_pok-mon-tcg-advanced-heuristic-agent,OFF,70,first,win
tb_64e9991a_raunakdey07_pok-mon-tcg-advanced-heuristic-agent,OFF,71,second,loss
tb_64e9991a_raunakdey07_pok-mon-tcg-advanced-heuristic-agent,OFF,72,first,win
tb_64e9991a_raunakdey07_pok-mon-tcg-advanced-heuristic-agent,OFF,73,second,loss
tb_64e9991a_raunakdey07_pok-mon-tcg-advanced-heuristic-agent,OFF,74,first,loss
tb_64e9991a_raunakdey07_pok-mon-tcg-advanced-heuristic-agent,OFF,75,second,loss
tb_64e9991a_raunakdey07_pok-mon-tcg-advanced-heuristic-agent,OFF,76,first,loss
tb_64e9991a_raunakdey07_pok-mon-tcg-advanced-heuristic-agent,OFF,77,second,win
tb_64e9991a_raunakdey07_pok-mon-tcg-advanced-heuristic-agent,OFF,78,first,win
tb_64e9991a_raunakdey07_pok-mon-tcg-advanced-heuristic-agent,OFF,79,second,loss
tb_64e9991a_raunakdey07_pok-mon-tcg-advanced-heuristic-agent,OFF,80,first,loss
tb_64e9991a_raunakdey07_pok-mon-tcg-advanced-heuristic-agent,OFF,81,second,win
tb_64e9991a_raunakdey07_pok-mon-tcg-advanced-heuristic-agent,OFF,82,first,loss
tb_64e9991a_raunakdey07_pok-mon-tcg-advanced-heuristic-agent,OFF,83,second,win
tb_64e9991a_raunakdey07_pok-mon-tcg-advanced-heuristic-agent,OFF,84,first,loss
tb_64e9991a_raunakdey07_pok-mon-tcg-advanced-heuristic-agent,OFF,85,second,loss
tb_64e9991a_raunakdey07_pok-mon-tcg-advanced-heuristic-agent,OFF,86,first,win
tb_64e9991a_raunakdey07_pok-mon-tcg-advanced-heuristic-agent,OFF,87,second,loss
tb_64e9991a_raunakdey07_pok-mon-tcg-advanced-heuristic-agent,OFF,88,first,win
tb_64e9991a_raunakdey07_pok-mon-tcg-advanced-heuristic-agent,OFF,89,second,loss
tb_64e9991a_raunakdey07_pok-mon-tcg-advanced-heuristic-agent,OFF,90,first,loss
tb_64e9991a_raunakdey07_pok-mon-tcg-advanced-heuristic-agent,OFF,91,second,loss
tb_64e9991a_raunakdey07_pok-mon-tcg-advanced-heuristic-agent,OFF,92,first,win
tb_64e9991a_raunakdey07_pok-mon-tcg-advanced-heuristic-agent,OFF,93,second,loss
tb_64e9991a_raunakdey07_pok-mon-tcg-advanced-heuristic-agent,OFF,94,first,win
tb_64e9991a_raunakdey07_pok-mon-tcg-advanced-heuristic-agent,OFF,95,second,loss
tb_64e9991a_raunakdey07_pok-mon-tcg-advanced-heuristic-agent,OFF,96,first,win
tb_64e9991a_raunakdey07_pok-mon-tcg-advanced-heuristic-agent,OFF,97,second,loss
tb_64e9991a_raunakdey07_pok-mon-tcg-advanced-heuristic-agent,OFF,98,first,loss
tb_64e9991a_raunakdey07_pok-mon-tcg-advanced-heuristic-agent,OFF,99,second,loss
tb_64e9991a_raunakdey07_pok-mon-tcg-advanced-heuristic-agent,OFF,100,first,win
tb_64e9991a_raunakdey07_pok-mon-tcg-advanced-heuristic-agent,OFF,101,second,loss
tb_64e9991a_raunakdey07_pok-mon-tcg-advanced-heuristic-agent,OFF,102,first,win
tb_64e9991a_raunakdey07_pok-mon-tcg-advanced-heuristic-agent,OFF,103,second,win
tb_64e9991a_raunakdey07_pok-mon-tcg-advanced-heuristic-agent,OFF,104,first,loss
tb_64e9991a_raunakdey07_pok-mon-tcg-advanced-heuristic-agent,OFF,105,second,loss
tb_64e9991a_raunakdey07_pok-mon-tcg-advanced-heuristic-agent,OFF,106,first,loss
tb_64e9991a_raunakdey07_pok-mon-tcg-advanced-heuristic-agent,OFF,107,second,win
tb_64e9991a_raunakdey07_pok-mon-tcg-advanced-heuristic-agent,OFF,108,first,loss
tb_64e9991a_raunakdey07_pok-mon-tcg-advanced-heuristic-agent,OFF,109,second,loss
tb_64e9991a_raunakdey07_pok-mon-tcg-advanced-heuristic-agent,OFF,110,first,loss
tb_64e9991a_raunakdey07_pok-mon-tcg-advanced-heuristic-agent,OFF,111,second,win
tb_64e9991a_raunakdey07_pok-mon-tcg-advanced-heuristic-agent,OFF,112,first,loss
tb_64e9991a_raunakdey07_pok-mon-tcg-advanced-heuristic-agent,OFF,113,second,loss
tb_64e9991a_raunakdey07_pok-mon-tcg-advanced-heuristic-agent,OFF,114,first,loss
tb_64e9991a_raunakdey07_pok-mon-tcg-advanced-heuristic-agent,OFF,115,second,loss
tb_64e9991a_raunakdey07_pok-mon-tcg-advanced-heuristic-agent,OFF,116,first,win
tb_64e9991a_raunakdey07_pok-mon-tcg-advanced-heuristic-agent,OFF,117,second,loss
tb_64e9991a_raunakdey07_pok-mon-tcg-advanced-heuristic-agent,OFF,118,first,loss
tb_64e9991a_raunakdey07_pok-mon-tcg-advanced-heuristic-agent,OFF,119,second,loss
tb_64e9991a_raunakdey07_pok-mon-tcg-advanced-heuristic-agent,OFF,120,first,loss
tb_64e9991a_raunakdey07_pok-mon-tcg-advanced-heuristic-agent,OFF,121,second,loss
tb_64e9991a_raunakdey07_pok-mon-tcg-advanced-heuristic-agent,OFF,122,first,loss
tb_64e9991a_raunakdey07_pok-mon-tcg-advanced-heuristic-agent,OFF,123,second,loss
tb_64e9991a_raunakdey07_pok-mon-tcg-advanced-heuristic-agent,OFF,124,first,loss
tb_64e9991a_raunakdey07_pok-mon-tcg-advanced-heuristic-agent,OFF,125,second,loss
tb_64e9991a_raunakdey07_pok-mon-tcg-advanced-heuristic-agent,OFF,126,first,win
tb_64e9991a_raunakdey07_pok-mon-tcg-advanced-heuristic-agent,OFF,127,second,loss
tb_64e9991a_raunakdey07_pok-mon-tcg-advanced-heuristic-agent,OFF,128,first,loss
tb_64e9991a_raunakdey07_pok-mon-tcg-advanced-heuristic-agent,OFF,129,second,win
tb_64e9991a_raunakdey07_pok-mon-tcg-advanced-heuristic-agent,OFF,130,first,win
tb_64e9991a_raunakdey07_pok-mon-tcg-advanced-heuristic-agent,OFF,131,second,loss
tb_64e9991a_raunakdey07_pok-mon-tcg-advanced-heuristic-agent,OFF,132,first,loss
tb_64e9991a_raunakdey07_pok-mon-tcg-advanced-heuristic-agent,OFF,133,second,loss
tb_64e9991a_raunakdey07_pok-mon-tcg-advanced-heuristic-agent,OFF,134,first,win
tb_64e9991a_raunakdey07_pok-mon-tcg-advanced-heuristic-agent,OFF,135,second,loss
tb_64e9991a_raunakdey07_pok-mon-tcg-advanced-heuristic-agent,OFF,136,first,win
tb_64e9991a_raunakdey07_pok-mon-tcg-advanced-heuristic-agent,OFF,137,second,win
tb_64e9991a_raunakdey07_pok-mon-tcg-advanced-heuristic-agent,OFF,138,first,win
tb_64e9991a_raunakdey07_pok-mon-tcg-advanced-heuristic-agent,OFF,139,second,win
tb_64e9991a_raunakdey07_pok-mon-tcg-advanced-heuristic-agent,OFF,140,first,win
tb_64e9991a_raunakdey07_pok-mon-tcg-advanced-heuristic-agent,OFF,141,second,win
tb_64e9991a_raunakdey07_pok-mon-tcg-advanced-heuristic-agent,OFF,142,first,win
tb_64e9991a_raunakdey07_pok-mon-tcg-advanced-heuristic-agent,OFF,143,second,loss
tb_64e9991a_raunakdey07_pok-mon-tcg-advanced-heuristic-agent,OFF,144,first,win
tb_64e9991a_raunakdey07_pok-mon-tcg-advanced-heuristic-agent,OFF,145,second,win
tb_64e9991a_raunakdey07_pok-mon-tcg-advanced-heuristic-agent,OFF,146,first,win
tb_64e9991a_raunakdey07_pok-mon-tcg-advanced-heuristic-agent,OFF,147,second,loss
tb_64e9991a_raunakdey07_pok-mon-tcg-advanced-heuristic-agent,OFF,148,first,draw
tb_64e9991a_raunakdey07_pok-mon-tcg-advanced-heuristic-agent,OFF,149,second,win
tb_64e9991a_raunakdey07_pok-mon-tcg-advanced-heuristic-agent,OFF,150,first,win
tb_64e9991a_raunakdey07_pok-mon-tcg-advanced-heuristic-agent,OFF,151,second,loss
tb_64e9991a_raunakdey07_pok-mon-tcg-advanced-heuristic-agent,OFF,152,first,win
tb_64e9991a_raunakdey07_pok-mon-tcg-advanced-heuristic-agent,OFF,153,second,loss
tb_64e9991a_raunakdey07_pok-mon-tcg-advanced-heuristic-agent,OFF,154,first,loss
tb_64e9991a_raunakdey07_pok-mon-tcg-advanced-heuristic-agent,OFF,155,second,win
tb_64e9991a_raunakdey07_pok-mon-tcg-advanced-heuristic-agent,OFF,156,first,loss
tb_64e9991a_raunakdey07_pok-mon-tcg-advanced-heuristic-agent,OFF,157,second,loss
tb_64e9991a_raunakdey07_pok-mon-tcg-advanced-heuristic-agent,OFF,158,first,win
tb_64e9991a_raunakdey07_pok-mon-tcg-advanced-heuristic-agent,OFF,159,second,win
tb_64e9991a_raunakdey07_pok-mon-tcg-advanced-heuristic-agent,OFF,160,first,loss
tb_64e9991a_raunakdey07_pok-mon-tcg-advanced-heuristic-agent,OFF,161,second,win
tb_64e9991a_raunakdey07_pok-mon-tcg-advanced-heuristic-agent,OFF,162,first,win
tb_64e9991a_raunakdey07_pok-mon-tcg-advanced-heuristic-agent,OFF,163,second,win
tb_64e9991a_raunakdey07_pok-mon-tcg-advanced-heuristic-agent,OFF,164,first,loss
tb_64e9991a_raunakdey07_pok-mon-tcg-advanced-heuristic-agent,OFF,165,second,loss
tb_64e9991a_raunakdey07_pok-mon-tcg-advanced-heuristic-agent,OFF,166,first,win
tb_64e9991a_raunakdey07_pok-mon-tcg-advanced-heuristic-agent,OFF,167,second,win
tb_64e9991a_raunakdey07_pok-mon-tcg-advanced-heuristic-agent,OFF,168,first,loss
tb_64e9991a_raunakdey07_pok-mon-tcg-advanced-heuristic-agent,OFF,169,second,loss
tb_64e9991a_raunakdey07_pok-mon-tcg-advanced-heuristic-agent,OFF,170,first,win
tb_64e9991a_raunakdey07_pok-mon-tcg-advanced-heuristic-agent,OFF,171,second,loss
tb_64e9991a_raunakdey07_pok-mon-tcg-advanced-heuristic-agent,OFF,172,first,loss
tb_64e9991a_raunakdey07_pok-mon-tcg-advanced-heuristic-agent,OFF,173,second,win
tb_64e9991a_raunakdey07_pok-mon-tcg-advanced-heuristic-agent,OFF,174,first,loss
tb_64e9991a_raunakdey07_pok-mon-tcg-advanced-heuristic-agent,OFF,175,second,win
tb_64e9991a_raunakdey07_pok-mon-tcg-advanced-heuristic-agent,OFF,176,first,loss
tb_64e9991a_raunakdey07_pok-mon-tcg-advanced-heuristic-agent,OFF,177,second,win
tb_64e9991a_raunakdey07_pok-mon-tcg-advanced-heuristic-agent,OFF,178,first,win
tb_64e9991a_raunakdey07_pok-mon-tcg-advanced-heuristic-agent,OFF,179,second,loss
tb_64e9991a_raunakdey07_pok-mon-tcg-advanced-heuristic-agent,OFF,180,first,win
tb_64e9991a_raunakdey07_pok-mon-tcg-advanced-heuristic-agent,OFF,181,second,loss
tb_64e9991a_raunakdey07_pok-mon-tcg-advanced-heuristic-agent,OFF,182,first,loss
tb_64e9991a_raunakdey07_pok-mon-tcg-advanced-heuristic-agent,OFF,183,second,loss
tb_64e9991a_raunakdey07_pok-mon-tcg-advanced-heuristic-agent,OFF,184,first,loss
tb_64e9991a_raunakdey07_pok-mon-tcg-advanced-heuristic-agent,OFF,185,second,win
tb_64e9991a_raunakdey07_pok-mon-tcg-advanced-heuristic-agent,OFF,186,first,loss
tb_64e9991a_raunakdey07_pok-mon-tcg-advanced-heuristic-agent,OFF,187,second,win
tb_64e9991a_raunakdey07_pok-mon-tcg-advanced-heuristic-agent,OFF,188,first,loss
tb_64e9991a_raunakdey07_pok-mon-tcg-advanced-heuristic-agent,OFF,189,second,loss
tb_64e9991a_raunakdey07_pok-mon-tcg-advanced-heuristic-agent,OFF,190,first,loss
tb_64e9991a_raunakdey07_pok-mon-tcg-advanced-heuristic-agent,OFF,191,second,win
tb_64e9991a_raunakdey07_pok-mon-tcg-advanced-heuristic-agent,OFF,192,first,loss
tb_64e9991a_raunakdey07_pok-mon-tcg-advanced-heuristic-agent,OFF,193,second,loss
tb_64e9991a_raunakdey07_pok-mon-tcg-advanced-heuristic-agent,OFF,194,first,loss
tb_64e9991a_raunakdey07_pok-mon-tcg-advanced-heuristic-agent,OFF,195,second,loss
tb_64e9991a_raunakdey07_pok-mon-tcg-advanced-heuristic-agent,OFF,196,first,loss
tb_64e9991a_raunakdey07_pok-mon-tcg-advanced-heuristic-agent,OFF,197,second,loss
tb_64e9991a_raunakdey07_pok-mon-tcg-advanced-heuristic-agent,OFF,198,first,loss
tb_64e9991a_raunakdey07_pok-mon-tcg-advanced-heuristic-agent,OFF,199,second,loss
tb_64e9991a_raunakdey07_pok-mon-tcg-advanced-heuristic-agent,OFF,200,first,win
tb_64e9991a_raunakdey07_pok-mon-tcg-advanced-heuristic-agent,OFF,201,second,loss
tb_64e9991a_raunakdey07_pok-mon-tcg-advanced-heuristic-agent,OFF,202,first,loss
tb_64e9991a_raunakdey07_pok-mon-tcg-advanced-heuristic-agent,OFF,203,second,loss
tb_64e9991a_raunakdey07_pok-mon-tcg-advanced-heuristic-agent,OFF,204,first,loss
tb_64e9991a_raunakdey07_pok-mon-tcg-advanced-heuristic-agent,OFF,205,second,win
tb_64e9991a_raunakdey07_pok-mon-tcg-advanced-heuristic-agent,OFF,206,first,win
tb_64e9991a_raunakdey07_pok-mon-tcg-advanced-heuristic-agent,OFF,207,second,win
tb_64e9991a_raunakdey07_pok-mon-tcg-advanced-heuristic-agent,OFF,208,first,win
tb_64e9991a_raunakdey07_pok-mon-tcg-advanced-heuristic-agent,OFF,209,second,loss
tb_64e9991a_raunakdey07_pok-mon-tcg-advanced-heuristic-agent,OFF,210,first,win
tb_64e9991a_raunakdey07_pok-mon-tcg-advanced-heuristic-agent,OFF,211,second,win
tb_64e9991a_raunakdey07_pok-mon-tcg-advanced-heuristic-agent,OFF,212,first,loss
tb_64e9991a_raunakdey07_pok-mon-tcg-advanced-heuristic-agent,OFF,213,second,loss
tb_64e9991a_raunakdey07_pok-mon-tcg-advanced-heuristic-agent,OFF,214,first,win
tb_64e9991a_raunakdey07_pok-mon-tcg-advanced-heuristic-agent,OFF,215,second,loss
tb_64e9991a_raunakdey07_pok-mon-tcg-advanced-heuristic-agent,OFF,216,first,win
tb_64e9991a_raunakdey07_pok-mon-tcg-advanced-heuristic-agent,OFF,217,second,loss
tb_64e9991a_raunakdey07_pok-mon-tcg-advanced-heuristic-agent,OFF,218,first,loss
tb_64e9991a_raunakdey07_pok-mon-tcg-advanced-heuristic-agent,OFF,219,second,win
tb_64e9991a_raunakdey07_pok-mon-tcg-advanced-heuristic-agent,OFF,220,first,loss
tb_64e9991a_raunakdey07_pok-mon-tcg-advanced-heuristic-agent,OFF,221,second,loss
tb_64e9991a_raunakdey07_pok-mon-tcg-advanced-heuristic-agent,OFF,222,first,win
tb_64e9991a_raunakdey07_pok-mon-tcg-advanced-heuristic-agent,OFF,223,second,loss
tb_64e9991a_raunakdey07_pok-mon-tcg-advanced-heuristic-agent,OFF,224,first,win
tb_64e9991a_raunakdey07_pok-mon-tcg-advanced-heuristic-agent,OFF,225,second,loss
tb_64e9991a_raunakdey07_pok-mon-tcg-advanced-heuristic-agent,OFF,226,first,loss
tb_64e9991a_raunakdey07_pok-mon-tcg-advanced-heuristic-agent,OFF,227,second,loss
tb_64e9991a_raunakdey07_pok-mon-tcg-advanced-heuristic-agent,OFF,228,first,win
tb_64e9991a_raunakdey07_pok-mon-tcg-advanced-heuristic-agent,OFF,229,second,win
tb_64e9991a_raunakdey07_pok-mon-tcg-advanced-heuristic-agent,OFF,230,first,win
tb_64e9991a_raunakdey07_pok-mon-tcg-advanced-heuristic-agent,OFF,231,second,win
tb_64e9991a_raunakdey07_pok-mon-tcg-advanced-heuristic-agent,OFF,232,first,loss
tb_64e9991a_raunakdey07_pok-mon-tcg-advanced-heuristic-agent,OFF,233,second,win
tb_64e9991a_raunakdey07_pok-mon-tcg-advanced-heuristic-agent,OFF,234,first,loss
tb_64e9991a_raunakdey07_pok-mon-tcg-advanced-heuristic-agent,OFF,235,second,win
tb_64e9991a_raunakdey07_pok-mon-tcg-advanced-heuristic-agent,OFF,236,first,loss
tb_64e9991a_raunakdey07_pok-mon-tcg-advanced-heuristic-agent,OFF,237,second,loss
tb_64e9991a_raunakdey07_pok-mon-tcg-advanced-heuristic-agent,OFF,238,first,loss
tb_64e9991a_raunakdey07_pok-mon-tcg-advanced-heuristic-agent,OFF,239,second,loss
tb_64e9991a_raunakdey07_pok-mon-tcg-advanced-heuristic-agent,OFF,240,first,loss
tb_64e9991a_raunakdey07_pok-mon-tcg-advanced-heuristic-agent,OFF,241,second,loss
tb_64e9991a_raunakdey07_pok-mon-tcg-advanced-heuristic-agent,OFF,242,first,loss
tb_64e9991a_raunakdey07_pok-mon-tcg-advanced-heuristic-agent,OFF,243,second,loss
tb_64e9991a_raunakdey07_pok-mon-tcg-advanced-heuristic-agent,OFF,244,first,win
tb_64e9991a_raunakdey07_pok-mon-tcg-advanced-heuristic-agent,OFF,245,second,loss
tb_64e9991a_raunakdey07_pok-mon-tcg-advanced-heuristic-agent,OFF,246,first,win
tb_64e9991a_raunakdey07_pok-mon-tcg-advanced-heuristic-agent,OFF,247,second,loss
tb_64e9991a_raunakdey07_pok-mon-tcg-advanced-heuristic-agent,OFF,248,first,loss
tb_64e9991a_raunakdey07_pok-mon-tcg-advanced-heuristic-agent,OFF,249,second,loss
tb_64e9991a_raunakdey07_pok-mon-tcg-advanced-heuristic-agent,OFF,250,first,win
tb_64e9991a_raunakdey07_pok-mon-tcg-advanced-heuristic-agent,OFF,251,second,win
tb_64e9991a_raunakdey07_pok-mon-tcg-advanced-heuristic-agent,OFF,252,first,loss
tb_64e9991a_raunakdey07_pok-mon-tcg-advanced-heuristic-agent,OFF,253,second,win
tb_64e9991a_raunakdey07_pok-mon-tcg-advanced-heuristic-agent,OFF,254,first,win
tb_64e9991a_raunakdey07_pok-mon-tcg-advanced-heuristic-agent,OFF,255,second,loss
tb_64e9991a_raunakdey07_pok-mon-tcg-advanced-heuristic-agent,OFF,256,first,loss
tb_64e9991a_raunakdey07_pok-mon-tcg-advanced-heuristic-agent,OFF,257,second,loss
tb_64e9991a_raunakdey07_pok-mon-tcg-advanced-heuristic-agent,OFF,258,first,loss
tb_64e9991a_raunakdey07_pok-mon-tcg-advanced-heuristic-agent,OFF,259,second,win
tb_64e9991a_raunakdey07_pok-mon-tcg-advanced-heuristic-agent,OFF,260,first,win
tb_64e9991a_raunakdey07_pok-mon-tcg-advanced-heuristic-agent,OFF,261,second,loss
tb_64e9991a_raunakdey07_pok-mon-tcg-advanced-heuristic-agent,OFF,262,first,win
tb_64e9991a_raunakdey07_pok-mon-tcg-advanced-heuristic-agent,OFF,263,second,win
tb_64e9991a_raunakdey07_pok-mon-tcg-advanced-heuristic-agent,OFF,264,first,loss
tb_64e9991a_raunakdey07_pok-mon-tcg-advanced-heuristic-agent,OFF,265,second,win
tb_64e9991a_raunakdey07_pok-mon-tcg-advanced-heuristic-agent,OFF,266,first,loss
tb_64e9991a_raunakdey07_pok-mon-tcg-advanced-heuristic-agent,OFF,267,second,loss
tb_64e9991a_raunakdey07_pok-mon-tcg-advanced-heuristic-agent,OFF,268,first,loss
tb_64e9991a_raunakdey07_pok-mon-tcg-advanced-heuristic-agent,OFF,269,second,win
tb_64e9991a_raunakdey07_pok-mon-tcg-advanced-heuristic-agent,OFF,270,first,win
tb_64e9991a_raunakdey07_pok-mon-tcg-advanced-heuristic-agent,OFF,271,second,loss
tb_64e9991a_raunakdey07_pok-mon-tcg-advanced-heuristic-agent,OFF,272,first,loss
tb_64e9991a_raunakdey07_pok-mon-tcg-advanced-heuristic-agent,OFF,273,second,win
tb_64e9991a_raunakdey07_pok-mon-tcg-advanced-heuristic-agent,OFF,274,first,win
tb_64e9991a_raunakdey07_pok-mon-tcg-advanced-heuristic-agent,OFF,275,second,loss
tb_64e9991a_raunakdey07_pok-mon-tcg-advanced-heuristic-agent,OFF,276,first,loss
tb_64e9991a_raunakdey07_pok-mon-tcg-advanced-heuristic-agent,OFF,277,second,loss
tb_64e9991a_raunakdey07_pok-mon-tcg-advanced-heuristic-agent,OFF,278,first,loss
tb_64e9991a_raunakdey07_pok-mon-tcg-advanced-heuristic-agent,OFF,279,second,loss
tb_64e9991a_raunakdey07_pok-mon-tcg-advanced-heuristic-agent,OFF,280,first,win
tb_64e9991a_raunakdey07_pok-mon-tcg-advanced-heuristic-agent,OFF,281,second,loss
tb_64e9991a_raunakdey07_pok-mon-tcg-advanced-heuristic-agent,OFF,282,first,win
tb_64e9991a_raunakdey07_pok-mon-tcg-advanced-heuristic-agent,OFF,283,second,win
tb_64e9991a_raunakdey07_pok-mon-tcg-advanced-heuristic-agent,OFF,284,first,win
tb_64e9991a_raunakdey07_pok-mon-tcg-advanced-heuristic-agent,OFF,285,second,loss
tb_64e9991a_raunakdey07_pok-mon-tcg-advanced-heuristic-agent,OFF,286,first,loss
tb_64e9991a_raunakdey07_pok-mon-tcg-advanced-heuristic-agent,OFF,287,second,loss
tb_64e9991a_raunakdey07_pok-mon-tcg-advanced-heuristic-agent,OFF,288,first,loss
tb_64e9991a_raunakdey07_pok-mon-tcg-advanced-heuristic-agent,OFF,289,second,win
tb_64e9991a_raunakdey07_pok-mon-tcg-advanced-heuristic-agent,OFF,290,first,win
tb_64e9991a_raunakdey07_pok-mon-tcg-advanced-heuristic-agent,OFF,291,second,win
tb_64e9991a_raunakdey07_pok-mon-tcg-advanced-heuristic-agent,OFF,292,first,loss
tb_64e9991a_raunakdey07_pok-mon-tcg-advanced-heuristic-agent,OFF,293,second,win
tb_64e9991a_raunakdey07_pok-mon-tcg-advanced-heuristic-agent,OFF,294,first,win
tb_64e9991a_raunakdey07_pok-mon-tcg-advanced-heuristic-agent,OFF,295,second,loss
tb_64e9991a_raunakdey07_pok-mon-tcg-advanced-heuristic-agent,OFF,296,first,loss
tb_64e9991a_raunakdey07_pok-mon-tcg-advanced-heuristic-agent,OFF,297,second,loss
tb_64e9991a_raunakdey07_pok-mon-tcg-advanced-heuristic-agent,OFF,298,first,loss
tb_64e9991a_raunakdey07_pok-mon-tcg-advanced-heuristic-agent,OFF,299,second,loss
tb_64e9991a_raunakdey07_pok-mon-tcg-advanced-heuristic-agent,OFF,300,first,loss
tb_64e9991a_raunakdey07_pok-mon-tcg-advanced-heuristic-agent,OFF,301,second,loss
tb_64e9991a_raunakdey07_pok-mon-tcg-advanced-heuristic-agent,OFF,302,first,win
tb_64e9991a_raunakdey07_pok-mon-tcg-advanced-heuristic-agent,OFF,303,second,loss
tb_64e9991a_raunakdey07_pok-mon-tcg-advanced-heuristic-agent,OFF,304,first,loss
tb_64e9991a_raunakdey07_pok-mon-tcg-advanced-heuristic-agent,OFF,305,second,loss
tb_64e9991a_raunakdey07_pok-mon-tcg-advanced-heuristic-agent,OFF,306,first,loss
tb_64e9991a_raunakdey07_pok-mon-tcg-advanced-heuristic-agent,OFF,307,second,loss
tb_64e9991a_raunakdey07_pok-mon-tcg-advanced-heuristic-agent,OFF,308,first,win
tb_64e9991a_raunakdey07_pok-mon-tcg-advanced-heuristic-agent,OFF,309,second,loss
tb_64e9991a_raunakdey07_pok-mon-tcg-advanced-heuristic-agent,OFF,310,first,win
tb_64e9991a_raunakdey07_pok-mon-tcg-advanced-heuristic-agent,OFF,311,second,loss
tb_64e9991a_raunakdey07_pok-mon-tcg-advanced-heuristic-agent,OFF,312,first,loss
tb_64e9991a_raunakdey07_pok-mon-tcg-advanced-heuristic-agent,OFF,313,second,win
tb_64e9991a_raunakdey07_pok-mon-tcg-advanced-heuristic-agent,OFF,314,first,loss
tb_64e9991a_raunakdey07_pok-mon-tcg-advanced-heuristic-agent,OFF,315,second,loss
tb_64e9991a_raunakdey07_pok-mon-tcg-advanced-heuristic-agent,OFF,316,first,loss
tb_64e9991a_raunakdey07_pok-mon-tcg-advanced-heuristic-agent,OFF,317,second,loss
tb_64e9991a_raunakdey07_pok-mon-tcg-advanced-heuristic-agent,OFF,318,first,loss
tb_64e9991a_raunakdey07_pok-mon-tcg-advanced-heuristic-agent,OFF,319,second,win
tb_64e9991a_raunakdey07_pok-mon-tcg-advanced-heuristic-agent,OFF,320,first,loss
tb_64e9991a_raunakdey07_pok-mon-tcg-advanced-heuristic-agent,OFF,321,second,loss
tb_64e9991a_raunakdey07_pok-mon-tcg-advanced-heuristic-agent,OFF,322,first,win
tb_64e9991a_raunakdey07_pok-mon-tcg-advanced-heuristic-agent,OFF,323,second,win
tb_64e9991a_raunakdey07_pok-mon-tcg-advanced-heuristic-agent,OFF,324,first,loss
tb_64e9991a_raunakdey07_pok-mon-tcg-advanced-heuristic-agent,OFF,325,second,win
tb_64e9991a_raunakdey07_pok-mon-tcg-advanced-heuristic-agent,OFF,326,first,loss
tb_64e9991a_raunakdey07_pok-mon-tcg-advanced-heuristic-agent,OFF,327,second,win
tb_64e9991a_raunakdey07_pok-mon-tcg-advanced-heuristic-agent,OFF,328,first,loss
tb_64e9991a_raunakdey07_pok-mon-tcg-advanced-heuristic-agent,OFF,329,second,loss
tb_64e9991a_raunakdey07_pok-mon-tcg-advanced-heuristic-agent,OFF,330,first,loss
tb_64e9991a_raunakdey07_pok-mon-tcg-advanced-heuristic-agent,OFF,331,second,loss
tb_64e9991a_raunakdey07_pok-mon-tcg-advanced-heuristic-agent,OFF,332,first,win
tb_64e9991a_raunakdey07_pok-mon-tcg-advanced-heuristic-agent,OFF,333,second,loss
tb_64e9991a_raunakdey07_pok-mon-tcg-advanced-heuristic-agent,OFF,334,first,win
tb_64e9991a_raunakdey07_pok-mon-tcg-advanced-heuristic-agent,OFF,335,second,loss
tb_64e9991a_raunakdey07_pok-mon-tcg-advanced-heuristic-agent,OFF,336,first,loss
tb_64e9991a_raunakdey07_pok-mon-tcg-advanced-heuristic-agent,OFF,337,second,win
tb_64e9991a_raunakdey07_pok-mon-tcg-advanced-heuristic-agent,OFF,338,first,loss
tb_64e9991a_raunakdey07_pok-mon-tcg-advanced-heuristic-agent,OFF,339,second,loss
tb_64e9991a_raunakdey07_pok-mon-tcg-advanced-heuristic-agent,OFF,340,first,win
tb_64e9991a_raunakdey07_pok-mon-tcg-advanced-heuristic-agent,OFF,341,second,win
tb_64e9991a_raunakdey07_pok-mon-tcg-advanced-heuristic-agent,OFF,342,first,loss
tb_64e9991a_raunakdey07_pok-mon-tcg-advanced-heuristic-agent,OFF,343,second,loss
tb_64e9991a_raunakdey07_pok-mon-tcg-advanced-heuristic-agent,OFF,344,first,win
tb_64e9991a_raunakdey07_pok-mon-tcg-advanced-heuristic-agent,OFF,345,second,loss
tb_64e9991a_raunakdey07_pok-mon-tcg-advanced-heuristic-agent,OFF,346,first,win
tb_64e9991a_raunakdey07_pok-mon-tcg-advanced-heuristic-agent,OFF,347,second,win
tb_64e9991a_raunakdey07_pok-mon-tcg-advanced-heuristic-agent,OFF,348,first,win
tb_64e9991a_raunakdey07_pok-mon-tcg-advanced-heuristic-agent,OFF,349,second,loss
tb_64e9991a_raunakdey07_pok-mon-tcg-advanced-heuristic-agent,OFF,350,first,loss
tb_64e9991a_raunakdey07_pok-mon-tcg-advanced-heuristic-agent,OFF,351,second,win
tb_64e9991a_raunakdey07_pok-mon-tcg-advanced-heuristic-agent,OFF,352,first,loss
tb_64e9991a_raunakdey07_pok-mon-tcg-advanced-heuristic-agent,OFF,353,second,loss
tb_64e9991a_raunakdey07_pok-mon-tcg-advanced-heuristic-agent,OFF,354,first,loss
tb_64e9991a_raunakdey07_pok-mon-tcg-advanced-heuristic-agent,OFF,355,second,win
tb_64e9991a_raunakdey07_pok-mon-tcg-advanced-heuristic-agent,OFF,356,first,loss
tb_64e9991a_raunakdey07_pok-mon-tcg-advanced-heuristic-agent,OFF,357,second,win
tb_64e9991a_raunakdey07_pok-mon-tcg-advanced-heuristic-agent,OFF,358,first,win
tb_64e9991a_raunakdey07_pok-mon-tcg-advanced-heuristic-agent,OFF,359,second,loss
tb_64e9991a_raunakdey07_pok-mon-tcg-advanced-heuristic-agent,OFF,360,first,win
tb_64e9991a_raunakdey07_pok-mon-tcg-advanced-heuristic-agent,OFF,361,second,loss
tb_64e9991a_raunakdey07_pok-mon-tcg-advanced-heuristic-agent,OFF,362,first,win
tb_64e9991a_raunakdey07_pok-mon-tcg-advanced-heuristic-agent,OFF,363,second,loss
tb_64e9991a_raunakdey07_pok-mon-tcg-advanced-heuristic-agent,OFF,364,first,loss
tb_64e9991a_raunakdey07_pok-mon-tcg-advanced-heuristic-agent,OFF,365,second,loss
tb_64e9991a_raunakdey07_pok-mon-tcg-advanced-heuristic-agent,OFF,366,first,loss
tb_64e9991a_raunakdey07_pok-mon-tcg-advanced-heuristic-agent,OFF,367,second,win
tb_64e9991a_raunakdey07_pok-mon-tcg-advanced-heuristic-agent,OFF,368,first,loss
tb_64e9991a_raunakdey07_pok-mon-tcg-advanced-heuristic-agent,OFF,369,second,loss
tb_64e9991a_raunakdey07_pok-mon-tcg-advanced-heuristic-agent,OFF,370,first,loss
tb_64e9991a_raunakdey07_pok-mon-tcg-advanced-heuristic-agent,OFF,371,second,win
tb_64e9991a_raunakdey07_pok-mon-tcg-advanced-heuristic-agent,OFF,372,first,loss
tb_64e9991a_raunakdey07_pok-mon-tcg-advanced-heuristic-agent,OFF,373,second,loss
tb_64e9991a_raunakdey07_pok-mon-tcg-advanced-heuristic-agent,OFF,374,first,loss
tb_64e9991a_raunakdey07_pok-mon-tcg-advanced-heuristic-agent,OFF,375,second,win
tb_64e9991a_raunakdey07_pok-mon-tcg-advanced-heuristic-agent,OFF,376,first,loss
tb_64e9991a_raunakdey07_pok-mon-tcg-advanced-heuristic-agent,OFF,377,second,loss
tb_64e9991a_raunakdey07_pok-mon-tcg-advanced-heuristic-agent,OFF,378,first,loss
tb_64e9991a_raunakdey07_pok-mon-tcg-advanced-heuristic-agent,OFF,379,second,loss
tb_64e9991a_raunakdey07_pok-mon-tcg-advanced-heuristic-agent,OFF,380,first,loss
tb_64e9991a_raunakdey07_pok-mon-tcg-advanced-heuristic-agent,OFF,381,second,loss
tb_64e9991a_raunakdey07_pok-mon-tcg-advanced-heuristic-agent,OFF,382,first,loss
tb_64e9991a_raunakdey07_pok-mon-tcg-advanced-heuristic-agent,OFF,383,second,loss
tb_64e9991a_raunakdey07_pok-mon-tcg-advanced-heuristic-agent,OFF,384,first,win
tb_64e9991a_raunakdey07_pok-mon-tcg-advanced-heuristic-agent,OFF,385,second,win
tb_64e9991a_raunakdey07_pok-mon-tcg-advanced-heuristic-agent,OFF,386,first,loss
tb_64e9991a_raunakdey07_pok-mon-tcg-advanced-heuristic-agent,OFF,387,second,win
tb_64e9991a_raunakdey07_pok-mon-tcg-advanced-heuristic-agent,OFF,388,first,win
tb_64e9991a_raunakdey07_pok-mon-tcg-advanced-heuristic-agent,OFF,389,second,loss
tb_64e9991a_raunakdey07_pok-mon-tcg-advanced-heuristic-agent,OFF,390,first,loss
tb_64e9991a_raunakdey07_pok-mon-tcg-advanced-heuristic-agent,OFF,391,second,win
tb_64e9991a_raunakdey07_pok-mon-tcg-advanced-heuristic-agent,OFF,392,first,win
tb_64e9991a_raunakdey07_pok-mon-tcg-advanced-heuristic-agent,OFF,393,second,loss
tb_64e9991a_raunakdey07_pok-mon-tcg-advanced-heuristic-agent,OFF,394,first,loss
tb_64e9991a_raunakdey07_pok-mon-tcg-advanced-heuristic-agent,OFF,395,second,win
tb_64e9991a_raunakdey07_pok-mon-tcg-advanced-heuristic-agent,OFF,396,first,win
tb_64e9991a_raunakdey07_pok-mon-tcg-advanced-heuristic-agent,OFF,397,second,loss
tb_64e9991a_raunakdey07_pok-mon-tcg-advanced-heuristic-agent,OFF,398,first,win
tb_64e9991a_raunakdey07_pok-mon-tcg-advanced-heuristic-agent,OFF,399,second,loss
tb_64e9991a_raunakdey07_pok-mon-tcg-advanced-heuristic-agent,OFF,400,first,loss
tb_64e9991a_raunakdey07_pok-mon-tcg-advanced-heuristic-agent,OFF,401,second,loss
tb_64e9991a_raunakdey07_pok-mon-tcg-advanced-heuristic-agent,OFF,402,first,loss
tb_64e9991a_raunakdey07_pok-mon-tcg-advanced-heuristic-agent,OFF,403,second,win
tb_64e9991a_raunakdey07_pok-mon-tcg-advanced-heuristic-agent,OFF,404,first,loss
tb_64e9991a_raunakdey07_pok-mon-tcg-advanced-heuristic-agent,OFF,405,second,win
tb_64e9991a_raunakdey07_pok-mon-tcg-advanced-heuristic-agent,OFF,406,first,win
tb_64e9991a_raunakdey07_pok-mon-tcg-advanced-heuristic-agent,OFF,407,second,loss
tb_64e9991a_raunakdey07_pok-mon-tcg-advanced-heuristic-agent,OFF,408,first,loss
tb_64e9991a_raunakdey07_pok-mon-tcg-advanced-heuristic-agent,OFF,409,second,win
tb_64e9991a_raunakdey07_pok-mon-tcg-advanced-heuristic-agent,OFF,410,first,loss
tb_64e9991a_raunakdey07_pok-mon-tcg-advanced-heuristic-agent,OFF,411,second,loss
tb_64e9991a_raunakdey07_pok-mon-tcg-advanced-heuristic-agent,OFF,412,first,loss
tb_64e9991a_raunakdey07_pok-mon-tcg-advanced-heuristic-agent,OFF,413,second,loss
tb_64e9991a_raunakdey07_pok-mon-tcg-advanced-heuristic-agent,OFF,414,first,win
tb_64e9991a_raunakdey07_pok-mon-tcg-advanced-heuristic-agent,OFF,415,second,win
tb_64e9991a_raunakdey07_pok-mon-tcg-advanced-heuristic-agent,OFF,416,first,loss
tb_64e9991a_raunakdey07_pok-mon-tcg-advanced-heuristic-agent,OFF,417,second,win
tb_64e9991a_raunakdey07_pok-mon-tcg-advanced-heuristic-agent,OFF,418,first,win
tb_64e9991a_raunakdey07_pok-mon-tcg-advanced-heuristic-agent,OFF,419,second,loss
tb_64e9991a_raunakdey07_pok-mon-tcg-advanced-heuristic-agent,OFF,420,first,win
tb_64e9991a_raunakdey07_pok-mon-tcg-advanced-heuristic-agent,OFF,421,second,loss
tb_64e9991a_raunakdey07_pok-mon-tcg-advanced-heuristic-agent,OFF,422,first,loss
tb_64e9991a_raunakdey07_pok-mon-tcg-advanced-heuristic-agent,OFF,423,second,win
tb_64e9991a_raunakdey07_pok-mon-tcg-advanced-heuristic-agent,OFF,424,first,loss
tb_64e9991a_raunakdey07_pok-mon-tcg-advanced-heuristic-agent,OFF,425,second,loss
tb_64e9991a_raunakdey07_pok-mon-tcg-advanced-heuristic-agent,OFF,426,first,loss
tb_64e9991a_raunakdey07_pok-mon-tcg-advanced-heuristic-agent,OFF,427,second,win
tb_64e9991a_raunakdey07_pok-mon-tcg-advanced-heuristic-agent,OFF,428,first,loss
tb_64e9991a_raunakdey07_pok-mon-tcg-advanced-heuristic-agent,OFF,429,second,win
tb_64e9991a_raunakdey07_pok-mon-tcg-advanced-heuristic-agent,OFF,430,first,loss
tb_64e9991a_raunakdey07_pok-mon-tcg-advanced-heuristic-agent,OFF,431,second,loss
tb_64e9991a_raunakdey07_pok-mon-tcg-advanced-heuristic-agent,OFF,432,first,win
tb_64e9991a_raunakdey07_pok-mon-tcg-advanced-heuristic-agent,OFF,433,second,win
tb_64e9991a_raunakdey07_pok-mon-tcg-advanced-heuristic-agent,OFF,434,first,loss
tb_64e9991a_raunakdey07_pok-mon-tcg-advanced-heuristic-agent,OFF,435,second,win
tb_64e9991a_raunakdey07_pok-mon-tcg-advanced-heuristic-agent,OFF,436,first,loss
tb_64e9991a_raunakdey07_pok-mon-tcg-advanced-heuristic-agent,OFF,437,second,win
tb_64e9991a_raunakdey07_pok-mon-tcg-advanced-heuristic-agent,OFF,438,first,loss
tb_64e9991a_raunakdey07_pok-mon-tcg-advanced-heuristic-agent,OFF,439,second,loss
tb_64e9991a_raunakdey07_pok-mon-tcg-advanced-heuristic-agent,OFF,440,first,win
tb_64e9991a_raunakdey07_pok-mon-tcg-advanced-heuristic-agent,OFF,441,second,win
tb_64e9991a_raunakdey07_pok-mon-tcg-advanced-heuristic-agent,OFF,442,first,loss
tb_64e9991a_raunakdey07_pok-mon-tcg-advanced-heuristic-agent,OFF,443,second,win
tb_64e9991a_raunakdey07_pok-mon-tcg-advanced-heuristic-agent,OFF,444,first,win
tb_64e9991a_raunakdey07_pok-mon-tcg-advanced-heuristic-agent,OFF,445,second,loss
tb_64e9991a_raunakdey07_pok-mon-tcg-advanced-heuristic-agent,OFF,446,first,loss
tb_64e9991a_raunakdey07_pok-mon-tcg-advanced-heuristic-agent,OFF,447,second,win
tb_64e9991a_raunakdey07_pok-mon-tcg-advanced-heuristic-agent,OFF,448,first,loss
tb_64e9991a_raunakdey07_pok-mon-tcg-advanced-heuristic-agent,OFF,449,second,win
tb_64e9991a_raunakdey07_pok-mon-tcg-advanced-heuristic-agent,OFF,450,first,loss
tb_64e9991a_raunakdey07_pok-mon-tcg-advanced-heuristic-agent,OFF,451,second,win
tb_64e9991a_raunakdey07_pok-mon-tcg-advanced-heuristic-agent,OFF,452,first,win
tb_64e9991a_raunakdey07_pok-mon-tcg-advanced-heuristic-agent,OFF,453,second,loss
tb_64e9991a_raunakdey07_pok-mon-tcg-advanced-heuristic-agent,OFF,454,first,win
tb_64e9991a_raunakdey07_pok-mon-tcg-advanced-heuristic-agent,OFF,455,second,loss
tb_64e9991a_raunakdey07_pok-mon-tcg-advanced-heuristic-agent,OFF,456,first,win
tb_64e9991a_raunakdey07_pok-mon-tcg-advanced-heuristic-agent,OFF,457,second,loss
tb_64e9991a_raunakdey07_pok-mon-tcg-advanced-heuristic-agent,OFF,458,first,loss
tb_64e9991a_raunakdey07_pok-mon-tcg-advanced-heuristic-agent,OFF,459,second,win
tb_64e9991a_raunakdey07_pok-mon-tcg-advanced-heuristic-agent,OFF,460,first,win
tb_64e9991a_raunakdey07_pok-mon-tcg-advanced-heuristic-agent,OFF,461,second,loss
tb_64e9991a_raunakdey07_pok-mon-tcg-advanced-heuristic-agent,OFF,462,first,win
tb_64e9991a_raunakdey07_pok-mon-tcg-advanced-heuristic-agent,OFF,463,second,loss
tb_64e9991a_raunakdey07_pok-mon-tcg-advanced-heuristic-agent,OFF,464,first,win
tb_64e9991a_raunakdey07_pok-mon-tcg-advanced-heuristic-agent,OFF,465,second,win
tb_64e9991a_raunakdey07_pok-mon-tcg-advanced-heuristic-agent,OFF,466,first,loss
tb_64e9991a_raunakdey07_pok-mon-tcg-advanced-heuristic-agent,OFF,467,second,loss
tb_64e9991a_raunakdey07_pok-mon-tcg-advanced-heuristic-agent,OFF,468,first,win
tb_64e9991a_raunakdey07_pok-mon-tcg-advanced-heuristic-agent,OFF,469,second,win
tb_64e9991a_raunakdey07_pok-mon-tcg-advanced-heuristic-agent,OFF,470,first,win
tb_64e9991a_raunakdey07_pok-mon-tcg-advanced-heuristic-agent,OFF,471,second,loss
tb_64e9991a_raunakdey07_pok-mon-tcg-advanced-heuristic-agent,OFF,472,first,loss
tb_64e9991a_raunakdey07_pok-mon-tcg-advanced-heuristic-agent,OFF,473,second,loss
tb_64e9991a_raunakdey07_pok-mon-tcg-advanced-heuristic-agent,OFF,474,first,loss
tb_64e9991a_raunakdey07_pok-mon-tcg-advanced-heuristic-agent,OFF,475,second,win
tb_64e9991a_raunakdey07_pok-mon-tcg-advanced-heuristic-agent,OFF,476,first,loss
tb_64e9991a_raunakdey07_pok-mon-tcg-advanced-heuristic-agent,OFF,477,second,loss
tb_64e9991a_raunakdey07_pok-mon-tcg-advanced-heuristic-agent,OFF,478,first,win
tb_64e9991a_raunakdey07_pok-mon-tcg-advanced-heuristic-agent,OFF,479,second,loss
tb_64e9991a_raunakdey07_pok-mon-tcg-advanced-heuristic-agent,OFF,480,first,win
tb_64e9991a_raunakdey07_pok-mon-tcg-advanced-heuristic-agent,OFF,481,second,win
tb_64e9991a_raunakdey07_pok-mon-tcg-advanced-heuristic-agent,OFF,482,first,loss
tb_64e9991a_raunakdey07_pok-mon-tcg-advanced-heuristic-agent,OFF,483,second,loss
tb_64e9991a_raunakdey07_pok-mon-tcg-advanced-heuristic-agent,OFF,484,first,loss
tb_64e9991a_raunakdey07_pok-mon-tcg-advanced-heuristic-agent,OFF,485,second,loss
tb_64e9991a_raunakdey07_pok-mon-tcg-advanced-heuristic-agent,OFF,486,first,win
tb_64e9991a_raunakdey07_pok-mon-tcg-advanced-heuristic-agent,OFF,487,second,loss
tb_64e9991a_raunakdey07_pok-mon-tcg-advanced-heuristic-agent,OFF,488,first,win
tb_64e9991a_raunakdey07_pok-mon-tcg-advanced-heuristic-agent,OFF,489,second,win
tb_64e9991a_raunakdey07_pok-mon-tcg-advanced-heuristic-agent,OFF,490,first,loss
tb_64e9991a_raunakdey07_pok-mon-tcg-advanced-heuristic-agent,OFF,491,second,loss
tb_64e9991a_raunakdey07_pok-mon-tcg-advanced-heuristic-agent,OFF,492,first,win
tb_64e9991a_raunakdey07_pok-mon-tcg-advanced-heuristic-agent,OFF,493,second,loss
tb_64e9991a_raunakdey07_pok-mon-tcg-advanced-heuristic-agent,OFF,494,first,win
tb_64e9991a_raunakdey07_pok-mon-tcg-advanced-heuristic-agent,OFF,495,second,win
tb_64e9991a_raunakdey07_pok-mon-tcg-advanced-heuristic-agent,OFF,496,first,loss
tb_64e9991a_raunakdey07_pok-mon-tcg-advanced-heuristic-agent,OFF,497,second,win
tb_64e9991a_raunakdey07_pok-mon-tcg-advanced-heuristic-agent,OFF,498,first,win
tb_64e9991a_raunakdey07_pok-mon-tcg-advanced-heuristic-agent,OFF,499,second,loss
tb_64e9991a_raunakdey07_pok-mon-tcg-advanced-heuristic-agent,OFF,500,first,win
tb_64e9991a_raunakdey07_pok-mon-tcg-advanced-heuristic-agent,OFF,501,second,loss
tb_64e9991a_raunakdey07_pok-mon-tcg-advanced-heuristic-agent,OFF,502,first,win
tb_64e9991a_raunakdey07_pok-mon-tcg-advanced-heuristic-agent,OFF,503,second,loss
tb_64e9991a_raunakdey07_pok-mon-tcg-advanced-heuristic-agent,OFF,504,first,win
tb_64e9991a_raunakdey07_pok-mon-tcg-advanced-heuristic-agent,OFF,505,second,loss
tb_64e9991a_raunakdey07_pok-mon-tcg-advanced-heuristic-agent,OFF,506,first,win
tb_64e9991a_raunakdey07_pok-mon-tcg-advanced-heuristic-agent,OFF,507,second,loss
tb_64e9991a_raunakdey07_pok-mon-tcg-advanced-heuristic-agent,OFF,508,first,loss
tb_64e9991a_raunakdey07_pok-mon-tcg-advanced-heuristic-agent,OFF,509,second,loss
tb_64e9991a_raunakdey07_pok-mon-tcg-advanced-heuristic-agent,OFF,510,first,win
tb_64e9991a_raunakdey07_pok-mon-tcg-advanced-heuristic-agent,OFF,511,second,win
tb_64e9991a_raunakdey07_pok-mon-tcg-advanced-heuristic-agent,OFF,512,first,loss
tb_64e9991a_raunakdey07_pok-mon-tcg-advanced-heuristic-agent,OFF,513,second,loss
tb_64e9991a_raunakdey07_pok-mon-tcg-advanced-heuristic-agent,OFF,514,first,loss
tb_64e9991a_raunakdey07_pok-mon-tcg-advanced-heuristic-agent,OFF,515,second,loss
tb_64e9991a_raunakdey07_pok-mon-tcg-advanced-heuristic-agent,OFF,516,first,win
tb_64e9991a_raunakdey07_pok-mon-tcg-advanced-heuristic-agent,OFF,517,second,loss
tb_64e9991a_raunakdey07_pok-mon-tcg-advanced-heuristic-agent,OFF,518,first,win
tb_64e9991a_raunakdey07_pok-mon-tcg-advanced-heuristic-agent,OFF,519,second,loss
tb_64e9991a_raunakdey07_pok-mon-tcg-advanced-heuristic-agent,OFF,520,first,loss
tb_64e9991a_raunakdey07_pok-mon-tcg-advanced-heuristic-agent,OFF,521,second,win
tb_64e9991a_raunakdey07_pok-mon-tcg-advanced-heuristic-agent,OFF,522,first,win
tb_64e9991a_raunakdey07_pok-mon-tcg-advanced-heuristic-agent,OFF,523,second,win
tb_64e9991a_raunakdey07_pok-mon-tcg-advanced-heuristic-agent,OFF,524,first,win
tb_64e9991a_raunakdey07_pok-mon-tcg-advanced-heuristic-agent,OFF,525,second,win
tb_64e9991a_raunakdey07_pok-mon-tcg-advanced-heuristic-agent,OFF,526,first,loss
tb_64e9991a_raunakdey07_pok-mon-tcg-advanced-heuristic-agent,OFF,527,second,loss
tb_64e9991a_raunakdey07_pok-mon-tcg-advanced-heuristic-agent,OFF,528,first,loss
tb_64e9991a_raunakdey07_pok-mon-tcg-advanced-heuristic-agent,OFF,529,second,loss
tb_64e9991a_raunakdey07_pok-mon-tcg-advanced-heuristic-agent,OFF,530,first,win
tb_64e9991a_raunakdey07_pok-mon-tcg-advanced-heuristic-agent,OFF,531,second,loss
tb_64e9991a_raunakdey07_pok-mon-tcg-advanced-heuristic-agent,OFF,532,first,win
tb_64e9991a_raunakdey07_pok-mon-tcg-advanced-heuristic-agent,OFF,533,second,win
tb_64e9991a_raunakdey07_pok-mon-tcg-advanced-heuristic-agent,OFF,534,first,win
tb_64e9991a_raunakdey07_pok-mon-tcg-advanced-heuristic-agent,OFF,535,second,loss
tb_64e9991a_raunakdey07_pok-mon-tcg-advanced-heuristic-agent,OFF,536,first,loss
tb_64e9991a_raunakdey07_pok-mon-tcg-advanced-heuristic-agent,OFF,537,second,win
tb_64e9991a_raunakdey07_pok-mon-tcg-advanced-heuristic-agent,OFF,538,first,loss
tb_64e9991a_raunakdey07_pok-mon-tcg-advanced-heuristic-agent,OFF,539,second,loss
tb_64e9991a_raunakdey07_pok-mon-tcg-advanced-heuristic-agent,OFF,540,first,loss
tb_64e9991a_raunakdey07_pok-mon-tcg-advanced-heuristic-agent,OFF,541,second,loss
tb_64e9991a_raunakdey07_pok-mon-tcg-advanced-heuristic-agent,OFF,542,first,win
tb_64e9991a_raunakdey07_pok-mon-tcg-advanced-heuristic-agent,OFF,543,second,loss
tb_64e9991a_raunakdey07_pok-mon-tcg-advanced-heuristic-agent,OFF,544,first,loss
tb_64e9991a_raunakdey07_pok-mon-tcg-advanced-heuristic-agent,OFF,545,second,win
tb_64e9991a_raunakdey07_pok-mon-tcg-advanced-heuristic-agent,OFF,546,first,loss
tb_64e9991a_raunakdey07_pok-mon-tcg-advanced-heuristic-agent,OFF,547,second,loss
tb_64e9991a_raunakdey07_pok-mon-tcg-advanced-heuristic-agent,OFF,548,first,loss
tb_64e9991a_raunakdey07_pok-mon-tcg-advanced-heuristic-agent,OFF,549,second,loss
tb_64e9991a_raunakdey07_pok-mon-tcg-advanced-heuristic-agent,OFF,550,first,loss
tb_64e9991a_raunakdey07_pok-mon-tcg-advanced-heuristic-agent,OFF,551,second,loss
tb_64e9991a_raunakdey07_pok-mon-tcg-advanced-heuristic-agent,OFF,552,first,loss
tb_64e9991a_raunakdey07_pok-mon-tcg-advanced-heuristic-agent,OFF,553,second,loss
tb_64e9991a_raunakdey07_pok-mon-tcg-advanced-heuristic-agent,OFF,554,first,loss
tb_64e9991a_raunakdey07_pok-mon-tcg-advanced-heuristic-agent,OFF,555,second,win
tb_64e9991a_raunakdey07_pok-mon-tcg-advanced-heuristic-agent,OFF,556,first,loss
tb_64e9991a_raunakdey07_pok-mon-tcg-advanced-heuristic-agent,OFF,557,second,win
tb_64e9991a_raunakdey07_pok-mon-tcg-advanced-heuristic-agent,OFF,558,first,win
tb_64e9991a_raunakdey07_pok-mon-tcg-advanced-heuristic-agent,OFF,559,second,win
tb_64e9991a_raunakdey07_pok-mon-tcg-advanced-heuristic-agent,OFF,560,first,win
tb_64e9991a_raunakdey07_pok-mon-tcg-advanced-heuristic-agent,OFF,561,second,loss
tb_64e9991a_raunakdey07_pok-mon-tcg-advanced-heuristic-agent,OFF,562,first,win
tb_64e9991a_raunakdey07_pok-mon-tcg-advanced-heuristic-agent,OFF,563,second,win
tb_64e9991a_raunakdey07_pok-mon-tcg-advanced-heuristic-agent,OFF,564,first,loss
tb_64e9991a_raunakdey07_pok-mon-tcg-advanced-heuristic-agent,OFF,565,second,loss
tb_64e9991a_raunakdey07_pok-mon-tcg-advanced-heuristic-agent,OFF,566,first,loss
tb_64e9991a_raunakdey07_pok-mon-tcg-advanced-heuristic-agent,OFF,567,second,win
tb_64e9991a_raunakdey07_pok-mon-tcg-advanced-heuristic-agent,OFF,568,first,loss
tb_64e9991a_raunakdey07_pok-mon-tcg-advanced-heuristic-agent,OFF,569,second,loss
tb_64e9991a_raunakdey07_pok-mon-tcg-advanced-heuristic-agent,OFF,570,first,loss
tb_64e9991a_raunakdey07_pok-mon-tcg-advanced-heuristic-agent,OFF,571,second,win
tb_64e9991a_raunakdey07_pok-mon-tcg-advanced-heuristic-agent,OFF,572,first,loss
tb_64e9991a_raunakdey07_pok-mon-tcg-advanced-heuristic-agent,OFF,573,second,win
tb_64e9991a_raunakdey07_pok-mon-tcg-advanced-heuristic-agent,OFF,574,first,loss
tb_64e9991a_raunakdey07_pok-mon-tcg-advanced-heuristic-agent,OFF,575,second,loss
tb_64e9991a_raunakdey07_pok-mon-tcg-advanced-heuristic-agent,OFF,576,first,win
tb_64e9991a_raunakdey07_pok-mon-tcg-advanced-heuristic-agent,OFF,577,second,loss
tb_64e9991a_raunakdey07_pok-mon-tcg-advanced-heuristic-agent,OFF,578,first,loss
tb_64e9991a_raunakdey07_pok-mon-tcg-advanced-heuristic-agent,OFF,579,second,loss
tb_64e9991a_raunakdey07_pok-mon-tcg-advanced-heuristic-agent,OFF,580,first,win
tb_64e9991a_raunakdey07_pok-mon-tcg-advanced-heuristic-agent,OFF,581,second,win
tb_64e9991a_raunakdey07_pok-mon-tcg-advanced-heuristic-agent,OFF,582,first,win
tb_64e9991a_raunakdey07_pok-mon-tcg-advanced-heuristic-agent,OFF,583,second,loss
tb_64e9991a_raunakdey07_pok-mon-tcg-advanced-heuristic-agent,OFF,584,first,loss
tb_64e9991a_raunakdey07_pok-mon-tcg-advanced-heuristic-agent,OFF,585,second,loss
tb_64e9991a_raunakdey07_pok-mon-tcg-advanced-heuristic-agent,OFF,586,first,win
tb_64e9991a_raunakdey07_pok-mon-tcg-advanced-heuristic-agent,OFF,587,second,loss
tb_64e9991a_raunakdey07_pok-mon-tcg-advanced-heuristic-agent,OFF,588,first,loss
tb_64e9991a_raunakdey07_pok-mon-tcg-advanced-heuristic-agent,OFF,589,second,loss
tb_64e9991a_raunakdey07_pok-mon-tcg-advanced-heuristic-agent,OFF,590,first,win
tb_64e9991a_raunakdey07_pok-mon-tcg-advanced-heuristic-agent,OFF,591,second,loss
tb_64e9991a_raunakdey07_pok-mon-tcg-advanced-heuristic-agent,OFF,592,first,loss
tb_64e9991a_raunakdey07_pok-mon-tcg-advanced-heuristic-agent,OFF,593,second,loss
tb_64e9991a_raunakdey07_pok-mon-tcg-advanced-heuristic-agent,OFF,594,first,loss
tb_64e9991a_raunakdey07_pok-mon-tcg-advanced-heuristic-agent,OFF,595,second,loss
tb_64e9991a_raunakdey07_pok-mon-tcg-advanced-heuristic-agent,OFF,596,first,win
tb_64e9991a_raunakdey07_pok-mon-tcg-advanced-heuristic-agent,OFF,597,second,loss
tb_64e9991a_raunakdey07_pok-mon-tcg-advanced-heuristic-agent,OFF,598,first,loss
tb_64e9991a_raunakdey07_pok-mon-tcg-advanced-heuristic-agent,OFF,599,second,loss
tb_64e9991a_raunakdey07_pok-mon-tcg-advanced-heuristic-agent,ON,0,first,loss
tb_64e9991a_raunakdey07_pok-mon-tcg-advanced-heuristic-agent,ON,1,second,loss
tb_64e9991a_raunakdey07_pok-mon-tcg-advanced-heuristic-agent,ON,2,first,loss
tb_64e9991a_raunakdey07_pok-mon-tcg-advanced-heuristic-agent,ON,3,second,loss
tb_64e9991a_raunakdey07_pok-mon-tcg-advanced-heuristic-agent,ON,4,first,win
tb_64e9991a_raunakdey07_pok-mon-tcg-advanced-heuristic-agent,ON,5,second,win
tb_64e9991a_raunakdey07_pok-mon-tcg-advanced-heuristic-agent,ON,6,first,win
tb_64e9991a_raunakdey07_pok-mon-tcg-advanced-heuristic-agent,ON,7,second,loss
tb_64e9991a_raunakdey07_pok-mon-tcg-advanced-heuristic-agent,ON,8,first,win
tb_64e9991a_raunakdey07_pok-mon-tcg-advanced-heuristic-agent,ON,9,second,loss
tb_64e9991a_raunakdey07_pok-mon-tcg-advanced-heuristic-agent,ON,10,first,win
tb_64e9991a_raunakdey07_pok-mon-tcg-advanced-heuristic-agent,ON,11,second,win
tb_64e9991a_raunakdey07_pok-mon-tcg-advanced-heuristic-agent,ON,12,first,loss
tb_64e9991a_raunakdey07_pok-mon-tcg-advanced-heuristic-agent,ON,13,second,loss
tb_64e9991a_raunakdey07_pok-mon-tcg-advanced-heuristic-agent,ON,14,first,loss
tb_64e9991a_raunakdey07_pok-mon-tcg-advanced-heuristic-agent,ON,15,second,win
tb_64e9991a_raunakdey07_pok-mon-tcg-advanced-heuristic-agent,ON,16,first,loss
tb_64e9991a_raunakdey07_pok-mon-tcg-advanced-heuristic-agent,ON,17,second,loss
tb_64e9991a_raunakdey07_pok-mon-tcg-advanced-heuristic-agent,ON,18,first,win
tb_64e9991a_raunakdey07_pok-mon-tcg-advanced-heuristic-agent,ON,19,second,win
tb_64e9991a_raunakdey07_pok-mon-tcg-advanced-heuristic-agent,ON,20,first,loss
tb_64e9991a_raunakdey07_pok-mon-tcg-advanced-heuristic-agent,ON,21,second,win
tb_64e9991a_raunakdey07_pok-mon-tcg-advanced-heuristic-agent,ON,22,first,loss
tb_64e9991a_raunakdey07_pok-mon-tcg-advanced-heuristic-agent,ON,23,second,win
tb_64e9991a_raunakdey07_pok-mon-tcg-advanced-heuristic-agent,ON,24,first,win
tb_64e9991a_raunakdey07_pok-mon-tcg-advanced-heuristic-agent,ON,25,second,loss
tb_64e9991a_raunakdey07_pok-mon-tcg-advanced-heuristic-agent,ON,26,first,win
tb_64e9991a_raunakdey07_pok-mon-tcg-advanced-heuristic-agent,ON,27,second,win
tb_64e9991a_raunakdey07_pok-mon-tcg-advanced-heuristic-agent,ON,28,first,win
tb_64e9991a_raunakdey07_pok-mon-tcg-advanced-heuristic-agent,ON,29,second,loss
tb_64e9991a_raunakdey07_pok-mon-tcg-advanced-heuristic-agent,ON,30,first,loss
tb_64e9991a_raunakdey07_pok-mon-tcg-advanced-heuristic-agent,ON,31,second,win
tb_64e9991a_raunakdey07_pok-mon-tcg-advanced-heuristic-agent,ON,32,first,loss
tb_64e9991a_raunakdey07_pok-mon-tcg-advanced-heuristic-agent,ON,33,second,win
tb_64e9991a_raunakdey07_pok-mon-tcg-advanced-heuristic-agent,ON,34,first,win
tb_64e9991a_raunakdey07_pok-mon-tcg-advanced-heuristic-agent,ON,35,second,loss
tb_64e9991a_raunakdey07_pok-mon-tcg-advanced-heuristic-agent,ON,36,first,loss
tb_64e9991a_raunakdey07_pok-mon-tcg-advanced-heuristic-agent,ON,37,second,loss
tb_64e9991a_raunakdey07_pok-mon-tcg-advanced-heuristic-agent,ON,38,first,loss
tb_64e9991a_raunakdey07_pok-mon-tcg-advanced-heuristic-agent,ON,39,second,loss
tb_64e9991a_raunakdey07_pok-mon-tcg-advanced-heuristic-agent,ON,40,first,loss
tb_64e9991a_raunakdey07_pok-mon-tcg-advanced-heuristic-agent,ON,41,second,win
tb_64e9991a_raunakdey07_pok-mon-tcg-advanced-heuristic-agent,ON,42,first,win
tb_64e9991a_raunakdey07_pok-mon-tcg-advanced-heuristic-agent,ON,43,second,win
tb_64e9991a_raunakdey07_pok-mon-tcg-advanced-heuristic-agent,ON,44,first,win
tb_64e9991a_raunakdey07_pok-mon-tcg-advanced-heuristic-agent,ON,45,second,win
tb_64e9991a_raunakdey07_pok-mon-tcg-advanced-heuristic-agent,ON,46,first,loss
tb_64e9991a_raunakdey07_pok-mon-tcg-advanced-heuristic-agent,ON,47,second,win
tb_64e9991a_raunakdey07_pok-mon-tcg-advanced-heuristic-agent,ON,48,first,loss
tb_64e9991a_raunakdey07_pok-mon-tcg-advanced-heuristic-agent,ON,49,second,loss
tb_64e9991a_raunakdey07_pok-mon-tcg-advanced-heuristic-agent,ON,50,first,win
tb_64e9991a_raunakdey07_pok-mon-tcg-advanced-heuristic-agent,ON,51,second,win
tb_64e9991a_raunakdey07_pok-mon-tcg-advanced-heuristic-agent,ON,52,first,win
tb_64e9991a_raunakdey07_pok-mon-tcg-advanced-heuristic-agent,ON,53,second,loss
tb_64e9991a_raunakdey07_pok-mon-tcg-advanced-heuristic-agent,ON,54,first,loss
tb_64e9991a_raunakdey07_pok-mon-tcg-advanced-heuristic-agent,ON,55,second,loss
tb_64e9991a_raunakdey07_pok-mon-tcg-advanced-heuristic-agent,ON,56,first,loss
tb_64e9991a_raunakdey07_pok-mon-tcg-advanced-heuristic-agent,ON,57,second,win
tb_64e9991a_raunakdey07_pok-mon-tcg-advanced-heuristic-agent,ON,58,first,win
tb_64e9991a_raunakdey07_pok-mon-tcg-advanced-heuristic-agent,ON,59,second,win
tb_64e9991a_raunakdey07_pok-mon-tcg-advanced-heuristic-agent,ON,60,first,loss
tb_64e9991a_raunakdey07_pok-mon-tcg-advanced-heuristic-agent,ON,61,second,win
tb_64e9991a_raunakdey07_pok-mon-tcg-advanced-heuristic-agent,ON,62,first,loss
tb_64e9991a_raunakdey07_pok-mon-tcg-advanced-heuristic-agent,ON,63,second,loss
tb_64e9991a_raunakdey07_pok-mon-tcg-advanced-heuristic-agent,ON,64,first,win
tb_64e9991a_raunakdey07_pok-mon-tcg-advanced-heuristic-agent,ON,65,second,win
tb_64e9991a_raunakdey07_pok-mon-tcg-advanced-heuristic-agent,ON,66,first,win
tb_64e9991a_raunakdey07_pok-mon-tcg-advanced-heuristic-agent,ON,67,second,win
tb_64e9991a_raunakdey07_pok-mon-tcg-advanced-heuristic-agent,ON,68,first,loss
tb_64e9991a_raunakdey07_pok-mon-tcg-advanced-heuristic-agent,ON,69,second,win
tb_64e9991a_raunakdey07_pok-mon-tcg-advanced-heuristic-agent,ON,70,first,loss
tb_64e9991a_raunakdey07_pok-mon-tcg-advanced-heuristic-agent,ON,71,second,win
tb_64e9991a_raunakdey07_pok-mon-tcg-advanced-heuristic-agent,ON,72,first,win
tb_64e9991a_raunakdey07_pok-mon-tcg-advanced-heuristic-agent,ON,73,second,loss
tb_64e9991a_raunakdey07_pok-mon-tcg-advanced-heuristic-agent,ON,74,first,win
tb_64e9991a_raunakdey07_pok-mon-tcg-advanced-heuristic-agent,ON,75,second,loss
tb_64e9991a_raunakdey07_pok-mon-tcg-advanced-heuristic-agent,ON,76,first,win
tb_64e9991a_raunakdey07_pok-mon-tcg-advanced-heuristic-agent,ON,77,second,loss
tb_64e9991a_raunakdey07_pok-mon-tcg-advanced-heuristic-agent,ON,78,first,loss
tb_64e9991a_raunakdey07_pok-mon-tcg-advanced-heuristic-agent,ON,79,second,loss
tb_64e9991a_raunakdey07_pok-mon-tcg-advanced-heuristic-agent,ON,80,first,loss
tb_64e9991a_raunakdey07_pok-mon-tcg-advanced-heuristic-agent,ON,81,second,win
tb_64e9991a_raunakdey07_pok-mon-tcg-advanced-heuristic-agent,ON,82,first,win
tb_64e9991a_raunakdey07_pok-mon-tcg-advanced-heuristic-agent,ON,83,second,loss
tb_64e9991a_raunakdey07_pok-mon-tcg-advanced-heuristic-agent,ON,84,first,loss
tb_64e9991a_raunakdey07_pok-mon-tcg-advanced-heuristic-agent,ON,85,second,loss
tb_64e9991a_raunakdey07_pok-mon-tcg-advanced-heuristic-agent,ON,86,first,loss
tb_64e9991a_raunakdey07_pok-mon-tcg-advanced-heuristic-agent,ON,87,second,loss
tb_64e9991a_raunakdey07_pok-mon-tcg-advanced-heuristic-agent,ON,88,first,loss
tb_64e9991a_raunakdey07_pok-mon-tcg-advanced-heuristic-agent,ON,89,second,loss
tb_64e9991a_raunakdey07_pok-mon-tcg-advanced-heuristic-agent,ON,90,first,loss
tb_64e9991a_raunakdey07_pok-mon-tcg-advanced-heuristic-agent,ON,91,second,loss
tb_64e9991a_raunakdey07_pok-mon-tcg-advanced-heuristic-agent,ON,92,first,win
tb_64e9991a_raunakdey07_pok-mon-tcg-advanced-heuristic-agent,ON,93,second,loss
tb_64e9991a_raunakdey07_pok-mon-tcg-advanced-heuristic-agent,ON,94,first,loss
tb_64e9991a_raunakdey07_pok-mon-tcg-advanced-heuristic-agent,ON,95,second,win
tb_64e9991a_raunakdey07_pok-mon-tcg-advanced-heuristic-agent,ON,96,first,loss
tb_64e9991a_raunakdey07_pok-mon-tcg-advanced-heuristic-agent,ON,97,second,loss
tb_64e9991a_raunakdey07_pok-mon-tcg-advanced-heuristic-agent,ON,98,first,loss
tb_64e9991a_raunakdey07_pok-mon-tcg-advanced-heuristic-agent,ON,99,second,loss
tb_64e9991a_raunakdey07_pok-mon-tcg-advanced-heuristic-agent,ON,100,first,win
tb_64e9991a_raunakdey07_pok-mon-tcg-advanced-heuristic-agent,ON,101,second,win
tb_64e9991a_raunakdey07_pok-mon-tcg-advanced-heuristic-agent,ON,102,first,win
tb_64e9991a_raunakdey07_pok-mon-tcg-advanced-heuristic-agent,ON,103,second,loss
tb_64e9991a_raunakdey07_pok-mon-tcg-advanced-heuristic-agent,ON,104,first,win
tb_64e9991a_raunakdey07_pok-mon-tcg-advanced-heuristic-agent,ON,105,second,loss
tb_64e9991a_raunakdey07_pok-mon-tcg-advanced-heuristic-agent,ON,106,first,win
tb_64e9991a_raunakdey07_pok-mon-tcg-advanced-heuristic-agent,ON,107,second,win
tb_64e9991a_raunakdey07_pok-mon-tcg-advanced-heuristic-agent,ON,108,first,win
tb_64e9991a_raunakdey07_pok-mon-tcg-advanced-heuristic-agent,ON,109,second,loss
tb_64e9991a_raunakdey07_pok-mon-tcg-advanced-heuristic-agent,ON,110,first,win
tb_64e9991a_raunakdey07_pok-mon-tcg-advanced-heuristic-agent,ON,111,second,loss
tb_64e9991a_raunakdey07_pok-mon-tcg-advanced-heuristic-agent,ON,112,first,win
tb_64e9991a_raunakdey07_pok-mon-tcg-advanced-heuristic-agent,ON,113,second,win
tb_64e9991a_raunakdey07_pok-mon-tcg-advanced-heuristic-agent,ON,114,first,loss
tb_64e9991a_raunakdey07_pok-mon-tcg-advanced-heuristic-agent,ON,115,second,loss
tb_64e9991a_raunakdey07_pok-mon-tcg-advanced-heuristic-agent,ON,116,first,win
tb_64e9991a_raunakdey07_pok-mon-tcg-advanced-heuristic-agent,ON,117,second,win
tb_64e9991a_raunakdey07_pok-mon-tcg-advanced-heuristic-agent,ON,118,first,win
tb_64e9991a_raunakdey07_pok-mon-tcg-advanced-heuristic-agent,ON,119,second,loss
tb_64e9991a_raunakdey07_pok-mon-tcg-advanced-heuristic-agent,ON,120,first,loss
tb_64e9991a_raunakdey07_pok-mon-tcg-advanced-heuristic-agent,ON,121,second,win
tb_64e9991a_raunakdey07_pok-mon-tcg-advanced-heuristic-agent,ON,122,first,loss
tb_64e9991a_raunakdey07_pok-mon-tcg-advanced-heuristic-agent,ON,123,second,loss
tb_64e9991a_raunakdey07_pok-mon-tcg-advanced-heuristic-agent,ON,124,first,win
tb_64e9991a_raunakdey07_pok-mon-tcg-advanced-heuristic-agent,ON,125,second,win
tb_64e9991a_raunakdey07_pok-mon-tcg-advanced-heuristic-agent,ON,126,first,loss
tb_64e9991a_raunakdey07_pok-mon-tcg-advanced-heuristic-agent,ON,127,second,loss
tb_64e9991a_raunakdey07_pok-mon-tcg-advanced-heuristic-agent,ON,128,first,loss
tb_64e9991a_raunakdey07_pok-mon-tcg-advanced-heuristic-agent,ON,129,second,loss
tb_64e9991a_raunakdey07_pok-mon-tcg-advanced-heuristic-agent,ON,130,first,win
tb_64e9991a_raunakdey07_pok-mon-tcg-advanced-heuristic-agent,ON,131,second,loss
tb_64e9991a_raunakdey07_pok-mon-tcg-advanced-heuristic-agent,ON,132,first,win
tb_64e9991a_raunakdey07_pok-mon-tcg-advanced-heuristic-agent,ON,133,second,loss
tb_64e9991a_raunakdey07_pok-mon-tcg-advanced-heuristic-agent,ON,134,first,loss
tb_64e9991a_raunakdey07_pok-mon-tcg-advanced-heuristic-agent,ON,135,second,loss
tb_64e9991a_raunakdey07_pok-mon-tcg-advanced-heuristic-agent,ON,136,first,loss
tb_64e9991a_raunakdey07_pok-mon-tcg-advanced-heuristic-agent,ON,137,second,win
tb_64e9991a_raunakdey07_pok-mon-tcg-advanced-heuristic-agent,ON,138,first,loss
tb_64e9991a_raunakdey07_pok-mon-tcg-advanced-heuristic-agent,ON,139,second,loss
tb_64e9991a_raunakdey07_pok-mon-tcg-advanced-heuristic-agent,ON,140,first,win
tb_64e9991a_raunakdey07_pok-mon-tcg-advanced-heuristic-agent,ON,141,second,loss
tb_64e9991a_raunakdey07_pok-mon-tcg-advanced-heuristic-agent,ON,142,first,loss
tb_64e9991a_raunakdey07_pok-mon-tcg-advanced-heuristic-agent,ON,143,second,loss
tb_64e9991a_raunakdey07_pok-mon-tcg-advanced-heuristic-agent,ON,144,first,win
tb_64e9991a_raunakdey07_pok-mon-tcg-advanced-heuristic-agent,ON,145,second,loss
tb_64e9991a_raunakdey07_pok-mon-tcg-advanced-heuristic-agent,ON,146,first,loss
tb_64e9991a_raunakdey07_pok-mon-tcg-advanced-heuristic-agent,ON,147,second,loss
tb_64e9991a_raunakdey07_pok-mon-tcg-advanced-heuristic-agent,ON,148,first,win
tb_64e9991a_raunakdey07_pok-mon-tcg-advanced-heuristic-agent,ON,149,second,win
tb_64e9991a_raunakdey07_pok-mon-tcg-advanced-heuristic-agent,ON,150,first,win
tb_64e9991a_raunakdey07_pok-mon-tcg-advanced-heuristic-agent,ON,151,second,loss
tb_64e9991a_raunakdey07_pok-mon-tcg-advanced-heuristic-agent,ON,152,first,loss
tb_64e9991a_raunakdey07_pok-mon-tcg-advanced-heuristic-agent,ON,153,second,loss
tb_64e9991a_raunakdey07_pok-mon-tcg-advanced-heuristic-agent,ON,154,first,loss
tb_64e9991a_raunakdey07_pok-mon-tcg-advanced-heuristic-agent,ON,155,second,win
tb_64e9991a_raunakdey07_pok-mon-tcg-advanced-heuristic-agent,ON,156,first,loss
tb_64e9991a_raunakdey07_pok-mon-tcg-advanced-heuristic-agent,ON,157,second,loss
tb_64e9991a_raunakdey07_pok-mon-tcg-advanced-heuristic-agent,ON,158,first,loss
tb_64e9991a_raunakdey07_pok-mon-tcg-advanced-heuristic-agent,ON,159,second,loss
tb_64e9991a_raunakdey07_pok-mon-tcg-advanced-heuristic-agent,ON,160,first,loss
tb_64e9991a_raunakdey07_pok-mon-tcg-advanced-heuristic-agent,ON,161,second,win
tb_64e9991a_raunakdey07_pok-mon-tcg-advanced-heuristic-agent,ON,162,first,loss
tb_64e9991a_raunakdey07_pok-mon-tcg-advanced-heuristic-agent,ON,163,second,loss
tb_64e9991a_raunakdey07_pok-mon-tcg-advanced-heuristic-agent,ON,164,first,win
tb_64e9991a_raunakdey07_pok-mon-tcg-advanced-heuristic-agent,ON,165,second,win
tb_64e9991a_raunakdey07_pok-mon-tcg-advanced-heuristic-agent,ON,166,first,win
tb_64e9991a_raunakdey07_pok-mon-tcg-advanced-heuristic-agent,ON,167,second,loss
tb_64e9991a_raunakdey07_pok-mon-tcg-advanced-heuristic-agent,ON,168,first,loss
tb_64e9991a_raunakdey07_pok-mon-tcg-advanced-heuristic-agent,ON,169,second,loss
tb_64e9991a_raunakdey07_pok-mon-tcg-advanced-heuristic-agent,ON,170,first,win
tb_64e9991a_raunakdey07_pok-mon-tcg-advanced-heuristic-agent,ON,171,second,win
tb_64e9991a_raunakdey07_pok-mon-tcg-advanced-heuristic-agent,ON,172,first,win
tb_64e9991a_raunakdey07_pok-mon-tcg-advanced-heuristic-agent,ON,173,second,win
tb_64e9991a_raunakdey07_pok-mon-tcg-advanced-heuristic-agent,ON,174,first,loss
tb_64e9991a_raunakdey07_pok-mon-tcg-advanced-heuristic-agent,ON,175,second,loss
tb_64e9991a_raunakdey07_pok-mon-tcg-advanced-heuristic-agent,ON,176,first,loss
tb_64e9991a_raunakdey07_pok-mon-tcg-advanced-heuristic-agent,ON,177,second,loss
tb_64e9991a_raunakdey07_pok-mon-tcg-advanced-heuristic-agent,ON,178,first,loss
tb_64e9991a_raunakdey07_pok-mon-tcg-advanced-heuristic-agent,ON,179,second,win
tb_64e9991a_raunakdey07_pok-mon-tcg-advanced-heuristic-agent,ON,180,first,loss
tb_64e9991a_raunakdey07_pok-mon-tcg-advanced-heuristic-agent,ON,181,second,loss
tb_64e9991a_raunakdey07_pok-mon-tcg-advanced-heuristic-agent,ON,182,first,win
tb_64e9991a_raunakdey07_pok-mon-tcg-advanced-heuristic-agent,ON,183,second,loss
tb_64e9991a_raunakdey07_pok-mon-tcg-advanced-heuristic-agent,ON,184,first,loss
tb_64e9991a_raunakdey07_pok-mon-tcg-advanced-heuristic-agent,ON,185,second,loss
tb_64e9991a_raunakdey07_pok-mon-tcg-advanced-heuristic-agent,ON,186,first,win
tb_64e9991a_raunakdey07_pok-mon-tcg-advanced-heuristic-agent,ON,187,second,loss
tb_64e9991a_raunakdey07_pok-mon-tcg-advanced-heuristic-agent,ON,188,first,loss
tb_64e9991a_raunakdey07_pok-mon-tcg-advanced-heuristic-agent,ON,189,second,loss
tb_64e9991a_raunakdey07_pok-mon-tcg-advanced-heuristic-agent,ON,190,first,win
tb_64e9991a_raunakdey07_pok-mon-tcg-advanced-heuristic-agent,ON,191,second,win
tb_64e9991a_raunakdey07_pok-mon-tcg-advanced-heuristic-agent,ON,192,first,win
tb_64e9991a_raunakdey07_pok-mon-tcg-advanced-heuristic-agent,ON,193,second,win
tb_64e9991a_raunakdey07_pok-mon-tcg-advanced-heuristic-agent,ON,194,first,loss
tb_64e9991a_raunakdey07_pok-mon-tcg-advanced-heuristic-agent,ON,195,second,win
tb_64e9991a_raunakdey07_pok-mon-tcg-advanced-heuristic-agent,ON,196,first,loss
tb_64e9991a_raunakdey07_pok-mon-tcg-advanced-heuristic-agent,ON,197,second,win
tb_64e9991a_raunakdey07_pok-mon-tcg-advanced-heuristic-agent,ON,198,first,loss
tb_64e9991a_raunakdey07_pok-mon-tcg-advanced-heuristic-agent,ON,199,second,loss
tb_64e9991a_raunakdey07_pok-mon-tcg-advanced-heuristic-agent,ON,200,first,win
tb_64e9991a_raunakdey07_pok-mon-tcg-advanced-heuristic-agent,ON,201,second,loss
tb_64e9991a_raunakdey07_pok-mon-tcg-advanced-heuristic-agent,ON,202,first,win
tb_64e9991a_raunakdey07_pok-mon-tcg-advanced-heuristic-agent,ON,203,second,win
tb_64e9991a_raunakdey07_pok-mon-tcg-advanced-heuristic-agent,ON,204,first,win
tb_64e9991a_raunakdey07_pok-mon-tcg-advanced-heuristic-agent,ON,205,second,win
tb_64e9991a_raunakdey07_pok-mon-tcg-advanced-heuristic-agent,ON,206,first,win
tb_64e9991a_raunakdey07_pok-mon-tcg-advanced-heuristic-agent,ON,207,second,loss
tb_64e9991a_raunakdey07_pok-mon-tcg-advanced-heuristic-agent,ON,208,first,win
tb_64e9991a_raunakdey07_pok-mon-tcg-advanced-heuristic-agent,ON,209,second,loss
tb_64e9991a_raunakdey07_pok-mon-tcg-advanced-heuristic-agent,ON,210,first,win
tb_64e9991a_raunakdey07_pok-mon-tcg-advanced-heuristic-agent,ON,211,second,win
tb_64e9991a_raunakdey07_pok-mon-tcg-advanced-heuristic-agent,ON,212,first,loss
tb_64e9991a_raunakdey07_pok-mon-tcg-advanced-heuristic-agent,ON,213,second,loss
tb_64e9991a_raunakdey07_pok-mon-tcg-advanced-heuristic-agent,ON,214,first,loss
tb_64e9991a_raunakdey07_pok-mon-tcg-advanced-heuristic-agent,ON,215,second,win
tb_64e9991a_raunakdey07_pok-mon-tcg-advanced-heuristic-agent,ON,216,first,loss
tb_64e9991a_raunakdey07_pok-mon-tcg-advanced-heuristic-agent,ON,217,second,loss
tb_64e9991a_raunakdey07_pok-mon-tcg-advanced-heuristic-agent,ON,218,first,loss
tb_64e9991a_raunakdey07_pok-mon-tcg-advanced-heuristic-agent,ON,219,second,loss
tb_64e9991a_raunakdey07_pok-mon-tcg-advanced-heuristic-agent,ON,220,first,loss
tb_64e9991a_raunakdey07_pok-mon-tcg-advanced-heuristic-agent,ON,221,second,win
tb_64e9991a_raunakdey07_pok-mon-tcg-advanced-heuristic-agent,ON,222,first,win
tb_64e9991a_raunakdey07_pok-mon-tcg-advanced-heuristic-agent,ON,223,second,loss
tb_64e9991a_raunakdey07_pok-mon-tcg-advanced-heuristic-agent,ON,224,first,win
tb_64e9991a_raunakdey07_pok-mon-tcg-advanced-heuristic-agent,ON,225,second,loss
tb_64e9991a_raunakdey07_pok-mon-tcg-advanced-heuristic-agent,ON,226,first,loss
tb_64e9991a_raunakdey07_pok-mon-tcg-advanced-heuristic-agent,ON,227,second,loss
tb_64e9991a_raunakdey07_pok-mon-tcg-advanced-heuristic-agent,ON,228,first,win
tb_64e9991a_raunakdey07_pok-mon-tcg-advanced-heuristic-agent,ON,229,second,loss
tb_64e9991a_raunakdey07_pok-mon-tcg-advanced-heuristic-agent,ON,230,first,loss
tb_64e9991a_raunakdey07_pok-mon-tcg-advanced-heuristic-agent,ON,231,second,win
tb_64e9991a_raunakdey07_pok-mon-tcg-advanced-heuristic-agent,ON,232,first,loss
tb_64e9991a_raunakdey07_pok-mon-tcg-advanced-heuristic-agent,ON,233,second,win
tb_64e9991a_raunakdey07_pok-mon-tcg-advanced-heuristic-agent,ON,234,first,loss
tb_64e9991a_raunakdey07_pok-mon-tcg-advanced-heuristic-agent,ON,235,second,loss
tb_64e9991a_raunakdey07_pok-mon-tcg-advanced-heuristic-agent,ON,236,first,loss
tb_64e9991a_raunakdey07_pok-mon-tcg-advanced-heuristic-agent,ON,237,second,loss
tb_64e9991a_raunakdey07_pok-mon-tcg-advanced-heuristic-agent,ON,238,first,loss
tb_64e9991a_raunakdey07_pok-mon-tcg-advanced-heuristic-agent,ON,239,second,win
tb_64e9991a_raunakdey07_pok-mon-tcg-advanced-heuristic-agent,ON,240,first,loss
tb_64e9991a_raunakdey07_pok-mon-tcg-advanced-heuristic-agent,ON,241,second,loss
tb_64e9991a_raunakdey07_pok-mon-tcg-advanced-heuristic-agent,ON,242,first,win
tb_64e9991a_raunakdey07_pok-mon-tcg-advanced-heuristic-agent,ON,243,second,win
tb_64e9991a_raunakdey07_pok-mon-tcg-advanced-heuristic-agent,ON,244,first,loss
tb_64e9991a_raunakdey07_pok-mon-tcg-advanced-heuristic-agent,ON,245,second,win
tb_64e9991a_raunakdey07_pok-mon-tcg-advanced-heuristic-agent,ON,246,first,win
tb_64e9991a_raunakdey07_pok-mon-tcg-advanced-heuristic-agent,ON,247,second,win
tb_64e9991a_raunakdey07_pok-mon-tcg-advanced-heuristic-agent,ON,248,first,loss
tb_64e9991a_raunakdey07_pok-mon-tcg-advanced-heuristic-agent,ON,249,second,win
tb_64e9991a_raunakdey07_pok-mon-tcg-advanced-heuristic-agent,ON,250,first,loss
tb_64e9991a_raunakdey07_pok-mon-tcg-advanced-heuristic-agent,ON,251,second,win
tb_64e9991a_raunakdey07_pok-mon-tcg-advanced-heuristic-agent,ON,252,first,win
tb_64e9991a_raunakdey07_pok-mon-tcg-advanced-heuristic-agent,ON,253,second,loss
tb_64e9991a_raunakdey07_pok-mon-tcg-advanced-heuristic-agent,ON,254,first,loss
tb_64e9991a_raunakdey07_pok-mon-tcg-advanced-heuristic-agent,ON,255,second,loss
tb_64e9991a_raunakdey07_pok-mon-tcg-advanced-heuristic-agent,ON,256,first,win
tb_64e9991a_raunakdey07_pok-mon-tcg-advanced-heuristic-agent,ON,257,second,win
tb_64e9991a_raunakdey07_pok-mon-tcg-advanced-heuristic-agent,ON,258,first,win
tb_64e9991a_raunakdey07_pok-mon-tcg-advanced-heuristic-agent,ON,259,second,loss
tb_64e9991a_raunakdey07_pok-mon-tcg-advanced-heuristic-agent,ON,260,first,loss
tb_64e9991a_raunakdey07_pok-mon-tcg-advanced-heuristic-agent,ON,261,second,loss
tb_64e9991a_raunakdey07_pok-mon-tcg-advanced-heuristic-agent,ON,262,first,loss
tb_64e9991a_raunakdey07_pok-mon-tcg-advanced-heuristic-agent,ON,263,second,loss
tb_64e9991a_raunakdey07_pok-mon-tcg-advanced-heuristic-agent,ON,264,first,win
tb_64e9991a_raunakdey07_pok-mon-tcg-advanced-heuristic-agent,ON,265,second,loss
tb_64e9991a_raunakdey07_pok-mon-tcg-advanced-heuristic-agent,ON,266,first,win
tb_64e9991a_raunakdey07_pok-mon-tcg-advanced-heuristic-agent,ON,267,second,loss
tb_64e9991a_raunakdey07_pok-mon-tcg-advanced-heuristic-agent,ON,268,first,loss
tb_64e9991a_raunakdey07_pok-mon-tcg-advanced-heuristic-agent,ON,269,second,loss
tb_64e9991a_raunakdey07_pok-mon-tcg-advanced-heuristic-agent,ON,270,first,loss
tb_64e9991a_raunakdey07_pok-mon-tcg-advanced-heuristic-agent,ON,271,second,win
tb_64e9991a_raunakdey07_pok-mon-tcg-advanced-heuristic-agent,ON,272,first,loss
tb_64e9991a_raunakdey07_pok-mon-tcg-advanced-heuristic-agent,ON,273,second,loss
tb_64e9991a_raunakdey07_pok-mon-tcg-advanced-heuristic-agent,ON,274,first,loss
tb_64e9991a_raunakdey07_pok-mon-tcg-advanced-heuristic-agent,ON,275,second,loss
tb_64e9991a_raunakdey07_pok-mon-tcg-advanced-heuristic-agent,ON,276,first,loss
tb_64e9991a_raunakdey07_pok-mon-tcg-advanced-heuristic-agent,ON,277,second,loss
tb_64e9991a_raunakdey07_pok-mon-tcg-advanced-heuristic-agent,ON,278,first,win
tb_64e9991a_raunakdey07_pok-mon-tcg-advanced-heuristic-agent,ON,279,second,loss
tb_64e9991a_raunakdey07_pok-mon-tcg-advanced-heuristic-agent,ON,280,first,win
tb_64e9991a_raunakdey07_pok-mon-tcg-advanced-heuristic-agent,ON,281,second,loss
tb_64e9991a_raunakdey07_pok-mon-tcg-advanced-heuristic-agent,ON,282,first,win
tb_64e9991a_raunakdey07_pok-mon-tcg-advanced-heuristic-agent,ON,283,second,win
tb_64e9991a_raunakdey07_pok-mon-tcg-advanced-heuristic-agent,ON,284,first,win
tb_64e9991a_raunakdey07_pok-mon-tcg-advanced-heuristic-agent,ON,285,second,loss
tb_64e9991a_raunakdey07_pok-mon-tcg-advanced-heuristic-agent,ON,286,first,loss
tb_64e9991a_raunakdey07_pok-mon-tcg-advanced-heuristic-agent,ON,287,second,win
tb_64e9991a_raunakdey07_pok-mon-tcg-advanced-heuristic-agent,ON,288,first,loss
tb_64e9991a_raunakdey07_pok-mon-tcg-advanced-heuristic-agent,ON,289,second,win
tb_64e9991a_raunakdey07_pok-mon-tcg-advanced-heuristic-agent,ON,290,first,win
tb_64e9991a_raunakdey07_pok-mon-tcg-advanced-heuristic-agent,ON,291,second,loss
tb_64e9991a_raunakdey07_pok-mon-tcg-advanced-heuristic-agent,ON,292,first,loss
tb_64e9991a_raunakdey07_pok-mon-tcg-advanced-heuristic-agent,ON,293,second,loss
tb_64e9991a_raunakdey07_pok-mon-tcg-advanced-heuristic-agent,ON,294,first,win
tb_64e9991a_raunakdey07_pok-mon-tcg-advanced-heuristic-agent,ON,295,second,loss
tb_64e9991a_raunakdey07_pok-mon-tcg-advanced-heuristic-agent,ON,296,first,loss
tb_64e9991a_raunakdey07_pok-mon-tcg-advanced-heuristic-agent,ON,297,second,loss
tb_64e9991a_raunakdey07_pok-mon-tcg-advanced-heuristic-agent,ON,298,first,loss
tb_64e9991a_raunakdey07_pok-mon-tcg-advanced-heuristic-agent,ON,299,second,win
tb_64e9991a_raunakdey07_pok-mon-tcg-advanced-heuristic-agent,ON,300,first,loss
tb_64e9991a_raunakdey07_pok-mon-tcg-advanced-heuristic-agent,ON,301,second,win
tb_64e9991a_raunakdey07_pok-mon-tcg-advanced-heuristic-agent,ON,302,first,loss
tb_64e9991a_raunakdey07_pok-mon-tcg-advanced-heuristic-agent,ON,303,second,win
tb_64e9991a_raunakdey07_pok-mon-tcg-advanced-heuristic-agent,ON,304,first,loss
tb_64e9991a_raunakdey07_pok-mon-tcg-advanced-heuristic-agent,ON,305,second,win
tb_64e9991a_raunakdey07_pok-mon-tcg-advanced-heuristic-agent,ON,306,first,loss
tb_64e9991a_raunakdey07_pok-mon-tcg-advanced-heuristic-agent,ON,307,second,win
tb_64e9991a_raunakdey07_pok-mon-tcg-advanced-heuristic-agent,ON,308,first,loss
tb_64e9991a_raunakdey07_pok-mon-tcg-advanced-heuristic-agent,ON,309,second,win
tb_64e9991a_raunakdey07_pok-mon-tcg-advanced-heuristic-agent,ON,310,first,loss
tb_64e9991a_raunakdey07_pok-mon-tcg-advanced-heuristic-agent,ON,311,second,win
tb_64e9991a_raunakdey07_pok-mon-tcg-advanced-heuristic-agent,ON,312,first,loss
tb_64e9991a_raunakdey07_pok-mon-tcg-advanced-heuristic-agent,ON,313,second,loss
tb_64e9991a_raunakdey07_pok-mon-tcg-advanced-heuristic-agent,ON,314,first,loss
tb_64e9991a_raunakdey07_pok-mon-tcg-advanced-heuristic-agent,ON,315,second,win
tb_64e9991a_raunakdey07_pok-mon-tcg-advanced-heuristic-agent,ON,316,first,win
tb_64e9991a_raunakdey07_pok-mon-tcg-advanced-heuristic-agent,ON,317,second,loss
tb_64e9991a_raunakdey07_pok-mon-tcg-advanced-heuristic-agent,ON,318,first,loss
tb_64e9991a_raunakdey07_pok-mon-tcg-advanced-heuristic-agent,ON,319,second,loss
tb_64e9991a_raunakdey07_pok-mon-tcg-advanced-heuristic-agent,ON,320,first,win
tb_64e9991a_raunakdey07_pok-mon-tcg-advanced-heuristic-agent,ON,321,second,loss
tb_64e9991a_raunakdey07_pok-mon-tcg-advanced-heuristic-agent,ON,322,first,loss
tb_64e9991a_raunakdey07_pok-mon-tcg-advanced-heuristic-agent,ON,323,second,loss
tb_64e9991a_raunakdey07_pok-mon-tcg-advanced-heuristic-agent,ON,324,first,loss
tb_64e9991a_raunakdey07_pok-mon-tcg-advanced-heuristic-agent,ON,325,second,win
tb_64e9991a_raunakdey07_pok-mon-tcg-advanced-heuristic-agent,ON,326,first,loss
tb_64e9991a_raunakdey07_pok-mon-tcg-advanced-heuristic-agent,ON,327,second,loss
tb_64e9991a_raunakdey07_pok-mon-tcg-advanced-heuristic-agent,ON,328,first,win
tb_64e9991a_raunakdey07_pok-mon-tcg-advanced-heuristic-agent,ON,329,second,loss
tb_64e9991a_raunakdey07_pok-mon-tcg-advanced-heuristic-agent,ON,330,first,win
tb_64e9991a_raunakdey07_pok-mon-tcg-advanced-heuristic-agent,ON,331,second,loss
tb_64e9991a_raunakdey07_pok-mon-tcg-advanced-heuristic-agent,ON,332,first,win
tb_64e9991a_raunakdey07_pok-mon-tcg-advanced-heuristic-agent,ON,333,second,win
tb_64e9991a_raunakdey07_pok-mon-tcg-advanced-heuristic-agent,ON,334,first,win
tb_64e9991a_raunakdey07_pok-mon-tcg-advanced-heuristic-agent,ON,335,second,win
tb_64e9991a_raunakdey07_pok-mon-tcg-advanced-heuristic-agent,ON,336,first,loss
tb_64e9991a_raunakdey07_pok-mon-tcg-advanced-heuristic-agent,ON,337,second,win
tb_64e9991a_raunakdey07_pok-mon-tcg-advanced-heuristic-agent,ON,338,first,win
tb_64e9991a_raunakdey07_pok-mon-tcg-advanced-heuristic-agent,ON,339,second,loss
tb_64e9991a_raunakdey07_pok-mon-tcg-advanced-heuristic-agent,ON,340,first,loss
tb_64e9991a_raunakdey07_pok-mon-tcg-advanced-heuristic-agent,ON,341,second,win
tb_64e9991a_raunakdey07_pok-mon-tcg-advanced-heuristic-agent,ON,342,first,loss
tb_64e9991a_raunakdey07_pok-mon-tcg-advanced-heuristic-agent,ON,343,second,win
tb_64e9991a_raunakdey07_pok-mon-tcg-advanced-heuristic-agent,ON,344,first,loss
tb_64e9991a_raunakdey07_pok-mon-tcg-advanced-heuristic-agent,ON,345,second,loss
tb_64e9991a_raunakdey07_pok-mon-tcg-advanced-heuristic-agent,ON,346,first,win
tb_64e9991a_raunakdey07_pok-mon-tcg-advanced-heuristic-agent,ON,347,second,loss
tb_64e9991a_raunakdey07_pok-mon-tcg-advanced-heuristic-agent,ON,348,first,win
tb_64e9991a_raunakdey07_pok-mon-tcg-advanced-heuristic-agent,ON,349,second,loss
tb_64e9991a_raunakdey07_pok-mon-tcg-advanced-heuristic-agent,ON,350,first,loss
tb_64e9991a_raunakdey07_pok-mon-tcg-advanced-heuristic-agent,ON,351,second,win
tb_64e9991a_raunakdey07_pok-mon-tcg-advanced-heuristic-agent,ON,352,first,loss
tb_64e9991a_raunakdey07_pok-mon-tcg-advanced-heuristic-agent,ON,353,second,loss
tb_64e9991a_raunakdey07_pok-mon-tcg-advanced-heuristic-agent,ON,354,first,loss
tb_64e9991a_raunakdey07_pok-mon-tcg-advanced-heuristic-agent,ON,355,second,win
tb_64e9991a_raunakdey07_pok-mon-tcg-advanced-heuristic-agent,ON,356,first,loss
tb_64e9991a_raunakdey07_pok-mon-tcg-advanced-heuristic-agent,ON,357,second,loss
tb_64e9991a_raunakdey07_pok-mon-tcg-advanced-heuristic-agent,ON,358,first,win
tb_64e9991a_raunakdey07_pok-mon-tcg-advanced-heuristic-agent,ON,359,second,loss
tb_64e9991a_raunakdey07_pok-mon-tcg-advanced-heuristic-agent,ON,360,first,loss
tb_64e9991a_raunakdey07_pok-mon-tcg-advanced-heuristic-agent,ON,361,second,win
tb_64e9991a_raunakdey07_pok-mon-tcg-advanced-heuristic-agent,ON,362,first,loss
tb_64e9991a_raunakdey07_pok-mon-tcg-advanced-heuristic-agent,ON,363,second,win
tb_64e9991a_raunakdey07_pok-mon-tcg-advanced-heuristic-agent,ON,364,first,win
tb_64e9991a_raunakdey07_pok-mon-tcg-advanced-heuristic-agent,ON,365,second,loss
tb_64e9991a_raunakdey07_pok-mon-tcg-advanced-heuristic-agent,ON,366,first,win
tb_64e9991a_raunakdey07_pok-mon-tcg-advanced-heuristic-agent,ON,367,second,win
tb_64e9991a_raunakdey07_pok-mon-tcg-advanced-heuristic-agent,ON,368,first,loss
tb_64e9991a_raunakdey07_pok-mon-tcg-advanced-heuristic-agent,ON,369,second,draw
tb_64e9991a_raunakdey07_pok-mon-tcg-advanced-heuristic-agent,ON,370,first,loss
tb_64e9991a_raunakdey07_pok-mon-tcg-advanced-heuristic-agent,ON,371,second,win
tb_64e9991a_raunakdey07_pok-mon-tcg-advanced-heuristic-agent,ON,372,first,loss
tb_64e9991a_raunakdey07_pok-mon-tcg-advanced-heuristic-agent,ON,373,second,loss
tb_64e9991a_raunakdey07_pok-mon-tcg-advanced-heuristic-agent,ON,374,first,win
tb_64e9991a_raunakdey07_pok-mon-tcg-advanced-heuristic-agent,ON,375,second,loss
tb_64e9991a_raunakdey07_pok-mon-tcg-advanced-heuristic-agent,ON,376,first,loss
tb_64e9991a_raunakdey07_pok-mon-tcg-advanced-heuristic-agent,ON,377,second,win
tb_64e9991a_raunakdey07_pok-mon-tcg-advanced-heuristic-agent,ON,378,first,loss
tb_64e9991a_raunakdey07_pok-mon-tcg-advanced-heuristic-agent,ON,379,second,loss
tb_64e9991a_raunakdey07_pok-mon-tcg-advanced-heuristic-agent,ON,380,first,win
tb_64e9991a_raunakdey07_pok-mon-tcg-advanced-heuristic-agent,ON,381,second,loss
tb_64e9991a_raunakdey07_pok-mon-tcg-advanced-heuristic-agent,ON,382,first,loss
tb_64e9991a_raunakdey07_pok-mon-tcg-advanced-heuristic-agent,ON,383,second,win
tb_64e9991a_raunakdey07_pok-mon-tcg-advanced-heuristic-agent,ON,384,first,win
tb_64e9991a_raunakdey07_pok-mon-tcg-advanced-heuristic-agent,ON,385,second,win
tb_64e9991a_raunakdey07_pok-mon-tcg-advanced-heuristic-agent,ON,386,first,loss
tb_64e9991a_raunakdey07_pok-mon-tcg-advanced-heuristic-agent,ON,387,second,win
tb_64e9991a_raunakdey07_pok-mon-tcg-advanced-heuristic-agent,ON,388,first,loss
tb_64e9991a_raunakdey07_pok-mon-tcg-advanced-heuristic-agent,ON,389,second,win
tb_64e9991a_raunakdey07_pok-mon-tcg-advanced-heuristic-agent,ON,390,first,win
tb_64e9991a_raunakdey07_pok-mon-tcg-advanced-heuristic-agent,ON,391,second,loss
tb_64e9991a_raunakdey07_pok-mon-tcg-advanced-heuristic-agent,ON,392,first,loss
tb_64e9991a_raunakdey07_pok-mon-tcg-advanced-heuristic-agent,ON,393,second,loss
tb_64e9991a_raunakdey07_pok-mon-tcg-advanced-heuristic-agent,ON,394,first,win
tb_64e9991a_raunakdey07_pok-mon-tcg-advanced-heuristic-agent,ON,395,second,win
tb_64e9991a_raunakdey07_pok-mon-tcg-advanced-heuristic-agent,ON,396,first,win
tb_64e9991a_raunakdey07_pok-mon-tcg-advanced-heuristic-agent,ON,397,second,loss
tb_64e9991a_raunakdey07_pok-mon-tcg-advanced-heuristic-agent,ON,398,first,loss
tb_64e9991a_raunakdey07_pok-mon-tcg-advanced-heuristic-agent,ON,399,second,loss
tb_64e9991a_raunakdey07_pok-mon-tcg-advanced-heuristic-agent,ON,400,first,loss
tb_64e9991a_raunakdey07_pok-mon-tcg-advanced-heuristic-agent,ON,401,second,loss
tb_64e9991a_raunakdey07_pok-mon-tcg-advanced-heuristic-agent,ON,402,first,win
tb_64e9991a_raunakdey07_pok-mon-tcg-advanced-heuristic-agent,ON,403,second,win
tb_64e9991a_raunakdey07_pok-mon-tcg-advanced-heuristic-agent,ON,404,first,loss
tb_64e9991a_raunakdey07_pok-mon-tcg-advanced-heuristic-agent,ON,405,second,win
tb_64e9991a_raunakdey07_pok-mon-tcg-advanced-heuristic-agent,ON,406,first,loss
tb_64e9991a_raunakdey07_pok-mon-tcg-advanced-heuristic-agent,ON,407,second,win
tb_64e9991a_raunakdey07_pok-mon-tcg-advanced-heuristic-agent,ON,408,first,win
tb_64e9991a_raunakdey07_pok-mon-tcg-advanced-heuristic-agent,ON,409,second,loss
tb_64e9991a_raunakdey07_pok-mon-tcg-advanced-heuristic-agent,ON,410,first,win
tb_64e9991a_raunakdey07_pok-mon-tcg-advanced-heuristic-agent,ON,411,second,loss
tb_64e9991a_raunakdey07_pok-mon-tcg-advanced-heuristic-agent,ON,412,first,win
tb_64e9991a_raunakdey07_pok-mon-tcg-advanced-heuristic-agent,ON,413,second,loss
tb_64e9991a_raunakdey07_pok-mon-tcg-advanced-heuristic-agent,ON,414,first,loss
tb_64e9991a_raunakdey07_pok-mon-tcg-advanced-heuristic-agent,ON,415,second,loss
tb_64e9991a_raunakdey07_pok-mon-tcg-advanced-heuristic-agent,ON,416,first,loss
tb_64e9991a_raunakdey07_pok-mon-tcg-advanced-heuristic-agent,ON,417,second,win
tb_64e9991a_raunakdey07_pok-mon-tcg-advanced-heuristic-agent,ON,418,first,loss
tb_64e9991a_raunakdey07_pok-mon-tcg-advanced-heuristic-agent,ON,419,second,loss
tb_64e9991a_raunakdey07_pok-mon-tcg-advanced-heuristic-agent,ON,420,first,loss
tb_64e9991a_raunakdey07_pok-mon-tcg-advanced-heuristic-agent,ON,421,second,win
tb_64e9991a_raunakdey07_pok-mon-tcg-advanced-heuristic-agent,ON,422,first,win
tb_64e9991a_raunakdey07_pok-mon-tcg-advanced-heuristic-agent,ON,423,second,win
tb_64e9991a_raunakdey07_pok-mon-tcg-advanced-heuristic-agent,ON,424,first,loss
tb_64e9991a_raunakdey07_pok-mon-tcg-advanced-heuristic-agent,ON,425,second,loss
tb_64e9991a_raunakdey07_pok-mon-tcg-advanced-heuristic-agent,ON,426,first,loss
tb_64e9991a_raunakdey07_pok-mon-tcg-advanced-heuristic-agent,ON,427,second,loss
tb_64e9991a_raunakdey07_pok-mon-tcg-advanced-heuristic-agent,ON,428,first,loss
tb_64e9991a_raunakdey07_pok-mon-tcg-advanced-heuristic-agent,ON,429,second,win
tb_64e9991a_raunakdey07_pok-mon-tcg-advanced-heuristic-agent,ON,430,first,win
tb_64e9991a_raunakdey07_pok-mon-tcg-advanced-heuristic-agent,ON,431,second,loss
tb_64e9991a_raunakdey07_pok-mon-tcg-advanced-heuristic-agent,ON,432,first,win
tb_64e9991a_raunakdey07_pok-mon-tcg-advanced-heuristic-agent,ON,433,second,win
tb_64e9991a_raunakdey07_pok-mon-tcg-advanced-heuristic-agent,ON,434,first,loss
tb_64e9991a_raunakdey07_pok-mon-tcg-advanced-heuristic-agent,ON,435,second,loss
tb_64e9991a_raunakdey07_pok-mon-tcg-advanced-heuristic-agent,ON,436,first,loss
tb_64e9991a_raunakdey07_pok-mon-tcg-advanced-heuristic-agent,ON,437,second,win
tb_64e9991a_raunakdey07_pok-mon-tcg-advanced-heuristic-agent,ON,438,first,win
tb_64e9991a_raunakdey07_pok-mon-tcg-advanced-heuristic-agent,ON,439,second,loss
tb_64e9991a_raunakdey07_pok-mon-tcg-advanced-heuristic-agent,ON,440,first,loss
tb_64e9991a_raunakdey07_pok-mon-tcg-advanced-heuristic-agent,ON,441,second,loss
tb_64e9991a_raunakdey07_pok-mon-tcg-advanced-heuristic-agent,ON,442,first,loss
tb_64e9991a_raunakdey07_pok-mon-tcg-advanced-heuristic-agent,ON,443,second,loss
tb_64e9991a_raunakdey07_pok-mon-tcg-advanced-heuristic-agent,ON,444,first,loss
tb_64e9991a_raunakdey07_pok-mon-tcg-advanced-heuristic-agent,ON,445,second,loss
tb_64e9991a_raunakdey07_pok-mon-tcg-advanced-heuristic-agent,ON,446,first,loss
tb_64e9991a_raunakdey07_pok-mon-tcg-advanced-heuristic-agent,ON,447,second,win
tb_64e9991a_raunakdey07_pok-mon-tcg-advanced-heuristic-agent,ON,448,first,loss
tb_64e9991a_raunakdey07_pok-mon-tcg-advanced-heuristic-agent,ON,449,second,loss
tb_64e9991a_raunakdey07_pok-mon-tcg-advanced-heuristic-agent,ON,450,first,win
tb_64e9991a_raunakdey07_pok-mon-tcg-advanced-heuristic-agent,ON,451,second,loss
tb_64e9991a_raunakdey07_pok-mon-tcg-advanced-heuristic-agent,ON,452,first,loss
tb_64e9991a_raunakdey07_pok-mon-tcg-advanced-heuristic-agent,ON,453,second,win
tb_64e9991a_raunakdey07_pok-mon-tcg-advanced-heuristic-agent,ON,454,first,loss
tb_64e9991a_raunakdey07_pok-mon-tcg-advanced-heuristic-agent,ON,455,second,loss
tb_64e9991a_raunakdey07_pok-mon-tcg-advanced-heuristic-agent,ON,456,first,win
tb_64e9991a_raunakdey07_pok-mon-tcg-advanced-heuristic-agent,ON,457,second,win
tb_64e9991a_raunakdey07_pok-mon-tcg-advanced-heuristic-agent,ON,458,first,win
tb_64e9991a_raunakdey07_pok-mon-tcg-advanced-heuristic-agent,ON,459,second,loss
tb_64e9991a_raunakdey07_pok-mon-tcg-advanced-heuristic-agent,ON,460,first,win
tb_64e9991a_raunakdey07_pok-mon-tcg-advanced-heuristic-agent,ON,461,second,loss
tb_64e9991a_raunakdey07_pok-mon-tcg-advanced-heuristic-agent,ON,462,first,loss
tb_64e9991a_raunakdey07_pok-mon-tcg-advanced-heuristic-agent,ON,463,second,win
tb_64e9991a_raunakdey07_pok-mon-tcg-advanced-heuristic-agent,ON,464,first,loss
tb_64e9991a_raunakdey07_pok-mon-tcg-advanced-heuristic-agent,ON,465,second,loss
tb_64e9991a_raunakdey07_pok-mon-tcg-advanced-heuristic-agent,ON,466,first,loss
tb_64e9991a_raunakdey07_pok-mon-tcg-advanced-heuristic-agent,ON,467,second,win
tb_64e9991a_raunakdey07_pok-mon-tcg-advanced-heuristic-agent,ON,468,first,win
tb_64e9991a_raunakdey07_pok-mon-tcg-advanced-heuristic-agent,ON,469,second,loss
tb_64e9991a_raunakdey07_pok-mon-tcg-advanced-heuristic-agent,ON,470,first,loss
tb_64e9991a_raunakdey07_pok-mon-tcg-advanced-heuristic-agent,ON,471,second,loss
tb_64e9991a_raunakdey07_pok-mon-tcg-advanced-heuristic-agent,ON,472,first,win
tb_64e9991a_raunakdey07_pok-mon-tcg-advanced-heuristic-agent,ON,473,second,loss
tb_64e9991a_raunakdey07_pok-mon-tcg-advanced-heuristic-agent,ON,474,first,loss
tb_64e9991a_raunakdey07_pok-mon-tcg-advanced-heuristic-agent,ON,475,second,win
tb_64e9991a_raunakdey07_pok-mon-tcg-advanced-heuristic-agent,ON,476,first,win
tb_64e9991a_raunakdey07_pok-mon-tcg-advanced-heuristic-agent,ON,477,second,loss
tb_64e9991a_raunakdey07_pok-mon-tcg-advanced-heuristic-agent,ON,478,first,loss
tb_64e9991a_raunakdey07_pok-mon-tcg-advanced-heuristic-agent,ON,479,second,win
tb_64e9991a_raunakdey07_pok-mon-tcg-advanced-heuristic-agent,ON,480,first,loss
tb_64e9991a_raunakdey07_pok-mon-tcg-advanced-heuristic-agent,ON,481,second,win
tb_64e9991a_raunakdey07_pok-mon-tcg-advanced-heuristic-agent,ON,482,first,win
tb_64e9991a_raunakdey07_pok-mon-tcg-advanced-heuristic-agent,ON,483,second,win
tb_64e9991a_raunakdey07_pok-mon-tcg-advanced-heuristic-agent,ON,484,first,loss
tb_64e9991a_raunakdey07_pok-mon-tcg-advanced-heuristic-agent,ON,485,second,loss
tb_64e9991a_raunakdey07_pok-mon-tcg-advanced-heuristic-agent,ON,486,first,loss
tb_64e9991a_raunakdey07_pok-mon-tcg-advanced-heuristic-agent,ON,487,second,win
tb_64e9991a_raunakdey07_pok-mon-tcg-advanced-heuristic-agent,ON,488,first,win
tb_64e9991a_raunakdey07_pok-mon-tcg-advanced-heuristic-agent,ON,489,second,win
tb_64e9991a_raunakdey07_pok-mon-tcg-advanced-heuristic-agent,ON,490,first,loss
tb_64e9991a_raunakdey07_pok-mon-tcg-advanced-heuristic-agent,ON,491,second,loss
tb_64e9991a_raunakdey07_pok-mon-tcg-advanced-heuristic-agent,ON,492,first,loss
tb_64e9991a_raunakdey07_pok-mon-tcg-advanced-heuristic-agent,ON,493,second,loss
tb_64e9991a_raunakdey07_pok-mon-tcg-advanced-heuristic-agent,ON,494,first,loss
tb_64e9991a_raunakdey07_pok-mon-tcg-advanced-heuristic-agent,ON,495,second,loss
tb_64e9991a_raunakdey07_pok-mon-tcg-advanced-heuristic-agent,ON,496,first,win
tb_64e9991a_raunakdey07_pok-mon-tcg-advanced-heuristic-agent,ON,497,second,loss
tb_64e9991a_raunakdey07_pok-mon-tcg-advanced-heuristic-agent,ON,498,first,win
tb_64e9991a_raunakdey07_pok-mon-tcg-advanced-heuristic-agent,ON,499,second,loss
tb_64e9991a_raunakdey07_pok-mon-tcg-advanced-heuristic-agent,ON,500,first,loss
tb_64e9991a_raunakdey07_pok-mon-tcg-advanced-heuristic-agent,ON,501,second,loss
tb_64e9991a_raunakdey07_pok-mon-tcg-advanced-heuristic-agent,ON,502,first,loss
tb_64e9991a_raunakdey07_pok-mon-tcg-advanced-heuristic-agent,ON,503,second,loss
tb_64e9991a_raunakdey07_pok-mon-tcg-advanced-heuristic-agent,ON,504,first,loss
tb_64e9991a_raunakdey07_pok-mon-tcg-advanced-heuristic-agent,ON,505,second,win
tb_64e9991a_raunakdey07_pok-mon-tcg-advanced-heuristic-agent,ON,506,first,loss
tb_64e9991a_raunakdey07_pok-mon-tcg-advanced-heuristic-agent,ON,507,second,loss
tb_64e9991a_raunakdey07_pok-mon-tcg-advanced-heuristic-agent,ON,508,first,win
tb_64e9991a_raunakdey07_pok-mon-tcg-advanced-heuristic-agent,ON,509,second,win
tb_64e9991a_raunakdey07_pok-mon-tcg-advanced-heuristic-agent,ON,510,first,win
tb_64e9991a_raunakdey07_pok-mon-tcg-advanced-heuristic-agent,ON,511,second,loss
tb_64e9991a_raunakdey07_pok-mon-tcg-advanced-heuristic-agent,ON,512,first,loss
tb_64e9991a_raunakdey07_pok-mon-tcg-advanced-heuristic-agent,ON,513,second,win
tb_64e9991a_raunakdey07_pok-mon-tcg-advanced-heuristic-agent,ON,514,first,win
tb_64e9991a_raunakdey07_pok-mon-tcg-advanced-heuristic-agent,ON,515,second,loss
tb_64e9991a_raunakdey07_pok-mon-tcg-advanced-heuristic-agent,ON,516,first,win
tb_64e9991a_raunakdey07_pok-mon-tcg-advanced-heuristic-agent,ON,517,second,loss
tb_64e9991a_raunakdey07_pok-mon-tcg-advanced-heuristic-agent,ON,518,first,loss
tb_64e9991a_raunakdey07_pok-mon-tcg-advanced-heuristic-agent,ON,519,second,loss
tb_64e9991a_raunakdey07_pok-mon-tcg-advanced-heuristic-agent,ON,520,first,loss
tb_64e9991a_raunakdey07_pok-mon-tcg-advanced-heuristic-agent,ON,521,second,loss
tb_64e9991a_raunakdey07_pok-mon-tcg-advanced-heuristic-agent,ON,522,first,loss
tb_64e9991a_raunakdey07_pok-mon-tcg-advanced-heuristic-agent,ON,523,second,loss
tb_64e9991a_raunakdey07_pok-mon-tcg-advanced-heuristic-agent,ON,524,first,loss
tb_64e9991a_raunakdey07_pok-mon-tcg-advanced-heuristic-agent,ON,525,second,loss
tb_64e9991a_raunakdey07_pok-mon-tcg-advanced-heuristic-agent,ON,526,first,loss
tb_64e9991a_raunakdey07_pok-mon-tcg-advanced-heuristic-agent,ON,527,second,loss
tb_64e9991a_raunakdey07_pok-mon-tcg-advanced-heuristic-agent,ON,528,first,win
tb_64e9991a_raunakdey07_pok-mon-tcg-advanced-heuristic-agent,ON,529,second,win
tb_64e9991a_raunakdey07_pok-mon-tcg-advanced-heuristic-agent,ON,530,first,loss
tb_64e9991a_raunakdey07_pok-mon-tcg-advanced-heuristic-agent,ON,531,second,loss
tb_64e9991a_raunakdey07_pok-mon-tcg-advanced-heuristic-agent,ON,532,first,loss
tb_64e9991a_raunakdey07_pok-mon-tcg-advanced-heuristic-agent,ON,533,second,loss
tb_64e9991a_raunakdey07_pok-mon-tcg-advanced-heuristic-agent,ON,534,first,loss
tb_64e9991a_raunakdey07_pok-mon-tcg-advanced-heuristic-agent,ON,535,second,loss
tb_64e9991a_raunakdey07_pok-mon-tcg-advanced-heuristic-agent,ON,536,first,win
tb_64e9991a_raunakdey07_pok-mon-tcg-advanced-heuristic-agent,ON,537,second,loss
tb_64e9991a_raunakdey07_pok-mon-tcg-advanced-heuristic-agent,ON,538,first,loss
tb_64e9991a_raunakdey07_pok-mon-tcg-advanced-heuristic-agent,ON,539,second,loss
tb_64e9991a_raunakdey07_pok-mon-tcg-advanced-heuristic-agent,ON,540,first,loss
tb_64e9991a_raunakdey07_pok-mon-tcg-advanced-heuristic-agent,ON,541,second,loss
tb_64e9991a_raunakdey07_pok-mon-tcg-advanced-heuristic-agent,ON,542,first,win
tb_64e9991a_raunakdey07_pok-mon-tcg-advanced-heuristic-agent,ON,543,second,loss
tb_64e9991a_raunakdey07_pok-mon-tcg-advanced-heuristic-agent,ON,544,first,win
tb_64e9991a_raunakdey07_pok-mon-tcg-advanced-heuristic-agent,ON,545,second,loss
tb_64e9991a_raunakdey07_pok-mon-tcg-advanced-heuristic-agent,ON,546,first,loss
tb_64e9991a_raunakdey07_pok-mon-tcg-advanced-heuristic-agent,ON,547,second,loss
tb_64e9991a_raunakdey07_pok-mon-tcg-advanced-heuristic-agent,ON,548,first,win
tb_64e9991a_raunakdey07_pok-mon-tcg-advanced-heuristic-agent,ON,549,second,loss
tb_64e9991a_raunakdey07_pok-mon-tcg-advanced-heuristic-agent,ON,550,first,win
tb_64e9991a_raunakdey07_pok-mon-tcg-advanced-heuristic-agent,ON,551,second,loss
tb_64e9991a_raunakdey07_pok-mon-tcg-advanced-heuristic-agent,ON,552,first,loss
tb_64e9991a_raunakdey07_pok-mon-tcg-advanced-heuristic-agent,ON,553,second,win
tb_64e9991a_raunakdey07_pok-mon-tcg-advanced-heuristic-agent,ON,554,first,loss
tb_64e9991a_raunakdey07_pok-mon-tcg-advanced-heuristic-agent,ON,555,second,loss
tb_64e9991a_raunakdey07_pok-mon-tcg-advanced-heuristic-agent,ON,556,first,loss
tb_64e9991a_raunakdey07_pok-mon-tcg-advanced-heuristic-agent,ON,557,second,loss
tb_64e9991a_raunakdey07_pok-mon-tcg-advanced-heuristic-agent,ON,558,first,loss
tb_64e9991a_raunakdey07_pok-mon-tcg-advanced-heuristic-agent,ON,559,second,loss
tb_64e9991a_raunakdey07_pok-mon-tcg-advanced-heuristic-agent,ON,560,first,loss
tb_64e9991a_raunakdey07_pok-mon-tcg-advanced-heuristic-agent,ON,561,second,win
tb_64e9991a_raunakdey07_pok-mon-tcg-advanced-heuristic-agent,ON,562,first,loss
tb_64e9991a_raunakdey07_pok-mon-tcg-advanced-heuristic-agent,ON,563,second,loss
tb_64e9991a_raunakdey07_pok-mon-tcg-advanced-heuristic-agent,ON,564,first,win
tb_64e9991a_raunakdey07_pok-mon-tcg-advanced-heuristic-agent,ON,565,second,win
tb_64e9991a_raunakdey07_pok-mon-tcg-advanced-heuristic-agent,ON,566,first,loss
tb_64e9991a_raunakdey07_pok-mon-tcg-advanced-heuristic-agent,ON,567,second,loss
tb_64e9991a_raunakdey07_pok-mon-tcg-advanced-heuristic-agent,ON,568,first,loss
tb_64e9991a_raunakdey07_pok-mon-tcg-advanced-heuristic-agent,ON,569,second,loss
tb_64e9991a_raunakdey07_pok-mon-tcg-advanced-heuristic-agent,ON,570,first,win
tb_64e9991a_raunakdey07_pok-mon-tcg-advanced-heuristic-agent,ON,571,second,loss
tb_64e9991a_raunakdey07_pok-mon-tcg-advanced-heuristic-agent,ON,572,first,loss
tb_64e9991a_raunakdey07_pok-mon-tcg-advanced-heuristic-agent,ON,573,second,loss
tb_64e9991a_raunakdey07_pok-mon-tcg-advanced-heuristic-agent,ON,574,first,loss
tb_64e9991a_raunakdey07_pok-mon-tcg-advanced-heuristic-agent,ON,575,second,loss
tb_64e9991a_raunakdey07_pok-mon-tcg-advanced-heuristic-agent,ON,576,first,loss
tb_64e9991a_raunakdey07_pok-mon-tcg-advanced-heuristic-agent,ON,577,second,win
tb_64e9991a_raunakdey07_pok-mon-tcg-advanced-heuristic-agent,ON,578,first,win
tb_64e9991a_raunakdey07_pok-mon-tcg-advanced-heuristic-agent,ON,579,second,win
tb_64e9991a_raunakdey07_pok-mon-tcg-advanced-heuristic-agent,ON,580,first,loss
tb_64e9991a_raunakdey07_pok-mon-tcg-advanced-heuristic-agent,ON,581,second,win
tb_64e9991a_raunakdey07_pok-mon-tcg-advanced-heuristic-agent,ON,582,first,loss
tb_64e9991a_raunakdey07_pok-mon-tcg-advanced-heuristic-agent,ON,583,second,win
tb_64e9991a_raunakdey07_pok-mon-tcg-advanced-heuristic-agent,ON,584,first,win
tb_64e9991a_raunakdey07_pok-mon-tcg-advanced-heuristic-agent,ON,585,second,loss
tb_64e9991a_raunakdey07_pok-mon-tcg-advanced-heuristic-agent,ON,586,first,loss
tb_64e9991a_raunakdey07_pok-mon-tcg-advanced-heuristic-agent,ON,587,second,loss
tb_64e9991a_raunakdey07_pok-mon-tcg-advanced-heuristic-agent,ON,588,first,loss
tb_64e9991a_raunakdey07_pok-mon-tcg-advanced-heuristic-agent,ON,589,second,loss
tb_64e9991a_raunakdey07_pok-mon-tcg-advanced-heuristic-agent,ON,590,first,win
tb_64e9991a_raunakdey07_pok-mon-tcg-advanced-heuristic-agent,ON,591,second,loss
tb_64e9991a_raunakdey07_pok-mon-tcg-advanced-heuristic-agent,ON,592,first,win
tb_64e9991a_raunakdey07_pok-mon-tcg-advanced-heuristic-agent,ON,593,second,loss
tb_64e9991a_raunakdey07_pok-mon-tcg-advanced-heuristic-agent,ON,594,first,loss
tb_64e9991a_raunakdey07_pok-mon-tcg-advanced-heuristic-agent,ON,595,second,loss
tb_64e9991a_raunakdey07_pok-mon-tcg-advanced-heuristic-agent,ON,596,first,win
tb_64e9991a_raunakdey07_pok-mon-tcg-advanced-heuristic-agent,ON,597,second,win
tb_64e9991a_raunakdey07_pok-mon-tcg-advanced-heuristic-agent,ON,598,first,loss
tb_64e9991a_raunakdey07_pok-mon-tcg-advanced-heuristic-agent,ON,599,second,loss
tb_8026b86b_penguin069_public-scores-915,OFF,0,first,win
tb_8026b86b_penguin069_public-scores-915,OFF,1,second,win
tb_8026b86b_penguin069_public-scores-915,OFF,2,first,loss
tb_8026b86b_penguin069_public-scores-915,OFF,3,second,loss
tb_8026b86b_penguin069_public-scores-915,OFF,4,first,win
tb_8026b86b_penguin069_public-scores-915,OFF,5,second,win
tb_8026b86b_penguin069_public-scores-915,OFF,6,first,win
tb_8026b86b_penguin069_public-scores-915,OFF,7,second,loss
tb_8026b86b_penguin069_public-scores-915,OFF,8,first,win
tb_8026b86b_penguin069_public-scores-915,OFF,9,second,loss
tb_8026b86b_penguin069_public-scores-915,OFF,10,first,win
tb_8026b86b_penguin069_public-scores-915,OFF,11,second,loss
tb_8026b86b_penguin069_public-scores-915,OFF,12,first,win
tb_8026b86b_penguin069_public-scores-915,OFF,13,second,loss
tb_8026b86b_penguin069_public-scores-915,OFF,14,first,loss
tb_8026b86b_penguin069_public-scores-915,OFF,15,second,win
tb_8026b86b_penguin069_public-scores-915,OFF,16,first,win
tb_8026b86b_penguin069_public-scores-915,OFF,17,second,loss
tb_8026b86b_penguin069_public-scores-915,OFF,18,first,loss
tb_8026b86b_penguin069_public-scores-915,OFF,19,second,win
tb_8026b86b_penguin069_public-scores-915,OFF,20,first,win
tb_8026b86b_penguin069_public-scores-915,OFF,21,second,win
tb_8026b86b_penguin069_public-scores-915,OFF,22,first,win
tb_8026b86b_penguin069_public-scores-915,OFF,23,second,loss
tb_8026b86b_penguin069_public-scores-915,OFF,24,first,loss
tb_8026b86b_penguin069_public-scores-915,OFF,25,second,loss
tb_8026b86b_penguin069_public-scores-915,OFF,26,first,win
tb_8026b86b_penguin069_public-scores-915,OFF,27,second,loss
tb_8026b86b_penguin069_public-scores-915,OFF,28,first,win
tb_8026b86b_penguin069_public-scores-915,OFF,29,second,loss
tb_8026b86b_penguin069_public-scores-915,OFF,30,first,win
tb_8026b86b_penguin069_public-scores-915,OFF,31,second,loss
tb_8026b86b_penguin069_public-scores-915,OFF,32,first,loss
tb_8026b86b_penguin069_public-scores-915,OFF,33,second,win
tb_8026b86b_penguin069_public-scores-915,OFF,34,first,loss
tb_8026b86b_penguin069_public-scores-915,OFF,35,second,win
tb_8026b86b_penguin069_public-scores-915,OFF,36,first,loss
tb_8026b86b_penguin069_public-scores-915,OFF,37,second,loss
tb_8026b86b_penguin069_public-scores-915,OFF,38,first,loss
tb_8026b86b_penguin069_public-scores-915,OFF,39,second,loss
tb_8026b86b_penguin069_public-scores-915,OFF,40,first,win
tb_8026b86b_penguin069_public-scores-915,OFF,41,second,loss
tb_8026b86b_penguin069_public-scores-915,OFF,42,first,win
tb_8026b86b_penguin069_public-scores-915,OFF,43,second,win
tb_8026b86b_penguin069_public-scores-915,OFF,44,first,loss
tb_8026b86b_penguin069_public-scores-915,OFF,45,second,loss
tb_8026b86b_penguin069_public-scores-915,OFF,46,first,win
tb_8026b86b_penguin069_public-scores-915,OFF,47,second,win
tb_8026b86b_penguin069_public-scores-915,OFF,48,first,loss
tb_8026b86b_penguin069_public-scores-915,OFF,49,second,win
tb_8026b86b_penguin069_public-scores-915,OFF,50,first,loss
tb_8026b86b_penguin069_public-scores-915,OFF,51,second,loss
tb_8026b86b_penguin069_public-scores-915,OFF,52,first,win
tb_8026b86b_penguin069_public-scores-915,OFF,53,second,loss
tb_8026b86b_penguin069_public-scores-915,OFF,54,first,loss
tb_8026b86b_penguin069_public-scores-915,OFF,55,second,loss
tb_8026b86b_penguin069_public-scores-915,OFF,56,first,win
tb_8026b86b_penguin069_public-scores-915,OFF,57,second,loss
tb_8026b86b_penguin069_public-scores-915,OFF,58,first,loss
tb_8026b86b_penguin069_public-scores-915,OFF,59,second,win
tb_8026b86b_penguin069_public-scores-915,OFF,60,first,win
tb_8026b86b_penguin069_public-scores-915,OFF,61,second,win
tb_8026b86b_penguin069_public-scores-915,OFF,62,first,win
tb_8026b86b_penguin069_public-scores-915,OFF,63,second,loss
tb_8026b86b_penguin069_public-scores-915,OFF,64,first,loss
tb_8026b86b_penguin069_public-scores-915,OFF,65,second,win
tb_8026b86b_penguin069_public-scores-915,OFF,66,first,loss
tb_8026b86b_penguin069_public-scores-915,OFF,67,second,win
tb_8026b86b_penguin069_public-scores-915,OFF,68,first,win
tb_8026b86b_penguin069_public-scores-915,OFF,69,second,loss
tb_8026b86b_penguin069_public-scores-915,OFF,70,first,win
tb_8026b86b_penguin069_public-scores-915,OFF,71,second,win
tb_8026b86b_penguin069_public-scores-915,OFF,72,first,win
tb_8026b86b_penguin069_public-scores-915,OFF,73,second,win
tb_8026b86b_penguin069_public-scores-915,OFF,74,first,loss
tb_8026b86b_penguin069_public-scores-915,OFF,75,second,loss
tb_8026b86b_penguin069_public-scores-915,OFF,76,first,win
tb_8026b86b_penguin069_public-scores-915,OFF,77,second,win
tb_8026b86b_penguin069_public-scores-915,OFF,78,first,loss
tb_8026b86b_penguin069_public-scores-915,OFF,79,second,win
tb_8026b86b_penguin069_public-scores-915,OFF,80,first,win
tb_8026b86b_penguin069_public-scores-915,OFF,81,second,win
tb_8026b86b_penguin069_public-scores-915,OFF,82,first,win
tb_8026b86b_penguin069_public-scores-915,OFF,83,second,loss
tb_8026b86b_penguin069_public-scores-915,OFF,84,first,loss
tb_8026b86b_penguin069_public-scores-915,OFF,85,second,win
tb_8026b86b_penguin069_public-scores-915,OFF,86,first,loss
tb_8026b86b_penguin069_public-scores-915,OFF,87,second,loss
tb_8026b86b_penguin069_public-scores-915,OFF,88,first,loss
tb_8026b86b_penguin069_public-scores-915,OFF,89,second,loss
tb_8026b86b_penguin069_public-scores-915,OFF,90,first,loss
tb_8026b86b_penguin069_public-scores-915,OFF,91,second,loss
tb_8026b86b_penguin069_public-scores-915,OFF,92,first,win
tb_8026b86b_penguin069_public-scores-915,OFF,93,second,loss
tb_8026b86b_penguin069_public-scores-915,OFF,94,first,loss
tb_8026b86b_penguin069_public-scores-915,OFF,95,second,win
tb_8026b86b_penguin069_public-scores-915,OFF,96,first,win
tb_8026b86b_penguin069_public-scores-915,OFF,97,second,win
tb_8026b86b_penguin069_public-scores-915,OFF,98,first,loss
tb_8026b86b_penguin069_public-scores-915,OFF,99,second,loss
tb_8026b86b_penguin069_public-scores-915,OFF,100,first,loss
tb_8026b86b_penguin069_public-scores-915,OFF,101,second,loss
tb_8026b86b_penguin069_public-scores-915,OFF,102,first,loss
tb_8026b86b_penguin069_public-scores-915,OFF,103,second,loss
tb_8026b86b_penguin069_public-scores-915,OFF,104,first,loss
tb_8026b86b_penguin069_public-scores-915,OFF,105,second,win
tb_8026b86b_penguin069_public-scores-915,OFF,106,first,win
tb_8026b86b_penguin069_public-scores-915,OFF,107,second,loss
tb_8026b86b_penguin069_public-scores-915,OFF,108,first,win
tb_8026b86b_penguin069_public-scores-915,OFF,109,second,win
tb_8026b86b_penguin069_public-scores-915,OFF,110,first,loss
tb_8026b86b_penguin069_public-scores-915,OFF,111,second,loss
tb_8026b86b_penguin069_public-scores-915,OFF,112,first,win
tb_8026b86b_penguin069_public-scores-915,OFF,113,second,loss
tb_8026b86b_penguin069_public-scores-915,OFF,114,first,win
tb_8026b86b_penguin069_public-scores-915,OFF,115,second,win
tb_8026b86b_penguin069_public-scores-915,OFF,116,first,win
tb_8026b86b_penguin069_public-scores-915,OFF,117,second,loss
tb_8026b86b_penguin069_public-scores-915,OFF,118,first,win
tb_8026b86b_penguin069_public-scores-915,OFF,119,second,win
tb_8026b86b_penguin069_public-scores-915,OFF,120,first,win
tb_8026b86b_penguin069_public-scores-915,OFF,121,second,loss
tb_8026b86b_penguin069_public-scores-915,OFF,122,first,loss
tb_8026b86b_penguin069_public-scores-915,OFF,123,second,win
tb_8026b86b_penguin069_public-scores-915,OFF,124,first,win
tb_8026b86b_penguin069_public-scores-915,OFF,125,second,loss
tb_8026b86b_penguin069_public-scores-915,OFF,126,first,win
tb_8026b86b_penguin069_public-scores-915,OFF,127,second,loss
tb_8026b86b_penguin069_public-scores-915,OFF,128,first,loss
tb_8026b86b_penguin069_public-scores-915,OFF,129,second,loss
tb_8026b86b_penguin069_public-scores-915,OFF,130,first,loss
tb_8026b86b_penguin069_public-scores-915,OFF,131,second,loss
tb_8026b86b_penguin069_public-scores-915,OFF,132,first,loss
tb_8026b86b_penguin069_public-scores-915,OFF,133,second,loss
tb_8026b86b_penguin069_public-scores-915,OFF,134,first,win
tb_8026b86b_penguin069_public-scores-915,OFF,135,second,win
tb_8026b86b_penguin069_public-scores-915,OFF,136,first,win
tb_8026b86b_penguin069_public-scores-915,OFF,137,second,loss
tb_8026b86b_penguin069_public-scores-915,OFF,138,first,loss
tb_8026b86b_penguin069_public-scores-915,OFF,139,second,win
tb_8026b86b_penguin069_public-scores-915,OFF,140,first,loss
tb_8026b86b_penguin069_public-scores-915,OFF,141,second,win
tb_8026b86b_penguin069_public-scores-915,OFF,142,first,win
tb_8026b86b_penguin069_public-scores-915,OFF,143,second,loss
tb_8026b86b_penguin069_public-scores-915,OFF,144,first,loss
tb_8026b86b_penguin069_public-scores-915,OFF,145,second,loss
tb_8026b86b_penguin069_public-scores-915,OFF,146,first,loss
tb_8026b86b_penguin069_public-scores-915,OFF,147,second,win
tb_8026b86b_penguin069_public-scores-915,OFF,148,first,loss
tb_8026b86b_penguin069_public-scores-915,OFF,149,second,win
tb_8026b86b_penguin069_public-scores-915,OFF,150,first,win
tb_8026b86b_penguin069_public-scores-915,OFF,151,second,loss
tb_8026b86b_penguin069_public-scores-915,OFF,152,first,loss
tb_8026b86b_penguin069_public-scores-915,OFF,153,second,win
tb_8026b86b_penguin069_public-scores-915,OFF,154,first,loss
tb_8026b86b_penguin069_public-scores-915,OFF,155,second,loss
tb_8026b86b_penguin069_public-scores-915,OFF,156,first,win
tb_8026b86b_penguin069_public-scores-915,OFF,157,second,loss
tb_8026b86b_penguin069_public-scores-915,OFF,158,first,win
tb_8026b86b_penguin069_public-scores-915,OFF,159,second,loss
tb_8026b86b_penguin069_public-scores-915,OFF,160,first,win
tb_8026b86b_penguin069_public-scores-915,OFF,161,second,win
tb_8026b86b_penguin069_public-scores-915,OFF,162,first,win
tb_8026b86b_penguin069_public-scores-915,OFF,163,second,win
tb_8026b86b_penguin069_public-scores-915,OFF,164,first,win
tb_8026b86b_penguin069_public-scores-915,OFF,165,second,win
tb_8026b86b_penguin069_public-scores-915,OFF,166,first,loss
tb_8026b86b_penguin069_public-scores-915,OFF,167,second,loss
tb_8026b86b_penguin069_public-scores-915,OFF,168,first,loss
tb_8026b86b_penguin069_public-scores-915,OFF,169,second,win
tb_8026b86b_penguin069_public-scores-915,OFF,170,first,loss
tb_8026b86b_penguin069_public-scores-915,OFF,171,second,win
tb_8026b86b_penguin069_public-scores-915,OFF,172,first,loss
tb_8026b86b_penguin069_public-scores-915,OFF,173,second,win
tb_8026b86b_penguin069_public-scores-915,OFF,174,first,win
tb_8026b86b_penguin069_public-scores-915,OFF,175,second,loss
tb_8026b86b_penguin069_public-scores-915,OFF,176,first,loss
tb_8026b86b_penguin069_public-scores-915,OFF,177,second,loss
tb_8026b86b_penguin069_public-scores-915,OFF,178,first,loss
tb_8026b86b_penguin069_public-scores-915,OFF,179,second,loss
tb_8026b86b_penguin069_public-scores-915,OFF,180,first,win
tb_8026b86b_penguin069_public-scores-915,OFF,181,second,win
tb_8026b86b_penguin069_public-scores-915,OFF,182,first,loss
tb_8026b86b_penguin069_public-scores-915,OFF,183,second,win
tb_8026b86b_penguin069_public-scores-915,OFF,184,first,loss
tb_8026b86b_penguin069_public-scores-915,OFF,185,second,win
tb_8026b86b_penguin069_public-scores-915,OFF,186,first,win
tb_8026b86b_penguin069_public-scores-915,OFF,187,second,win
tb_8026b86b_penguin069_public-scores-915,OFF,188,first,loss
tb_8026b86b_penguin069_public-scores-915,OFF,189,second,loss
tb_8026b86b_penguin069_public-scores-915,OFF,190,first,win
tb_8026b86b_penguin069_public-scores-915,OFF,191,second,loss
tb_8026b86b_penguin069_public-scores-915,OFF,192,first,win
tb_8026b86b_penguin069_public-scores-915,OFF,193,second,win
tb_8026b86b_penguin069_public-scores-915,OFF,194,first,win
tb_8026b86b_penguin069_public-scores-915,OFF,195,second,loss
tb_8026b86b_penguin069_public-scores-915,OFF,196,first,win
tb_8026b86b_penguin069_public-scores-915,OFF,197,second,loss
tb_8026b86b_penguin069_public-scores-915,OFF,198,first,loss
tb_8026b86b_penguin069_public-scores-915,OFF,199,second,loss
tb_8026b86b_penguin069_public-scores-915,OFF,200,first,loss
tb_8026b86b_penguin069_public-scores-915,OFF,201,second,loss
tb_8026b86b_penguin069_public-scores-915,OFF,202,first,win
tb_8026b86b_penguin069_public-scores-915,OFF,203,second,loss
tb_8026b86b_penguin069_public-scores-915,OFF,204,first,win
tb_8026b86b_penguin069_public-scores-915,OFF,205,second,loss
tb_8026b86b_penguin069_public-scores-915,OFF,206,first,loss
tb_8026b86b_penguin069_public-scores-915,OFF,207,second,win
tb_8026b86b_penguin069_public-scores-915,OFF,208,first,loss
tb_8026b86b_penguin069_public-scores-915,OFF,209,second,loss
tb_8026b86b_penguin069_public-scores-915,OFF,210,first,loss
tb_8026b86b_penguin069_public-scores-915,OFF,211,second,loss
tb_8026b86b_penguin069_public-scores-915,OFF,212,first,loss
tb_8026b86b_penguin069_public-scores-915,OFF,213,second,win
tb_8026b86b_penguin069_public-scores-915,OFF,214,first,win
tb_8026b86b_penguin069_public-scores-915,OFF,215,second,loss
tb_8026b86b_penguin069_public-scores-915,OFF,216,first,loss
tb_8026b86b_penguin069_public-scores-915,OFF,217,second,win
tb_8026b86b_penguin069_public-scores-915,OFF,218,first,win
tb_8026b86b_penguin069_public-scores-915,OFF,219,second,loss
tb_8026b86b_penguin069_public-scores-915,OFF,220,first,loss
tb_8026b86b_penguin069_public-scores-915,OFF,221,second,loss
tb_8026b86b_penguin069_public-scores-915,OFF,222,first,loss
tb_8026b86b_penguin069_public-scores-915,OFF,223,second,win
tb_8026b86b_penguin069_public-scores-915,OFF,224,first,loss
tb_8026b86b_penguin069_public-scores-915,OFF,225,second,loss
tb_8026b86b_penguin069_public-scores-915,OFF,226,first,win
tb_8026b86b_penguin069_public-scores-915,OFF,227,second,win
tb_8026b86b_penguin069_public-scores-915,OFF,228,first,loss
tb_8026b86b_penguin069_public-scores-915,OFF,229,second,loss
tb_8026b86b_penguin069_public-scores-915,OFF,230,first,win
tb_8026b86b_penguin069_public-scores-915,OFF,231,second,win
tb_8026b86b_penguin069_public-scores-915,OFF,232,first,loss
tb_8026b86b_penguin069_public-scores-915,OFF,233,second,win
tb_8026b86b_penguin069_public-scores-915,OFF,234,first,win
tb_8026b86b_penguin069_public-scores-915,OFF,235,second,loss
tb_8026b86b_penguin069_public-scores-915,OFF,236,first,loss
tb_8026b86b_penguin069_public-scores-915,OFF,237,second,loss
tb_8026b86b_penguin069_public-scores-915,OFF,238,first,loss
tb_8026b86b_penguin069_public-scores-915,OFF,239,second,loss
tb_8026b86b_penguin069_public-scores-915,OFF,240,first,win
tb_8026b86b_penguin069_public-scores-915,OFF,241,second,loss
tb_8026b86b_penguin069_public-scores-915,OFF,242,first,loss
tb_8026b86b_penguin069_public-scores-915,OFF,243,second,loss
tb_8026b86b_penguin069_public-scores-915,OFF,244,first,loss
tb_8026b86b_penguin069_public-scores-915,OFF,245,second,win
tb_8026b86b_penguin069_public-scores-915,OFF,246,first,win
tb_8026b86b_penguin069_public-scores-915,OFF,247,second,loss
tb_8026b86b_penguin069_public-scores-915,OFF,248,first,loss
tb_8026b86b_penguin069_public-scores-915,OFF,249,second,loss
tb_8026b86b_penguin069_public-scores-915,OFF,250,first,win
tb_8026b86b_penguin069_public-scores-915,OFF,251,second,loss
tb_8026b86b_penguin069_public-scores-915,OFF,252,first,win
tb_8026b86b_penguin069_public-scores-915,OFF,253,second,loss
tb_8026b86b_penguin069_public-scores-915,OFF,254,first,win
tb_8026b86b_penguin069_public-scores-915,OFF,255,second,win
tb_8026b86b_penguin069_public-scores-915,OFF,256,first,loss
tb_8026b86b_penguin069_public-scores-915,OFF,257,second,loss
tb_8026b86b_penguin069_public-scores-915,OFF,258,first,loss
tb_8026b86b_penguin069_public-scores-915,OFF,259,second,loss
tb_8026b86b_penguin069_public-scores-915,OFF,260,first,loss
tb_8026b86b_penguin069_public-scores-915,OFF,261,second,win
tb_8026b86b_penguin069_public-scores-915,OFF,262,first,win
tb_8026b86b_penguin069_public-scores-915,OFF,263,second,loss
tb_8026b86b_penguin069_public-scores-915,OFF,264,first,loss
tb_8026b86b_penguin069_public-scores-915,OFF,265,second,win
tb_8026b86b_penguin069_public-scores-915,OFF,266,first,loss
tb_8026b86b_penguin069_public-scores-915,OFF,267,second,loss
tb_8026b86b_penguin069_public-scores-915,OFF,268,first,win
tb_8026b86b_penguin069_public-scores-915,OFF,269,second,loss
tb_8026b86b_penguin069_public-scores-915,OFF,270,first,win
tb_8026b86b_penguin069_public-scores-915,OFF,271,second,win
tb_8026b86b_penguin069_public-scores-915,OFF,272,first,win
tb_8026b86b_penguin069_public-scores-915,OFF,273,second,loss
tb_8026b86b_penguin069_public-scores-915,OFF,274,first,win
tb_8026b86b_penguin069_public-scores-915,OFF,275,second,loss
tb_8026b86b_penguin069_public-scores-915,OFF,276,first,loss
tb_8026b86b_penguin069_public-scores-915,OFF,277,second,loss
tb_8026b86b_penguin069_public-scores-915,OFF,278,first,loss
tb_8026b86b_penguin069_public-scores-915,OFF,279,second,loss
tb_8026b86b_penguin069_public-scores-915,OFF,280,first,win
tb_8026b86b_penguin069_public-scores-915,OFF,281,second,win
tb_8026b86b_penguin069_public-scores-915,OFF,282,first,loss
tb_8026b86b_penguin069_public-scores-915,OFF,283,second,loss
tb_8026b86b_penguin069_public-scores-915,OFF,284,first,loss
tb_8026b86b_penguin069_public-scores-915,OFF,285,second,win
tb_8026b86b_penguin069_public-scores-915,OFF,286,first,loss
tb_8026b86b_penguin069_public-scores-915,OFF,287,second,loss
tb_8026b86b_penguin069_public-scores-915,OFF,288,first,loss
tb_8026b86b_penguin069_public-scores-915,OFF,289,second,loss
tb_8026b86b_penguin069_public-scores-915,OFF,290,first,win
tb_8026b86b_penguin069_public-scores-915,OFF,291,second,win
tb_8026b86b_penguin069_public-scores-915,OFF,292,first,win
tb_8026b86b_penguin069_public-scores-915,OFF,293,second,win
tb_8026b86b_penguin069_public-scores-915,OFF,294,first,win
tb_8026b86b_penguin069_public-scores-915,OFF,295,second,loss
tb_8026b86b_penguin069_public-scores-915,OFF,296,first,loss
tb_8026b86b_penguin069_public-scores-915,OFF,297,second,loss
tb_8026b86b_penguin069_public-scores-915,OFF,298,first,loss
tb_8026b86b_penguin069_public-scores-915,OFF,299,second,loss
tb_8026b86b_penguin069_public-scores-915,OFF,300,first,win
tb_8026b86b_penguin069_public-scores-915,OFF,301,second,win
tb_8026b86b_penguin069_public-scores-915,OFF,302,first,win
tb_8026b86b_penguin069_public-scores-915,OFF,303,second,win
tb_8026b86b_penguin069_public-scores-915,OFF,304,first,loss
tb_8026b86b_penguin069_public-scores-915,OFF,305,second,loss
tb_8026b86b_penguin069_public-scores-915,OFF,306,first,loss
tb_8026b86b_penguin069_public-scores-915,OFF,307,second,win
tb_8026b86b_penguin069_public-scores-915,OFF,308,first,loss
tb_8026b86b_penguin069_public-scores-915,OFF,309,second,win
tb_8026b86b_penguin069_public-scores-915,OFF,310,first,win
tb_8026b86b_penguin069_public-scores-915,OFF,311,second,win
tb_8026b86b_penguin069_public-scores-915,OFF,312,first,loss
tb_8026b86b_penguin069_public-scores-915,OFF,313,second,win
tb_8026b86b_penguin069_public-scores-915,OFF,314,first,win
tb_8026b86b_penguin069_public-scores-915,OFF,315,second,loss
tb_8026b86b_penguin069_public-scores-915,OFF,316,first,win
tb_8026b86b_penguin069_public-scores-915,OFF,317,second,loss
tb_8026b86b_penguin069_public-scores-915,OFF,318,first,loss
tb_8026b86b_penguin069_public-scores-915,OFF,319,second,win
tb_8026b86b_penguin069_public-scores-915,OFF,320,first,loss
tb_8026b86b_penguin069_public-scores-915,OFF,321,second,win
tb_8026b86b_penguin069_public-scores-915,OFF,322,first,win
tb_8026b86b_penguin069_public-scores-915,OFF,323,second,loss
tb_8026b86b_penguin069_public-scores-915,OFF,324,first,loss
tb_8026b86b_penguin069_public-scores-915,OFF,325,second,win
tb_8026b86b_penguin069_public-scores-915,OFF,326,first,win
tb_8026b86b_penguin069_public-scores-915,OFF,327,second,win
tb_8026b86b_penguin069_public-scores-915,OFF,328,first,win
tb_8026b86b_penguin069_public-scores-915,OFF,329,second,loss
tb_8026b86b_penguin069_public-scores-915,OFF,330,first,win
tb_8026b86b_penguin069_public-scores-915,OFF,331,second,win
tb_8026b86b_penguin069_public-scores-915,OFF,332,first,loss
tb_8026b86b_penguin069_public-scores-915,OFF,333,second,loss
tb_8026b86b_penguin069_public-scores-915,OFF,334,first,win
tb_8026b86b_penguin069_public-scores-915,OFF,335,second,loss
tb_8026b86b_penguin069_public-scores-915,OFF,336,first,loss
tb_8026b86b_penguin069_public-scores-915,OFF,337,second,win
tb_8026b86b_penguin069_public-scores-915,OFF,338,first,loss
tb_8026b86b_penguin069_public-scores-915,OFF,339,second,loss
tb_8026b86b_penguin069_public-scores-915,OFF,340,first,win
tb_8026b86b_penguin069_public-scores-915,OFF,341,second,win
tb_8026b86b_penguin069_public-scores-915,OFF,342,first,loss
tb_8026b86b_penguin069_public-scores-915,OFF,343,second,loss
tb_8026b86b_penguin069_public-scores-915,OFF,344,first,loss
tb_8026b86b_penguin069_public-scores-915,OFF,345,second,win
tb_8026b86b_penguin069_public-scores-915,OFF,346,first,win
tb_8026b86b_penguin069_public-scores-915,OFF,347,second,win
tb_8026b86b_penguin069_public-scores-915,OFF,348,first,loss
tb_8026b86b_penguin069_public-scores-915,OFF,349,second,loss
tb_8026b86b_penguin069_public-scores-915,OFF,350,first,loss
tb_8026b86b_penguin069_public-scores-915,OFF,351,second,win
tb_8026b86b_penguin069_public-scores-915,OFF,352,first,loss
tb_8026b86b_penguin069_public-scores-915,OFF,353,second,loss
tb_8026b86b_penguin069_public-scores-915,OFF,354,first,loss
tb_8026b86b_penguin069_public-scores-915,OFF,355,second,win
tb_8026b86b_penguin069_public-scores-915,OFF,356,first,loss
tb_8026b86b_penguin069_public-scores-915,OFF,357,second,win
tb_8026b86b_penguin069_public-scores-915,OFF,358,first,loss
tb_8026b86b_penguin069_public-scores-915,OFF,359,second,win
tb_8026b86b_penguin069_public-scores-915,OFF,360,first,win
tb_8026b86b_penguin069_public-scores-915,OFF,361,second,win
tb_8026b86b_penguin069_public-scores-915,OFF,362,first,win
tb_8026b86b_penguin069_public-scores-915,OFF,363,second,loss
tb_8026b86b_penguin069_public-scores-915,OFF,364,first,win
tb_8026b86b_penguin069_public-scores-915,OFF,365,second,win
tb_8026b86b_penguin069_public-scores-915,OFF,366,first,win
tb_8026b86b_penguin069_public-scores-915,OFF,367,second,loss
tb_8026b86b_penguin069_public-scores-915,OFF,368,first,win
tb_8026b86b_penguin069_public-scores-915,OFF,369,second,win
tb_8026b86b_penguin069_public-scores-915,OFF,370,first,win
tb_8026b86b_penguin069_public-scores-915,OFF,371,second,loss
tb_8026b86b_penguin069_public-scores-915,OFF,372,first,loss
tb_8026b86b_penguin069_public-scores-915,OFF,373,second,win
tb_8026b86b_penguin069_public-scores-915,OFF,374,first,win
tb_8026b86b_penguin069_public-scores-915,OFF,375,second,loss
tb_8026b86b_penguin069_public-scores-915,OFF,376,first,loss
tb_8026b86b_penguin069_public-scores-915,OFF,377,second,win
tb_8026b86b_penguin069_public-scores-915,OFF,378,first,loss
tb_8026b86b_penguin069_public-scores-915,OFF,379,second,loss
tb_8026b86b_penguin069_public-scores-915,OFF,380,first,win
tb_8026b86b_penguin069_public-scores-915,OFF,381,second,win
tb_8026b86b_penguin069_public-scores-915,OFF,382,first,win
tb_8026b86b_penguin069_public-scores-915,OFF,383,second,loss
tb_8026b86b_penguin069_public-scores-915,OFF,384,first,win
tb_8026b86b_penguin069_public-scores-915,OFF,385,second,loss
tb_8026b86b_penguin069_public-scores-915,OFF,386,first,loss
tb_8026b86b_penguin069_public-scores-915,OFF,387,second,win
tb_8026b86b_penguin069_public-scores-915,OFF,388,first,loss
tb_8026b86b_penguin069_public-scores-915,OFF,389,second,win
tb_8026b86b_penguin069_public-scores-915,OFF,390,first,loss
tb_8026b86b_penguin069_public-scores-915,OFF,391,second,loss
tb_8026b86b_penguin069_public-scores-915,OFF,392,first,win
tb_8026b86b_penguin069_public-scores-915,OFF,393,second,win
tb_8026b86b_penguin069_public-scores-915,OFF,394,first,loss
tb_8026b86b_penguin069_public-scores-915,OFF,395,second,win
tb_8026b86b_penguin069_public-scores-915,OFF,396,first,win
tb_8026b86b_penguin069_public-scores-915,OFF,397,second,win
tb_8026b86b_penguin069_public-scores-915,OFF,398,first,win
tb_8026b86b_penguin069_public-scores-915,OFF,399,second,win
tb_8026b86b_penguin069_public-scores-915,OFF,400,first,win
tb_8026b86b_penguin069_public-scores-915,OFF,401,second,win
tb_8026b86b_penguin069_public-scores-915,OFF,402,first,win
tb_8026b86b_penguin069_public-scores-915,OFF,403,second,win
tb_8026b86b_penguin069_public-scores-915,OFF,404,first,loss
tb_8026b86b_penguin069_public-scores-915,OFF,405,second,win
tb_8026b86b_penguin069_public-scores-915,OFF,406,first,draw
tb_8026b86b_penguin069_public-scores-915,OFF,407,second,win
tb_8026b86b_penguin069_public-scores-915,OFF,408,first,loss
tb_8026b86b_penguin069_public-scores-915,OFF,409,second,loss
tb_8026b86b_penguin069_public-scores-915,OFF,410,first,win
tb_8026b86b_penguin069_public-scores-915,OFF,411,second,win
tb_8026b86b_penguin069_public-scores-915,OFF,412,first,win
tb_8026b86b_penguin069_public-scores-915,OFF,413,second,win
tb_8026b86b_penguin069_public-scores-915,OFF,414,first,loss
tb_8026b86b_penguin069_public-scores-915,OFF,415,second,win
tb_8026b86b_penguin069_public-scores-915,OFF,416,first,loss
tb_8026b86b_penguin069_public-scores-915,OFF,417,second,loss
tb_8026b86b_penguin069_public-scores-915,OFF,418,first,win
tb_8026b86b_penguin069_public-scores-915,OFF,419,second,win
tb_8026b86b_penguin069_public-scores-915,OFF,420,first,loss
tb_8026b86b_penguin069_public-scores-915,OFF,421,second,loss
tb_8026b86b_penguin069_public-scores-915,OFF,422,first,win
tb_8026b86b_penguin069_public-scores-915,OFF,423,second,loss
tb_8026b86b_penguin069_public-scores-915,OFF,424,first,win
tb_8026b86b_penguin069_public-scores-915,OFF,425,second,loss
tb_8026b86b_penguin069_public-scores-915,OFF,426,first,loss
tb_8026b86b_penguin069_public-scores-915,OFF,427,second,loss
tb_8026b86b_penguin069_public-scores-915,OFF,428,first,win
tb_8026b86b_penguin069_public-scores-915,OFF,429,second,loss
tb_8026b86b_penguin069_public-scores-915,OFF,430,first,loss
tb_8026b86b_penguin069_public-scores-915,OFF,431,second,loss
tb_8026b86b_penguin069_public-scores-915,OFF,432,first,loss
tb_8026b86b_penguin069_public-scores-915,OFF,433,second,loss
tb_8026b86b_penguin069_public-scores-915,OFF,434,first,win
tb_8026b86b_penguin069_public-scores-915,OFF,435,second,loss
tb_8026b86b_penguin069_public-scores-915,OFF,436,first,win
tb_8026b86b_penguin069_public-scores-915,OFF,437,second,loss
tb_8026b86b_penguin069_public-scores-915,OFF,438,first,win
tb_8026b86b_penguin069_public-scores-915,OFF,439,second,win
tb_8026b86b_penguin069_public-scores-915,OFF,440,first,loss
tb_8026b86b_penguin069_public-scores-915,OFF,441,second,loss
tb_8026b86b_penguin069_public-scores-915,OFF,442,first,win
tb_8026b86b_penguin069_public-scores-915,OFF,443,second,win
tb_8026b86b_penguin069_public-scores-915,OFF,444,first,win
tb_8026b86b_penguin069_public-scores-915,OFF,445,second,loss
tb_8026b86b_penguin069_public-scores-915,OFF,446,first,win
tb_8026b86b_penguin069_public-scores-915,OFF,447,second,win
tb_8026b86b_penguin069_public-scores-915,OFF,448,first,loss
tb_8026b86b_penguin069_public-scores-915,OFF,449,second,win
tb_8026b86b_penguin069_public-scores-915,OFF,450,first,win
tb_8026b86b_penguin069_public-scores-915,OFF,451,second,win
tb_8026b86b_penguin069_public-scores-915,OFF,452,first,loss
tb_8026b86b_penguin069_public-scores-915,OFF,453,second,loss
tb_8026b86b_penguin069_public-scores-915,OFF,454,first,loss
tb_8026b86b_penguin069_public-scores-915,OFF,455,second,loss
tb_8026b86b_penguin069_public-scores-915,OFF,456,first,loss
tb_8026b86b_penguin069_public-scores-915,OFF,457,second,loss
tb_8026b86b_penguin069_public-scores-915,OFF,458,first,loss
tb_8026b86b_penguin069_public-scores-915,OFF,459,second,loss
tb_8026b86b_penguin069_public-scores-915,OFF,460,first,win
tb_8026b86b_penguin069_public-scores-915,OFF,461,second,loss
tb_8026b86b_penguin069_public-scores-915,OFF,462,first,loss
tb_8026b86b_penguin069_public-scores-915,OFF,463,second,loss
tb_8026b86b_penguin069_public-scores-915,OFF,464,first,win
tb_8026b86b_penguin069_public-scores-915,OFF,465,second,loss
tb_8026b86b_penguin069_public-scores-915,OFF,466,first,win
tb_8026b86b_penguin069_public-scores-915,OFF,467,second,win
tb_8026b86b_penguin069_public-scores-915,OFF,468,first,loss
tb_8026b86b_penguin069_public-scores-915,OFF,469,second,loss
tb_8026b86b_penguin069_public-scores-915,OFF,470,first,win
tb_8026b86b_penguin069_public-scores-915,OFF,471,second,loss
tb_8026b86b_penguin069_public-scores-915,OFF,472,first,win
tb_8026b86b_penguin069_public-scores-915,OFF,473,second,loss
tb_8026b86b_penguin069_public-scores-915,OFF,474,first,loss
tb_8026b86b_penguin069_public-scores-915,OFF,475,second,win
tb_8026b86b_penguin069_public-scores-915,OFF,476,first,win
tb_8026b86b_penguin069_public-scores-915,OFF,477,second,win
tb_8026b86b_penguin069_public-scores-915,OFF,478,first,win
tb_8026b86b_penguin069_public-scores-915,OFF,479,second,win
tb_8026b86b_penguin069_public-scores-915,OFF,480,first,win
tb_8026b86b_penguin069_public-scores-915,OFF,481,second,loss
tb_8026b86b_penguin069_public-scores-915,OFF,482,first,loss
tb_8026b86b_penguin069_public-scores-915,OFF,483,second,loss
tb_8026b86b_penguin069_public-scores-915,OFF,484,first,win
tb_8026b86b_penguin069_public-scores-915,OFF,485,second,win
tb_8026b86b_penguin069_public-scores-915,OFF,486,first,win
tb_8026b86b_penguin069_public-scores-915,OFF,487,second,loss
tb_8026b86b_penguin069_public-scores-915,OFF,488,first,win
tb_8026b86b_penguin069_public-scores-915,OFF,489,second,loss
tb_8026b86b_penguin069_public-scores-915,OFF,490,first,win
tb_8026b86b_penguin069_public-scores-915,OFF,491,second,win
tb_8026b86b_penguin069_public-scores-915,OFF,492,first,win
tb_8026b86b_penguin069_public-scores-915,OFF,493,second,loss
tb_8026b86b_penguin069_public-scores-915,OFF,494,first,win
tb_8026b86b_penguin069_public-scores-915,OFF,495,second,win
tb_8026b86b_penguin069_public-scores-915,OFF,496,first,loss
tb_8026b86b_penguin069_public-scores-915,OFF,497,second,win
tb_8026b86b_penguin069_public-scores-915,OFF,498,first,loss
tb_8026b86b_penguin069_public-scores-915,OFF,499,second,loss
tb_8026b86b_penguin069_public-scores-915,OFF,500,first,loss
tb_8026b86b_penguin069_public-scores-915,OFF,501,second,win
tb_8026b86b_penguin069_public-scores-915,OFF,502,first,loss
tb_8026b86b_penguin069_public-scores-915,OFF,503,second,loss
tb_8026b86b_penguin069_public-scores-915,OFF,504,first,loss
tb_8026b86b_penguin069_public-scores-915,OFF,505,second,win
tb_8026b86b_penguin069_public-scores-915,OFF,506,first,loss
tb_8026b86b_penguin069_public-scores-915,OFF,507,second,win
tb_8026b86b_penguin069_public-scores-915,OFF,508,first,loss
tb_8026b86b_penguin069_public-scores-915,OFF,509,second,win
tb_8026b86b_penguin069_public-scores-915,OFF,510,first,win
tb_8026b86b_penguin069_public-scores-915,OFF,511,second,loss
tb_8026b86b_penguin069_public-scores-915,OFF,512,first,win
tb_8026b86b_penguin069_public-scores-915,OFF,513,second,loss
tb_8026b86b_penguin069_public-scores-915,OFF,514,first,loss
tb_8026b86b_penguin069_public-scores-915,OFF,515,second,loss
tb_8026b86b_penguin069_public-scores-915,OFF,516,first,loss
tb_8026b86b_penguin069_public-scores-915,OFF,517,second,win
tb_8026b86b_penguin069_public-scores-915,OFF,518,first,win
tb_8026b86b_penguin069_public-scores-915,OFF,519,second,loss
tb_8026b86b_penguin069_public-scores-915,OFF,520,first,loss
tb_8026b86b_penguin069_public-scores-915,OFF,521,second,loss
tb_8026b86b_penguin069_public-scores-915,OFF,522,first,loss
tb_8026b86b_penguin069_public-scores-915,OFF,523,second,win
tb_8026b86b_penguin069_public-scores-915,OFF,524,first,loss
tb_8026b86b_penguin069_public-scores-915,OFF,525,second,win
tb_8026b86b_penguin069_public-scores-915,OFF,526,first,win
tb_8026b86b_penguin069_public-scores-915,OFF,527,second,win
tb_8026b86b_penguin069_public-scores-915,OFF,528,first,loss
tb_8026b86b_penguin069_public-scores-915,OFF,529,second,win
tb_8026b86b_penguin069_public-scores-915,OFF,530,first,loss
tb_8026b86b_penguin069_public-scores-915,OFF,531,second,win
tb_8026b86b_penguin069_public-scores-915,OFF,532,first,win
tb_8026b86b_penguin069_public-scores-915,OFF,533,second,loss
tb_8026b86b_penguin069_public-scores-915,OFF,534,first,loss
tb_8026b86b_penguin069_public-scores-915,OFF,535,second,win
tb_8026b86b_penguin069_public-scores-915,OFF,536,first,loss
tb_8026b86b_penguin069_public-scores-915,OFF,537,second,win
tb_8026b86b_penguin069_public-scores-915,OFF,538,first,win
tb_8026b86b_penguin069_public-scores-915,OFF,539,second,loss
tb_8026b86b_penguin069_public-scores-915,OFF,540,first,win
tb_8026b86b_penguin069_public-scores-915,OFF,541,second,win
tb_8026b86b_penguin069_public-scores-915,OFF,542,first,win
tb_8026b86b_penguin069_public-scores-915,OFF,543,second,loss
tb_8026b86b_penguin069_public-scores-915,OFF,544,first,win
tb_8026b86b_penguin069_public-scores-915,OFF,545,second,win
tb_8026b86b_penguin069_public-scores-915,OFF,546,first,loss
tb_8026b86b_penguin069_public-scores-915,OFF,547,second,win
tb_8026b86b_penguin069_public-scores-915,OFF,548,first,win
tb_8026b86b_penguin069_public-scores-915,OFF,549,second,loss
tb_8026b86b_penguin069_public-scores-915,OFF,550,first,win
tb_8026b86b_penguin069_public-scores-915,OFF,551,second,loss
tb_8026b86b_penguin069_public-scores-915,OFF,552,first,win
tb_8026b86b_penguin069_public-scores-915,OFF,553,second,loss
tb_8026b86b_penguin069_public-scores-915,OFF,554,first,loss
tb_8026b86b_penguin069_public-scores-915,OFF,555,second,loss
tb_8026b86b_penguin069_public-scores-915,OFF,556,first,win
tb_8026b86b_penguin069_public-scores-915,OFF,557,second,win
tb_8026b86b_penguin069_public-scores-915,OFF,558,first,win
tb_8026b86b_penguin069_public-scores-915,OFF,559,second,loss
tb_8026b86b_penguin069_public-scores-915,OFF,560,first,loss
tb_8026b86b_penguin069_public-scores-915,OFF,561,second,loss
tb_8026b86b_penguin069_public-scores-915,OFF,562,first,loss
tb_8026b86b_penguin069_public-scores-915,OFF,563,second,loss
tb_8026b86b_penguin069_public-scores-915,OFF,564,first,win
tb_8026b86b_penguin069_public-scores-915,OFF,565,second,loss
tb_8026b86b_penguin069_public-scores-915,OFF,566,first,win
tb_8026b86b_penguin069_public-scores-915,OFF,567,second,loss
tb_8026b86b_penguin069_public-scores-915,OFF,568,first,loss
tb_8026b86b_penguin069_public-scores-915,OFF,569,second,loss
tb_8026b86b_penguin069_public-scores-915,OFF,570,first,loss
tb_8026b86b_penguin069_public-scores-915,OFF,571,second,loss
tb_8026b86b_penguin069_public-scores-915,OFF,572,first,loss
tb_8026b86b_penguin069_public-scores-915,OFF,573,second,loss
tb_8026b86b_penguin069_public-scores-915,OFF,574,first,win
tb_8026b86b_penguin069_public-scores-915,OFF,575,second,win
tb_8026b86b_penguin069_public-scores-915,OFF,576,first,win
tb_8026b86b_penguin069_public-scores-915,OFF,577,second,win
tb_8026b86b_penguin069_public-scores-915,OFF,578,first,loss
tb_8026b86b_penguin069_public-scores-915,OFF,579,second,loss
tb_8026b86b_penguin069_public-scores-915,OFF,580,first,win
tb_8026b86b_penguin069_public-scores-915,OFF,581,second,win
tb_8026b86b_penguin069_public-scores-915,OFF,582,first,win
tb_8026b86b_penguin069_public-scores-915,OFF,583,second,win
tb_8026b86b_penguin069_public-scores-915,OFF,584,first,win
tb_8026b86b_penguin069_public-scores-915,OFF,585,second,loss
tb_8026b86b_penguin069_public-scores-915,OFF,586,first,loss
tb_8026b86b_penguin069_public-scores-915,OFF,587,second,loss
tb_8026b86b_penguin069_public-scores-915,OFF,588,first,win
tb_8026b86b_penguin069_public-scores-915,OFF,589,second,loss
tb_8026b86b_penguin069_public-scores-915,OFF,590,first,loss
tb_8026b86b_penguin069_public-scores-915,OFF,591,second,loss
tb_8026b86b_penguin069_public-scores-915,OFF,592,first,loss
tb_8026b86b_penguin069_public-scores-915,OFF,593,second,win
tb_8026b86b_penguin069_public-scores-915,OFF,594,first,win
tb_8026b86b_penguin069_public-scores-915,OFF,595,second,win
tb_8026b86b_penguin069_public-scores-915,OFF,596,first,loss
tb_8026b86b_penguin069_public-scores-915,OFF,597,second,win
tb_8026b86b_penguin069_public-scores-915,OFF,598,first,win
tb_8026b86b_penguin069_public-scores-915,OFF,599,second,win
tb_8026b86b_penguin069_public-scores-915,ON,0,first,win
tb_8026b86b_penguin069_public-scores-915,ON,1,second,win
tb_8026b86b_penguin069_public-scores-915,ON,2,first,loss
tb_8026b86b_penguin069_public-scores-915,ON,3,second,loss
tb_8026b86b_penguin069_public-scores-915,ON,4,first,loss
tb_8026b86b_penguin069_public-scores-915,ON,5,second,win
tb_8026b86b_penguin069_public-scores-915,ON,6,first,win
tb_8026b86b_penguin069_public-scores-915,ON,7,second,loss
tb_8026b86b_penguin069_public-scores-915,ON,8,first,loss
tb_8026b86b_penguin069_public-scores-915,ON,9,second,win
tb_8026b86b_penguin069_public-scores-915,ON,10,first,win
tb_8026b86b_penguin069_public-scores-915,ON,11,second,win
tb_8026b86b_penguin069_public-scores-915,ON,12,first,win
tb_8026b86b_penguin069_public-scores-915,ON,13,second,loss
tb_8026b86b_penguin069_public-scores-915,ON,14,first,loss
tb_8026b86b_penguin069_public-scores-915,ON,15,second,win
tb_8026b86b_penguin069_public-scores-915,ON,16,first,win
tb_8026b86b_penguin069_public-scores-915,ON,17,second,win
tb_8026b86b_penguin069_public-scores-915,ON,18,first,loss
tb_8026b86b_penguin069_public-scores-915,ON,19,second,win
tb_8026b86b_penguin069_public-scores-915,ON,20,first,loss
tb_8026b86b_penguin069_public-scores-915,ON,21,second,loss
tb_8026b86b_penguin069_public-scores-915,ON,22,first,loss
tb_8026b86b_penguin069_public-scores-915,ON,23,second,loss
tb_8026b86b_penguin069_public-scores-915,ON,24,first,loss
tb_8026b86b_penguin069_public-scores-915,ON,25,second,loss
tb_8026b86b_penguin069_public-scores-915,ON,26,first,loss
tb_8026b86b_penguin069_public-scores-915,ON,27,second,loss
tb_8026b86b_penguin069_public-scores-915,ON,28,first,loss
tb_8026b86b_penguin069_public-scores-915,ON,29,second,loss
tb_8026b86b_penguin069_public-scores-915,ON,30,first,loss
tb_8026b86b_penguin069_public-scores-915,ON,31,second,win
tb_8026b86b_penguin069_public-scores-915,ON,32,first,loss
tb_8026b86b_penguin069_public-scores-915,ON,33,second,win
tb_8026b86b_penguin069_public-scores-915,ON,34,first,loss
tb_8026b86b_penguin069_public-scores-915,ON,35,second,loss
tb_8026b86b_penguin069_public-scores-915,ON,36,first,win
tb_8026b86b_penguin069_public-scores-915,ON,37,second,loss
tb_8026b86b_penguin069_public-scores-915,ON,38,first,loss
tb_8026b86b_penguin069_public-scores-915,ON,39,second,loss
tb_8026b86b_penguin069_public-scores-915,ON,40,first,win
tb_8026b86b_penguin069_public-scores-915,ON,41,second,loss
tb_8026b86b_penguin069_public-scores-915,ON,42,first,win
tb_8026b86b_penguin069_public-scores-915,ON,43,second,win
tb_8026b86b_penguin069_public-scores-915,ON,44,first,win
tb_8026b86b_penguin069_public-scores-915,ON,45,second,loss
tb_8026b86b_penguin069_public-scores-915,ON,46,first,loss
tb_8026b86b_penguin069_public-scores-915,ON,47,second,loss
tb_8026b86b_penguin069_public-scores-915,ON,48,first,win
tb_8026b86b_penguin069_public-scores-915,ON,49,second,win
tb_8026b86b_penguin069_public-scores-915,ON,50,first,win
tb_8026b86b_penguin069_public-scores-915,ON,51,second,loss
tb_8026b86b_penguin069_public-scores-915,ON,52,first,win
tb_8026b86b_penguin069_public-scores-915,ON,53,second,loss
tb_8026b86b_penguin069_public-scores-915,ON,54,first,loss
tb_8026b86b_penguin069_public-scores-915,ON,55,second,loss
tb_8026b86b_penguin069_public-scores-915,ON,56,first,win
tb_8026b86b_penguin069_public-scores-915,ON,57,second,loss
tb_8026b86b_penguin069_public-scores-915,ON,58,first,win
tb_8026b86b_penguin069_public-scores-915,ON,59,second,loss
tb_8026b86b_penguin069_public-scores-915,ON,60,first,loss
tb_8026b86b_penguin069_public-scores-915,ON,61,second,loss
tb_8026b86b_penguin069_public-scores-915,ON,62,first,win
tb_8026b86b_penguin069_public-scores-915,ON,63,second,win
tb_8026b86b_penguin069_public-scores-915,ON,64,first,loss
tb_8026b86b_penguin069_public-scores-915,ON,65,second,loss
tb_8026b86b_penguin069_public-scores-915,ON,66,first,loss
tb_8026b86b_penguin069_public-scores-915,ON,67,second,loss
tb_8026b86b_penguin069_public-scores-915,ON,68,first,loss
tb_8026b86b_penguin069_public-scores-915,ON,69,second,loss
tb_8026b86b_penguin069_public-scores-915,ON,70,first,loss
tb_8026b86b_penguin069_public-scores-915,ON,71,second,loss
tb_8026b86b_penguin069_public-scores-915,ON,72,first,loss
tb_8026b86b_penguin069_public-scores-915,ON,73,second,loss
tb_8026b86b_penguin069_public-scores-915,ON,74,first,loss
tb_8026b86b_penguin069_public-scores-915,ON,75,second,win
tb_8026b86b_penguin069_public-scores-915,ON,76,first,loss
tb_8026b86b_penguin069_public-scores-915,ON,77,second,win
tb_8026b86b_penguin069_public-scores-915,ON,78,first,loss
tb_8026b86b_penguin069_public-scores-915,ON,79,second,loss
tb_8026b86b_penguin069_public-scores-915,ON,80,first,win
tb_8026b86b_penguin069_public-scores-915,ON,81,second,loss
tb_8026b86b_penguin069_public-scores-915,ON,82,first,win
tb_8026b86b_penguin069_public-scores-915,ON,83,second,loss
tb_8026b86b_penguin069_public-scores-915,ON,84,first,loss
tb_8026b86b_penguin069_public-scores-915,ON,85,second,loss
tb_8026b86b_penguin069_public-scores-915,ON,86,first,win
tb_8026b86b_penguin069_public-scores-915,ON,87,second,win
tb_8026b86b_penguin069_public-scores-915,ON,88,first,win
tb_8026b86b_penguin069_public-scores-915,ON,89,second,loss
tb_8026b86b_penguin069_public-scores-915,ON,90,first,win
tb_8026b86b_penguin069_public-scores-915,ON,91,second,loss
tb_8026b86b_penguin069_public-scores-915,ON,92,first,loss
tb_8026b86b_penguin069_public-scores-915,ON,93,second,loss
tb_8026b86b_penguin069_public-scores-915,ON,94,first,win
tb_8026b86b_penguin069_public-scores-915,ON,95,second,loss
tb_8026b86b_penguin069_public-scores-915,ON,96,first,win
tb_8026b86b_penguin069_public-scores-915,ON,97,second,loss
tb_8026b86b_penguin069_public-scores-915,ON,98,first,loss
tb_8026b86b_penguin069_public-scores-915,ON,99,second,loss
tb_8026b86b_penguin069_public-scores-915,ON,100,first,loss
tb_8026b86b_penguin069_public-scores-915,ON,101,second,loss
tb_8026b86b_penguin069_public-scores-915,ON,102,first,loss
tb_8026b86b_penguin069_public-scores-915,ON,103,second,loss
tb_8026b86b_penguin069_public-scores-915,ON,104,first,win
tb_8026b86b_penguin069_public-scores-915,ON,105,second,loss
tb_8026b86b_penguin069_public-scores-915,ON,106,first,win
tb_8026b86b_penguin069_public-scores-915,ON,107,second,loss
tb_8026b86b_penguin069_public-scores-915,ON,108,first,loss
tb_8026b86b_penguin069_public-scores-915,ON,109,second,win
tb_8026b86b_penguin069_public-scores-915,ON,110,first,loss
tb_8026b86b_penguin069_public-scores-915,ON,111,second,win
tb_8026b86b_penguin069_public-scores-915,ON,112,first,loss
tb_8026b86b_penguin069_public-scores-915,ON,113,second,loss
tb_8026b86b_penguin069_public-scores-915,ON,114,first,loss
tb_8026b86b_penguin069_public-scores-915,ON,115,second,loss
tb_8026b86b_penguin069_public-scores-915,ON,116,first,loss
tb_8026b86b_penguin069_public-scores-915,ON,117,second,win
tb_8026b86b_penguin069_public-scores-915,ON,118,first,loss
tb_8026b86b_penguin069_public-scores-915,ON,119,second,win
tb_8026b86b_penguin069_public-scores-915,ON,120,first,win
tb_8026b86b_penguin069_public-scores-915,ON,121,second,loss
tb_8026b86b_penguin069_public-scores-915,ON,122,first,loss
tb_8026b86b_penguin069_public-scores-915,ON,123,second,loss
tb_8026b86b_penguin069_public-scores-915,ON,124,first,loss
tb_8026b86b_penguin069_public-scores-915,ON,125,second,loss
tb_8026b86b_penguin069_public-scores-915,ON,126,first,loss
tb_8026b86b_penguin069_public-scores-915,ON,127,second,win
tb_8026b86b_penguin069_public-scores-915,ON,128,first,win
tb_8026b86b_penguin069_public-scores-915,ON,129,second,loss
tb_8026b86b_penguin069_public-scores-915,ON,130,first,loss
tb_8026b86b_penguin069_public-scores-915,ON,131,second,loss
tb_8026b86b_penguin069_public-scores-915,ON,132,first,loss
tb_8026b86b_penguin069_public-scores-915,ON,133,second,loss
tb_8026b86b_penguin069_public-scores-915,ON,134,first,loss
tb_8026b86b_penguin069_public-scores-915,ON,135,second,loss
tb_8026b86b_penguin069_public-scores-915,ON,136,first,win
tb_8026b86b_penguin069_public-scores-915,ON,137,second,loss
tb_8026b86b_penguin069_public-scores-915,ON,138,first,win
tb_8026b86b_penguin069_public-scores-915,ON,139,second,win
tb_8026b86b_penguin069_public-scores-915,ON,140,first,loss
tb_8026b86b_penguin069_public-scores-915,ON,141,second,loss
tb_8026b86b_penguin069_public-scores-915,ON,142,first,loss
tb_8026b86b_penguin069_public-scores-915,ON,143,second,loss
tb_8026b86b_penguin069_public-scores-915,ON,144,first,loss
tb_8026b86b_penguin069_public-scores-915,ON,145,second,loss
tb_8026b86b_penguin069_public-scores-915,ON,146,first,win
tb_8026b86b_penguin069_public-scores-915,ON,147,second,win
tb_8026b86b_penguin069_public-scores-915,ON,148,first,loss
tb_8026b86b_penguin069_public-scores-915,ON,149,second,loss
tb_8026b86b_penguin069_public-scores-915,ON,150,first,loss
tb_8026b86b_penguin069_public-scores-915,ON,151,second,loss
tb_8026b86b_penguin069_public-scores-915,ON,152,first,loss
tb_8026b86b_penguin069_public-scores-915,ON,153,second,loss
tb_8026b86b_penguin069_public-scores-915,ON,154,first,loss
tb_8026b86b_penguin069_public-scores-915,ON,155,second,loss
tb_8026b86b_penguin069_public-scores-915,ON,156,first,loss
tb_8026b86b_penguin069_public-scores-915,ON,157,second,loss
tb_8026b86b_penguin069_public-scores-915,ON,158,first,loss
tb_8026b86b_penguin069_public-scores-915,ON,159,second,loss
tb_8026b86b_penguin069_public-scores-915,ON,160,first,win
tb_8026b86b_penguin069_public-scores-915,ON,161,second,win
tb_8026b86b_penguin069_public-scores-915,ON,162,first,loss
tb_8026b86b_penguin069_public-scores-915,ON,163,second,loss
tb_8026b86b_penguin069_public-scores-915,ON,164,first,loss
tb_8026b86b_penguin069_public-scores-915,ON,165,second,loss
tb_8026b86b_penguin069_public-scores-915,ON,166,first,win
tb_8026b86b_penguin069_public-scores-915,ON,167,second,win
tb_8026b86b_penguin069_public-scores-915,ON,168,first,win
tb_8026b86b_penguin069_public-scores-915,ON,169,second,loss
tb_8026b86b_penguin069_public-scores-915,ON,170,first,win
tb_8026b86b_penguin069_public-scores-915,ON,171,second,loss
tb_8026b86b_penguin069_public-scores-915,ON,172,first,loss
tb_8026b86b_penguin069_public-scores-915,ON,173,second,win
tb_8026b86b_penguin069_public-scores-915,ON,174,first,win
tb_8026b86b_penguin069_public-scores-915,ON,175,second,win
tb_8026b86b_penguin069_public-scores-915,ON,176,first,loss
tb_8026b86b_penguin069_public-scores-915,ON,177,second,loss
tb_8026b86b_penguin069_public-scores-915,ON,178,first,loss
tb_8026b86b_penguin069_public-scores-915,ON,179,second,loss
tb_8026b86b_penguin069_public-scores-915,ON,180,first,loss
tb_8026b86b_penguin069_public-scores-915,ON,181,second,loss
tb_8026b86b_penguin069_public-scores-915,ON,182,first,loss
tb_8026b86b_penguin069_public-scores-915,ON,183,second,loss
tb_8026b86b_penguin069_public-scores-915,ON,184,first,win
tb_8026b86b_penguin069_public-scores-915,ON,185,second,loss
tb_8026b86b_penguin069_public-scores-915,ON,186,first,loss
tb_8026b86b_penguin069_public-scores-915,ON,187,second,win
tb_8026b86b_penguin069_public-scores-915,ON,188,first,win
tb_8026b86b_penguin069_public-scores-915,ON,189,second,win
tb_8026b86b_penguin069_public-scores-915,ON,190,first,loss
tb_8026b86b_penguin069_public-scores-915,ON,191,second,loss
tb_8026b86b_penguin069_public-scores-915,ON,192,first,loss
tb_8026b86b_penguin069_public-scores-915,ON,193,second,win
tb_8026b86b_penguin069_public-scores-915,ON,194,first,win
tb_8026b86b_penguin069_public-scores-915,ON,195,second,loss
tb_8026b86b_penguin069_public-scores-915,ON,196,first,loss
tb_8026b86b_penguin069_public-scores-915,ON,197,second,loss
tb_8026b86b_penguin069_public-scores-915,ON,198,first,win
tb_8026b86b_penguin069_public-scores-915,ON,199,second,loss
tb_8026b86b_penguin069_public-scores-915,ON,200,first,loss
tb_8026b86b_penguin069_public-scores-915,ON,201,second,win
tb_8026b86b_penguin069_public-scores-915,ON,202,first,loss
tb_8026b86b_penguin069_public-scores-915,ON,203,second,win
tb_8026b86b_penguin069_public-scores-915,ON,204,first,loss
tb_8026b86b_penguin069_public-scores-915,ON,205,second,win
tb_8026b86b_penguin069_public-scores-915,ON,206,first,loss
tb_8026b86b_penguin069_public-scores-915,ON,207,second,win
tb_8026b86b_penguin069_public-scores-915,ON,208,first,win
tb_8026b86b_penguin069_public-scores-915,ON,209,second,win
tb_8026b86b_penguin069_public-scores-915,ON,210,first,win
tb_8026b86b_penguin069_public-scores-915,ON,211,second,loss
tb_8026b86b_penguin069_public-scores-915,ON,212,first,win
tb_8026b86b_penguin069_public-scores-915,ON,213,second,loss
tb_8026b86b_penguin069_public-scores-915,ON,214,first,win
tb_8026b86b_penguin069_public-scores-915,ON,215,second,win
tb_8026b86b_penguin069_public-scores-915,ON,216,first,win
tb_8026b86b_penguin069_public-scores-915,ON,217,second,loss
tb_8026b86b_penguin069_public-scores-915,ON,218,first,win
tb_8026b86b_penguin069_public-scores-915,ON,219,second,loss
tb_8026b86b_penguin069_public-scores-915,ON,220,first,loss
tb_8026b86b_penguin069_public-scores-915,ON,221,second,win
tb_8026b86b_penguin069_public-scores-915,ON,222,first,loss
tb_8026b86b_penguin069_public-scores-915,ON,223,second,loss
tb_8026b86b_penguin069_public-scores-915,ON,224,first,win
tb_8026b86b_penguin069_public-scores-915,ON,225,second,loss
tb_8026b86b_penguin069_public-scores-915,ON,226,first,loss
tb_8026b86b_penguin069_public-scores-915,ON,227,second,win
tb_8026b86b_penguin069_public-scores-915,ON,228,first,loss
tb_8026b86b_penguin069_public-scores-915,ON,229,second,loss
tb_8026b86b_penguin069_public-scores-915,ON,230,first,loss
tb_8026b86b_penguin069_public-scores-915,ON,231,second,loss
tb_8026b86b_penguin069_public-scores-915,ON,232,first,win
tb_8026b86b_penguin069_public-scores-915,ON,233,second,win
tb_8026b86b_penguin069_public-scores-915,ON,234,first,loss
tb_8026b86b_penguin069_public-scores-915,ON,235,second,win
tb_8026b86b_penguin069_public-scores-915,ON,236,first,win
tb_8026b86b_penguin069_public-scores-915,ON,237,second,win
tb_8026b86b_penguin069_public-scores-915,ON,238,first,win
tb_8026b86b_penguin069_public-scores-915,ON,239,second,loss
tb_8026b86b_penguin069_public-scores-915,ON,240,first,win
tb_8026b86b_penguin069_public-scores-915,ON,241,second,loss
tb_8026b86b_penguin069_public-scores-915,ON,242,first,win
tb_8026b86b_penguin069_public-scores-915,ON,243,second,win
tb_8026b86b_penguin069_public-scores-915,ON,244,first,loss
tb_8026b86b_penguin069_public-scores-915,ON,245,second,win
tb_8026b86b_penguin069_public-scores-915,ON,246,first,win
tb_8026b86b_penguin069_public-scores-915,ON,247,second,win
tb_8026b86b_penguin069_public-scores-915,ON,248,first,loss
tb_8026b86b_penguin069_public-scores-915,ON,249,second,win
tb_8026b86b_penguin069_public-scores-915,ON,250,first,loss
tb_8026b86b_penguin069_public-scores-915,ON,251,second,win
tb_8026b86b_penguin069_public-scores-915,ON,252,first,loss
tb_8026b86b_penguin069_public-scores-915,ON,253,second,loss
tb_8026b86b_penguin069_public-scores-915,ON,254,first,win
tb_8026b86b_penguin069_public-scores-915,ON,255,second,loss
tb_8026b86b_penguin069_public-scores-915,ON,256,first,loss
tb_8026b86b_penguin069_public-scores-915,ON,257,second,loss
tb_8026b86b_penguin069_public-scores-915,ON,258,first,loss
tb_8026b86b_penguin069_public-scores-915,ON,259,second,loss
tb_8026b86b_penguin069_public-scores-915,ON,260,first,loss
tb_8026b86b_penguin069_public-scores-915,ON,261,second,win
tb_8026b86b_penguin069_public-scores-915,ON,262,first,loss
tb_8026b86b_penguin069_public-scores-915,ON,263,second,win
tb_8026b86b_penguin069_public-scores-915,ON,264,first,win
tb_8026b86b_penguin069_public-scores-915,ON,265,second,loss
tb_8026b86b_penguin069_public-scores-915,ON,266,first,win
tb_8026b86b_penguin069_public-scores-915,ON,267,second,win
tb_8026b86b_penguin069_public-scores-915,ON,268,first,win
tb_8026b86b_penguin069_public-scores-915,ON,269,second,win
tb_8026b86b_penguin069_public-scores-915,ON,270,first,win
tb_8026b86b_penguin069_public-scores-915,ON,271,second,loss
tb_8026b86b_penguin069_public-scores-915,ON,272,first,win
tb_8026b86b_penguin069_public-scores-915,ON,273,second,loss
tb_8026b86b_penguin069_public-scores-915,ON,274,first,win
tb_8026b86b_penguin069_public-scores-915,ON,275,second,loss
tb_8026b86b_penguin069_public-scores-915,ON,276,first,loss
tb_8026b86b_penguin069_public-scores-915,ON,277,second,loss
tb_8026b86b_penguin069_public-scores-915,ON,278,first,draw
tb_8026b86b_penguin069_public-scores-915,ON,279,second,loss
tb_8026b86b_penguin069_public-scores-915,ON,280,first,loss
tb_8026b86b_penguin069_public-scores-915,ON,281,second,win
tb_8026b86b_penguin069_public-scores-915,ON,282,first,win
tb_8026b86b_penguin069_public-scores-915,ON,283,second,loss
tb_8026b86b_penguin069_public-scores-915,ON,284,first,loss
tb_8026b86b_penguin069_public-scores-915,ON,285,second,loss
tb_8026b86b_penguin069_public-scores-915,ON,286,first,win
tb_8026b86b_penguin069_public-scores-915,ON,287,second,win
tb_8026b86b_penguin069_public-scores-915,ON,288,first,loss
tb_8026b86b_penguin069_public-scores-915,ON,289,second,loss
tb_8026b86b_penguin069_public-scores-915,ON,290,first,win
tb_8026b86b_penguin069_public-scores-915,ON,291,second,loss
tb_8026b86b_penguin069_public-scores-915,ON,292,first,loss
tb_8026b86b_penguin069_public-scores-915,ON,293,second,win
tb_8026b86b_penguin069_public-scores-915,ON,294,first,win
tb_8026b86b_penguin069_public-scores-915,ON,295,second,loss
tb_8026b86b_penguin069_public-scores-915,ON,296,first,loss
tb_8026b86b_penguin069_public-scores-915,ON,297,second,win
tb_8026b86b_penguin069_public-scores-915,ON,298,first,win
tb_8026b86b_penguin069_public-scores-915,ON,299,second,win
tb_8026b86b_penguin069_public-scores-915,ON,300,first,win
tb_8026b86b_penguin069_public-scores-915,ON,301,second,win
tb_8026b86b_penguin069_public-scores-915,ON,302,first,loss
tb_8026b86b_penguin069_public-scores-915,ON,303,second,loss
tb_8026b86b_penguin069_public-scores-915,ON,304,first,win
tb_8026b86b_penguin069_public-scores-915,ON,305,second,win
tb_8026b86b_penguin069_public-scores-915,ON,306,first,win
tb_8026b86b_penguin069_public-scores-915,ON,307,second,loss
tb_8026b86b_penguin069_public-scores-915,ON,308,first,loss
tb_8026b86b_penguin069_public-scores-915,ON,309,second,loss
tb_8026b86b_penguin069_public-scores-915,ON,310,first,loss
tb_8026b86b_penguin069_public-scores-915,ON,311,second,loss
tb_8026b86b_penguin069_public-scores-915,ON,312,first,loss
tb_8026b86b_penguin069_public-scores-915,ON,313,second,win
tb_8026b86b_penguin069_public-scores-915,ON,314,first,win
tb_8026b86b_penguin069_public-scores-915,ON,315,second,loss
tb_8026b86b_penguin069_public-scores-915,ON,316,first,loss
tb_8026b86b_penguin069_public-scores-915,ON,317,second,loss
tb_8026b86b_penguin069_public-scores-915,ON,318,first,win
tb_8026b86b_penguin069_public-scores-915,ON,319,second,win
tb_8026b86b_penguin069_public-scores-915,ON,320,first,loss
tb_8026b86b_penguin069_public-scores-915,ON,321,second,win
tb_8026b86b_penguin069_public-scores-915,ON,322,first,loss
tb_8026b86b_penguin069_public-scores-915,ON,323,second,win
tb_8026b86b_penguin069_public-scores-915,ON,324,first,loss
tb_8026b86b_penguin069_public-scores-915,ON,325,second,loss
tb_8026b86b_penguin069_public-scores-915,ON,326,first,loss
tb_8026b86b_penguin069_public-scores-915,ON,327,second,loss
tb_8026b86b_penguin069_public-scores-915,ON,328,first,loss
tb_8026b86b_penguin069_public-scores-915,ON,329,second,loss
tb_8026b86b_penguin069_public-scores-915,ON,330,first,loss
tb_8026b86b_penguin069_public-scores-915,ON,331,second,loss
tb_8026b86b_penguin069_public-scores-915,ON,332,first,win
tb_8026b86b_penguin069_public-scores-915,ON,333,second,loss
tb_8026b86b_penguin069_public-scores-915,ON,334,first,loss
tb_8026b86b_penguin069_public-scores-915,ON,335,second,loss
tb_8026b86b_penguin069_public-scores-915,ON,336,first,loss
tb_8026b86b_penguin069_public-scores-915,ON,337,second,loss
tb_8026b86b_penguin069_public-scores-915,ON,338,first,win
tb_8026b86b_penguin069_public-scores-915,ON,339,second,loss
tb_8026b86b_penguin069_public-scores-915,ON,340,first,win
tb_8026b86b_penguin069_public-scores-915,ON,341,second,loss
tb_8026b86b_penguin069_public-scores-915,ON,342,first,loss
tb_8026b86b_penguin069_public-scores-915,ON,343,second,loss
tb_8026b86b_penguin069_public-scores-915,ON,344,first,loss
tb_8026b86b_penguin069_public-scores-915,ON,345,second,loss
tb_8026b86b_penguin069_public-scores-915,ON,346,first,loss
tb_8026b86b_penguin069_public-scores-915,ON,347,second,win
tb_8026b86b_penguin069_public-scores-915,ON,348,first,loss
tb_8026b86b_penguin069_public-scores-915,ON,349,second,loss
tb_8026b86b_penguin069_public-scores-915,ON,350,first,loss
tb_8026b86b_penguin069_public-scores-915,ON,351,second,loss
tb_8026b86b_penguin069_public-scores-915,ON,352,first,loss
tb_8026b86b_penguin069_public-scores-915,ON,353,second,loss
tb_8026b86b_penguin069_public-scores-915,ON,354,first,win
tb_8026b86b_penguin069_public-scores-915,ON,355,second,win
tb_8026b86b_penguin069_public-scores-915,ON,356,first,loss
tb_8026b86b_penguin069_public-scores-915,ON,357,second,win
tb_8026b86b_penguin069_public-scores-915,ON,358,first,loss
tb_8026b86b_penguin069_public-scores-915,ON,359,second,win
tb_8026b86b_penguin069_public-scores-915,ON,360,first,win
tb_8026b86b_penguin069_public-scores-915,ON,361,second,win
tb_8026b86b_penguin069_public-scores-915,ON,362,first,win
tb_8026b86b_penguin069_public-scores-915,ON,363,second,loss
tb_8026b86b_penguin069_public-scores-915,ON,364,first,loss
tb_8026b86b_penguin069_public-scores-915,ON,365,second,loss
tb_8026b86b_penguin069_public-scores-915,ON,366,first,win
tb_8026b86b_penguin069_public-scores-915,ON,367,second,win
tb_8026b86b_penguin069_public-scores-915,ON,368,first,loss
tb_8026b86b_penguin069_public-scores-915,ON,369,second,loss
tb_8026b86b_penguin069_public-scores-915,ON,370,first,loss
tb_8026b86b_penguin069_public-scores-915,ON,371,second,win
tb_8026b86b_penguin069_public-scores-915,ON,372,first,win
tb_8026b86b_penguin069_public-scores-915,ON,373,second,win
tb_8026b86b_penguin069_public-scores-915,ON,374,first,loss
tb_8026b86b_penguin069_public-scores-915,ON,375,second,loss
tb_8026b86b_penguin069_public-scores-915,ON,376,first,loss
tb_8026b86b_penguin069_public-scores-915,ON,377,second,win
tb_8026b86b_penguin069_public-scores-915,ON,378,first,loss
tb_8026b86b_penguin069_public-scores-915,ON,379,second,loss
tb_8026b86b_penguin069_public-scores-915,ON,380,first,loss
tb_8026b86b_penguin069_public-scores-915,ON,381,second,loss
tb_8026b86b_penguin069_public-scores-915,ON,382,first,loss
tb_8026b86b_penguin069_public-scores-915,ON,383,second,loss
tb_8026b86b_penguin069_public-scores-915,ON,384,first,win
tb_8026b86b_penguin069_public-scores-915,ON,385,second,loss
tb_8026b86b_penguin069_public-scores-915,ON,386,first,loss
tb_8026b86b_penguin069_public-scores-915,ON,387,second,win
tb_8026b86b_penguin069_public-scores-915,ON,388,first,loss
tb_8026b86b_penguin069_public-scores-915,ON,389,second,loss
tb_8026b86b_penguin069_public-scores-915,ON,390,first,loss
tb_8026b86b_penguin069_public-scores-915,ON,391,second,win
tb_8026b86b_penguin069_public-scores-915,ON,392,first,win
tb_8026b86b_penguin069_public-scores-915,ON,393,second,loss
tb_8026b86b_penguin069_public-scores-915,ON,394,first,win
tb_8026b86b_penguin069_public-scores-915,ON,395,second,win
tb_8026b86b_penguin069_public-scores-915,ON,396,first,loss
tb_8026b86b_penguin069_public-scores-915,ON,397,second,loss
tb_8026b86b_penguin069_public-scores-915,ON,398,first,win
tb_8026b86b_penguin069_public-scores-915,ON,399,second,loss
tb_8026b86b_penguin069_public-scores-915,ON,400,first,win
tb_8026b86b_penguin069_public-scores-915,ON,401,second,loss
tb_8026b86b_penguin069_public-scores-915,ON,402,first,loss
tb_8026b86b_penguin069_public-scores-915,ON,403,second,loss
tb_8026b86b_penguin069_public-scores-915,ON,404,first,loss
tb_8026b86b_penguin069_public-scores-915,ON,405,second,loss
tb_8026b86b_penguin069_public-scores-915,ON,406,first,loss
tb_8026b86b_penguin069_public-scores-915,ON,407,second,loss
tb_8026b86b_penguin069_public-scores-915,ON,408,first,loss
tb_8026b86b_penguin069_public-scores-915,ON,409,second,loss
tb_8026b86b_penguin069_public-scores-915,ON,410,first,win
tb_8026b86b_penguin069_public-scores-915,ON,411,second,loss
tb_8026b86b_penguin069_public-scores-915,ON,412,first,loss
tb_8026b86b_penguin069_public-scores-915,ON,413,second,loss
tb_8026b86b_penguin069_public-scores-915,ON,414,first,loss
tb_8026b86b_penguin069_public-scores-915,ON,415,second,loss
tb_8026b86b_penguin069_public-scores-915,ON,416,first,loss
tb_8026b86b_penguin069_public-scores-915,ON,417,second,loss
tb_8026b86b_penguin069_public-scores-915,ON,418,first,loss
tb_8026b86b_penguin069_public-scores-915,ON,419,second,loss
tb_8026b86b_penguin069_public-scores-915,ON,420,first,loss
tb_8026b86b_penguin069_public-scores-915,ON,421,second,loss
tb_8026b86b_penguin069_public-scores-915,ON,422,first,loss
tb_8026b86b_penguin069_public-scores-915,ON,423,second,loss
tb_8026b86b_penguin069_public-scores-915,ON,424,first,loss
tb_8026b86b_penguin069_public-scores-915,ON,425,second,loss
tb_8026b86b_penguin069_public-scores-915,ON,426,first,loss
tb_8026b86b_penguin069_public-scores-915,ON,427,second,loss
tb_8026b86b_penguin069_public-scores-915,ON,428,first,loss
tb_8026b86b_penguin069_public-scores-915,ON,429,second,loss
tb_8026b86b_penguin069_public-scores-915,ON,430,first,win
tb_8026b86b_penguin069_public-scores-915,ON,431,second,win
tb_8026b86b_penguin069_public-scores-915,ON,432,first,loss
tb_8026b86b_penguin069_public-scores-915,ON,433,second,loss
tb_8026b86b_penguin069_public-scores-915,ON,434,first,win
tb_8026b86b_penguin069_public-scores-915,ON,435,second,loss
tb_8026b86b_penguin069_public-scores-915,ON,436,first,loss
tb_8026b86b_penguin069_public-scores-915,ON,437,second,win
tb_8026b86b_penguin069_public-scores-915,ON,438,first,loss
tb_8026b86b_penguin069_public-scores-915,ON,439,second,loss
tb_8026b86b_penguin069_public-scores-915,ON,440,first,win
tb_8026b86b_penguin069_public-scores-915,ON,441,second,win
tb_8026b86b_penguin069_public-scores-915,ON,442,first,loss
tb_8026b86b_penguin069_public-scores-915,ON,443,second,loss
tb_8026b86b_penguin069_public-scores-915,ON,444,first,loss
tb_8026b86b_penguin069_public-scores-915,ON,445,second,win
tb_8026b86b_penguin069_public-scores-915,ON,446,first,loss
tb_8026b86b_penguin069_public-scores-915,ON,447,second,win
tb_8026b86b_penguin069_public-scores-915,ON,448,first,win
tb_8026b86b_penguin069_public-scores-915,ON,449,second,win
tb_8026b86b_penguin069_public-scores-915,ON,450,first,win
tb_8026b86b_penguin069_public-scores-915,ON,451,second,loss
tb_8026b86b_penguin069_public-scores-915,ON,452,first,loss
tb_8026b86b_penguin069_public-scores-915,ON,453,second,win
tb_8026b86b_penguin069_public-scores-915,ON,454,first,loss
tb_8026b86b_penguin069_public-scores-915,ON,455,second,loss
tb_8026b86b_penguin069_public-scores-915,ON,456,first,loss
tb_8026b86b_penguin069_public-scores-915,ON,457,second,loss
tb_8026b86b_penguin069_public-scores-915,ON,458,first,loss
tb_8026b86b_penguin069_public-scores-915,ON,459,second,loss
tb_8026b86b_penguin069_public-scores-915,ON,460,first,loss
tb_8026b86b_penguin069_public-scores-915,ON,461,second,win
tb_8026b86b_penguin069_public-scores-915,ON,462,first,win
tb_8026b86b_penguin069_public-scores-915,ON,463,second,win
tb_8026b86b_penguin069_public-scores-915,ON,464,first,loss
tb_8026b86b_penguin069_public-scores-915,ON,465,second,loss
tb_8026b86b_penguin069_public-scores-915,ON,466,first,win
tb_8026b86b_penguin069_public-scores-915,ON,467,second,win
tb_8026b86b_penguin069_public-scores-915,ON,468,first,loss
tb_8026b86b_penguin069_public-scores-915,ON,469,second,loss
tb_8026b86b_penguin069_public-scores-915,ON,470,first,win
tb_8026b86b_penguin069_public-scores-915,ON,471,second,win
tb_8026b86b_penguin069_public-scores-915,ON,472,first,loss
tb_8026b86b_penguin069_public-scores-915,ON,473,second,loss
tb_8026b86b_penguin069_public-scores-915,ON,474,first,win
tb_8026b86b_penguin069_public-scores-915,ON,475,second,loss
tb_8026b86b_penguin069_public-scores-915,ON,476,first,loss
tb_8026b86b_penguin069_public-scores-915,ON,477,second,loss
tb_8026b86b_penguin069_public-scores-915,ON,478,first,loss
tb_8026b86b_penguin069_public-scores-915,ON,479,second,win
tb_8026b86b_penguin069_public-scores-915,ON,480,first,win
tb_8026b86b_penguin069_public-scores-915,ON,481,second,win
tb_8026b86b_penguin069_public-scores-915,ON,482,first,loss
tb_8026b86b_penguin069_public-scores-915,ON,483,second,loss
tb_8026b86b_penguin069_public-scores-915,ON,484,first,loss
tb_8026b86b_penguin069_public-scores-915,ON,485,second,loss
tb_8026b86b_penguin069_public-scores-915,ON,486,first,win
tb_8026b86b_penguin069_public-scores-915,ON,487,second,win
tb_8026b86b_penguin069_public-scores-915,ON,488,first,win
tb_8026b86b_penguin069_public-scores-915,ON,489,second,win
tb_8026b86b_penguin069_public-scores-915,ON,490,first,loss
tb_8026b86b_penguin069_public-scores-915,ON,491,second,win
tb_8026b86b_penguin069_public-scores-915,ON,492,first,win
tb_8026b86b_penguin069_public-scores-915,ON,493,second,loss
tb_8026b86b_penguin069_public-scores-915,ON,494,first,loss
tb_8026b86b_penguin069_public-scores-915,ON,495,second,loss
tb_8026b86b_penguin069_public-scores-915,ON,496,first,win
tb_8026b86b_penguin069_public-scores-915,ON,497,second,loss
tb_8026b86b_penguin069_public-scores-915,ON,498,first,loss
tb_8026b86b_penguin069_public-scores-915,ON,499,second,loss
tb_8026b86b_penguin069_public-scores-915,ON,500,first,loss
tb_8026b86b_penguin069_public-scores-915,ON,501,second,win
tb_8026b86b_penguin069_public-scores-915,ON,502,first,draw
tb_8026b86b_penguin069_public-scores-915,ON,503,second,loss
tb_8026b86b_penguin069_public-scores-915,ON,504,first,loss
tb_8026b86b_penguin069_public-scores-915,ON,505,second,win
tb_8026b86b_penguin069_public-scores-915,ON,506,first,loss
tb_8026b86b_penguin069_public-scores-915,ON,507,second,loss
tb_8026b86b_penguin069_public-scores-915,ON,508,first,win
tb_8026b86b_penguin069_public-scores-915,ON,509,second,win
tb_8026b86b_penguin069_public-scores-915,ON,510,first,loss
tb_8026b86b_penguin069_public-scores-915,ON,511,second,loss
tb_8026b86b_penguin069_public-scores-915,ON,512,first,win
tb_8026b86b_penguin069_public-scores-915,ON,513,second,loss
tb_8026b86b_penguin069_public-scores-915,ON,514,first,loss
tb_8026b86b_penguin069_public-scores-915,ON,515,second,loss
tb_8026b86b_penguin069_public-scores-915,ON,516,first,loss
tb_8026b86b_penguin069_public-scores-915,ON,517,second,loss
tb_8026b86b_penguin069_public-scores-915,ON,518,first,loss
tb_8026b86b_penguin069_public-scores-915,ON,519,second,loss
tb_8026b86b_penguin069_public-scores-915,ON,520,first,loss
tb_8026b86b_penguin069_public-scores-915,ON,521,second,loss
tb_8026b86b_penguin069_public-scores-915,ON,522,first,loss
tb_8026b86b_penguin069_public-scores-915,ON,523,second,loss
tb_8026b86b_penguin069_public-scores-915,ON,524,first,loss
tb_8026b86b_penguin069_public-scores-915,ON,525,second,win
tb_8026b86b_penguin069_public-scores-915,ON,526,first,loss
tb_8026b86b_penguin069_public-scores-915,ON,527,second,loss
tb_8026b86b_penguin069_public-scores-915,ON,528,first,loss
tb_8026b86b_penguin069_public-scores-915,ON,529,second,win
tb_8026b86b_penguin069_public-scores-915,ON,530,first,loss
tb_8026b86b_penguin069_public-scores-915,ON,531,second,win
tb_8026b86b_penguin069_public-scores-915,ON,532,first,loss
tb_8026b86b_penguin069_public-scores-915,ON,533,second,win
tb_8026b86b_penguin069_public-scores-915,ON,534,first,loss
tb_8026b86b_penguin069_public-scores-915,ON,535,second,loss
tb_8026b86b_penguin069_public-scores-915,ON,536,first,loss
tb_8026b86b_penguin069_public-scores-915,ON,537,second,win
tb_8026b86b_penguin069_public-scores-915,ON,538,first,loss
tb_8026b86b_penguin069_public-scores-915,ON,539,second,loss
tb_8026b86b_penguin069_public-scores-915,ON,540,first,win
tb_8026b86b_penguin069_public-scores-915,ON,541,second,win
tb_8026b86b_penguin069_public-scores-915,ON,542,first,loss
tb_8026b86b_penguin069_public-scores-915,ON,543,second,loss
tb_8026b86b_penguin069_public-scores-915,ON,544,first,loss
tb_8026b86b_penguin069_public-scores-915,ON,545,second,loss
tb_8026b86b_penguin069_public-scores-915,ON,546,first,win
tb_8026b86b_penguin069_public-scores-915,ON,547,second,loss
tb_8026b86b_penguin069_public-scores-915,ON,548,first,loss
tb_8026b86b_penguin069_public-scores-915,ON,549,second,loss
tb_8026b86b_penguin069_public-scores-915,ON,550,first,win
tb_8026b86b_penguin069_public-scores-915,ON,551,second,win
tb_8026b86b_penguin069_public-scores-915,ON,552,first,win
tb_8026b86b_penguin069_public-scores-915,ON,553,second,loss
tb_8026b86b_penguin069_public-scores-915,ON,554,first,win
tb_8026b86b_penguin069_public-scores-915,ON,555,second,loss
tb_8026b86b_penguin069_public-scores-915,ON,556,first,win
tb_8026b86b_penguin069_public-scores-915,ON,557,second,win
tb_8026b86b_penguin069_public-scores-915,ON,558,first,win
tb_8026b86b_penguin069_public-scores-915,ON,559,second,loss
tb_8026b86b_penguin069_public-scores-915,ON,560,first,loss
tb_8026b86b_penguin069_public-scores-915,ON,561,second,loss
tb_8026b86b_penguin069_public-scores-915,ON,562,first,loss
tb_8026b86b_penguin069_public-scores-915,ON,563,second,loss
tb_8026b86b_penguin069_public-scores-915,ON,564,first,win
tb_8026b86b_penguin069_public-scores-915,ON,565,second,loss
tb_8026b86b_penguin069_public-scores-915,ON,566,first,loss
tb_8026b86b_penguin069_public-scores-915,ON,567,second,win
tb_8026b86b_penguin069_public-scores-915,ON,568,first,win
tb_8026b86b_penguin069_public-scores-915,ON,569,second,win
tb_8026b86b_penguin069_public-scores-915,ON,570,first,win
tb_8026b86b_penguin069_public-scores-915,ON,571,second,win
tb_8026b86b_penguin069_public-scores-915,ON,572,first,loss
tb_8026b86b_penguin069_public-scores-915,ON,573,second,win
tb_8026b86b_penguin069_public-scores-915,ON,574,first,loss
tb_8026b86b_penguin069_public-scores-915,ON,575,second,loss
tb_8026b86b_penguin069_public-scores-915,ON,576,first,loss
tb_8026b86b_penguin069_public-scores-915,ON,577,second,loss
tb_8026b86b_penguin069_public-scores-915,ON,578,first,loss
tb_8026b86b_penguin069_public-scores-915,ON,579,second,win
tb_8026b86b_penguin069_public-scores-915,ON,580,first,win
tb_8026b86b_penguin069_public-scores-915,ON,581,second,loss
tb_8026b86b_penguin069_public-scores-915,ON,582,first,win
tb_8026b86b_penguin069_public-scores-915,ON,583,second,loss
tb_8026b86b_penguin069_public-scores-915,ON,584,first,loss
tb_8026b86b_penguin069_public-scores-915,ON,585,second,loss
tb_8026b86b_penguin069_public-scores-915,ON,586,first,loss
tb_8026b86b_penguin069_public-scores-915,ON,587,second,win
tb_8026b86b_penguin069_public-scores-915,ON,588,first,win
tb_8026b86b_penguin069_public-scores-915,ON,589,second,loss
tb_8026b86b_penguin069_public-scores-915,ON,590,first,loss
tb_8026b86b_penguin069_public-scores-915,ON,591,second,loss
tb_8026b86b_penguin069_public-scores-915,ON,592,first,loss
tb_8026b86b_penguin069_public-scores-915,ON,593,second,loss
tb_8026b86b_penguin069_public-scores-915,ON,594,first,loss
tb_8026b86b_penguin069_public-scores-915,ON,595,second,loss
tb_8026b86b_penguin069_public-scores-915,ON,596,first,win
tb_8026b86b_penguin069_public-scores-915,ON,597,second,loss
tb_8026b86b_penguin069_public-scores-915,ON,598,first,loss
tb_8026b86b_penguin069_public-scores-915,ON,599,second,loss
tb_96cac124_aristophanivan_2plyexpectimax,OFF,0,first,loss
tb_96cac124_aristophanivan_2plyexpectimax,OFF,1,second,loss
tb_96cac124_aristophanivan_2plyexpectimax,OFF,2,first,win
tb_96cac124_aristophanivan_2plyexpectimax,OFF,3,second,win
tb_96cac124_aristophanivan_2plyexpectimax,OFF,4,first,loss
tb_96cac124_aristophanivan_2plyexpectimax,OFF,5,second,win
tb_96cac124_aristophanivan_2plyexpectimax,OFF,6,first,loss
tb_96cac124_aristophanivan_2plyexpectimax,OFF,7,second,loss
tb_96cac124_aristophanivan_2plyexpectimax,OFF,8,first,loss
tb_96cac124_aristophanivan_2plyexpectimax,OFF,9,second,win
tb_96cac124_aristophanivan_2plyexpectimax,OFF,10,first,win
tb_96cac124_aristophanivan_2plyexpectimax,OFF,11,second,win
tb_96cac124_aristophanivan_2plyexpectimax,OFF,12,first,win
tb_96cac124_aristophanivan_2plyexpectimax,OFF,13,second,loss
tb_96cac124_aristophanivan_2plyexpectimax,OFF,14,first,loss
tb_96cac124_aristophanivan_2plyexpectimax,OFF,15,second,win
tb_96cac124_aristophanivan_2plyexpectimax,OFF,16,first,loss
tb_96cac124_aristophanivan_2plyexpectimax,OFF,17,second,win
tb_96cac124_aristophanivan_2plyexpectimax,OFF,18,first,win
tb_96cac124_aristophanivan_2plyexpectimax,OFF,19,second,loss
tb_96cac124_aristophanivan_2plyexpectimax,OFF,20,first,loss
tb_96cac124_aristophanivan_2plyexpectimax,OFF,21,second,loss
tb_96cac124_aristophanivan_2plyexpectimax,OFF,22,first,win
tb_96cac124_aristophanivan_2plyexpectimax,OFF,23,second,win
tb_96cac124_aristophanivan_2plyexpectimax,OFF,24,first,loss
tb_96cac124_aristophanivan_2plyexpectimax,OFF,25,second,loss
tb_96cac124_aristophanivan_2plyexpectimax,OFF,26,first,loss
tb_96cac124_aristophanivan_2plyexpectimax,OFF,27,second,loss
tb_96cac124_aristophanivan_2plyexpectimax,OFF,28,first,loss
tb_96cac124_aristophanivan_2plyexpectimax,OFF,29,second,loss
tb_96cac124_aristophanivan_2plyexpectimax,OFF,30,first,loss
tb_96cac124_aristophanivan_2plyexpectimax,OFF,31,second,win
tb_96cac124_aristophanivan_2plyexpectimax,OFF,32,first,loss
tb_96cac124_aristophanivan_2plyexpectimax,OFF,33,second,loss
tb_96cac124_aristophanivan_2plyexpectimax,OFF,34,first,win
tb_96cac124_aristophanivan_2plyexpectimax,OFF,35,second,win
tb_96cac124_aristophanivan_2plyexpectimax,OFF,36,first,loss
tb_96cac124_aristophanivan_2plyexpectimax,OFF,37,second,loss
tb_96cac124_aristophanivan_2plyexpectimax,OFF,38,first,win
tb_96cac124_aristophanivan_2plyexpectimax,OFF,39,second,win
tb_96cac124_aristophanivan_2plyexpectimax,OFF,40,first,loss
tb_96cac124_aristophanivan_2plyexpectimax,OFF,41,second,loss
tb_96cac124_aristophanivan_2plyexpectimax,OFF,42,first,win
tb_96cac124_aristophanivan_2plyexpectimax,OFF,43,second,win
tb_96cac124_aristophanivan_2plyexpectimax,OFF,44,first,loss
tb_96cac124_aristophanivan_2plyexpectimax,OFF,45,second,loss
tb_96cac124_aristophanivan_2plyexpectimax,OFF,46,first,win
tb_96cac124_aristophanivan_2plyexpectimax,OFF,47,second,loss
tb_96cac124_aristophanivan_2plyexpectimax,OFF,48,first,win
tb_96cac124_aristophanivan_2plyexpectimax,OFF,49,second,win
tb_96cac124_aristophanivan_2plyexpectimax,OFF,50,first,loss
tb_96cac124_aristophanivan_2plyexpectimax,OFF,51,second,win
tb_96cac124_aristophanivan_2plyexpectimax,OFF,52,first,loss
tb_96cac124_aristophanivan_2plyexpectimax,OFF,53,second,win
tb_96cac124_aristophanivan_2plyexpectimax,OFF,54,first,loss
tb_96cac124_aristophanivan_2plyexpectimax,OFF,55,second,loss
tb_96cac124_aristophanivan_2plyexpectimax,OFF,56,first,win
tb_96cac124_aristophanivan_2plyexpectimax,OFF,57,second,loss
tb_96cac124_aristophanivan_2plyexpectimax,OFF,58,first,loss
tb_96cac124_aristophanivan_2plyexpectimax,OFF,59,second,loss
tb_96cac124_aristophanivan_2plyexpectimax,OFF,60,first,loss
tb_96cac124_aristophanivan_2plyexpectimax,OFF,61,second,loss
tb_96cac124_aristophanivan_2plyexpectimax,OFF,62,first,win
tb_96cac124_aristophanivan_2plyexpectimax,OFF,63,second,loss
tb_96cac124_aristophanivan_2plyexpectimax,OFF,64,first,loss
tb_96cac124_aristophanivan_2plyexpectimax,OFF,65,second,win
tb_96cac124_aristophanivan_2plyexpectimax,OFF,66,first,win
tb_96cac124_aristophanivan_2plyexpectimax,OFF,67,second,loss
tb_96cac124_aristophanivan_2plyexpectimax,OFF,68,first,loss
tb_96cac124_aristophanivan_2plyexpectimax,OFF,69,second,loss
tb_96cac124_aristophanivan_2plyexpectimax,OFF,70,first,win
tb_96cac124_aristophanivan_2plyexpectimax,OFF,71,second,loss
tb_96cac124_aristophanivan_2plyexpectimax,OFF,72,first,loss
tb_96cac124_aristophanivan_2plyexpectimax,OFF,73,second,loss
tb_96cac124_aristophanivan_2plyexpectimax,OFF,74,first,loss
tb_96cac124_aristophanivan_2plyexpectimax,OFF,75,second,win
tb_96cac124_aristophanivan_2plyexpectimax,OFF,76,first,loss
tb_96cac124_aristophanivan_2plyexpectimax,OFF,77,second,loss
tb_96cac124_aristophanivan_2plyexpectimax,OFF,78,first,loss
tb_96cac124_aristophanivan_2plyexpectimax,OFF,79,second,loss
tb_96cac124_aristophanivan_2plyexpectimax,OFF,80,first,loss
tb_96cac124_aristophanivan_2plyexpectimax,OFF,81,second,loss
tb_96cac124_aristophanivan_2plyexpectimax,OFF,82,first,loss
tb_96cac124_aristophanivan_2plyexpectimax,OFF,83,second,win
tb_96cac124_aristophanivan_2plyexpectimax,OFF,84,first,win
tb_96cac124_aristophanivan_2plyexpectimax,OFF,85,second,loss
tb_96cac124_aristophanivan_2plyexpectimax,OFF,86,first,loss
tb_96cac124_aristophanivan_2plyexpectimax,OFF,87,second,loss
tb_96cac124_aristophanivan_2plyexpectimax,OFF,88,first,win
tb_96cac124_aristophanivan_2plyexpectimax,OFF,89,second,win
tb_96cac124_aristophanivan_2plyexpectimax,OFF,90,first,win
tb_96cac124_aristophanivan_2plyexpectimax,OFF,91,second,loss
tb_96cac124_aristophanivan_2plyexpectimax,OFF,92,first,win
tb_96cac124_aristophanivan_2plyexpectimax,OFF,93,second,loss
tb_96cac124_aristophanivan_2plyexpectimax,OFF,94,first,win
tb_96cac124_aristophanivan_2plyexpectimax,OFF,95,second,win
tb_96cac124_aristophanivan_2plyexpectimax,OFF,96,first,win
tb_96cac124_aristophanivan_2plyexpectimax,OFF,97,second,loss
tb_96cac124_aristophanivan_2plyexpectimax,OFF,98,first,win
tb_96cac124_aristophanivan_2plyexpectimax,OFF,99,second,loss
tb_96cac124_aristophanivan_2plyexpectimax,OFF,100,first,win
tb_96cac124_aristophanivan_2plyexpectimax,OFF,101,second,win
tb_96cac124_aristophanivan_2plyexpectimax,OFF,102,first,loss
tb_96cac124_aristophanivan_2plyexpectimax,OFF,103,second,loss
tb_96cac124_aristophanivan_2plyexpectimax,OFF,104,first,win
tb_96cac124_aristophanivan_2plyexpectimax,OFF,105,second,loss
tb_96cac124_aristophanivan_2plyexpectimax,OFF,106,first,win
tb_96cac124_aristophanivan_2plyexpectimax,OFF,107,second,loss
tb_96cac124_aristophanivan_2plyexpectimax,OFF,108,first,loss
tb_96cac124_aristophanivan_2plyexpectimax,OFF,109,second,win
tb_96cac124_aristophanivan_2plyexpectimax,OFF,110,first,loss
tb_96cac124_aristophanivan_2plyexpectimax,OFF,111,second,loss
tb_96cac124_aristophanivan_2plyexpectimax,OFF,112,first,win
tb_96cac124_aristophanivan_2plyexpectimax,OFF,113,second,win
tb_96cac124_aristophanivan_2plyexpectimax,OFF,114,first,win
tb_96cac124_aristophanivan_2plyexpectimax,OFF,115,second,loss
tb_96cac124_aristophanivan_2plyexpectimax,OFF,116,first,win
tb_96cac124_aristophanivan_2plyexpectimax,OFF,117,second,win
tb_96cac124_aristophanivan_2plyexpectimax,OFF,118,first,loss
tb_96cac124_aristophanivan_2plyexpectimax,OFF,119,second,loss
tb_96cac124_aristophanivan_2plyexpectimax,OFF,120,first,loss
tb_96cac124_aristophanivan_2plyexpectimax,OFF,121,second,win
tb_96cac124_aristophanivan_2plyexpectimax,OFF,122,first,loss
tb_96cac124_aristophanivan_2plyexpectimax,OFF,123,second,loss
tb_96cac124_aristophanivan_2plyexpectimax,OFF,124,first,win
tb_96cac124_aristophanivan_2plyexpectimax,OFF,125,second,loss
tb_96cac124_aristophanivan_2plyexpectimax,OFF,126,first,win
tb_96cac124_aristophanivan_2plyexpectimax,OFF,127,second,loss
tb_96cac124_aristophanivan_2plyexpectimax,OFF,128,first,win
tb_96cac124_aristophanivan_2plyexpectimax,OFF,129,second,win
tb_96cac124_aristophanivan_2plyexpectimax,OFF,130,first,win
tb_96cac124_aristophanivan_2plyexpectimax,OFF,131,second,win
tb_96cac124_aristophanivan_2plyexpectimax,OFF,132,first,loss
tb_96cac124_aristophanivan_2plyexpectimax,OFF,133,second,loss
tb_96cac124_aristophanivan_2plyexpectimax,OFF,134,first,loss
tb_96cac124_aristophanivan_2plyexpectimax,OFF,135,second,loss
tb_96cac124_aristophanivan_2plyexpectimax,OFF,136,first,win
tb_96cac124_aristophanivan_2plyexpectimax,OFF,137,second,loss
tb_96cac124_aristophanivan_2plyexpectimax,OFF,138,first,win
tb_96cac124_aristophanivan_2plyexpectimax,OFF,139,second,win
tb_96cac124_aristophanivan_2plyexpectimax,OFF,140,first,win
tb_96cac124_aristophanivan_2plyexpectimax,OFF,141,second,loss
tb_96cac124_aristophanivan_2plyexpectimax,OFF,142,first,loss
tb_96cac124_aristophanivan_2plyexpectimax,OFF,143,second,win
tb_96cac124_aristophanivan_2plyexpectimax,OFF,144,first,loss
tb_96cac124_aristophanivan_2plyexpectimax,OFF,145,second,win
tb_96cac124_aristophanivan_2plyexpectimax,OFF,146,first,win
tb_96cac124_aristophanivan_2plyexpectimax,OFF,147,second,loss
tb_96cac124_aristophanivan_2plyexpectimax,OFF,148,first,win
tb_96cac124_aristophanivan_2plyexpectimax,OFF,149,second,win
tb_96cac124_aristophanivan_2plyexpectimax,OFF,150,first,win
tb_96cac124_aristophanivan_2plyexpectimax,OFF,151,second,win
tb_96cac124_aristophanivan_2plyexpectimax,OFF,152,first,loss
tb_96cac124_aristophanivan_2plyexpectimax,OFF,153,second,loss
tb_96cac124_aristophanivan_2plyexpectimax,OFF,154,first,loss
tb_96cac124_aristophanivan_2plyexpectimax,OFF,155,second,loss
tb_96cac124_aristophanivan_2plyexpectimax,OFF,156,first,loss
tb_96cac124_aristophanivan_2plyexpectimax,OFF,157,second,win
tb_96cac124_aristophanivan_2plyexpectimax,OFF,158,first,loss
tb_96cac124_aristophanivan_2plyexpectimax,OFF,159,second,loss
tb_96cac124_aristophanivan_2plyexpectimax,OFF,160,first,loss
tb_96cac124_aristophanivan_2plyexpectimax,OFF,161,second,loss
tb_96cac124_aristophanivan_2plyexpectimax,OFF,162,first,loss
tb_96cac124_aristophanivan_2plyexpectimax,OFF,163,second,win
tb_96cac124_aristophanivan_2plyexpectimax,OFF,164,first,loss
tb_96cac124_aristophanivan_2plyexpectimax,OFF,165,second,loss
tb_96cac124_aristophanivan_2plyexpectimax,OFF,166,first,win
tb_96cac124_aristophanivan_2plyexpectimax,OFF,167,second,win
tb_96cac124_aristophanivan_2plyexpectimax,OFF,168,first,win
tb_96cac124_aristophanivan_2plyexpectimax,OFF,169,second,win
tb_96cac124_aristophanivan_2plyexpectimax,OFF,170,first,loss
tb_96cac124_aristophanivan_2plyexpectimax,OFF,171,second,win
tb_96cac124_aristophanivan_2plyexpectimax,OFF,172,first,loss
tb_96cac124_aristophanivan_2plyexpectimax,OFF,173,second,loss
tb_96cac124_aristophanivan_2plyexpectimax,OFF,174,first,loss
tb_96cac124_aristophanivan_2plyexpectimax,OFF,175,second,loss
tb_96cac124_aristophanivan_2plyexpectimax,OFF,176,first,loss
tb_96cac124_aristophanivan_2plyexpectimax,OFF,177,second,loss
tb_96cac124_aristophanivan_2plyexpectimax,OFF,178,first,loss
tb_96cac124_aristophanivan_2plyexpectimax,OFF,179,second,win
tb_96cac124_aristophanivan_2plyexpectimax,OFF,180,first,win
tb_96cac124_aristophanivan_2plyexpectimax,OFF,181,second,loss
tb_96cac124_aristophanivan_2plyexpectimax,OFF,182,first,loss
tb_96cac124_aristophanivan_2plyexpectimax,OFF,183,second,loss
tb_96cac124_aristophanivan_2plyexpectimax,OFF,184,first,win
tb_96cac124_aristophanivan_2plyexpectimax,OFF,185,second,loss
tb_96cac124_aristophanivan_2plyexpectimax,OFF,186,first,loss
tb_96cac124_aristophanivan_2plyexpectimax,OFF,187,second,win
tb_96cac124_aristophanivan_2plyexpectimax,OFF,188,first,loss
tb_96cac124_aristophanivan_2plyexpectimax,OFF,189,second,win
tb_96cac124_aristophanivan_2plyexpectimax,OFF,190,first,loss
tb_96cac124_aristophanivan_2plyexpectimax,OFF,191,second,loss
tb_96cac124_aristophanivan_2plyexpectimax,OFF,192,first,win
tb_96cac124_aristophanivan_2plyexpectimax,OFF,193,second,loss
tb_96cac124_aristophanivan_2plyexpectimax,OFF,194,first,loss
tb_96cac124_aristophanivan_2plyexpectimax,OFF,195,second,loss
tb_96cac124_aristophanivan_2plyexpectimax,OFF,196,first,win
tb_96cac124_aristophanivan_2plyexpectimax,OFF,197,second,loss
tb_96cac124_aristophanivan_2plyexpectimax,OFF,198,first,win
tb_96cac124_aristophanivan_2plyexpectimax,OFF,199,second,win
tb_96cac124_aristophanivan_2plyexpectimax,OFF,200,first,loss
tb_96cac124_aristophanivan_2plyexpectimax,OFF,201,second,loss
tb_96cac124_aristophanivan_2plyexpectimax,OFF,202,first,loss
tb_96cac124_aristophanivan_2plyexpectimax,OFF,203,second,win
tb_96cac124_aristophanivan_2plyexpectimax,OFF,204,first,win
tb_96cac124_aristophanivan_2plyexpectimax,OFF,205,second,loss
tb_96cac124_aristophanivan_2plyexpectimax,OFF,206,first,loss
tb_96cac124_aristophanivan_2plyexpectimax,OFF,207,second,loss
tb_96cac124_aristophanivan_2plyexpectimax,OFF,208,first,win
tb_96cac124_aristophanivan_2plyexpectimax,OFF,209,second,loss
tb_96cac124_aristophanivan_2plyexpectimax,OFF,210,first,loss
tb_96cac124_aristophanivan_2plyexpectimax,OFF,211,second,loss
tb_96cac124_aristophanivan_2plyexpectimax,OFF,212,first,loss
tb_96cac124_aristophanivan_2plyexpectimax,OFF,213,second,win
tb_96cac124_aristophanivan_2plyexpectimax,OFF,214,first,loss
tb_96cac124_aristophanivan_2plyexpectimax,OFF,215,second,loss
tb_96cac124_aristophanivan_2plyexpectimax,OFF,216,first,win
tb_96cac124_aristophanivan_2plyexpectimax,OFF,217,second,win
tb_96cac124_aristophanivan_2plyexpectimax,OFF,218,first,loss
tb_96cac124_aristophanivan_2plyexpectimax,OFF,219,second,loss
tb_96cac124_aristophanivan_2plyexpectimax,OFF,220,first,loss
tb_96cac124_aristophanivan_2plyexpectimax,OFF,221,second,win
tb_96cac124_aristophanivan_2plyexpectimax,OFF,222,first,loss
tb_96cac124_aristophanivan_2plyexpectimax,OFF,223,second,loss
tb_96cac124_aristophanivan_2plyexpectimax,OFF,224,first,win
tb_96cac124_aristophanivan_2plyexpectimax,OFF,225,second,loss
tb_96cac124_aristophanivan_2plyexpectimax,OFF,226,first,win
tb_96cac124_aristophanivan_2plyexpectimax,OFF,227,second,win
tb_96cac124_aristophanivan_2plyexpectimax,OFF,228,first,win
tb_96cac124_aristophanivan_2plyexpectimax,OFF,229,second,win
tb_96cac124_aristophanivan_2plyexpectimax,OFF,230,first,win
tb_96cac124_aristophanivan_2plyexpectimax,OFF,231,second,loss
tb_96cac124_aristophanivan_2plyexpectimax,OFF,232,first,win
tb_96cac124_aristophanivan_2plyexpectimax,OFF,233,second,win
tb_96cac124_aristophanivan_2plyexpectimax,OFF,234,first,win
tb_96cac124_aristophanivan_2plyexpectimax,OFF,235,second,loss
tb_96cac124_aristophanivan_2plyexpectimax,OFF,236,first,win
tb_96cac124_aristophanivan_2plyexpectimax,OFF,237,second,loss
tb_96cac124_aristophanivan_2plyexpectimax,OFF,238,first,loss
tb_96cac124_aristophanivan_2plyexpectimax,OFF,239,second,loss
tb_96cac124_aristophanivan_2plyexpectimax,OFF,240,first,loss
tb_96cac124_aristophanivan_2plyexpectimax,OFF,241,second,win
tb_96cac124_aristophanivan_2plyexpectimax,OFF,242,first,win
tb_96cac124_aristophanivan_2plyexpectimax,OFF,243,second,loss
tb_96cac124_aristophanivan_2plyexpectimax,OFF,244,first,loss
tb_96cac124_aristophanivan_2plyexpectimax,OFF,245,second,win
tb_96cac124_aristophanivan_2plyexpectimax,OFF,246,first,win
tb_96cac124_aristophanivan_2plyexpectimax,OFF,247,second,loss
tb_96cac124_aristophanivan_2plyexpectimax,OFF,248,first,loss
tb_96cac124_aristophanivan_2plyexpectimax,OFF,249,second,loss
tb_96cac124_aristophanivan_2plyexpectimax,OFF,250,first,loss
tb_96cac124_aristophanivan_2plyexpectimax,OFF,251,second,loss
tb_96cac124_aristophanivan_2plyexpectimax,OFF,252,first,loss
tb_96cac124_aristophanivan_2plyexpectimax,OFF,253,second,loss
tb_96cac124_aristophanivan_2plyexpectimax,OFF,254,first,loss
tb_96cac124_aristophanivan_2plyexpectimax,OFF,255,second,loss
tb_96cac124_aristophanivan_2plyexpectimax,OFF,256,first,loss
tb_96cac124_aristophanivan_2plyexpectimax,OFF,257,second,loss
tb_96cac124_aristophanivan_2plyexpectimax,OFF,258,first,loss
tb_96cac124_aristophanivan_2plyexpectimax,OFF,259,second,loss
tb_96cac124_aristophanivan_2plyexpectimax,OFF,260,first,loss
tb_96cac124_aristophanivan_2plyexpectimax,OFF,261,second,loss
tb_96cac124_aristophanivan_2plyexpectimax,OFF,262,first,loss
tb_96cac124_aristophanivan_2plyexpectimax,OFF,263,second,loss
tb_96cac124_aristophanivan_2plyexpectimax,OFF,264,first,win
tb_96cac124_aristophanivan_2plyexpectimax,OFF,265,second,loss
tb_96cac124_aristophanivan_2plyexpectimax,OFF,266,first,win
tb_96cac124_aristophanivan_2plyexpectimax,OFF,267,second,win
tb_96cac124_aristophanivan_2plyexpectimax,OFF,268,first,loss
tb_96cac124_aristophanivan_2plyexpectimax,OFF,269,second,loss
tb_96cac124_aristophanivan_2plyexpectimax,OFF,270,first,win
tb_96cac124_aristophanivan_2plyexpectimax,OFF,271,second,loss
tb_96cac124_aristophanivan_2plyexpectimax,OFF,272,first,loss
tb_96cac124_aristophanivan_2plyexpectimax,OFF,273,second,loss
tb_96cac124_aristophanivan_2plyexpectimax,OFF,274,first,loss
tb_96cac124_aristophanivan_2plyexpectimax,OFF,275,second,loss
tb_96cac124_aristophanivan_2plyexpectimax,OFF,276,first,win
tb_96cac124_aristophanivan_2plyexpectimax,OFF,277,second,loss
tb_96cac124_aristophanivan_2plyexpectimax,OFF,278,first,loss
tb_96cac124_aristophanivan_2plyexpectimax,OFF,279,second,win
tb_96cac124_aristophanivan_2plyexpectimax,OFF,280,first,loss
tb_96cac124_aristophanivan_2plyexpectimax,OFF,281,second,win
tb_96cac124_aristophanivan_2plyexpectimax,OFF,282,first,win
tb_96cac124_aristophanivan_2plyexpectimax,OFF,283,second,win
tb_96cac124_aristophanivan_2plyexpectimax,OFF,284,first,win
tb_96cac124_aristophanivan_2plyexpectimax,OFF,285,second,win
tb_96cac124_aristophanivan_2plyexpectimax,OFF,286,first,loss
tb_96cac124_aristophanivan_2plyexpectimax,OFF,287,second,loss
tb_96cac124_aristophanivan_2plyexpectimax,OFF,288,first,loss
tb_96cac124_aristophanivan_2plyexpectimax,OFF,289,second,loss
tb_96cac124_aristophanivan_2plyexpectimax,OFF,290,first,loss
tb_96cac124_aristophanivan_2plyexpectimax,OFF,291,second,loss
tb_96cac124_aristophanivan_2plyexpectimax,OFF,292,first,win
tb_96cac124_aristophanivan_2plyexpectimax,OFF,293,second,loss
tb_96cac124_aristophanivan_2plyexpectimax,OFF,294,first,loss
tb_96cac124_aristophanivan_2plyexpectimax,OFF,295,second,loss
tb_96cac124_aristophanivan_2plyexpectimax,OFF,296,first,win
tb_96cac124_aristophanivan_2plyexpectimax,OFF,297,second,loss
tb_96cac124_aristophanivan_2plyexpectimax,OFF,298,first,win
tb_96cac124_aristophanivan_2plyexpectimax,OFF,299,second,loss
tb_96cac124_aristophanivan_2plyexpectimax,OFF,300,first,win
tb_96cac124_aristophanivan_2plyexpectimax,OFF,301,second,loss
tb_96cac124_aristophanivan_2plyexpectimax,OFF,302,first,win
tb_96cac124_aristophanivan_2plyexpectimax,OFF,303,second,win
tb_96cac124_aristophanivan_2plyexpectimax,OFF,304,first,loss
tb_96cac124_aristophanivan_2plyexpectimax,OFF,305,second,win
tb_96cac124_aristophanivan_2plyexpectimax,OFF,306,first,win
tb_96cac124_aristophanivan_2plyexpectimax,OFF,307,second,loss
tb_96cac124_aristophanivan_2plyexpectimax,OFF,308,first,win
tb_96cac124_aristophanivan_2plyexpectimax,OFF,309,second,loss
tb_96cac124_aristophanivan_2plyexpectimax,OFF,310,first,win
tb_96cac124_aristophanivan_2plyexpectimax,OFF,311,second,win
tb_96cac124_aristophanivan_2plyexpectimax,OFF,312,first,loss
tb_96cac124_aristophanivan_2plyexpectimax,OFF,313,second,loss
tb_96cac124_aristophanivan_2plyexpectimax,OFF,314,first,loss
tb_96cac124_aristophanivan_2plyexpectimax,OFF,315,second,loss
tb_96cac124_aristophanivan_2plyexpectimax,OFF,316,first,win
tb_96cac124_aristophanivan_2plyexpectimax,OFF,317,second,loss
tb_96cac124_aristophanivan_2plyexpectimax,OFF,318,first,loss
tb_96cac124_aristophanivan_2plyexpectimax,OFF,319,second,loss
tb_96cac124_aristophanivan_2plyexpectimax,OFF,320,first,loss
tb_96cac124_aristophanivan_2plyexpectimax,OFF,321,second,loss
tb_96cac124_aristophanivan_2plyexpectimax,OFF,322,first,loss
tb_96cac124_aristophanivan_2plyexpectimax,OFF,323,second,loss
tb_96cac124_aristophanivan_2plyexpectimax,OFF,324,first,win
tb_96cac124_aristophanivan_2plyexpectimax,OFF,325,second,loss
tb_96cac124_aristophanivan_2plyexpectimax,OFF,326,first,loss
tb_96cac124_aristophanivan_2plyexpectimax,OFF,327,second,loss
tb_96cac124_aristophanivan_2plyexpectimax,OFF,328,first,loss
tb_96cac124_aristophanivan_2plyexpectimax,OFF,329,second,loss
tb_96cac124_aristophanivan_2plyexpectimax,OFF,330,first,loss
tb_96cac124_aristophanivan_2plyexpectimax,OFF,331,second,loss
tb_96cac124_aristophanivan_2plyexpectimax,OFF,332,first,loss
tb_96cac124_aristophanivan_2plyexpectimax,OFF,333,second,win
tb_96cac124_aristophanivan_2plyexpectimax,OFF,334,first,loss
tb_96cac124_aristophanivan_2plyexpectimax,OFF,335,second,win
tb_96cac124_aristophanivan_2plyexpectimax,OFF,336,first,loss
tb_96cac124_aristophanivan_2plyexpectimax,OFF,337,second,loss
tb_96cac124_aristophanivan_2plyexpectimax,OFF,338,first,win
tb_96cac124_aristophanivan_2plyexpectimax,OFF,339,second,loss
tb_96cac124_aristophanivan_2plyexpectimax,OFF,340,first,win
tb_96cac124_aristophanivan_2plyexpectimax,OFF,341,second,loss
tb_96cac124_aristophanivan_2plyexpectimax,OFF,342,first,loss
tb_96cac124_aristophanivan_2plyexpectimax,OFF,343,second,loss
tb_96cac124_aristophanivan_2plyexpectimax,OFF,344,first,win
tb_96cac124_aristophanivan_2plyexpectimax,OFF,345,second,loss
tb_96cac124_aristophanivan_2plyexpectimax,OFF,346,first,win
tb_96cac124_aristophanivan_2plyexpectimax,OFF,347,second,win
tb_96cac124_aristophanivan_2plyexpectimax,OFF,348,first,loss
tb_96cac124_aristophanivan_2plyexpectimax,OFF,349,second,loss
tb_96cac124_aristophanivan_2plyexpectimax,OFF,350,first,loss
tb_96cac124_aristophanivan_2plyexpectimax,OFF,351,second,win
tb_96cac124_aristophanivan_2plyexpectimax,OFF,352,first,loss
tb_96cac124_aristophanivan_2plyexpectimax,OFF,353,second,win
tb_96cac124_aristophanivan_2plyexpectimax,OFF,354,first,win
tb_96cac124_aristophanivan_2plyexpectimax,OFF,355,second,win
tb_96cac124_aristophanivan_2plyexpectimax,OFF,356,first,loss
tb_96cac124_aristophanivan_2plyexpectimax,OFF,357,second,win
tb_96cac124_aristophanivan_2plyexpectimax,OFF,358,first,win
tb_96cac124_aristophanivan_2plyexpectimax,OFF,359,second,win
tb_96cac124_aristophanivan_2plyexpectimax,OFF,360,first,loss
tb_96cac124_aristophanivan_2plyexpectimax,OFF,361,second,win
tb_96cac124_aristophanivan_2plyexpectimax,OFF,362,first,win
tb_96cac124_aristophanivan_2plyexpectimax,OFF,363,second,loss
tb_96cac124_aristophanivan_2plyexpectimax,OFF,364,first,win
tb_96cac124_aristophanivan_2plyexpectimax,OFF,365,second,loss
tb_96cac124_aristophanivan_2plyexpectimax,OFF,366,first,win
tb_96cac124_aristophanivan_2plyexpectimax,OFF,367,second,loss
tb_96cac124_aristophanivan_2plyexpectimax,OFF,368,first,win
tb_96cac124_aristophanivan_2plyexpectimax,OFF,369,second,win
tb_96cac124_aristophanivan_2plyexpectimax,OFF,370,first,win
tb_96cac124_aristophanivan_2plyexpectimax,OFF,371,second,win
tb_96cac124_aristophanivan_2plyexpectimax,OFF,372,first,win
tb_96cac124_aristophanivan_2plyexpectimax,OFF,373,second,win
tb_96cac124_aristophanivan_2plyexpectimax,OFF,374,first,loss
tb_96cac124_aristophanivan_2plyexpectimax,OFF,375,second,loss
tb_96cac124_aristophanivan_2plyexpectimax,OFF,376,first,win
tb_96cac124_aristophanivan_2plyexpectimax,OFF,377,second,loss
tb_96cac124_aristophanivan_2plyexpectimax,OFF,378,first,loss
tb_96cac124_aristophanivan_2plyexpectimax,OFF,379,second,win
tb_96cac124_aristophanivan_2plyexpectimax,OFF,380,first,win
tb_96cac124_aristophanivan_2plyexpectimax,OFF,381,second,loss
tb_96cac124_aristophanivan_2plyexpectimax,OFF,382,first,win
tb_96cac124_aristophanivan_2plyexpectimax,OFF,383,second,loss
tb_96cac124_aristophanivan_2plyexpectimax,OFF,384,first,win
tb_96cac124_aristophanivan_2plyexpectimax,OFF,385,second,win
tb_96cac124_aristophanivan_2plyexpectimax,OFF,386,first,loss
tb_96cac124_aristophanivan_2plyexpectimax,OFF,387,second,loss
tb_96cac124_aristophanivan_2plyexpectimax,OFF,388,first,loss
tb_96cac124_aristophanivan_2plyexpectimax,OFF,389,second,loss
tb_96cac124_aristophanivan_2plyexpectimax,OFF,390,first,win
tb_96cac124_aristophanivan_2plyexpectimax,OFF,391,second,loss
tb_96cac124_aristophanivan_2plyexpectimax,OFF,392,first,loss
tb_96cac124_aristophanivan_2plyexpectimax,OFF,393,second,loss
tb_96cac124_aristophanivan_2plyexpectimax,OFF,394,first,win
tb_96cac124_aristophanivan_2plyexpectimax,OFF,395,second,win
tb_96cac124_aristophanivan_2plyexpectimax,OFF,396,first,win
tb_96cac124_aristophanivan_2plyexpectimax,OFF,397,second,loss
tb_96cac124_aristophanivan_2plyexpectimax,OFF,398,first,loss
tb_96cac124_aristophanivan_2plyexpectimax,OFF,399,second,win
tb_96cac124_aristophanivan_2plyexpectimax,OFF,400,first,loss
tb_96cac124_aristophanivan_2plyexpectimax,OFF,401,second,loss
tb_96cac124_aristophanivan_2plyexpectimax,OFF,402,first,win
tb_96cac124_aristophanivan_2plyexpectimax,OFF,403,second,loss
tb_96cac124_aristophanivan_2plyexpectimax,OFF,404,first,loss
tb_96cac124_aristophanivan_2plyexpectimax,OFF,405,second,loss
tb_96cac124_aristophanivan_2plyexpectimax,OFF,406,first,win
tb_96cac124_aristophanivan_2plyexpectimax,OFF,407,second,loss
tb_96cac124_aristophanivan_2plyexpectimax,OFF,408,first,loss
tb_96cac124_aristophanivan_2plyexpectimax,OFF,409,second,loss
tb_96cac124_aristophanivan_2plyexpectimax,OFF,410,first,loss
tb_96cac124_aristophanivan_2plyexpectimax,OFF,411,second,loss
tb_96cac124_aristophanivan_2plyexpectimax,OFF,412,first,win
tb_96cac124_aristophanivan_2plyexpectimax,OFF,413,second,loss
tb_96cac124_aristophanivan_2plyexpectimax,OFF,414,first,win
tb_96cac124_aristophanivan_2plyexpectimax,OFF,415,second,loss
tb_96cac124_aristophanivan_2plyexpectimax,OFF,416,first,loss
tb_96cac124_aristophanivan_2plyexpectimax,OFF,417,second,win
tb_96cac124_aristophanivan_2plyexpectimax,OFF,418,first,win
tb_96cac124_aristophanivan_2plyexpectimax,OFF,419,second,loss
tb_96cac124_aristophanivan_2plyexpectimax,OFF,420,first,loss
tb_96cac124_aristophanivan_2plyexpectimax,OFF,421,second,loss
tb_96cac124_aristophanivan_2plyexpectimax,OFF,422,first,loss
tb_96cac124_aristophanivan_2plyexpectimax,OFF,423,second,loss
tb_96cac124_aristophanivan_2plyexpectimax,OFF,424,first,win
tb_96cac124_aristophanivan_2plyexpectimax,OFF,425,second,loss
tb_96cac124_aristophanivan_2plyexpectimax,OFF,426,first,win
tb_96cac124_aristophanivan_2plyexpectimax,OFF,427,second,loss
tb_96cac124_aristophanivan_2plyexpectimax,OFF,428,first,win
tb_96cac124_aristophanivan_2plyexpectimax,OFF,429,second,win
tb_96cac124_aristophanivan_2plyexpectimax,OFF,430,first,win
tb_96cac124_aristophanivan_2plyexpectimax,OFF,431,second,win
tb_96cac124_aristophanivan_2plyexpectimax,OFF,432,first,win
tb_96cac124_aristophanivan_2plyexpectimax,OFF,433,second,loss
tb_96cac124_aristophanivan_2plyexpectimax,OFF,434,first,win
tb_96cac124_aristophanivan_2plyexpectimax,OFF,435,second,loss
tb_96cac124_aristophanivan_2plyexpectimax,OFF,436,first,win
tb_96cac124_aristophanivan_2plyexpectimax,OFF,437,second,win
tb_96cac124_aristophanivan_2plyexpectimax,OFF,438,first,loss
tb_96cac124_aristophanivan_2plyexpectimax,OFF,439,second,loss
tb_96cac124_aristophanivan_2plyexpectimax,OFF,440,first,win
tb_96cac124_aristophanivan_2plyexpectimax,OFF,441,second,loss
tb_96cac124_aristophanivan_2plyexpectimax,OFF,442,first,win
tb_96cac124_aristophanivan_2plyexpectimax,OFF,443,second,loss
tb_96cac124_aristophanivan_2plyexpectimax,OFF,444,first,loss
tb_96cac124_aristophanivan_2plyexpectimax,OFF,445,second,loss
tb_96cac124_aristophanivan_2plyexpectimax,OFF,446,first,loss
tb_96cac124_aristophanivan_2plyexpectimax,OFF,447,second,loss
tb_96cac124_aristophanivan_2plyexpectimax,OFF,448,first,loss
tb_96cac124_aristophanivan_2plyexpectimax,OFF,449,second,win
tb_96cac124_aristophanivan_2plyexpectimax,OFF,450,first,loss
tb_96cac124_aristophanivan_2plyexpectimax,OFF,451,second,win
tb_96cac124_aristophanivan_2plyexpectimax,OFF,452,first,win
tb_96cac124_aristophanivan_2plyexpectimax,OFF,453,second,loss
tb_96cac124_aristophanivan_2plyexpectimax,OFF,454,first,win
tb_96cac124_aristophanivan_2plyexpectimax,OFF,455,second,loss
tb_96cac124_aristophanivan_2plyexpectimax,OFF,456,first,win
tb_96cac124_aristophanivan_2plyexpectimax,OFF,457,second,loss
tb_96cac124_aristophanivan_2plyexpectimax,OFF,458,first,win
tb_96cac124_aristophanivan_2plyexpectimax,OFF,459,second,loss
tb_96cac124_aristophanivan_2plyexpectimax,OFF,460,first,win
tb_96cac124_aristophanivan_2plyexpectimax,OFF,461,second,loss
tb_96cac124_aristophanivan_2plyexpectimax,OFF,462,first,loss
tb_96cac124_aristophanivan_2plyexpectimax,OFF,463,second,loss
tb_96cac124_aristophanivan_2plyexpectimax,OFF,464,first,loss
tb_96cac124_aristophanivan_2plyexpectimax,OFF,465,second,loss
tb_96cac124_aristophanivan_2plyexpectimax,OFF,466,first,loss
tb_96cac124_aristophanivan_2plyexpectimax,OFF,467,second,loss
tb_96cac124_aristophanivan_2plyexpectimax,OFF,468,first,win
tb_96cac124_aristophanivan_2plyexpectimax,OFF,469,second,loss
tb_96cac124_aristophanivan_2plyexpectimax,OFF,470,first,loss
tb_96cac124_aristophanivan_2plyexpectimax,OFF,471,second,win
tb_96cac124_aristophanivan_2plyexpectimax,OFF,472,first,loss
tb_96cac124_aristophanivan_2plyexpectimax,OFF,473,second,loss
tb_96cac124_aristophanivan_2plyexpectimax,OFF,474,first,win
tb_96cac124_aristophanivan_2plyexpectimax,OFF,475,second,loss
tb_96cac124_aristophanivan_2plyexpectimax,OFF,476,first,win
tb_96cac124_aristophanivan_2plyexpectimax,OFF,477,second,loss
tb_96cac124_aristophanivan_2plyexpectimax,OFF,478,first,win
tb_96cac124_aristophanivan_2plyexpectimax,OFF,479,second,loss
tb_96cac124_aristophanivan_2plyexpectimax,OFF,480,first,loss
tb_96cac124_aristophanivan_2plyexpectimax,OFF,481,second,loss
tb_96cac124_aristophanivan_2plyexpectimax,OFF,482,first,win
tb_96cac124_aristophanivan_2plyexpectimax,OFF,483,second,loss
tb_96cac124_aristophanivan_2plyexpectimax,OFF,484,first,win
tb_96cac124_aristophanivan_2plyexpectimax,OFF,485,second,loss
tb_96cac124_aristophanivan_2plyexpectimax,OFF,486,first,win
tb_96cac124_aristophanivan_2plyexpectimax,OFF,487,second,loss
tb_96cac124_aristophanivan_2plyexpectimax,OFF,488,first,loss
tb_96cac124_aristophanivan_2plyexpectimax,OFF,489,second,win
tb_96cac124_aristophanivan_2plyexpectimax,OFF,490,first,loss
tb_96cac124_aristophanivan_2plyexpectimax,OFF,491,second,loss
tb_96cac124_aristophanivan_2plyexpectimax,OFF,492,first,win
tb_96cac124_aristophanivan_2plyexpectimax,OFF,493,second,win
tb_96cac124_aristophanivan_2plyexpectimax,OFF,494,first,win
tb_96cac124_aristophanivan_2plyexpectimax,OFF,495,second,win
tb_96cac124_aristophanivan_2plyexpectimax,OFF,496,first,loss
tb_96cac124_aristophanivan_2plyexpectimax,OFF,497,second,loss
tb_96cac124_aristophanivan_2plyexpectimax,OFF,498,first,win
tb_96cac124_aristophanivan_2plyexpectimax,OFF,499,second,loss
tb_96cac124_aristophanivan_2plyexpectimax,OFF,500,first,loss
tb_96cac124_aristophanivan_2plyexpectimax,OFF,501,second,loss
tb_96cac124_aristophanivan_2plyexpectimax,OFF,502,first,loss
tb_96cac124_aristophanivan_2plyexpectimax,OFF,503,second,loss
tb_96cac124_aristophanivan_2plyexpectimax,OFF,504,first,loss
tb_96cac124_aristophanivan_2plyexpectimax,OFF,505,second,win
tb_96cac124_aristophanivan_2plyexpectimax,OFF,506,first,win
tb_96cac124_aristophanivan_2plyexpectimax,OFF,507,second,loss
tb_96cac124_aristophanivan_2plyexpectimax,OFF,508,first,loss
tb_96cac124_aristophanivan_2plyexpectimax,OFF,509,second,loss
tb_96cac124_aristophanivan_2plyexpectimax,OFF,510,first,loss
tb_96cac124_aristophanivan_2plyexpectimax,OFF,511,second,loss
tb_96cac124_aristophanivan_2plyexpectimax,OFF,512,first,loss
tb_96cac124_aristophanivan_2plyexpectimax,OFF,513,second,win
tb_96cac124_aristophanivan_2plyexpectimax,OFF,514,first,win
tb_96cac124_aristophanivan_2plyexpectimax,OFF,515,second,draw
tb_96cac124_aristophanivan_2plyexpectimax,OFF,516,first,win
tb_96cac124_aristophanivan_2plyexpectimax,OFF,517,second,loss
tb_96cac124_aristophanivan_2plyexpectimax,OFF,518,first,loss
tb_96cac124_aristophanivan_2plyexpectimax,OFF,519,second,loss
tb_96cac124_aristophanivan_2plyexpectimax,OFF,520,first,win
tb_96cac124_aristophanivan_2plyexpectimax,OFF,521,second,win
tb_96cac124_aristophanivan_2plyexpectimax,OFF,522,first,loss
tb_96cac124_aristophanivan_2plyexpectimax,OFF,523,second,win
tb_96cac124_aristophanivan_2plyexpectimax,OFF,524,first,win
tb_96cac124_aristophanivan_2plyexpectimax,OFF,525,second,win
tb_96cac124_aristophanivan_2plyexpectimax,OFF,526,first,win
tb_96cac124_aristophanivan_2plyexpectimax,OFF,527,second,loss
tb_96cac124_aristophanivan_2plyexpectimax,OFF,528,first,loss
tb_96cac124_aristophanivan_2plyexpectimax,OFF,529,second,loss
tb_96cac124_aristophanivan_2plyexpectimax,OFF,530,first,win
tb_96cac124_aristophanivan_2plyexpectimax,OFF,531,second,loss
tb_96cac124_aristophanivan_2plyexpectimax,OFF,532,first,loss
tb_96cac124_aristophanivan_2plyexpectimax,OFF,533,second,loss
tb_96cac124_aristophanivan_2plyexpectimax,OFF,534,first,win
tb_96cac124_aristophanivan_2plyexpectimax,OFF,535,second,win
tb_96cac124_aristophanivan_2plyexpectimax,OFF,536,first,win
tb_96cac124_aristophanivan_2plyexpectimax,OFF,537,second,win
tb_96cac124_aristophanivan_2plyexpectimax,OFF,538,first,win
tb_96cac124_aristophanivan_2plyexpectimax,OFF,539,second,win
tb_96cac124_aristophanivan_2plyexpectimax,OFF,540,first,win
tb_96cac124_aristophanivan_2plyexpectimax,OFF,541,second,loss
tb_96cac124_aristophanivan_2plyexpectimax,OFF,542,first,loss
tb_96cac124_aristophanivan_2plyexpectimax,OFF,543,second,win
tb_96cac124_aristophanivan_2plyexpectimax,OFF,544,first,loss
tb_96cac124_aristophanivan_2plyexpectimax,OFF,545,second,win
tb_96cac124_aristophanivan_2plyexpectimax,OFF,546,first,win
tb_96cac124_aristophanivan_2plyexpectimax,OFF,547,second,loss
tb_96cac124_aristophanivan_2plyexpectimax,OFF,548,first,win
tb_96cac124_aristophanivan_2plyexpectimax,OFF,549,second,loss
tb_96cac124_aristophanivan_2plyexpectimax,OFF,550,first,loss
tb_96cac124_aristophanivan_2plyexpectimax,OFF,551,second,loss
tb_96cac124_aristophanivan_2plyexpectimax,OFF,552,first,loss
tb_96cac124_aristophanivan_2plyexpectimax,OFF,553,second,win
tb_96cac124_aristophanivan_2plyexpectimax,OFF,554,first,loss
tb_96cac124_aristophanivan_2plyexpectimax,OFF,555,second,win
tb_96cac124_aristophanivan_2plyexpectimax,OFF,556,first,loss
tb_96cac124_aristophanivan_2plyexpectimax,OFF,557,second,win
tb_96cac124_aristophanivan_2plyexpectimax,OFF,558,first,win
tb_96cac124_aristophanivan_2plyexpectimax,OFF,559,second,loss
tb_96cac124_aristophanivan_2plyexpectimax,OFF,560,first,loss
tb_96cac124_aristophanivan_2plyexpectimax,OFF,561,second,loss
tb_96cac124_aristophanivan_2plyexpectimax,OFF,562,first,loss
tb_96cac124_aristophanivan_2plyexpectimax,OFF,563,second,loss
tb_96cac124_aristophanivan_2plyexpectimax,OFF,564,first,win
tb_96cac124_aristophanivan_2plyexpectimax,OFF,565,second,loss
tb_96cac124_aristophanivan_2plyexpectimax,OFF,566,first,win
tb_96cac124_aristophanivan_2plyexpectimax,OFF,567,second,win
tb_96cac124_aristophanivan_2plyexpectimax,OFF,568,first,loss
tb_96cac124_aristophanivan_2plyexpectimax,OFF,569,second,win
tb_96cac124_aristophanivan_2plyexpectimax,OFF,570,first,win
tb_96cac124_aristophanivan_2plyexpectimax,OFF,571,second,loss
tb_96cac124_aristophanivan_2plyexpectimax,OFF,572,first,loss
tb_96cac124_aristophanivan_2plyexpectimax,OFF,573,second,loss
tb_96cac124_aristophanivan_2plyexpectimax,OFF,574,first,win
tb_96cac124_aristophanivan_2plyexpectimax,OFF,575,second,loss
tb_96cac124_aristophanivan_2plyexpectimax,OFF,576,first,win
tb_96cac124_aristophanivan_2plyexpectimax,OFF,577,second,loss
tb_96cac124_aristophanivan_2plyexpectimax,OFF,578,first,loss
tb_96cac124_aristophanivan_2plyexpectimax,OFF,579,second,loss
tb_96cac124_aristophanivan_2plyexpectimax,OFF,580,first,loss
tb_96cac124_aristophanivan_2plyexpectimax,OFF,581,second,loss
tb_96cac124_aristophanivan_2plyexpectimax,OFF,582,first,loss
tb_96cac124_aristophanivan_2plyexpectimax,OFF,583,second,loss
tb_96cac124_aristophanivan_2plyexpectimax,OFF,584,first,win
tb_96cac124_aristophanivan_2plyexpectimax,OFF,585,second,win
tb_96cac124_aristophanivan_2plyexpectimax,OFF,586,first,loss
tb_96cac124_aristophanivan_2plyexpectimax,OFF,587,second,win
tb_96cac124_aristophanivan_2plyexpectimax,OFF,588,first,win
tb_96cac124_aristophanivan_2plyexpectimax,OFF,589,second,loss
tb_96cac124_aristophanivan_2plyexpectimax,OFF,590,first,win
tb_96cac124_aristophanivan_2plyexpectimax,OFF,591,second,win
tb_96cac124_aristophanivan_2plyexpectimax,OFF,592,first,loss
tb_96cac124_aristophanivan_2plyexpectimax,OFF,593,second,win
tb_96cac124_aristophanivan_2plyexpectimax,OFF,594,first,loss
tb_96cac124_aristophanivan_2plyexpectimax,OFF,595,second,loss
tb_96cac124_aristophanivan_2plyexpectimax,OFF,596,first,loss
tb_96cac124_aristophanivan_2plyexpectimax,OFF,597,second,win
tb_96cac124_aristophanivan_2plyexpectimax,OFF,598,first,loss
tb_96cac124_aristophanivan_2plyexpectimax,OFF,599,second,loss
tb_96cac124_aristophanivan_2plyexpectimax,ON,0,first,loss
tb_96cac124_aristophanivan_2plyexpectimax,ON,1,second,loss
tb_96cac124_aristophanivan_2plyexpectimax,ON,2,first,win
tb_96cac124_aristophanivan_2plyexpectimax,ON,3,second,win
tb_96cac124_aristophanivan_2plyexpectimax,ON,4,first,win
tb_96cac124_aristophanivan_2plyexpectimax,ON,5,second,loss
tb_96cac124_aristophanivan_2plyexpectimax,ON,6,first,loss
tb_96cac124_aristophanivan_2plyexpectimax,ON,7,second,loss
tb_96cac124_aristophanivan_2plyexpectimax,ON,8,first,win
tb_96cac124_aristophanivan_2plyexpectimax,ON,9,second,win
tb_96cac124_aristophanivan_2plyexpectimax,ON,10,first,loss
tb_96cac124_aristophanivan_2plyexpectimax,ON,11,second,loss
tb_96cac124_aristophanivan_2plyexpectimax,ON,12,first,loss
tb_96cac124_aristophanivan_2plyexpectimax,ON,13,second,loss
tb_96cac124_aristophanivan_2plyexpectimax,ON,14,first,loss
tb_96cac124_aristophanivan_2plyexpectimax,ON,15,second,loss
tb_96cac124_aristophanivan_2plyexpectimax,ON,16,first,loss
tb_96cac124_aristophanivan_2plyexpectimax,ON,17,second,loss
tb_96cac124_aristophanivan_2plyexpectimax,ON,18,first,win
tb_96cac124_aristophanivan_2plyexpectimax,ON,19,second,loss
tb_96cac124_aristophanivan_2plyexpectimax,ON,20,first,win
tb_96cac124_aristophanivan_2plyexpectimax,ON,21,second,loss
tb_96cac124_aristophanivan_2plyexpectimax,ON,22,first,loss
tb_96cac124_aristophanivan_2plyexpectimax,ON,23,second,loss
tb_96cac124_aristophanivan_2plyexpectimax,ON,24,first,loss
tb_96cac124_aristophanivan_2plyexpectimax,ON,25,second,loss
tb_96cac124_aristophanivan_2plyexpectimax,ON,26,first,loss
tb_96cac124_aristophanivan_2plyexpectimax,ON,27,second,win
tb_96cac124_aristophanivan_2plyexpectimax,ON,28,first,loss
tb_96cac124_aristophanivan_2plyexpectimax,ON,29,second,loss
tb_96cac124_aristophanivan_2plyexpectimax,ON,30,first,loss
tb_96cac124_aristophanivan_2plyexpectimax,ON,31,second,win
tb_96cac124_aristophanivan_2plyexpectimax,ON,32,first,loss
tb_96cac124_aristophanivan_2plyexpectimax,ON,33,second,loss
tb_96cac124_aristophanivan_2plyexpectimax,ON,34,first,win
tb_96cac124_aristophanivan_2plyexpectimax,ON,35,second,loss
tb_96cac124_aristophanivan_2plyexpectimax,ON,36,first,win
tb_96cac124_aristophanivan_2plyexpectimax,ON,37,second,loss
tb_96cac124_aristophanivan_2plyexpectimax,ON,38,first,loss
tb_96cac124_aristophanivan_2plyexpectimax,ON,39,second,loss
tb_96cac124_aristophanivan_2plyexpectimax,ON,40,first,loss
tb_96cac124_aristophanivan_2plyexpectimax,ON,41,second,win
tb_96cac124_aristophanivan_2plyexpectimax,ON,42,first,win
tb_96cac124_aristophanivan_2plyexpectimax,ON,43,second,loss
tb_96cac124_aristophanivan_2plyexpectimax,ON,44,first,loss
tb_96cac124_aristophanivan_2plyexpectimax,ON,45,second,win
tb_96cac124_aristophanivan_2plyexpectimax,ON,46,first,loss
tb_96cac124_aristophanivan_2plyexpectimax,ON,47,second,win
tb_96cac124_aristophanivan_2plyexpectimax,ON,48,first,win
tb_96cac124_aristophanivan_2plyexpectimax,ON,49,second,loss
tb_96cac124_aristophanivan_2plyexpectimax,ON,50,first,loss
tb_96cac124_aristophanivan_2plyexpectimax,ON,51,second,win
tb_96cac124_aristophanivan_2plyexpectimax,ON,52,first,loss
tb_96cac124_aristophanivan_2plyexpectimax,ON,53,second,loss
tb_96cac124_aristophanivan_2plyexpectimax,ON,54,first,win
tb_96cac124_aristophanivan_2plyexpectimax,ON,55,second,loss
tb_96cac124_aristophanivan_2plyexpectimax,ON,56,first,win
tb_96cac124_aristophanivan_2plyexpectimax,ON,57,second,win
tb_96cac124_aristophanivan_2plyexpectimax,ON,58,first,loss
tb_96cac124_aristophanivan_2plyexpectimax,ON,59,second,win
tb_96cac124_aristophanivan_2plyexpectimax,ON,60,first,win
tb_96cac124_aristophanivan_2plyexpectimax,ON,61,second,loss
tb_96cac124_aristophanivan_2plyexpectimax,ON,62,first,loss
tb_96cac124_aristophanivan_2plyexpectimax,ON,63,second,win
tb_96cac124_aristophanivan_2plyexpectimax,ON,64,first,loss
tb_96cac124_aristophanivan_2plyexpectimax,ON,65,second,loss
tb_96cac124_aristophanivan_2plyexpectimax,ON,66,first,win
tb_96cac124_aristophanivan_2plyexpectimax,ON,67,second,loss
tb_96cac124_aristophanivan_2plyexpectimax,ON,68,first,win
tb_96cac124_aristophanivan_2plyexpectimax,ON,69,second,loss
tb_96cac124_aristophanivan_2plyexpectimax,ON,70,first,loss
tb_96cac124_aristophanivan_2plyexpectimax,ON,71,second,loss
tb_96cac124_aristophanivan_2plyexpectimax,ON,72,first,loss
tb_96cac124_aristophanivan_2plyexpectimax,ON,73,second,loss
tb_96cac124_aristophanivan_2plyexpectimax,ON,74,first,loss
tb_96cac124_aristophanivan_2plyexpectimax,ON,75,second,loss
tb_96cac124_aristophanivan_2plyexpectimax,ON,76,first,win
tb_96cac124_aristophanivan_2plyexpectimax,ON,77,second,win
tb_96cac124_aristophanivan_2plyexpectimax,ON,78,first,win
tb_96cac124_aristophanivan_2plyexpectimax,ON,79,second,win
tb_96cac124_aristophanivan_2plyexpectimax,ON,80,first,loss
tb_96cac124_aristophanivan_2plyexpectimax,ON,81,second,win
tb_96cac124_aristophanivan_2plyexpectimax,ON,82,first,win
tb_96cac124_aristophanivan_2plyexpectimax,ON,83,second,loss
tb_96cac124_aristophanivan_2plyexpectimax,ON,84,first,loss
tb_96cac124_aristophanivan_2plyexpectimax,ON,85,second,win
tb_96cac124_aristophanivan_2plyexpectimax,ON,86,first,loss
tb_96cac124_aristophanivan_2plyexpectimax,ON,87,second,loss
tb_96cac124_aristophanivan_2plyexpectimax,ON,88,first,loss
tb_96cac124_aristophanivan_2plyexpectimax,ON,89,second,loss
tb_96cac124_aristophanivan_2plyexpectimax,ON,90,first,loss
tb_96cac124_aristophanivan_2plyexpectimax,ON,91,second,win
tb_96cac124_aristophanivan_2plyexpectimax,ON,92,first,loss
tb_96cac124_aristophanivan_2plyexpectimax,ON,93,second,win
tb_96cac124_aristophanivan_2plyexpectimax,ON,94,first,loss
tb_96cac124_aristophanivan_2plyexpectimax,ON,95,second,loss
tb_96cac124_aristophanivan_2plyexpectimax,ON,96,first,loss
tb_96cac124_aristophanivan_2plyexpectimax,ON,97,second,loss
tb_96cac124_aristophanivan_2plyexpectimax,ON,98,first,loss
tb_96cac124_aristophanivan_2plyexpectimax,ON,99,second,win
tb_96cac124_aristophanivan_2plyexpectimax,ON,100,first,win
tb_96cac124_aristophanivan_2plyexpectimax,ON,101,second,loss
tb_96cac124_aristophanivan_2plyexpectimax,ON,102,first,win
tb_96cac124_aristophanivan_2plyexpectimax,ON,103,second,loss
tb_96cac124_aristophanivan_2plyexpectimax,ON,104,first,win
tb_96cac124_aristophanivan_2plyexpectimax,ON,105,second,win
tb_96cac124_aristophanivan_2plyexpectimax,ON,106,first,loss
tb_96cac124_aristophanivan_2plyexpectimax,ON,107,second,loss
tb_96cac124_aristophanivan_2plyexpectimax,ON,108,first,loss
tb_96cac124_aristophanivan_2plyexpectimax,ON,109,second,loss
tb_96cac124_aristophanivan_2plyexpectimax,ON,110,first,loss
tb_96cac124_aristophanivan_2plyexpectimax,ON,111,second,win
tb_96cac124_aristophanivan_2plyexpectimax,ON,112,first,loss
tb_96cac124_aristophanivan_2plyexpectimax,ON,113,second,win
tb_96cac124_aristophanivan_2plyexpectimax,ON,114,first,win
tb_96cac124_aristophanivan_2plyexpectimax,ON,115,second,loss
tb_96cac124_aristophanivan_2plyexpectimax,ON,116,first,loss
tb_96cac124_aristophanivan_2plyexpectimax,ON,117,second,win
tb_96cac124_aristophanivan_2plyexpectimax,ON,118,first,loss
tb_96cac124_aristophanivan_2plyexpectimax,ON,119,second,loss
tb_96cac124_aristophanivan_2plyexpectimax,ON,120,first,loss
tb_96cac124_aristophanivan_2plyexpectimax,ON,121,second,loss
tb_96cac124_aristophanivan_2plyexpectimax,ON,122,first,loss
tb_96cac124_aristophanivan_2plyexpectimax,ON,123,second,win
tb_96cac124_aristophanivan_2plyexpectimax,ON,124,first,win
tb_96cac124_aristophanivan_2plyexpectimax,ON,125,second,win
tb_96cac124_aristophanivan_2plyexpectimax,ON,126,first,win
tb_96cac124_aristophanivan_2plyexpectimax,ON,127,second,loss
tb_96cac124_aristophanivan_2plyexpectimax,ON,128,first,loss
tb_96cac124_aristophanivan_2plyexpectimax,ON,129,second,loss
tb_96cac124_aristophanivan_2plyexpectimax,ON,130,first,loss
tb_96cac124_aristophanivan_2plyexpectimax,ON,131,second,loss
tb_96cac124_aristophanivan_2plyexpectimax,ON,132,first,win
tb_96cac124_aristophanivan_2plyexpectimax,ON,133,second,win
tb_96cac124_aristophanivan_2plyexpectimax,ON,134,first,win
tb_96cac124_aristophanivan_2plyexpectimax,ON,135,second,loss
tb_96cac124_aristophanivan_2plyexpectimax,ON,136,first,loss
tb_96cac124_aristophanivan_2plyexpectimax,ON,137,second,win
tb_96cac124_aristophanivan_2plyexpectimax,ON,138,first,win
tb_96cac124_aristophanivan_2plyexpectimax,ON,139,second,loss
tb_96cac124_aristophanivan_2plyexpectimax,ON,140,first,loss
tb_96cac124_aristophanivan_2plyexpectimax,ON,141,second,loss
tb_96cac124_aristophanivan_2plyexpectimax,ON,142,first,loss
tb_96cac124_aristophanivan_2plyexpectimax,ON,143,second,win
tb_96cac124_aristophanivan_2plyexpectimax,ON,144,first,loss
tb_96cac124_aristophanivan_2plyexpectimax,ON,145,second,loss
tb_96cac124_aristophanivan_2plyexpectimax,ON,146,first,win
tb_96cac124_aristophanivan_2plyexpectimax,ON,147,second,loss
tb_96cac124_aristophanivan_2plyexpectimax,ON,148,first,loss
tb_96cac124_aristophanivan_2plyexpectimax,ON,149,second,loss
tb_96cac124_aristophanivan_2plyexpectimax,ON,150,first,win
tb_96cac124_aristophanivan_2plyexpectimax,ON,151,second,loss
tb_96cac124_aristophanivan_2plyexpectimax,ON,152,first,win
tb_96cac124_aristophanivan_2plyexpectimax,ON,153,second,loss
tb_96cac124_aristophanivan_2plyexpectimax,ON,154,first,loss
tb_96cac124_aristophanivan_2plyexpectimax,ON,155,second,loss
tb_96cac124_aristophanivan_2plyexpectimax,ON,156,first,loss
tb_96cac124_aristophanivan_2plyexpectimax,ON,157,second,loss
tb_96cac124_aristophanivan_2plyexpectimax,ON,158,first,loss
tb_96cac124_aristophanivan_2plyexpectimax,ON,159,second,loss
tb_96cac124_aristophanivan_2plyexpectimax,ON,160,first,win
tb_96cac124_aristophanivan_2plyexpectimax,ON,161,second,win
tb_96cac124_aristophanivan_2plyexpectimax,ON,162,first,win
tb_96cac124_aristophanivan_2plyexpectimax,ON,163,second,win
tb_96cac124_aristophanivan_2plyexpectimax,ON,164,first,loss
tb_96cac124_aristophanivan_2plyexpectimax,ON,165,second,win
tb_96cac124_aristophanivan_2plyexpectimax,ON,166,first,loss
tb_96cac124_aristophanivan_2plyexpectimax,ON,167,second,loss
tb_96cac124_aristophanivan_2plyexpectimax,ON,168,first,win
tb_96cac124_aristophanivan_2plyexpectimax,ON,169,second,loss
tb_96cac124_aristophanivan_2plyexpectimax,ON,170,first,loss
tb_96cac124_aristophanivan_2plyexpectimax,ON,171,second,win
tb_96cac124_aristophanivan_2plyexpectimax,ON,172,first,win
tb_96cac124_aristophanivan_2plyexpectimax,ON,173,second,loss
tb_96cac124_aristophanivan_2plyexpectimax,ON,174,first,win
tb_96cac124_aristophanivan_2plyexpectimax,ON,175,second,loss
tb_96cac124_aristophanivan_2plyexpectimax,ON,176,first,win
tb_96cac124_aristophanivan_2plyexpectimax,ON,177,second,loss
tb_96cac124_aristophanivan_2plyexpectimax,ON,178,first,loss
tb_96cac124_aristophanivan_2plyexpectimax,ON,179,second,win
tb_96cac124_aristophanivan_2plyexpectimax,ON,180,first,win
tb_96cac124_aristophanivan_2plyexpectimax,ON,181,second,win
tb_96cac124_aristophanivan_2plyexpectimax,ON,182,first,loss
tb_96cac124_aristophanivan_2plyexpectimax,ON,183,second,loss
tb_96cac124_aristophanivan_2plyexpectimax,ON,184,first,win
tb_96cac124_aristophanivan_2plyexpectimax,ON,185,second,loss
tb_96cac124_aristophanivan_2plyexpectimax,ON,186,first,loss
tb_96cac124_aristophanivan_2plyexpectimax,ON,187,second,loss
tb_96cac124_aristophanivan_2plyexpectimax,ON,188,first,loss
tb_96cac124_aristophanivan_2plyexpectimax,ON,189,second,loss
tb_96cac124_aristophanivan_2plyexpectimax,ON,190,first,loss
tb_96cac124_aristophanivan_2plyexpectimax,ON,191,second,loss
tb_96cac124_aristophanivan_2plyexpectimax,ON,192,first,loss
tb_96cac124_aristophanivan_2plyexpectimax,ON,193,second,loss
tb_96cac124_aristophanivan_2plyexpectimax,ON,194,first,win
tb_96cac124_aristophanivan_2plyexpectimax,ON,195,second,loss
tb_96cac124_aristophanivan_2plyexpectimax,ON,196,first,loss
tb_96cac124_aristophanivan_2plyexpectimax,ON,197,second,win
tb_96cac124_aristophanivan_2plyexpectimax,ON,198,first,loss
tb_96cac124_aristophanivan_2plyexpectimax,ON,199,second,loss
tb_96cac124_aristophanivan_2plyexpectimax,ON,200,first,win
tb_96cac124_aristophanivan_2plyexpectimax,ON,201,second,loss
tb_96cac124_aristophanivan_2plyexpectimax,ON,202,first,win
tb_96cac124_aristophanivan_2plyexpectimax,ON,203,second,loss
tb_96cac124_aristophanivan_2plyexpectimax,ON,204,first,loss
tb_96cac124_aristophanivan_2plyexpectimax,ON,205,second,loss
tb_96cac124_aristophanivan_2plyexpectimax,ON,206,first,loss
tb_96cac124_aristophanivan_2plyexpectimax,ON,207,second,win
tb_96cac124_aristophanivan_2plyexpectimax,ON,208,first,loss
tb_96cac124_aristophanivan_2plyexpectimax,ON,209,second,loss
tb_96cac124_aristophanivan_2plyexpectimax,ON,210,first,win
tb_96cac124_aristophanivan_2plyexpectimax,ON,211,second,loss
tb_96cac124_aristophanivan_2plyexpectimax,ON,212,first,loss
tb_96cac124_aristophanivan_2plyexpectimax,ON,213,second,win
tb_96cac124_aristophanivan_2plyexpectimax,ON,214,first,loss
tb_96cac124_aristophanivan_2plyexpectimax,ON,215,second,loss
tb_96cac124_aristophanivan_2plyexpectimax,ON,216,first,loss
tb_96cac124_aristophanivan_2plyexpectimax,ON,217,second,loss
tb_96cac124_aristophanivan_2plyexpectimax,ON,218,first,loss
tb_96cac124_aristophanivan_2plyexpectimax,ON,219,second,loss
tb_96cac124_aristophanivan_2plyexpectimax,ON,220,first,loss
tb_96cac124_aristophanivan_2plyexpectimax,ON,221,second,win
tb_96cac124_aristophanivan_2plyexpectimax,ON,222,first,loss
tb_96cac124_aristophanivan_2plyexpectimax,ON,223,second,loss
tb_96cac124_aristophanivan_2plyexpectimax,ON,224,first,win
tb_96cac124_aristophanivan_2plyexpectimax,ON,225,second,win
tb_96cac124_aristophanivan_2plyexpectimax,ON,226,first,win
tb_96cac124_aristophanivan_2plyexpectimax,ON,227,second,loss
tb_96cac124_aristophanivan_2plyexpectimax,ON,228,first,loss
tb_96cac124_aristophanivan_2plyexpectimax,ON,229,second,win
tb_96cac124_aristophanivan_2plyexpectimax,ON,230,first,win
tb_96cac124_aristophanivan_2plyexpectimax,ON,231,second,loss
tb_96cac124_aristophanivan_2plyexpectimax,ON,232,first,loss
tb_96cac124_aristophanivan_2plyexpectimax,ON,233,second,loss
tb_96cac124_aristophanivan_2plyexpectimax,ON,234,first,loss
tb_96cac124_aristophanivan_2plyexpectimax,ON,235,second,loss
tb_96cac124_aristophanivan_2plyexpectimax,ON,236,first,loss
tb_96cac124_aristophanivan_2plyexpectimax,ON,237,second,loss
tb_96cac124_aristophanivan_2plyexpectimax,ON,238,first,loss
tb_96cac124_aristophanivan_2plyexpectimax,ON,239,second,loss
tb_96cac124_aristophanivan_2plyexpectimax,ON,240,first,win
tb_96cac124_aristophanivan_2plyexpectimax,ON,241,second,loss
tb_96cac124_aristophanivan_2plyexpectimax,ON,242,first,loss
tb_96cac124_aristophanivan_2plyexpectimax,ON,243,second,loss
tb_96cac124_aristophanivan_2plyexpectimax,ON,244,first,win
tb_96cac124_aristophanivan_2plyexpectimax,ON,245,second,loss
tb_96cac124_aristophanivan_2plyexpectimax,ON,246,first,loss
tb_96cac124_aristophanivan_2plyexpectimax,ON,247,second,win
tb_96cac124_aristophanivan_2plyexpectimax,ON,248,first,win
tb_96cac124_aristophanivan_2plyexpectimax,ON,249,second,win
tb_96cac124_aristophanivan_2plyexpectimax,ON,250,first,loss
tb_96cac124_aristophanivan_2plyexpectimax,ON,251,second,loss
tb_96cac124_aristophanivan_2plyexpectimax,ON,252,first,win
tb_96cac124_aristophanivan_2plyexpectimax,ON,253,second,loss
tb_96cac124_aristophanivan_2plyexpectimax,ON,254,first,win
tb_96cac124_aristophanivan_2plyexpectimax,ON,255,second,loss
tb_96cac124_aristophanivan_2plyexpectimax,ON,256,first,loss
tb_96cac124_aristophanivan_2plyexpectimax,ON,257,second,win
tb_96cac124_aristophanivan_2plyexpectimax,ON,258,first,loss
tb_96cac124_aristophanivan_2plyexpectimax,ON,259,second,loss
tb_96cac124_aristophanivan_2plyexpectimax,ON,260,first,loss
tb_96cac124_aristophanivan_2plyexpectimax,ON,261,second,loss
tb_96cac124_aristophanivan_2plyexpectimax,ON,262,first,loss
tb_96cac124_aristophanivan_2plyexpectimax,ON,263,second,loss
tb_96cac124_aristophanivan_2plyexpectimax,ON,264,first,loss
tb_96cac124_aristophanivan_2plyexpectimax,ON,265,second,win
tb_96cac124_aristophanivan_2plyexpectimax,ON,266,first,win
tb_96cac124_aristophanivan_2plyexpectimax,ON,267,second,loss
tb_96cac124_aristophanivan_2plyexpectimax,ON,268,first,loss
tb_96cac124_aristophanivan_2plyexpectimax,ON,269,second,win
tb_96cac124_aristophanivan_2plyexpectimax,ON,270,first,win
tb_96cac124_aristophanivan_2plyexpectimax,ON,271,second,loss
tb_96cac124_aristophanivan_2plyexpectimax,ON,272,first,loss
tb_96cac124_aristophanivan_2plyexpectimax,ON,273,second,win
tb_96cac124_aristophanivan_2plyexpectimax,ON,274,first,win
tb_96cac124_aristophanivan_2plyexpectimax,ON,275,second,loss
tb_96cac124_aristophanivan_2plyexpectimax,ON,276,first,loss
tb_96cac124_aristophanivan_2plyexpectimax,ON,277,second,loss
tb_96cac124_aristophanivan_2plyexpectimax,ON,278,first,win
tb_96cac124_aristophanivan_2plyexpectimax,ON,279,second,loss
tb_96cac124_aristophanivan_2plyexpectimax,ON,280,first,loss
tb_96cac124_aristophanivan_2plyexpectimax,ON,281,second,win
tb_96cac124_aristophanivan_2plyexpectimax,ON,282,first,loss
tb_96cac124_aristophanivan_2plyexpectimax,ON,283,second,loss
tb_96cac124_aristophanivan_2plyexpectimax,ON,284,first,loss
tb_96cac124_aristophanivan_2plyexpectimax,ON,285,second,loss
tb_96cac124_aristophanivan_2plyexpectimax,ON,286,first,loss
tb_96cac124_aristophanivan_2plyexpectimax,ON,287,second,loss
tb_96cac124_aristophanivan_2plyexpectimax,ON,288,first,loss
tb_96cac124_aristophanivan_2plyexpectimax,ON,289,second,loss
tb_96cac124_aristophanivan_2plyexpectimax,ON,290,first,loss
tb_96cac124_aristophanivan_2plyexpectimax,ON,291,second,win
tb_96cac124_aristophanivan_2plyexpectimax,ON,292,first,loss
tb_96cac124_aristophanivan_2plyexpectimax,ON,293,second,loss
tb_96cac124_aristophanivan_2plyexpectimax,ON,294,first,loss
tb_96cac124_aristophanivan_2plyexpectimax,ON,295,second,loss
tb_96cac124_aristophanivan_2plyexpectimax,ON,296,first,loss
tb_96cac124_aristophanivan_2plyexpectimax,ON,297,second,loss
tb_96cac124_aristophanivan_2plyexpectimax,ON,298,first,win
tb_96cac124_aristophanivan_2plyexpectimax,ON,299,second,loss
tb_96cac124_aristophanivan_2plyexpectimax,ON,300,first,win
tb_96cac124_aristophanivan_2plyexpectimax,ON,301,second,loss
tb_96cac124_aristophanivan_2plyexpectimax,ON,302,first,loss
tb_96cac124_aristophanivan_2plyexpectimax,ON,303,second,loss
tb_96cac124_aristophanivan_2plyexpectimax,ON,304,first,loss
tb_96cac124_aristophanivan_2plyexpectimax,ON,305,second,win
tb_96cac124_aristophanivan_2plyexpectimax,ON,306,first,loss
tb_96cac124_aristophanivan_2plyexpectimax,ON,307,second,win
tb_96cac124_aristophanivan_2plyexpectimax,ON,308,first,loss
tb_96cac124_aristophanivan_2plyexpectimax,ON,309,second,loss
tb_96cac124_aristophanivan_2plyexpectimax,ON,310,first,loss
tb_96cac124_aristophanivan_2plyexpectimax,ON,311,second,loss
tb_96cac124_aristophanivan_2plyexpectimax,ON,312,first,win
tb_96cac124_aristophanivan_2plyexpectimax,ON,313,second,loss
tb_96cac124_aristophanivan_2plyexpectimax,ON,314,first,loss
tb_96cac124_aristophanivan_2plyexpectimax,ON,315,second,win
tb_96cac124_aristophanivan_2plyexpectimax,ON,316,first,loss
tb_96cac124_aristophanivan_2plyexpectimax,ON,317,second,loss
tb_96cac124_aristophanivan_2plyexpectimax,ON,318,first,win
tb_96cac124_aristophanivan_2plyexpectimax,ON,319,second,loss
tb_96cac124_aristophanivan_2plyexpectimax,ON,320,first,loss
tb_96cac124_aristophanivan_2plyexpectimax,ON,321,second,loss
tb_96cac124_aristophanivan_2plyexpectimax,ON,322,first,loss
tb_96cac124_aristophanivan_2plyexpectimax,ON,323,second,loss
tb_96cac124_aristophanivan_2plyexpectimax,ON,324,first,loss
tb_96cac124_aristophanivan_2plyexpectimax,ON,325,second,loss
tb_96cac124_aristophanivan_2plyexpectimax,ON,326,first,win
tb_96cac124_aristophanivan_2plyexpectimax,ON,327,second,win
tb_96cac124_aristophanivan_2plyexpectimax,ON,328,first,win
tb_96cac124_aristophanivan_2plyexpectimax,ON,329,second,win
tb_96cac124_aristophanivan_2plyexpectimax,ON,330,first,win
tb_96cac124_aristophanivan_2plyexpectimax,ON,331,second,loss
tb_96cac124_aristophanivan_2plyexpectimax,ON,332,first,loss
tb_96cac124_aristophanivan_2plyexpectimax,ON,333,second,loss
tb_96cac124_aristophanivan_2plyexpectimax,ON,334,first,loss
tb_96cac124_aristophanivan_2plyexpectimax,ON,335,second,loss
tb_96cac124_aristophanivan_2plyexpectimax,ON,336,first,win
tb_96cac124_aristophanivan_2plyexpectimax,ON,337,second,loss
tb_96cac124_aristophanivan_2plyexpectimax,ON,338,first,win
tb_96cac124_aristophanivan_2plyexpectimax,ON,339,second,loss
tb_96cac124_aristophanivan_2plyexpectimax,ON,340,first,loss
tb_96cac124_aristophanivan_2plyexpectimax,ON,341,second,loss
tb_96cac124_aristophanivan_2plyexpectimax,ON,342,first,win
tb_96cac124_aristophanivan_2plyexpectimax,ON,343,second,loss
tb_96cac124_aristophanivan_2plyexpectimax,ON,344,first,win
tb_96cac124_aristophanivan_2plyexpectimax,ON,345,second,loss
tb_96cac124_aristophanivan_2plyexpectimax,ON,346,first,loss
tb_96cac124_aristophanivan_2plyexpectimax,ON,347,second,loss
tb_96cac124_aristophanivan_2plyexpectimax,ON,348,first,win
tb_96cac124_aristophanivan_2plyexpectimax,ON,349,second,loss
tb_96cac124_aristophanivan_2plyexpectimax,ON,350,first,win
tb_96cac124_aristophanivan_2plyexpectimax,ON,351,second,loss
tb_96cac124_aristophanivan_2plyexpectimax,ON,352,first,loss
tb_96cac124_aristophanivan_2plyexpectimax,ON,353,second,loss
tb_96cac124_aristophanivan_2plyexpectimax,ON,354,first,loss
tb_96cac124_aristophanivan_2plyexpectimax,ON,355,second,win
tb_96cac124_aristophanivan_2plyexpectimax,ON,356,first,win
tb_96cac124_aristophanivan_2plyexpectimax,ON,357,second,loss
tb_96cac124_aristophanivan_2plyexpectimax,ON,358,first,win
tb_96cac124_aristophanivan_2plyexpectimax,ON,359,second,loss
tb_96cac124_aristophanivan_2plyexpectimax,ON,360,first,win
tb_96cac124_aristophanivan_2plyexpectimax,ON,361,second,win
tb_96cac124_aristophanivan_2plyexpectimax,ON,362,first,loss
tb_96cac124_aristophanivan_2plyexpectimax,ON,363,second,loss
tb_96cac124_aristophanivan_2plyexpectimax,ON,364,first,loss
tb_96cac124_aristophanivan_2plyexpectimax,ON,365,second,loss
tb_96cac124_aristophanivan_2plyexpectimax,ON,366,first,loss
tb_96cac124_aristophanivan_2plyexpectimax,ON,367,second,loss
tb_96cac124_aristophanivan_2plyexpectimax,ON,368,first,loss
tb_96cac124_aristophanivan_2plyexpectimax,ON,369,second,win
tb_96cac124_aristophanivan_2plyexpectimax,ON,370,first,loss
tb_96cac124_aristophanivan_2plyexpectimax,ON,371,second,loss
tb_96cac124_aristophanivan_2plyexpectimax,ON,372,first,win
tb_96cac124_aristophanivan_2plyexpectimax,ON,373,second,loss
tb_96cac124_aristophanivan_2plyexpectimax,ON,374,first,win
tb_96cac124_aristophanivan_2plyexpectimax,ON,375,second,win
tb_96cac124_aristophanivan_2plyexpectimax,ON,376,first,loss
tb_96cac124_aristophanivan_2plyexpectimax,ON,377,second,loss
tb_96cac124_aristophanivan_2plyexpectimax,ON,378,first,loss
tb_96cac124_aristophanivan_2plyexpectimax,ON,379,second,loss
tb_96cac124_aristophanivan_2plyexpectimax,ON,380,first,loss
tb_96cac124_aristophanivan_2plyexpectimax,ON,381,second,win
tb_96cac124_aristophanivan_2plyexpectimax,ON,382,first,loss
tb_96cac124_aristophanivan_2plyexpectimax,ON,383,second,win
tb_96cac124_aristophanivan_2plyexpectimax,ON,384,first,win
tb_96cac124_aristophanivan_2plyexpectimax,ON,385,second,loss
tb_96cac124_aristophanivan_2plyexpectimax,ON,386,first,loss
tb_96cac124_aristophanivan_2plyexpectimax,ON,387,second,loss
tb_96cac124_aristophanivan_2plyexpectimax,ON,388,first,win
tb_96cac124_aristophanivan_2plyexpectimax,ON,389,second,loss
tb_96cac124_aristophanivan_2plyexpectimax,ON,390,first,loss
tb_96cac124_aristophanivan_2plyexpectimax,ON,391,second,loss
tb_96cac124_aristophanivan_2plyexpectimax,ON,392,first,loss
tb_96cac124_aristophanivan_2plyexpectimax,ON,393,second,loss
tb_96cac124_aristophanivan_2plyexpectimax,ON,394,first,win
tb_96cac124_aristophanivan_2plyexpectimax,ON,395,second,loss
tb_96cac124_aristophanivan_2plyexpectimax,ON,396,first,loss
tb_96cac124_aristophanivan_2plyexpectimax,ON,397,second,loss
tb_96cac124_aristophanivan_2plyexpectimax,ON,398,first,loss
tb_96cac124_aristophanivan_2plyexpectimax,ON,399,second,loss
tb_96cac124_aristophanivan_2plyexpectimax,ON,400,first,win
tb_96cac124_aristophanivan_2plyexpectimax,ON,401,second,win
tb_96cac124_aristophanivan_2plyexpectimax,ON,402,first,win
tb_96cac124_aristophanivan_2plyexpectimax,ON,403,second,win
tb_96cac124_aristophanivan_2plyexpectimax,ON,404,first,loss
tb_96cac124_aristophanivan_2plyexpectimax,ON,405,second,loss
tb_96cac124_aristophanivan_2plyexpectimax,ON,406,first,loss
tb_96cac124_aristophanivan_2plyexpectimax,ON,407,second,loss
tb_96cac124_aristophanivan_2plyexpectimax,ON,408,first,win
tb_96cac124_aristophanivan_2plyexpectimax,ON,409,second,loss
tb_96cac124_aristophanivan_2plyexpectimax,ON,410,first,win
tb_96cac124_aristophanivan_2plyexpectimax,ON,411,second,loss
tb_96cac124_aristophanivan_2plyexpectimax,ON,412,first,win
tb_96cac124_aristophanivan_2plyexpectimax,ON,413,second,loss
tb_96cac124_aristophanivan_2plyexpectimax,ON,414,first,win
tb_96cac124_aristophanivan_2plyexpectimax,ON,415,second,loss
tb_96cac124_aristophanivan_2plyexpectimax,ON,416,first,loss
tb_96cac124_aristophanivan_2plyexpectimax,ON,417,second,win
tb_96cac124_aristophanivan_2plyexpectimax,ON,418,first,win
tb_96cac124_aristophanivan_2plyexpectimax,ON,419,second,loss
tb_96cac124_aristophanivan_2plyexpectimax,ON,420,first,win
tb_96cac124_aristophanivan_2plyexpectimax,ON,421,second,loss
tb_96cac124_aristophanivan_2plyexpectimax,ON,422,first,loss
tb_96cac124_aristophanivan_2plyexpectimax,ON,423,second,loss
tb_96cac124_aristophanivan_2plyexpectimax,ON,424,first,loss
tb_96cac124_aristophanivan_2plyexpectimax,ON,425,second,loss
tb_96cac124_aristophanivan_2plyexpectimax,ON,426,first,win
tb_96cac124_aristophanivan_2plyexpectimax,ON,427,second,loss
tb_96cac124_aristophanivan_2plyexpectimax,ON,428,first,loss
tb_96cac124_aristophanivan_2plyexpectimax,ON,429,second,loss
tb_96cac124_aristophanivan_2plyexpectimax,ON,430,first,loss
tb_96cac124_aristophanivan_2plyexpectimax,ON,431,second,win
tb_96cac124_aristophanivan_2plyexpectimax,ON,432,first,win
tb_96cac124_aristophanivan_2plyexpectimax,ON,433,second,loss
tb_96cac124_aristophanivan_2plyexpectimax,ON,434,first,loss
tb_96cac124_aristophanivan_2plyexpectimax,ON,435,second,loss
tb_96cac124_aristophanivan_2plyexpectimax,ON,436,first,loss
tb_96cac124_aristophanivan_2plyexpectimax,ON,437,second,loss
tb_96cac124_aristophanivan_2plyexpectimax,ON,438,first,win
tb_96cac124_aristophanivan_2plyexpectimax,ON,439,second,loss
tb_96cac124_aristophanivan_2plyexpectimax,ON,440,first,win
tb_96cac124_aristophanivan_2plyexpectimax,ON,441,second,loss
tb_96cac124_aristophanivan_2plyexpectimax,ON,442,first,win
tb_96cac124_aristophanivan_2plyexpectimax,ON,443,second,loss
tb_96cac124_aristophanivan_2plyexpectimax,ON,444,first,loss
tb_96cac124_aristophanivan_2plyexpectimax,ON,445,second,loss
tb_96cac124_aristophanivan_2plyexpectimax,ON,446,first,win
tb_96cac124_aristophanivan_2plyexpectimax,ON,447,second,loss
tb_96cac124_aristophanivan_2plyexpectimax,ON,448,first,loss
tb_96cac124_aristophanivan_2plyexpectimax,ON,449,second,win
tb_96cac124_aristophanivan_2plyexpectimax,ON,450,first,loss
tb_96cac124_aristophanivan_2plyexpectimax,ON,451,second,loss
tb_96cac124_aristophanivan_2plyexpectimax,ON,452,first,loss
tb_96cac124_aristophanivan_2plyexpectimax,ON,453,second,loss
tb_96cac124_aristophanivan_2plyexpectimax,ON,454,first,loss
tb_96cac124_aristophanivan_2plyexpectimax,ON,455,second,loss
tb_96cac124_aristophanivan_2plyexpectimax,ON,456,first,loss
tb_96cac124_aristophanivan_2plyexpectimax,ON,457,second,win
tb_96cac124_aristophanivan_2plyexpectimax,ON,458,first,loss
tb_96cac124_aristophanivan_2plyexpectimax,ON,459,second,loss
tb_96cac124_aristophanivan_2plyexpectimax,ON,460,first,win
tb_96cac124_aristophanivan_2plyexpectimax,ON,461,second,loss
tb_96cac124_aristophanivan_2plyexpectimax,ON,462,first,loss
tb_96cac124_aristophanivan_2plyexpectimax,ON,463,second,loss
tb_96cac124_aristophanivan_2plyexpectimax,ON,464,first,loss
tb_96cac124_aristophanivan_2plyexpectimax,ON,465,second,win
tb_96cac124_aristophanivan_2plyexpectimax,ON,466,first,loss
tb_96cac124_aristophanivan_2plyexpectimax,ON,467,second,win
tb_96cac124_aristophanivan_2plyexpectimax,ON,468,first,loss
tb_96cac124_aristophanivan_2plyexpectimax,ON,469,second,loss
tb_96cac124_aristophanivan_2plyexpectimax,ON,470,first,loss
tb_96cac124_aristophanivan_2plyexpectimax,ON,471,second,loss
tb_96cac124_aristophanivan_2plyexpectimax,ON,472,first,loss
tb_96cac124_aristophanivan_2plyexpectimax,ON,473,second,loss
tb_96cac124_aristophanivan_2plyexpectimax,ON,474,first,loss
tb_96cac124_aristophanivan_2plyexpectimax,ON,475,second,win
tb_96cac124_aristophanivan_2plyexpectimax,ON,476,first,win
tb_96cac124_aristophanivan_2plyexpectimax,ON,477,second,loss
tb_96cac124_aristophanivan_2plyexpectimax,ON,478,first,win
tb_96cac124_aristophanivan_2plyexpectimax,ON,479,second,win
tb_96cac124_aristophanivan_2plyexpectimax,ON,480,first,loss
tb_96cac124_aristophanivan_2plyexpectimax,ON,481,second,loss
tb_96cac124_aristophanivan_2plyexpectimax,ON,482,first,win
tb_96cac124_aristophanivan_2plyexpectimax,ON,483,second,win
tb_96cac124_aristophanivan_2plyexpectimax,ON,484,first,win
tb_96cac124_aristophanivan_2plyexpectimax,ON,485,second,loss
tb_96cac124_aristophanivan_2plyexpectimax,ON,486,first,loss
tb_96cac124_aristophanivan_2plyexpectimax,ON,487,second,loss
tb_96cac124_aristophanivan_2plyexpectimax,ON,488,first,win
tb_96cac124_aristophanivan_2plyexpectimax,ON,489,second,loss
tb_96cac124_aristophanivan_2plyexpectimax,ON,490,first,loss
tb_96cac124_aristophanivan_2plyexpectimax,ON,491,second,loss
tb_96cac124_aristophanivan_2plyexpectimax,ON,492,first,win
tb_96cac124_aristophanivan_2plyexpectimax,ON,493,second,win
tb_96cac124_aristophanivan_2plyexpectimax,ON,494,first,loss
tb_96cac124_aristophanivan_2plyexpectimax,ON,495,second,loss
tb_96cac124_aristophanivan_2plyexpectimax,ON,496,first,loss
tb_96cac124_aristophanivan_2plyexpectimax,ON,497,second,loss
tb_96cac124_aristophanivan_2plyexpectimax,ON,498,first,loss
tb_96cac124_aristophanivan_2plyexpectimax,ON,499,second,loss
tb_96cac124_aristophanivan_2plyexpectimax,ON,500,first,loss
tb_96cac124_aristophanivan_2plyexpectimax,ON,501,second,win
tb_96cac124_aristophanivan_2plyexpectimax,ON,502,first,loss
tb_96cac124_aristophanivan_2plyexpectimax,ON,503,second,loss
tb_96cac124_aristophanivan_2plyexpectimax,ON,504,first,win
tb_96cac124_aristophanivan_2plyexpectimax,ON,505,second,win
tb_96cac124_aristophanivan_2plyexpectimax,ON,506,first,loss
tb_96cac124_aristophanivan_2plyexpectimax,ON,507,second,loss
tb_96cac124_aristophanivan_2plyexpectimax,ON,508,first,loss
tb_96cac124_aristophanivan_2plyexpectimax,ON,509,second,loss
tb_96cac124_aristophanivan_2plyexpectimax,ON,510,first,loss
tb_96cac124_aristophanivan_2plyexpectimax,ON,511,second,win
tb_96cac124_aristophanivan_2plyexpectimax,ON,512,first,win
tb_96cac124_aristophanivan_2plyexpectimax,ON,513,second,win
tb_96cac124_aristophanivan_2plyexpectimax,ON,514,first,win
tb_96cac124_aristophanivan_2plyexpectimax,ON,515,second,loss
tb_96cac124_aristophanivan_2plyexpectimax,ON,516,first,win
tb_96cac124_aristophanivan_2plyexpectimax,ON,517,second,loss
tb_96cac124_aristophanivan_2plyexpectimax,ON,518,first,loss
tb_96cac124_aristophanivan_2plyexpectimax,ON,519,second,loss
tb_96cac124_aristophanivan_2plyexpectimax,ON,520,first,loss
tb_96cac124_aristophanivan_2plyexpectimax,ON,521,second,loss
tb_96cac124_aristophanivan_2plyexpectimax,ON,522,first,loss
tb_96cac124_aristophanivan_2plyexpectimax,ON,523,second,loss
tb_96cac124_aristophanivan_2plyexpectimax,ON,524,first,win
tb_96cac124_aristophanivan_2plyexpectimax,ON,525,second,loss
tb_96cac124_aristophanivan_2plyexpectimax,ON,526,first,loss
tb_96cac124_aristophanivan_2plyexpectimax,ON,527,second,loss
tb_96cac124_aristophanivan_2plyexpectimax,ON,528,first,loss
tb_96cac124_aristophanivan_2plyexpectimax,ON,529,second,loss
tb_96cac124_aristophanivan_2plyexpectimax,ON,530,first,loss
tb_96cac124_aristophanivan_2plyexpectimax,ON,531,second,win
tb_96cac124_aristophanivan_2plyexpectimax,ON,532,first,loss
tb_96cac124_aristophanivan_2plyexpectimax,ON,533,second,loss
tb_96cac124_aristophanivan_2plyexpectimax,ON,534,first,loss
tb_96cac124_aristophanivan_2plyexpectimax,ON,535,second,loss
tb_96cac124_aristophanivan_2plyexpectimax,ON,536,first,loss
tb_96cac124_aristophanivan_2plyexpectimax,ON,537,second,loss
tb_96cac124_aristophanivan_2plyexpectimax,ON,538,first,loss
tb_96cac124_aristophanivan_2plyexpectimax,ON,539,second,loss
tb_96cac124_aristophanivan_2plyexpectimax,ON,540,first,loss
tb_96cac124_aristophanivan_2plyexpectimax,ON,541,second,loss
tb_96cac124_aristophanivan_2plyexpectimax,ON,542,first,win
tb_96cac124_aristophanivan_2plyexpectimax,ON,543,second,loss
tb_96cac124_aristophanivan_2plyexpectimax,ON,544,first,loss
tb_96cac124_aristophanivan_2plyexpectimax,ON,545,second,win
tb_96cac124_aristophanivan_2plyexpectimax,ON,546,first,win
tb_96cac124_aristophanivan_2plyexpectimax,ON,547,second,loss
tb_96cac124_aristophanivan_2plyexpectimax,ON,548,first,win
tb_96cac124_aristophanivan_2plyexpectimax,ON,549,second,loss
tb_96cac124_aristophanivan_2plyexpectimax,ON,550,first,win
tb_96cac124_aristophanivan_2plyexpectimax,ON,551,second,loss
tb_96cac124_aristophanivan_2plyexpectimax,ON,552,first,win
tb_96cac124_aristophanivan_2plyexpectimax,ON,553,second,win
tb_96cac124_aristophanivan_2plyexpectimax,ON,554,first,win
tb_96cac124_aristophanivan_2plyexpectimax,ON,555,second,loss
tb_96cac124_aristophanivan_2plyexpectimax,ON,556,first,win
tb_96cac124_aristophanivan_2plyexpectimax,ON,557,second,win
tb_96cac124_aristophanivan_2plyexpectimax,ON,558,first,loss
tb_96cac124_aristophanivan_2plyexpectimax,ON,559,second,win
tb_96cac124_aristophanivan_2plyexpectimax,ON,560,first,win
tb_96cac124_aristophanivan_2plyexpectimax,ON,561,second,loss
tb_96cac124_aristophanivan_2plyexpectimax,ON,562,first,loss
tb_96cac124_aristophanivan_2plyexpectimax,ON,563,second,loss
tb_96cac124_aristophanivan_2plyexpectimax,ON,564,first,loss
tb_96cac124_aristophanivan_2plyexpectimax,ON,565,second,win
tb_96cac124_aristophanivan_2plyexpectimax,ON,566,first,win
tb_96cac124_aristophanivan_2plyexpectimax,ON,567,second,loss
tb_96cac124_aristophanivan_2plyexpectimax,ON,568,first,loss
tb_96cac124_aristophanivan_2plyexpectimax,ON,569,second,win
tb_96cac124_aristophanivan_2plyexpectimax,ON,570,first,win
tb_96cac124_aristophanivan_2plyexpectimax,ON,571,second,loss
tb_96cac124_aristophanivan_2plyexpectimax,ON,572,first,win
tb_96cac124_aristophanivan_2plyexpectimax,ON,573,second,loss
tb_96cac124_aristophanivan_2plyexpectimax,ON,574,first,win
tb_96cac124_aristophanivan_2plyexpectimax,ON,575,second,loss
tb_96cac124_aristophanivan_2plyexpectimax,ON,576,first,win
tb_96cac124_aristophanivan_2plyexpectimax,ON,577,second,loss
tb_96cac124_aristophanivan_2plyexpectimax,ON,578,first,loss
tb_96cac124_aristophanivan_2plyexpectimax,ON,579,second,win
tb_96cac124_aristophanivan_2plyexpectimax,ON,580,first,win
tb_96cac124_aristophanivan_2plyexpectimax,ON,581,second,win
tb_96cac124_aristophanivan_2plyexpectimax,ON,582,first,win
tb_96cac124_aristophanivan_2plyexpectimax,ON,583,second,loss
tb_96cac124_aristophanivan_2plyexpectimax,ON,584,first,loss
tb_96cac124_aristophanivan_2plyexpectimax,ON,585,second,loss
tb_96cac124_aristophanivan_2plyexpectimax,ON,586,first,loss
tb_96cac124_aristophanivan_2plyexpectimax,ON,587,second,win
tb_96cac124_aristophanivan_2plyexpectimax,ON,588,first,loss
tb_96cac124_aristophanivan_2plyexpectimax,ON,589,second,loss
tb_96cac124_aristophanivan_2plyexpectimax,ON,590,first,loss
tb_96cac124_aristophanivan_2plyexpectimax,ON,591,second,loss
tb_96cac124_aristophanivan_2plyexpectimax,ON,592,first,loss
tb_96cac124_aristophanivan_2plyexpectimax,ON,593,second,loss
tb_96cac124_aristophanivan_2plyexpectimax,ON,594,first,win
tb_96cac124_aristophanivan_2plyexpectimax,ON,595,second,win
tb_96cac124_aristophanivan_2plyexpectimax,ON,596,first,loss
tb_96cac124_aristophanivan_2plyexpectimax,ON,597,second,loss
tb_96cac124_aristophanivan_2plyexpectimax,ON,598,first,loss
tb_96cac124_aristophanivan_2plyexpectimax,ON,599,second,loss
tb_887f651a_pixiux_ptcg-mega-lucario-ex-v62,OFF,0,first,loss
tb_887f651a_pixiux_ptcg-mega-lucario-ex-v62,OFF,1,second,loss
tb_887f651a_pixiux_ptcg-mega-lucario-ex-v62,OFF,2,first,loss
tb_887f651a_pixiux_ptcg-mega-lucario-ex-v62,OFF,3,second,loss
tb_887f651a_pixiux_ptcg-mega-lucario-ex-v62,OFF,4,first,win
tb_887f651a_pixiux_ptcg-mega-lucario-ex-v62,OFF,5,second,loss
tb_887f651a_pixiux_ptcg-mega-lucario-ex-v62,OFF,6,first,loss
tb_887f651a_pixiux_ptcg-mega-lucario-ex-v62,OFF,7,second,loss
tb_887f651a_pixiux_ptcg-mega-lucario-ex-v62,OFF,8,first,loss
tb_887f651a_pixiux_ptcg-mega-lucario-ex-v62,OFF,9,second,win
tb_887f651a_pixiux_ptcg-mega-lucario-ex-v62,OFF,10,first,win
tb_887f651a_pixiux_ptcg-mega-lucario-ex-v62,OFF,11,second,loss
tb_887f651a_pixiux_ptcg-mega-lucario-ex-v62,OFF,12,first,loss
tb_887f651a_pixiux_ptcg-mega-lucario-ex-v62,OFF,13,second,loss
tb_887f651a_pixiux_ptcg-mega-lucario-ex-v62,OFF,14,first,win
tb_887f651a_pixiux_ptcg-mega-lucario-ex-v62,OFF,15,second,loss
tb_887f651a_pixiux_ptcg-mega-lucario-ex-v62,OFF,16,first,win
tb_887f651a_pixiux_ptcg-mega-lucario-ex-v62,OFF,17,second,win
tb_887f651a_pixiux_ptcg-mega-lucario-ex-v62,OFF,18,first,win
tb_887f651a_pixiux_ptcg-mega-lucario-ex-v62,OFF,19,second,win
tb_887f651a_pixiux_ptcg-mega-lucario-ex-v62,OFF,20,first,win
tb_887f651a_pixiux_ptcg-mega-lucario-ex-v62,OFF,21,second,win
tb_887f651a_pixiux_ptcg-mega-lucario-ex-v62,OFF,22,first,loss
tb_887f651a_pixiux_ptcg-mega-lucario-ex-v62,OFF,23,second,loss
tb_887f651a_pixiux_ptcg-mega-lucario-ex-v62,OFF,24,first,loss
tb_887f651a_pixiux_ptcg-mega-lucario-ex-v62,OFF,25,second,win
tb_887f651a_pixiux_ptcg-mega-lucario-ex-v62,OFF,26,first,win
tb_887f651a_pixiux_ptcg-mega-lucario-ex-v62,OFF,27,second,win
tb_887f651a_pixiux_ptcg-mega-lucario-ex-v62,OFF,28,first,loss
tb_887f651a_pixiux_ptcg-mega-lucario-ex-v62,OFF,29,second,win
tb_887f651a_pixiux_ptcg-mega-lucario-ex-v62,OFF,30,first,win
tb_887f651a_pixiux_ptcg-mega-lucario-ex-v62,OFF,31,second,win
tb_887f651a_pixiux_ptcg-mega-lucario-ex-v62,OFF,32,first,win
tb_887f651a_pixiux_ptcg-mega-lucario-ex-v62,OFF,33,second,loss
tb_887f651a_pixiux_ptcg-mega-lucario-ex-v62,OFF,34,first,loss
tb_887f651a_pixiux_ptcg-mega-lucario-ex-v62,OFF,35,second,loss
tb_887f651a_pixiux_ptcg-mega-lucario-ex-v62,OFF,36,first,loss
tb_887f651a_pixiux_ptcg-mega-lucario-ex-v62,OFF,37,second,loss
tb_887f651a_pixiux_ptcg-mega-lucario-ex-v62,OFF,38,first,win
tb_887f651a_pixiux_ptcg-mega-lucario-ex-v62,OFF,39,second,win
tb_887f651a_pixiux_ptcg-mega-lucario-ex-v62,OFF,40,first,win
tb_887f651a_pixiux_ptcg-mega-lucario-ex-v62,OFF,41,second,loss
tb_887f651a_pixiux_ptcg-mega-lucario-ex-v62,OFF,42,first,loss
tb_887f651a_pixiux_ptcg-mega-lucario-ex-v62,OFF,43,second,win
tb_887f651a_pixiux_ptcg-mega-lucario-ex-v62,OFF,44,first,loss
tb_887f651a_pixiux_ptcg-mega-lucario-ex-v62,OFF,45,second,loss
tb_887f651a_pixiux_ptcg-mega-lucario-ex-v62,OFF,46,first,loss
tb_887f651a_pixiux_ptcg-mega-lucario-ex-v62,OFF,47,second,loss
tb_887f651a_pixiux_ptcg-mega-lucario-ex-v62,OFF,48,first,win
tb_887f651a_pixiux_ptcg-mega-lucario-ex-v62,OFF,49,second,win
tb_887f651a_pixiux_ptcg-mega-lucario-ex-v62,OFF,50,first,loss
tb_887f651a_pixiux_ptcg-mega-lucario-ex-v62,OFF,51,second,loss
tb_887f651a_pixiux_ptcg-mega-lucario-ex-v62,OFF,52,first,loss
tb_887f651a_pixiux_ptcg-mega-lucario-ex-v62,OFF,53,second,win
tb_887f651a_pixiux_ptcg-mega-lucario-ex-v62,OFF,54,first,win
tb_887f651a_pixiux_ptcg-mega-lucario-ex-v62,OFF,55,second,loss
tb_887f651a_pixiux_ptcg-mega-lucario-ex-v62,OFF,56,first,win
tb_887f651a_pixiux_ptcg-mega-lucario-ex-v62,OFF,57,second,loss
tb_887f651a_pixiux_ptcg-mega-lucario-ex-v62,OFF,58,first,win
tb_887f651a_pixiux_ptcg-mega-lucario-ex-v62,OFF,59,second,loss
tb_887f651a_pixiux_ptcg-mega-lucario-ex-v62,OFF,60,first,loss
tb_887f651a_pixiux_ptcg-mega-lucario-ex-v62,OFF,61,second,loss
tb_887f651a_pixiux_ptcg-mega-lucario-ex-v62,OFF,62,first,win
tb_887f651a_pixiux_ptcg-mega-lucario-ex-v62,OFF,63,second,loss
tb_887f651a_pixiux_ptcg-mega-lucario-ex-v62,OFF,64,first,win
tb_887f651a_pixiux_ptcg-mega-lucario-ex-v62,OFF,65,second,win
tb_887f651a_pixiux_ptcg-mega-lucario-ex-v62,OFF,66,first,loss
tb_887f651a_pixiux_ptcg-mega-lucario-ex-v62,OFF,67,second,win
tb_887f651a_pixiux_ptcg-mega-lucario-ex-v62,OFF,68,first,win
tb_887f651a_pixiux_ptcg-mega-lucario-ex-v62,OFF,69,second,loss
tb_887f651a_pixiux_ptcg-mega-lucario-ex-v62,OFF,70,first,win
tb_887f651a_pixiux_ptcg-mega-lucario-ex-v62,OFF,71,second,win
tb_887f651a_pixiux_ptcg-mega-lucario-ex-v62,OFF,72,first,win
tb_887f651a_pixiux_ptcg-mega-lucario-ex-v62,OFF,73,second,loss
tb_887f651a_pixiux_ptcg-mega-lucario-ex-v62,OFF,74,first,loss
tb_887f651a_pixiux_ptcg-mega-lucario-ex-v62,OFF,75,second,loss
tb_887f651a_pixiux_ptcg-mega-lucario-ex-v62,OFF,76,first,loss
tb_887f651a_pixiux_ptcg-mega-lucario-ex-v62,OFF,77,second,loss
tb_887f651a_pixiux_ptcg-mega-lucario-ex-v62,OFF,78,first,loss
tb_887f651a_pixiux_ptcg-mega-lucario-ex-v62,OFF,79,second,win
tb_887f651a_pixiux_ptcg-mega-lucario-ex-v62,OFF,80,first,loss
tb_887f651a_pixiux_ptcg-mega-lucario-ex-v62,OFF,81,second,loss
tb_887f651a_pixiux_ptcg-mega-lucario-ex-v62,OFF,82,first,win
tb_887f651a_pixiux_ptcg-mega-lucario-ex-v62,OFF,83,second,win
tb_887f651a_pixiux_ptcg-mega-lucario-ex-v62,OFF,84,first,loss
tb_887f651a_pixiux_ptcg-mega-lucario-ex-v62,OFF,85,second,win
tb_887f651a_pixiux_ptcg-mega-lucario-ex-v62,OFF,86,first,win
tb_887f651a_pixiux_ptcg-mega-lucario-ex-v62,OFF,87,second,loss
tb_887f651a_pixiux_ptcg-mega-lucario-ex-v62,OFF,88,first,loss
tb_887f651a_pixiux_ptcg-mega-lucario-ex-v62,OFF,89,second,loss
tb_887f651a_pixiux_ptcg-mega-lucario-ex-v62,OFF,90,first,loss
tb_887f651a_pixiux_ptcg-mega-lucario-ex-v62,OFF,91,second,win
tb_887f651a_pixiux_ptcg-mega-lucario-ex-v62,OFF,92,first,loss
tb_887f651a_pixiux_ptcg-mega-lucario-ex-v62,OFF,93,second,loss
tb_887f651a_pixiux_ptcg-mega-lucario-ex-v62,OFF,94,first,win
tb_887f651a_pixiux_ptcg-mega-lucario-ex-v62,OFF,95,second,win
tb_887f651a_pixiux_ptcg-mega-lucario-ex-v62,OFF,96,first,loss
tb_887f651a_pixiux_ptcg-mega-lucario-ex-v62,OFF,97,second,win
tb_887f651a_pixiux_ptcg-mega-lucario-ex-v62,OFF,98,first,win
tb_887f651a_pixiux_ptcg-mega-lucario-ex-v62,OFF,99,second,loss
tb_887f651a_pixiux_ptcg-mega-lucario-ex-v62,OFF,100,first,win
tb_887f651a_pixiux_ptcg-mega-lucario-ex-v62,OFF,101,second,win
tb_887f651a_pixiux_ptcg-mega-lucario-ex-v62,OFF,102,first,loss
tb_887f651a_pixiux_ptcg-mega-lucario-ex-v62,OFF,103,second,win
tb_887f651a_pixiux_ptcg-mega-lucario-ex-v62,OFF,104,first,win
tb_887f651a_pixiux_ptcg-mega-lucario-ex-v62,OFF,105,second,loss
tb_887f651a_pixiux_ptcg-mega-lucario-ex-v62,OFF,106,first,loss
tb_887f651a_pixiux_ptcg-mega-lucario-ex-v62,OFF,107,second,loss
tb_887f651a_pixiux_ptcg-mega-lucario-ex-v62,OFF,108,first,win
tb_887f651a_pixiux_ptcg-mega-lucario-ex-v62,OFF,109,second,loss
tb_887f651a_pixiux_ptcg-mega-lucario-ex-v62,OFF,110,first,loss
tb_887f651a_pixiux_ptcg-mega-lucario-ex-v62,OFF,111,second,loss
tb_887f651a_pixiux_ptcg-mega-lucario-ex-v62,OFF,112,first,win
tb_887f651a_pixiux_ptcg-mega-lucario-ex-v62,OFF,113,second,win
tb_887f651a_pixiux_ptcg-mega-lucario-ex-v62,OFF,114,first,win
tb_887f651a_pixiux_ptcg-mega-lucario-ex-v62,OFF,115,second,loss
tb_887f651a_pixiux_ptcg-mega-lucario-ex-v62,OFF,116,first,win
tb_887f651a_pixiux_ptcg-mega-lucario-ex-v62,OFF,117,second,loss
tb_887f651a_pixiux_ptcg-mega-lucario-ex-v62,OFF,118,first,win
tb_887f651a_pixiux_ptcg-mega-lucario-ex-v62,OFF,119,second,win
tb_887f651a_pixiux_ptcg-mega-lucario-ex-v62,OFF,120,first,loss
tb_887f651a_pixiux_ptcg-mega-lucario-ex-v62,OFF,121,second,loss
tb_887f651a_pixiux_ptcg-mega-lucario-ex-v62,OFF,122,first,loss
tb_887f651a_pixiux_ptcg-mega-lucario-ex-v62,OFF,123,second,loss
tb_887f651a_pixiux_ptcg-mega-lucario-ex-v62,OFF,124,first,loss
tb_887f651a_pixiux_ptcg-mega-lucario-ex-v62,OFF,125,second,loss
tb_887f651a_pixiux_ptcg-mega-lucario-ex-v62,OFF,126,first,win
tb_887f651a_pixiux_ptcg-mega-lucario-ex-v62,OFF,127,second,loss
tb_887f651a_pixiux_ptcg-mega-lucario-ex-v62,OFF,128,first,win
tb_887f651a_pixiux_ptcg-mega-lucario-ex-v62,OFF,129,second,win
tb_887f651a_pixiux_ptcg-mega-lucario-ex-v62,OFF,130,first,loss
tb_887f651a_pixiux_ptcg-mega-lucario-ex-v62,OFF,131,second,loss
tb_887f651a_pixiux_ptcg-mega-lucario-ex-v62,OFF,132,first,loss
tb_887f651a_pixiux_ptcg-mega-lucario-ex-v62,OFF,133,second,loss
tb_887f651a_pixiux_ptcg-mega-lucario-ex-v62,OFF,134,first,loss
tb_887f651a_pixiux_ptcg-mega-lucario-ex-v62,OFF,135,second,win
tb_887f651a_pixiux_ptcg-mega-lucario-ex-v62,OFF,136,first,loss
tb_887f651a_pixiux_ptcg-mega-lucario-ex-v62,OFF,137,second,win
tb_887f651a_pixiux_ptcg-mega-lucario-ex-v62,OFF,138,first,loss
tb_887f651a_pixiux_ptcg-mega-lucario-ex-v62,OFF,139,second,loss
tb_887f651a_pixiux_ptcg-mega-lucario-ex-v62,OFF,140,first,win
tb_887f651a_pixiux_ptcg-mega-lucario-ex-v62,OFF,141,second,loss
tb_887f651a_pixiux_ptcg-mega-lucario-ex-v62,OFF,142,first,loss
tb_887f651a_pixiux_ptcg-mega-lucario-ex-v62,OFF,143,second,loss
tb_887f651a_pixiux_ptcg-mega-lucario-ex-v62,OFF,144,first,win
tb_887f651a_pixiux_ptcg-mega-lucario-ex-v62,OFF,145,second,loss
tb_887f651a_pixiux_ptcg-mega-lucario-ex-v62,OFF,146,first,loss
tb_887f651a_pixiux_ptcg-mega-lucario-ex-v62,OFF,147,second,loss
tb_887f651a_pixiux_ptcg-mega-lucario-ex-v62,OFF,148,first,win
tb_887f651a_pixiux_ptcg-mega-lucario-ex-v62,OFF,149,second,loss
tb_887f651a_pixiux_ptcg-mega-lucario-ex-v62,OFF,150,first,win
tb_887f651a_pixiux_ptcg-mega-lucario-ex-v62,OFF,151,second,win
tb_887f651a_pixiux_ptcg-mega-lucario-ex-v62,OFF,152,first,win
tb_887f651a_pixiux_ptcg-mega-lucario-ex-v62,OFF,153,second,loss
tb_887f651a_pixiux_ptcg-mega-lucario-ex-v62,OFF,154,first,win
tb_887f651a_pixiux_ptcg-mega-lucario-ex-v62,OFF,155,second,loss
tb_887f651a_pixiux_ptcg-mega-lucario-ex-v62,OFF,156,first,loss
tb_887f651a_pixiux_ptcg-mega-lucario-ex-v62,OFF,157,second,win
tb_887f651a_pixiux_ptcg-mega-lucario-ex-v62,OFF,158,first,loss
tb_887f651a_pixiux_ptcg-mega-lucario-ex-v62,OFF,159,second,loss
tb_887f651a_pixiux_ptcg-mega-lucario-ex-v62,OFF,160,first,loss
tb_887f651a_pixiux_ptcg-mega-lucario-ex-v62,OFF,161,second,loss
tb_887f651a_pixiux_ptcg-mega-lucario-ex-v62,OFF,162,first,win
tb_887f651a_pixiux_ptcg-mega-lucario-ex-v62,OFF,163,second,loss
tb_887f651a_pixiux_ptcg-mega-lucario-ex-v62,OFF,164,first,loss
tb_887f651a_pixiux_ptcg-mega-lucario-ex-v62,OFF,165,second,win
tb_887f651a_pixiux_ptcg-mega-lucario-ex-v62,OFF,166,first,loss
tb_887f651a_pixiux_ptcg-mega-lucario-ex-v62,OFF,167,second,win
tb_887f651a_pixiux_ptcg-mega-lucario-ex-v62,OFF,168,first,loss
tb_887f651a_pixiux_ptcg-mega-lucario-ex-v62,OFF,169,second,loss
tb_887f651a_pixiux_ptcg-mega-lucario-ex-v62,OFF,170,first,win
tb_887f651a_pixiux_ptcg-mega-lucario-ex-v62,OFF,171,second,loss
tb_887f651a_pixiux_ptcg-mega-lucario-ex-v62,OFF,172,first,win
tb_887f651a_pixiux_ptcg-mega-lucario-ex-v62,OFF,173,second,loss
tb_887f651a_pixiux_ptcg-mega-lucario-ex-v62,OFF,174,first,loss
tb_887f651a_pixiux_ptcg-mega-lucario-ex-v62,OFF,175,second,win
tb_887f651a_pixiux_ptcg-mega-lucario-ex-v62,OFF,176,first,loss
tb_887f651a_pixiux_ptcg-mega-lucario-ex-v62,OFF,177,second,loss
tb_887f651a_pixiux_ptcg-mega-lucario-ex-v62,OFF,178,first,win
tb_887f651a_pixiux_ptcg-mega-lucario-ex-v62,OFF,179,second,win
tb_887f651a_pixiux_ptcg-mega-lucario-ex-v62,OFF,180,first,win
tb_887f651a_pixiux_ptcg-mega-lucario-ex-v62,OFF,181,second,loss
tb_887f651a_pixiux_ptcg-mega-lucario-ex-v62,OFF,182,first,loss
tb_887f651a_pixiux_ptcg-mega-lucario-ex-v62,OFF,183,second,loss
tb_887f651a_pixiux_ptcg-mega-lucario-ex-v62,OFF,184,first,win
tb_887f651a_pixiux_ptcg-mega-lucario-ex-v62,OFF,185,second,loss
tb_887f651a_pixiux_ptcg-mega-lucario-ex-v62,OFF,186,first,loss
tb_887f651a_pixiux_ptcg-mega-lucario-ex-v62,OFF,187,second,win
tb_887f651a_pixiux_ptcg-mega-lucario-ex-v62,OFF,188,first,win
tb_887f651a_pixiux_ptcg-mega-lucario-ex-v62,OFF,189,second,win
tb_887f651a_pixiux_ptcg-mega-lucario-ex-v62,OFF,190,first,loss
tb_887f651a_pixiux_ptcg-mega-lucario-ex-v62,OFF,191,second,loss
tb_887f651a_pixiux_ptcg-mega-lucario-ex-v62,OFF,192,first,loss
tb_887f651a_pixiux_ptcg-mega-lucario-ex-v62,OFF,193,second,loss
tb_887f651a_pixiux_ptcg-mega-lucario-ex-v62,OFF,194,first,loss
tb_887f651a_pixiux_ptcg-mega-lucario-ex-v62,OFF,195,second,loss
tb_887f651a_pixiux_ptcg-mega-lucario-ex-v62,OFF,196,first,loss
tb_887f651a_pixiux_ptcg-mega-lucario-ex-v62,OFF,197,second,loss
tb_887f651a_pixiux_ptcg-mega-lucario-ex-v62,OFF,198,first,win
tb_887f651a_pixiux_ptcg-mega-lucario-ex-v62,OFF,199,second,win
tb_887f651a_pixiux_ptcg-mega-lucario-ex-v62,OFF,200,first,win
tb_887f651a_pixiux_ptcg-mega-lucario-ex-v62,OFF,201,second,loss
tb_887f651a_pixiux_ptcg-mega-lucario-ex-v62,OFF,202,first,win
tb_887f651a_pixiux_ptcg-mega-lucario-ex-v62,OFF,203,second,win
tb_887f651a_pixiux_ptcg-mega-lucario-ex-v62,OFF,204,first,win
tb_887f651a_pixiux_ptcg-mega-lucario-ex-v62,OFF,205,second,loss
tb_887f651a_pixiux_ptcg-mega-lucario-ex-v62,OFF,206,first,win
tb_887f651a_pixiux_ptcg-mega-lucario-ex-v62,OFF,207,second,loss
tb_887f651a_pixiux_ptcg-mega-lucario-ex-v62,OFF,208,first,win
tb_887f651a_pixiux_ptcg-mega-lucario-ex-v62,OFF,209,second,loss
tb_887f651a_pixiux_ptcg-mega-lucario-ex-v62,OFF,210,first,loss
tb_887f651a_pixiux_ptcg-mega-lucario-ex-v62,OFF,211,second,loss
tb_887f651a_pixiux_ptcg-mega-lucario-ex-v62,OFF,212,first,win
tb_887f651a_pixiux_ptcg-mega-lucario-ex-v62,OFF,213,second,loss
tb_887f651a_pixiux_ptcg-mega-lucario-ex-v62,OFF,214,first,loss
tb_887f651a_pixiux_ptcg-mega-lucario-ex-v62,OFF,215,second,loss
tb_887f651a_pixiux_ptcg-mega-lucario-ex-v62,OFF,216,first,loss
tb_887f651a_pixiux_ptcg-mega-lucario-ex-v62,OFF,217,second,win
tb_887f651a_pixiux_ptcg-mega-lucario-ex-v62,OFF,218,first,loss
tb_887f651a_pixiux_ptcg-mega-lucario-ex-v62,OFF,219,second,loss
tb_887f651a_pixiux_ptcg-mega-lucario-ex-v62,OFF,220,first,loss
tb_887f651a_pixiux_ptcg-mega-lucario-ex-v62,OFF,221,second,win
tb_887f651a_pixiux_ptcg-mega-lucario-ex-v62,OFF,222,first,loss
tb_887f651a_pixiux_ptcg-mega-lucario-ex-v62,OFF,223,second,loss
tb_887f651a_pixiux_ptcg-mega-lucario-ex-v62,OFF,224,first,win
tb_887f651a_pixiux_ptcg-mega-lucario-ex-v62,OFF,225,second,loss
tb_887f651a_pixiux_ptcg-mega-lucario-ex-v62,OFF,226,first,loss
tb_887f651a_pixiux_ptcg-mega-lucario-ex-v62,OFF,227,second,win
tb_887f651a_pixiux_ptcg-mega-lucario-ex-v62,OFF,228,first,loss
tb_887f651a_pixiux_ptcg-mega-lucario-ex-v62,OFF,229,second,loss
tb_887f651a_pixiux_ptcg-mega-lucario-ex-v62,OFF,230,first,win
tb_887f651a_pixiux_ptcg-mega-lucario-ex-v62,OFF,231,second,win
tb_887f651a_pixiux_ptcg-mega-lucario-ex-v62,OFF,232,first,win
tb_887f651a_pixiux_ptcg-mega-lucario-ex-v62,OFF,233,second,loss
tb_887f651a_pixiux_ptcg-mega-lucario-ex-v62,OFF,234,first,win
tb_887f651a_pixiux_ptcg-mega-lucario-ex-v62,OFF,235,second,loss
tb_887f651a_pixiux_ptcg-mega-lucario-ex-v62,OFF,236,first,win
tb_887f651a_pixiux_ptcg-mega-lucario-ex-v62,OFF,237,second,win
tb_887f651a_pixiux_ptcg-mega-lucario-ex-v62,OFF,238,first,loss
tb_887f651a_pixiux_ptcg-mega-lucario-ex-v62,OFF,239,second,loss
tb_887f651a_pixiux_ptcg-mega-lucario-ex-v62,OFF,240,first,win
tb_887f651a_pixiux_ptcg-mega-lucario-ex-v62,OFF,241,second,win
tb_887f651a_pixiux_ptcg-mega-lucario-ex-v62,OFF,242,first,loss
tb_887f651a_pixiux_ptcg-mega-lucario-ex-v62,OFF,243,second,loss
tb_887f651a_pixiux_ptcg-mega-lucario-ex-v62,OFF,244,first,loss
tb_887f651a_pixiux_ptcg-mega-lucario-ex-v62,OFF,245,second,loss
tb_887f651a_pixiux_ptcg-mega-lucario-ex-v62,OFF,246,first,loss
tb_887f651a_pixiux_ptcg-mega-lucario-ex-v62,OFF,247,second,win
tb_887f651a_pixiux_ptcg-mega-lucario-ex-v62,OFF,248,first,loss
tb_887f651a_pixiux_ptcg-mega-lucario-ex-v62,OFF,249,second,loss
tb_887f651a_pixiux_ptcg-mega-lucario-ex-v62,OFF,250,first,win
tb_887f651a_pixiux_ptcg-mega-lucario-ex-v62,OFF,251,second,loss
tb_887f651a_pixiux_ptcg-mega-lucario-ex-v62,OFF,252,first,win
tb_887f651a_pixiux_ptcg-mega-lucario-ex-v62,OFF,253,second,loss
tb_887f651a_pixiux_ptcg-mega-lucario-ex-v62,OFF,254,first,win
tb_887f651a_pixiux_ptcg-mega-lucario-ex-v62,OFF,255,second,loss
tb_887f651a_pixiux_ptcg-mega-lucario-ex-v62,OFF,256,first,win
tb_887f651a_pixiux_ptcg-mega-lucario-ex-v62,OFF,257,second,loss
tb_887f651a_pixiux_ptcg-mega-lucario-ex-v62,OFF,258,first,win
tb_887f651a_pixiux_ptcg-mega-lucario-ex-v62,OFF,259,second,loss
tb_887f651a_pixiux_ptcg-mega-lucario-ex-v62,OFF,260,first,loss
tb_887f651a_pixiux_ptcg-mega-lucario-ex-v62,OFF,261,second,loss
tb_887f651a_pixiux_ptcg-mega-lucario-ex-v62,OFF,262,first,loss
tb_887f651a_pixiux_ptcg-mega-lucario-ex-v62,OFF,263,second,loss
tb_887f651a_pixiux_ptcg-mega-lucario-ex-v62,OFF,264,first,loss
tb_887f651a_pixiux_ptcg-mega-lucario-ex-v62,OFF,265,second,win
tb_887f651a_pixiux_ptcg-mega-lucario-ex-v62,OFF,266,first,win
tb_887f651a_pixiux_ptcg-mega-lucario-ex-v62,OFF,267,second,win
tb_887f651a_pixiux_ptcg-mega-lucario-ex-v62,OFF,268,first,loss
tb_887f651a_pixiux_ptcg-mega-lucario-ex-v62,OFF,269,second,loss
tb_887f651a_pixiux_ptcg-mega-lucario-ex-v62,OFF,270,first,loss
tb_887f651a_pixiux_ptcg-mega-lucario-ex-v62,OFF,271,second,loss
tb_887f651a_pixiux_ptcg-mega-lucario-ex-v62,OFF,272,first,win
tb_887f651a_pixiux_ptcg-mega-lucario-ex-v62,OFF,273,second,loss
tb_887f651a_pixiux_ptcg-mega-lucario-ex-v62,OFF,274,first,loss
tb_887f651a_pixiux_ptcg-mega-lucario-ex-v62,OFF,275,second,loss
tb_887f651a_pixiux_ptcg-mega-lucario-ex-v62,OFF,276,first,win
tb_887f651a_pixiux_ptcg-mega-lucario-ex-v62,OFF,277,second,loss
tb_887f651a_pixiux_ptcg-mega-lucario-ex-v62,OFF,278,first,loss
tb_887f651a_pixiux_ptcg-mega-lucario-ex-v62,OFF,279,second,loss
tb_887f651a_pixiux_ptcg-mega-lucario-ex-v62,OFF,280,first,win
tb_887f651a_pixiux_ptcg-mega-lucario-ex-v62,OFF,281,second,loss
tb_887f651a_pixiux_ptcg-mega-lucario-ex-v62,OFF,282,first,loss
tb_887f651a_pixiux_ptcg-mega-lucario-ex-v62,OFF,283,second,loss
tb_887f651a_pixiux_ptcg-mega-lucario-ex-v62,OFF,284,first,win
tb_887f651a_pixiux_ptcg-mega-lucario-ex-v62,OFF,285,second,win
tb_887f651a_pixiux_ptcg-mega-lucario-ex-v62,OFF,286,first,loss
tb_887f651a_pixiux_ptcg-mega-lucario-ex-v62,OFF,287,second,win
tb_887f651a_pixiux_ptcg-mega-lucario-ex-v62,OFF,288,first,win
tb_887f651a_pixiux_ptcg-mega-lucario-ex-v62,OFF,289,second,win
tb_887f651a_pixiux_ptcg-mega-lucario-ex-v62,OFF,290,first,win
tb_887f651a_pixiux_ptcg-mega-lucario-ex-v62,OFF,291,second,loss
tb_887f651a_pixiux_ptcg-mega-lucario-ex-v62,OFF,292,first,loss
tb_887f651a_pixiux_ptcg-mega-lucario-ex-v62,OFF,293,second,loss
tb_887f651a_pixiux_ptcg-mega-lucario-ex-v62,OFF,294,first,loss
tb_887f651a_pixiux_ptcg-mega-lucario-ex-v62,OFF,295,second,win
tb_887f651a_pixiux_ptcg-mega-lucario-ex-v62,OFF,296,first,loss
tb_887f651a_pixiux_ptcg-mega-lucario-ex-v62,OFF,297,second,loss
tb_887f651a_pixiux_ptcg-mega-lucario-ex-v62,OFF,298,first,win
tb_887f651a_pixiux_ptcg-mega-lucario-ex-v62,OFF,299,second,loss
tb_887f651a_pixiux_ptcg-mega-lucario-ex-v62,OFF,300,first,loss
tb_887f651a_pixiux_ptcg-mega-lucario-ex-v62,OFF,301,second,win
tb_887f651a_pixiux_ptcg-mega-lucario-ex-v62,OFF,302,first,loss
tb_887f651a_pixiux_ptcg-mega-lucario-ex-v62,OFF,303,second,win
tb_887f651a_pixiux_ptcg-mega-lucario-ex-v62,OFF,304,first,loss
tb_887f651a_pixiux_ptcg-mega-lucario-ex-v62,OFF,305,second,loss
tb_887f651a_pixiux_ptcg-mega-lucario-ex-v62,OFF,306,first,loss
tb_887f651a_pixiux_ptcg-mega-lucario-ex-v62,OFF,307,second,loss
tb_887f651a_pixiux_ptcg-mega-lucario-ex-v62,OFF,308,first,win
tb_887f651a_pixiux_ptcg-mega-lucario-ex-v62,OFF,309,second,loss
tb_887f651a_pixiux_ptcg-mega-lucario-ex-v62,OFF,310,first,loss
tb_887f651a_pixiux_ptcg-mega-lucario-ex-v62,OFF,311,second,loss
tb_887f651a_pixiux_ptcg-mega-lucario-ex-v62,OFF,312,first,loss
tb_887f651a_pixiux_ptcg-mega-lucario-ex-v62,OFF,313,second,loss
tb_887f651a_pixiux_ptcg-mega-lucario-ex-v62,OFF,314,first,loss
tb_887f651a_pixiux_ptcg-mega-lucario-ex-v62,OFF,315,second,loss
tb_887f651a_pixiux_ptcg-mega-lucario-ex-v62,OFF,316,first,win
tb_887f651a_pixiux_ptcg-mega-lucario-ex-v62,OFF,317,second,win
tb_887f651a_pixiux_ptcg-mega-lucario-ex-v62,OFF,318,first,win
tb_887f651a_pixiux_ptcg-mega-lucario-ex-v62,OFF,319,second,win
tb_887f651a_pixiux_ptcg-mega-lucario-ex-v62,OFF,320,first,loss
tb_887f651a_pixiux_ptcg-mega-lucario-ex-v62,OFF,321,second,loss
tb_887f651a_pixiux_ptcg-mega-lucario-ex-v62,OFF,322,first,loss
tb_887f651a_pixiux_ptcg-mega-lucario-ex-v62,OFF,323,second,win
tb_887f651a_pixiux_ptcg-mega-lucario-ex-v62,OFF,324,first,win
tb_887f651a_pixiux_ptcg-mega-lucario-ex-v62,OFF,325,second,loss
tb_887f651a_pixiux_ptcg-mega-lucario-ex-v62,OFF,326,first,loss
tb_887f651a_pixiux_ptcg-mega-lucario-ex-v62,OFF,327,second,loss
tb_887f651a_pixiux_ptcg-mega-lucario-ex-v62,OFF,328,first,loss
tb_887f651a_pixiux_ptcg-mega-lucario-ex-v62,OFF,329,second,loss
tb_887f651a_pixiux_ptcg-mega-lucario-ex-v62,OFF,330,first,loss
tb_887f651a_pixiux_ptcg-mega-lucario-ex-v62,OFF,331,second,loss
tb_887f651a_pixiux_ptcg-mega-lucario-ex-v62,OFF,332,first,loss
tb_887f651a_pixiux_ptcg-mega-lucario-ex-v62,OFF,333,second,loss
tb_887f651a_pixiux_ptcg-mega-lucario-ex-v62,OFF,334,first,loss
tb_887f651a_pixiux_ptcg-mega-lucario-ex-v62,OFF,335,second,loss
tb_887f651a_pixiux_ptcg-mega-lucario-ex-v62,OFF,336,first,win
tb_887f651a_pixiux_ptcg-mega-lucario-ex-v62,OFF,337,second,loss
tb_887f651a_pixiux_ptcg-mega-lucario-ex-v62,OFF,338,first,win
tb_887f651a_pixiux_ptcg-mega-lucario-ex-v62,OFF,339,second,win
tb_887f651a_pixiux_ptcg-mega-lucario-ex-v62,OFF,340,first,win
tb_887f651a_pixiux_ptcg-mega-lucario-ex-v62,OFF,341,second,loss
tb_887f651a_pixiux_ptcg-mega-lucario-ex-v62,OFF,342,first,loss
tb_887f651a_pixiux_ptcg-mega-lucario-ex-v62,OFF,343,second,loss
tb_887f651a_pixiux_ptcg-mega-lucario-ex-v62,OFF,344,first,win
tb_887f651a_pixiux_ptcg-mega-lucario-ex-v62,OFF,345,second,win
tb_887f651a_pixiux_ptcg-mega-lucario-ex-v62,OFF,346,first,win
tb_887f651a_pixiux_ptcg-mega-lucario-ex-v62,OFF,347,second,win
tb_887f651a_pixiux_ptcg-mega-lucario-ex-v62,OFF,348,first,win
tb_887f651a_pixiux_ptcg-mega-lucario-ex-v62,OFF,349,second,loss
tb_887f651a_pixiux_ptcg-mega-lucario-ex-v62,OFF,350,first,win
tb_887f651a_pixiux_ptcg-mega-lucario-ex-v62,OFF,351,second,loss
tb_887f651a_pixiux_ptcg-mega-lucario-ex-v62,OFF,352,first,win
tb_887f651a_pixiux_ptcg-mega-lucario-ex-v62,OFF,353,second,loss
tb_887f651a_pixiux_ptcg-mega-lucario-ex-v62,OFF,354,first,win
tb_887f651a_pixiux_ptcg-mega-lucario-ex-v62,OFF,355,second,loss
tb_887f651a_pixiux_ptcg-mega-lucario-ex-v62,OFF,356,first,draw
tb_887f651a_pixiux_ptcg-mega-lucario-ex-v62,OFF,357,second,loss
tb_887f651a_pixiux_ptcg-mega-lucario-ex-v62,OFF,358,first,loss
tb_887f651a_pixiux_ptcg-mega-lucario-ex-v62,OFF,359,second,loss
tb_887f651a_pixiux_ptcg-mega-lucario-ex-v62,OFF,360,first,win
tb_887f651a_pixiux_ptcg-mega-lucario-ex-v62,OFF,361,second,loss
tb_887f651a_pixiux_ptcg-mega-lucario-ex-v62,OFF,362,first,win
tb_887f651a_pixiux_ptcg-mega-lucario-ex-v62,OFF,363,second,loss
tb_887f651a_pixiux_ptcg-mega-lucario-ex-v62,OFF,364,first,win
tb_887f651a_pixiux_ptcg-mega-lucario-ex-v62,OFF,365,second,loss
tb_887f651a_pixiux_ptcg-mega-lucario-ex-v62,OFF,366,first,loss
tb_887f651a_pixiux_ptcg-mega-lucario-ex-v62,OFF,367,second,loss
tb_887f651a_pixiux_ptcg-mega-lucario-ex-v62,OFF,368,first,win
tb_887f651a_pixiux_ptcg-mega-lucario-ex-v62,OFF,369,second,win
tb_887f651a_pixiux_ptcg-mega-lucario-ex-v62,OFF,370,first,loss
tb_887f651a_pixiux_ptcg-mega-lucario-ex-v62,OFF,371,second,loss
tb_887f651a_pixiux_ptcg-mega-lucario-ex-v62,OFF,372,first,win
tb_887f651a_pixiux_ptcg-mega-lucario-ex-v62,OFF,373,second,loss
tb_887f651a_pixiux_ptcg-mega-lucario-ex-v62,OFF,374,first,loss
tb_887f651a_pixiux_ptcg-mega-lucario-ex-v62,OFF,375,second,win
tb_887f651a_pixiux_ptcg-mega-lucario-ex-v62,OFF,376,first,win
tb_887f651a_pixiux_ptcg-mega-lucario-ex-v62,OFF,377,second,loss
tb_887f651a_pixiux_ptcg-mega-lucario-ex-v62,OFF,378,first,win
tb_887f651a_pixiux_ptcg-mega-lucario-ex-v62,OFF,379,second,loss
tb_887f651a_pixiux_ptcg-mega-lucario-ex-v62,OFF,380,first,win
tb_887f651a_pixiux_ptcg-mega-lucario-ex-v62,OFF,381,second,win
tb_887f651a_pixiux_ptcg-mega-lucario-ex-v62,OFF,382,first,win
tb_887f651a_pixiux_ptcg-mega-lucario-ex-v62,OFF,383,second,loss
tb_887f651a_pixiux_ptcg-mega-lucario-ex-v62,OFF,384,first,win
tb_887f651a_pixiux_ptcg-mega-lucario-ex-v62,OFF,385,second,win
tb_887f651a_pixiux_ptcg-mega-lucario-ex-v62,OFF,386,first,win
tb_887f651a_pixiux_ptcg-mega-lucario-ex-v62,OFF,387,second,loss
tb_887f651a_pixiux_ptcg-mega-lucario-ex-v62,OFF,388,first,win
tb_887f651a_pixiux_ptcg-mega-lucario-ex-v62,OFF,389,second,loss
tb_887f651a_pixiux_ptcg-mega-lucario-ex-v62,OFF,390,first,loss
tb_887f651a_pixiux_ptcg-mega-lucario-ex-v62,OFF,391,second,win
tb_887f651a_pixiux_ptcg-mega-lucario-ex-v62,OFF,392,first,win
tb_887f651a_pixiux_ptcg-mega-lucario-ex-v62,OFF,393,second,loss
tb_887f651a_pixiux_ptcg-mega-lucario-ex-v62,OFF,394,first,win
tb_887f651a_pixiux_ptcg-mega-lucario-ex-v62,OFF,395,second,loss
tb_887f651a_pixiux_ptcg-mega-lucario-ex-v62,OFF,396,first,win
tb_887f651a_pixiux_ptcg-mega-lucario-ex-v62,OFF,397,second,win
tb_887f651a_pixiux_ptcg-mega-lucario-ex-v62,OFF,398,first,win
tb_887f651a_pixiux_ptcg-mega-lucario-ex-v62,OFF,399,second,win
tb_887f651a_pixiux_ptcg-mega-lucario-ex-v62,OFF,400,first,win
tb_887f651a_pixiux_ptcg-mega-lucario-ex-v62,OFF,401,second,win
tb_887f651a_pixiux_ptcg-mega-lucario-ex-v62,OFF,402,first,win
tb_887f651a_pixiux_ptcg-mega-lucario-ex-v62,OFF,403,second,loss
tb_887f651a_pixiux_ptcg-mega-lucario-ex-v62,OFF,404,first,loss
tb_887f651a_pixiux_ptcg-mega-lucario-ex-v62,OFF,405,second,loss
tb_887f651a_pixiux_ptcg-mega-lucario-ex-v62,OFF,406,first,loss
tb_887f651a_pixiux_ptcg-mega-lucario-ex-v62,OFF,407,second,win
tb_887f651a_pixiux_ptcg-mega-lucario-ex-v62,OFF,408,first,loss
tb_887f651a_pixiux_ptcg-mega-lucario-ex-v62,OFF,409,second,win
tb_887f651a_pixiux_ptcg-mega-lucario-ex-v62,OFF,410,first,loss
tb_887f651a_pixiux_ptcg-mega-lucario-ex-v62,OFF,411,second,loss
tb_887f651a_pixiux_ptcg-mega-lucario-ex-v62,OFF,412,first,loss
tb_887f651a_pixiux_ptcg-mega-lucario-ex-v62,OFF,413,second,win
tb_887f651a_pixiux_ptcg-mega-lucario-ex-v62,OFF,414,first,win
tb_887f651a_pixiux_ptcg-mega-lucario-ex-v62,OFF,415,second,loss
tb_887f651a_pixiux_ptcg-mega-lucario-ex-v62,OFF,416,first,win
tb_887f651a_pixiux_ptcg-mega-lucario-ex-v62,OFF,417,second,loss
tb_887f651a_pixiux_ptcg-mega-lucario-ex-v62,OFF,418,first,loss
tb_887f651a_pixiux_ptcg-mega-lucario-ex-v62,OFF,419,second,win
tb_887f651a_pixiux_ptcg-mega-lucario-ex-v62,OFF,420,first,loss
tb_887f651a_pixiux_ptcg-mega-lucario-ex-v62,OFF,421,second,win
tb_887f651a_pixiux_ptcg-mega-lucario-ex-v62,OFF,422,first,win
tb_887f651a_pixiux_ptcg-mega-lucario-ex-v62,OFF,423,second,loss
tb_887f651a_pixiux_ptcg-mega-lucario-ex-v62,OFF,424,first,loss
tb_887f651a_pixiux_ptcg-mega-lucario-ex-v62,OFF,425,second,loss
tb_887f651a_pixiux_ptcg-mega-lucario-ex-v62,OFF,426,first,loss
tb_887f651a_pixiux_ptcg-mega-lucario-ex-v62,OFF,427,second,win
tb_887f651a_pixiux_ptcg-mega-lucario-ex-v62,OFF,428,first,loss
tb_887f651a_pixiux_ptcg-mega-lucario-ex-v62,OFF,429,second,loss
tb_887f651a_pixiux_ptcg-mega-lucario-ex-v62,OFF,430,first,win
tb_887f651a_pixiux_ptcg-mega-lucario-ex-v62,OFF,431,second,win
tb_887f651a_pixiux_ptcg-mega-lucario-ex-v62,OFF,432,first,loss
tb_887f651a_pixiux_ptcg-mega-lucario-ex-v62,OFF,433,second,loss
tb_887f651a_pixiux_ptcg-mega-lucario-ex-v62,OFF,434,first,loss
tb_887f651a_pixiux_ptcg-mega-lucario-ex-v62,OFF,435,second,loss
tb_887f651a_pixiux_ptcg-mega-lucario-ex-v62,OFF,436,first,win
tb_887f651a_pixiux_ptcg-mega-lucario-ex-v62,OFF,437,second,loss
tb_887f651a_pixiux_ptcg-mega-lucario-ex-v62,OFF,438,first,loss
tb_887f651a_pixiux_ptcg-mega-lucario-ex-v62,OFF,439,second,win
tb_887f651a_pixiux_ptcg-mega-lucario-ex-v62,OFF,440,first,loss
tb_887f651a_pixiux_ptcg-mega-lucario-ex-v62,OFF,441,second,loss
tb_887f651a_pixiux_ptcg-mega-lucario-ex-v62,OFF,442,first,loss
tb_887f651a_pixiux_ptcg-mega-lucario-ex-v62,OFF,443,second,loss
tb_887f651a_pixiux_ptcg-mega-lucario-ex-v62,OFF,444,first,win
tb_887f651a_pixiux_ptcg-mega-lucario-ex-v62,OFF,445,second,loss
tb_887f651a_pixiux_ptcg-mega-lucario-ex-v62,OFF,446,first,loss
tb_887f651a_pixiux_ptcg-mega-lucario-ex-v62,OFF,447,second,loss
tb_887f651a_pixiux_ptcg-mega-lucario-ex-v62,OFF,448,first,win
tb_887f651a_pixiux_ptcg-mega-lucario-ex-v62,OFF,449,second,loss
tb_887f651a_pixiux_ptcg-mega-lucario-ex-v62,OFF,450,first,loss
tb_887f651a_pixiux_ptcg-mega-lucario-ex-v62,OFF,451,second,win
tb_887f651a_pixiux_ptcg-mega-lucario-ex-v62,OFF,452,first,loss
tb_887f651a_pixiux_ptcg-mega-lucario-ex-v62,OFF,453,second,loss
tb_887f651a_pixiux_ptcg-mega-lucario-ex-v62,OFF,454,first,loss
tb_887f651a_pixiux_ptcg-mega-lucario-ex-v62,OFF,455,second,loss
tb_887f651a_pixiux_ptcg-mega-lucario-ex-v62,OFF,456,first,win
tb_887f651a_pixiux_ptcg-mega-lucario-ex-v62,OFF,457,second,loss
tb_887f651a_pixiux_ptcg-mega-lucario-ex-v62,OFF,458,first,loss
tb_887f651a_pixiux_ptcg-mega-lucario-ex-v62,OFF,459,second,loss
tb_887f651a_pixiux_ptcg-mega-lucario-ex-v62,OFF,460,first,loss
tb_887f651a_pixiux_ptcg-mega-lucario-ex-v62,OFF,461,second,loss
tb_887f651a_pixiux_ptcg-mega-lucario-ex-v62,OFF,462,first,loss
tb_887f651a_pixiux_ptcg-mega-lucario-ex-v62,OFF,463,second,loss
tb_887f651a_pixiux_ptcg-mega-lucario-ex-v62,OFF,464,first,win
tb_887f651a_pixiux_ptcg-mega-lucario-ex-v62,OFF,465,second,win
tb_887f651a_pixiux_ptcg-mega-lucario-ex-v62,OFF,466,first,loss
tb_887f651a_pixiux_ptcg-mega-lucario-ex-v62,OFF,467,second,win
tb_887f651a_pixiux_ptcg-mega-lucario-ex-v62,OFF,468,first,loss
tb_887f651a_pixiux_ptcg-mega-lucario-ex-v62,OFF,469,second,win
tb_887f651a_pixiux_ptcg-mega-lucario-ex-v62,OFF,470,first,win
tb_887f651a_pixiux_ptcg-mega-lucario-ex-v62,OFF,471,second,win
tb_887f651a_pixiux_ptcg-mega-lucario-ex-v62,OFF,472,first,loss
tb_887f651a_pixiux_ptcg-mega-lucario-ex-v62,OFF,473,second,loss
tb_887f651a_pixiux_ptcg-mega-lucario-ex-v62,OFF,474,first,win
tb_887f651a_pixiux_ptcg-mega-lucario-ex-v62,OFF,475,second,win
tb_887f651a_pixiux_ptcg-mega-lucario-ex-v62,OFF,476,first,win
tb_887f651a_pixiux_ptcg-mega-lucario-ex-v62,OFF,477,second,win
tb_887f651a_pixiux_ptcg-mega-lucario-ex-v62,OFF,478,first,loss
tb_887f651a_pixiux_ptcg-mega-lucario-ex-v62,OFF,479,second,win
tb_887f651a_pixiux_ptcg-mega-lucario-ex-v62,OFF,480,first,loss
tb_887f651a_pixiux_ptcg-mega-lucario-ex-v62,OFF,481,second,loss
tb_887f651a_pixiux_ptcg-mega-lucario-ex-v62,OFF,482,first,loss
tb_887f651a_pixiux_ptcg-mega-lucario-ex-v62,OFF,483,second,win
tb_887f651a_pixiux_ptcg-mega-lucario-ex-v62,OFF,484,first,win
tb_887f651a_pixiux_ptcg-mega-lucario-ex-v62,OFF,485,second,loss
tb_887f651a_pixiux_ptcg-mega-lucario-ex-v62,OFF,486,first,win
tb_887f651a_pixiux_ptcg-mega-lucario-ex-v62,OFF,487,second,win
tb_887f651a_pixiux_ptcg-mega-lucario-ex-v62,OFF,488,first,win
tb_887f651a_pixiux_ptcg-mega-lucario-ex-v62,OFF,489,second,loss
tb_887f651a_pixiux_ptcg-mega-lucario-ex-v62,OFF,490,first,loss
tb_887f651a_pixiux_ptcg-mega-lucario-ex-v62,OFF,491,second,win
tb_887f651a_pixiux_ptcg-mega-lucario-ex-v62,OFF,492,first,win
tb_887f651a_pixiux_ptcg-mega-lucario-ex-v62,OFF,493,second,loss
tb_887f651a_pixiux_ptcg-mega-lucario-ex-v62,OFF,494,first,win
tb_887f651a_pixiux_ptcg-mega-lucario-ex-v62,OFF,495,second,loss
tb_887f651a_pixiux_ptcg-mega-lucario-ex-v62,OFF,496,first,loss
tb_887f651a_pixiux_ptcg-mega-lucario-ex-v62,OFF,497,second,win
tb_887f651a_pixiux_ptcg-mega-lucario-ex-v62,OFF,498,first,win
tb_887f651a_pixiux_ptcg-mega-lucario-ex-v62,OFF,499,second,loss
tb_887f651a_pixiux_ptcg-mega-lucario-ex-v62,OFF,500,first,win
tb_887f651a_pixiux_ptcg-mega-lucario-ex-v62,OFF,501,second,win
tb_887f651a_pixiux_ptcg-mega-lucario-ex-v62,OFF,502,first,win
tb_887f651a_pixiux_ptcg-mega-lucario-ex-v62,OFF,503,second,loss
tb_887f651a_pixiux_ptcg-mega-lucario-ex-v62,OFF,504,first,loss
tb_887f651a_pixiux_ptcg-mega-lucario-ex-v62,OFF,505,second,loss
tb_887f651a_pixiux_ptcg-mega-lucario-ex-v62,OFF,506,first,loss
tb_887f651a_pixiux_ptcg-mega-lucario-ex-v62,OFF,507,second,loss
tb_887f651a_pixiux_ptcg-mega-lucario-ex-v62,OFF,508,first,loss
tb_887f651a_pixiux_ptcg-mega-lucario-ex-v62,OFF,509,second,loss
tb_887f651a_pixiux_ptcg-mega-lucario-ex-v62,OFF,510,first,win
tb_887f651a_pixiux_ptcg-mega-lucario-ex-v62,OFF,511,second,win
tb_887f651a_pixiux_ptcg-mega-lucario-ex-v62,OFF,512,first,loss
tb_887f651a_pixiux_ptcg-mega-lucario-ex-v62,OFF,513,second,win
tb_887f651a_pixiux_ptcg-mega-lucario-ex-v62,OFF,514,first,win
tb_887f651a_pixiux_ptcg-mega-lucario-ex-v62,OFF,515,second,win
tb_887f651a_pixiux_ptcg-mega-lucario-ex-v62,OFF,516,first,win
tb_887f651a_pixiux_ptcg-mega-lucario-ex-v62,OFF,517,second,win
tb_887f651a_pixiux_ptcg-mega-lucario-ex-v62,OFF,518,first,win
tb_887f651a_pixiux_ptcg-mega-lucario-ex-v62,OFF,519,second,win
tb_887f651a_pixiux_ptcg-mega-lucario-ex-v62,OFF,520,first,win
tb_887f651a_pixiux_ptcg-mega-lucario-ex-v62,OFF,521,second,loss
tb_887f651a_pixiux_ptcg-mega-lucario-ex-v62,OFF,522,first,loss
tb_887f651a_pixiux_ptcg-mega-lucario-ex-v62,OFF,523,second,loss
tb_887f651a_pixiux_ptcg-mega-lucario-ex-v62,OFF,524,first,win
tb_887f651a_pixiux_ptcg-mega-lucario-ex-v62,OFF,525,second,loss
tb_887f651a_pixiux_ptcg-mega-lucario-ex-v62,OFF,526,first,win
tb_887f651a_pixiux_ptcg-mega-lucario-ex-v62,OFF,527,second,win
tb_887f651a_pixiux_ptcg-mega-lucario-ex-v62,OFF,528,first,loss
tb_887f651a_pixiux_ptcg-mega-lucario-ex-v62,OFF,529,second,win
tb_887f651a_pixiux_ptcg-mega-lucario-ex-v62,OFF,530,first,win
tb_887f651a_pixiux_ptcg-mega-lucario-ex-v62,OFF,531,second,win
tb_887f651a_pixiux_ptcg-mega-lucario-ex-v62,OFF,532,first,win
tb_887f651a_pixiux_ptcg-mega-lucario-ex-v62,OFF,533,second,loss
tb_887f651a_pixiux_ptcg-mega-lucario-ex-v62,OFF,534,first,loss
tb_887f651a_pixiux_ptcg-mega-lucario-ex-v62,OFF,535,second,win
tb_887f651a_pixiux_ptcg-mega-lucario-ex-v62,OFF,536,first,win
tb_887f651a_pixiux_ptcg-mega-lucario-ex-v62,OFF,537,second,win
tb_887f651a_pixiux_ptcg-mega-lucario-ex-v62,OFF,538,first,loss
tb_887f651a_pixiux_ptcg-mega-lucario-ex-v62,OFF,539,second,win
tb_887f651a_pixiux_ptcg-mega-lucario-ex-v62,OFF,540,first,win
tb_887f651a_pixiux_ptcg-mega-lucario-ex-v62,OFF,541,second,win
tb_887f651a_pixiux_ptcg-mega-lucario-ex-v62,OFF,542,first,loss
tb_887f651a_pixiux_ptcg-mega-lucario-ex-v62,OFF,543,second,win
tb_887f651a_pixiux_ptcg-mega-lucario-ex-v62,OFF,544,first,loss
tb_887f651a_pixiux_ptcg-mega-lucario-ex-v62,OFF,545,second,loss
tb_887f651a_pixiux_ptcg-mega-lucario-ex-v62,OFF,546,first,loss
tb_887f651a_pixiux_ptcg-mega-lucario-ex-v62,OFF,547,second,win
tb_887f651a_pixiux_ptcg-mega-lucario-ex-v62,OFF,548,first,loss
tb_887f651a_pixiux_ptcg-mega-lucario-ex-v62,OFF,549,second,win
tb_887f651a_pixiux_ptcg-mega-lucario-ex-v62,OFF,550,first,win
tb_887f651a_pixiux_ptcg-mega-lucario-ex-v62,OFF,551,second,win
tb_887f651a_pixiux_ptcg-mega-lucario-ex-v62,OFF,552,first,loss
tb_887f651a_pixiux_ptcg-mega-lucario-ex-v62,OFF,553,second,win
tb_887f651a_pixiux_ptcg-mega-lucario-ex-v62,OFF,554,first,win
tb_887f651a_pixiux_ptcg-mega-lucario-ex-v62,OFF,555,second,loss
tb_887f651a_pixiux_ptcg-mega-lucario-ex-v62,OFF,556,first,loss
tb_887f651a_pixiux_ptcg-mega-lucario-ex-v62,OFF,557,second,loss
tb_887f651a_pixiux_ptcg-mega-lucario-ex-v62,OFF,558,first,win
tb_887f651a_pixiux_ptcg-mega-lucario-ex-v62,OFF,559,second,loss
tb_887f651a_pixiux_ptcg-mega-lucario-ex-v62,OFF,560,first,loss
tb_887f651a_pixiux_ptcg-mega-lucario-ex-v62,OFF,561,second,loss
tb_887f651a_pixiux_ptcg-mega-lucario-ex-v62,OFF,562,first,win
tb_887f651a_pixiux_ptcg-mega-lucario-ex-v62,OFF,563,second,loss
tb_887f651a_pixiux_ptcg-mega-lucario-ex-v62,OFF,564,first,loss
tb_887f651a_pixiux_ptcg-mega-lucario-ex-v62,OFF,565,second,loss
tb_887f651a_pixiux_ptcg-mega-lucario-ex-v62,OFF,566,first,win
tb_887f651a_pixiux_ptcg-mega-lucario-ex-v62,OFF,567,second,win
tb_887f651a_pixiux_ptcg-mega-lucario-ex-v62,OFF,568,first,loss
tb_887f651a_pixiux_ptcg-mega-lucario-ex-v62,OFF,569,second,win
tb_887f651a_pixiux_ptcg-mega-lucario-ex-v62,OFF,570,first,loss
tb_887f651a_pixiux_ptcg-mega-lucario-ex-v62,OFF,571,second,loss
tb_887f651a_pixiux_ptcg-mega-lucario-ex-v62,OFF,572,first,loss
tb_887f651a_pixiux_ptcg-mega-lucario-ex-v62,OFF,573,second,win
tb_887f651a_pixiux_ptcg-mega-lucario-ex-v62,OFF,574,first,win
tb_887f651a_pixiux_ptcg-mega-lucario-ex-v62,OFF,575,second,loss
tb_887f651a_pixiux_ptcg-mega-lucario-ex-v62,OFF,576,first,loss
tb_887f651a_pixiux_ptcg-mega-lucario-ex-v62,OFF,577,second,loss
tb_887f651a_pixiux_ptcg-mega-lucario-ex-v62,OFF,578,first,win
tb_887f651a_pixiux_ptcg-mega-lucario-ex-v62,OFF,579,second,loss
tb_887f651a_pixiux_ptcg-mega-lucario-ex-v62,OFF,580,first,loss
tb_887f651a_pixiux_ptcg-mega-lucario-ex-v62,OFF,581,second,win
tb_887f651a_pixiux_ptcg-mega-lucario-ex-v62,OFF,582,first,loss
tb_887f651a_pixiux_ptcg-mega-lucario-ex-v62,OFF,583,second,win
tb_887f651a_pixiux_ptcg-mega-lucario-ex-v62,OFF,584,first,win
tb_887f651a_pixiux_ptcg-mega-lucario-ex-v62,OFF,585,second,loss
tb_887f651a_pixiux_ptcg-mega-lucario-ex-v62,OFF,586,first,loss
tb_887f651a_pixiux_ptcg-mega-lucario-ex-v62,OFF,587,second,win
tb_887f651a_pixiux_ptcg-mega-lucario-ex-v62,OFF,588,first,loss
tb_887f651a_pixiux_ptcg-mega-lucario-ex-v62,OFF,589,second,win
tb_887f651a_pixiux_ptcg-mega-lucario-ex-v62,OFF,590,first,win
tb_887f651a_pixiux_ptcg-mega-lucario-ex-v62,OFF,591,second,loss
tb_887f651a_pixiux_ptcg-mega-lucario-ex-v62,OFF,592,first,loss
tb_887f651a_pixiux_ptcg-mega-lucario-ex-v62,OFF,593,second,win
tb_887f651a_pixiux_ptcg-mega-lucario-ex-v62,OFF,594,first,loss
tb_887f651a_pixiux_ptcg-mega-lucario-ex-v62,OFF,595,second,win
tb_887f651a_pixiux_ptcg-mega-lucario-ex-v62,OFF,596,first,win
tb_887f651a_pixiux_ptcg-mega-lucario-ex-v62,OFF,597,second,win
tb_887f651a_pixiux_ptcg-mega-lucario-ex-v62,OFF,598,first,loss
tb_887f651a_pixiux_ptcg-mega-lucario-ex-v62,OFF,599,second,loss
tb_887f651a_pixiux_ptcg-mega-lucario-ex-v62,ON,0,first,win
tb_887f651a_pixiux_ptcg-mega-lucario-ex-v62,ON,1,second,win
tb_887f651a_pixiux_ptcg-mega-lucario-ex-v62,ON,2,first,win
tb_887f651a_pixiux_ptcg-mega-lucario-ex-v62,ON,3,second,loss
tb_887f651a_pixiux_ptcg-mega-lucario-ex-v62,ON,4,first,win
tb_887f651a_pixiux_ptcg-mega-lucario-ex-v62,ON,5,second,loss
tb_887f651a_pixiux_ptcg-mega-lucario-ex-v62,ON,6,first,loss
tb_887f651a_pixiux_ptcg-mega-lucario-ex-v62,ON,7,second,loss
tb_887f651a_pixiux_ptcg-mega-lucario-ex-v62,ON,8,first,win
tb_887f651a_pixiux_ptcg-mega-lucario-ex-v62,ON,9,second,win
tb_887f651a_pixiux_ptcg-mega-lucario-ex-v62,ON,10,first,win
tb_887f651a_pixiux_ptcg-mega-lucario-ex-v62,ON,11,second,loss
tb_887f651a_pixiux_ptcg-mega-lucario-ex-v62,ON,12,first,win
tb_887f651a_pixiux_ptcg-mega-lucario-ex-v62,ON,13,second,loss
tb_887f651a_pixiux_ptcg-mega-lucario-ex-v62,ON,14,first,win
tb_887f651a_pixiux_ptcg-mega-lucario-ex-v62,ON,15,second,loss
tb_887f651a_pixiux_ptcg-mega-lucario-ex-v62,ON,16,first,loss
tb_887f651a_pixiux_ptcg-mega-lucario-ex-v62,ON,17,second,loss
tb_887f651a_pixiux_ptcg-mega-lucario-ex-v62,ON,18,first,loss
tb_887f651a_pixiux_ptcg-mega-lucario-ex-v62,ON,19,second,win
tb_887f651a_pixiux_ptcg-mega-lucario-ex-v62,ON,20,first,loss
tb_887f651a_pixiux_ptcg-mega-lucario-ex-v62,ON,21,second,loss
tb_887f651a_pixiux_ptcg-mega-lucario-ex-v62,ON,22,first,loss
tb_887f651a_pixiux_ptcg-mega-lucario-ex-v62,ON,23,second,win
tb_887f651a_pixiux_ptcg-mega-lucario-ex-v62,ON,24,first,loss
tb_887f651a_pixiux_ptcg-mega-lucario-ex-v62,ON,25,second,win
tb_887f651a_pixiux_ptcg-mega-lucario-ex-v62,ON,26,first,win
tb_887f651a_pixiux_ptcg-mega-lucario-ex-v62,ON,27,second,loss
tb_887f651a_pixiux_ptcg-mega-lucario-ex-v62,ON,28,first,loss
tb_887f651a_pixiux_ptcg-mega-lucario-ex-v62,ON,29,second,loss
tb_887f651a_pixiux_ptcg-mega-lucario-ex-v62,ON,30,first,win
tb_887f651a_pixiux_ptcg-mega-lucario-ex-v62,ON,31,second,loss
tb_887f651a_pixiux_ptcg-mega-lucario-ex-v62,ON,32,first,loss
tb_887f651a_pixiux_ptcg-mega-lucario-ex-v62,ON,33,second,loss
tb_887f651a_pixiux_ptcg-mega-lucario-ex-v62,ON,34,first,win
tb_887f651a_pixiux_ptcg-mega-lucario-ex-v62,ON,35,second,loss
tb_887f651a_pixiux_ptcg-mega-lucario-ex-v62,ON,36,first,win
tb_887f651a_pixiux_ptcg-mega-lucario-ex-v62,ON,37,second,loss
tb_887f651a_pixiux_ptcg-mega-lucario-ex-v62,ON,38,first,loss
tb_887f651a_pixiux_ptcg-mega-lucario-ex-v62,ON,39,second,win
tb_887f651a_pixiux_ptcg-mega-lucario-ex-v62,ON,40,first,loss
tb_887f651a_pixiux_ptcg-mega-lucario-ex-v62,ON,41,second,loss
tb_887f651a_pixiux_ptcg-mega-lucario-ex-v62,ON,42,first,win
tb_887f651a_pixiux_ptcg-mega-lucario-ex-v62,ON,43,second,loss
tb_887f651a_pixiux_ptcg-mega-lucario-ex-v62,ON,44,first,loss
tb_887f651a_pixiux_ptcg-mega-lucario-ex-v62,ON,45,second,win
tb_887f651a_pixiux_ptcg-mega-lucario-ex-v62,ON,46,first,loss
tb_887f651a_pixiux_ptcg-mega-lucario-ex-v62,ON,47,second,loss
tb_887f651a_pixiux_ptcg-mega-lucario-ex-v62,ON,48,first,loss
tb_887f651a_pixiux_ptcg-mega-lucario-ex-v62,ON,49,second,loss
tb_887f651a_pixiux_ptcg-mega-lucario-ex-v62,ON,50,first,loss
tb_887f651a_pixiux_ptcg-mega-lucario-ex-v62,ON,51,second,loss
tb_887f651a_pixiux_ptcg-mega-lucario-ex-v62,ON,52,first,loss
tb_887f651a_pixiux_ptcg-mega-lucario-ex-v62,ON,53,second,win
tb_887f651a_pixiux_ptcg-mega-lucario-ex-v62,ON,54,first,win
tb_887f651a_pixiux_ptcg-mega-lucario-ex-v62,ON,55,second,win
tb_887f651a_pixiux_ptcg-mega-lucario-ex-v62,ON,56,first,loss
tb_887f651a_pixiux_ptcg-mega-lucario-ex-v62,ON,57,second,win
tb_887f651a_pixiux_ptcg-mega-lucario-ex-v62,ON,58,first,win
tb_887f651a_pixiux_ptcg-mega-lucario-ex-v62,ON,59,second,loss
tb_887f651a_pixiux_ptcg-mega-lucario-ex-v62,ON,60,first,loss
tb_887f651a_pixiux_ptcg-mega-lucario-ex-v62,ON,61,second,loss
tb_887f651a_pixiux_ptcg-mega-lucario-ex-v62,ON,62,first,win
tb_887f651a_pixiux_ptcg-mega-lucario-ex-v62,ON,63,second,loss
tb_887f651a_pixiux_ptcg-mega-lucario-ex-v62,ON,64,first,win
tb_887f651a_pixiux_ptcg-mega-lucario-ex-v62,ON,65,second,draw
tb_887f651a_pixiux_ptcg-mega-lucario-ex-v62,ON,66,first,loss
tb_887f651a_pixiux_ptcg-mega-lucario-ex-v62,ON,67,second,win
tb_887f651a_pixiux_ptcg-mega-lucario-ex-v62,ON,68,first,win
tb_887f651a_pixiux_ptcg-mega-lucario-ex-v62,ON,69,second,loss
tb_887f651a_pixiux_ptcg-mega-lucario-ex-v62,ON,70,first,loss
tb_887f651a_pixiux_ptcg-mega-lucario-ex-v62,ON,71,second,loss
tb_887f651a_pixiux_ptcg-mega-lucario-ex-v62,ON,72,first,loss
tb_887f651a_pixiux_ptcg-mega-lucario-ex-v62,ON,73,second,loss
tb_887f651a_pixiux_ptcg-mega-lucario-ex-v62,ON,74,first,win
tb_887f651a_pixiux_ptcg-mega-lucario-ex-v62,ON,75,second,loss
tb_887f651a_pixiux_ptcg-mega-lucario-ex-v62,ON,76,first,loss
tb_887f651a_pixiux_ptcg-mega-lucario-ex-v62,ON,77,second,loss
tb_887f651a_pixiux_ptcg-mega-lucario-ex-v62,ON,78,first,win
tb_887f651a_pixiux_ptcg-mega-lucario-ex-v62,ON,79,second,loss
tb_887f651a_pixiux_ptcg-mega-lucario-ex-v62,ON,80,first,win
tb_887f651a_pixiux_ptcg-mega-lucario-ex-v62,ON,81,second,win
tb_887f651a_pixiux_ptcg-mega-lucario-ex-v62,ON,82,first,loss
tb_887f651a_pixiux_ptcg-mega-lucario-ex-v62,ON,83,second,loss
tb_887f651a_pixiux_ptcg-mega-lucario-ex-v62,ON,84,first,win
tb_887f651a_pixiux_ptcg-mega-lucario-ex-v62,ON,85,second,loss
tb_887f651a_pixiux_ptcg-mega-lucario-ex-v62,ON,86,first,win
tb_887f651a_pixiux_ptcg-mega-lucario-ex-v62,ON,87,second,loss
tb_887f651a_pixiux_ptcg-mega-lucario-ex-v62,ON,88,first,win
tb_887f651a_pixiux_ptcg-mega-lucario-ex-v62,ON,89,second,win
tb_887f651a_pixiux_ptcg-mega-lucario-ex-v62,ON,90,first,loss
tb_887f651a_pixiux_ptcg-mega-lucario-ex-v62,ON,91,second,loss
tb_887f651a_pixiux_ptcg-mega-lucario-ex-v62,ON,92,first,loss
tb_887f651a_pixiux_ptcg-mega-lucario-ex-v62,ON,93,second,win
tb_887f651a_pixiux_ptcg-mega-lucario-ex-v62,ON,94,first,loss
tb_887f651a_pixiux_ptcg-mega-lucario-ex-v62,ON,95,second,loss
tb_887f651a_pixiux_ptcg-mega-lucario-ex-v62,ON,96,first,loss
tb_887f651a_pixiux_ptcg-mega-lucario-ex-v62,ON,97,second,win
tb_887f651a_pixiux_ptcg-mega-lucario-ex-v62,ON,98,first,win
tb_887f651a_pixiux_ptcg-mega-lucario-ex-v62,ON,99,second,loss
tb_887f651a_pixiux_ptcg-mega-lucario-ex-v62,ON,100,first,win
tb_887f651a_pixiux_ptcg-mega-lucario-ex-v62,ON,101,second,loss
tb_887f651a_pixiux_ptcg-mega-lucario-ex-v62,ON,102,first,loss
tb_887f651a_pixiux_ptcg-mega-lucario-ex-v62,ON,103,second,loss
tb_887f651a_pixiux_ptcg-mega-lucario-ex-v62,ON,104,first,loss
tb_887f651a_pixiux_ptcg-mega-lucario-ex-v62,ON,105,second,loss
tb_887f651a_pixiux_ptcg-mega-lucario-ex-v62,ON,106,first,loss
tb_887f651a_pixiux_ptcg-mega-lucario-ex-v62,ON,107,second,win
tb_887f651a_pixiux_ptcg-mega-lucario-ex-v62,ON,108,first,win
tb_887f651a_pixiux_ptcg-mega-lucario-ex-v62,ON,109,second,loss
tb_887f651a_pixiux_ptcg-mega-lucario-ex-v62,ON,110,first,loss
tb_887f651a_pixiux_ptcg-mega-lucario-ex-v62,ON,111,second,loss
tb_887f651a_pixiux_ptcg-mega-lucario-ex-v62,ON,112,first,win
tb_887f651a_pixiux_ptcg-mega-lucario-ex-v62,ON,113,second,loss
tb_887f651a_pixiux_ptcg-mega-lucario-ex-v62,ON,114,first,loss
tb_887f651a_pixiux_ptcg-mega-lucario-ex-v62,ON,115,second,win
tb_887f651a_pixiux_ptcg-mega-lucario-ex-v62,ON,116,first,loss
tb_887f651a_pixiux_ptcg-mega-lucario-ex-v62,ON,117,second,win
tb_887f651a_pixiux_ptcg-mega-lucario-ex-v62,ON,118,first,loss
tb_887f651a_pixiux_ptcg-mega-lucario-ex-v62,ON,119,second,win
tb_887f651a_pixiux_ptcg-mega-lucario-ex-v62,ON,120,first,loss
tb_887f651a_pixiux_ptcg-mega-lucario-ex-v62,ON,121,second,loss
tb_887f651a_pixiux_ptcg-mega-lucario-ex-v62,ON,122,first,loss
tb_887f651a_pixiux_ptcg-mega-lucario-ex-v62,ON,123,second,loss
tb_887f651a_pixiux_ptcg-mega-lucario-ex-v62,ON,124,first,win
tb_887f651a_pixiux_ptcg-mega-lucario-ex-v62,ON,125,second,win
tb_887f651a_pixiux_ptcg-mega-lucario-ex-v62,ON,126,first,loss
tb_887f651a_pixiux_ptcg-mega-lucario-ex-v62,ON,127,second,loss
tb_887f651a_pixiux_ptcg-mega-lucario-ex-v62,ON,128,first,loss
tb_887f651a_pixiux_ptcg-mega-lucario-ex-v62,ON,129,second,loss
tb_887f651a_pixiux_ptcg-mega-lucario-ex-v62,ON,130,first,loss
tb_887f651a_pixiux_ptcg-mega-lucario-ex-v62,ON,131,second,win
tb_887f651a_pixiux_ptcg-mega-lucario-ex-v62,ON,132,first,loss
tb_887f651a_pixiux_ptcg-mega-lucario-ex-v62,ON,133,second,win
tb_887f651a_pixiux_ptcg-mega-lucario-ex-v62,ON,134,first,loss
tb_887f651a_pixiux_ptcg-mega-lucario-ex-v62,ON,135,second,win
tb_887f651a_pixiux_ptcg-mega-lucario-ex-v62,ON,136,first,win
tb_887f651a_pixiux_ptcg-mega-lucario-ex-v62,ON,137,second,loss
tb_887f651a_pixiux_ptcg-mega-lucario-ex-v62,ON,138,first,loss
tb_887f651a_pixiux_ptcg-mega-lucario-ex-v62,ON,139,second,loss
tb_887f651a_pixiux_ptcg-mega-lucario-ex-v62,ON,140,first,win
tb_887f651a_pixiux_ptcg-mega-lucario-ex-v62,ON,141,second,loss
tb_887f651a_pixiux_ptcg-mega-lucario-ex-v62,ON,142,first,loss
tb_887f651a_pixiux_ptcg-mega-lucario-ex-v62,ON,143,second,loss
tb_887f651a_pixiux_ptcg-mega-lucario-ex-v62,ON,144,first,loss
tb_887f651a_pixiux_ptcg-mega-lucario-ex-v62,ON,145,second,win
tb_887f651a_pixiux_ptcg-mega-lucario-ex-v62,ON,146,first,loss
tb_887f651a_pixiux_ptcg-mega-lucario-ex-v62,ON,147,second,win
tb_887f651a_pixiux_ptcg-mega-lucario-ex-v62,ON,148,first,loss
tb_887f651a_pixiux_ptcg-mega-lucario-ex-v62,ON,149,second,loss
tb_887f651a_pixiux_ptcg-mega-lucario-ex-v62,ON,150,first,loss
tb_887f651a_pixiux_ptcg-mega-lucario-ex-v62,ON,151,second,win
tb_887f651a_pixiux_ptcg-mega-lucario-ex-v62,ON,152,first,loss
tb_887f651a_pixiux_ptcg-mega-lucario-ex-v62,ON,153,second,loss
tb_887f651a_pixiux_ptcg-mega-lucario-ex-v62,ON,154,first,loss
tb_887f651a_pixiux_ptcg-mega-lucario-ex-v62,ON,155,second,win
tb_887f651a_pixiux_ptcg-mega-lucario-ex-v62,ON,156,first,loss
tb_887f651a_pixiux_ptcg-mega-lucario-ex-v62,ON,157,second,loss
tb_887f651a_pixiux_ptcg-mega-lucario-ex-v62,ON,158,first,loss
tb_887f651a_pixiux_ptcg-mega-lucario-ex-v62,ON,159,second,loss
tb_887f651a_pixiux_ptcg-mega-lucario-ex-v62,ON,160,first,loss
tb_887f651a_pixiux_ptcg-mega-lucario-ex-v62,ON,161,second,loss
tb_887f651a_pixiux_ptcg-mega-lucario-ex-v62,ON,162,first,win
tb_887f651a_pixiux_ptcg-mega-lucario-ex-v62,ON,163,second,win
tb_887f651a_pixiux_ptcg-mega-lucario-ex-v62,ON,164,first,win
tb_887f651a_pixiux_ptcg-mega-lucario-ex-v62,ON,165,second,win
tb_887f651a_pixiux_ptcg-mega-lucario-ex-v62,ON,166,first,loss
tb_887f651a_pixiux_ptcg-mega-lucario-ex-v62,ON,167,second,loss
tb_887f651a_pixiux_ptcg-mega-lucario-ex-v62,ON,168,first,loss
tb_887f651a_pixiux_ptcg-mega-lucario-ex-v62,ON,169,second,loss
tb_887f651a_pixiux_ptcg-mega-lucario-ex-v62,ON,170,first,win
tb_887f651a_pixiux_ptcg-mega-lucario-ex-v62,ON,171,second,win
tb_887f651a_pixiux_ptcg-mega-lucario-ex-v62,ON,172,first,win
tb_887f651a_pixiux_ptcg-mega-lucario-ex-v62,ON,173,second,win
tb_887f651a_pixiux_ptcg-mega-lucario-ex-v62,ON,174,first,loss
tb_887f651a_pixiux_ptcg-mega-lucario-ex-v62,ON,175,second,loss
tb_887f651a_pixiux_ptcg-mega-lucario-ex-v62,ON,176,first,loss
tb_887f651a_pixiux_ptcg-mega-lucario-ex-v62,ON,177,second,loss
tb_887f651a_pixiux_ptcg-mega-lucario-ex-v62,ON,178,first,loss
tb_887f651a_pixiux_ptcg-mega-lucario-ex-v62,ON,179,second,loss
tb_887f651a_pixiux_ptcg-mega-lucario-ex-v62,ON,180,first,win
tb_887f651a_pixiux_ptcg-mega-lucario-ex-v62,ON,181,second,win
tb_887f651a_pixiux_ptcg-mega-lucario-ex-v62,ON,182,first,win
tb_887f651a_pixiux_ptcg-mega-lucario-ex-v62,ON,183,second,loss
tb_887f651a_pixiux_ptcg-mega-lucario-ex-v62,ON,184,first,loss
tb_887f651a_pixiux_ptcg-mega-lucario-ex-v62,ON,185,second,loss
tb_887f651a_pixiux_ptcg-mega-lucario-ex-v62,ON,186,first,loss
tb_887f651a_pixiux_ptcg-mega-lucario-ex-v62,ON,187,second,loss
tb_887f651a_pixiux_ptcg-mega-lucario-ex-v62,ON,188,first,win
tb_887f651a_pixiux_ptcg-mega-lucario-ex-v62,ON,189,second,loss
tb_887f651a_pixiux_ptcg-mega-lucario-ex-v62,ON,190,first,win
tb_887f651a_pixiux_ptcg-mega-lucario-ex-v62,ON,191,second,loss
tb_887f651a_pixiux_ptcg-mega-lucario-ex-v62,ON,192,first,loss
tb_887f651a_pixiux_ptcg-mega-lucario-ex-v62,ON,193,second,win
tb_887f651a_pixiux_ptcg-mega-lucario-ex-v62,ON,194,first,loss
tb_887f651a_pixiux_ptcg-mega-lucario-ex-v62,ON,195,second,win
tb_887f651a_pixiux_ptcg-mega-lucario-ex-v62,ON,196,first,loss
tb_887f651a_pixiux_ptcg-mega-lucario-ex-v62,ON,197,second,loss
tb_887f651a_pixiux_ptcg-mega-lucario-ex-v62,ON,198,first,win
tb_887f651a_pixiux_ptcg-mega-lucario-ex-v62,ON,199,second,loss
tb_887f651a_pixiux_ptcg-mega-lucario-ex-v62,ON,200,first,loss
tb_887f651a_pixiux_ptcg-mega-lucario-ex-v62,ON,201,second,loss
tb_887f651a_pixiux_ptcg-mega-lucario-ex-v62,ON,202,first,loss
tb_887f651a_pixiux_ptcg-mega-lucario-ex-v62,ON,203,second,loss
tb_887f651a_pixiux_ptcg-mega-lucario-ex-v62,ON,204,first,win
tb_887f651a_pixiux_ptcg-mega-lucario-ex-v62,ON,205,second,loss
tb_887f651a_pixiux_ptcg-mega-lucario-ex-v62,ON,206,first,loss
tb_887f651a_pixiux_ptcg-mega-lucario-ex-v62,ON,207,second,loss
tb_887f651a_pixiux_ptcg-mega-lucario-ex-v62,ON,208,first,loss
tb_887f651a_pixiux_ptcg-mega-lucario-ex-v62,ON,209,second,win
tb_887f651a_pixiux_ptcg-mega-lucario-ex-v62,ON,210,first,win
tb_887f651a_pixiux_ptcg-mega-lucario-ex-v62,ON,211,second,loss
tb_887f651a_pixiux_ptcg-mega-lucario-ex-v62,ON,212,first,win
tb_887f651a_pixiux_ptcg-mega-lucario-ex-v62,ON,213,second,loss
tb_887f651a_pixiux_ptcg-mega-lucario-ex-v62,ON,214,first,loss
tb_887f651a_pixiux_ptcg-mega-lucario-ex-v62,ON,215,second,loss
tb_887f651a_pixiux_ptcg-mega-lucario-ex-v62,ON,216,first,loss
tb_887f651a_pixiux_ptcg-mega-lucario-ex-v62,ON,217,second,loss
tb_887f651a_pixiux_ptcg-mega-lucario-ex-v62,ON,218,first,win
tb_887f651a_pixiux_ptcg-mega-lucario-ex-v62,ON,219,second,loss
tb_887f651a_pixiux_ptcg-mega-lucario-ex-v62,ON,220,first,loss
tb_887f651a_pixiux_ptcg-mega-lucario-ex-v62,ON,221,second,win
tb_887f651a_pixiux_ptcg-mega-lucario-ex-v62,ON,222,first,win
tb_887f651a_pixiux_ptcg-mega-lucario-ex-v62,ON,223,second,win
tb_887f651a_pixiux_ptcg-mega-lucario-ex-v62,ON,224,first,win
tb_887f651a_pixiux_ptcg-mega-lucario-ex-v62,ON,225,second,loss
tb_887f651a_pixiux_ptcg-mega-lucario-ex-v62,ON,226,first,win
tb_887f651a_pixiux_ptcg-mega-lucario-ex-v62,ON,227,second,win
tb_887f651a_pixiux_ptcg-mega-lucario-ex-v62,ON,228,first,loss
tb_887f651a_pixiux_ptcg-mega-lucario-ex-v62,ON,229,second,win
tb_887f651a_pixiux_ptcg-mega-lucario-ex-v62,ON,230,first,loss
tb_887f651a_pixiux_ptcg-mega-lucario-ex-v62,ON,231,second,loss
tb_887f651a_pixiux_ptcg-mega-lucario-ex-v62,ON,232,first,loss
tb_887f651a_pixiux_ptcg-mega-lucario-ex-v62,ON,233,second,loss
tb_887f651a_pixiux_ptcg-mega-lucario-ex-v62,ON,234,first,win
tb_887f651a_pixiux_ptcg-mega-lucario-ex-v62,ON,235,second,win
tb_887f651a_pixiux_ptcg-mega-lucario-ex-v62,ON,236,first,loss
tb_887f651a_pixiux_ptcg-mega-lucario-ex-v62,ON,237,second,loss
tb_887f651a_pixiux_ptcg-mega-lucario-ex-v62,ON,238,first,loss
tb_887f651a_pixiux_ptcg-mega-lucario-ex-v62,ON,239,second,win
tb_887f651a_pixiux_ptcg-mega-lucario-ex-v62,ON,240,first,win
tb_887f651a_pixiux_ptcg-mega-lucario-ex-v62,ON,241,second,loss
tb_887f651a_pixiux_ptcg-mega-lucario-ex-v62,ON,242,first,loss
tb_887f651a_pixiux_ptcg-mega-lucario-ex-v62,ON,243,second,loss
tb_887f651a_pixiux_ptcg-mega-lucario-ex-v62,ON,244,first,loss
tb_887f651a_pixiux_ptcg-mega-lucario-ex-v62,ON,245,second,loss
tb_887f651a_pixiux_ptcg-mega-lucario-ex-v62,ON,246,first,win
tb_887f651a_pixiux_ptcg-mega-lucario-ex-v62,ON,247,second,loss
tb_887f651a_pixiux_ptcg-mega-lucario-ex-v62,ON,248,first,loss
tb_887f651a_pixiux_ptcg-mega-lucario-ex-v62,ON,249,second,loss
tb_887f651a_pixiux_ptcg-mega-lucario-ex-v62,ON,250,first,win
tb_887f651a_pixiux_ptcg-mega-lucario-ex-v62,ON,251,second,loss
tb_887f651a_pixiux_ptcg-mega-lucario-ex-v62,ON,252,first,win
tb_887f651a_pixiux_ptcg-mega-lucario-ex-v62,ON,253,second,loss
tb_887f651a_pixiux_ptcg-mega-lucario-ex-v62,ON,254,first,win
tb_887f651a_pixiux_ptcg-mega-lucario-ex-v62,ON,255,second,win
tb_887f651a_pixiux_ptcg-mega-lucario-ex-v62,ON,256,first,loss
tb_887f651a_pixiux_ptcg-mega-lucario-ex-v62,ON,257,second,loss
tb_887f651a_pixiux_ptcg-mega-lucario-ex-v62,ON,258,first,win
tb_887f651a_pixiux_ptcg-mega-lucario-ex-v62,ON,259,second,win
tb_887f651a_pixiux_ptcg-mega-lucario-ex-v62,ON,260,first,win
tb_887f651a_pixiux_ptcg-mega-lucario-ex-v62,ON,261,second,win
tb_887f651a_pixiux_ptcg-mega-lucario-ex-v62,ON,262,first,win
tb_887f651a_pixiux_ptcg-mega-lucario-ex-v62,ON,263,second,loss
tb_887f651a_pixiux_ptcg-mega-lucario-ex-v62,ON,264,first,win
tb_887f651a_pixiux_ptcg-mega-lucario-ex-v62,ON,265,second,loss
tb_887f651a_pixiux_ptcg-mega-lucario-ex-v62,ON,266,first,loss
tb_887f651a_pixiux_ptcg-mega-lucario-ex-v62,ON,267,second,win
tb_887f651a_pixiux_ptcg-mega-lucario-ex-v62,ON,268,first,loss
tb_887f651a_pixiux_ptcg-mega-lucario-ex-v62,ON,269,second,loss
tb_887f651a_pixiux_ptcg-mega-lucario-ex-v62,ON,270,first,loss
tb_887f651a_pixiux_ptcg-mega-lucario-ex-v62,ON,271,second,loss
tb_887f651a_pixiux_ptcg-mega-lucario-ex-v62,ON,272,first,win
tb_887f651a_pixiux_ptcg-mega-lucario-ex-v62,ON,273,second,loss
tb_887f651a_pixiux_ptcg-mega-lucario-ex-v62,ON,274,first,win
tb_887f651a_pixiux_ptcg-mega-lucario-ex-v62,ON,275,second,loss
tb_887f651a_pixiux_ptcg-mega-lucario-ex-v62,ON,276,first,loss
tb_887f651a_pixiux_ptcg-mega-lucario-ex-v62,ON,277,second,loss
tb_887f651a_pixiux_ptcg-mega-lucario-ex-v62,ON,278,first,win
tb_887f651a_pixiux_ptcg-mega-lucario-ex-v62,ON,279,second,win
tb_887f651a_pixiux_ptcg-mega-lucario-ex-v62,ON,280,first,loss
tb_887f651a_pixiux_ptcg-mega-lucario-ex-v62,ON,281,second,loss
tb_887f651a_pixiux_ptcg-mega-lucario-ex-v62,ON,282,first,loss
tb_887f651a_pixiux_ptcg-mega-lucario-ex-v62,ON,283,second,win
tb_887f651a_pixiux_ptcg-mega-lucario-ex-v62,ON,284,first,loss
tb_887f651a_pixiux_ptcg-mega-lucario-ex-v62,ON,285,second,loss
tb_887f651a_pixiux_ptcg-mega-lucario-ex-v62,ON,286,first,loss
tb_887f651a_pixiux_ptcg-mega-lucario-ex-v62,ON,287,second,win
tb_887f651a_pixiux_ptcg-mega-lucario-ex-v62,ON,288,first,win
tb_887f651a_pixiux_ptcg-mega-lucario-ex-v62,ON,289,second,loss
tb_887f651a_pixiux_ptcg-mega-lucario-ex-v62,ON,290,first,loss
tb_887f651a_pixiux_ptcg-mega-lucario-ex-v62,ON,291,second,win
tb_887f651a_pixiux_ptcg-mega-lucario-ex-v62,ON,292,first,win
tb_887f651a_pixiux_ptcg-mega-lucario-ex-v62,ON,293,second,loss
tb_887f651a_pixiux_ptcg-mega-lucario-ex-v62,ON,294,first,win
tb_887f651a_pixiux_ptcg-mega-lucario-ex-v62,ON,295,second,loss
tb_887f651a_pixiux_ptcg-mega-lucario-ex-v62,ON,296,first,win
tb_887f651a_pixiux_ptcg-mega-lucario-ex-v62,ON,297,second,loss
tb_887f651a_pixiux_ptcg-mega-lucario-ex-v62,ON,298,first,loss
tb_887f651a_pixiux_ptcg-mega-lucario-ex-v62,ON,299,second,loss
tb_887f651a_pixiux_ptcg-mega-lucario-ex-v62,ON,300,first,win
tb_887f651a_pixiux_ptcg-mega-lucario-ex-v62,ON,301,second,loss
tb_887f651a_pixiux_ptcg-mega-lucario-ex-v62,ON,302,first,win
tb_887f651a_pixiux_ptcg-mega-lucario-ex-v62,ON,303,second,loss
tb_887f651a_pixiux_ptcg-mega-lucario-ex-v62,ON,304,first,loss
tb_887f651a_pixiux_ptcg-mega-lucario-ex-v62,ON,305,second,loss
tb_887f651a_pixiux_ptcg-mega-lucario-ex-v62,ON,306,first,win
tb_887f651a_pixiux_ptcg-mega-lucario-ex-v62,ON,307,second,loss
tb_887f651a_pixiux_ptcg-mega-lucario-ex-v62,ON,308,first,win
tb_887f651a_pixiux_ptcg-mega-lucario-ex-v62,ON,309,second,loss
tb_887f651a_pixiux_ptcg-mega-lucario-ex-v62,ON,310,first,loss
tb_887f651a_pixiux_ptcg-mega-lucario-ex-v62,ON,311,second,win
tb_887f651a_pixiux_ptcg-mega-lucario-ex-v62,ON,312,first,loss
tb_887f651a_pixiux_ptcg-mega-lucario-ex-v62,ON,313,second,loss
tb_887f651a_pixiux_ptcg-mega-lucario-ex-v62,ON,314,first,win
tb_887f651a_pixiux_ptcg-mega-lucario-ex-v62,ON,315,second,loss
tb_887f651a_pixiux_ptcg-mega-lucario-ex-v62,ON,316,first,loss
tb_887f651a_pixiux_ptcg-mega-lucario-ex-v62,ON,317,second,win
tb_887f651a_pixiux_ptcg-mega-lucario-ex-v62,ON,318,first,loss
tb_887f651a_pixiux_ptcg-mega-lucario-ex-v62,ON,319,second,win
tb_887f651a_pixiux_ptcg-mega-lucario-ex-v62,ON,320,first,loss
tb_887f651a_pixiux_ptcg-mega-lucario-ex-v62,ON,321,second,win
tb_887f651a_pixiux_ptcg-mega-lucario-ex-v62,ON,322,first,loss
tb_887f651a_pixiux_ptcg-mega-lucario-ex-v62,ON,323,second,loss
tb_887f651a_pixiux_ptcg-mega-lucario-ex-v62,ON,324,first,win
tb_887f651a_pixiux_ptcg-mega-lucario-ex-v62,ON,325,second,loss
tb_887f651a_pixiux_ptcg-mega-lucario-ex-v62,ON,326,first,loss
tb_887f651a_pixiux_ptcg-mega-lucario-ex-v62,ON,327,second,loss
tb_887f651a_pixiux_ptcg-mega-lucario-ex-v62,ON,328,first,loss
tb_887f651a_pixiux_ptcg-mega-lucario-ex-v62,ON,329,second,loss
tb_887f651a_pixiux_ptcg-mega-lucario-ex-v62,ON,330,first,loss
tb_887f651a_pixiux_ptcg-mega-lucario-ex-v62,ON,331,second,loss
tb_887f651a_pixiux_ptcg-mega-lucario-ex-v62,ON,332,first,loss
tb_887f651a_pixiux_ptcg-mega-lucario-ex-v62,ON,333,second,loss
tb_887f651a_pixiux_ptcg-mega-lucario-ex-v62,ON,334,first,win
tb_887f651a_pixiux_ptcg-mega-lucario-ex-v62,ON,335,second,win
tb_887f651a_pixiux_ptcg-mega-lucario-ex-v62,ON,336,first,loss
tb_887f651a_pixiux_ptcg-mega-lucario-ex-v62,ON,337,second,win
tb_887f651a_pixiux_ptcg-mega-lucario-ex-v62,ON,338,first,loss
tb_887f651a_pixiux_ptcg-mega-lucario-ex-v62,ON,339,second,loss
tb_887f651a_pixiux_ptcg-mega-lucario-ex-v62,ON,340,first,win
tb_887f651a_pixiux_ptcg-mega-lucario-ex-v62,ON,341,second,loss
tb_887f651a_pixiux_ptcg-mega-lucario-ex-v62,ON,342,first,loss
tb_887f651a_pixiux_ptcg-mega-lucario-ex-v62,ON,343,second,loss
tb_887f651a_pixiux_ptcg-mega-lucario-ex-v62,ON,344,first,loss
tb_887f651a_pixiux_ptcg-mega-lucario-ex-v62,ON,345,second,draw
tb_887f651a_pixiux_ptcg-mega-lucario-ex-v62,ON,346,first,loss
tb_887f651a_pixiux_ptcg-mega-lucario-ex-v62,ON,347,second,win
tb_887f651a_pixiux_ptcg-mega-lucario-ex-v62,ON,348,first,loss
tb_887f651a_pixiux_ptcg-mega-lucario-ex-v62,ON,349,second,loss
tb_887f651a_pixiux_ptcg-mega-lucario-ex-v62,ON,350,first,loss
tb_887f651a_pixiux_ptcg-mega-lucario-ex-v62,ON,351,second,win
tb_887f651a_pixiux_ptcg-mega-lucario-ex-v62,ON,352,first,loss
tb_887f651a_pixiux_ptcg-mega-lucario-ex-v62,ON,353,second,loss
tb_887f651a_pixiux_ptcg-mega-lucario-ex-v62,ON,354,first,loss
tb_887f651a_pixiux_ptcg-mega-lucario-ex-v62,ON,355,second,win
tb_887f651a_pixiux_ptcg-mega-lucario-ex-v62,ON,356,first,loss
tb_887f651a_pixiux_ptcg-mega-lucario-ex-v62,ON,357,second,loss
tb_887f651a_pixiux_ptcg-mega-lucario-ex-v62,ON,358,first,loss
tb_887f651a_pixiux_ptcg-mega-lucario-ex-v62,ON,359,second,win
tb_887f651a_pixiux_ptcg-mega-lucario-ex-v62,ON,360,first,loss
tb_887f651a_pixiux_ptcg-mega-lucario-ex-v62,ON,361,second,loss
tb_887f651a_pixiux_ptcg-mega-lucario-ex-v62,ON,362,first,loss
tb_887f651a_pixiux_ptcg-mega-lucario-ex-v62,ON,363,second,win
tb_887f651a_pixiux_ptcg-mega-lucario-ex-v62,ON,364,first,win
tb_887f651a_pixiux_ptcg-mega-lucario-ex-v62,ON,365,second,loss
tb_887f651a_pixiux_ptcg-mega-lucario-ex-v62,ON,366,first,loss
tb_887f651a_pixiux_ptcg-mega-lucario-ex-v62,ON,367,second,loss
tb_887f651a_pixiux_ptcg-mega-lucario-ex-v62,ON,368,first,loss
tb_887f651a_pixiux_ptcg-mega-lucario-ex-v62,ON,369,second,win
tb_887f651a_pixiux_ptcg-mega-lucario-ex-v62,ON,370,first,loss
tb_887f651a_pixiux_ptcg-mega-lucario-ex-v62,ON,371,second,win
tb_887f651a_pixiux_ptcg-mega-lucario-ex-v62,ON,372,first,win
tb_887f651a_pixiux_ptcg-mega-lucario-ex-v62,ON,373,second,loss
tb_887f651a_pixiux_ptcg-mega-lucario-ex-v62,ON,374,first,loss
tb_887f651a_pixiux_ptcg-mega-lucario-ex-v62,ON,375,second,loss
tb_887f651a_pixiux_ptcg-mega-lucario-ex-v62,ON,376,first,loss
tb_887f651a_pixiux_ptcg-mega-lucario-ex-v62,ON,377,second,win
tb_887f651a_pixiux_ptcg-mega-lucario-ex-v62,ON,378,first,loss
tb_887f651a_pixiux_ptcg-mega-lucario-ex-v62,ON,379,second,win
tb_887f651a_pixiux_ptcg-mega-lucario-ex-v62,ON,380,first,loss
tb_887f651a_pixiux_ptcg-mega-lucario-ex-v62,ON,381,second,loss
tb_887f651a_pixiux_ptcg-mega-lucario-ex-v62,ON,382,first,win
tb_887f651a_pixiux_ptcg-mega-lucario-ex-v62,ON,383,second,win
tb_887f651a_pixiux_ptcg-mega-lucario-ex-v62,ON,384,first,loss
tb_887f651a_pixiux_ptcg-mega-lucario-ex-v62,ON,385,second,loss
tb_887f651a_pixiux_ptcg-mega-lucario-ex-v62,ON,386,first,loss
tb_887f651a_pixiux_ptcg-mega-lucario-ex-v62,ON,387,second,loss
tb_887f651a_pixiux_ptcg-mega-lucario-ex-v62,ON,388,first,loss
tb_887f651a_pixiux_ptcg-mega-lucario-ex-v62,ON,389,second,loss
tb_887f651a_pixiux_ptcg-mega-lucario-ex-v62,ON,390,first,win
tb_887f651a_pixiux_ptcg-mega-lucario-ex-v62,ON,391,second,loss
tb_887f651a_pixiux_ptcg-mega-lucario-ex-v62,ON,392,first,loss
tb_887f651a_pixiux_ptcg-mega-lucario-ex-v62,ON,393,second,win
tb_887f651a_pixiux_ptcg-mega-lucario-ex-v62,ON,394,first,win
tb_887f651a_pixiux_ptcg-mega-lucario-ex-v62,ON,395,second,loss
tb_887f651a_pixiux_ptcg-mega-lucario-ex-v62,ON,396,first,loss
tb_887f651a_pixiux_ptcg-mega-lucario-ex-v62,ON,397,second,loss
tb_887f651a_pixiux_ptcg-mega-lucario-ex-v62,ON,398,first,loss
tb_887f651a_pixiux_ptcg-mega-lucario-ex-v62,ON,399,second,loss
tb_887f651a_pixiux_ptcg-mega-lucario-ex-v62,ON,400,first,loss
tb_887f651a_pixiux_ptcg-mega-lucario-ex-v62,ON,401,second,loss
tb_887f651a_pixiux_ptcg-mega-lucario-ex-v62,ON,402,first,loss
tb_887f651a_pixiux_ptcg-mega-lucario-ex-v62,ON,403,second,loss
tb_887f651a_pixiux_ptcg-mega-lucario-ex-v62,ON,404,first,win
tb_887f651a_pixiux_ptcg-mega-lucario-ex-v62,ON,405,second,win
tb_887f651a_pixiux_ptcg-mega-lucario-ex-v62,ON,406,first,loss
tb_887f651a_pixiux_ptcg-mega-lucario-ex-v62,ON,407,second,loss
tb_887f651a_pixiux_ptcg-mega-lucario-ex-v62,ON,408,first,loss
tb_887f651a_pixiux_ptcg-mega-lucario-ex-v62,ON,409,second,loss
tb_887f651a_pixiux_ptcg-mega-lucario-ex-v62,ON,410,first,loss
tb_887f651a_pixiux_ptcg-mega-lucario-ex-v62,ON,411,second,win
tb_887f651a_pixiux_ptcg-mega-lucario-ex-v62,ON,412,first,win
tb_887f651a_pixiux_ptcg-mega-lucario-ex-v62,ON,413,second,loss
tb_887f651a_pixiux_ptcg-mega-lucario-ex-v62,ON,414,first,loss
tb_887f651a_pixiux_ptcg-mega-lucario-ex-v62,ON,415,second,loss
tb_887f651a_pixiux_ptcg-mega-lucario-ex-v62,ON,416,first,win
tb_887f651a_pixiux_ptcg-mega-lucario-ex-v62,ON,417,second,loss
tb_887f651a_pixiux_ptcg-mega-lucario-ex-v62,ON,418,first,loss
tb_887f651a_pixiux_ptcg-mega-lucario-ex-v62,ON,419,second,loss
tb_887f651a_pixiux_ptcg-mega-lucario-ex-v62,ON,420,first,win
tb_887f651a_pixiux_ptcg-mega-lucario-ex-v62,ON,421,second,loss
tb_887f651a_pixiux_ptcg-mega-lucario-ex-v62,ON,422,first,win
tb_887f651a_pixiux_ptcg-mega-lucario-ex-v62,ON,423,second,loss
tb_887f651a_pixiux_ptcg-mega-lucario-ex-v62,ON,424,first,loss
tb_887f651a_pixiux_ptcg-mega-lucario-ex-v62,ON,425,second,win
tb_887f651a_pixiux_ptcg-mega-lucario-ex-v62,ON,426,first,loss
tb_887f651a_pixiux_ptcg-mega-lucario-ex-v62,ON,427,second,loss
tb_887f651a_pixiux_ptcg-mega-lucario-ex-v62,ON,428,first,win
tb_887f651a_pixiux_ptcg-mega-lucario-ex-v62,ON,429,second,win
tb_887f651a_pixiux_ptcg-mega-lucario-ex-v62,ON,430,first,loss
tb_887f651a_pixiux_ptcg-mega-lucario-ex-v62,ON,431,second,loss
tb_887f651a_pixiux_ptcg-mega-lucario-ex-v62,ON,432,first,loss
tb_887f651a_pixiux_ptcg-mega-lucario-ex-v62,ON,433,second,loss
tb_887f651a_pixiux_ptcg-mega-lucario-ex-v62,ON,434,first,loss
tb_887f651a_pixiux_ptcg-mega-lucario-ex-v62,ON,435,second,win
tb_887f651a_pixiux_ptcg-mega-lucario-ex-v62,ON,436,first,loss
tb_887f651a_pixiux_ptcg-mega-lucario-ex-v62,ON,437,second,win
tb_887f651a_pixiux_ptcg-mega-lucario-ex-v62,ON,438,first,win
tb_887f651a_pixiux_ptcg-mega-lucario-ex-v62,ON,439,second,loss
tb_887f651a_pixiux_ptcg-mega-lucario-ex-v62,ON,440,first,loss
tb_887f651a_pixiux_ptcg-mega-lucario-ex-v62,ON,441,second,loss
tb_887f651a_pixiux_ptcg-mega-lucario-ex-v62,ON,442,first,loss
tb_887f651a_pixiux_ptcg-mega-lucario-ex-v62,ON,443,second,loss
tb_887f651a_pixiux_ptcg-mega-lucario-ex-v62,ON,444,first,loss
tb_887f651a_pixiux_ptcg-mega-lucario-ex-v62,ON,445,second,loss
tb_887f651a_pixiux_ptcg-mega-lucario-ex-v62,ON,446,first,loss
tb_887f651a_pixiux_ptcg-mega-lucario-ex-v62,ON,447,second,loss
tb_887f651a_pixiux_ptcg-mega-lucario-ex-v62,ON,448,first,win
tb_887f651a_pixiux_ptcg-mega-lucario-ex-v62,ON,449,second,loss
tb_887f651a_pixiux_ptcg-mega-lucario-ex-v62,ON,450,first,win
tb_887f651a_pixiux_ptcg-mega-lucario-ex-v62,ON,451,second,loss
tb_887f651a_pixiux_ptcg-mega-lucario-ex-v62,ON,452,first,loss
tb_887f651a_pixiux_ptcg-mega-lucario-ex-v62,ON,453,second,loss
tb_887f651a_pixiux_ptcg-mega-lucario-ex-v62,ON,454,first,loss
tb_887f651a_pixiux_ptcg-mega-lucario-ex-v62,ON,455,second,win
tb_887f651a_pixiux_ptcg-mega-lucario-ex-v62,ON,456,first,loss
tb_887f651a_pixiux_ptcg-mega-lucario-ex-v62,ON,457,second,win
tb_887f651a_pixiux_ptcg-mega-lucario-ex-v62,ON,458,first,win
tb_887f651a_pixiux_ptcg-mega-lucario-ex-v62,ON,459,second,loss
tb_887f651a_pixiux_ptcg-mega-lucario-ex-v62,ON,460,first,loss
tb_887f651a_pixiux_ptcg-mega-lucario-ex-v62,ON,461,second,loss
tb_887f651a_pixiux_ptcg-mega-lucario-ex-v62,ON,462,first,loss
tb_887f651a_pixiux_ptcg-mega-lucario-ex-v62,ON,463,second,loss
tb_887f651a_pixiux_ptcg-mega-lucario-ex-v62,ON,464,first,loss
tb_887f651a_pixiux_ptcg-mega-lucario-ex-v62,ON,465,second,loss
tb_887f651a_pixiux_ptcg-mega-lucario-ex-v62,ON,466,first,loss
tb_887f651a_pixiux_ptcg-mega-lucario-ex-v62,ON,467,second,loss
tb_887f651a_pixiux_ptcg-mega-lucario-ex-v62,ON,468,first,loss
tb_887f651a_pixiux_ptcg-mega-lucario-ex-v62,ON,469,second,loss
tb_887f651a_pixiux_ptcg-mega-lucario-ex-v62,ON,470,first,win
tb_887f651a_pixiux_ptcg-mega-lucario-ex-v62,ON,471,second,win
tb_887f651a_pixiux_ptcg-mega-lucario-ex-v62,ON,472,first,win
tb_887f651a_pixiux_ptcg-mega-lucario-ex-v62,ON,473,second,loss
tb_887f651a_pixiux_ptcg-mega-lucario-ex-v62,ON,474,first,loss
tb_887f651a_pixiux_ptcg-mega-lucario-ex-v62,ON,475,second,loss
tb_887f651a_pixiux_ptcg-mega-lucario-ex-v62,ON,476,first,win
tb_887f651a_pixiux_ptcg-mega-lucario-ex-v62,ON,477,second,win
tb_887f651a_pixiux_ptcg-mega-lucario-ex-v62,ON,478,first,loss
tb_887f651a_pixiux_ptcg-mega-lucario-ex-v62,ON,479,second,loss
tb_887f651a_pixiux_ptcg-mega-lucario-ex-v62,ON,480,first,loss
tb_887f651a_pixiux_ptcg-mega-lucario-ex-v62,ON,481,second,win
tb_887f651a_pixiux_ptcg-mega-lucario-ex-v62,ON,482,first,win
tb_887f651a_pixiux_ptcg-mega-lucario-ex-v62,ON,483,second,loss
tb_887f651a_pixiux_ptcg-mega-lucario-ex-v62,ON,484,first,loss
tb_887f651a_pixiux_ptcg-mega-lucario-ex-v62,ON,485,second,win
tb_887f651a_pixiux_ptcg-mega-lucario-ex-v62,ON,486,first,loss
tb_887f651a_pixiux_ptcg-mega-lucario-ex-v62,ON,487,second,loss
tb_887f651a_pixiux_ptcg-mega-lucario-ex-v62,ON,488,first,loss
tb_887f651a_pixiux_ptcg-mega-lucario-ex-v62,ON,489,second,loss
tb_887f651a_pixiux_ptcg-mega-lucario-ex-v62,ON,490,first,win
tb_887f651a_pixiux_ptcg-mega-lucario-ex-v62,ON,491,second,win
tb_887f651a_pixiux_ptcg-mega-lucario-ex-v62,ON,492,first,loss
tb_887f651a_pixiux_ptcg-mega-lucario-ex-v62,ON,493,second,loss
tb_887f651a_pixiux_ptcg-mega-lucario-ex-v62,ON,494,first,win
tb_887f651a_pixiux_ptcg-mega-lucario-ex-v62,ON,495,second,loss
tb_887f651a_pixiux_ptcg-mega-lucario-ex-v62,ON,496,first,loss
tb_887f651a_pixiux_ptcg-mega-lucario-ex-v62,ON,497,second,win
tb_887f651a_pixiux_ptcg-mega-lucario-ex-v62,ON,498,first,win
tb_887f651a_pixiux_ptcg-mega-lucario-ex-v62,ON,499,second,win
tb_887f651a_pixiux_ptcg-mega-lucario-ex-v62,ON,500,first,win
tb_887f651a_pixiux_ptcg-mega-lucario-ex-v62,ON,501,second,win
tb_887f651a_pixiux_ptcg-mega-lucario-ex-v62,ON,502,first,loss
tb_887f651a_pixiux_ptcg-mega-lucario-ex-v62,ON,503,second,loss
tb_887f651a_pixiux_ptcg-mega-lucario-ex-v62,ON,504,first,loss
tb_887f651a_pixiux_ptcg-mega-lucario-ex-v62,ON,505,second,loss
tb_887f651a_pixiux_ptcg-mega-lucario-ex-v62,ON,506,first,loss
tb_887f651a_pixiux_ptcg-mega-lucario-ex-v62,ON,507,second,loss
tb_887f651a_pixiux_ptcg-mega-lucario-ex-v62,ON,508,first,win
tb_887f651a_pixiux_ptcg-mega-lucario-ex-v62,ON,509,second,loss
tb_887f651a_pixiux_ptcg-mega-lucario-ex-v62,ON,510,first,win
tb_887f651a_pixiux_ptcg-mega-lucario-ex-v62,ON,511,second,win
tb_887f651a_pixiux_ptcg-mega-lucario-ex-v62,ON,512,first,win
tb_887f651a_pixiux_ptcg-mega-lucario-ex-v62,ON,513,second,loss
tb_887f651a_pixiux_ptcg-mega-lucario-ex-v62,ON,514,first,loss
tb_887f651a_pixiux_ptcg-mega-lucario-ex-v62,ON,515,second,loss
tb_887f651a_pixiux_ptcg-mega-lucario-ex-v62,ON,516,first,win
tb_887f651a_pixiux_ptcg-mega-lucario-ex-v62,ON,517,second,win
tb_887f651a_pixiux_ptcg-mega-lucario-ex-v62,ON,518,first,loss
tb_887f651a_pixiux_ptcg-mega-lucario-ex-v62,ON,519,second,win
tb_887f651a_pixiux_ptcg-mega-lucario-ex-v62,ON,520,first,loss
tb_887f651a_pixiux_ptcg-mega-lucario-ex-v62,ON,521,second,win
tb_887f651a_pixiux_ptcg-mega-lucario-ex-v62,ON,522,first,win
tb_887f651a_pixiux_ptcg-mega-lucario-ex-v62,ON,523,second,loss
tb_887f651a_pixiux_ptcg-mega-lucario-ex-v62,ON,524,first,loss
tb_887f651a_pixiux_ptcg-mega-lucario-ex-v62,ON,525,second,loss
tb_887f651a_pixiux_ptcg-mega-lucario-ex-v62,ON,526,first,win
tb_887f651a_pixiux_ptcg-mega-lucario-ex-v62,ON,527,second,win
tb_887f651a_pixiux_ptcg-mega-lucario-ex-v62,ON,528,first,loss
tb_887f651a_pixiux_ptcg-mega-lucario-ex-v62,ON,529,second,win
tb_887f651a_pixiux_ptcg-mega-lucario-ex-v62,ON,530,first,loss
tb_887f651a_pixiux_ptcg-mega-lucario-ex-v62,ON,531,second,win
tb_887f651a_pixiux_ptcg-mega-lucario-ex-v62,ON,532,first,win
tb_887f651a_pixiux_ptcg-mega-lucario-ex-v62,ON,533,second,loss
tb_887f651a_pixiux_ptcg-mega-lucario-ex-v62,ON,534,first,win
tb_887f651a_pixiux_ptcg-mega-lucario-ex-v62,ON,535,second,loss
tb_887f651a_pixiux_ptcg-mega-lucario-ex-v62,ON,536,first,loss
tb_887f651a_pixiux_ptcg-mega-lucario-ex-v62,ON,537,second,loss
tb_887f651a_pixiux_ptcg-mega-lucario-ex-v62,ON,538,first,loss
tb_887f651a_pixiux_ptcg-mega-lucario-ex-v62,ON,539,second,loss
tb_887f651a_pixiux_ptcg-mega-lucario-ex-v62,ON,540,first,loss
tb_887f651a_pixiux_ptcg-mega-lucario-ex-v62,ON,541,second,win
tb_887f651a_pixiux_ptcg-mega-lucario-ex-v62,ON,542,first,loss
tb_887f651a_pixiux_ptcg-mega-lucario-ex-v62,ON,543,second,win
tb_887f651a_pixiux_ptcg-mega-lucario-ex-v62,ON,544,first,win
tb_887f651a_pixiux_ptcg-mega-lucario-ex-v62,ON,545,second,loss
tb_887f651a_pixiux_ptcg-mega-lucario-ex-v62,ON,546,first,win
tb_887f651a_pixiux_ptcg-mega-lucario-ex-v62,ON,547,second,loss
tb_887f651a_pixiux_ptcg-mega-lucario-ex-v62,ON,548,first,win
tb_887f651a_pixiux_ptcg-mega-lucario-ex-v62,ON,549,second,win
tb_887f651a_pixiux_ptcg-mega-lucario-ex-v62,ON,550,first,loss
tb_887f651a_pixiux_ptcg-mega-lucario-ex-v62,ON,551,second,loss
tb_887f651a_pixiux_ptcg-mega-lucario-ex-v62,ON,552,first,loss
tb_887f651a_pixiux_ptcg-mega-lucario-ex-v62,ON,553,second,loss
tb_887f651a_pixiux_ptcg-mega-lucario-ex-v62,ON,554,first,loss
tb_887f651a_pixiux_ptcg-mega-lucario-ex-v62,ON,555,second,loss
tb_887f651a_pixiux_ptcg-mega-lucario-ex-v62,ON,556,first,loss
tb_887f651a_pixiux_ptcg-mega-lucario-ex-v62,ON,557,second,win
tb_887f651a_pixiux_ptcg-mega-lucario-ex-v62,ON,558,first,loss
tb_887f651a_pixiux_ptcg-mega-lucario-ex-v62,ON,559,second,loss
tb_887f651a_pixiux_ptcg-mega-lucario-ex-v62,ON,560,first,loss
tb_887f651a_pixiux_ptcg-mega-lucario-ex-v62,ON,561,second,win
tb_887f651a_pixiux_ptcg-mega-lucario-ex-v62,ON,562,first,win
tb_887f651a_pixiux_ptcg-mega-lucario-ex-v62,ON,563,second,loss
tb_887f651a_pixiux_ptcg-mega-lucario-ex-v62,ON,564,first,loss
tb_887f651a_pixiux_ptcg-mega-lucario-ex-v62,ON,565,second,loss
tb_887f651a_pixiux_ptcg-mega-lucario-ex-v62,ON,566,first,win
tb_887f651a_pixiux_ptcg-mega-lucario-ex-v62,ON,567,second,loss
tb_887f651a_pixiux_ptcg-mega-lucario-ex-v62,ON,568,first,loss
tb_887f651a_pixiux_ptcg-mega-lucario-ex-v62,ON,569,second,loss
tb_887f651a_pixiux_ptcg-mega-lucario-ex-v62,ON,570,first,loss
tb_887f651a_pixiux_ptcg-mega-lucario-ex-v62,ON,571,second,loss
tb_887f651a_pixiux_ptcg-mega-lucario-ex-v62,ON,572,first,loss
tb_887f651a_pixiux_ptcg-mega-lucario-ex-v62,ON,573,second,loss
tb_887f651a_pixiux_ptcg-mega-lucario-ex-v62,ON,574,first,loss
tb_887f651a_pixiux_ptcg-mega-lucario-ex-v62,ON,575,second,loss
tb_887f651a_pixiux_ptcg-mega-lucario-ex-v62,ON,576,first,loss
tb_887f651a_pixiux_ptcg-mega-lucario-ex-v62,ON,577,second,loss
tb_887f651a_pixiux_ptcg-mega-lucario-ex-v62,ON,578,first,win
tb_887f651a_pixiux_ptcg-mega-lucario-ex-v62,ON,579,second,win
tb_887f651a_pixiux_ptcg-mega-lucario-ex-v62,ON,580,first,loss
tb_887f651a_pixiux_ptcg-mega-lucario-ex-v62,ON,581,second,loss
tb_887f651a_pixiux_ptcg-mega-lucario-ex-v62,ON,582,first,win
tb_887f651a_pixiux_ptcg-mega-lucario-ex-v62,ON,583,second,win
tb_887f651a_pixiux_ptcg-mega-lucario-ex-v62,ON,584,first,loss
tb_887f651a_pixiux_ptcg-mega-lucario-ex-v62,ON,585,second,loss
tb_887f651a_pixiux_ptcg-mega-lucario-ex-v62,ON,586,first,loss
tb_887f651a_pixiux_ptcg-mega-lucario-ex-v62,ON,587,second,win
tb_887f651a_pixiux_ptcg-mega-lucario-ex-v62,ON,588,first,loss
tb_887f651a_pixiux_ptcg-mega-lucario-ex-v62,ON,589,second,loss
tb_887f651a_pixiux_ptcg-mega-lucario-ex-v62,ON,590,first,win
tb_887f651a_pixiux_ptcg-mega-lucario-ex-v62,ON,591,second,win
tb_887f651a_pixiux_ptcg-mega-lucario-ex-v62,ON,592,first,win
tb_887f651a_pixiux_ptcg-mega-lucario-ex-v62,ON,593,second,loss
tb_887f651a_pixiux_ptcg-mega-lucario-ex-v62,ON,594,first,win
tb_887f651a_pixiux_ptcg-mega-lucario-ex-v62,ON,595,second,loss
tb_887f651a_pixiux_ptcg-mega-lucario-ex-v62,ON,596,first,win
tb_887f651a_pixiux_ptcg-mega-lucario-ex-v62,ON,597,second,loss
tb_887f651a_pixiux_ptcg-mega-lucario-ex-v62,ON,598,first,loss
tb_887f651a_pixiux_ptcg-mega-lucario-ex-v62,ON,599,second,win
