run,arm,opponent_id,game_index,seat,outcome,source_id,source_record
c61_anchor_followup,BASELINE,C61,0,first,win,S08,2
c61_anchor_followup,BASELINE,C61,1,second,win,S08,1
c61_anchor_followup,BASELINE,C61,2,first,loss,S08,4
c61_anchor_followup,BASELINE,C61,3,second,loss,S08,3
c61_anchor_followup,BASELINE,C61,4,first,loss,S08,5
c61_anchor_followup,BASELINE,C61,5,second,loss,S08,6
c61_anchor_followup,BASELINE,C61,6,first,loss,S08,7
c61_anchor_followup,BASELINE,C61,7,second,loss,S08,8
c61_anchor_followup,BASELINE,C61,8,first,win,S08,9
c61_anchor_followup,BASELINE,C61,9,second,loss,S08,10
c61_anchor_followup,BASELINE,C61,10,first,win,S08,11
c61_anchor_followup,BASELINE,C61,11,second,loss,S08,12
c61_anchor_followup,BASELINE,C61,12,first,win,S08,13
c61_anchor_followup,BASELINE,C61,13,second,loss,S08,14
c61_anchor_followup,BASELINE,C61,14,first,loss,S08,15
c61_anchor_followup,BASELINE,C61,15,second,loss,S08,16
c61_anchor_followup,BASELINE,C61,16,first,win,S08,18
c61_anchor_followup,BASELINE,C61,17,second,win,S08,17
c61_anchor_followup,BASELINE,C61,18,first,loss,S08,20
c61_anchor_followup,BASELINE,C61,19,second,win,S08,19
c61_anchor_followup,BASELINE,C61,20,first,loss,S08,21
c61_anchor_followup,BASELINE,C61,21,second,loss,S08,22
c61_anchor_followup,BASELINE,C61,22,first,win,S08,23
c61_anchor_followup,BASELINE,C61,23,second,win,S08,24
c61_anchor_followup,BASELINE,C61,24,first,loss,S08,25
c61_anchor_followup,BASELINE,C61,25,second,loss,S08,26
c61_anchor_followup,BASELINE,C61,26,first,win,S08,27
c61_anchor_followup,BASELINE,C61,27,second,win,S08,28
c61_anchor_followup,BASELINE,C61,28,first,loss,S08,29
c61_anchor_followup,BASELINE,C61,29,second,loss,S08,30
c61_anchor_followup,BASELINE,C61,30,first,win,S08,31
c61_anchor_followup,BASELINE,C61,31,second,loss,S08,34
c61_anchor_followup,BASELINE,C61,32,first,loss,S08,32
c61_anchor_followup,BASELINE,C61,33,second,win,S08,33
c61_anchor_followup,BASELINE,C61,34,first,loss,S08,35
c61_anchor_followup,BASELINE,C61,35,second,loss,S08,36
c61_anchor_followup,BASELINE,C61,36,first,loss,S08,37
c61_anchor_followup,BASELINE,C61,37,second,loss,S08,39
c61_anchor_followup,BASELINE,C61,38,first,loss,S08,38
c61_anchor_followup,BASELINE,C61,39,second,win,S08,41
c61_anchor_followup,BASELINE,C61,40,first,win,S08,40
c61_anchor_followup,BASELINE,C61,41,second,loss,S08,43
c61_anchor_followup,BASELINE,C61,42,first,loss,S08,42
c61_anchor_followup,BASELINE,C61,43,second,win,S08,44
c61_anchor_followup,BASELINE,C61,44,first,win,S08,45
c61_anchor_followup,BASELINE,C61,45,second,win,S08,47
c61_anchor_followup,BASELINE,C61,46,first,loss,S08,46
c61_anchor_followup,BASELINE,C61,47,second,win,S08,48
c61_anchor_followup,BASELINE,C61,48,first,win,S08,49
c61_anchor_followup,BASELINE,C61,49,second,loss,S08,50
c61_anchor_followup,BASELINE,C61,50,first,loss,S08,51
c61_anchor_followup,BASELINE,C61,51,second,win,S08,52
c61_anchor_followup,BASELINE,C61,52,first,win,S08,53
c61_anchor_followup,BASELINE,C61,53,second,win,S08,55
c61_anchor_followup,BASELINE,C61,54,first,win,S08,54
c61_anchor_followup,BASELINE,C61,55,second,loss,S08,57
c61_anchor_followup,BASELINE,C61,56,first,loss,S08,56
c61_anchor_followup,BASELINE,C61,57,second,loss,S08,59
c61_anchor_followup,BASELINE,C61,58,first,loss,S08,58
c61_anchor_followup,BASELINE,C61,59,second,win,S08,60
c61_anchor_followup,BASELINE,C61,60,first,win,S08,62
c61_anchor_followup,BASELINE,C61,61,second,loss,S08,61
c61_anchor_followup,BASELINE,C61,62,first,loss,S08,63
c61_anchor_followup,BASELINE,C61,63,second,loss,S08,64
c61_anchor_followup,BASELINE,C61,64,first,win,S08,66
c61_anchor_followup,BASELINE,C61,65,second,loss,S08,65
c61_anchor_followup,BASELINE,C61,66,first,loss,S08,68
c61_anchor_followup,BASELINE,C61,67,second,win,S08,67
c61_anchor_followup,BASELINE,C61,68,first,loss,S08,70
c61_anchor_followup,BASELINE,C61,69,second,loss,S08,69
c61_anchor_followup,BASELINE,C61,70,first,win,S08,72
c61_anchor_followup,BASELINE,C61,71,second,win,S08,71
c61_anchor_followup,BASELINE,C61,72,first,win,S08,74
c61_anchor_followup,BASELINE,C61,73,second,win,S08,73
c61_anchor_followup,BASELINE,C61,74,first,loss,S08,75
c61_anchor_followup,BASELINE,C61,75,second,win,S08,77
c61_anchor_followup,BASELINE,C61,76,first,win,S08,76
c61_anchor_followup,BASELINE,C61,77,second,win,S08,78
c61_anchor_followup,BASELINE,C61,78,first,loss,S08,79
c61_anchor_followup,BASELINE,C61,79,second,loss,S08,81
c61_anchor_followup,BASELINE,C61,80,first,win,S08,80
c61_anchor_followup,BASELINE,C61,81,second,loss,S08,83
c61_anchor_followup,BASELINE,C61,82,first,win,S08,82
c61_anchor_followup,BASELINE,C61,83,second,win,S08,84
c61_anchor_followup,BASELINE,C61,84,first,loss,S08,86
c61_anchor_followup,BASELINE,C61,85,second,win,S08,85
c61_anchor_followup,BASELINE,C61,86,first,win,S08,87
c61_anchor_followup,BASELINE,C61,87,second,win,S08,88
c61_anchor_followup,BASELINE,C61,88,first,win,S08,90
c61_anchor_followup,BASELINE,C61,89,second,loss,S08,89
c61_anchor_followup,BASELINE,C61,90,first,win,S08,91
c61_anchor_followup,BASELINE,C61,91,second,loss,S08,92
c61_anchor_followup,BASELINE,C61,92,first,win,S08,93
c61_anchor_followup,BASELINE,C61,93,second,win,S08,94
c61_anchor_followup,BASELINE,C61,94,first,loss,S08,95
c61_anchor_followup,BASELINE,C61,95,second,loss,S08,96
c61_anchor_followup,BASELINE,C61,96,first,win,S08,97
c61_anchor_followup,BASELINE,C61,97,second,loss,S08,99
c61_anchor_followup,BASELINE,C61,98,first,win,S08,98
c61_anchor_followup,BASELINE,C61,99,second,win,S08,100
c61_anchor_followup,BASELINE,C61,100,first,win,S08,101
c61_anchor_followup,BASELINE,C61,101,second,loss,S08,102
c61_anchor_followup,BASELINE,C61,102,first,win,S08,103
c61_anchor_followup,BASELINE,C61,103,second,loss,S08,104
c61_anchor_followup,BASELINE,C61,104,first,win,S08,105
c61_anchor_followup,BASELINE,C61,105,second,loss,S08,106
c61_anchor_followup,BASELINE,C61,106,first,draw,S08,107
c61_anchor_followup,BASELINE,C61,107,second,loss,S08,108
c61_anchor_followup,BASELINE,C61,108,first,win,S08,109
c61_anchor_followup,BASELINE,C61,109,second,loss,S08,111
c61_anchor_followup,BASELINE,C61,110,first,loss,S08,110
c61_anchor_followup,BASELINE,C61,111,second,loss,S08,113
c61_anchor_followup,BASELINE,C61,112,first,win,S08,112
c61_anchor_followup,BASELINE,C61,113,second,loss,S08,114
c61_anchor_followup,BASELINE,C61,114,first,loss,S08,115
c61_anchor_followup,BASELINE,C61,115,second,win,S08,116
c61_anchor_followup,BASELINE,C61,116,first,loss,S08,117
c61_anchor_followup,BASELINE,C61,117,second,win,S08,119
c61_anchor_followup,BASELINE,C61,118,first,loss,S08,118
c61_anchor_followup,BASELINE,C61,119,second,win,S08,120
c61_anchor_followup,BASELINE,C61,120,first,win,S08,121
c61_anchor_followup,BASELINE,C61,121,second,loss,S08,122
c61_anchor_followup,BASELINE,C61,122,first,win,S08,123
c61_anchor_followup,BASELINE,C61,123,second,win,S08,124
c61_anchor_followup,BASELINE,C61,124,first,loss,S08,125
c61_anchor_followup,BASELINE,C61,125,second,loss,S08,126
c61_anchor_followup,BASELINE,C61,126,first,win,S08,127
c61_anchor_followup,BASELINE,C61,127,second,loss,S08,128
c61_anchor_followup,BASELINE,C61,128,first,loss,S08,129
c61_anchor_followup,BASELINE,C61,129,second,loss,S08,130
c61_anchor_followup,BASELINE,C61,130,first,loss,S08,131
c61_anchor_followup,BASELINE,C61,131,second,win,S08,132
c61_anchor_followup,BASELINE,C61,132,first,win,S08,133
c61_anchor_followup,BASELINE,C61,133,second,win,S08,134
c61_anchor_followup,BASELINE,C61,134,first,loss,S08,135
c61_anchor_followup,BASELINE,C61,135,second,loss,S08,136
c61_anchor_followup,BASELINE,C61,136,first,win,S08,138
c61_anchor_followup,BASELINE,C61,137,second,loss,S08,137
c61_anchor_followup,BASELINE,C61,138,first,loss,S08,139
c61_anchor_followup,BASELINE,C61,139,second,win,S08,140
c61_anchor_followup,BASELINE,C61,140,first,win,S08,141
c61_anchor_followup,BASELINE,C61,141,second,loss,S08,142
c61_anchor_followup,BASELINE,C61,142,first,loss,S08,143
c61_anchor_followup,BASELINE,C61,143,second,loss,S08,144
c61_anchor_followup,BASELINE,C61,144,first,loss,S08,146
c61_anchor_followup,BASELINE,C61,145,second,loss,S08,145
c61_anchor_followup,BASELINE,C61,146,first,win,S08,147
c61_anchor_followup,BASELINE,C61,147,second,win,S08,148
c61_anchor_followup,BASELINE,C61,148,first,win,S08,150
c61_anchor_followup,BASELINE,C61,149,second,win,S08,149
c61_anchor_followup,BASELINE,C61,150,first,win,S08,151
c61_anchor_followup,BASELINE,C61,151,second,win,S08,152
c61_anchor_followup,BASELINE,C61,152,first,win,S08,153
c61_anchor_followup,BASELINE,C61,153,second,loss,S08,154
c61_anchor_followup,BASELINE,C61,154,first,loss,S08,155
c61_anchor_followup,BASELINE,C61,155,second,loss,S08,156
c61_anchor_followup,BASELINE,C61,156,first,loss,S08,157
c61_anchor_followup,BASELINE,C61,157,second,loss,S08,159
c61_anchor_followup,BASELINE,C61,158,first,win,S08,158
c61_anchor_followup,BASELINE,C61,159,second,loss,S08,160
c61_anchor_followup,BASELINE,C61,160,first,loss,S08,161
c61_anchor_followup,BASELINE,C61,161,second,loss,S08,162
c61_anchor_followup,BASELINE,C61,162,first,win,S08,163
c61_anchor_followup,BASELINE,C61,163,second,loss,S08,165
c61_anchor_followup,BASELINE,C61,164,first,win,S08,164
c61_anchor_followup,BASELINE,C61,165,second,loss,S08,166
c61_anchor_followup,BASELINE,C61,166,first,loss,S08,167
c61_anchor_followup,BASELINE,C61,167,second,loss,S08,168
c61_anchor_followup,BASELINE,C61,168,first,loss,S08,170
c61_anchor_followup,BASELINE,C61,169,second,win,S08,169
c61_anchor_followup,BASELINE,C61,170,first,loss,S08,172
c61_anchor_followup,BASELINE,C61,171,second,loss,S08,171
c61_anchor_followup,BASELINE,C61,172,first,win,S08,173
c61_anchor_followup,BASELINE,C61,173,second,win,S08,174
c61_anchor_followup,BASELINE,C61,174,first,win,S08,176
c61_anchor_followup,BASELINE,C61,175,second,loss,S08,175
c61_anchor_followup,BASELINE,C61,176,first,win,S08,177
c61_anchor_followup,BASELINE,C61,177,second,loss,S08,178
c61_anchor_followup,BASELINE,C61,178,first,loss,S08,180
c61_anchor_followup,BASELINE,C61,179,second,loss,S08,179
c61_anchor_followup,BASELINE,C61,180,first,loss,S08,181
c61_anchor_followup,BASELINE,C61,181,second,loss,S08,182
c61_anchor_followup,BASELINE,C61,182,first,loss,S08,184
c61_anchor_followup,BASELINE,C61,183,second,win,S08,183
c61_anchor_followup,BASELINE,C61,184,first,win,S08,185
c61_anchor_followup,BASELINE,C61,185,second,loss,S08,186
c61_anchor_followup,BASELINE,C61,186,first,loss,S08,188
c61_anchor_followup,BASELINE,C61,187,second,loss,S08,187
c61_anchor_followup,BASELINE,C61,188,first,win,S08,190
c61_anchor_followup,BASELINE,C61,189,second,loss,S08,189
c61_anchor_followup,BASELINE,C61,190,first,loss,S08,191
c61_anchor_followup,BASELINE,C61,191,second,loss,S08,192
c61_anchor_followup,BASELINE,C61,192,first,win,S08,194
c61_anchor_followup,BASELINE,C61,193,second,win,S08,193
c61_anchor_followup,BASELINE,C61,194,first,loss,S08,195
c61_anchor_followup,BASELINE,C61,195,second,win,S08,197
c61_anchor_followup,BASELINE,C61,196,first,win,S08,196
c61_anchor_followup,BASELINE,C61,197,second,loss,S08,198
c61_anchor_followup,BASELINE,C61,198,first,win,S08,200
c61_anchor_followup,BASELINE,C61,199,second,loss,S08,199
c61_anchor_followup,BASELINE,C61,200,first,win,S08,201
c61_anchor_followup,BASELINE,C61,201,second,loss,S08,202
c61_anchor_followup,BASELINE,C61,202,first,loss,S08,203
c61_anchor_followup,BASELINE,C61,203,second,win,S08,204
c61_anchor_followup,BASELINE,C61,204,first,win,S08,205
c61_anchor_followup,BASELINE,C61,205,second,loss,S08,206
c61_anchor_followup,BASELINE,C61,206,first,loss,S08,207
c61_anchor_followup,BASELINE,C61,207,second,win,S08,209
c61_anchor_followup,BASELINE,C61,208,first,loss,S08,208
c61_anchor_followup,BASELINE,C61,209,second,loss,S08,210
c61_anchor_followup,BASELINE,C61,210,first,loss,S08,211
c61_anchor_followup,BASELINE,C61,211,second,loss,S08,212
c61_anchor_followup,BASELINE,C61,212,first,win,S08,213
c61_anchor_followup,BASELINE,C61,213,second,loss,S08,214
c61_anchor_followup,BASELINE,C61,214,first,loss,S08,215
c61_anchor_followup,BASELINE,C61,215,second,win,S08,216
c61_anchor_followup,BASELINE,C61,216,first,loss,S08,218
c61_anchor_followup,BASELINE,C61,217,second,loss,S08,217
c61_anchor_followup,BASELINE,C61,218,first,win,S08,219
c61_anchor_followup,BASELINE,C61,219,second,loss,S08,220
c61_anchor_followup,BASELINE,C61,220,first,loss,S08,222
c61_anchor_followup,BASELINE,C61,221,second,win,S08,221
c61_anchor_followup,BASELINE,C61,222,first,win,S08,223
c61_anchor_followup,BASELINE,C61,223,second,loss,S08,224
c61_anchor_followup,BASELINE,C61,224,first,loss,S08,226
c61_anchor_followup,BASELINE,C61,225,second,loss,S08,225
c61_anchor_followup,BASELINE,C61,226,first,win,S08,227
c61_anchor_followup,BASELINE,C61,227,second,win,S08,228
c61_anchor_followup,BASELINE,C61,228,first,win,S08,229
c61_anchor_followup,BASELINE,C61,229,second,loss,S08,230
c61_anchor_followup,BASELINE,C61,230,first,win,S08,231
c61_anchor_followup,BASELINE,C61,231,second,loss,S08,232
c61_anchor_followup,BASELINE,C61,232,first,win,S08,233
c61_anchor_followup,BASELINE,C61,233,second,loss,S08,234
c61_anchor_followup,BASELINE,C61,234,first,loss,S08,236
c61_anchor_followup,BASELINE,C61,235,second,loss,S08,235
c61_anchor_followup,BASELINE,C61,236,first,win,S08,237
c61_anchor_followup,BASELINE,C61,237,second,loss,S08,238
c61_anchor_followup,BASELINE,C61,238,first,win,S08,239
c61_anchor_followup,BASELINE,C61,239,second,win,S08,240
c61_anchor_followup,BASELINE,C61,240,first,win,S08,241
c61_anchor_followup,BASELINE,C61,241,second,loss,S08,243
c61_anchor_followup,BASELINE,C61,242,first,win,S08,242
c61_anchor_followup,BASELINE,C61,243,second,loss,S08,244
c61_anchor_followup,BASELINE,C61,244,first,loss,S08,245
c61_anchor_followup,BASELINE,C61,245,second,win,S08,246
c61_anchor_followup,BASELINE,C61,246,first,win,S08,247
c61_anchor_followup,BASELINE,C61,247,second,loss,S08,248
c61_anchor_followup,BASELINE,C61,248,first,win,S08,250
c61_anchor_followup,BASELINE,C61,249,second,win,S08,249
c61_anchor_followup,BASELINE,C61,250,first,win,S08,251
c61_anchor_followup,BASELINE,C61,251,second,win,S08,252
c61_anchor_followup,BASELINE,C61,252,first,loss,S08,254
c61_anchor_followup,BASELINE,C61,253,second,loss,S08,253
c61_anchor_followup,BASELINE,C61,254,first,win,S08,255
c61_anchor_followup,BASELINE,C61,255,second,win,S08,256
c61_anchor_followup,BASELINE,C61,256,first,win,S08,257
c61_anchor_followup,BASELINE,C61,257,second,loss,S08,258
c61_anchor_followup,BASELINE,C61,258,first,win,S08,259
c61_anchor_followup,BASELINE,C61,259,second,win,S08,260
c61_anchor_followup,BASELINE,C61,260,first,loss,S08,262
c61_anchor_followup,BASELINE,C61,261,second,loss,S08,261
c61_anchor_followup,BASELINE,C61,262,first,loss,S08,264
c61_anchor_followup,BASELINE,C61,263,second,win,S08,263
c61_anchor_followup,BASELINE,C61,264,first,loss,S08,266
c61_anchor_followup,BASELINE,C61,265,second,loss,S08,265
c61_anchor_followup,BASELINE,C61,266,first,loss,S08,267
c61_anchor_followup,BASELINE,C61,267,second,win,S08,268
c61_anchor_followup,BASELINE,C61,268,first,loss,S08,269
c61_anchor_followup,BASELINE,C61,269,second,loss,S08,270
c61_anchor_followup,BASELINE,C61,270,first,loss,S08,272
c61_anchor_followup,BASELINE,C61,271,second,loss,S08,271
c61_anchor_followup,BASELINE,C61,272,first,win,S08,273
c61_anchor_followup,BASELINE,C61,273,second,loss,S08,274
c61_anchor_followup,BASELINE,C61,274,first,loss,S08,275
c61_anchor_followup,BASELINE,C61,275,second,loss,S08,276
c61_anchor_followup,BASELINE,C61,276,first,loss,S08,278
c61_anchor_followup,BASELINE,C61,277,second,win,S08,277
c61_anchor_followup,BASELINE,C61,278,first,loss,S08,279
c61_anchor_followup,BASELINE,C61,279,second,loss,S08,280
c61_anchor_followup,BASELINE,C61,280,first,loss,S08,281
c61_anchor_followup,BASELINE,C61,281,second,win,S08,282
c61_anchor_followup,BASELINE,C61,282,first,loss,S08,283
c61_anchor_followup,BASELINE,C61,283,second,loss,S08,284
c61_anchor_followup,BASELINE,C61,284,first,win,S08,285
c61_anchor_followup,BASELINE,C61,285,second,win,S08,286
c61_anchor_followup,BASELINE,C61,286,first,loss,S08,287
c61_anchor_followup,BASELINE,C61,287,second,win,S08,288
c61_anchor_followup,BASELINE,C61,288,first,loss,S08,289
c61_anchor_followup,BASELINE,C61,289,second,win,S08,290
c61_anchor_followup,BASELINE,C61,290,first,win,S08,291
c61_anchor_followup,BASELINE,C61,291,second,win,S08,293
c61_anchor_followup,BASELINE,C61,292,first,win,S08,292
c61_anchor_followup,BASELINE,C61,293,second,win,S08,294
c61_anchor_followup,BASELINE,C61,294,first,loss,S08,295
c61_anchor_followup,BASELINE,C61,295,second,loss,S08,296
c61_anchor_followup,BASELINE,C61,296,first,loss,S08,298
c61_anchor_followup,BASELINE,C61,297,second,loss,S08,297
c61_anchor_followup,BASELINE,C61,298,first,win,S08,299
c61_anchor_followup,BASELINE,C61,299,second,win,S08,300
c61_anchor_followup,BASELINE,C61,300,first,win,S08,301
c61_anchor_followup,BASELINE,C61,301,second,win,S08,302
c61_anchor_followup,BASELINE,C61,302,first,win,S08,303
c61_anchor_followup,BASELINE,C61,303,second,win,S08,304
c61_anchor_followup,BASELINE,C61,304,first,loss,S08,306
c61_anchor_followup,BASELINE,C61,305,second,win,S08,305
c61_anchor_followup,BASELINE,C61,306,first,win,S08,307
c61_anchor_followup,BASELINE,C61,307,second,win,S08,308
c61_anchor_followup,BASELINE,C61,308,first,win,S08,309
c61_anchor_followup,BASELINE,C61,309,second,loss,S08,310
c61_anchor_followup,BASELINE,C61,310,first,win,S08,312
c61_anchor_followup,BASELINE,C61,311,second,loss,S08,311
c61_anchor_followup,BASELINE,C61,312,first,win,S08,313
c61_anchor_followup,BASELINE,C61,313,second,loss,S08,314
c61_anchor_followup,BASELINE,C61,314,first,loss,S08,315
c61_anchor_followup,BASELINE,C61,315,second,loss,S08,316
c61_anchor_followup,BASELINE,C61,316,first,loss,S08,318
c61_anchor_followup,BASELINE,C61,317,second,loss,S08,317
c61_anchor_followup,BASELINE,C61,318,first,win,S08,320
c61_anchor_followup,BASELINE,C61,319,second,loss,S08,319
c61_anchor_followup,BASELINE,C61,320,first,loss,S08,322
c61_anchor_followup,BASELINE,C61,321,second,win,S08,321
c61_anchor_followup,BASELINE,C61,322,first,win,S08,323
c61_anchor_followup,BASELINE,C61,323,second,win,S08,324
c61_anchor_followup,BASELINE,C61,324,first,win,S08,325
c61_anchor_followup,BASELINE,C61,325,second,win,S08,326
c61_anchor_followup,BASELINE,C61,326,first,win,S08,328
c61_anchor_followup,BASELINE,C61,327,second,win,S08,327
c61_anchor_followup,BASELINE,C61,328,first,win,S08,329
c61_anchor_followup,BASELINE,C61,329,second,win,S08,330
c61_anchor_followup,BASELINE,C61,330,first,win,S08,332
c61_anchor_followup,BASELINE,C61,331,second,loss,S08,331
c61_anchor_followup,BASELINE,C61,332,first,loss,S08,333
c61_anchor_followup,BASELINE,C61,333,second,loss,S08,334
c61_anchor_followup,BASELINE,C61,334,first,win,S08,335
c61_anchor_followup,BASELINE,C61,335,second,loss,S08,336
c61_anchor_followup,BASELINE,C61,336,first,loss,S08,337
c61_anchor_followup,BASELINE,C61,337,second,loss,S08,338
c61_anchor_followup,BASELINE,C61,338,first,loss,S08,339
c61_anchor_followup,BASELINE,C61,339,second,loss,S08,340
c61_anchor_followup,BASELINE,C61,340,first,win,S08,341
c61_anchor_followup,BASELINE,C61,341,second,win,S08,342
c61_anchor_followup,BASELINE,C61,342,first,loss,S08,343
c61_anchor_followup,BASELINE,C61,343,second,loss,S08,346
c61_anchor_followup,BASELINE,C61,344,first,win,S08,344
c61_anchor_followup,BASELINE,C61,345,second,win,S08,345
c61_anchor_followup,BASELINE,C61,346,first,loss,S08,347
c61_anchor_followup,BASELINE,C61,347,second,win,S08,348
c61_anchor_followup,BASELINE,C61,348,first,loss,S08,349
c61_anchor_followup,BASELINE,C61,349,second,loss,S08,350
c61_anchor_followup,BASELINE,C61,350,first,loss,S08,351
c61_anchor_followup,BASELINE,C61,351,second,win,S08,352
c61_anchor_followup,BASELINE,C61,352,first,loss,S08,353
c61_anchor_followup,BASELINE,C61,353,second,loss,S08,355
c61_anchor_followup,BASELINE,C61,354,first,loss,S08,354
c61_anchor_followup,BASELINE,C61,355,second,loss,S08,357
c61_anchor_followup,BASELINE,C61,356,first,loss,S08,356
c61_anchor_followup,BASELINE,C61,357,second,loss,S08,359
c61_anchor_followup,BASELINE,C61,358,first,win,S08,358
c61_anchor_followup,BASELINE,C61,359,second,loss,S08,360
c61_anchor_followup,BASELINE,C61,360,first,win,S08,362
c61_anchor_followup,BASELINE,C61,361,second,win,S08,361
c61_anchor_followup,BASELINE,C61,362,first,win,S08,363
c61_anchor_followup,BASELINE,C61,363,second,loss,S08,364
c61_anchor_followup,BASELINE,C61,364,first,loss,S08,365
c61_anchor_followup,BASELINE,C61,365,second,loss,S08,366
c61_anchor_followup,BASELINE,C61,366,first,win,S08,368
c61_anchor_followup,BASELINE,C61,367,second,win,S08,367
c61_anchor_followup,BASELINE,C61,368,first,loss,S08,369
c61_anchor_followup,BASELINE,C61,369,second,win,S08,370
c61_anchor_followup,BASELINE,C61,370,first,win,S08,371
c61_anchor_followup,BASELINE,C61,371,second,loss,S08,372
c61_anchor_followup,BASELINE,C61,372,first,loss,S08,373
c61_anchor_followup,BASELINE,C61,373,second,loss,S08,374
c61_anchor_followup,BASELINE,C61,374,first,loss,S08,375
c61_anchor_followup,BASELINE,C61,375,second,loss,S08,376
c61_anchor_followup,BASELINE,C61,376,first,loss,S08,377
c61_anchor_followup,BASELINE,C61,377,second,loss,S08,378
c61_anchor_followup,BASELINE,C61,378,first,win,S08,379
c61_anchor_followup,BASELINE,C61,379,second,loss,S08,380
c61_anchor_followup,BASELINE,C61,380,first,win,S08,382
c61_anchor_followup,BASELINE,C61,381,second,win,S08,381
c61_anchor_followup,BASELINE,C61,382,first,win,S08,384
c61_anchor_followup,BASELINE,C61,383,second,win,S08,383
c61_anchor_followup,BASELINE,C61,384,first,win,S08,385
c61_anchor_followup,BASELINE,C61,385,second,loss,S08,386
c61_anchor_followup,BASELINE,C61,386,first,win,S08,387
c61_anchor_followup,BASELINE,C61,387,second,loss,S08,389
c61_anchor_followup,BASELINE,C61,388,first,win,S08,388
c61_anchor_followup,BASELINE,C61,389,second,loss,S08,390
c61_anchor_followup,BASELINE,C61,390,first,loss,S08,392
c61_anchor_followup,BASELINE,C61,391,second,loss,S08,391
c61_anchor_followup,BASELINE,C61,392,first,win,S08,393
c61_anchor_followup,BASELINE,C61,393,second,loss,S08,394
c61_anchor_followup,BASELINE,C61,394,first,win,S08,396
c61_anchor_followup,BASELINE,C61,395,second,loss,S08,395
c61_anchor_followup,BASELINE,C61,396,first,loss,S08,397
c61_anchor_followup,BASELINE,C61,397,second,loss,S08,398
c61_anchor_followup,BASELINE,C61,398,first,loss,S08,399
c61_anchor_followup,BASELINE,C61,399,second,win,S08,400
c61_anchor_followup,BASELINE,C61,400,first,win,S08,401
c61_anchor_followup,BASELINE,C61,401,second,loss,S08,402
c61_anchor_followup,BASELINE,C61,402,first,loss,S08,403
c61_anchor_followup,BASELINE,C61,403,second,loss,S08,404
c61_anchor_followup,BASELINE,C61,404,first,win,S08,405
c61_anchor_followup,BASELINE,C61,405,second,loss,S08,406
c61_anchor_followup,BASELINE,C61,406,first,win,S08,407
c61_anchor_followup,BASELINE,C61,407,second,loss,S08,408
c61_anchor_followup,BASELINE,C61,408,first,loss,S08,410
c61_anchor_followup,BASELINE,C61,409,second,win,S08,409
c61_anchor_followup,BASELINE,C61,410,first,win,S08,411
c61_anchor_followup,BASELINE,C61,411,second,win,S08,412
c61_anchor_followup,BASELINE,C61,412,first,loss,S08,413
c61_anchor_followup,BASELINE,C61,413,second,loss,S08,414
c61_anchor_followup,BASELINE,C61,414,first,win,S08,415
c61_anchor_followup,BASELINE,C61,415,second,loss,S08,416
c61_anchor_followup,BASELINE,C61,416,first,loss,S08,417
c61_anchor_followup,BASELINE,C61,417,second,loss,S08,419
c61_anchor_followup,BASELINE,C61,418,first,loss,S08,418
c61_anchor_followup,BASELINE,C61,419,second,win,S08,420
c61_anchor_followup,BASELINE,C61,420,first,loss,S08,421
c61_anchor_followup,BASELINE,C61,421,second,loss,S08,422
c61_anchor_followup,BASELINE,C61,422,first,loss,S08,423
c61_anchor_followup,BASELINE,C61,423,second,loss,S08,424
c61_anchor_followup,BASELINE,C61,424,first,loss,S08,425
c61_anchor_followup,BASELINE,C61,425,second,loss,S08,426
c61_anchor_followup,BASELINE,C61,426,first,win,S08,427
c61_anchor_followup,BASELINE,C61,427,second,loss,S08,428
c61_anchor_followup,BASELINE,C61,428,first,loss,S08,429
c61_anchor_followup,BASELINE,C61,429,second,loss,S08,430
c61_anchor_followup,BASELINE,C61,430,first,win,S08,431
c61_anchor_followup,BASELINE,C61,431,second,loss,S08,432
c61_anchor_followup,BASELINE,C61,432,first,loss,S08,435
c61_anchor_followup,BASELINE,C61,433,second,win,S08,433
c61_anchor_followup,BASELINE,C61,434,first,loss,S08,434
c61_anchor_followup,BASELINE,C61,435,second,win,S08,437
c61_anchor_followup,BASELINE,C61,436,first,loss,S08,436
c61_anchor_followup,BASELINE,C61,437,second,win,S08,438
c61_anchor_followup,BASELINE,C61,438,first,loss,S08,439
c61_anchor_followup,BASELINE,C61,439,second,loss,S08,440
c61_anchor_followup,BASELINE,C61,440,first,loss,S08,442
c61_anchor_followup,BASELINE,C61,441,second,win,S08,441
c61_anchor_followup,BASELINE,C61,442,first,loss,S08,443
c61_anchor_followup,BASELINE,C61,443,second,win,S08,444
c61_anchor_followup,BASELINE,C61,444,first,win,S08,445
c61_anchor_followup,BASELINE,C61,445,second,loss,S08,446
c61_anchor_followup,BASELINE,C61,446,first,loss,S08,447
c61_anchor_followup,BASELINE,C61,447,second,loss,S08,448
c61_anchor_followup,BASELINE,C61,448,first,loss,S08,450
c61_anchor_followup,BASELINE,C61,449,second,win,S08,449
c61_anchor_followup,BASELINE,C61,450,first,loss,S08,451
c61_anchor_followup,BASELINE,C61,451,second,loss,S08,452
c61_anchor_followup,BASELINE,C61,452,first,loss,S08,454
c61_anchor_followup,BASELINE,C61,453,second,win,S08,453
c61_anchor_followup,BASELINE,C61,454,first,loss,S08,456
c61_anchor_followup,BASELINE,C61,455,second,win,S08,455
c61_anchor_followup,BASELINE,C61,456,first,win,S08,457
c61_anchor_followup,BASELINE,C61,457,second,win,S08,458
c61_anchor_followup,BASELINE,C61,458,first,loss,S08,459
c61_anchor_followup,BASELINE,C61,459,second,loss,S08,460
c61_anchor_followup,BASELINE,C61,460,first,win,S08,462
c61_anchor_followup,BASELINE,C61,461,second,win,S08,461
c61_anchor_followup,BASELINE,C61,462,first,win,S08,463
c61_anchor_followup,BASELINE,C61,463,second,loss,S08,464
c61_anchor_followup,BASELINE,C61,464,first,loss,S08,465
c61_anchor_followup,BASELINE,C61,465,second,win,S08,466
c61_anchor_followup,BASELINE,C61,466,first,win,S08,467
c61_anchor_followup,BASELINE,C61,467,second,loss,S08,468
c61_anchor_followup,BASELINE,C61,468,first,loss,S08,469
c61_anchor_followup,BASELINE,C61,469,second,win,S08,470
c61_anchor_followup,BASELINE,C61,470,first,loss,S08,471
c61_anchor_followup,BASELINE,C61,471,second,loss,S08,472
c61_anchor_followup,BASELINE,C61,472,first,loss,S08,473
c61_anchor_followup,BASELINE,C61,473,second,loss,S08,475
c61_anchor_followup,BASELINE,C61,474,first,win,S08,474
c61_anchor_followup,BASELINE,C61,475,second,loss,S08,477
c61_anchor_followup,BASELINE,C61,476,first,win,S08,476
c61_anchor_followup,BASELINE,C61,477,second,loss,S08,478
c61_anchor_followup,BASELINE,C61,478,first,loss,S08,479
c61_anchor_followup,BASELINE,C61,479,second,loss,S08,481
c61_anchor_followup,BASELINE,C61,480,first,win,S08,480
c61_anchor_followup,BASELINE,C61,481,second,loss,S08,482
c61_anchor_followup,BASELINE,C61,482,first,loss,S08,484
c61_anchor_followup,BASELINE,C61,483,second,win,S08,483
c61_anchor_followup,BASELINE,C61,484,first,win,S08,487
c61_anchor_followup,BASELINE,C61,485,second,win,S08,485
c61_anchor_followup,BASELINE,C61,486,first,loss,S08,486
c61_anchor_followup,BASELINE,C61,487,second,loss,S08,488
c61_anchor_followup,BASELINE,C61,488,first,win,S08,489
c61_anchor_followup,BASELINE,C61,489,second,loss,S08,490
c61_anchor_followup,BASELINE,C61,490,first,loss,S08,491
c61_anchor_followup,BASELINE,C61,491,second,loss,S08,493
c61_anchor_followup,BASELINE,C61,492,first,win,S08,492
c61_anchor_followup,BASELINE,C61,493,second,loss,S08,494
c61_anchor_followup,BASELINE,C61,494,first,win,S08,495
c61_anchor_followup,BASELINE,C61,495,second,win,S08,497
c61_anchor_followup,BASELINE,C61,496,first,win,S08,496
c61_anchor_followup,BASELINE,C61,497,second,win,S08,499
c61_anchor_followup,BASELINE,C61,498,first,win,S08,498
c61_anchor_followup,BASELINE,C61,499,second,win,S08,500
c61_anchor_followup,BASELINE,C61,500,first,loss,S08,501
c61_anchor_followup,BASELINE,C61,501,second,loss,S08,502
c61_anchor_followup,BASELINE,C61,502,first,win,S08,504
c61_anchor_followup,BASELINE,C61,503,second,loss,S08,503
c61_anchor_followup,BASELINE,C61,504,first,win,S08,506
c61_anchor_followup,BASELINE,C61,505,second,win,S08,505
c61_anchor_followup,BASELINE,C61,506,first,loss,S08,508
c61_anchor_followup,BASELINE,C61,507,second,loss,S08,507
c61_anchor_followup,BASELINE,C61,508,first,win,S08,509
c61_anchor_followup,BASELINE,C61,509,second,loss,S08,511
c61_anchor_followup,BASELINE,C61,510,first,loss,S08,510
c61_anchor_followup,BASELINE,C61,511,second,loss,S08,513
c61_anchor_followup,BASELINE,C61,512,first,loss,S08,512
c61_anchor_followup,BASELINE,C61,513,second,win,S08,514
c61_anchor_followup,BASELINE,C61,514,first,win,S08,515
c61_anchor_followup,BASELINE,C61,515,second,loss,S08,516
c61_anchor_followup,BASELINE,C61,516,first,win,S08,517
c61_anchor_followup,BASELINE,C61,517,second,loss,S08,518
c61_anchor_followup,BASELINE,C61,518,first,loss,S08,519
c61_anchor_followup,BASELINE,C61,519,second,loss,S08,520
c61_anchor_followup,BASELINE,C61,520,first,win,S08,521
c61_anchor_followup,BASELINE,C61,521,second,loss,S08,522
c61_anchor_followup,BASELINE,C61,522,first,loss,S08,523
c61_anchor_followup,BASELINE,C61,523,second,win,S08,524
c61_anchor_followup,BASELINE,C61,524,first,loss,S08,525
c61_anchor_followup,BASELINE,C61,525,second,loss,S08,526
c61_anchor_followup,BASELINE,C61,526,first,win,S08,527
c61_anchor_followup,BASELINE,C61,527,second,loss,S08,528
c61_anchor_followup,BASELINE,C61,528,first,loss,S08,530
c61_anchor_followup,BASELINE,C61,529,second,win,S08,529
c61_anchor_followup,BASELINE,C61,530,first,loss,S08,532
c61_anchor_followup,BASELINE,C61,531,second,win,S08,531
c61_anchor_followup,BASELINE,C61,532,first,win,S08,533
c61_anchor_followup,BASELINE,C61,533,second,win,S08,534
c61_anchor_followup,BASELINE,C61,534,first,loss,S08,535
c61_anchor_followup,BASELINE,C61,535,second,loss,S08,536
c61_anchor_followup,BASELINE,C61,536,first,win,S08,537
c61_anchor_followup,BASELINE,C61,537,second,draw,S08,538
c61_anchor_followup,BASELINE,C61,538,first,loss,S08,539
c61_anchor_followup,BASELINE,C61,539,second,loss,S08,540
c61_anchor_followup,BASELINE,C61,540,first,win,S08,541
c61_anchor_followup,BASELINE,C61,541,second,win,S08,542
c61_anchor_followup,BASELINE,C61,542,first,loss,S08,543
c61_anchor_followup,BASELINE,C61,543,second,win,S08,544
c61_anchor_followup,BASELINE,C61,544,first,win,S08,545
c61_anchor_followup,BASELINE,C61,545,second,loss,S08,546
c61_anchor_followup,BASELINE,C61,546,first,loss,S08,547
c61_anchor_followup,BASELINE,C61,547,second,loss,S08,548
c61_anchor_followup,BASELINE,C61,548,first,loss,S08,550
c61_anchor_followup,BASELINE,C61,549,second,loss,S08,549
c61_anchor_followup,BASELINE,C61,550,first,loss,S08,551
c61_anchor_followup,BASELINE,C61,551,second,win,S08,552
c61_anchor_followup,BASELINE,C61,552,first,win,S08,553
c61_anchor_followup,BASELINE,C61,553,second,loss,S08,554
c61_anchor_followup,BASELINE,C61,554,first,loss,S08,556
c61_anchor_followup,BASELINE,C61,555,second,loss,S08,555
c61_anchor_followup,BASELINE,C61,556,first,loss,S08,558
c61_anchor_followup,BASELINE,C61,557,second,win,S08,557
c61_anchor_followup,BASELINE,C61,558,first,win,S08,559
c61_anchor_followup,BASELINE,C61,559,second,loss,S08,560
c61_anchor_followup,BASELINE,C61,560,first,loss,S08,561
c61_anchor_followup,BASELINE,C61,561,second,win,S08,562
c61_anchor_followup,BASELINE,C61,562,first,loss,S08,563
c61_anchor_followup,BASELINE,C61,563,second,loss,S08,564
c61_anchor_followup,BASELINE,C61,564,first,loss,S08,566
c61_anchor_followup,BASELINE,C61,565,second,win,S08,565
c61_anchor_followup,BASELINE,C61,566,first,loss,S08,567
c61_anchor_followup,BASELINE,C61,567,second,loss,S08,568
c61_anchor_followup,BASELINE,C61,568,first,loss,S08,569
c61_anchor_followup,BASELINE,C61,569,second,win,S08,570
c61_anchor_followup,BASELINE,C61,570,first,win,S08,571
c61_anchor_followup,BASELINE,C61,571,second,loss,S08,572
c61_anchor_followup,BASELINE,C61,572,first,loss,S08,573
c61_anchor_followup,BASELINE,C61,573,second,loss,S08,574
c61_anchor_followup,BASELINE,C61,574,first,win,S08,575
c61_anchor_followup,BASELINE,C61,575,second,win,S08,576
c61_anchor_followup,BASELINE,C61,576,first,loss,S08,577
c61_anchor_followup,BASELINE,C61,577,second,win,S08,578
c61_anchor_followup,BASELINE,C61,578,first,win,S08,579
c61_anchor_followup,BASELINE,C61,579,second,loss,S08,580
c61_anchor_followup,BASELINE,C61,580,first,loss,S08,582
c61_anchor_followup,BASELINE,C61,581,second,win,S08,581
c61_anchor_followup,BASELINE,C61,582,first,win,S08,583
c61_anchor_followup,BASELINE,C61,583,second,loss,S08,584
c61_anchor_followup,BASELINE,C61,584,first,loss,S08,585
c61_anchor_followup,BASELINE,C61,585,second,loss,S08,586
c61_anchor_followup,BASELINE,C61,586,first,loss,S08,587
c61_anchor_followup,BASELINE,C61,587,second,win,S08,588
c61_anchor_followup,BASELINE,C61,588,first,win,S08,589
c61_anchor_followup,BASELINE,C61,589,second,loss,S08,590
c61_anchor_followup,BASELINE,C61,590,first,win,S08,591
c61_anchor_followup,BASELINE,C61,591,second,loss,S08,593
c61_anchor_followup,BASELINE,C61,592,first,win,S08,592
c61_anchor_followup,BASELINE,C61,593,second,win,S08,594
c61_anchor_followup,BASELINE,C61,594,first,win,S08,595
c61_anchor_followup,BASELINE,C61,595,second,loss,S08,596
c61_anchor_followup,BASELINE,C61,596,first,win,S08,598
c61_anchor_followup,BASELINE,C61,597,second,loss,S08,597
c61_anchor_followup,BASELINE,C61,598,first,win,S08,599
c61_anchor_followup,BASELINE,C61,599,second,win,S08,600
c61_anchor_followup,BASELINE,C61,600,first,win,S08,601
c61_anchor_followup,BASELINE,C61,601,second,loss,S08,602
c61_anchor_followup,BASELINE,C61,602,first,win,S08,603
c61_anchor_followup,BASELINE,C61,603,second,loss,S08,604
c61_anchor_followup,BASELINE,C61,604,first,win,S08,605
c61_anchor_followup,BASELINE,C61,605,second,win,S08,606
c61_anchor_followup,BASELINE,C61,606,first,loss,S08,607
c61_anchor_followup,BASELINE,C61,607,second,win,S08,609
c61_anchor_followup,BASELINE,C61,608,first,win,S08,608
c61_anchor_followup,BASELINE,C61,609,second,win,S08,610
c61_anchor_followup,BASELINE,C61,610,first,loss,S08,611
c61_anchor_followup,BASELINE,C61,611,second,win,S08,612
c61_anchor_followup,BASELINE,C61,612,first,loss,S08,613
c61_anchor_followup,BASELINE,C61,613,second,win,S08,614
c61_anchor_followup,BASELINE,C61,614,first,win,S08,615
c61_anchor_followup,BASELINE,C61,615,second,loss,S08,616
c61_anchor_followup,BASELINE,C61,616,first,win,S08,617
c61_anchor_followup,BASELINE,C61,617,second,win,S08,618
c61_anchor_followup,BASELINE,C61,618,first,win,S08,619
c61_anchor_followup,BASELINE,C61,619,second,loss,S08,620
c61_anchor_followup,BASELINE,C61,620,first,loss,S08,621
c61_anchor_followup,BASELINE,C61,621,second,loss,S08,622
c61_anchor_followup,BASELINE,C61,622,first,loss,S08,623
c61_anchor_followup,BASELINE,C61,623,second,loss,S08,624
c61_anchor_followup,BASELINE,C61,624,first,win,S08,625
c61_anchor_followup,BASELINE,C61,625,second,loss,S08,626
c61_anchor_followup,BASELINE,C61,626,first,loss,S08,628
c61_anchor_followup,BASELINE,C61,627,second,win,S08,627
c61_anchor_followup,BASELINE,C61,628,first,loss,S08,629
c61_anchor_followup,BASELINE,C61,629,second,win,S08,630
c61_anchor_followup,BASELINE,C61,630,first,loss,S08,632
c61_anchor_followup,BASELINE,C61,631,second,loss,S08,631
c61_anchor_followup,BASELINE,C61,632,first,loss,S08,633
c61_anchor_followup,BASELINE,C61,633,second,win,S08,635
c61_anchor_followup,BASELINE,C61,634,first,loss,S08,634
c61_anchor_followup,BASELINE,C61,635,second,win,S08,636
c61_anchor_followup,BASELINE,C61,636,first,loss,S08,637
c61_anchor_followup,BASELINE,C61,637,second,loss,S08,639
c61_anchor_followup,BASELINE,C61,638,first,loss,S08,638
c61_anchor_followup,BASELINE,C61,639,second,loss,S08,640
c61_anchor_followup,BASELINE,C61,640,first,win,S08,641
c61_anchor_followup,BASELINE,C61,641,second,loss,S08,642
c61_anchor_followup,BASELINE,C61,642,first,loss,S08,643
c61_anchor_followup,BASELINE,C61,643,second,loss,S08,644
c61_anchor_followup,BASELINE,C61,644,first,loss,S08,645
c61_anchor_followup,BASELINE,C61,645,second,loss,S08,646
c61_anchor_followup,BASELINE,C61,646,first,loss,S08,647
c61_anchor_followup,BASELINE,C61,647,second,loss,S08,648
c61_anchor_followup,BASELINE,C61,648,first,loss,S08,649
c61_anchor_followup,BASELINE,C61,649,second,loss,S08,650
c61_anchor_followup,BASELINE,C61,650,first,win,S08,651
c61_anchor_followup,BASELINE,C61,651,second,win,S08,652
c61_anchor_followup,BASELINE,C61,652,first,win,S08,653
c61_anchor_followup,BASELINE,C61,653,second,loss,S08,654
c61_anchor_followup,BASELINE,C61,654,first,loss,S08,655
c61_anchor_followup,BASELINE,C61,655,second,loss,S08,656
c61_anchor_followup,BASELINE,C61,656,first,win,S08,657
c61_anchor_followup,BASELINE,C61,657,second,win,S08,658
c61_anchor_followup,BASELINE,C61,658,first,win,S08,659
c61_anchor_followup,BASELINE,C61,659,second,loss,S08,660
c61_anchor_followup,BASELINE,C61,660,first,win,S08,661
c61_anchor_followup,BASELINE,C61,661,second,loss,S08,663
c61_anchor_followup,BASELINE,C61,662,first,win,S08,662
c61_anchor_followup,BASELINE,C61,663,second,loss,S08,665
c61_anchor_followup,BASELINE,C61,664,first,loss,S08,664
c61_anchor_followup,BASELINE,C61,665,second,loss,S08,666
c61_anchor_followup,BASELINE,C61,666,first,win,S08,667
c61_anchor_followup,BASELINE,C61,667,second,win,S08,668
c61_anchor_followup,BASELINE,C61,668,first,loss,S08,669
c61_anchor_followup,BASELINE,C61,669,second,win,S08,670
c61_anchor_followup,BASELINE,C61,670,first,draw,S08,671
c61_anchor_followup,BASELINE,C61,671,second,loss,S08,672
c61_anchor_followup,BASELINE,C61,672,first,win,S08,673
c61_anchor_followup,BASELINE,C61,673,second,loss,S08,674
c61_anchor_followup,BASELINE,C61,674,first,win,S08,675
c61_anchor_followup,BASELINE,C61,675,second,loss,S08,677
c61_anchor_followup,BASELINE,C61,676,first,loss,S08,676
c61_anchor_followup,BASELINE,C61,677,second,loss,S08,678
c61_anchor_followup,BASELINE,C61,678,first,win,S08,679
c61_anchor_followup,BASELINE,C61,679,second,win,S08,681
c61_anchor_followup,BASELINE,C61,680,first,loss,S08,680
c61_anchor_followup,BASELINE,C61,681,second,loss,S08,682
c61_anchor_followup,BASELINE,C61,682,first,loss,S08,683
c61_anchor_followup,BASELINE,C61,683,second,loss,S08,684
c61_anchor_followup,BASELINE,C61,684,first,win,S08,685
c61_anchor_followup,BASELINE,C61,685,second,win,S08,687
c61_anchor_followup,BASELINE,C61,686,first,loss,S08,686
c61_anchor_followup,BASELINE,C61,687,second,win,S08,689
c61_anchor_followup,BASELINE,C61,688,first,loss,S08,688
c61_anchor_followup,BASELINE,C61,689,second,loss,S08,690
c61_anchor_followup,BASELINE,C61,690,first,loss,S08,691
c61_anchor_followup,BASELINE,C61,691,second,loss,S08,692
c61_anchor_followup,BASELINE,C61,692,first,win,S08,693
c61_anchor_followup,BASELINE,C61,693,second,loss,S08,694
c61_anchor_followup,BASELINE,C61,694,first,loss,S08,696
c61_anchor_followup,BASELINE,C61,695,second,loss,S08,695
c61_anchor_followup,BASELINE,C61,696,first,loss,S08,698
c61_anchor_followup,BASELINE,C61,697,second,loss,S08,697
c61_anchor_followup,BASELINE,C61,698,first,win,S08,699
c61_anchor_followup,BASELINE,C61,699,second,loss,S08,700
c61_anchor_followup,BASELINE,C61,700,first,loss,S08,701
c61_anchor_followup,BASELINE,C61,701,second,loss,S08,703
c61_anchor_followup,BASELINE,C61,702,first,win,S08,702
c61_anchor_followup,BASELINE,C61,703,second,loss,S08,705
c61_anchor_followup,BASELINE,C61,704,first,loss,S08,704
c61_anchor_followup,BASELINE,C61,705,second,win,S08,706
c61_anchor_followup,BASELINE,C61,706,first,win,S08,708
c61_anchor_followup,BASELINE,C61,707,second,win,S08,707
c61_anchor_followup,BASELINE,C61,708,first,loss,S08,710
c61_anchor_followup,BASELINE,C61,709,second,loss,S08,709
c61_anchor_followup,BASELINE,C61,710,first,win,S08,711
c61_anchor_followup,BASELINE,C61,711,second,loss,S08,712
c61_anchor_followup,BASELINE,C61,712,first,win,S08,713
c61_anchor_followup,BASELINE,C61,713,second,win,S08,714
c61_anchor_followup,BASELINE,C61,714,first,win,S08,716
c61_anchor_followup,BASELINE,C61,715,second,loss,S08,715
c61_anchor_followup,BASELINE,C61,716,first,loss,S08,717
c61_anchor_followup,BASELINE,C61,717,second,loss,S08,718
c61_anchor_followup,BASELINE,C61,718,first,loss,S08,720
c61_anchor_followup,BASELINE,C61,719,second,win,S08,719
c61_anchor_followup,BASELINE,C61,720,first,win,S08,721
c61_anchor_followup,BASELINE,C61,721,second,loss,S08,723
c61_anchor_followup,BASELINE,C61,722,first,win,S08,722
c61_anchor_followup,BASELINE,C61,723,second,loss,S08,724
c61_anchor_followup,BASELINE,C61,724,first,loss,S08,726
c61_anchor_followup,BASELINE,C61,725,second,loss,S08,725
c61_anchor_followup,BASELINE,C61,726,first,win,S08,727
c61_anchor_followup,BASELINE,C61,727,second,loss,S08,728
c61_anchor_followup,BASELINE,C61,728,first,loss,S08,730
c61_anchor_followup,BASELINE,C61,729,second,loss,S08,729
c61_anchor_followup,BASELINE,C61,730,first,win,S08,731
c61_anchor_followup,BASELINE,C61,731,second,win,S08,732
c61_anchor_followup,BASELINE,C61,732,first,win,S08,734
c61_anchor_followup,BASELINE,C61,733,second,win,S08,733
c61_anchor_followup,BASELINE,C61,734,first,loss,S08,735
c61_anchor_followup,BASELINE,C61,735,second,loss,S08,736
c61_anchor_followup,BASELINE,C61,736,first,win,S08,737
c61_anchor_followup,BASELINE,C61,737,second,loss,S08,738
c61_anchor_followup,BASELINE,C61,738,first,loss,S08,739
c61_anchor_followup,BASELINE,C61,739,second,win,S08,740
c61_anchor_followup,BASELINE,C61,740,first,loss,S08,742
c61_anchor_followup,BASELINE,C61,741,second,win,S08,741
c61_anchor_followup,BASELINE,C61,742,first,win,S08,743
c61_anchor_followup,BASELINE,C61,743,second,loss,S08,744
c61_anchor_followup,BASELINE,C61,744,first,win,S08,745
c61_anchor_followup,BASELINE,C61,745,second,loss,S08,746
c61_anchor_followup,BASELINE,C61,746,first,loss,S08,747
c61_anchor_followup,BASELINE,C61,747,second,loss,S08,749
c61_anchor_followup,BASELINE,C61,748,first,win,S08,748
c61_anchor_followup,BASELINE,C61,749,second,loss,S08,751
c61_anchor_followup,BASELINE,C61,750,first,win,S08,750
c61_anchor_followup,BASELINE,C61,751,second,loss,S08,753
c61_anchor_followup,BASELINE,C61,752,first,loss,S08,752
c61_anchor_followup,BASELINE,C61,753,second,loss,S08,754
c61_anchor_followup,BASELINE,C61,754,first,loss,S08,755
c61_anchor_followup,BASELINE,C61,755,second,win,S08,756
c61_anchor_followup,BASELINE,C61,756,first,win,S08,758
c61_anchor_followup,BASELINE,C61,757,second,loss,S08,757
c61_anchor_followup,BASELINE,C61,758,first,loss,S08,761
c61_anchor_followup,BASELINE,C61,759,second,loss,S08,759
c61_anchor_followup,BASELINE,C61,760,first,win,S08,760
c61_anchor_followup,BASELINE,C61,761,second,loss,S08,763
c61_anchor_followup,BASELINE,C61,762,first,win,S08,762
c61_anchor_followup,BASELINE,C61,763,second,loss,S08,765
c61_anchor_followup,BASELINE,C61,764,first,win,S08,764
c61_anchor_followup,BASELINE,C61,765,second,loss,S08,768
c61_anchor_followup,BASELINE,C61,766,first,win,S08,766
c61_anchor_followup,BASELINE,C61,767,second,win,S08,767
c61_anchor_followup,BASELINE,C61,768,first,loss,S08,770
c61_anchor_followup,BASELINE,C61,769,second,win,S08,769
c61_anchor_followup,BASELINE,C61,770,first,loss,S08,771
c61_anchor_followup,BASELINE,C61,771,second,win,S08,772
c61_anchor_followup,BASELINE,C61,772,first,loss,S08,773
c61_anchor_followup,BASELINE,C61,773,second,loss,S08,774
c61_anchor_followup,BASELINE,C61,774,first,loss,S08,775
c61_anchor_followup,BASELINE,C61,775,second,loss,S08,776
c61_anchor_followup,BASELINE,C61,776,first,loss,S08,777
c61_anchor_followup,BASELINE,C61,777,second,loss,S08,779
c61_anchor_followup,BASELINE,C61,778,first,win,S08,778
c61_anchor_followup,BASELINE,C61,779,second,win,S08,781
c61_anchor_followup,BASELINE,C61,780,first,win,S08,780
c61_anchor_followup,BASELINE,C61,781,second,loss,S08,782
c61_anchor_followup,BASELINE,C61,782,first,win,S08,783
c61_anchor_followup,BASELINE,C61,783,second,loss,S08,784
c61_anchor_followup,BASELINE,C61,784,first,win,S08,785
c61_anchor_followup,BASELINE,C61,785,second,loss,S08,786
c61_anchor_followup,BASELINE,C61,786,first,loss,S08,787
c61_anchor_followup,BASELINE,C61,787,second,loss,S08,788
c61_anchor_followup,BASELINE,C61,788,first,loss,S08,789
c61_anchor_followup,BASELINE,C61,789,second,loss,S08,790
c61_anchor_followup,BASELINE,C61,790,first,loss,S08,791
c61_anchor_followup,BASELINE,C61,791,second,loss,S08,792
c61_anchor_followup,BASELINE,C61,792,first,loss,S08,793
c61_anchor_followup,BASELINE,C61,793,second,loss,S08,794
c61_anchor_followup,BASELINE,C61,794,first,win,S08,796
c61_anchor_followup,BASELINE,C61,795,second,loss,S08,795
c61_anchor_followup,BASELINE,C61,796,first,win,S08,798
c61_anchor_followup,BASELINE,C61,797,second,loss,S08,797
c61_anchor_followup,BASELINE,C61,798,first,loss,S08,799
c61_anchor_followup,BASELINE,C61,799,second,win,S08,800
c61_anchor_followup,BASELINE,C61,800,first,win,S08,801
c61_anchor_followup,BASELINE,C61,801,second,loss,S08,802
c61_anchor_followup,BASELINE,C61,802,first,win,S08,803
c61_anchor_followup,BASELINE,C61,803,second,loss,S08,804
c61_anchor_followup,BASELINE,C61,804,first,win,S08,805
c61_anchor_followup,BASELINE,C61,805,second,loss,S08,807
c61_anchor_followup,BASELINE,C61,806,first,win,S08,806
c61_anchor_followup,BASELINE,C61,807,second,win,S08,808
c61_anchor_followup,BASELINE,C61,808,first,loss,S08,809
c61_anchor_followup,BASELINE,C61,809,second,loss,S08,811
c61_anchor_followup,BASELINE,C61,810,first,win,S08,810
c61_anchor_followup,BASELINE,C61,811,second,loss,S08,812
c61_anchor_followup,BASELINE,C61,812,first,win,S08,813
c61_anchor_followup,BASELINE,C61,813,second,win,S08,814
c61_anchor_followup,BASELINE,C61,814,first,loss,S08,815
c61_anchor_followup,BASELINE,C61,815,second,loss,S08,816
c61_anchor_followup,BASELINE,C61,816,first,loss,S08,817
c61_anchor_followup,BASELINE,C61,817,second,loss,S08,819
c61_anchor_followup,BASELINE,C61,818,first,loss,S08,818
c61_anchor_followup,BASELINE,C61,819,second,win,S08,821
c61_anchor_followup,BASELINE,C61,820,first,loss,S08,820
c61_anchor_followup,BASELINE,C61,821,second,loss,S08,822
c61_anchor_followup,BASELINE,C61,822,first,win,S08,824
c61_anchor_followup,BASELINE,C61,823,second,win,S08,823
c61_anchor_followup,BASELINE,C61,824,first,loss,S08,826
c61_anchor_followup,BASELINE,C61,825,second,win,S08,825
c61_anchor_followup,BASELINE,C61,826,first,loss,S08,827
c61_anchor_followup,BASELINE,C61,827,second,win,S08,828
c61_anchor_followup,BASELINE,C61,828,first,win,S08,829
c61_anchor_followup,BASELINE,C61,829,second,loss,S08,830
c61_anchor_followup,BASELINE,C61,830,first,win,S08,831
c61_anchor_followup,BASELINE,C61,831,second,loss,S08,832
c61_anchor_followup,BASELINE,C61,832,first,loss,S08,833
c61_anchor_followup,BASELINE,C61,833,second,loss,S08,835
c61_anchor_followup,BASELINE,C61,834,first,loss,S08,834
c61_anchor_followup,BASELINE,C61,835,second,loss,S08,836
c61_anchor_followup,BASELINE,C61,836,first,loss,S08,837
c61_anchor_followup,BASELINE,C61,837,second,loss,S08,838
c61_anchor_followup,BASELINE,C61,838,first,loss,S08,840
c61_anchor_followup,BASELINE,C61,839,second,win,S08,839
c61_anchor_followup,BASELINE,C61,840,first,win,S08,841
c61_anchor_followup,BASELINE,C61,841,second,loss,S08,842
c61_anchor_followup,BASELINE,C61,842,first,loss,S08,843
c61_anchor_followup,BASELINE,C61,843,second,loss,S08,844
c61_anchor_followup,BASELINE,C61,844,first,loss,S08,846
c61_anchor_followup,BASELINE,C61,845,second,loss,S08,845
c61_anchor_followup,BASELINE,C61,846,first,win,S08,847
c61_anchor_followup,BASELINE,C61,847,second,win,S08,849
c61_anchor_followup,BASELINE,C61,848,first,win,S08,848
c61_anchor_followup,BASELINE,C61,849,second,loss,S08,850
c61_anchor_followup,BASELINE,C61,850,first,win,S08,851
c61_anchor_followup,BASELINE,C61,851,second,win,S08,853
c61_anchor_followup,BASELINE,C61,852,first,loss,S08,852
c61_anchor_followup,BASELINE,C61,853,second,loss,S08,854
c61_anchor_followup,BASELINE,C61,854,first,loss,S08,855
c61_anchor_followup,BASELINE,C61,855,second,loss,S08,856
c61_anchor_followup,BASELINE,C61,856,first,win,S08,857
c61_anchor_followup,BASELINE,C61,857,second,loss,S08,859
c61_anchor_followup,BASELINE,C61,858,first,loss,S08,858
c61_anchor_followup,BASELINE,C61,859,second,loss,S08,861
c61_anchor_followup,BASELINE,C61,860,first,loss,S08,860
c61_anchor_followup,BASELINE,C61,861,second,loss,S08,863
c61_anchor_followup,BASELINE,C61,862,first,loss,S08,862
c61_anchor_followup,BASELINE,C61,863,second,loss,S08,864
c61_anchor_followup,BASELINE,C61,864,first,loss,S08,865
c61_anchor_followup,BASELINE,C61,865,second,loss,S08,866
c61_anchor_followup,BASELINE,C61,866,first,loss,S08,867
c61_anchor_followup,BASELINE,C61,867,second,win,S08,868
c61_anchor_followup,BASELINE,C61,868,first,loss,S08,869
c61_anchor_followup,BASELINE,C61,869,second,loss,S08,871
c61_anchor_followup,BASELINE,C61,870,first,loss,S08,870
c61_anchor_followup,BASELINE,C61,871,second,win,S08,872
c61_anchor_followup,BASELINE,C61,872,first,loss,S08,873
c61_anchor_followup,BASELINE,C61,873,second,win,S08,874
c61_anchor_followup,BASELINE,C61,874,first,loss,S08,875
c61_anchor_followup,BASELINE,C61,875,second,loss,S08,876
c61_anchor_followup,BASELINE,C61,876,first,loss,S08,877
c61_anchor_followup,BASELINE,C61,877,second,loss,S08,878
c61_anchor_followup,BASELINE,C61,878,first,loss,S08,879
c61_anchor_followup,BASELINE,C61,879,second,win,S08,880
c61_anchor_followup,BASELINE,C61,880,first,win,S08,881
c61_anchor_followup,BASELINE,C61,881,second,loss,S08,882
c61_anchor_followup,BASELINE,C61,882,first,loss,S08,883
c61_anchor_followup,BASELINE,C61,883,second,loss,S08,885
c61_anchor_followup,BASELINE,C61,884,first,win,S08,884
c61_anchor_followup,BASELINE,C61,885,second,win,S08,886
c61_anchor_followup,BASELINE,C61,886,first,loss,S08,887
c61_anchor_followup,BASELINE,C61,887,second,win,S08,888
c61_anchor_followup,BASELINE,C61,888,first,loss,S08,889
c61_anchor_followup,BASELINE,C61,889,second,win,S08,891
c61_anchor_followup,BASELINE,C61,890,first,win,S08,890
c61_anchor_followup,BASELINE,C61,891,second,win,S08,892
c61_anchor_followup,BASELINE,C61,892,first,win,S08,893
c61_anchor_followup,BASELINE,C61,893,second,win,S08,895
c61_anchor_followup,BASELINE,C61,894,first,win,S08,894
c61_anchor_followup,BASELINE,C61,895,second,win,S08,896
c61_anchor_followup,BASELINE,C61,896,first,win,S08,897
c61_anchor_followup,BASELINE,C61,897,second,win,S08,899
c61_anchor_followup,BASELINE,C61,898,first,loss,S08,898
c61_anchor_followup,BASELINE,C61,899,second,loss,S08,900
c61_anchor_followup,BASELINE,C61,900,first,win,S08,901
c61_anchor_followup,BASELINE,C61,901,second,loss,S08,903
c61_anchor_followup,BASELINE,C61,902,first,win,S08,902
c61_anchor_followup,BASELINE,C61,903,second,loss,S08,905
c61_anchor_followup,BASELINE,C61,904,first,win,S08,904
c61_anchor_followup,BASELINE,C61,905,second,loss,S08,906
c61_anchor_followup,BASELINE,C61,906,first,win,S08,907
c61_anchor_followup,BASELINE,C61,907,second,win,S08,909
c61_anchor_followup,BASELINE,C61,908,first,loss,S08,908
c61_anchor_followup,BASELINE,C61,909,second,loss,S08,911
c61_anchor_followup,BASELINE,C61,910,first,loss,S08,910
c61_anchor_followup,BASELINE,C61,911,second,win,S08,912
c61_anchor_followup,BASELINE,C61,912,first,loss,S08,913
c61_anchor_followup,BASELINE,C61,913,second,win,S08,914
c61_anchor_followup,BASELINE,C61,914,first,win,S08,915
c61_anchor_followup,BASELINE,C61,915,second,loss,S08,916
c61_anchor_followup,BASELINE,C61,916,first,loss,S08,918
c61_anchor_followup,BASELINE,C61,917,second,win,S08,917
c61_anchor_followup,BASELINE,C61,918,first,win,S08,919
c61_anchor_followup,BASELINE,C61,919,second,win,S08,920
c61_anchor_followup,BASELINE,C61,920,first,win,S08,921
c61_anchor_followup,BASELINE,C61,921,second,win,S08,922
c61_anchor_followup,BASELINE,C61,922,first,loss,S08,923
c61_anchor_followup,BASELINE,C61,923,second,loss,S08,925
c61_anchor_followup,BASELINE,C61,924,first,loss,S08,924
c61_anchor_followup,BASELINE,C61,925,second,win,S08,926
c61_anchor_followup,BASELINE,C61,926,first,loss,S08,928
c61_anchor_followup,BASELINE,C61,927,second,win,S08,927
c61_anchor_followup,BASELINE,C61,928,first,loss,S08,930
c61_anchor_followup,BASELINE,C61,929,second,loss,S08,929
c61_anchor_followup,BASELINE,C61,930,first,win,S08,931
c61_anchor_followup,BASELINE,C61,931,second,win,S08,932
c61_anchor_followup,BASELINE,C61,932,first,win,S08,933
c61_anchor_followup,BASELINE,C61,933,second,win,S08,934
c61_anchor_followup,BASELINE,C61,934,first,loss,S08,936
c61_anchor_followup,BASELINE,C61,935,second,loss,S08,935
c61_anchor_followup,BASELINE,C61,936,first,loss,S08,937
c61_anchor_followup,BASELINE,C61,937,second,win,S08,938
c61_anchor_followup,BASELINE,C61,938,first,loss,S08,939
c61_anchor_followup,BASELINE,C61,939,second,loss,S08,940
c61_anchor_followup,BASELINE,C61,940,first,loss,S08,942
c61_anchor_followup,BASELINE,C61,941,second,win,S08,941
c61_anchor_followup,BASELINE,C61,942,first,win,S08,944
c61_anchor_followup,BASELINE,C61,943,second,loss,S08,943
c61_anchor_followup,BASELINE,C61,944,first,loss,S08,945
c61_anchor_followup,BASELINE,C61,945,second,win,S08,946
c61_anchor_followup,BASELINE,C61,946,first,loss,S08,948
c61_anchor_followup,BASELINE,C61,947,second,loss,S08,947
c61_anchor_followup,BASELINE,C61,948,first,win,S08,949
c61_anchor_followup,BASELINE,C61,949,second,win,S08,950
c61_anchor_followup,BASELINE,C61,950,first,win,S08,951
c61_anchor_followup,BASELINE,C61,951,second,loss,S08,953
c61_anchor_followup,BASELINE,C61,952,first,loss,S08,952
c61_anchor_followup,BASELINE,C61,953,second,loss,S08,955
c61_anchor_followup,BASELINE,C61,954,first,loss,S08,954
c61_anchor_followup,BASELINE,C61,955,second,loss,S08,956
c61_anchor_followup,BASELINE,C61,956,first,loss,S08,957
c61_anchor_followup,BASELINE,C61,957,second,loss,S08,959
c61_anchor_followup,BASELINE,C61,958,first,win,S08,958
c61_anchor_followup,BASELINE,C61,959,second,win,S08,960
c61_anchor_followup,BASELINE,C61,960,first,loss,S08,961
c61_anchor_followup,BASELINE,C61,961,second,draw,S08,964
c61_anchor_followup,BASELINE,C61,962,first,loss,S08,962
c61_anchor_followup,BASELINE,C61,963,second,win,S08,963
c61_anchor_followup,BASELINE,C61,964,first,loss,S08,966
c61_anchor_followup,BASELINE,C61,965,second,loss,S08,965
c61_anchor_followup,BASELINE,C61,966,first,loss,S08,967
c61_anchor_followup,BASELINE,C61,967,second,win,S08,968
c61_anchor_followup,BASELINE,C61,968,first,win,S08,969
c61_anchor_followup,BASELINE,C61,969,second,win,S08,970
c61_anchor_followup,BASELINE,C61,970,first,loss,S08,972
c61_anchor_followup,BASELINE,C61,971,second,win,S08,971
c61_anchor_followup,BASELINE,C61,972,first,win,S08,973
c61_anchor_followup,BASELINE,C61,973,second,loss,S08,974
c61_anchor_followup,BASELINE,C61,974,first,win,S08,975
c61_anchor_followup,BASELINE,C61,975,second,loss,S08,976
c61_anchor_followup,BASELINE,C61,976,first,win,S08,977
c61_anchor_followup,BASELINE,C61,977,second,loss,S08,978
c61_anchor_followup,BASELINE,C61,978,first,win,S08,979
c61_anchor_followup,BASELINE,C61,979,second,loss,S08,980
c61_anchor_followup,BASELINE,C61,980,first,win,S08,981
c61_anchor_followup,BASELINE,C61,981,second,win,S08,983
c61_anchor_followup,BASELINE,C61,982,first,win,S08,982
c61_anchor_followup,BASELINE,C61,983,second,win,S08,984
c61_anchor_followup,BASELINE,C61,984,first,loss,S08,986
c61_anchor_followup,BASELINE,C61,985,second,loss,S08,985
c61_anchor_followup,BASELINE,C61,986,first,loss,S08,988
c61_anchor_followup,BASELINE,C61,987,second,loss,S08,987
c61_anchor_followup,BASELINE,C61,988,first,win,S08,989
c61_anchor_followup,BASELINE,C61,989,second,win,S08,990
c61_anchor_followup,BASELINE,C61,990,first,win,S08,991
c61_anchor_followup,BASELINE,C61,991,second,loss,S08,992
c61_anchor_followup,BASELINE,C61,992,first,loss,S08,993
c61_anchor_followup,BASELINE,C61,993,second,loss,S08,995
c61_anchor_followup,BASELINE,C61,994,first,loss,S08,994
c61_anchor_followup,BASELINE,C61,995,second,loss,S08,996
c61_anchor_followup,BASELINE,C61,996,first,loss,S08,997
c61_anchor_followup,BASELINE,C61,997,second,loss,S08,998
c61_anchor_followup,BASELINE,C61,998,first,win,S08,999
c61_anchor_followup,BASELINE,C61,999,second,win,S08,1000
c61_anchor_followup,BASELINE,C61,1000,first,loss,S08,1001
c61_anchor_followup,BASELINE,C61,1001,second,win,S08,1002
c61_anchor_followup,BASELINE,C61,1002,first,loss,S08,1004
c61_anchor_followup,BASELINE,C61,1003,second,win,S08,1003
c61_anchor_followup,BASELINE,C61,1004,first,loss,S08,1005
c61_anchor_followup,BASELINE,C61,1005,second,win,S08,1006
c61_anchor_followup,BASELINE,C61,1006,first,loss,S08,1007
c61_anchor_followup,BASELINE,C61,1007,second,draw,S08,1008
c61_anchor_followup,BASELINE,C61,1008,first,win,S08,1009
c61_anchor_followup,BASELINE,C61,1009,second,loss,S08,1010
c61_anchor_followup,BASELINE,C61,1010,first,win,S08,1011
c61_anchor_followup,BASELINE,C61,1011,second,loss,S08,1012
c61_anchor_followup,BASELINE,C61,1012,first,loss,S08,1013
c61_anchor_followup,BASELINE,C61,1013,second,loss,S08,1014
c61_anchor_followup,BASELINE,C61,1014,first,loss,S08,1015
c61_anchor_followup,BASELINE,C61,1015,second,loss,S08,1016
c61_anchor_followup,BASELINE,C61,1016,first,win,S08,1017
c61_anchor_followup,BASELINE,C61,1017,second,loss,S08,1018
c61_anchor_followup,BASELINE,C61,1018,first,win,S08,1019
c61_anchor_followup,BASELINE,C61,1019,second,loss,S08,1020
c61_anchor_followup,BASELINE,C61,1020,first,loss,S08,1021
c61_anchor_followup,BASELINE,C61,1021,second,loss,S08,1022
c61_anchor_followup,BASELINE,C61,1022,first,loss,S08,1023
c61_anchor_followup,BASELINE,C61,1023,second,loss,S08,1024
c61_anchor_followup,BASELINE,C61,1024,first,win,S08,1025
c61_anchor_followup,BASELINE,C61,1025,second,win,S08,1026
c61_anchor_followup,BASELINE,C61,1026,first,win,S08,1028
c61_anchor_followup,BASELINE,C61,1027,second,win,S08,1027
c61_anchor_followup,BASELINE,C61,1028,first,loss,S08,1029
c61_anchor_followup,BASELINE,C61,1029,second,loss,S08,1030
c61_anchor_followup,BASELINE,C61,1030,first,win,S08,1031
c61_anchor_followup,BASELINE,C61,1031,second,loss,S08,1032
c61_anchor_followup,BASELINE,C61,1032,first,loss,S08,1033
c61_anchor_followup,BASELINE,C61,1033,second,win,S08,1034
c61_anchor_followup,BASELINE,C61,1034,first,loss,S08,1035
c61_anchor_followup,BASELINE,C61,1035,second,loss,S08,1036
c61_anchor_followup,BASELINE,C61,1036,first,loss,S08,1038
c61_anchor_followup,BASELINE,C61,1037,second,loss,S08,1037
c61_anchor_followup,BASELINE,C61,1038,first,win,S08,1039
c61_anchor_followup,BASELINE,C61,1039,second,win,S08,1041
c61_anchor_followup,BASELINE,C61,1040,first,win,S08,1040
c61_anchor_followup,BASELINE,C61,1041,second,loss,S08,1042
c61_anchor_followup,BASELINE,C61,1042,first,loss,S08,1044
c61_anchor_followup,BASELINE,C61,1043,second,win,S08,1043
c61_anchor_followup,BASELINE,C61,1044,first,win,S08,1045
c61_anchor_followup,BASELINE,C61,1045,second,win,S08,1047
c61_anchor_followup,BASELINE,C61,1046,first,win,S08,1046
c61_anchor_followup,BASELINE,C61,1047,second,loss,S08,1048
c61_anchor_followup,BASELINE,C61,1048,first,win,S08,1049
c61_anchor_followup,BASELINE,C61,1049,second,win,S08,1050
c61_anchor_followup,BASELINE,C61,1050,first,loss,S08,1052
c61_anchor_followup,BASELINE,C61,1051,second,win,S08,1051
c61_anchor_followup,BASELINE,C61,1052,first,win,S08,1053
c61_anchor_followup,BASELINE,C61,1053,second,win,S08,1054
c61_anchor_followup,BASELINE,C61,1054,first,win,S08,1055
c61_anchor_followup,BASELINE,C61,1055,second,loss,S08,1056
c61_anchor_followup,BASELINE,C61,1056,first,win,S08,1057
c61_anchor_followup,BASELINE,C61,1057,second,loss,S08,1058
c61_anchor_followup,BASELINE,C61,1058,first,win,S08,1059
c61_anchor_followup,BASELINE,C61,1059,second,win,S08,1060
c61_anchor_followup,BASELINE,C61,1060,first,loss,S08,1062
c61_anchor_followup,BASELINE,C61,1061,second,win,S08,1061
c61_anchor_followup,BASELINE,C61,1062,first,win,S08,1063
c61_anchor_followup,BASELINE,C61,1063,second,win,S08,1064
c61_anchor_followup,BASELINE,C61,1064,first,loss,S08,1065
c61_anchor_followup,BASELINE,C61,1065,second,win,S08,1066
c61_anchor_followup,BASELINE,C61,1066,first,loss,S08,1068
c61_anchor_followup,BASELINE,C61,1067,second,loss,S08,1067
c61_anchor_followup,BASELINE,C61,1068,first,loss,S08,1069
c61_anchor_followup,BASELINE,C61,1069,second,loss,S08,1071
c61_anchor_followup,BASELINE,C61,1070,first,loss,S08,1070
c61_anchor_followup,BASELINE,C61,1071,second,loss,S08,1072
c61_anchor_followup,BASELINE,C61,1072,first,win,S08,1073
c61_anchor_followup,BASELINE,C61,1073,second,loss,S08,1074
c61_anchor_followup,BASELINE,C61,1074,first,loss,S08,1075
c61_anchor_followup,BASELINE,C61,1075,second,loss,S08,1076
c61_anchor_followup,BASELINE,C61,1076,first,loss,S08,1077
c61_anchor_followup,BASELINE,C61,1077,second,loss,S08,1079
c61_anchor_followup,BASELINE,C61,1078,first,win,S08,1078
c61_anchor_followup,BASELINE,C61,1079,second,win,S08,1080
c61_anchor_followup,BASELINE,C61,1080,first,loss,S08,1081
c61_anchor_followup,BASELINE,C61,1081,second,win,S08,1082
c61_anchor_followup,BASELINE,C61,1082,first,loss,S08,1083
c61_anchor_followup,BASELINE,C61,1083,second,loss,S08,1084
c61_anchor_followup,BASELINE,C61,1084,first,loss,S08,1085
c61_anchor_followup,BASELINE,C61,1085,second,loss,S08,1086
c61_anchor_followup,BASELINE,C61,1086,first,win,S08,1087
c61_anchor_followup,BASELINE,C61,1087,second,win,S08,1088
c61_anchor_followup,BASELINE,C61,1088,first,win,S08,1089
c61_anchor_followup,BASELINE,C61,1089,second,loss,S08,1090
c61_anchor_followup,BASELINE,C61,1090,first,loss,S08,1091
c61_anchor_followup,BASELINE,C61,1091,second,loss,S08,1092
c61_anchor_followup,BASELINE,C61,1092,first,loss,S08,1093
c61_anchor_followup,BASELINE,C61,1093,second,loss,S08,1094
c61_anchor_followup,BASELINE,C61,1094,first,win,S08,1095
c61_anchor_followup,BASELINE,C61,1095,second,loss,S08,1096
c61_anchor_followup,BASELINE,C61,1096,first,loss,S08,1097
c61_anchor_followup,BASELINE,C61,1097,second,loss,S08,1098
c61_anchor_followup,BASELINE,C61,1098,first,loss,S08,1099
c61_anchor_followup,BASELINE,C61,1099,second,loss,S08,1100
c61_anchor_followup,BASELINE,C61,1100,first,win,S08,1101
c61_anchor_followup,BASELINE,C61,1101,second,win,S08,1102
c61_anchor_followup,BASELINE,C61,1102,first,loss,S08,1103
c61_anchor_followup,BASELINE,C61,1103,second,loss,S08,1104
c61_anchor_followup,BASELINE,C61,1104,first,win,S08,1105
c61_anchor_followup,BASELINE,C61,1105,second,loss,S08,1106
c61_anchor_followup,BASELINE,C61,1106,first,loss,S08,1107
c61_anchor_followup,BASELINE,C61,1107,second,win,S08,1108
c61_anchor_followup,BASELINE,C61,1108,first,loss,S08,1110
c61_anchor_followup,BASELINE,C61,1109,second,win,S08,1109
c61_anchor_followup,BASELINE,C61,1110,first,win,S08,1111
c61_anchor_followup,BASELINE,C61,1111,second,loss,S08,1112
c61_anchor_followup,BASELINE,C61,1112,first,loss,S08,1113
c61_anchor_followup,BASELINE,C61,1113,second,loss,S08,1114
c61_anchor_followup,BASELINE,C61,1114,first,loss,S08,1115
c61_anchor_followup,BASELINE,C61,1115,second,win,S08,1116
c61_anchor_followup,BASELINE,C61,1116,first,win,S08,1117
c61_anchor_followup,BASELINE,C61,1117,second,loss,S08,1118
c61_anchor_followup,BASELINE,C61,1118,first,win,S08,1119
c61_anchor_followup,BASELINE,C61,1119,second,loss,S08,1120
c61_anchor_followup,BASELINE,C61,1120,first,loss,S08,1121
c61_anchor_followup,BASELINE,C61,1121,second,win,S08,1122
c61_anchor_followup,BASELINE,C61,1122,first,win,S08,1124
c61_anchor_followup,BASELINE,C61,1123,second,loss,S08,1123
c61_anchor_followup,BASELINE,C61,1124,first,loss,S08,1126
c61_anchor_followup,BASELINE,C61,1125,second,loss,S08,1125
c61_anchor_followup,BASELINE,C61,1126,first,win,S08,1127
c61_anchor_followup,BASELINE,C61,1127,second,win,S08,1128
c61_anchor_followup,BASELINE,C61,1128,first,loss,S08,1129
c61_anchor_followup,BASELINE,C61,1129,second,win,S08,1130
c61_anchor_followup,BASELINE,C61,1130,first,win,S08,1131
c61_anchor_followup,BASELINE,C61,1131,second,win,S08,1132
c61_anchor_followup,BASELINE,C61,1132,first,win,S08,1133
c61_anchor_followup,BASELINE,C61,1133,second,win,S08,1134
c61_anchor_followup,BASELINE,C61,1134,first,win,S08,1136
c61_anchor_followup,BASELINE,C61,1135,second,loss,S08,1135
c61_anchor_followup,BASELINE,C61,1136,first,loss,S08,1138
c61_anchor_followup,BASELINE,C61,1137,second,loss,S08,1137
c61_anchor_followup,BASELINE,C61,1138,first,win,S08,1140
c61_anchor_followup,BASELINE,C61,1139,second,win,S08,1139
c61_anchor_followup,BASELINE,C61,1140,first,loss,S08,1141
c61_anchor_followup,BASELINE,C61,1141,second,win,S08,1142
c61_anchor_followup,BASELINE,C61,1142,first,win,S08,1143
c61_anchor_followup,BASELINE,C61,1143,second,win,S08,1144
c61_anchor_followup,BASELINE,C61,1144,first,loss,S08,1145
c61_anchor_followup,BASELINE,C61,1145,second,loss,S08,1146
c61_anchor_followup,BASELINE,C61,1146,first,loss,S08,1147
c61_anchor_followup,BASELINE,C61,1147,second,loss,S08,1149
c61_anchor_followup,BASELINE,C61,1148,first,win,S08,1148
c61_anchor_followup,BASELINE,C61,1149,second,loss,S08,1150
c61_anchor_followup,BASELINE,C61,1150,first,win,S08,1151
c61_anchor_followup,BASELINE,C61,1151,second,loss,S08,1152
c61_anchor_followup,BASELINE,C61,1152,first,loss,S08,1154
c61_anchor_followup,BASELINE,C61,1153,second,win,S08,1153
c61_anchor_followup,BASELINE,C61,1154,first,loss,S08,1156
c61_anchor_followup,BASELINE,C61,1155,second,loss,S08,1155
c61_anchor_followup,BASELINE,C61,1156,first,loss,S08,1158
c61_anchor_followup,BASELINE,C61,1157,second,win,S08,1157
c61_anchor_followup,BASELINE,C61,1158,first,loss,S08,1160
c61_anchor_followup,BASELINE,C61,1159,second,win,S08,1159
c61_anchor_followup,BASELINE,C61,1160,first,loss,S08,1161
c61_anchor_followup,BASELINE,C61,1161,second,loss,S08,1162
c61_anchor_followup,BASELINE,C61,1162,first,loss,S08,1163
c61_anchor_followup,BASELINE,C61,1163,second,win,S08,1164
c61_anchor_followup,BASELINE,C61,1164,first,loss,S08,1165
c61_anchor_followup,BASELINE,C61,1165,second,win,S08,1166
c61_anchor_followup,BASELINE,C61,1166,first,win,S08,1167
c61_anchor_followup,BASELINE,C61,1167,second,loss,S08,1169
c61_anchor_followup,BASELINE,C61,1168,first,win,S08,1168
c61_anchor_followup,BASELINE,C61,1169,second,loss,S08,1170
c61_anchor_followup,BASELINE,C61,1170,first,loss,S08,1171
c61_anchor_followup,BASELINE,C61,1171,second,loss,S08,1173
c61_anchor_followup,BASELINE,C61,1172,first,win,S08,1172
c61_anchor_followup,BASELINE,C61,1173,second,loss,S08,1174
c61_anchor_followup,BASELINE,C61,1174,first,loss,S08,1175
c61_anchor_followup,BASELINE,C61,1175,second,win,S08,1176
c61_anchor_followup,BASELINE,C61,1176,first,win,S08,1177
c61_anchor_followup,BASELINE,C61,1177,second,loss,S08,1178
c61_anchor_followup,BASELINE,C61,1178,first,loss,S08,1180
c61_anchor_followup,BASELINE,C61,1179,second,win,S08,1179
c61_anchor_followup,BASELINE,C61,1180,first,win,S08,1181
c61_anchor_followup,BASELINE,C61,1181,second,win,S08,1182
c61_anchor_followup,BASELINE,C61,1182,first,win,S08,1183
c61_anchor_followup,BASELINE,C61,1183,second,win,S08,1184
c61_anchor_followup,BASELINE,C61,1184,first,win,S08,1185
c61_anchor_followup,BASELINE,C61,1185,second,win,S08,1186
c61_anchor_followup,BASELINE,C61,1186,first,loss,S08,1187
c61_anchor_followup,BASELINE,C61,1187,second,loss,S08,1188
c61_anchor_followup,BASELINE,C61,1188,first,loss,S08,1189
c61_anchor_followup,BASELINE,C61,1189,second,loss,S08,1190
c61_anchor_followup,BASELINE,C61,1190,first,loss,S08,1191
c61_anchor_followup,BASELINE,C61,1191,second,loss,S08,1193
c61_anchor_followup,BASELINE,C61,1192,first,win,S08,1192
c61_anchor_followup,BASELINE,C61,1193,second,loss,S08,1195
c61_anchor_followup,BASELINE,C61,1194,first,win,S08,1194
c61_anchor_followup,BASELINE,C61,1195,second,loss,S08,1197
c61_anchor_followup,BASELINE,C61,1196,first,win,S08,1196
c61_anchor_followup,BASELINE,C61,1197,second,loss,S08,1198
c61_anchor_followup,BASELINE,C61,1198,first,loss,S08,1200
c61_anchor_followup,BASELINE,C61,1199,second,win,S08,1199
c61_anchor_followup,BASELINE,C61,1200,first,loss,S08,1201
c61_anchor_followup,BASELINE,C61,1201,second,loss,S08,1203
c61_anchor_followup,BASELINE,C61,1202,first,win,S08,1202
c61_anchor_followup,BASELINE,C61,1203,second,win,S08,1205
c61_anchor_followup,BASELINE,C61,1204,first,win,S08,1204
c61_anchor_followup,BASELINE,C61,1205,second,loss,S08,1206
c61_anchor_followup,BASELINE,C61,1206,first,loss,S08,1207
c61_anchor_followup,BASELINE,C61,1207,second,loss,S08,1208
c61_anchor_followup,BASELINE,C61,1208,first,loss,S08,1209
c61_anchor_followup,BASELINE,C61,1209,second,win,S08,1210
c61_anchor_followup,BASELINE,C61,1210,first,win,S08,1211
c61_anchor_followup,BASELINE,C61,1211,second,loss,S08,1212
c61_anchor_followup,BASELINE,C61,1212,first,win,S08,1213
c61_anchor_followup,BASELINE,C61,1213,second,draw,S08,1214
c61_anchor_followup,BASELINE,C61,1214,first,loss,S08,1216
c61_anchor_followup,BASELINE,C61,1215,second,loss,S08,1215
c61_anchor_followup,BASELINE,C61,1216,first,loss,S08,1217
c61_anchor_followup,BASELINE,C61,1217,second,win,S08,1218
c61_anchor_followup,BASELINE,C61,1218,first,win,S08,1219
c61_anchor_followup,BASELINE,C61,1219,second,loss,S08,1221
c61_anchor_followup,BASELINE,C61,1220,first,win,S08,1220
c61_anchor_followup,BASELINE,C61,1221,second,loss,S08,1222
c61_anchor_followup,BASELINE,C61,1222,first,loss,S08,1223
c61_anchor_followup,BASELINE,C61,1223,second,loss,S08,1224
c61_anchor_followup,BASELINE,C61,1224,first,loss,S08,1225
c61_anchor_followup,BASELINE,C61,1225,second,loss,S08,1226
c61_anchor_followup,BASELINE,C61,1226,first,win,S08,1228
c61_anchor_followup,BASELINE,C61,1227,second,win,S08,1227
c61_anchor_followup,BASELINE,C61,1228,first,win,S08,1230
c61_anchor_followup,BASELINE,C61,1229,second,loss,S08,1229
c61_anchor_followup,BASELINE,C61,1230,first,loss,S08,1232
c61_anchor_followup,BASELINE,C61,1231,second,win,S08,1231
c61_anchor_followup,BASELINE,C61,1232,first,loss,S08,1233
c61_anchor_followup,BASELINE,C61,1233,second,loss,S08,1234
c61_anchor_followup,BASELINE,C61,1234,first,loss,S08,1235
c61_anchor_followup,BASELINE,C61,1235,second,loss,S08,1236
c61_anchor_followup,BASELINE,C61,1236,first,loss,S08,1237
c61_anchor_followup,BASELINE,C61,1237,second,loss,S08,1238
c61_anchor_followup,BASELINE,C61,1238,first,win,S08,1239
c61_anchor_followup,BASELINE,C61,1239,second,loss,S08,1240
c61_anchor_followup,BASELINE,C61,1240,first,loss,S08,1241
c61_anchor_followup,BASELINE,C61,1241,second,loss,S08,1244
c61_anchor_followup,BASELINE,C61,1242,first,win,S08,1242
c61_anchor_followup,BASELINE,C61,1243,second,win,S08,1243
c61_anchor_followup,BASELINE,C61,1244,first,win,S08,1246
c61_anchor_followup,BASELINE,C61,1245,second,win,S08,1245
c61_anchor_followup,BASELINE,C61,1246,first,win,S08,1247
c61_anchor_followup,BASELINE,C61,1247,second,win,S08,1248
c61_anchor_followup,BASELINE,C61,1248,first,win,S08,1250
c61_anchor_followup,BASELINE,C61,1249,second,win,S08,1249
c61_anchor_followup,BASELINE,C61,1250,first,win,S08,1252
c61_anchor_followup,BASELINE,C61,1251,second,win,S08,1251
c61_anchor_followup,BASELINE,C61,1252,first,win,S08,1254
c61_anchor_followup,BASELINE,C61,1253,second,win,S08,1253
c61_anchor_followup,BASELINE,C61,1254,first,win,S08,1255
c61_anchor_followup,BASELINE,C61,1255,second,loss,S08,1256
c61_anchor_followup,BASELINE,C61,1256,first,win,S08,1257
c61_anchor_followup,BASELINE,C61,1257,second,loss,S08,1258
c61_anchor_followup,BASELINE,C61,1258,first,loss,S08,1261
c61_anchor_followup,BASELINE,C61,1259,second,win,S08,1259
c61_anchor_followup,BASELINE,C61,1260,first,loss,S08,1260
c61_anchor_followup,BASELINE,C61,1261,second,win,S08,1262
c61_anchor_followup,BASELINE,C61,1262,first,loss,S08,1263
c61_anchor_followup,BASELINE,C61,1263,second,loss,S08,1264
c61_anchor_followup,BASELINE,C61,1264,first,loss,S08,1265
c61_anchor_followup,BASELINE,C61,1265,second,loss,S08,1267
c61_anchor_followup,BASELINE,C61,1266,first,win,S08,1266
c61_anchor_followup,BASELINE,C61,1267,second,loss,S08,1268
c61_anchor_followup,BASELINE,C61,1268,first,loss,S08,1270
c61_anchor_followup,BASELINE,C61,1269,second,win,S08,1269
c61_anchor_followup,BASELINE,C61,1270,first,win,S08,1271
c61_anchor_followup,BASELINE,C61,1271,second,loss,S08,1272
c61_anchor_followup,BASELINE,C61,1272,first,win,S08,1273
c61_anchor_followup,BASELINE,C61,1273,second,loss,S08,1275
c61_anchor_followup,BASELINE,C61,1274,first,loss,S08,1274
c61_anchor_followup,BASELINE,C61,1275,second,loss,S08,1277
c61_anchor_followup,BASELINE,C61,1276,first,loss,S08,1276
c61_anchor_followup,BASELINE,C61,1277,second,win,S08,1279
c61_anchor_followup,BASELINE,C61,1278,first,loss,S08,1278
c61_anchor_followup,BASELINE,C61,1279,second,loss,S08,1281
c61_anchor_followup,BASELINE,C61,1280,first,win,S08,1280
c61_anchor_followup,BASELINE,C61,1281,second,loss,S08,1283
c61_anchor_followup,BASELINE,C61,1282,first,win,S08,1282
c61_anchor_followup,BASELINE,C61,1283,second,loss,S08,1284
c61_anchor_followup,BASELINE,C61,1284,first,win,S08,1285
c61_anchor_followup,BASELINE,C61,1285,second,loss,S08,1287
c61_anchor_followup,BASELINE,C61,1286,first,loss,S08,1286
c61_anchor_followup,BASELINE,C61,1287,second,win,S08,1288
c61_anchor_followup,BASELINE,C61,1288,first,win,S08,1290
c61_anchor_followup,BASELINE,C61,1289,second,win,S08,1289
c61_anchor_followup,BASELINE,C61,1290,first,loss,S08,1291
c61_anchor_followup,BASELINE,C61,1291,second,loss,S08,1292
c61_anchor_followup,BASELINE,C61,1292,first,loss,S08,1293
c61_anchor_followup,BASELINE,C61,1293,second,loss,S08,1294
c61_anchor_followup,BASELINE,C61,1294,first,win,S08,1295
c61_anchor_followup,BASELINE,C61,1295,second,win,S08,1296
c61_anchor_followup,BASELINE,C61,1296,first,win,S08,1297
c61_anchor_followup,BASELINE,C61,1297,second,win,S08,1299
c61_anchor_followup,BASELINE,C61,1298,first,win,S08,1298
c61_anchor_followup,BASELINE,C61,1299,second,loss,S08,1301
c61_anchor_followup,BASELINE,C61,1300,first,win,S08,1300
c61_anchor_followup,BASELINE,C61,1301,second,loss,S08,1303
c61_anchor_followup,BASELINE,C61,1302,first,loss,S08,1302
c61_anchor_followup,BASELINE,C61,1303,second,win,S08,1304
c61_anchor_followup,BASELINE,C61,1304,first,loss,S08,1305
c61_anchor_followup,BASELINE,C61,1305,second,win,S08,1306
c61_anchor_followup,BASELINE,C61,1306,first,win,S08,1307
c61_anchor_followup,BASELINE,C61,1307,second,loss,S08,1308
c61_anchor_followup,BASELINE,C61,1308,first,win,S08,1309
c61_anchor_followup,BASELINE,C61,1309,second,loss,S08,1311
c61_anchor_followup,BASELINE,C61,1310,first,loss,S08,1310
c61_anchor_followup,BASELINE,C61,1311,second,loss,S08,1312
c61_anchor_followup,BASELINE,C61,1312,first,win,S08,1313
c61_anchor_followup,BASELINE,C61,1313,second,loss,S08,1314
c61_anchor_followup,BASELINE,C61,1314,first,loss,S08,1315
c61_anchor_followup,BASELINE,C61,1315,second,loss,S08,1316
c61_anchor_followup,BASELINE,C61,1316,first,loss,S08,1317
c61_anchor_followup,BASELINE,C61,1317,second,loss,S08,1318
c61_anchor_followup,BASELINE,C61,1318,first,loss,S08,1319
c61_anchor_followup,BASELINE,C61,1319,second,loss,S08,1320
c61_anchor_followup,BASELINE,C61,1320,first,win,S08,1321
c61_anchor_followup,BASELINE,C61,1321,second,win,S08,1322
c61_anchor_followup,BASELINE,C61,1322,first,win,S08,1323
c61_anchor_followup,BASELINE,C61,1323,second,loss,S08,1324
c61_anchor_followup,BASELINE,C61,1324,first,loss,S08,1325
c61_anchor_followup,BASELINE,C61,1325,second,loss,S08,1326
c61_anchor_followup,BASELINE,C61,1326,first,win,S08,1327
c61_anchor_followup,BASELINE,C61,1327,second,loss,S08,1328
c61_anchor_followup,BASELINE,C61,1328,first,loss,S08,1329
c61_anchor_followup,BASELINE,C61,1329,second,loss,S08,1330
c61_anchor_followup,BASELINE,C61,1330,first,loss,S08,1332
c61_anchor_followup,BASELINE,C61,1331,second,win,S08,1331
c61_anchor_followup,BASELINE,C61,1332,first,win,S08,1333
c61_anchor_followup,BASELINE,C61,1333,second,loss,S08,1334
c61_anchor_followup,BASELINE,C61,1334,first,loss,S08,1335
c61_anchor_followup,BASELINE,C61,1335,second,loss,S08,1336
c61_anchor_followup,BASELINE,C61,1336,first,win,S08,1337
c61_anchor_followup,BASELINE,C61,1337,second,loss,S08,1338
c61_anchor_followup,BASELINE,C61,1338,first,win,S08,1339
c61_anchor_followup,BASELINE,C61,1339,second,loss,S08,1340
c61_anchor_followup,BASELINE,C61,1340,first,win,S08,1341
c61_anchor_followup,BASELINE,C61,1341,second,win,S08,1342
c61_anchor_followup,BASELINE,C61,1342,first,loss,S08,1343
c61_anchor_followup,BASELINE,C61,1343,second,win,S08,1344
c61_anchor_followup,BASELINE,C61,1344,first,win,S08,1346
c61_anchor_followup,BASELINE,C61,1345,second,win,S08,1345
c61_anchor_followup,BASELINE,C61,1346,first,loss,S08,1347
c61_anchor_followup,BASELINE,C61,1347,second,win,S08,1349
c61_anchor_followup,BASELINE,C61,1348,first,win,S08,1348
c61_anchor_followup,BASELINE,C61,1349,second,win,S08,1350
c61_anchor_followup,BASELINE,C61,1350,first,loss,S08,1352
c61_anchor_followup,BASELINE,C61,1351,second,win,S08,1351
c61_anchor_followup,BASELINE,C61,1352,first,loss,S08,1354
c61_anchor_followup,BASELINE,C61,1353,second,loss,S08,1353
c61_anchor_followup,BASELINE,C61,1354,first,win,S08,1355
c61_anchor_followup,BASELINE,C61,1355,second,loss,S08,1356
c61_anchor_followup,BASELINE,C61,1356,first,win,S08,1357
c61_anchor_followup,BASELINE,C61,1357,second,win,S08,1358
c61_anchor_followup,BASELINE,C61,1358,first,loss,S08,1359
c61_anchor_followup,BASELINE,C61,1359,second,win,S08,1360
c61_anchor_followup,BASELINE,C61,1360,first,loss,S08,1361
c61_anchor_followup,BASELINE,C61,1361,second,loss,S08,1362
c61_anchor_followup,BASELINE,C61,1362,first,win,S08,1363
c61_anchor_followup,BASELINE,C61,1363,second,win,S08,1364
c61_anchor_followup,BASELINE,C61,1364,first,win,S08,1365
c61_anchor_followup,BASELINE,C61,1365,second,loss,S08,1366
c61_anchor_followup,BASELINE,C61,1366,first,win,S08,1367
c61_anchor_followup,BASELINE,C61,1367,second,loss,S08,1368
c61_anchor_followup,BASELINE,C61,1368,first,win,S08,1369
c61_anchor_followup,BASELINE,C61,1369,second,loss,S08,1371
c61_anchor_followup,BASELINE,C61,1370,first,win,S08,1370
c61_anchor_followup,BASELINE,C61,1371,second,loss,S08,1372
c61_anchor_followup,BASELINE,C61,1372,first,win,S08,1373
c61_anchor_followup,BASELINE,C61,1373,second,loss,S08,1374
c61_anchor_followup,BASELINE,C61,1374,first,loss,S08,1375
c61_anchor_followup,BASELINE,C61,1375,second,loss,S08,1376
c61_anchor_followup,BASELINE,C61,1376,first,loss,S08,1377
c61_anchor_followup,BASELINE,C61,1377,second,loss,S08,1378
c61_anchor_followup,BASELINE,C61,1378,first,win,S08,1379
c61_anchor_followup,BASELINE,C61,1379,second,win,S08,1380
c61_anchor_followup,BASELINE,C61,1380,first,win,S08,1381
c61_anchor_followup,BASELINE,C61,1381,second,loss,S08,1382
c61_anchor_followup,BASELINE,C61,1382,first,loss,S08,1383
c61_anchor_followup,BASELINE,C61,1383,second,loss,S08,1384
c61_anchor_followup,BASELINE,C61,1384,first,win,S08,1385
c61_anchor_followup,BASELINE,C61,1385,second,loss,S08,1387
c61_anchor_followup,BASELINE,C61,1386,first,win,S08,1386
c61_anchor_followup,BASELINE,C61,1387,second,win,S08,1388
c61_anchor_followup,BASELINE,C61,1388,first,loss,S08,1389
c61_anchor_followup,BASELINE,C61,1389,second,loss,S08,1392
c61_anchor_followup,BASELINE,C61,1390,first,loss,S08,1390
c61_anchor_followup,BASELINE,C61,1391,second,win,S08,1391
c61_anchor_followup,BASELINE,C61,1392,first,win,S08,1393
c61_anchor_followup,BASELINE,C61,1393,second,loss,S08,1394
c61_anchor_followup,BASELINE,C61,1394,first,loss,S08,1395
c61_anchor_followup,BASELINE,C61,1395,second,loss,S08,1396
c61_anchor_followup,BASELINE,C61,1396,first,loss,S08,1397
c61_anchor_followup,BASELINE,C61,1397,second,loss,S08,1398
c61_anchor_followup,BASELINE,C61,1398,first,win,S08,1400
c61_anchor_followup,BASELINE,C61,1399,second,loss,S08,1399
c61_anchor_followup,BASELINE,C61,1400,first,loss,S08,1401
c61_anchor_followup,BASELINE,C61,1401,second,win,S08,1402
c61_anchor_followup,BASELINE,C61,1402,first,win,S08,1403
c61_anchor_followup,BASELINE,C61,1403,second,win,S08,1405
c61_anchor_followup,BASELINE,C61,1404,first,loss,S08,1404
c61_anchor_followup,BASELINE,C61,1405,second,loss,S08,1406
c61_anchor_followup,BASELINE,C61,1406,first,loss,S08,1407
c61_anchor_followup,BASELINE,C61,1407,second,win,S08,1408
c61_anchor_followup,BASELINE,C61,1408,first,loss,S08,1410
c61_anchor_followup,BASELINE,C61,1409,second,win,S08,1409
c61_anchor_followup,BASELINE,C61,1410,first,loss,S08,1411
c61_anchor_followup,BASELINE,C61,1411,second,win,S08,1412
c61_anchor_followup,BASELINE,C61,1412,first,loss,S08,1413
c61_anchor_followup,BASELINE,C61,1413,second,win,S08,1414
c61_anchor_followup,BASELINE,C61,1414,first,loss,S08,1415
c61_anchor_followup,BASELINE,C61,1415,second,loss,S08,1416
c61_anchor_followup,BASELINE,C61,1416,first,loss,S08,1417
c61_anchor_followup,BASELINE,C61,1417,second,loss,S08,1418
c61_anchor_followup,BASELINE,C61,1418,first,loss,S08,1419
c61_anchor_followup,BASELINE,C61,1419,second,loss,S08,1421
c61_anchor_followup,BASELINE,C61,1420,first,win,S08,1420
c61_anchor_followup,BASELINE,C61,1421,second,win,S08,1422
c61_anchor_followup,BASELINE,C61,1422,first,loss,S08,1423
c61_anchor_followup,BASELINE,C61,1423,second,win,S08,1424
c61_anchor_followup,BASELINE,C61,1424,first,win,S08,1425
c61_anchor_followup,BASELINE,C61,1425,second,loss,S08,1426
c61_anchor_followup,BASELINE,C61,1426,first,loss,S08,1428
c61_anchor_followup,BASELINE,C61,1427,second,loss,S08,1427
c61_anchor_followup,BASELINE,C61,1428,first,loss,S08,1429
c61_anchor_followup,BASELINE,C61,1429,second,loss,S08,1430
c61_anchor_followup,BASELINE,C61,1430,first,win,S08,1432
c61_anchor_followup,BASELINE,C61,1431,second,loss,S08,1431
c61_anchor_followup,BASELINE,C61,1432,first,win,S08,1434
c61_anchor_followup,BASELINE,C61,1433,second,loss,S08,1433
c61_anchor_followup,BASELINE,C61,1434,first,loss,S08,1435
c61_anchor_followup,BASELINE,C61,1435,second,win,S08,1436
c61_anchor_followup,BASELINE,C61,1436,first,loss,S08,1437
c61_anchor_followup,BASELINE,C61,1437,second,loss,S08,1438
c61_anchor_followup,BASELINE,C61,1438,first,win,S08,1439
c61_anchor_followup,BASELINE,C61,1439,second,win,S08,1440
c61_anchor_followup,BASELINE,C61,1440,first,loss,S08,1442
c61_anchor_followup,BASELINE,C61,1441,second,loss,S08,1441
c61_anchor_followup,BASELINE,C61,1442,first,win,S08,1443
c61_anchor_followup,BASELINE,C61,1443,second,win,S08,1445
c61_anchor_followup,BASELINE,C61,1444,first,win,S08,1444
c61_anchor_followup,BASELINE,C61,1445,second,win,S08,1446
c61_anchor_followup,BASELINE,C61,1446,first,loss,S08,1448
c61_anchor_followup,BASELINE,C61,1447,second,loss,S08,1447
c61_anchor_followup,BASELINE,C61,1448,first,loss,S08,1449
c61_anchor_followup,BASELINE,C61,1449,second,loss,S08,1450
c61_anchor_followup,BASELINE,C61,1450,first,loss,S08,1451
c61_anchor_followup,BASELINE,C61,1451,second,win,S08,1453
c61_anchor_followup,BASELINE,C61,1452,first,win,S08,1452
c61_anchor_followup,BASELINE,C61,1453,second,loss,S08,1455
c61_anchor_followup,BASELINE,C61,1454,first,loss,S08,1454
c61_anchor_followup,BASELINE,C61,1455,second,win,S08,1456
c61_anchor_followup,BASELINE,C61,1456,first,win,S08,1457
c61_anchor_followup,BASELINE,C61,1457,second,loss,S08,1458
c61_anchor_followup,BASELINE,C61,1458,first,loss,S08,1459
c61_anchor_followup,BASELINE,C61,1459,second,win,S08,1460
c61_anchor_followup,BASELINE,C61,1460,first,win,S08,1461
c61_anchor_followup,BASELINE,C61,1461,second,win,S08,1462
c61_anchor_followup,BASELINE,C61,1462,first,loss,S08,1464
c61_anchor_followup,BASELINE,C61,1463,second,win,S08,1463
c61_anchor_followup,BASELINE,C61,1464,first,win,S08,1465
c61_anchor_followup,BASELINE,C61,1465,second,loss,S08,1466
c61_anchor_followup,BASELINE,C61,1466,first,win,S08,1467
c61_anchor_followup,BASELINE,C61,1467,second,loss,S08,1469
c61_anchor_followup,BASELINE,C61,1468,first,loss,S08,1468
c61_anchor_followup,BASELINE,C61,1469,second,loss,S08,1470
c61_anchor_followup,BASELINE,C61,1470,first,loss,S08,1471
c61_anchor_followup,BASELINE,C61,1471,second,loss,S08,1473
c61_anchor_followup,BASELINE,C61,1472,first,loss,S08,1472
c61_anchor_followup,BASELINE,C61,1473,second,loss,S08,1474
c61_anchor_followup,BASELINE,C61,1474,first,loss,S08,1475
c61_anchor_followup,BASELINE,C61,1475,second,loss,S08,1476
c61_anchor_followup,BASELINE,C61,1476,first,win,S08,1477
c61_anchor_followup,BASELINE,C61,1477,second,loss,S08,1478
c61_anchor_followup,BASELINE,C61,1478,first,win,S08,1479
c61_anchor_followup,BASELINE,C61,1479,second,win,S08,1480
c61_anchor_followup,BASELINE,C61,1480,first,win,S08,1481
c61_anchor_followup,BASELINE,C61,1481,second,loss,S08,1482
c61_anchor_followup,BASELINE,C61,1482,first,win,S08,1483
c61_anchor_followup,BASELINE,C61,1483,second,win,S08,1484
c61_anchor_followup,BASELINE,C61,1484,first,win,S08,1485
c61_anchor_followup,BASELINE,C61,1485,second,loss,S08,1487
c61_anchor_followup,BASELINE,C61,1486,first,win,S08,1486
c61_anchor_followup,BASELINE,C61,1487,second,loss,S08,1488
c61_anchor_followup,BASELINE,C61,1488,first,win,S08,1489
c61_anchor_followup,BASELINE,C61,1489,second,loss,S08,1490
c61_anchor_followup,BASELINE,C61,1490,first,loss,S08,1491
c61_anchor_followup,BASELINE,C61,1491,second,loss,S08,1492
c61_anchor_followup,BASELINE,C61,1492,first,win,S08,1494
c61_anchor_followup,BASELINE,C61,1493,second,win,S08,1493
c61_anchor_followup,BASELINE,C61,1494,first,win,S08,1495
c61_anchor_followup,BASELINE,C61,1495,second,loss,S08,1497
c61_anchor_followup,BASELINE,C61,1496,first,win,S08,1496
c61_anchor_followup,BASELINE,C61,1497,second,loss,S08,1498
c61_anchor_followup,BASELINE,C61,1498,first,win,S08,1499
c61_anchor_followup,BASELINE,C61,1499,second,loss,S08,1500
c61_anchor_followup,BASELINE,C61,1500,first,loss,S08,1501
c61_anchor_followup,BASELINE,C61,1501,second,loss,S08,1502
c61_anchor_followup,BASELINE,C61,1502,first,loss,S08,1504
c61_anchor_followup,BASELINE,C61,1503,second,win,S08,1503
c61_anchor_followup,BASELINE,C61,1504,first,loss,S08,1506
c61_anchor_followup,BASELINE,C61,1505,second,loss,S08,1505
c61_anchor_followup,BASELINE,C61,1506,first,win,S08,1507
c61_anchor_followup,BASELINE,C61,1507,second,win,S08,1508
c61_anchor_followup,BASELINE,C61,1508,first,loss,S08,1509
c61_anchor_followup,BASELINE,C61,1509,second,win,S08,1510
c61_anchor_followup,BASELINE,C61,1510,first,loss,S08,1512
c61_anchor_followup,BASELINE,C61,1511,second,loss,S08,1511
c61_anchor_followup,BASELINE,C61,1512,first,loss,S08,1514
c61_anchor_followup,BASELINE,C61,1513,second,win,S08,1513
c61_anchor_followup,BASELINE,C61,1514,first,win,S08,1515
c61_anchor_followup,BASELINE,C61,1515,second,loss,S08,1516
c61_anchor_followup,BASELINE,C61,1516,first,loss,S08,1517
c61_anchor_followup,BASELINE,C61,1517,second,win,S08,1518
c61_anchor_followup,BASELINE,C61,1518,first,loss,S08,1519
c61_anchor_followup,BASELINE,C61,1519,second,win,S08,1520
c61_anchor_followup,BASELINE,C61,1520,first,draw,S08,1521
c61_anchor_followup,BASELINE,C61,1521,second,loss,S08,1522
c61_anchor_followup,BASELINE,C61,1522,first,loss,S08,1523
c61_anchor_followup,BASELINE,C61,1523,second,loss,S08,1524
c61_anchor_followup,BASELINE,C61,1524,first,loss,S08,1525
c61_anchor_followup,BASELINE,C61,1525,second,loss,S08,1526
c61_anchor_followup,BASELINE,C61,1526,first,win,S08,1527
c61_anchor_followup,BASELINE,C61,1527,second,loss,S08,1530
c61_anchor_followup,BASELINE,C61,1528,first,loss,S08,1528
c61_anchor_followup,BASELINE,C61,1529,second,win,S08,1529
c61_anchor_followup,BASELINE,C61,1530,first,win,S08,1531
c61_anchor_followup,BASELINE,C61,1531,second,loss,S08,1533
c61_anchor_followup,BASELINE,C61,1532,first,win,S08,1532
c61_anchor_followup,BASELINE,C61,1533,second,win,S08,1534
c61_anchor_followup,BASELINE,C61,1534,first,win,S08,1535
c61_anchor_followup,BASELINE,C61,1535,second,win,S08,1536
c61_anchor_followup,BASELINE,C61,1536,first,loss,S08,1537
c61_anchor_followup,BASELINE,C61,1537,second,win,S08,1538
c61_anchor_followup,BASELINE,C61,1538,first,win,S08,1540
c61_anchor_followup,BASELINE,C61,1539,second,win,S08,1539
c61_anchor_followup,BASELINE,C61,1540,first,win,S08,1542
c61_anchor_followup,BASELINE,C61,1541,second,win,S08,1541
c61_anchor_followup,BASELINE,C61,1542,first,loss,S08,1543
c61_anchor_followup,BASELINE,C61,1543,second,loss,S08,1544
c61_anchor_followup,BASELINE,C61,1544,first,loss,S08,1545
c61_anchor_followup,BASELINE,C61,1545,second,loss,S08,1546
c61_anchor_followup,BASELINE,C61,1546,first,win,S08,1547
c61_anchor_followup,BASELINE,C61,1547,second,loss,S08,1549
c61_anchor_followup,BASELINE,C61,1548,first,win,S08,1548
c61_anchor_followup,BASELINE,C61,1549,second,loss,S08,1550
c61_anchor_followup,BASELINE,C61,1550,first,loss,S08,1551
c61_anchor_followup,BASELINE,C61,1551,second,loss,S08,1552
c61_anchor_followup,BASELINE,C61,1552,first,win,S08,1553
c61_anchor_followup,BASELINE,C61,1553,second,loss,S08,1554
c61_anchor_followup,BASELINE,C61,1554,first,loss,S08,1555
c61_anchor_followup,BASELINE,C61,1555,second,loss,S08,1557
c61_anchor_followup,BASELINE,C61,1556,first,win,S08,1556
c61_anchor_followup,BASELINE,C61,1557,second,win,S08,1559
c61_anchor_followup,BASELINE,C61,1558,first,loss,S08,1558
c61_anchor_followup,BASELINE,C61,1559,second,loss,S08,1560
c61_anchor_followup,BASELINE,C61,1560,first,win,S08,1561
c61_anchor_followup,BASELINE,C61,1561,second,loss,S08,1562
c61_anchor_followup,BASELINE,C61,1562,first,loss,S08,1563
c61_anchor_followup,BASELINE,C61,1563,second,loss,S08,1564
c61_anchor_followup,BASELINE,C61,1564,first,loss,S08,1565
c61_anchor_followup,BASELINE,C61,1565,second,loss,S08,1566
c61_anchor_followup,BASELINE,C61,1566,first,win,S08,1567
c61_anchor_followup,BASELINE,C61,1567,second,loss,S08,1568
c61_anchor_followup,BASELINE,C61,1568,first,win,S08,1569
c61_anchor_followup,BASELINE,C61,1569,second,loss,S08,1570
c61_anchor_followup,BASELINE,C61,1570,first,loss,S08,1571
c61_anchor_followup,BASELINE,C61,1571,second,win,S08,1572
c61_anchor_followup,BASELINE,C61,1572,first,win,S08,1574
c61_anchor_followup,BASELINE,C61,1573,second,win,S08,1573
c61_anchor_followup,BASELINE,C61,1574,first,win,S08,1576
c61_anchor_followup,BASELINE,C61,1575,second,loss,S08,1575
c61_anchor_followup,BASELINE,C61,1576,first,win,S08,1578
c61_anchor_followup,BASELINE,C61,1577,second,loss,S08,1577
c61_anchor_followup,BASELINE,C61,1578,first,loss,S08,1580
c61_anchor_followup,BASELINE,C61,1579,second,loss,S08,1579
c61_anchor_followup,BASELINE,C61,1580,first,loss,S08,1581
c61_anchor_followup,BASELINE,C61,1581,second,win,S08,1582
c61_anchor_followup,BASELINE,C61,1582,first,win,S08,1584
c61_anchor_followup,BASELINE,C61,1583,second,win,S08,1583
c61_anchor_followup,BASELINE,C61,1584,first,win,S08,1585
c61_anchor_followup,BASELINE,C61,1585,second,loss,S08,1586
c61_anchor_followup,BASELINE,C61,1586,first,win,S08,1588
c61_anchor_followup,BASELINE,C61,1587,second,win,S08,1587
c61_anchor_followup,BASELINE,C61,1588,first,loss,S08,1589
c61_anchor_followup,BASELINE,C61,1589,second,win,S08,1590
c61_anchor_followup,BASELINE,C61,1590,first,loss,S08,1591
c61_anchor_followup,BASELINE,C61,1591,second,win,S08,1593
c61_anchor_followup,BASELINE,C61,1592,first,loss,S08,1592
c61_anchor_followup,BASELINE,C61,1593,second,loss,S08,1594
c61_anchor_followup,BASELINE,C61,1594,first,loss,S08,1595
c61_anchor_followup,BASELINE,C61,1595,second,loss,S08,1597
c61_anchor_followup,BASELINE,C61,1596,first,win,S08,1596
c61_anchor_followup,BASELINE,C61,1597,second,win,S08,1598
c61_anchor_followup,BASELINE,C61,1598,first,win,S08,1599
c61_anchor_followup,BASELINE,C61,1599,second,loss,S08,1600
c61_anchor_followup,BASELINE,C61,1600,first,loss,S08,1601
c61_anchor_followup,BASELINE,C61,1601,second,loss,S08,1602
c61_anchor_followup,BASELINE,C61,1602,first,loss,S08,1603
c61_anchor_followup,BASELINE,C61,1603,second,win,S08,1604
c61_anchor_followup,BASELINE,C61,1604,first,win,S08,1605
c61_anchor_followup,BASELINE,C61,1605,second,win,S08,1606
c61_anchor_followup,BASELINE,C61,1606,first,win,S08,1607
c61_anchor_followup,BASELINE,C61,1607,second,win,S08,1608
c61_anchor_followup,BASELINE,C61,1608,first,win,S08,1610
c61_anchor_followup,BASELINE,C61,1609,second,win,S08,1609
c61_anchor_followup,BASELINE,C61,1610,first,loss,S08,1611
c61_anchor_followup,BASELINE,C61,1611,second,win,S08,1613
c61_anchor_followup,BASELINE,C61,1612,first,win,S08,1612
c61_anchor_followup,BASELINE,C61,1613,second,loss,S08,1615
c61_anchor_followup,BASELINE,C61,1614,first,win,S08,1614
c61_anchor_followup,BASELINE,C61,1615,second,win,S08,1617
c61_anchor_followup,BASELINE,C61,1616,first,win,S08,1616
c61_anchor_followup,BASELINE,C61,1617,second,win,S08,1619
c61_anchor_followup,BASELINE,C61,1618,first,loss,S08,1618
c61_anchor_followup,BASELINE,C61,1619,second,loss,S08,1621
c61_anchor_followup,BASELINE,C61,1620,first,win,S08,1620
c61_anchor_followup,BASELINE,C61,1621,second,loss,S08,1622
c61_anchor_followup,BASELINE,C61,1622,first,loss,S08,1623
c61_anchor_followup,BASELINE,C61,1623,second,win,S08,1624
c61_anchor_followup,BASELINE,C61,1624,first,win,S08,1625
c61_anchor_followup,BASELINE,C61,1625,second,win,S08,1626
c61_anchor_followup,BASELINE,C61,1626,first,win,S08,1627
c61_anchor_followup,BASELINE,C61,1627,second,win,S08,1629
c61_anchor_followup,BASELINE,C61,1628,first,win,S08,1628
c61_anchor_followup,BASELINE,C61,1629,second,win,S08,1630
c61_anchor_followup,BASELINE,C61,1630,first,win,S08,1631
c61_anchor_followup,BASELINE,C61,1631,second,loss,S08,1632
c61_anchor_followup,BASELINE,C61,1632,first,loss,S08,1633
c61_anchor_followup,BASELINE,C61,1633,second,loss,S08,1634
c61_anchor_followup,BASELINE,C61,1634,first,loss,S08,1635
c61_anchor_followup,BASELINE,C61,1635,second,win,S08,1636
c61_anchor_followup,BASELINE,C61,1636,first,win,S08,1637
c61_anchor_followup,BASELINE,C61,1637,second,win,S08,1638
c61_anchor_followup,BASELINE,C61,1638,first,loss,S08,1639
c61_anchor_followup,BASELINE,C61,1639,second,win,S08,1640
c61_anchor_followup,BASELINE,C61,1640,first,win,S08,1641
c61_anchor_followup,BASELINE,C61,1641,second,win,S08,1642
c61_anchor_followup,BASELINE,C61,1642,first,win,S08,1643
c61_anchor_followup,BASELINE,C61,1643,second,win,S08,1644
c61_anchor_followup,BASELINE,C61,1644,first,win,S08,1645
c61_anchor_followup,BASELINE,C61,1645,second,loss,S08,1646
c61_anchor_followup,BASELINE,C61,1646,first,win,S08,1647
c61_anchor_followup,BASELINE,C61,1647,second,loss,S08,1648
c61_anchor_followup,BASELINE,C61,1648,first,loss,S08,1649
c61_anchor_followup,BASELINE,C61,1649,second,win,S08,1650
c61_anchor_followup,BASELINE,C61,1650,first,loss,S08,1651
c61_anchor_followup,BASELINE,C61,1651,second,win,S08,1652
c61_anchor_followup,BASELINE,C61,1652,first,loss,S08,1653
c61_anchor_followup,BASELINE,C61,1653,second,win,S08,1654
c61_anchor_followup,BASELINE,C61,1654,first,loss,S08,1656
c61_anchor_followup,BASELINE,C61,1655,second,win,S08,1655
c61_anchor_followup,BASELINE,C61,1656,first,win,S08,1657
c61_anchor_followup,BASELINE,C61,1657,second,loss,S08,1658
c61_anchor_followup,BASELINE,C61,1658,first,win,S08,1659
c61_anchor_followup,BASELINE,C61,1659,second,loss,S08,1661
c61_anchor_followup,BASELINE,C61,1660,first,loss,S08,1660
c61_anchor_followup,BASELINE,C61,1661,second,loss,S08,1662
c61_anchor_followup,BASELINE,C61,1662,first,win,S08,1663
c61_anchor_followup,BASELINE,C61,1663,second,loss,S08,1664
c61_anchor_followup,BASELINE,C61,1664,first,loss,S08,1665
c61_anchor_followup,BASELINE,C61,1665,second,loss,S08,1667
c61_anchor_followup,BASELINE,C61,1666,first,win,S08,1666
c61_anchor_followup,BASELINE,C61,1667,second,loss,S08,1669
c61_anchor_followup,BASELINE,C61,1668,first,win,S08,1668
c61_anchor_followup,BASELINE,C61,1669,second,loss,S08,1670
c61_anchor_followup,BASELINE,C61,1670,first,loss,S08,1671
c61_anchor_followup,BASELINE,C61,1671,second,loss,S08,1672
c61_anchor_followup,BASELINE,C61,1672,first,win,S08,1674
c61_anchor_followup,BASELINE,C61,1673,second,loss,S08,1673
c61_anchor_followup,BASELINE,C61,1674,first,loss,S08,1676
c61_anchor_followup,BASELINE,C61,1675,second,loss,S08,1675
c61_anchor_followup,BASELINE,C61,1676,first,win,S08,1677
c61_anchor_followup,BASELINE,C61,1677,second,loss,S08,1678
c61_anchor_followup,BASELINE,C61,1678,first,win,S08,1680
c61_anchor_followup,BASELINE,C61,1679,second,win,S08,1679
c61_anchor_followup,BASELINE,C61,1680,first,win,S08,1682
c61_anchor_followup,BASELINE,C61,1681,second,loss,S08,1681
c61_anchor_followup,BASELINE,C61,1682,first,loss,S08,1683
c61_anchor_followup,BASELINE,C61,1683,second,loss,S08,1684
c61_anchor_followup,BASELINE,C61,1684,first,win,S08,1686
c61_anchor_followup,BASELINE,C61,1685,second,win,S08,1685
c61_anchor_followup,BASELINE,C61,1686,first,loss,S08,1687
c61_anchor_followup,BASELINE,C61,1687,second,loss,S08,1688
c61_anchor_followup,BASELINE,C61,1688,first,loss,S08,1689
c61_anchor_followup,BASELINE,C61,1689,second,loss,S08,1690
c61_anchor_followup,BASELINE,C61,1690,first,loss,S08,1691
c61_anchor_followup,BASELINE,C61,1691,second,loss,S08,1692
c61_anchor_followup,BASELINE,C61,1692,first,loss,S08,1693
c61_anchor_followup,BASELINE,C61,1693,second,loss,S08,1694
c61_anchor_followup,BASELINE,C61,1694,first,win,S08,1696
c61_anchor_followup,BASELINE,C61,1695,second,loss,S08,1695
c61_anchor_followup,BASELINE,C61,1696,first,loss,S08,1699
c61_anchor_followup,BASELINE,C61,1697,second,win,S08,1697
c61_anchor_followup,BASELINE,C61,1698,first,win,S08,1698
c61_anchor_followup,BASELINE,C61,1699,second,loss,S08,1701
c61_anchor_followup,BASELINE,C61,1700,first,loss,S08,1700
c61_anchor_followup,BASELINE,C61,1701,second,win,S08,1702
c61_anchor_followup,BASELINE,C61,1702,first,win,S08,1703
c61_anchor_followup,BASELINE,C61,1703,second,loss,S08,1704
c61_anchor_followup,BASELINE,C61,1704,first,loss,S08,1705
c61_anchor_followup,BASELINE,C61,1705,second,loss,S08,1706
c61_anchor_followup,BASELINE,C61,1706,first,loss,S08,1707
c61_anchor_followup,BASELINE,C61,1707,second,loss,S08,1708
c61_anchor_followup,BASELINE,C61,1708,first,win,S08,1709
c61_anchor_followup,BASELINE,C61,1709,second,loss,S08,1710
c61_anchor_followup,BASELINE,C61,1710,first,loss,S08,1712
c61_anchor_followup,BASELINE,C61,1711,second,win,S08,1711
c61_anchor_followup,BASELINE,C61,1712,first,loss,S08,1714
c61_anchor_followup,BASELINE,C61,1713,second,win,S08,1713
c61_anchor_followup,BASELINE,C61,1714,first,win,S08,1715
c61_anchor_followup,BASELINE,C61,1715,second,loss,S08,1716
c61_anchor_followup,BASELINE,C61,1716,first,win,S08,1717
c61_anchor_followup,BASELINE,C61,1717,second,win,S08,1718
c61_anchor_followup,BASELINE,C61,1718,first,loss,S08,1719
c61_anchor_followup,BASELINE,C61,1719,second,win,S08,1720
c61_anchor_followup,BASELINE,C61,1720,first,win,S08,1721
c61_anchor_followup,BASELINE,C61,1721,second,loss,S08,1722
c61_anchor_followup,BASELINE,C61,1722,first,win,S08,1723
c61_anchor_followup,BASELINE,C61,1723,second,loss,S08,1724
c61_anchor_followup,BASELINE,C61,1724,first,win,S08,1725
c61_anchor_followup,BASELINE,C61,1725,second,loss,S08,1726
c61_anchor_followup,BASELINE,C61,1726,first,loss,S08,1727
c61_anchor_followup,BASELINE,C61,1727,second,win,S08,1728
c61_anchor_followup,BASELINE,C61,1728,first,loss,S08,1729
c61_anchor_followup,BASELINE,C61,1729,second,loss,S08,1730
c61_anchor_followup,BASELINE,C61,1730,first,loss,S08,1731
c61_anchor_followup,BASELINE,C61,1731,second,win,S08,1732
c61_anchor_followup,BASELINE,C61,1732,first,win,S08,1734
c61_anchor_followup,BASELINE,C61,1733,second,loss,S08,1733
c61_anchor_followup,BASELINE,C61,1734,first,loss,S08,1736
c61_anchor_followup,BASELINE,C61,1735,second,win,S08,1735
c61_anchor_followup,BASELINE,C61,1736,first,loss,S08,1737
c61_anchor_followup,BASELINE,C61,1737,second,win,S08,1738
c61_anchor_followup,BASELINE,C61,1738,first,loss,S08,1739
c61_anchor_followup,BASELINE,C61,1739,second,loss,S08,1740
c61_anchor_followup,BASELINE,C61,1740,first,win,S08,1741
c61_anchor_followup,BASELINE,C61,1741,second,loss,S08,1742
c61_anchor_followup,BASELINE,C61,1742,first,loss,S08,1744
c61_anchor_followup,BASELINE,C61,1743,second,loss,S08,1743
c61_anchor_followup,BASELINE,C61,1744,first,loss,S08,1745
c61_anchor_followup,BASELINE,C61,1745,second,loss,S08,1746
c61_anchor_followup,BASELINE,C61,1746,first,loss,S08,1747
c61_anchor_followup,BASELINE,C61,1747,second,loss,S08,1748
c61_anchor_followup,BASELINE,C61,1748,first,win,S08,1749
c61_anchor_followup,BASELINE,C61,1749,second,win,S08,1750
c61_anchor_followup,BASELINE,C61,1750,first,win,S08,1752
c61_anchor_followup,BASELINE,C61,1751,second,win,S08,1751
c61_anchor_followup,BASELINE,C61,1752,first,loss,S08,1753
c61_anchor_followup,BASELINE,C61,1753,second,win,S08,1754
c61_anchor_followup,BASELINE,C61,1754,first,win,S08,1755
c61_anchor_followup,BASELINE,C61,1755,second,loss,S08,1757
c61_anchor_followup,BASELINE,C61,1756,first,win,S08,1756
c61_anchor_followup,BASELINE,C61,1757,second,win,S08,1758
c61_anchor_followup,BASELINE,C61,1758,first,loss,S08,1759
c61_anchor_followup,BASELINE,C61,1759,second,win,S08,1760
c61_anchor_followup,BASELINE,C61,1760,first,win,S08,1761
c61_anchor_followup,BASELINE,C61,1761,second,loss,S08,1762
c61_anchor_followup,BASELINE,C61,1762,first,win,S08,1763
c61_anchor_followup,BASELINE,C61,1763,second,loss,S08,1765
c61_anchor_followup,BASELINE,C61,1764,first,loss,S08,1764
c61_anchor_followup,BASELINE,C61,1765,second,win,S08,1766
c61_anchor_followup,BASELINE,C61,1766,first,win,S08,1767
c61_anchor_followup,BASELINE,C61,1767,second,loss,S08,1768
c61_anchor_followup,BASELINE,C61,1768,first,win,S08,1769
c61_anchor_followup,BASELINE,C61,1769,second,win,S08,1770
c61_anchor_followup,BASELINE,C61,1770,first,loss,S08,1771
c61_anchor_followup,BASELINE,C61,1771,second,loss,S08,1772
c61_anchor_followup,BASELINE,C61,1772,first,loss,S08,1773
c61_anchor_followup,BASELINE,C61,1773,second,win,S08,1774
c61_anchor_followup,BASELINE,C61,1774,first,win,S08,1775
c61_anchor_followup,BASELINE,C61,1775,second,loss,S08,1777
c61_anchor_followup,BASELINE,C61,1776,first,loss,S08,1776
c61_anchor_followup,BASELINE,C61,1777,second,loss,S08,1779
c61_anchor_followup,BASELINE,C61,1778,first,win,S08,1778
c61_anchor_followup,BASELINE,C61,1779,second,win,S08,1780
c61_anchor_followup,BASELINE,C61,1780,first,loss,S08,1781
c61_anchor_followup,BASELINE,C61,1781,second,loss,S08,1782
c61_anchor_followup,BASELINE,C61,1782,first,loss,S08,1783
c61_anchor_followup,BASELINE,C61,1783,second,win,S08,1784
c61_anchor_followup,BASELINE,C61,1784,first,loss,S08,1785
c61_anchor_followup,BASELINE,C61,1785,second,win,S08,1786
c61_anchor_followup,BASELINE,C61,1786,first,win,S08,1787
c61_anchor_followup,BASELINE,C61,1787,second,loss,S08,1789
c61_anchor_followup,BASELINE,C61,1788,first,win,S08,1788
c61_anchor_followup,BASELINE,C61,1789,second,loss,S08,1790
c61_anchor_followup,BASELINE,C61,1790,first,loss,S08,1791
c61_anchor_followup,BASELINE,C61,1791,second,loss,S08,1792
c61_anchor_followup,BASELINE,C61,1792,first,loss,S08,1793
c61_anchor_followup,BASELINE,C61,1793,second,win,S08,1794
c61_anchor_followup,BASELINE,C61,1794,first,loss,S08,1795
c61_anchor_followup,BASELINE,C61,1795,second,loss,S08,1796
c61_anchor_followup,BASELINE,C61,1796,first,win,S08,1797
c61_anchor_followup,BASELINE,C61,1797,second,draw,S08,1798
c61_anchor_followup,BASELINE,C61,1798,first,loss,S08,1799
c61_anchor_followup,BASELINE,C61,1799,second,win,S08,1800
c61_anchor_followup,BASELINE,C61,1800,first,win,S08,1802
c61_anchor_followup,BASELINE,C61,1801,second,win,S08,1801
c61_anchor_followup,BASELINE,C61,1802,first,win,S08,1804
c61_anchor_followup,BASELINE,C61,1803,second,win,S08,1803
c61_anchor_followup,BASELINE,C61,1804,first,loss,S08,1806
c61_anchor_followup,BASELINE,C61,1805,second,loss,S08,1805
c61_anchor_followup,BASELINE,C61,1806,first,win,S08,1807
c61_anchor_followup,BASELINE,C61,1807,second,win,S08,1808
c61_anchor_followup,BASELINE,C61,1808,first,win,S08,1809
c61_anchor_followup,BASELINE,C61,1809,second,loss,S08,1810
c61_anchor_followup,BASELINE,C61,1810,first,win,S08,1811
c61_anchor_followup,BASELINE,C61,1811,second,loss,S08,1812
c61_anchor_followup,BASELINE,C61,1812,first,win,S08,1814
c61_anchor_followup,BASELINE,C61,1813,second,win,S08,1813
c61_anchor_followup,BASELINE,C61,1814,first,loss,S08,1815
c61_anchor_followup,BASELINE,C61,1815,second,win,S08,1816
c61_anchor_followup,BASELINE,C61,1816,first,loss,S08,1818
c61_anchor_followup,BASELINE,C61,1817,second,win,S08,1817
c61_anchor_followup,BASELINE,C61,1818,first,loss,S08,1819
c61_anchor_followup,BASELINE,C61,1819,second,loss,S08,1821
c61_anchor_followup,BASELINE,C61,1820,first,loss,S08,1820
c61_anchor_followup,BASELINE,C61,1821,second,win,S08,1823
c61_anchor_followup,BASELINE,C61,1822,first,win,S08,1822
c61_anchor_followup,BASELINE,C61,1823,second,win,S08,1825
c61_anchor_followup,BASELINE,C61,1824,first,win,S08,1824
c61_anchor_followup,BASELINE,C61,1825,second,loss,S08,1827
c61_anchor_followup,BASELINE,C61,1826,first,win,S08,1826
c61_anchor_followup,BASELINE,C61,1827,second,win,S08,1828
c61_anchor_followup,BASELINE,C61,1828,first,win,S08,1829
c61_anchor_followup,BASELINE,C61,1829,second,win,S08,1830
c61_anchor_followup,BASELINE,C61,1830,first,win,S08,1832
c61_anchor_followup,BASELINE,C61,1831,second,win,S08,1831
c61_anchor_followup,BASELINE,C61,1832,first,win,S08,1833
c61_anchor_followup,BASELINE,C61,1833,second,loss,S08,1835
c61_anchor_followup,BASELINE,C61,1834,first,win,S08,1834
c61_anchor_followup,BASELINE,C61,1835,second,loss,S08,1837
c61_anchor_followup,BASELINE,C61,1836,first,win,S08,1836
c61_anchor_followup,BASELINE,C61,1837,second,loss,S08,1838
c61_anchor_followup,BASELINE,C61,1838,first,loss,S08,1839
c61_anchor_followup,BASELINE,C61,1839,second,win,S08,1840
c61_anchor_followup,BASELINE,C61,1840,first,win,S08,1841
c61_anchor_followup,BASELINE,C61,1841,second,win,S08,1842
c61_anchor_followup,BASELINE,C61,1842,first,loss,S08,1843
c61_anchor_followup,BASELINE,C61,1843,second,loss,S08,1844
c61_anchor_followup,BASELINE,C61,1844,first,win,S08,1845
c61_anchor_followup,BASELINE,C61,1845,second,loss,S08,1846
c61_anchor_followup,BASELINE,C61,1846,first,win,S08,1847
c61_anchor_followup,BASELINE,C61,1847,second,win,S08,1848
c61_anchor_followup,BASELINE,C61,1848,first,win,S08,1849
c61_anchor_followup,BASELINE,C61,1849,second,loss,S08,1851
c61_anchor_followup,BASELINE,C61,1850,first,loss,S08,1850
c61_anchor_followup,BASELINE,C61,1851,second,win,S08,1852
c61_anchor_followup,BASELINE,C61,1852,first,win,S08,1853
c61_anchor_followup,BASELINE,C61,1853,second,loss,S08,1854
c61_anchor_followup,BASELINE,C61,1854,first,loss,S08,1855
c61_anchor_followup,BASELINE,C61,1855,second,loss,S08,1856
c61_anchor_followup,BASELINE,C61,1856,first,loss,S08,1857
c61_anchor_followup,BASELINE,C61,1857,second,win,S08,1858
c61_anchor_followup,BASELINE,C61,1858,first,win,S08,1859
c61_anchor_followup,BASELINE,C61,1859,second,loss,S08,1860
c61_anchor_followup,BASELINE,C61,1860,first,win,S08,1862
c61_anchor_followup,BASELINE,C61,1861,second,win,S08,1861
c61_anchor_followup,BASELINE,C61,1862,first,win,S08,1863
c61_anchor_followup,BASELINE,C61,1863,second,win,S08,1864
c61_anchor_followup,BASELINE,C61,1864,first,loss,S08,1865
c61_anchor_followup,BASELINE,C61,1865,second,loss,S08,1866
c61_anchor_followup,BASELINE,C61,1866,first,loss,S08,1867
c61_anchor_followup,BASELINE,C61,1867,second,win,S08,1868
c61_anchor_followup,BASELINE,C61,1868,first,loss,S08,1869
c61_anchor_followup,BASELINE,C61,1869,second,loss,S08,1870
c61_anchor_followup,BASELINE,C61,1870,first,loss,S08,1871
c61_anchor_followup,BASELINE,C61,1871,second,loss,S08,1872
c61_anchor_followup,BASELINE,C61,1872,first,win,S08,1873
c61_anchor_followup,BASELINE,C61,1873,second,win,S08,1874
c61_anchor_followup,BASELINE,C61,1874,first,win,S08,1876
c61_anchor_followup,BASELINE,C61,1875,second,win,S08,1875
c61_anchor_followup,BASELINE,C61,1876,first,win,S08,1878
c61_anchor_followup,BASELINE,C61,1877,second,loss,S08,1877
c61_anchor_followup,BASELINE,C61,1878,first,loss,S08,1879
c61_anchor_followup,BASELINE,C61,1879,second,loss,S08,1880
c61_anchor_followup,BASELINE,C61,1880,first,loss,S08,1881
c61_anchor_followup,BASELINE,C61,1881,second,loss,S08,1882
c61_anchor_followup,BASELINE,C61,1882,first,loss,S08,1883
c61_anchor_followup,BASELINE,C61,1883,second,loss,S08,1884
c61_anchor_followup,BASELINE,C61,1884,first,loss,S08,1885
c61_anchor_followup,BASELINE,C61,1885,second,loss,S08,1886
c61_anchor_followup,BASELINE,C61,1886,first,loss,S08,1887
c61_anchor_followup,BASELINE,C61,1887,second,loss,S08,1889
c61_anchor_followup,BASELINE,C61,1888,first,win,S08,1888
c61_anchor_followup,BASELINE,C61,1889,second,win,S08,1890
c61_anchor_followup,BASELINE,C61,1890,first,loss,S08,1891
c61_anchor_followup,BASELINE,C61,1891,second,loss,S08,1892
c61_anchor_followup,BASELINE,C61,1892,first,win,S08,1894
c61_anchor_followup,BASELINE,C61,1893,second,win,S08,1893
c61_anchor_followup,BASELINE,C61,1894,first,loss,S08,1895
c61_anchor_followup,BASELINE,C61,1895,second,loss,S08,1896
c61_anchor_followup,BASELINE,C61,1896,first,loss,S08,1897
c61_anchor_followup,BASELINE,C61,1897,second,loss,S08,1898
c61_anchor_followup,BASELINE,C61,1898,first,loss,S08,1899
c61_anchor_followup,BASELINE,C61,1899,second,loss,S08,1900
c61_anchor_followup,BASELINE,C61,1900,first,loss,S08,1901
c61_anchor_followup,BASELINE,C61,1901,second,loss,S08,1902
c61_anchor_followup,BASELINE,C61,1902,first,loss,S08,1903
c61_anchor_followup,BASELINE,C61,1903,second,loss,S08,1904
c61_anchor_followup,BASELINE,C61,1904,first,loss,S08,1905
c61_anchor_followup,BASELINE,C61,1905,second,draw,S08,1908
c61_anchor_followup,BASELINE,C61,1906,first,win,S08,1906
c61_anchor_followup,BASELINE,C61,1907,second,win,S08,1907
c61_anchor_followup,BASELINE,C61,1908,first,win,S08,1909
c61_anchor_followup,BASELINE,C61,1909,second,win,S08,1910
c61_anchor_followup,BASELINE,C61,1910,first,loss,S08,1911
c61_anchor_followup,BASELINE,C61,1911,second,win,S08,1912
c61_anchor_followup,BASELINE,C61,1912,first,loss,S08,1914
c61_anchor_followup,BASELINE,C61,1913,second,win,S08,1913
c61_anchor_followup,BASELINE,C61,1914,first,win,S08,1916
c61_anchor_followup,BASELINE,C61,1915,second,win,S08,1915
c61_anchor_followup,BASELINE,C61,1916,first,loss,S08,1917
c61_anchor_followup,BASELINE,C61,1917,second,loss,S08,1918
c61_anchor_followup,BASELINE,C61,1918,first,loss,S08,1919
c61_anchor_followup,BASELINE,C61,1919,second,loss,S08,1920
c61_anchor_followup,BASELINE,C61,1920,first,loss,S08,1921
c61_anchor_followup,BASELINE,C61,1921,second,loss,S08,1922
c61_anchor_followup,BASELINE,C61,1922,first,win,S08,1923
c61_anchor_followup,BASELINE,C61,1923,second,win,S08,1924
c61_anchor_followup,BASELINE,C61,1924,first,loss,S08,1926
c61_anchor_followup,BASELINE,C61,1925,second,loss,S08,1925
c61_anchor_followup,BASELINE,C61,1926,first,win,S08,1927
c61_anchor_followup,BASELINE,C61,1927,second,win,S08,1928
c61_anchor_followup,BASELINE,C61,1928,first,win,S08,1929
c61_anchor_followup,BASELINE,C61,1929,second,win,S08,1930
c61_anchor_followup,BASELINE,C61,1930,first,loss,S08,1931
c61_anchor_followup,BASELINE,C61,1931,second,loss,S08,1932
c61_anchor_followup,BASELINE,C61,1932,first,loss,S08,1934
c61_anchor_followup,BASELINE,C61,1933,second,win,S08,1933
c61_anchor_followup,BASELINE,C61,1934,first,loss,S08,1936
c61_anchor_followup,BASELINE,C61,1935,second,loss,S08,1935
c61_anchor_followup,BASELINE,C61,1936,first,win,S08,1937
c61_anchor_followup,BASELINE,C61,1937,second,loss,S08,1938
c61_anchor_followup,BASELINE,C61,1938,first,win,S08,1939
c61_anchor_followup,BASELINE,C61,1939,second,win,S08,1940
c61_anchor_followup,BASELINE,C61,1940,first,win,S08,1941
c61_anchor_followup,BASELINE,C61,1941,second,win,S08,1942
c61_anchor_followup,BASELINE,C61,1942,first,win,S08,1944
c61_anchor_followup,BASELINE,C61,1943,second,loss,S08,1943
c61_anchor_followup,BASELINE,C61,1944,first,win,S08,1946
c61_anchor_followup,BASELINE,C61,1945,second,loss,S08,1945
c61_anchor_followup,BASELINE,C61,1946,first,win,S08,1947
c61_anchor_followup,BASELINE,C61,1947,second,loss,S08,1948
c61_anchor_followup,BASELINE,C61,1948,first,loss,S08,1949
c61_anchor_followup,BASELINE,C61,1949,second,loss,S08,1950
c61_anchor_followup,BASELINE,C61,1950,first,win,S08,1951
c61_anchor_followup,BASELINE,C61,1951,second,loss,S08,1952
c61_anchor_followup,BASELINE,C61,1952,first,loss,S08,1953
c61_anchor_followup,BASELINE,C61,1953,second,loss,S08,1954
c61_anchor_followup,BASELINE,C61,1954,first,win,S08,1955
c61_anchor_followup,BASELINE,C61,1955,second,loss,S08,1956
c61_anchor_followup,BASELINE,C61,1956,first,win,S08,1958
c61_anchor_followup,BASELINE,C61,1957,second,loss,S08,1957
c61_anchor_followup,BASELINE,C61,1958,first,win,S08,1959
c61_anchor_followup,BASELINE,C61,1959,second,loss,S08,1960
c61_anchor_followup,BASELINE,C61,1960,first,loss,S08,1961
c61_anchor_followup,BASELINE,C61,1961,second,win,S08,1962
c61_anchor_followup,BASELINE,C61,1962,first,loss,S08,1963
c61_anchor_followup,BASELINE,C61,1963,second,loss,S08,1964
c61_anchor_followup,BASELINE,C61,1964,first,win,S08,1965
c61_anchor_followup,BASELINE,C61,1965,second,loss,S08,1966
c61_anchor_followup,BASELINE,C61,1966,first,loss,S08,1967
c61_anchor_followup,BASELINE,C61,1967,second,win,S08,1968
c61_anchor_followup,BASELINE,C61,1968,first,loss,S08,1969
c61_anchor_followup,BASELINE,C61,1969,second,win,S08,1970
c61_anchor_followup,BASELINE,C61,1970,first,loss,S08,1971
c61_anchor_followup,BASELINE,C61,1971,second,win,S08,1972
c61_anchor_followup,BASELINE,C61,1972,first,win,S08,1974
c61_anchor_followup,BASELINE,C61,1973,second,loss,S08,1973
c61_anchor_followup,BASELINE,C61,1974,first,loss,S08,1975
c61_anchor_followup,BASELINE,C61,1975,second,loss,S08,1976
c61_anchor_followup,BASELINE,C61,1976,first,win,S08,1977
c61_anchor_followup,BASELINE,C61,1977,second,loss,S08,1979
c61_anchor_followup,BASELINE,C61,1978,first,win,S08,1978
c61_anchor_followup,BASELINE,C61,1979,second,win,S08,1980
c61_anchor_followup,BASELINE,C61,1980,first,win,S08,1981
c61_anchor_followup,BASELINE,C61,1981,second,loss,S08,1982
c61_anchor_followup,BASELINE,C61,1982,first,loss,S08,1984
c61_anchor_followup,BASELINE,C61,1983,second,win,S08,1983
c61_anchor_followup,BASELINE,C61,1984,first,win,S08,1986
c61_anchor_followup,BASELINE,C61,1985,second,win,S08,1985
c61_anchor_followup,BASELINE,C61,1986,first,loss,S08,1987
c61_anchor_followup,BASELINE,C61,1987,second,loss,S08,1988
c61_anchor_followup,BASELINE,C61,1988,first,loss,S08,1989
c61_anchor_followup,BASELINE,C61,1989,second,win,S08,1990
c61_anchor_followup,BASELINE,C61,1990,first,loss,S08,1991
c61_anchor_followup,BASELINE,C61,1991,second,loss,S08,1992
c61_anchor_followup,BASELINE,C61,1992,first,loss,S08,1993
c61_anchor_followup,BASELINE,C61,1993,second,loss,S08,1995
c61_anchor_followup,BASELINE,C61,1994,first,win,S08,1994
c61_anchor_followup,BASELINE,C61,1995,second,loss,S08,1996
c61_anchor_followup,BASELINE,C61,1996,first,loss,S08,1997
c61_anchor_followup,BASELINE,C61,1997,second,loss,S08,1998
c61_anchor_followup,BASELINE,C61,1998,first,win,S08,1999
c61_anchor_followup,BASELINE,C61,1999,second,win,S08,2001
c61_anchor_followup,BASELINE,C61,2000,first,win,S08,2000
c61_anchor_followup,BASELINE,C61,2001,second,loss,S08,2002
c61_anchor_followup,BASELINE,C61,2002,first,loss,S08,2003
c61_anchor_followup,BASELINE,C61,2003,second,win,S08,2004
c61_anchor_followup,BASELINE,C61,2004,first,loss,S08,2006
c61_anchor_followup,BASELINE,C61,2005,second,win,S08,2005
c61_anchor_followup,BASELINE,C61,2006,first,loss,S08,2008
c61_anchor_followup,BASELINE,C61,2007,second,loss,S08,2007
c61_anchor_followup,BASELINE,C61,2008,first,win,S08,2009
c61_anchor_followup,BASELINE,C61,2009,second,loss,S08,2010
c61_anchor_followup,BASELINE,C61,2010,first,loss,S08,2011
c61_anchor_followup,BASELINE,C61,2011,second,win,S08,2012
c61_anchor_followup,BASELINE,C61,2012,first,loss,S08,2013
c61_anchor_followup,BASELINE,C61,2013,second,win,S08,2014
c61_anchor_followup,BASELINE,C61,2014,first,win,S08,2015
c61_anchor_followup,BASELINE,C61,2015,second,win,S08,2016
c61_anchor_followup,BASELINE,C61,2016,first,win,S08,2017
c61_anchor_followup,BASELINE,C61,2017,second,loss,S08,2018
c61_anchor_followup,BASELINE,C61,2018,first,loss,S08,2020
c61_anchor_followup,BASELINE,C61,2019,second,win,S08,2019
c61_anchor_followup,BASELINE,C61,2020,first,loss,S08,2021
c61_anchor_followup,BASELINE,C61,2021,second,loss,S08,2022
c61_anchor_followup,BASELINE,C61,2022,first,win,S08,2023
c61_anchor_followup,BASELINE,C61,2023,second,win,S08,2024
c61_anchor_followup,BASELINE,C61,2024,first,loss,S08,2026
c61_anchor_followup,BASELINE,C61,2025,second,win,S08,2025
c61_anchor_followup,BASELINE,C61,2026,first,win,S08,2027
c61_anchor_followup,BASELINE,C61,2027,second,win,S08,2028
c61_anchor_followup,BASELINE,C61,2028,first,loss,S08,2029
c61_anchor_followup,BASELINE,C61,2029,second,win,S08,2030
c61_anchor_followup,BASELINE,C61,2030,first,loss,S08,2031
c61_anchor_followup,BASELINE,C61,2031,second,loss,S08,2032
c61_anchor_followup,BASELINE,C61,2032,first,loss,S08,2033
c61_anchor_followup,BASELINE,C61,2033,second,loss,S08,2034
c61_anchor_followup,BASELINE,C61,2034,first,loss,S08,2035
c61_anchor_followup,BASELINE,C61,2035,second,win,S08,2036
c61_anchor_followup,BASELINE,C61,2036,first,win,S08,2037
c61_anchor_followup,BASELINE,C61,2037,second,loss,S08,2038
c61_anchor_followup,BASELINE,C61,2038,first,win,S08,2041
c61_anchor_followup,BASELINE,C61,2039,second,loss,S08,2039
c61_anchor_followup,BASELINE,C61,2040,first,win,S08,2040
c61_anchor_followup,BASELINE,C61,2041,second,win,S08,2042
c61_anchor_followup,BASELINE,C61,2042,first,win,S08,2043
c61_anchor_followup,BASELINE,C61,2043,second,win,S08,2044
c61_anchor_followup,BASELINE,C61,2044,first,loss,S08,2045
c61_anchor_followup,BASELINE,C61,2045,second,win,S08,2047
c61_anchor_followup,BASELINE,C61,2046,first,win,S08,2046
c61_anchor_followup,BASELINE,C61,2047,second,win,S08,2048
c61_anchor_followup,BASELINE,C61,2048,first,loss,S08,2049
c61_anchor_followup,BASELINE,C61,2049,second,loss,S08,2050
c61_anchor_followup,BASELINE,C61,2050,first,loss,S08,2051
c61_anchor_followup,BASELINE,C61,2051,second,loss,S08,2052
c61_anchor_followup,BASELINE,C61,2052,first,loss,S08,2054
c61_anchor_followup,BASELINE,C61,2053,second,win,S08,2053
c61_anchor_followup,BASELINE,C61,2054,first,loss,S08,2056
c61_anchor_followup,BASELINE,C61,2055,second,win,S08,2055
c61_anchor_followup,BASELINE,C61,2056,first,win,S08,2057
c61_anchor_followup,BASELINE,C61,2057,second,loss,S08,2058
c61_anchor_followup,BASELINE,C61,2058,first,loss,S08,2060
c61_anchor_followup,BASELINE,C61,2059,second,loss,S08,2059
c61_anchor_followup,BASELINE,C61,2060,first,loss,S08,2061
c61_anchor_followup,BASELINE,C61,2061,second,loss,S08,2063
c61_anchor_followup,BASELINE,C61,2062,first,win,S08,2062
c61_anchor_followup,BASELINE,C61,2063,second,loss,S08,2065
c61_anchor_followup,BASELINE,C61,2064,first,win,S08,2064
c61_anchor_followup,BASELINE,C61,2065,second,win,S08,2066
c61_anchor_followup,BASELINE,C61,2066,first,loss,S08,2067
c61_anchor_followup,BASELINE,C61,2067,second,win,S08,2069
c61_anchor_followup,BASELINE,C61,2068,first,win,S08,2068
c61_anchor_followup,BASELINE,C61,2069,second,loss,S08,2070
c61_anchor_followup,BASELINE,C61,2070,first,win,S08,2071
c61_anchor_followup,BASELINE,C61,2071,second,loss,S08,2072
c61_anchor_followup,BASELINE,C61,2072,first,win,S08,2073
c61_anchor_followup,BASELINE,C61,2073,second,loss,S08,2075
c61_anchor_followup,BASELINE,C61,2074,first,loss,S08,2074
c61_anchor_followup,BASELINE,C61,2075,second,loss,S08,2076
c61_anchor_followup,BASELINE,C61,2076,first,win,S08,2077
c61_anchor_followup,BASELINE,C61,2077,second,loss,S08,2078
c61_anchor_followup,BASELINE,C61,2078,first,loss,S08,2080
c61_anchor_followup,BASELINE,C61,2079,second,loss,S08,2079
c61_anchor_followup,BASELINE,C61,2080,first,loss,S08,2082
c61_anchor_followup,BASELINE,C61,2081,second,loss,S08,2081
c61_anchor_followup,BASELINE,C61,2082,first,loss,S08,2083
c61_anchor_followup,BASELINE,C61,2083,second,loss,S08,2084
c61_anchor_followup,BASELINE,C61,2084,first,win,S08,2086
c61_anchor_followup,BASELINE,C61,2085,second,loss,S08,2085
c61_anchor_followup,BASELINE,C61,2086,first,win,S08,2088
c61_anchor_followup,BASELINE,C61,2087,second,loss,S08,2087
c61_anchor_followup,BASELINE,C61,2088,first,win,S08,2090
c61_anchor_followup,BASELINE,C61,2089,second,win,S08,2089
c61_anchor_followup,BASELINE,C61,2090,first,loss,S08,2092
c61_anchor_followup,BASELINE,C61,2091,second,loss,S08,2091
c61_anchor_followup,BASELINE,C61,2092,first,loss,S08,2094
c61_anchor_followup,BASELINE,C61,2093,second,win,S08,2093
c61_anchor_followup,BASELINE,C61,2094,first,win,S08,2095
c61_anchor_followup,BASELINE,C61,2095,second,win,S08,2096
c61_anchor_followup,BASELINE,C61,2096,first,loss,S08,2097
c61_anchor_followup,BASELINE,C61,2097,second,loss,S08,2098
c61_anchor_followup,BASELINE,C61,2098,first,loss,S08,2099
c61_anchor_followup,BASELINE,C61,2099,second,loss,S08,2100
c61_anchor_followup,BASELINE,C61,2100,first,win,S08,2101
c61_anchor_followup,BASELINE,C61,2101,second,loss,S08,2103
c61_anchor_followup,BASELINE,C61,2102,first,win,S08,2102
c61_anchor_followup,BASELINE,C61,2103,second,win,S08,2104
c61_anchor_followup,BASELINE,C61,2104,first,loss,S08,2105
c61_anchor_followup,BASELINE,C61,2105,second,loss,S08,2106
c61_anchor_followup,BASELINE,C61,2106,first,win,S08,2107
c61_anchor_followup,BASELINE,C61,2107,second,loss,S08,2108
c61_anchor_followup,BASELINE,C61,2108,first,loss,S08,2109
c61_anchor_followup,BASELINE,C61,2109,second,loss,S08,2111
c61_anchor_followup,BASELINE,C61,2110,first,loss,S08,2110
c61_anchor_followup,BASELINE,C61,2111,second,loss,S08,2113
c61_anchor_followup,BASELINE,C61,2112,first,win,S08,2112
c61_anchor_followup,BASELINE,C61,2113,second,loss,S08,2114
c61_anchor_followup,BASELINE,C61,2114,first,win,S08,2115
c61_anchor_followup,BASELINE,C61,2115,second,loss,S08,2116
c61_anchor_followup,BASELINE,C61,2116,first,win,S08,2118
c61_anchor_followup,BASELINE,C61,2117,second,win,S08,2117
c61_anchor_followup,BASELINE,C61,2118,first,win,S08,2119
c61_anchor_followup,BASELINE,C61,2119,second,loss,S08,2120
c61_anchor_followup,BASELINE,C61,2120,first,loss,S08,2121
c61_anchor_followup,BASELINE,C61,2121,second,win,S08,2122
c61_anchor_followup,BASELINE,C61,2122,first,win,S08,2124
c61_anchor_followup,BASELINE,C61,2123,second,loss,S08,2123
c61_anchor_followup,BASELINE,C61,2124,first,win,S08,2125
c61_anchor_followup,BASELINE,C61,2125,second,win,S08,2126
c61_anchor_followup,BASELINE,C61,2126,first,loss,S08,2128
c61_anchor_followup,BASELINE,C61,2127,second,win,S08,2127
c61_anchor_followup,BASELINE,C61,2128,first,win,S08,2129
c61_anchor_followup,BASELINE,C61,2129,second,win,S08,2130
c61_anchor_followup,BASELINE,C61,2130,first,win,S08,2131
c61_anchor_followup,BASELINE,C61,2131,second,loss,S08,2132
c61_anchor_followup,BASELINE,C61,2132,first,loss,S08,2133
c61_anchor_followup,BASELINE,C61,2133,second,loss,S08,2134
c61_anchor_followup,BASELINE,C61,2134,first,loss,S08,2135
c61_anchor_followup,BASELINE,C61,2135,second,loss,S08,2137
c61_anchor_followup,BASELINE,C61,2136,first,win,S08,2136
c61_anchor_followup,BASELINE,C61,2137,second,loss,S08,2138
c61_anchor_followup,BASELINE,C61,2138,first,win,S08,2139
c61_anchor_followup,BASELINE,C61,2139,second,win,S08,2140
c61_anchor_followup,BASELINE,C61,2140,first,win,S08,2141
c61_anchor_followup,BASELINE,C61,2141,second,win,S08,2142
c61_anchor_followup,BASELINE,C61,2142,first,win,S08,2143
c61_anchor_followup,BASELINE,C61,2143,second,win,S08,2145
c61_anchor_followup,BASELINE,C61,2144,first,loss,S08,2144
c61_anchor_followup,BASELINE,C61,2145,second,win,S08,2146
c61_anchor_followup,BASELINE,C61,2146,first,loss,S08,2148
c61_anchor_followup,BASELINE,C61,2147,second,win,S08,2147
c61_anchor_followup,BASELINE,C61,2148,first,loss,S08,2149
c61_anchor_followup,BASELINE,C61,2149,second,win,S08,2150
c61_anchor_followup,BASELINE,C61,2150,first,loss,S08,2152
c61_anchor_followup,BASELINE,C61,2151,second,loss,S08,2151
c61_anchor_followup,BASELINE,C61,2152,first,loss,S08,2153
c61_anchor_followup,BASELINE,C61,2153,second,loss,S08,2154
c61_anchor_followup,BASELINE,C61,2154,first,loss,S08,2155
c61_anchor_followup,BASELINE,C61,2155,second,win,S08,2156
c61_anchor_followup,BASELINE,C61,2156,first,win,S08,2157
c61_anchor_followup,BASELINE,C61,2157,second,loss,S08,2158
c61_anchor_followup,BASELINE,C61,2158,first,win,S08,2159
c61_anchor_followup,BASELINE,C61,2159,second,loss,S08,2160
c61_anchor_followup,BASELINE,C61,2160,first,win,S08,2161
c61_anchor_followup,BASELINE,C61,2161,second,win,S08,2162
c61_anchor_followup,BASELINE,C61,2162,first,loss,S08,2163
c61_anchor_followup,BASELINE,C61,2163,second,win,S08,2164
c61_anchor_followup,BASELINE,C61,2164,first,loss,S08,2165
c61_anchor_followup,BASELINE,C61,2165,second,win,S08,2166
c61_anchor_followup,BASELINE,C61,2166,first,loss,S08,2167
c61_anchor_followup,BASELINE,C61,2167,second,loss,S08,2168
c61_anchor_followup,BASELINE,C61,2168,first,win,S08,2169
c61_anchor_followup,BASELINE,C61,2169,second,win,S08,2170
c61_anchor_followup,BASELINE,C61,2170,first,win,S08,2171
c61_anchor_followup,BASELINE,C61,2171,second,loss,S08,2172
c61_anchor_followup,BASELINE,C61,2172,first,win,S08,2173
c61_anchor_followup,BASELINE,C61,2173,second,loss,S08,2174
c61_anchor_followup,BASELINE,C61,2174,first,win,S08,2175
c61_anchor_followup,BASELINE,C61,2175,second,loss,S08,2176
c61_anchor_followup,BASELINE,C61,2176,first,loss,S08,2177
c61_anchor_followup,BASELINE,C61,2177,second,loss,S08,2179
c61_anchor_followup,BASELINE,C61,2178,first,win,S08,2178
c61_anchor_followup,BASELINE,C61,2179,second,loss,S08,2181
c61_anchor_followup,BASELINE,C61,2180,first,win,S08,2180
c61_anchor_followup,BASELINE,C61,2181,second,win,S08,2182
c61_anchor_followup,BASELINE,C61,2182,first,loss,S08,2183
c61_anchor_followup,BASELINE,C61,2183,second,loss,S08,2185
c61_anchor_followup,BASELINE,C61,2184,first,win,S08,2184
c61_anchor_followup,BASELINE,C61,2185,second,win,S08,2186
c61_anchor_followup,BASELINE,C61,2186,first,loss,S08,2187
c61_anchor_followup,BASELINE,C61,2187,second,win,S08,2188
c61_anchor_followup,BASELINE,C61,2188,first,loss,S08,2189
c61_anchor_followup,BASELINE,C61,2189,second,loss,S08,2190
c61_anchor_followup,BASELINE,C61,2190,first,win,S08,2191
c61_anchor_followup,BASELINE,C61,2191,second,loss,S08,2192
c61_anchor_followup,BASELINE,C61,2192,first,win,S08,2193
c61_anchor_followup,BASELINE,C61,2193,second,loss,S08,2194
c61_anchor_followup,BASELINE,C61,2194,first,win,S08,2195
c61_anchor_followup,BASELINE,C61,2195,second,win,S08,2196
c61_anchor_followup,BASELINE,C61,2196,first,loss,S08,2197
c61_anchor_followup,BASELINE,C61,2197,second,loss,S08,2199
c61_anchor_followup,BASELINE,C61,2198,first,win,S08,2198
c61_anchor_followup,BASELINE,C61,2199,second,loss,S08,2200
c61_anchor_followup,BASELINE,C61,2200,first,loss,S08,2201
c61_anchor_followup,BASELINE,C61,2201,second,win,S08,2202
c61_anchor_followup,BASELINE,C61,2202,first,win,S08,2203
c61_anchor_followup,BASELINE,C61,2203,second,loss,S08,2204
c61_anchor_followup,BASELINE,C61,2204,first,loss,S08,2205
c61_anchor_followup,BASELINE,C61,2205,second,loss,S08,2206
c61_anchor_followup,BASELINE,C61,2206,first,loss,S08,2207
c61_anchor_followup,BASELINE,C61,2207,second,win,S08,2208
c61_anchor_followup,BASELINE,C61,2208,first,win,S08,2209
c61_anchor_followup,BASELINE,C61,2209,second,loss,S08,2210
c61_anchor_followup,BASELINE,C61,2210,first,win,S08,2211
c61_anchor_followup,BASELINE,C61,2211,second,loss,S08,2212
c61_anchor_followup,BASELINE,C61,2212,first,loss,S08,2214
c61_anchor_followup,BASELINE,C61,2213,second,loss,S08,2213
c61_anchor_followup,BASELINE,C61,2214,first,loss,S08,2215
c61_anchor_followup,BASELINE,C61,2215,second,win,S08,2216
c61_anchor_followup,BASELINE,C61,2216,first,win,S08,2217
c61_anchor_followup,BASELINE,C61,2217,second,win,S08,2219
c61_anchor_followup,BASELINE,C61,2218,first,win,S08,2218
c61_anchor_followup,BASELINE,C61,2219,second,loss,S08,2220
c61_anchor_followup,BASELINE,C61,2220,first,loss,S08,2222
c61_anchor_followup,BASELINE,C61,2221,second,win,S08,2221
c61_anchor_followup,BASELINE,C61,2222,first,loss,S08,2224
c61_anchor_followup,BASELINE,C61,2223,second,loss,S08,2223
c61_anchor_followup,BASELINE,C61,2224,first,loss,S08,2225
c61_anchor_followup,BASELINE,C61,2225,second,loss,S08,2226
c61_anchor_followup,BASELINE,C61,2226,first,loss,S08,2227
c61_anchor_followup,BASELINE,C61,2227,second,win,S08,2228
c61_anchor_followup,BASELINE,C61,2228,first,win,S08,2229
c61_anchor_followup,BASELINE,C61,2229,second,loss,S08,2230
c61_anchor_followup,BASELINE,C61,2230,first,loss,S08,2231
c61_anchor_followup,BASELINE,C61,2231,second,loss,S08,2232
c61_anchor_followup,BASELINE,C61,2232,first,win,S08,2233
c61_anchor_followup,BASELINE,C61,2233,second,loss,S08,2234
c61_anchor_followup,BASELINE,C61,2234,first,win,S08,2235
c61_anchor_followup,BASELINE,C61,2235,second,win,S08,2236
c61_anchor_followup,BASELINE,C61,2236,first,loss,S08,2237
c61_anchor_followup,BASELINE,C61,2237,second,loss,S08,2238
c61_anchor_followup,BASELINE,C61,2238,first,loss,S08,2239
c61_anchor_followup,BASELINE,C61,2239,second,loss,S08,2241
c61_anchor_followup,BASELINE,C61,2240,first,win,S08,2240
c61_anchor_followup,BASELINE,C61,2241,second,loss,S08,2243
c61_anchor_followup,BASELINE,C61,2242,first,win,S08,2242
c61_anchor_followup,BASELINE,C61,2243,second,win,S08,2245
c61_anchor_followup,BASELINE,C61,2244,first,win,S08,2244
c61_anchor_followup,BASELINE,C61,2245,second,win,S08,2246
c61_anchor_followup,BASELINE,C61,2246,first,loss,S08,2247
c61_anchor_followup,BASELINE,C61,2247,second,win,S08,2248
c61_anchor_followup,BASELINE,C61,2248,first,win,S08,2249
c61_anchor_followup,BASELINE,C61,2249,second,loss,S08,2250
c61_anchor_followup,BASELINE,C61,2250,first,loss,S08,2251
c61_anchor_followup,BASELINE,C61,2251,second,loss,S08,2252
c61_anchor_followup,BASELINE,C61,2252,first,win,S08,2253
c61_anchor_followup,BASELINE,C61,2253,second,loss,S08,2254
c61_anchor_followup,BASELINE,C61,2254,first,win,S08,2255
c61_anchor_followup,BASELINE,C61,2255,second,win,S08,2256
c61_anchor_followup,BASELINE,C61,2256,first,win,S08,2257
c61_anchor_followup,BASELINE,C61,2257,second,loss,S08,2258
c61_anchor_followup,BASELINE,C61,2258,first,loss,S08,2260
c61_anchor_followup,BASELINE,C61,2259,second,win,S08,2259
c61_anchor_followup,BASELINE,C61,2260,first,win,S08,2261
c61_anchor_followup,BASELINE,C61,2261,second,loss,S08,2263
c61_anchor_followup,BASELINE,C61,2262,first,loss,S08,2262
c61_anchor_followup,BASELINE,C61,2263,second,win,S08,2264
c61_anchor_followup,BASELINE,C61,2264,first,win,S08,2266
c61_anchor_followup,BASELINE,C61,2265,second,win,S08,2265
c61_anchor_followup,BASELINE,C61,2266,first,win,S08,2268
c61_anchor_followup,BASELINE,C61,2267,second,loss,S08,2267
c61_anchor_followup,BASELINE,C61,2268,first,win,S08,2270
c61_anchor_followup,BASELINE,C61,2269,second,loss,S08,2269
c61_anchor_followup,BASELINE,C61,2270,first,loss,S08,2272
c61_anchor_followup,BASELINE,C61,2271,second,win,S08,2271
c61_anchor_followup,BASELINE,C61,2272,first,win,S08,2273
c61_anchor_followup,BASELINE,C61,2273,second,win,S08,2274
c61_anchor_followup,BASELINE,C61,2274,first,win,S08,2275
c61_anchor_followup,BASELINE,C61,2275,second,loss,S08,2277
c61_anchor_followup,BASELINE,C61,2276,first,loss,S08,2276
c61_anchor_followup,BASELINE,C61,2277,second,loss,S08,2278
c61_anchor_followup,BASELINE,C61,2278,first,win,S08,2279
c61_anchor_followup,BASELINE,C61,2279,second,loss,S08,2281
c61_anchor_followup,BASELINE,C61,2280,first,win,S08,2280
c61_anchor_followup,BASELINE,C61,2281,second,win,S08,2283
c61_anchor_followup,BASELINE,C61,2282,first,win,S08,2282
c61_anchor_followup,BASELINE,C61,2283,second,loss,S08,2285
c61_anchor_followup,BASELINE,C61,2284,first,loss,S08,2284
c61_anchor_followup,BASELINE,C61,2285,second,win,S08,2287
c61_anchor_followup,BASELINE,C61,2286,first,loss,S08,2286
c61_anchor_followup,BASELINE,C61,2287,second,loss,S08,2288
c61_anchor_followup,BASELINE,C61,2288,first,loss,S08,2289
c61_anchor_followup,BASELINE,C61,2289,second,win,S08,2290
c61_anchor_followup,BASELINE,C61,2290,first,win,S08,2291
c61_anchor_followup,BASELINE,C61,2291,second,loss,S08,2292
c61_anchor_followup,BASELINE,C61,2292,first,win,S08,2293
c61_anchor_followup,BASELINE,C61,2293,second,win,S08,2294
c61_anchor_followup,BASELINE,C61,2294,first,win,S08,2295
c61_anchor_followup,BASELINE,C61,2295,second,loss,S08,2297
c61_anchor_followup,BASELINE,C61,2296,first,loss,S08,2296
c61_anchor_followup,BASELINE,C61,2297,second,loss,S08,2298
c61_anchor_followup,BASELINE,C61,2298,first,loss,S08,2299
c61_anchor_followup,BASELINE,C61,2299,second,loss,S08,2300
c61_anchor_followup,BASELINE,C61,2300,first,loss,S08,2301
c61_anchor_followup,BASELINE,C61,2301,second,loss,S08,2302
c61_anchor_followup,BASELINE,C61,2302,first,loss,S08,2303
c61_anchor_followup,BASELINE,C61,2303,second,loss,S08,2305
c61_anchor_followup,BASELINE,C61,2304,first,win,S08,2304
c61_anchor_followup,BASELINE,C61,2305,second,win,S08,2307
c61_anchor_followup,BASELINE,C61,2306,first,loss,S08,2306
c61_anchor_followup,BASELINE,C61,2307,second,loss,S08,2309
c61_anchor_followup,BASELINE,C61,2308,first,loss,S08,2308
c61_anchor_followup,BASELINE,C61,2309,second,win,S08,2310
c61_anchor_followup,BASELINE,C61,2310,first,win,S08,2311
c61_anchor_followup,BASELINE,C61,2311,second,loss,S08,2312
c61_anchor_followup,BASELINE,C61,2312,first,loss,S08,2313
c61_anchor_followup,BASELINE,C61,2313,second,loss,S08,2314
c61_anchor_followup,BASELINE,C61,2314,first,loss,S08,2316
c61_anchor_followup,BASELINE,C61,2315,second,loss,S08,2315
c61_anchor_followup,BASELINE,C61,2316,first,loss,S08,2317
c61_anchor_followup,BASELINE,C61,2317,second,loss,S08,2318
c61_anchor_followup,BASELINE,C61,2318,first,win,S08,2319
c61_anchor_followup,BASELINE,C61,2319,second,win,S08,2320
c61_anchor_followup,BASELINE,C61,2320,first,loss,S08,2321
c61_anchor_followup,BASELINE,C61,2321,second,loss,S08,2322
c61_anchor_followup,BASELINE,C61,2322,first,loss,S08,2324
c61_anchor_followup,BASELINE,C61,2323,second,loss,S08,2323
c61_anchor_followup,BASELINE,C61,2324,first,loss,S08,2325
c61_anchor_followup,BASELINE,C61,2325,second,loss,S08,2326
c61_anchor_followup,BASELINE,C61,2326,first,win,S08,2327
c61_anchor_followup,BASELINE,C61,2327,second,win,S08,2328
c61_anchor_followup,BASELINE,C61,2328,first,win,S08,2329
c61_anchor_followup,BASELINE,C61,2329,second,loss,S08,2330
c61_anchor_followup,BASELINE,C61,2330,first,win,S08,2331
c61_anchor_followup,BASELINE,C61,2331,second,loss,S08,2332
c61_anchor_followup,BASELINE,C61,2332,first,win,S08,2334
c61_anchor_followup,BASELINE,C61,2333,second,win,S08,2333
c61_anchor_followup,BASELINE,C61,2334,first,win,S08,2336
c61_anchor_followup,BASELINE,C61,2335,second,loss,S08,2335
c61_anchor_followup,BASELINE,C61,2336,first,win,S08,2337
c61_anchor_followup,BASELINE,C61,2337,second,loss,S08,2338
c61_anchor_followup,BASELINE,C61,2338,first,win,S08,2339
c61_anchor_followup,BASELINE,C61,2339,second,win,S08,2340
c61_anchor_followup,BASELINE,C61,2340,first,loss,S08,2341
c61_anchor_followup,BASELINE,C61,2341,second,win,S08,2342
c61_anchor_followup,BASELINE,C61,2342,first,win,S08,2343
c61_anchor_followup,BASELINE,C61,2343,second,win,S08,2344
c61_anchor_followup,BASELINE,C61,2344,first,loss,S08,2346
c61_anchor_followup,BASELINE,C61,2345,second,loss,S08,2345
c61_anchor_followup,BASELINE,C61,2346,first,loss,S08,2347
c61_anchor_followup,BASELINE,C61,2347,second,loss,S08,2348
c61_anchor_followup,BASELINE,C61,2348,first,loss,S08,2349
c61_anchor_followup,BASELINE,C61,2349,second,loss,S08,2350
c61_anchor_followup,BASELINE,C61,2350,first,loss,S08,2351
c61_anchor_followup,BASELINE,C61,2351,second,win,S08,2352
c61_anchor_followup,BASELINE,C61,2352,first,win,S08,2354
c61_anchor_followup,BASELINE,C61,2353,second,win,S08,2353
c61_anchor_followup,BASELINE,C61,2354,first,win,S08,2355
c61_anchor_followup,BASELINE,C61,2355,second,win,S08,2356
c61_anchor_followup,BASELINE,C61,2356,first,loss,S08,2358
c61_anchor_followup,BASELINE,C61,2357,second,win,S08,2357
c61_anchor_followup,BASELINE,C61,2358,first,loss,S08,2360
c61_anchor_followup,BASELINE,C61,2359,second,win,S08,2359
c61_anchor_followup,BASELINE,C61,2360,first,loss,S08,2361
c61_anchor_followup,BASELINE,C61,2361,second,win,S08,2362
c61_anchor_followup,BASELINE,C61,2362,first,win,S08,2363
c61_anchor_followup,BASELINE,C61,2363,second,loss,S08,2364
c61_anchor_followup,BASELINE,C61,2364,first,loss,S08,2365
c61_anchor_followup,BASELINE,C61,2365,second,loss,S08,2366
c61_anchor_followup,BASELINE,C61,2366,first,win,S08,2368
c61_anchor_followup,BASELINE,C61,2367,second,win,S08,2367
c61_anchor_followup,BASELINE,C61,2368,first,win,S08,2369
c61_anchor_followup,BASELINE,C61,2369,second,loss,S08,2370
c61_anchor_followup,BASELINE,C61,2370,first,win,S08,2372
c61_anchor_followup,BASELINE,C61,2371,second,loss,S08,2371
c61_anchor_followup,BASELINE,C61,2372,first,loss,S08,2374
c61_anchor_followup,BASELINE,C61,2373,second,loss,S08,2373
c61_anchor_followup,BASELINE,C61,2374,first,win,S08,2375
c61_anchor_followup,BASELINE,C61,2375,second,win,S08,2376
c61_anchor_followup,BASELINE,C61,2376,first,win,S08,2377
c61_anchor_followup,BASELINE,C61,2377,second,loss,S08,2378
c61_anchor_followup,BASELINE,C61,2378,first,win,S08,2379
c61_anchor_followup,BASELINE,C61,2379,second,loss,S08,2380
c61_anchor_followup,BASELINE,C61,2380,first,loss,S08,2381
c61_anchor_followup,BASELINE,C61,2381,second,win,S08,2382
c61_anchor_followup,BASELINE,C61,2382,first,loss,S08,2383
c61_anchor_followup,BASELINE,C61,2383,second,win,S08,2384
c61_anchor_followup,BASELINE,C61,2384,first,loss,S08,2386
c61_anchor_followup,BASELINE,C61,2385,second,win,S08,2385
c61_anchor_followup,BASELINE,C61,2386,first,loss,S08,2387
c61_anchor_followup,BASELINE,C61,2387,second,loss,S08,2388
c61_anchor_followup,BASELINE,C61,2388,first,loss,S08,2389
c61_anchor_followup,BASELINE,C61,2389,second,loss,S08,2390
c61_anchor_followup,BASELINE,C61,2390,first,win,S08,2391
c61_anchor_followup,BASELINE,C61,2391,second,win,S08,2392
c61_anchor_followup,BASELINE,C61,2392,first,win,S08,2393
c61_anchor_followup,BASELINE,C61,2393,second,loss,S08,2395
c61_anchor_followup,BASELINE,C61,2394,first,win,S08,2394
c61_anchor_followup,BASELINE,C61,2395,second,loss,S08,2397
c61_anchor_followup,BASELINE,C61,2396,first,loss,S08,2396
c61_anchor_followup,BASELINE,C61,2397,second,draw,S08,2399
c61_anchor_followup,BASELINE,C61,2398,first,loss,S08,2398
c61_anchor_followup,BASELINE,C61,2399,second,loss,S08,2401
c61_anchor_followup,BASELINE,C61,2400,first,loss,S08,2400
c61_anchor_followup,BASELINE,C61,2401,second,loss,S08,2403
c61_anchor_followup,BASELINE,C61,2402,first,win,S08,2402
c61_anchor_followup,BASELINE,C61,2403,second,loss,S08,2404
c61_anchor_followup,BASELINE,C61,2404,first,loss,S08,2405
c61_anchor_followup,BASELINE,C61,2405,second,loss,S08,2408
c61_anchor_followup,BASELINE,C61,2406,first,win,S08,2406
c61_anchor_followup,BASELINE,C61,2407,second,loss,S08,2407
c61_anchor_followup,BASELINE,C61,2408,first,loss,S08,2410
c61_anchor_followup,BASELINE,C61,2409,second,loss,S08,2409
c61_anchor_followup,BASELINE,C61,2410,first,win,S08,2411
c61_anchor_followup,BASELINE,C61,2411,second,loss,S08,2412
c61_anchor_followup,BASELINE,C61,2412,first,win,S08,2413
c61_anchor_followup,BASELINE,C61,2413,second,loss,S08,2414
c61_anchor_followup,BASELINE,C61,2414,first,win,S08,2415
c61_anchor_followup,BASELINE,C61,2415,second,loss,S08,2416
c61_anchor_followup,BASELINE,C61,2416,first,loss,S08,2417
c61_anchor_followup,BASELINE,C61,2417,second,win,S08,2418
c61_anchor_followup,BASELINE,C61,2418,first,loss,S08,2419
c61_anchor_followup,BASELINE,C61,2419,second,loss,S08,2420
c61_anchor_followup,BASELINE,C61,2420,first,win,S08,2421
c61_anchor_followup,BASELINE,C61,2421,second,loss,S08,2422
c61_anchor_followup,BASELINE,C61,2422,first,win,S08,2423
c61_anchor_followup,BASELINE,C61,2423,second,loss,S08,2424
c61_anchor_followup,BASELINE,C61,2424,first,loss,S08,2426
c61_anchor_followup,BASELINE,C61,2425,second,loss,S08,2425
c61_anchor_followup,BASELINE,C61,2426,first,loss,S08,2427
c61_anchor_followup,BASELINE,C61,2427,second,win,S08,2428
c61_anchor_followup,BASELINE,C61,2428,first,loss,S08,2430
c61_anchor_followup,BASELINE,C61,2429,second,win,S08,2429
c61_anchor_followup,BASELINE,C61,2430,first,loss,S08,2432
c61_anchor_followup,BASELINE,C61,2431,second,loss,S08,2431
c61_anchor_followup,BASELINE,C61,2432,first,loss,S08,2433
c61_anchor_followup,BASELINE,C61,2433,second,loss,S08,2434
c61_anchor_followup,BASELINE,C61,2434,first,loss,S08,2436
c61_anchor_followup,BASELINE,C61,2435,second,win,S08,2435
c61_anchor_followup,BASELINE,C61,2436,first,win,S08,2437
c61_anchor_followup,BASELINE,C61,2437,second,loss,S08,2438
c61_anchor_followup,BASELINE,C61,2438,first,loss,S08,2439
c61_anchor_followup,BASELINE,C61,2439,second,loss,S08,2441
c61_anchor_followup,BASELINE,C61,2440,first,loss,S08,2440
c61_anchor_followup,BASELINE,C61,2441,second,win,S08,2442
c61_anchor_followup,BASELINE,C61,2442,first,win,S08,2443
c61_anchor_followup,BASELINE,C61,2443,second,win,S08,2444
c61_anchor_followup,BASELINE,C61,2444,first,win,S08,2445
c61_anchor_followup,BASELINE,C61,2445,second,loss,S08,2446
c61_anchor_followup,BASELINE,C61,2446,first,loss,S08,2447
c61_anchor_followup,BASELINE,C61,2447,second,loss,S08,2448
c61_anchor_followup,BASELINE,C61,2448,first,win,S08,2449
c61_anchor_followup,BASELINE,C61,2449,second,loss,S08,2450
c61_anchor_followup,BASELINE,C61,2450,first,loss,S08,2451
c61_anchor_followup,BASELINE,C61,2451,second,loss,S08,2452
c61_anchor_followup,BASELINE,C61,2452,first,loss,S08,2453
c61_anchor_followup,BASELINE,C61,2453,second,win,S08,2454
c61_anchor_followup,BASELINE,C61,2454,first,win,S08,2455
c61_anchor_followup,BASELINE,C61,2455,second,loss,S08,2456
c61_anchor_followup,BASELINE,C61,2456,first,loss,S08,2457
c61_anchor_followup,BASELINE,C61,2457,second,loss,S08,2458
c61_anchor_followup,BASELINE,C61,2458,first,loss,S08,2460
c61_anchor_followup,BASELINE,C61,2459,second,loss,S08,2459
c61_anchor_followup,BASELINE,C61,2460,first,win,S08,2462
c61_anchor_followup,BASELINE,C61,2461,second,loss,S08,2461
c61_anchor_followup,BASELINE,C61,2462,first,loss,S08,2463
c61_anchor_followup,BASELINE,C61,2463,second,loss,S08,2464
c61_anchor_followup,BASELINE,C61,2464,first,loss,S08,2465
c61_anchor_followup,BASELINE,C61,2465,second,win,S08,2466
c61_anchor_followup,BASELINE,C61,2466,first,loss,S08,2467
c61_anchor_followup,BASELINE,C61,2467,second,win,S08,2468
c61_anchor_followup,BASELINE,C61,2468,first,loss,S08,2469
c61_anchor_followup,BASELINE,C61,2469,second,win,S08,2470
c61_anchor_followup,BASELINE,C61,2470,first,win,S08,2472
c61_anchor_followup,BASELINE,C61,2471,second,loss,S08,2471
c61_anchor_followup,BASELINE,C61,2472,first,loss,S08,2473
c61_anchor_followup,BASELINE,C61,2473,second,loss,S08,2474
c61_anchor_followup,BASELINE,C61,2474,first,loss,S08,2475
c61_anchor_followup,BASELINE,C61,2475,second,loss,S08,2476
c61_anchor_followup,BASELINE,C61,2476,first,win,S08,2477
c61_anchor_followup,BASELINE,C61,2477,second,loss,S08,2478
c61_anchor_followup,BASELINE,C61,2478,first,win,S08,2479
c61_anchor_followup,BASELINE,C61,2479,second,win,S08,2480
c61_anchor_followup,BASELINE,C61,2480,first,win,S08,2481
c61_anchor_followup,BASELINE,C61,2481,second,loss,S08,2483
c61_anchor_followup,BASELINE,C61,2482,first,win,S08,2482
c61_anchor_followup,BASELINE,C61,2483,second,loss,S08,2484
c61_anchor_followup,BASELINE,C61,2484,first,loss,S08,2485
c61_anchor_followup,BASELINE,C61,2485,second,loss,S08,2486
c61_anchor_followup,BASELINE,C61,2486,first,win,S08,2487
c61_anchor_followup,BASELINE,C61,2487,second,loss,S08,2488
c61_anchor_followup,BASELINE,C61,2488,first,loss,S08,2489
c61_anchor_followup,BASELINE,C61,2489,second,loss,S08,2490
c61_anchor_followup,BASELINE,C61,2490,first,loss,S08,2491
c61_anchor_followup,BASELINE,C61,2491,second,loss,S08,2493
c61_anchor_followup,BASELINE,C61,2492,first,loss,S08,2492
c61_anchor_followup,BASELINE,C61,2493,second,win,S08,2495
c61_anchor_followup,BASELINE,C61,2494,first,loss,S08,2494
c61_anchor_followup,BASELINE,C61,2495,second,win,S08,2496
c61_anchor_followup,BASELINE,C61,2496,first,loss,S08,2497
c61_anchor_followup,BASELINE,C61,2497,second,loss,S08,2499
c61_anchor_followup,BASELINE,C61,2498,first,win,S08,2498
c61_anchor_followup,BASELINE,C61,2499,second,win,S08,2500
c61_anchor_followup,BASELINE,C61,2500,first,loss,S08,2501
c61_anchor_followup,BASELINE,C61,2501,second,win,S08,2502
c61_anchor_followup,BASELINE,C61,2502,first,win,S08,2503
c61_anchor_followup,BASELINE,C61,2503,second,win,S08,2504
c61_anchor_followup,BASELINE,C61,2504,first,win,S08,2506
c61_anchor_followup,BASELINE,C61,2505,second,win,S08,2505
c61_anchor_followup,BASELINE,C61,2506,first,loss,S08,2507
c61_anchor_followup,BASELINE,C61,2507,second,win,S08,2508
c61_anchor_followup,BASELINE,C61,2508,first,loss,S08,2510
c61_anchor_followup,BASELINE,C61,2509,second,win,S08,2509
c61_anchor_followup,BASELINE,C61,2510,first,loss,S08,2513
c61_anchor_followup,BASELINE,C61,2511,second,win,S08,2511
c61_anchor_followup,BASELINE,C61,2512,first,win,S08,2512
c61_anchor_followup,BASELINE,C61,2513,second,win,S08,2514
c61_anchor_followup,BASELINE,C61,2514,first,loss,S08,2515
c61_anchor_followup,BASELINE,C61,2515,second,loss,S08,2516
c61_anchor_followup,BASELINE,C61,2516,first,win,S08,2517
c61_anchor_followup,BASELINE,C61,2517,second,loss,S08,2519
c61_anchor_followup,BASELINE,C61,2518,first,win,S08,2518
c61_anchor_followup,BASELINE,C61,2519,second,loss,S08,2520
c61_anchor_followup,BASELINE,C61,2520,first,loss,S08,2521
c61_anchor_followup,BASELINE,C61,2521,second,loss,S08,2523
c61_anchor_followup,BASELINE,C61,2522,first,win,S08,2522
c61_anchor_followup,BASELINE,C61,2523,second,win,S08,2524
c61_anchor_followup,BASELINE,C61,2524,first,loss,S08,2525
c61_anchor_followup,BASELINE,C61,2525,second,loss,S08,2526
c61_anchor_followup,BASELINE,C61,2526,first,win,S08,2527
c61_anchor_followup,BASELINE,C61,2527,second,loss,S08,2528
c61_anchor_followup,BASELINE,C61,2528,first,loss,S08,2529
c61_anchor_followup,BASELINE,C61,2529,second,loss,S08,2530
c61_anchor_followup,BASELINE,C61,2530,first,win,S08,2531
c61_anchor_followup,BASELINE,C61,2531,second,win,S08,2532
c61_anchor_followup,BASELINE,C61,2532,first,loss,S08,2533
c61_anchor_followup,BASELINE,C61,2533,second,win,S08,2534
c61_anchor_followup,BASELINE,C61,2534,first,win,S08,2536
c61_anchor_followup,BASELINE,C61,2535,second,win,S08,2535
c61_anchor_followup,BASELINE,C61,2536,first,win,S08,2537
c61_anchor_followup,BASELINE,C61,2537,second,win,S08,2538
c61_anchor_followup,BASELINE,C61,2538,first,win,S08,2539
c61_anchor_followup,BASELINE,C61,2539,second,loss,S08,2540
c61_anchor_followup,BASELINE,C61,2540,first,win,S08,2541
c61_anchor_followup,BASELINE,C61,2541,second,loss,S08,2542
c61_anchor_followup,BASELINE,C61,2542,first,loss,S08,2544
c61_anchor_followup,BASELINE,C61,2543,second,loss,S08,2543
c61_anchor_followup,BASELINE,C61,2544,first,win,S08,2546
c61_anchor_followup,BASELINE,C61,2545,second,win,S08,2545
c61_anchor_followup,BASELINE,C61,2546,first,win,S08,2548
c61_anchor_followup,BASELINE,C61,2547,second,loss,S08,2547
c61_anchor_followup,BASELINE,C61,2548,first,loss,S08,2549
c61_anchor_followup,BASELINE,C61,2549,second,loss,S08,2550
c61_anchor_followup,BASELINE,C61,2550,first,loss,S08,2551
c61_anchor_followup,BASELINE,C61,2551,second,win,S08,2552
c61_anchor_followup,BASELINE,C61,2552,first,loss,S08,2554
c61_anchor_followup,BASELINE,C61,2553,second,loss,S08,2553
c61_anchor_followup,BASELINE,C61,2554,first,loss,S08,2555
c61_anchor_followup,BASELINE,C61,2555,second,loss,S08,2556
c61_anchor_followup,BASELINE,C61,2556,first,loss,S08,2557
c61_anchor_followup,BASELINE,C61,2557,second,loss,S08,2558
c61_anchor_followup,BASELINE,C61,2558,first,win,S08,2559
c61_anchor_followup,BASELINE,C61,2559,second,loss,S08,2560
c61_anchor_followup,BASELINE,C61,2560,first,loss,S08,2561
c61_anchor_followup,BASELINE,C61,2561,second,win,S08,2563
c61_anchor_followup,BASELINE,C61,2562,first,win,S08,2562
c61_anchor_followup,BASELINE,C61,2563,second,loss,S08,2565
c61_anchor_followup,BASELINE,C61,2564,first,loss,S08,2564
c61_anchor_followup,BASELINE,C61,2565,second,loss,S08,2567
c61_anchor_followup,BASELINE,C61,2566,first,draw,S08,2566
c61_anchor_followup,BASELINE,C61,2567,second,loss,S08,2568
c61_anchor_followup,BASELINE,C61,2568,first,loss,S08,2570
c61_anchor_followup,BASELINE,C61,2569,second,win,S08,2569
c61_anchor_followup,BASELINE,C61,2570,first,win,S08,2572
c61_anchor_followup,BASELINE,C61,2571,second,win,S08,2571
c61_anchor_followup,BASELINE,C61,2572,first,loss,S08,2573
c61_anchor_followup,BASELINE,C61,2573,second,win,S08,2576
c61_anchor_followup,BASELINE,C61,2574,first,win,S08,2574
c61_anchor_followup,BASELINE,C61,2575,second,win,S08,2575
c61_anchor_followup,BASELINE,C61,2576,first,loss,S08,2577
c61_anchor_followup,BASELINE,C61,2577,second,loss,S08,2578
c61_anchor_followup,BASELINE,C61,2578,first,loss,S08,2580
c61_anchor_followup,BASELINE,C61,2579,second,win,S08,2579
c61_anchor_followup,BASELINE,C61,2580,first,win,S08,2582
c61_anchor_followup,BASELINE,C61,2581,second,loss,S08,2581
c61_anchor_followup,BASELINE,C61,2582,first,win,S08,2583
c61_anchor_followup,BASELINE,C61,2583,second,loss,S08,2584
c61_anchor_followup,BASELINE,C61,2584,first,win,S08,2586
c61_anchor_followup,BASELINE,C61,2585,second,loss,S08,2585
c61_anchor_followup,BASELINE,C61,2586,first,loss,S08,2587
c61_anchor_followup,BASELINE,C61,2587,second,loss,S08,2588
c61_anchor_followup,BASELINE,C61,2588,first,win,S08,2590
c61_anchor_followup,BASELINE,C61,2589,second,win,S08,2589
c61_anchor_followup,BASELINE,C61,2590,first,loss,S08,2591
c61_anchor_followup,BASELINE,C61,2591,second,loss,S08,2592
c61_anchor_followup,BASELINE,C61,2592,first,loss,S08,2594
c61_anchor_followup,BASELINE,C61,2593,second,win,S08,2593
c61_anchor_followup,BASELINE,C61,2594,first,win,S08,2595
c61_anchor_followup,BASELINE,C61,2595,second,loss,S08,2596
c61_anchor_followup,BASELINE,C61,2596,first,win,S08,2597
c61_anchor_followup,BASELINE,C61,2597,second,win,S08,2598
c61_anchor_followup,BASELINE,C61,2598,first,loss,S08,2599
c61_anchor_followup,BASELINE,C61,2599,second,win,S08,2600
c61_anchor_followup,BASELINE,C61,2600,first,win,S08,2601
c61_anchor_followup,BASELINE,C61,2601,second,loss,S08,2602
c61_anchor_followup,BASELINE,C61,2602,first,loss,S08,2603
c61_anchor_followup,BASELINE,C61,2603,second,win,S08,2605
c61_anchor_followup,BASELINE,C61,2604,first,win,S08,2604
c61_anchor_followup,BASELINE,C61,2605,second,loss,S08,2606
c61_anchor_followup,BASELINE,C61,2606,first,loss,S08,2607
c61_anchor_followup,BASELINE,C61,2607,second,loss,S08,2608
c61_anchor_followup,BASELINE,C61,2608,first,win,S08,2609
c61_anchor_followup,BASELINE,C61,2609,second,loss,S08,2610
c61_anchor_followup,BASELINE,C61,2610,first,win,S08,2611
c61_anchor_followup,BASELINE,C61,2611,second,loss,S08,2613
c61_anchor_followup,BASELINE,C61,2612,first,win,S08,2612
c61_anchor_followup,BASELINE,C61,2613,second,win,S08,2614
c61_anchor_followup,BASELINE,C61,2614,first,loss,S08,2615
c61_anchor_followup,BASELINE,C61,2615,second,win,S08,2617
c61_anchor_followup,BASELINE,C61,2616,first,win,S08,2616
c61_anchor_followup,BASELINE,C61,2617,second,loss,S08,2618
c61_anchor_followup,BASELINE,C61,2618,first,win,S08,2620
c61_anchor_followup,BASELINE,C61,2619,second,win,S08,2619
c61_anchor_followup,BASELINE,C61,2620,first,win,S08,2621
c61_anchor_followup,BASELINE,C61,2621,second,loss,S08,2622
c61_anchor_followup,BASELINE,C61,2622,first,loss,S08,2623
c61_anchor_followup,BASELINE,C61,2623,second,loss,S08,2624
c61_anchor_followup,BASELINE,C61,2624,first,loss,S08,2625
c61_anchor_followup,BASELINE,C61,2625,second,loss,S08,2626
c61_anchor_followup,BASELINE,C61,2626,first,loss,S08,2627
c61_anchor_followup,BASELINE,C61,2627,second,loss,S08,2628
c61_anchor_followup,BASELINE,C61,2628,first,win,S08,2629
c61_anchor_followup,BASELINE,C61,2629,second,loss,S08,2630
c61_anchor_followup,BASELINE,C61,2630,first,win,S08,2631
c61_anchor_followup,BASELINE,C61,2631,second,loss,S08,2632
c61_anchor_followup,BASELINE,C61,2632,first,loss,S08,2633
c61_anchor_followup,BASELINE,C61,2633,second,win,S08,2635
c61_anchor_followup,BASELINE,C61,2634,first,loss,S08,2634
c61_anchor_followup,BASELINE,C61,2635,second,win,S08,2637
c61_anchor_followup,BASELINE,C61,2636,first,loss,S08,2636
c61_anchor_followup,BASELINE,C61,2637,second,loss,S08,2638
c61_anchor_followup,BASELINE,C61,2638,first,loss,S08,2639
c61_anchor_followup,BASELINE,C61,2639,second,win,S08,2640
c61_anchor_followup,BASELINE,C61,2640,first,win,S08,2641
c61_anchor_followup,BASELINE,C61,2641,second,win,S08,2642
c61_anchor_followup,BASELINE,C61,2642,first,win,S08,2643
c61_anchor_followup,BASELINE,C61,2643,second,win,S08,2645
c61_anchor_followup,BASELINE,C61,2644,first,win,S08,2644
c61_anchor_followup,BASELINE,C61,2645,second,loss,S08,2647
c61_anchor_followup,BASELINE,C61,2646,first,win,S08,2646
c61_anchor_followup,BASELINE,C61,2647,second,loss,S08,2649
c61_anchor_followup,BASELINE,C61,2648,first,loss,S08,2648
c61_anchor_followup,BASELINE,C61,2649,second,win,S08,2650
c61_anchor_followup,BASELINE,C61,2650,first,loss,S08,2651
c61_anchor_followup,BASELINE,C61,2651,second,loss,S08,2652
c61_anchor_followup,BASELINE,C61,2652,first,loss,S08,2653
c61_anchor_followup,BASELINE,C61,2653,second,loss,S08,2655
c61_anchor_followup,BASELINE,C61,2654,first,loss,S08,2654
c61_anchor_followup,BASELINE,C61,2655,second,loss,S08,2656
c61_anchor_followup,BASELINE,C61,2656,first,loss,S08,2657
c61_anchor_followup,BASELINE,C61,2657,second,loss,S08,2658
c61_anchor_followup,BASELINE,C61,2658,first,win,S08,2659
c61_anchor_followup,BASELINE,C61,2659,second,loss,S08,2660
c61_anchor_followup,BASELINE,C61,2660,first,win,S08,2661
c61_anchor_followup,BASELINE,C61,2661,second,loss,S08,2663
c61_anchor_followup,BASELINE,C61,2662,first,win,S08,2662
c61_anchor_followup,BASELINE,C61,2663,second,win,S08,2664
c61_anchor_followup,BASELINE,C61,2664,first,win,S08,2665
c61_anchor_followup,BASELINE,C61,2665,second,loss,S08,2666
c61_anchor_followup,BASELINE,C61,2666,first,win,S08,2668
c61_anchor_followup,BASELINE,C61,2667,second,loss,S08,2667
c61_anchor_followup,BASELINE,C61,2668,first,loss,S08,2670
c61_anchor_followup,BASELINE,C61,2669,second,win,S08,2669
c61_anchor_followup,BASELINE,C61,2670,first,win,S08,2671
c61_anchor_followup,BASELINE,C61,2671,second,win,S08,2673
c61_anchor_followup,BASELINE,C61,2672,first,win,S08,2672
c61_anchor_followup,BASELINE,C61,2673,second,win,S08,2674
c61_anchor_followup,BASELINE,C61,2674,first,loss,S08,2675
c61_anchor_followup,BASELINE,C61,2675,second,loss,S08,2676
c61_anchor_followup,BASELINE,C61,2676,first,loss,S08,2677
c61_anchor_followup,BASELINE,C61,2677,second,win,S08,2679
c61_anchor_followup,BASELINE,C61,2678,first,win,S08,2678
c61_anchor_followup,BASELINE,C61,2679,second,win,S08,2681
c61_anchor_followup,BASELINE,C61,2680,first,loss,S08,2680
c61_anchor_followup,BASELINE,C61,2681,second,loss,S08,2683
c61_anchor_followup,BASELINE,C61,2682,first,win,S08,2682
c61_anchor_followup,BASELINE,C61,2683,second,win,S08,2684
c61_anchor_followup,BASELINE,C61,2684,first,loss,S08,2685
c61_anchor_followup,BASELINE,C61,2685,second,loss,S08,2686
c61_anchor_followup,BASELINE,C61,2686,first,loss,S08,2687
c61_anchor_followup,BASELINE,C61,2687,second,loss,S08,2688
c61_anchor_followup,BASELINE,C61,2688,first,loss,S08,2689
c61_anchor_followup,BASELINE,C61,2689,second,loss,S08,2690
c61_anchor_followup,BASELINE,C61,2690,first,loss,S08,2691
c61_anchor_followup,BASELINE,C61,2691,second,loss,S08,2693
c61_anchor_followup,BASELINE,C61,2692,first,win,S08,2692
c61_anchor_followup,BASELINE,C61,2693,second,loss,S08,2694
c61_anchor_followup,BASELINE,C61,2694,first,loss,S08,2695
c61_anchor_followup,BASELINE,C61,2695,second,loss,S08,2696
c61_anchor_followup,BASELINE,C61,2696,first,win,S08,2697
c61_anchor_followup,BASELINE,C61,2697,second,loss,S08,2698
c61_anchor_followup,BASELINE,C61,2698,first,win,S08,2699
c61_anchor_followup,BASELINE,C61,2699,second,loss,S08,2700
c61_anchor_followup,BASELINE,C61,2700,first,win,S08,2701
c61_anchor_followup,BASELINE,C61,2701,second,loss,S08,2702
c61_anchor_followup,BASELINE,C61,2702,first,loss,S08,2703
c61_anchor_followup,BASELINE,C61,2703,second,win,S08,2704
c61_anchor_followup,BASELINE,C61,2704,first,loss,S08,2706
c61_anchor_followup,BASELINE,C61,2705,second,loss,S08,2705
c61_anchor_followup,BASELINE,C61,2706,first,win,S08,2708
c61_anchor_followup,BASELINE,C61,2707,second,loss,S08,2707
c61_anchor_followup,BASELINE,C61,2708,first,loss,S08,2709
c61_anchor_followup,BASELINE,C61,2709,second,win,S08,2710
c61_anchor_followup,BASELINE,C61,2710,first,win,S08,2711
c61_anchor_followup,BASELINE,C61,2711,second,win,S08,2712
c61_anchor_followup,BASELINE,C61,2712,first,loss,S08,2713
c61_anchor_followup,BASELINE,C61,2713,second,loss,S08,2714
c61_anchor_followup,BASELINE,C61,2714,first,loss,S08,2716
c61_anchor_followup,BASELINE,C61,2715,second,loss,S08,2715
c61_anchor_followup,BASELINE,C61,2716,first,win,S08,2717
c61_anchor_followup,BASELINE,C61,2717,second,loss,S08,2718
c61_anchor_followup,BASELINE,C61,2718,first,win,S08,2720
c61_anchor_followup,BASELINE,C61,2719,second,loss,S08,2719
c61_anchor_followup,BASELINE,C61,2720,first,loss,S08,2721
c61_anchor_followup,BASELINE,C61,2721,second,loss,S08,2722
c61_anchor_followup,BASELINE,C61,2722,first,win,S08,2723
c61_anchor_followup,BASELINE,C61,2723,second,loss,S08,2724
c61_anchor_followup,BASELINE,C61,2724,first,loss,S08,2725
c61_anchor_followup,BASELINE,C61,2725,second,loss,S08,2726
c61_anchor_followup,BASELINE,C61,2726,first,loss,S08,2727
c61_anchor_followup,BASELINE,C61,2727,second,win,S08,2728
c61_anchor_followup,BASELINE,C61,2728,first,win,S08,2729
c61_anchor_followup,BASELINE,C61,2729,second,loss,S08,2730
c61_anchor_followup,BASELINE,C61,2730,first,win,S08,2731
c61_anchor_followup,BASELINE,C61,2731,second,loss,S08,2732
c61_anchor_followup,BASELINE,C61,2732,first,loss,S08,2733
c61_anchor_followup,BASELINE,C61,2733,second,loss,S08,2734
c61_anchor_followup,BASELINE,C61,2734,first,loss,S08,2735
c61_anchor_followup,BASELINE,C61,2735,second,loss,S08,2736
c61_anchor_followup,BASELINE,C61,2736,first,loss,S08,2737
c61_anchor_followup,BASELINE,C61,2737,second,win,S08,2738
c61_anchor_followup,BASELINE,C61,2738,first,loss,S08,2740
c61_anchor_followup,BASELINE,C61,2739,second,loss,S08,2739
c61_anchor_followup,BASELINE,C61,2740,first,win,S08,2741
c61_anchor_followup,BASELINE,C61,2741,second,win,S08,2742
c61_anchor_followup,BASELINE,C61,2742,first,win,S08,2743
c61_anchor_followup,BASELINE,C61,2743,second,loss,S08,2744
c61_anchor_followup,BASELINE,C61,2744,first,loss,S08,2745
c61_anchor_followup,BASELINE,C61,2745,second,loss,S08,2746
c61_anchor_followup,BASELINE,C61,2746,first,loss,S08,2747
c61_anchor_followup,BASELINE,C61,2747,second,loss,S08,2749
c61_anchor_followup,BASELINE,C61,2748,first,win,S08,2748
c61_anchor_followup,BASELINE,C61,2749,second,loss,S08,2750
c61_anchor_followup,BASELINE,C61,2750,first,loss,S08,2751
c61_anchor_followup,BASELINE,C61,2751,second,loss,S08,2752
c61_anchor_followup,BASELINE,C61,2752,first,loss,S08,2753
c61_anchor_followup,BASELINE,C61,2753,second,loss,S08,2755
c61_anchor_followup,BASELINE,C61,2754,first,loss,S08,2754
c61_anchor_followup,BASELINE,C61,2755,second,win,S08,2756
c61_anchor_followup,BASELINE,C61,2756,first,loss,S08,2757
c61_anchor_followup,BASELINE,C61,2757,second,win,S08,2758
c61_anchor_followup,BASELINE,C61,2758,first,loss,S08,2759
c61_anchor_followup,BASELINE,C61,2759,second,loss,S08,2760
c61_anchor_followup,BASELINE,C61,2760,first,loss,S08,2761
c61_anchor_followup,BASELINE,C61,2761,second,loss,S08,2762
c61_anchor_followup,BASELINE,C61,2762,first,loss,S08,2763
c61_anchor_followup,BASELINE,C61,2763,second,win,S08,2764
c61_anchor_followup,BASELINE,C61,2764,first,win,S08,2765
c61_anchor_followup,BASELINE,C61,2765,second,loss,S08,2766
c61_anchor_followup,BASELINE,C61,2766,first,win,S08,2767
c61_anchor_followup,BASELINE,C61,2767,second,win,S08,2769
c61_anchor_followup,BASELINE,C61,2768,first,loss,S08,2768
c61_anchor_followup,BASELINE,C61,2769,second,loss,S08,2771
c61_anchor_followup,BASELINE,C61,2770,first,loss,S08,2770
c61_anchor_followup,BASELINE,C61,2771,second,loss,S08,2772
c61_anchor_followup,BASELINE,C61,2772,first,loss,S08,2773
c61_anchor_followup,BASELINE,C61,2773,second,loss,S08,2774
c61_anchor_followup,BASELINE,C61,2774,first,loss,S08,2775
c61_anchor_followup,BASELINE,C61,2775,second,win,S08,2777
c61_anchor_followup,BASELINE,C61,2776,first,win,S08,2776
c61_anchor_followup,BASELINE,C61,2777,second,win,S08,2778
c61_anchor_followup,BASELINE,C61,2778,first,win,S08,2780
c61_anchor_followup,BASELINE,C61,2779,second,loss,S08,2779
c61_anchor_followup,BASELINE,C61,2780,first,win,S08,2781
c61_anchor_followup,BASELINE,C61,2781,second,win,S08,2782
c61_anchor_followup,BASELINE,C61,2782,first,loss,S08,2784
c61_anchor_followup,BASELINE,C61,2783,second,loss,S08,2783
c61_anchor_followup,BASELINE,C61,2784,first,win,S08,2785
c61_anchor_followup,BASELINE,C61,2785,second,loss,S08,2786
c61_anchor_followup,BASELINE,C61,2786,first,win,S08,2788
c61_anchor_followup,BASELINE,C61,2787,second,loss,S08,2787
c61_anchor_followup,BASELINE,C61,2788,first,loss,S08,2790
c61_anchor_followup,BASELINE,C61,2789,second,win,S08,2789
c61_anchor_followup,BASELINE,C61,2790,first,win,S08,2791
c61_anchor_followup,BASELINE,C61,2791,second,loss,S08,2792
c61_anchor_followup,BASELINE,C61,2792,first,loss,S08,2794
c61_anchor_followup,BASELINE,C61,2793,second,loss,S08,2793
c61_anchor_followup,BASELINE,C61,2794,first,loss,S08,2795
c61_anchor_followup,BASELINE,C61,2795,second,loss,S08,2796
c61_anchor_followup,BASELINE,C61,2796,first,win,S08,2797
c61_anchor_followup,BASELINE,C61,2797,second,loss,S08,2799
c61_anchor_followup,BASELINE,C61,2798,first,win,S08,2798
c61_anchor_followup,BASELINE,C61,2799,second,loss,S08,2800
c61_anchor_followup,BASELINE,C61,2800,first,loss,S08,2801
c61_anchor_followup,BASELINE,C61,2801,second,win,S08,2802
c61_anchor_followup,BASELINE,C61,2802,first,loss,S08,2803
c61_anchor_followup,BASELINE,C61,2803,second,win,S08,2804
c61_anchor_followup,BASELINE,C61,2804,first,win,S08,2805
c61_anchor_followup,BASELINE,C61,2805,second,loss,S08,2806
c61_anchor_followup,BASELINE,C61,2806,first,loss,S08,2807
c61_anchor_followup,BASELINE,C61,2807,second,loss,S08,2808
c61_anchor_followup,BASELINE,C61,2808,first,loss,S08,2809
c61_anchor_followup,BASELINE,C61,2809,second,win,S08,2810
c61_anchor_followup,BASELINE,C61,2810,first,win,S08,2811
c61_anchor_followup,BASELINE,C61,2811,second,loss,S08,2812
c61_anchor_followup,BASELINE,C61,2812,first,loss,S08,2813
c61_anchor_followup,BASELINE,C61,2813,second,loss,S08,2814
c61_anchor_followup,BASELINE,C61,2814,first,win,S08,2815
c61_anchor_followup,BASELINE,C61,2815,second,loss,S08,2816
c61_anchor_followup,BASELINE,C61,2816,first,loss,S08,2817
c61_anchor_followup,BASELINE,C61,2817,second,win,S08,2818
c61_anchor_followup,BASELINE,C61,2818,first,win,S08,2819
c61_anchor_followup,BASELINE,C61,2819,second,loss,S08,2820
c61_anchor_followup,BASELINE,C61,2820,first,win,S08,2821
c61_anchor_followup,BASELINE,C61,2821,second,loss,S08,2822
c61_anchor_followup,BASELINE,C61,2822,first,win,S08,2823
c61_anchor_followup,BASELINE,C61,2823,second,loss,S08,2824
c61_anchor_followup,BASELINE,C61,2824,first,loss,S08,2825
c61_anchor_followup,BASELINE,C61,2825,second,loss,S08,2827
c61_anchor_followup,BASELINE,C61,2826,first,win,S08,2826
c61_anchor_followup,BASELINE,C61,2827,second,win,S08,2828
c61_anchor_followup,BASELINE,C61,2828,first,win,S08,2829
c61_anchor_followup,BASELINE,C61,2829,second,loss,S08,2830
c61_anchor_followup,BASELINE,C61,2830,first,win,S08,2831
c61_anchor_followup,BASELINE,C61,2831,second,win,S08,2832
c61_anchor_followup,BASELINE,C61,2832,first,loss,S08,2833
c61_anchor_followup,BASELINE,C61,2833,second,loss,S08,2834
c61_anchor_followup,BASELINE,C61,2834,first,loss,S08,2835
c61_anchor_followup,BASELINE,C61,2835,second,win,S08,2836
c61_anchor_followup,BASELINE,C61,2836,first,win,S08,2838
c61_anchor_followup,BASELINE,C61,2837,second,loss,S08,2837
c61_anchor_followup,BASELINE,C61,2838,first,loss,S08,2839
c61_anchor_followup,BASELINE,C61,2839,second,loss,S08,2840
c61_anchor_followup,BASELINE,C61,2840,first,loss,S08,2841
c61_anchor_followup,BASELINE,C61,2841,second,loss,S08,2842
c61_anchor_followup,BASELINE,C61,2842,first,win,S08,2843
c61_anchor_followup,BASELINE,C61,2843,second,loss,S08,2844
c61_anchor_followup,BASELINE,C61,2844,first,win,S08,2845
c61_anchor_followup,BASELINE,C61,2845,second,loss,S08,2846
c61_anchor_followup,BASELINE,C61,2846,first,loss,S08,2847
c61_anchor_followup,BASELINE,C61,2847,second,loss,S08,2848
c61_anchor_followup,BASELINE,C61,2848,first,loss,S08,2849
c61_anchor_followup,BASELINE,C61,2849,second,loss,S08,2850
c61_anchor_followup,BASELINE,C61,2850,first,loss,S08,2851
c61_anchor_followup,BASELINE,C61,2851,second,win,S08,2852
c61_anchor_followup,BASELINE,C61,2852,first,win,S08,2853
c61_anchor_followup,BASELINE,C61,2853,second,win,S08,2854
c61_anchor_followup,BASELINE,C61,2854,first,loss,S08,2856
c61_anchor_followup,BASELINE,C61,2855,second,win,S08,2855
c61_anchor_followup,BASELINE,C61,2856,first,loss,S08,2857
c61_anchor_followup,BASELINE,C61,2857,second,win,S08,2858
c61_anchor_followup,BASELINE,C61,2858,first,loss,S08,2860
c61_anchor_followup,BASELINE,C61,2859,second,loss,S08,2859
c61_anchor_followup,BASELINE,C61,2860,first,win,S08,2861
c61_anchor_followup,BASELINE,C61,2861,second,win,S08,2862
c61_anchor_followup,BASELINE,C61,2862,first,loss,S08,2864
c61_anchor_followup,BASELINE,C61,2863,second,loss,S08,2863
c61_anchor_followup,BASELINE,C61,2864,first,win,S08,2865
c61_anchor_followup,BASELINE,C61,2865,second,loss,S08,2867
c61_anchor_followup,BASELINE,C61,2866,first,loss,S08,2866
c61_anchor_followup,BASELINE,C61,2867,second,loss,S08,2869
c61_anchor_followup,BASELINE,C61,2868,first,loss,S08,2868
c61_anchor_followup,BASELINE,C61,2869,second,loss,S08,2871
c61_anchor_followup,BASELINE,C61,2870,first,win,S08,2870
c61_anchor_followup,BASELINE,C61,2871,second,loss,S08,2873
c61_anchor_followup,BASELINE,C61,2872,first,win,S08,2872
c61_anchor_followup,BASELINE,C61,2873,second,loss,S08,2874
c61_anchor_followup,BASELINE,C61,2874,first,loss,S08,2875
c61_anchor_followup,BASELINE,C61,2875,second,loss,S08,2877
c61_anchor_followup,BASELINE,C61,2876,first,win,S08,2876
c61_anchor_followup,BASELINE,C61,2877,second,win,S08,2878
c61_anchor_followup,BASELINE,C61,2878,first,win,S08,2879
c61_anchor_followup,BASELINE,C61,2879,second,loss,S08,2880
c61_anchor_followup,BASELINE,C61,2880,first,loss,S08,2882
c61_anchor_followup,BASELINE,C61,2881,second,win,S08,2881
c61_anchor_followup,BASELINE,C61,2882,first,loss,S08,2884
c61_anchor_followup,BASELINE,C61,2883,second,loss,S08,2883
c61_anchor_followup,BASELINE,C61,2884,first,loss,S08,2885
c61_anchor_followup,BASELINE,C61,2885,second,loss,S08,2886
c61_anchor_followup,BASELINE,C61,2886,first,loss,S08,2887
c61_anchor_followup,BASELINE,C61,2887,second,loss,S08,2888
c61_anchor_followup,BASELINE,C61,2888,first,loss,S08,2889
c61_anchor_followup,BASELINE,C61,2889,second,loss,S08,2890
c61_anchor_followup,BASELINE,C61,2890,first,win,S08,2891
c61_anchor_followup,BASELINE,C61,2891,second,loss,S08,2892
c61_anchor_followup,BASELINE,C61,2892,first,loss,S08,2893
c61_anchor_followup,BASELINE,C61,2893,second,loss,S08,2894
c61_anchor_followup,BASELINE,C61,2894,first,loss,S08,2895
c61_anchor_followup,BASELINE,C61,2895,second,loss,S08,2896
c61_anchor_followup,BASELINE,C61,2896,first,loss,S08,2898
c61_anchor_followup,BASELINE,C61,2897,second,win,S08,2897
c61_anchor_followup,BASELINE,C61,2898,first,win,S08,2900
c61_anchor_followup,BASELINE,C61,2899,second,loss,S08,2899
c61_anchor_followup,BASELINE,C61,2900,first,win,S08,2901
c61_anchor_followup,BASELINE,C61,2901,second,loss,S08,2902
c61_anchor_followup,BASELINE,C61,2902,first,win,S08,2903
c61_anchor_followup,BASELINE,C61,2903,second,loss,S08,2904
c61_anchor_followup,BASELINE,C61,2904,first,loss,S08,2905
c61_anchor_followup,BASELINE,C61,2905,second,loss,S08,2906
c61_anchor_followup,BASELINE,C61,2906,first,loss,S08,2907
c61_anchor_followup,BASELINE,C61,2907,second,loss,S08,2908
c61_anchor_followup,BASELINE,C61,2908,first,loss,S08,2909
c61_anchor_followup,BASELINE,C61,2909,second,loss,S08,2911
c61_anchor_followup,BASELINE,C61,2910,first,loss,S08,2910
c61_anchor_followup,BASELINE,C61,2911,second,win,S08,2912
c61_anchor_followup,BASELINE,C61,2912,first,win,S08,2913
c61_anchor_followup,BASELINE,C61,2913,second,loss,S08,2915
c61_anchor_followup,BASELINE,C61,2914,first,loss,S08,2914
c61_anchor_followup,BASELINE,C61,2915,second,loss,S08,2916
c61_anchor_followup,BASELINE,C61,2916,first,win,S08,2917
c61_anchor_followup,BASELINE,C61,2917,second,loss,S08,2918
c61_anchor_followup,BASELINE,C61,2918,first,win,S08,2919
c61_anchor_followup,BASELINE,C61,2919,second,loss,S08,2920
c61_anchor_followup,BASELINE,C61,2920,first,win,S08,2922
c61_anchor_followup,BASELINE,C61,2921,second,loss,S08,2921
c61_anchor_followup,BASELINE,C61,2922,first,win,S08,2924
c61_anchor_followup,BASELINE,C61,2923,second,loss,S08,2923
c61_anchor_followup,BASELINE,C61,2924,first,loss,S08,2925
c61_anchor_followup,BASELINE,C61,2925,second,loss,S08,2926
c61_anchor_followup,BASELINE,C61,2926,first,win,S08,2928
c61_anchor_followup,BASELINE,C61,2927,second,win,S08,2927
c61_anchor_followup,BASELINE,C61,2928,first,loss,S08,2929
c61_anchor_followup,BASELINE,C61,2929,second,win,S08,2930
c61_anchor_followup,BASELINE,C61,2930,first,win,S08,2932
c61_anchor_followup,BASELINE,C61,2931,second,win,S08,2931
c61_anchor_followup,BASELINE,C61,2932,first,loss,S08,2933
c61_anchor_followup,BASELINE,C61,2933,second,loss,S08,2934
c61_anchor_followup,BASELINE,C61,2934,first,loss,S08,2935
c61_anchor_followup,BASELINE,C61,2935,second,loss,S08,2936
c61_anchor_followup,BASELINE,C61,2936,first,win,S08,2937
c61_anchor_followup,BASELINE,C61,2937,second,win,S08,2938
c61_anchor_followup,BASELINE,C61,2938,first,loss,S08,2939
c61_anchor_followup,BASELINE,C61,2939,second,win,S08,2940
c61_anchor_followup,BASELINE,C61,2940,first,win,S08,2942
c61_anchor_followup,BASELINE,C61,2941,second,loss,S08,2941
c61_anchor_followup,BASELINE,C61,2942,first,loss,S08,2944
c61_anchor_followup,BASELINE,C61,2943,second,loss,S08,2943
c61_anchor_followup,BASELINE,C61,2944,first,loss,S08,2946
c61_anchor_followup,BASELINE,C61,2945,second,win,S08,2945
c61_anchor_followup,BASELINE,C61,2946,first,win,S08,2947
c61_anchor_followup,BASELINE,C61,2947,second,win,S08,2950
c61_anchor_followup,BASELINE,C61,2948,first,win,S08,2948
c61_anchor_followup,BASELINE,C61,2949,second,win,S08,2949
c61_anchor_followup,BASELINE,C61,2950,first,win,S08,2951
c61_anchor_followup,BASELINE,C61,2951,second,win,S08,2952
c61_anchor_followup,BASELINE,C61,2952,first,win,S08,2953
c61_anchor_followup,BASELINE,C61,2953,second,loss,S08,2954
c61_anchor_followup,BASELINE,C61,2954,first,loss,S08,2955
c61_anchor_followup,BASELINE,C61,2955,second,loss,S08,2957
c61_anchor_followup,BASELINE,C61,2956,first,loss,S08,2956
c61_anchor_followup,BASELINE,C61,2957,second,loss,S08,2958
c61_anchor_followup,BASELINE,C61,2958,first,loss,S08,2959
c61_anchor_followup,BASELINE,C61,2959,second,win,S08,2960
c61_anchor_followup,BASELINE,C61,2960,first,win,S08,2961
c61_anchor_followup,BASELINE,C61,2961,second,loss,S08,2963
c61_anchor_followup,BASELINE,C61,2962,first,win,S08,2962
c61_anchor_followup,BASELINE,C61,2963,second,win,S08,2964
c61_anchor_followup,BASELINE,C61,2964,first,loss,S08,2965
c61_anchor_followup,BASELINE,C61,2965,second,win,S08,2966
c61_anchor_followup,BASELINE,C61,2966,first,win,S08,2967
c61_anchor_followup,BASELINE,C61,2967,second,loss,S08,2969
c61_anchor_followup,BASELINE,C61,2968,first,win,S08,2968
c61_anchor_followup,BASELINE,C61,2969,second,loss,S08,2970
c61_anchor_followup,BASELINE,C61,2970,first,loss,S08,2971
c61_anchor_followup,BASELINE,C61,2971,second,win,S08,2972
c61_anchor_followup,BASELINE,C61,2972,first,loss,S08,2973
c61_anchor_followup,BASELINE,C61,2973,second,loss,S08,2974
c61_anchor_followup,BASELINE,C61,2974,first,win,S08,2975
c61_anchor_followup,BASELINE,C61,2975,second,win,S08,2976
c61_anchor_followup,BASELINE,C61,2976,first,loss,S08,2977
c61_anchor_followup,BASELINE,C61,2977,second,loss,S08,2978
c61_anchor_followup,BASELINE,C61,2978,first,win,S08,2979
c61_anchor_followup,BASELINE,C61,2979,second,win,S08,2980
c61_anchor_followup,BASELINE,C61,2980,first,loss,S08,2981
c61_anchor_followup,BASELINE,C61,2981,second,loss,S08,2982
c61_anchor_followup,BASELINE,C61,2982,first,loss,S08,2983
c61_anchor_followup,BASELINE,C61,2983,second,loss,S08,2984
c61_anchor_followup,BASELINE,C61,2984,first,loss,S08,2985
c61_anchor_followup,BASELINE,C61,2985,second,loss,S08,2986
c61_anchor_followup,BASELINE,C61,2986,first,win,S08,2987
c61_anchor_followup,BASELINE,C61,2987,second,win,S08,2988
c61_anchor_followup,BASELINE,C61,2988,first,loss,S08,2989
c61_anchor_followup,BASELINE,C61,2989,second,win,S08,2990
c61_anchor_followup,BASELINE,C61,2990,first,win,S08,2991
c61_anchor_followup,BASELINE,C61,2991,second,loss,S08,2993
c61_anchor_followup,BASELINE,C61,2992,first,loss,S08,2992
c61_anchor_followup,BASELINE,C61,2993,second,loss,S08,2994
c61_anchor_followup,BASELINE,C61,2994,first,loss,S08,2995
c61_anchor_followup,BASELINE,C61,2995,second,loss,S08,2996
c61_anchor_followup,BASELINE,C61,2996,first,win,S08,2998
c61_anchor_followup,BASELINE,C61,2997,second,win,S08,2997
c61_anchor_followup,BASELINE,C61,2998,first,win,S08,2999
c61_anchor_followup,BASELINE,C61,2999,second,loss,S08,3000
c61_anchor_followup,BASELINE,C61,3000,first,loss,S08,3001
c61_anchor_followup,BASELINE,C61,3001,second,loss,S08,3003
c61_anchor_followup,BASELINE,C61,3002,first,win,S08,3002
c61_anchor_followup,BASELINE,C61,3003,second,loss,S08,3004
c61_anchor_followup,BASELINE,C61,3004,first,win,S08,3005
c61_anchor_followup,BASELINE,C61,3005,second,loss,S08,3006
c61_anchor_followup,BASELINE,C61,3006,first,loss,S08,3007
c61_anchor_followup,BASELINE,C61,3007,second,loss,S08,3008
c61_anchor_followup,BASELINE,C61,3008,first,loss,S08,3009
c61_anchor_followup,BASELINE,C61,3009,second,win,S08,3010
c61_anchor_followup,BASELINE,C61,3010,first,loss,S08,3011
c61_anchor_followup,BASELINE,C61,3011,second,loss,S08,3012
c61_anchor_followup,BASELINE,C61,3012,first,win,S08,3013
c61_anchor_followup,BASELINE,C61,3013,second,loss,S08,3014
c61_anchor_followup,BASELINE,C61,3014,first,loss,S08,3015
c61_anchor_followup,BASELINE,C61,3015,second,loss,S08,3016
c61_anchor_followup,BASELINE,C61,3016,first,loss,S08,3017
c61_anchor_followup,BASELINE,C61,3017,second,loss,S08,3018
c61_anchor_followup,BASELINE,C61,3018,first,loss,S08,3019
c61_anchor_followup,BASELINE,C61,3019,second,win,S08,3020
c61_anchor_followup,BASELINE,C61,3020,first,win,S08,3022
c61_anchor_followup,BASELINE,C61,3021,second,win,S08,3021
c61_anchor_followup,BASELINE,C61,3022,first,win,S08,3023
c61_anchor_followup,BASELINE,C61,3023,second,loss,S08,3025
c61_anchor_followup,BASELINE,C61,3024,first,win,S08,3024
c61_anchor_followup,BASELINE,C61,3025,second,loss,S08,3027
c61_anchor_followup,BASELINE,C61,3026,first,loss,S08,3026
c61_anchor_followup,BASELINE,C61,3027,second,loss,S08,3028
c61_anchor_followup,BASELINE,C61,3028,first,loss,S08,3029
c61_anchor_followup,BASELINE,C61,3029,second,win,S08,3030
c61_anchor_followup,BASELINE,C61,3030,first,win,S08,3031
c61_anchor_followup,BASELINE,C61,3031,second,loss,S08,3032
c61_anchor_followup,BASELINE,C61,3032,first,loss,S08,3033
c61_anchor_followup,BASELINE,C61,3033,second,loss,S08,3034
c61_anchor_followup,BASELINE,C61,3034,first,loss,S08,3035
c61_anchor_followup,BASELINE,C61,3035,second,loss,S08,3036
c61_anchor_followup,BASELINE,C61,3036,first,win,S08,3038
c61_anchor_followup,BASELINE,C61,3037,second,win,S08,3037
c61_anchor_followup,BASELINE,C61,3038,first,loss,S08,3039
c61_anchor_followup,BASELINE,C61,3039,second,win,S08,3040
c61_anchor_followup,BASELINE,C61,3040,first,loss,S08,3041
c61_anchor_followup,BASELINE,C61,3041,second,win,S08,3042
c61_anchor_followup,BASELINE,C61,3042,first,win,S08,3043
c61_anchor_followup,BASELINE,C61,3043,second,win,S08,3044
c61_anchor_followup,BASELINE,C61,3044,first,win,S08,3045
c61_anchor_followup,BASELINE,C61,3045,second,loss,S08,3046
c61_anchor_followup,BASELINE,C61,3046,first,win,S08,3047
c61_anchor_followup,BASELINE,C61,3047,second,win,S08,3049
c61_anchor_followup,BASELINE,C61,3048,first,win,S08,3048
c61_anchor_followup,BASELINE,C61,3049,second,loss,S08,3050
c61_anchor_followup,BASELINE,C61,3050,first,win,S08,3051
c61_anchor_followup,BASELINE,C61,3051,second,win,S08,3052
c61_anchor_followup,BASELINE,C61,3052,first,win,S08,3054
c61_anchor_followup,BASELINE,C61,3053,second,loss,S08,3053
c61_anchor_followup,BASELINE,C61,3054,first,loss,S08,3056
c61_anchor_followup,BASELINE,C61,3055,second,loss,S08,3055
c61_anchor_followup,BASELINE,C61,3056,first,loss,S08,3058
c61_anchor_followup,BASELINE,C61,3057,second,loss,S08,3057
c61_anchor_followup,BASELINE,C61,3058,first,loss,S08,3059
c61_anchor_followup,BASELINE,C61,3059,second,win,S08,3060
c61_anchor_followup,BASELINE,C61,3060,first,win,S08,3061
c61_anchor_followup,BASELINE,C61,3061,second,loss,S08,3062
c61_anchor_followup,BASELINE,C61,3062,first,win,S08,3063
c61_anchor_followup,BASELINE,C61,3063,second,loss,S08,3064
c61_anchor_followup,BASELINE,C61,3064,first,win,S08,3065
c61_anchor_followup,BASELINE,C61,3065,second,loss,S08,3066
c61_anchor_followup,BASELINE,C61,3066,first,loss,S08,3067
c61_anchor_followup,BASELINE,C61,3067,second,loss,S08,3068
c61_anchor_followup,BASELINE,C61,3068,first,win,S08,3069
c61_anchor_followup,BASELINE,C61,3069,second,loss,S08,3070
c61_anchor_followup,BASELINE,C61,3070,first,loss,S08,3072
c61_anchor_followup,BASELINE,C61,3071,second,win,S08,3071
c61_anchor_followup,BASELINE,C61,3072,first,loss,S08,3074
c61_anchor_followup,BASELINE,C61,3073,second,loss,S08,3073
c61_anchor_followup,BASELINE,C61,3074,first,loss,S08,3077
c61_anchor_followup,BASELINE,C61,3075,second,win,S08,3075
c61_anchor_followup,BASELINE,C61,3076,first,win,S08,3076
c61_anchor_followup,BASELINE,C61,3077,second,win,S08,3079
c61_anchor_followup,BASELINE,C61,3078,first,loss,S08,3078
c61_anchor_followup,BASELINE,C61,3079,second,loss,S08,3081
c61_anchor_followup,BASELINE,C61,3080,first,loss,S08,3080
c61_anchor_followup,BASELINE,C61,3081,second,loss,S08,3082
c61_anchor_followup,BASELINE,C61,3082,first,loss,S08,3083
c61_anchor_followup,BASELINE,C61,3083,second,win,S08,3084
c61_anchor_followup,BASELINE,C61,3084,first,win,S08,3085
c61_anchor_followup,BASELINE,C61,3085,second,win,S08,3087
c61_anchor_followup,BASELINE,C61,3086,first,loss,S08,3086
c61_anchor_followup,BASELINE,C61,3087,second,loss,S08,3088
c61_anchor_followup,BASELINE,C61,3088,first,win,S08,3089
c61_anchor_followup,BASELINE,C61,3089,second,loss,S08,3091
c61_anchor_followup,BASELINE,C61,3090,first,loss,S08,3090
c61_anchor_followup,BASELINE,C61,3091,second,loss,S08,3092
c61_anchor_followup,BASELINE,C61,3092,first,loss,S08,3093
c61_anchor_followup,BASELINE,C61,3093,second,loss,S08,3094
c61_anchor_followup,BASELINE,C61,3094,first,loss,S08,3095
c61_anchor_followup,BASELINE,C61,3095,second,loss,S08,3096
c61_anchor_followup,BASELINE,C61,3096,first,loss,S08,3097
c61_anchor_followup,BASELINE,C61,3097,second,loss,S08,3098
c61_anchor_followup,BASELINE,C61,3098,first,loss,S08,3099
c61_anchor_followup,BASELINE,C61,3099,second,loss,S08,3101
c61_anchor_followup,BASELINE,C61,3100,first,win,S08,3100
c61_anchor_followup,BASELINE,C61,3101,second,win,S08,3102
c61_anchor_followup,BASELINE,C61,3102,first,loss,S08,3103
c61_anchor_followup,BASELINE,C61,3103,second,loss,S08,3104
c61_anchor_followup,BASELINE,C61,3104,first,loss,S08,3106
c61_anchor_followup,BASELINE,C61,3105,second,win,S08,3105
c61_anchor_followup,BASELINE,C61,3106,first,loss,S08,3107
c61_anchor_followup,BASELINE,C61,3107,second,loss,S08,3108
c61_anchor_followup,BASELINE,C61,3108,first,loss,S08,3110
c61_anchor_followup,BASELINE,C61,3109,second,win,S08,3109
c61_anchor_followup,BASELINE,C61,3110,first,win,S08,3112
c61_anchor_followup,BASELINE,C61,3111,second,loss,S08,3111
c61_anchor_followup,BASELINE,C61,3112,first,win,S08,3113
c61_anchor_followup,BASELINE,C61,3113,second,loss,S08,3114
c61_anchor_followup,BASELINE,C61,3114,first,loss,S08,3116
c61_anchor_followup,BASELINE,C61,3115,second,win,S08,3115
c61_anchor_followup,BASELINE,C61,3116,first,loss,S08,3117
c61_anchor_followup,BASELINE,C61,3117,second,win,S08,3118
c61_anchor_followup,BASELINE,C61,3118,first,loss,S08,3119
c61_anchor_followup,BASELINE,C61,3119,second,win,S08,3120
c61_anchor_followup,BASELINE,C61,3120,first,win,S08,3121
c61_anchor_followup,BASELINE,C61,3121,second,win,S08,3122
c61_anchor_followup,BASELINE,C61,3122,first,loss,S08,3124
c61_anchor_followup,BASELINE,C61,3123,second,win,S08,3123
c61_anchor_followup,BASELINE,C61,3124,first,loss,S08,3125
c61_anchor_followup,BASELINE,C61,3125,second,loss,S08,3126
c61_anchor_followup,BASELINE,C61,3126,first,loss,S08,3127
c61_anchor_followup,BASELINE,C61,3127,second,win,S08,3128
c61_anchor_followup,BASELINE,C61,3128,first,win,S08,3129
c61_anchor_followup,BASELINE,C61,3129,second,win,S08,3130
c61_anchor_followup,BASELINE,C61,3130,first,win,S08,3132
c61_anchor_followup,BASELINE,C61,3131,second,loss,S08,3131
c61_anchor_followup,BASELINE,C61,3132,first,loss,S08,3133
c61_anchor_followup,BASELINE,C61,3133,second,loss,S08,3134
c61_anchor_followup,BASELINE,C61,3134,first,loss,S08,3136
c61_anchor_followup,BASELINE,C61,3135,second,loss,S08,3135
c61_anchor_followup,BASELINE,C61,3136,first,win,S08,3138
c61_anchor_followup,BASELINE,C61,3137,second,win,S08,3137
c61_anchor_followup,BASELINE,C61,3138,first,loss,S08,3140
c61_anchor_followup,BASELINE,C61,3139,second,win,S08,3139
c61_anchor_followup,BASELINE,C61,3140,first,win,S08,3141
c61_anchor_followup,BASELINE,C61,3141,second,win,S08,3143
c61_anchor_followup,BASELINE,C61,3142,first,loss,S08,3142
c61_anchor_followup,BASELINE,C61,3143,second,loss,S08,3145
c61_anchor_followup,BASELINE,C61,3144,first,win,S08,3144
c61_anchor_followup,BASELINE,C61,3145,second,loss,S08,3147
c61_anchor_followup,BASELINE,C61,3146,first,win,S08,3146
c61_anchor_followup,BASELINE,C61,3147,second,loss,S08,3148
c61_anchor_followup,BASELINE,C61,3148,first,win,S08,3149
c61_anchor_followup,BASELINE,C61,3149,second,loss,S08,3150
c61_anchor_followup,BASELINE,C61,3150,first,loss,S08,3151
c61_anchor_followup,BASELINE,C61,3151,second,loss,S08,3152
c61_anchor_followup,BASELINE,C61,3152,first,loss,S08,3153
c61_anchor_followup,BASELINE,C61,3153,second,loss,S08,3154
c61_anchor_followup,BASELINE,C61,3154,first,loss,S08,3156
c61_anchor_followup,BASELINE,C61,3155,second,loss,S08,3155
c61_anchor_followup,BASELINE,C61,3156,first,win,S08,3157
c61_anchor_followup,BASELINE,C61,3157,second,loss,S08,3158
c61_anchor_followup,BASELINE,C61,3158,first,win,S08,3159
c61_anchor_followup,BASELINE,C61,3159,second,loss,S08,3160
c61_anchor_followup,BASELINE,C61,3160,first,win,S08,3161
c61_anchor_followup,BASELINE,C61,3161,second,loss,S08,3162
c61_anchor_followup,BASELINE,C61,3162,first,loss,S08,3163
c61_anchor_followup,BASELINE,C61,3163,second,win,S08,3164
c61_anchor_followup,BASELINE,C61,3164,first,loss,S08,3166
c61_anchor_followup,BASELINE,C61,3165,second,loss,S08,3165
c61_anchor_followup,BASELINE,C61,3166,first,win,S08,3167
c61_anchor_followup,BASELINE,C61,3167,second,loss,S08,3168
c61_anchor_followup,BASELINE,C61,3168,first,loss,S08,3169
c61_anchor_followup,BASELINE,C61,3169,second,loss,S08,3170
c61_anchor_followup,BASELINE,C61,3170,first,loss,S08,3171
c61_anchor_followup,BASELINE,C61,3171,second,loss,S08,3172
c61_anchor_followup,BASELINE,C61,3172,first,loss,S08,3174
c61_anchor_followup,BASELINE,C61,3173,second,loss,S08,3173
c61_anchor_followup,BASELINE,C61,3174,first,loss,S08,3175
c61_anchor_followup,BASELINE,C61,3175,second,win,S08,3176
c61_anchor_followup,BASELINE,C61,3176,first,win,S08,3177
c61_anchor_followup,BASELINE,C61,3177,second,win,S08,3179
c61_anchor_followup,BASELINE,C61,3178,first,loss,S08,3178
c61_anchor_followup,BASELINE,C61,3179,second,loss,S08,3180
c61_anchor_followup,BASELINE,C61,3180,first,loss,S08,3181
c61_anchor_followup,BASELINE,C61,3181,second,win,S08,3182
c61_anchor_followup,BASELINE,C61,3182,first,loss,S08,3183
c61_anchor_followup,BASELINE,C61,3183,second,loss,S08,3184
c61_anchor_followup,BASELINE,C61,3184,first,loss,S08,3185
c61_anchor_followup,BASELINE,C61,3185,second,loss,S08,3186
c61_anchor_followup,BASELINE,C61,3186,first,loss,S08,3187
c61_anchor_followup,BASELINE,C61,3187,second,loss,S08,3188
c61_anchor_followup,BASELINE,C61,3188,first,loss,S08,3189
c61_anchor_followup,BASELINE,C61,3189,second,win,S08,3190
c61_anchor_followup,BASELINE,C61,3190,first,win,S08,3191
c61_anchor_followup,BASELINE,C61,3191,second,loss,S08,3193
c61_anchor_followup,BASELINE,C61,3192,first,loss,S08,3192
c61_anchor_followup,BASELINE,C61,3193,second,win,S08,3195
c61_anchor_followup,BASELINE,C61,3194,first,win,S08,3194
c61_anchor_followup,BASELINE,C61,3195,second,loss,S08,3196
c61_anchor_followup,BASELINE,C61,3196,first,win,S08,3197
c61_anchor_followup,BASELINE,C61,3197,second,loss,S08,3198
c61_anchor_followup,BASELINE,C61,3198,first,loss,S08,3199
c61_anchor_followup,BASELINE,C61,3199,second,loss,S08,3200
c61_anchor_followup,BASELINE,C61,3200,first,win,S08,3201
c61_anchor_followup,BASELINE,C61,3201,second,win,S08,3202
c61_anchor_followup,BASELINE,C61,3202,first,loss,S08,3203
c61_anchor_followup,BASELINE,C61,3203,second,loss,S08,3204
c61_anchor_followup,BASELINE,C61,3204,first,win,S08,3205
c61_anchor_followup,BASELINE,C61,3205,second,loss,S08,3206
c61_anchor_followup,BASELINE,C61,3206,first,loss,S08,3207
c61_anchor_followup,BASELINE,C61,3207,second,loss,S08,3208
c61_anchor_followup,BASELINE,C61,3208,first,loss,S08,3209
c61_anchor_followup,BASELINE,C61,3209,second,loss,S08,3211
c61_anchor_followup,BASELINE,C61,3210,first,loss,S08,3210
c61_anchor_followup,BASELINE,C61,3211,second,loss,S08,3213
c61_anchor_followup,BASELINE,C61,3212,first,win,S08,3212
c61_anchor_followup,BASELINE,C61,3213,second,loss,S08,3214
c61_anchor_followup,BASELINE,C61,3214,first,win,S08,3216
c61_anchor_followup,BASELINE,C61,3215,second,win,S08,3215
c61_anchor_followup,BASELINE,C61,3216,first,loss,S08,3217
c61_anchor_followup,BASELINE,C61,3217,second,win,S08,3218
c61_anchor_followup,BASELINE,C61,3218,first,win,S08,3219
c61_anchor_followup,BASELINE,C61,3219,second,loss,S08,3220
c61_anchor_followup,BASELINE,C61,3220,first,loss,S08,3221
c61_anchor_followup,BASELINE,C61,3221,second,loss,S08,3222
c61_anchor_followup,BASELINE,C61,3222,first,loss,S08,3223
c61_anchor_followup,BASELINE,C61,3223,second,loss,S08,3224
c61_anchor_followup,BASELINE,C61,3224,first,loss,S08,3225
c61_anchor_followup,BASELINE,C61,3225,second,win,S08,3227
c61_anchor_followup,BASELINE,C61,3226,first,win,S08,3226
c61_anchor_followup,BASELINE,C61,3227,second,loss,S08,3228
c61_anchor_followup,BASELINE,C61,3228,first,win,S08,3229
c61_anchor_followup,BASELINE,C61,3229,second,loss,S08,3230
c61_anchor_followup,BASELINE,C61,3230,first,win,S08,3231
c61_anchor_followup,BASELINE,C61,3231,second,win,S08,3232
c61_anchor_followup,BASELINE,C61,3232,first,win,S08,3233
c61_anchor_followup,BASELINE,C61,3233,second,loss,S08,3234
c61_anchor_followup,BASELINE,C61,3234,first,win,S08,3235
c61_anchor_followup,BASELINE,C61,3235,second,loss,S08,3236
c61_anchor_followup,BASELINE,C61,3236,first,win,S08,3237
c61_anchor_followup,BASELINE,C61,3237,second,loss,S08,3238
c61_anchor_followup,BASELINE,C61,3238,first,loss,S08,3239
c61_anchor_followup,BASELINE,C61,3239,second,loss,S08,3240
c61_anchor_followup,BASELINE,C61,3240,first,loss,S08,3241
c61_anchor_followup,BASELINE,C61,3241,second,win,S08,3242
c61_anchor_followup,BASELINE,C61,3242,first,loss,S08,3243
c61_anchor_followup,BASELINE,C61,3243,second,loss,S08,3244
c61_anchor_followup,BASELINE,C61,3244,first,win,S08,3246
c61_anchor_followup,BASELINE,C61,3245,second,loss,S08,3245
c61_anchor_followup,BASELINE,C61,3246,first,loss,S08,3247
c61_anchor_followup,BASELINE,C61,3247,second,win,S08,3248
c61_anchor_followup,BASELINE,C61,3248,first,win,S08,3249
c61_anchor_followup,BASELINE,C61,3249,second,win,S08,3250
c61_anchor_followup,BASELINE,C61,3250,first,loss,S08,3251
c61_anchor_followup,BASELINE,C61,3251,second,loss,S08,3252
c61_anchor_followup,BASELINE,C61,3252,first,loss,S08,3253
c61_anchor_followup,BASELINE,C61,3253,second,loss,S08,3254
c61_anchor_followup,BASELINE,C61,3254,first,win,S08,3256
c61_anchor_followup,BASELINE,C61,3255,second,loss,S08,3255
c61_anchor_followup,BASELINE,C61,3256,first,loss,S08,3257
c61_anchor_followup,BASELINE,C61,3257,second,loss,S08,3258
c61_anchor_followup,BASELINE,C61,3258,first,loss,S08,3259
c61_anchor_followup,BASELINE,C61,3259,second,loss,S08,3260
c61_anchor_followup,BASELINE,C61,3260,first,loss,S08,3261
c61_anchor_followup,BASELINE,C61,3261,second,loss,S08,3262
c61_anchor_followup,BASELINE,C61,3262,first,win,S08,3263
c61_anchor_followup,BASELINE,C61,3263,second,loss,S08,3264
c61_anchor_followup,BASELINE,C61,3264,first,win,S08,3265
c61_anchor_followup,BASELINE,C61,3265,second,win,S08,3266
c61_anchor_followup,BASELINE,C61,3266,first,win,S08,3267
c61_anchor_followup,BASELINE,C61,3267,second,loss,S08,3268
c61_anchor_followup,BASELINE,C61,3268,first,loss,S08,3270
c61_anchor_followup,BASELINE,C61,3269,second,loss,S08,3269
c61_anchor_followup,BASELINE,C61,3270,first,loss,S08,3271
c61_anchor_followup,BASELINE,C61,3271,second,loss,S08,3272
c61_anchor_followup,BASELINE,C61,3272,first,win,S08,3273
c61_anchor_followup,BASELINE,C61,3273,second,loss,S08,3274
c61_anchor_followup,BASELINE,C61,3274,first,win,S08,3275
c61_anchor_followup,BASELINE,C61,3275,second,loss,S08,3276
c61_anchor_followup,BASELINE,C61,3276,first,win,S08,3277
c61_anchor_followup,BASELINE,C61,3277,second,win,S08,3278
c61_anchor_followup,BASELINE,C61,3278,first,loss,S08,3279
c61_anchor_followup,BASELINE,C61,3279,second,win,S08,3281
c61_anchor_followup,BASELINE,C61,3280,first,win,S08,3280
c61_anchor_followup,BASELINE,C61,3281,second,loss,S08,3283
c61_anchor_followup,BASELINE,C61,3282,first,loss,S08,3282
c61_anchor_followup,BASELINE,C61,3283,second,win,S08,3284
c61_anchor_followup,BASELINE,C61,3284,first,loss,S08,3285
c61_anchor_followup,BASELINE,C61,3285,second,win,S08,3286
c61_anchor_followup,BASELINE,C61,3286,first,loss,S08,3287
c61_anchor_followup,BASELINE,C61,3287,second,loss,S08,3288
c61_anchor_followup,BASELINE,C61,3288,first,loss,S08,3289
c61_anchor_followup,BASELINE,C61,3289,second,win,S08,3290
c61_anchor_followup,BASELINE,C61,3290,first,loss,S08,3291
c61_anchor_followup,BASELINE,C61,3291,second,loss,S08,3292
c61_anchor_followup,BASELINE,C61,3292,first,loss,S08,3293
c61_anchor_followup,BASELINE,C61,3293,second,loss,S08,3294
c61_anchor_followup,BASELINE,C61,3294,first,loss,S08,3296
c61_anchor_followup,BASELINE,C61,3295,second,win,S08,3295
c61_anchor_followup,BASELINE,C61,3296,first,loss,S08,3297
c61_anchor_followup,BASELINE,C61,3297,second,loss,S08,3298
c61_anchor_followup,BASELINE,C61,3298,first,loss,S08,3299
c61_anchor_followup,BASELINE,C61,3299,second,loss,S08,3300
c61_anchor_followup,BASELINE,C61,3300,first,loss,S08,3301
c61_anchor_followup,BASELINE,C61,3301,second,win,S08,3302
c61_anchor_followup,BASELINE,C61,3302,first,loss,S08,3304
c61_anchor_followup,BASELINE,C61,3303,second,win,S08,3303
c61_anchor_followup,BASELINE,C61,3304,first,win,S08,3306
c61_anchor_followup,BASELINE,C61,3305,second,loss,S08,3305
c61_anchor_followup,BASELINE,C61,3306,first,loss,S08,3307
c61_anchor_followup,BASELINE,C61,3307,second,loss,S08,3308
c61_anchor_followup,BASELINE,C61,3308,first,loss,S08,3309
c61_anchor_followup,BASELINE,C61,3309,second,loss,S08,3311
c61_anchor_followup,BASELINE,C61,3310,first,loss,S08,3310
c61_anchor_followup,BASELINE,C61,3311,second,win,S08,3313
c61_anchor_followup,BASELINE,C61,3312,first,win,S08,3312
c61_anchor_followup,BASELINE,C61,3313,second,loss,S08,3314
c61_anchor_followup,BASELINE,C61,3314,first,win,S08,3316
c61_anchor_followup,BASELINE,C61,3315,second,win,S08,3315
c61_anchor_followup,BASELINE,C61,3316,first,win,S08,3317
c61_anchor_followup,BASELINE,C61,3317,second,loss,S08,3318
c61_anchor_followup,BASELINE,C61,3318,first,loss,S08,3320
c61_anchor_followup,BASELINE,C61,3319,second,win,S08,3319
c61_anchor_followup,BASELINE,C61,3320,first,loss,S08,3321
c61_anchor_followup,BASELINE,C61,3321,second,loss,S08,3322
c61_anchor_followup,BASELINE,C61,3322,first,loss,S08,3323
c61_anchor_followup,BASELINE,C61,3323,second,loss,S08,3325
c61_anchor_followup,BASELINE,C61,3324,first,loss,S08,3324
c61_anchor_followup,BASELINE,C61,3325,second,win,S08,3326
c61_anchor_followup,BASELINE,C61,3326,first,win,S08,3327
c61_anchor_followup,BASELINE,C61,3327,second,loss,S08,3328
c61_anchor_followup,BASELINE,C61,3328,first,loss,S08,3329
c61_anchor_followup,BASELINE,C61,3329,second,win,S08,3330
c61_anchor_followup,BASELINE,C61,3330,first,win,S08,3331
c61_anchor_followup,BASELINE,C61,3331,second,win,S08,3332
c61_anchor_followup,BASELINE,C61,3332,first,win,S08,3333
c61_anchor_followup,BASELINE,C61,3333,second,loss,S08,3335
c61_anchor_followup,BASELINE,C61,3334,first,win,S08,3334
c61_anchor_followup,BASELINE,C61,3335,second,win,S08,3337
c61_anchor_followup,BASELINE,C61,3336,first,win,S08,3336
c61_anchor_followup,BASELINE,C61,3337,second,win,S08,3338
c61_anchor_followup,BASELINE,C61,3338,first,loss,S08,3339
c61_anchor_followup,BASELINE,C61,3339,second,loss,S08,3340
c61_anchor_followup,BASELINE,C61,3340,first,win,S08,3341
c61_anchor_followup,BASELINE,C61,3341,second,loss,S08,3344
c61_anchor_followup,BASELINE,C61,3342,first,win,S08,3342
c61_anchor_followup,BASELINE,C61,3343,second,loss,S08,3343
c61_anchor_followup,BASELINE,C61,3344,first,win,S08,3346
c61_anchor_followup,BASELINE,C61,3345,second,win,S08,3345
c61_anchor_followup,BASELINE,C61,3346,first,loss,S08,3347
c61_anchor_followup,BASELINE,C61,3347,second,loss,S08,3349
c61_anchor_followup,BASELINE,C61,3348,first,win,S08,3348
c61_anchor_followup,BASELINE,C61,3349,second,win,S08,3350
c61_anchor_followup,BASELINE,C61,3350,first,win,S08,3351
c61_anchor_followup,BASELINE,C61,3351,second,loss,S08,3353
c61_anchor_followup,BASELINE,C61,3352,first,win,S08,3352
c61_anchor_followup,BASELINE,C61,3353,second,win,S08,3354
c61_anchor_followup,BASELINE,C61,3354,first,win,S08,3355
c61_anchor_followup,BASELINE,C61,3355,second,win,S08,3356
c61_anchor_followup,BASELINE,C61,3356,first,loss,S08,3357
c61_anchor_followup,BASELINE,C61,3357,second,loss,S08,3358
c61_anchor_followup,BASELINE,C61,3358,first,loss,S08,3359
c61_anchor_followup,BASELINE,C61,3359,second,win,S08,3360
c61_anchor_followup,BASELINE,C61,3360,first,loss,S08,3361
c61_anchor_followup,BASELINE,C61,3361,second,loss,S08,3362
c61_anchor_followup,BASELINE,C61,3362,first,loss,S08,3363
c61_anchor_followup,BASELINE,C61,3363,second,win,S08,3364
c61_anchor_followup,BASELINE,C61,3364,first,win,S08,3365
c61_anchor_followup,BASELINE,C61,3365,second,loss,S08,3367
c61_anchor_followup,BASELINE,C61,3366,first,win,S08,3366
c61_anchor_followup,BASELINE,C61,3367,second,win,S08,3369
c61_anchor_followup,BASELINE,C61,3368,first,win,S08,3368
c61_anchor_followup,BASELINE,C61,3369,second,loss,S08,3371
c61_anchor_followup,BASELINE,C61,3370,first,loss,S08,3370
c61_anchor_followup,BASELINE,C61,3371,second,loss,S08,3372
c61_anchor_followup,BASELINE,C61,3372,first,loss,S08,3374
c61_anchor_followup,BASELINE,C61,3373,second,win,S08,3373
c61_anchor_followup,BASELINE,C61,3374,first,win,S08,3375
c61_anchor_followup,BASELINE,C61,3375,second,loss,S08,3376
c61_anchor_followup,BASELINE,C61,3376,first,loss,S08,3377
c61_anchor_followup,BASELINE,C61,3377,second,loss,S08,3378
c61_anchor_followup,BASELINE,C61,3378,first,loss,S08,3379
c61_anchor_followup,BASELINE,C61,3379,second,win,S08,3380
c61_anchor_followup,BASELINE,C61,3380,first,loss,S08,3381
c61_anchor_followup,BASELINE,C61,3381,second,win,S08,3382
c61_anchor_followup,BASELINE,C61,3382,first,loss,S08,3383
c61_anchor_followup,BASELINE,C61,3383,second,loss,S08,3384
c61_anchor_followup,BASELINE,C61,3384,first,loss,S08,3385
c61_anchor_followup,BASELINE,C61,3385,second,win,S08,3386
c61_anchor_followup,BASELINE,C61,3386,first,loss,S08,3388
c61_anchor_followup,BASELINE,C61,3387,second,loss,S08,3387
c61_anchor_followup,BASELINE,C61,3388,first,win,S08,3390
c61_anchor_followup,BASELINE,C61,3389,second,loss,S08,3389
c61_anchor_followup,BASELINE,C61,3390,first,win,S08,3391
c61_anchor_followup,BASELINE,C61,3391,second,win,S08,3392
c61_anchor_followup,BASELINE,C61,3392,first,loss,S08,3394
c61_anchor_followup,BASELINE,C61,3393,second,win,S08,3393
c61_anchor_followup,BASELINE,C61,3394,first,win,S08,3395
c61_anchor_followup,BASELINE,C61,3395,second,loss,S08,3397
c61_anchor_followup,BASELINE,C61,3396,first,loss,S08,3396
c61_anchor_followup,BASELINE,C61,3397,second,loss,S08,3398
c61_anchor_followup,BASELINE,C61,3398,first,win,S08,3399
c61_anchor_followup,BASELINE,C61,3399,second,win,S08,3400
c61_anchor_followup,BASELINE,C61,3400,first,win,S08,3401
c61_anchor_followup,BASELINE,C61,3401,second,loss,S08,3402
c61_anchor_followup,BASELINE,C61,3402,first,loss,S08,3403
c61_anchor_followup,BASELINE,C61,3403,second,loss,S08,3404
c61_anchor_followup,BASELINE,C61,3404,first,loss,S08,3405
c61_anchor_followup,BASELINE,C61,3405,second,loss,S08,3406
c61_anchor_followup,BASELINE,C61,3406,first,win,S08,3407
c61_anchor_followup,BASELINE,C61,3407,second,loss,S08,3408
c61_anchor_followup,BASELINE,C61,3408,first,win,S08,3409
c61_anchor_followup,BASELINE,C61,3409,second,loss,S08,3410
c61_anchor_followup,BASELINE,C61,3410,first,loss,S08,3411
c61_anchor_followup,BASELINE,C61,3411,second,loss,S08,3412
c61_anchor_followup,BASELINE,C61,3412,first,loss,S08,3413
c61_anchor_followup,BASELINE,C61,3413,second,loss,S08,3414
c61_anchor_followup,BASELINE,C61,3414,first,loss,S08,3415
c61_anchor_followup,BASELINE,C61,3415,second,win,S08,3416
c61_anchor_followup,BASELINE,C61,3416,first,win,S08,3417
c61_anchor_followup,BASELINE,C61,3417,second,win,S08,3418
c61_anchor_followup,BASELINE,C61,3418,first,loss,S08,3419
c61_anchor_followup,BASELINE,C61,3419,second,loss,S08,3420
c61_anchor_followup,BASELINE,C61,3420,first,loss,S08,3421
c61_anchor_followup,BASELINE,C61,3421,second,loss,S08,3422
c61_anchor_followup,BASELINE,C61,3422,first,win,S08,3423
c61_anchor_followup,BASELINE,C61,3423,second,win,S08,3424
c61_anchor_followup,BASELINE,C61,3424,first,win,S08,3425
c61_anchor_followup,BASELINE,C61,3425,second,loss,S08,3426
c61_anchor_followup,BASELINE,C61,3426,first,win,S08,3427
c61_anchor_followup,BASELINE,C61,3427,second,win,S08,3428
c61_anchor_followup,BASELINE,C61,3428,first,loss,S08,3429
c61_anchor_followup,BASELINE,C61,3429,second,loss,S08,3430
c61_anchor_followup,BASELINE,C61,3430,first,loss,S08,3431
c61_anchor_followup,BASELINE,C61,3431,second,loss,S08,3432
c61_anchor_followup,BASELINE,C61,3432,first,win,S08,3433
c61_anchor_followup,BASELINE,C61,3433,second,win,S08,3434
c61_anchor_followup,BASELINE,C61,3434,first,loss,S08,3435
c61_anchor_followup,BASELINE,C61,3435,second,win,S08,3436
c61_anchor_followup,BASELINE,C61,3436,first,loss,S08,3437
c61_anchor_followup,BASELINE,C61,3437,second,loss,S08,3438
c61_anchor_followup,BASELINE,C61,3438,first,loss,S08,3439
c61_anchor_followup,BASELINE,C61,3439,second,loss,S08,3440
c61_anchor_followup,BASELINE,C61,3440,first,loss,S08,3441
c61_anchor_followup,BASELINE,C61,3441,second,loss,S08,3442
c61_anchor_followup,BASELINE,C61,3442,first,loss,S08,3443
c61_anchor_followup,BASELINE,C61,3443,second,win,S08,3444
c61_anchor_followup,BASELINE,C61,3444,first,loss,S08,3445
c61_anchor_followup,BASELINE,C61,3445,second,loss,S08,3446
c61_anchor_followup,BASELINE,C61,3446,first,win,S08,3448
c61_anchor_followup,BASELINE,C61,3447,second,win,S08,3447
c61_anchor_followup,BASELINE,C61,3448,first,loss,S08,3450
c61_anchor_followup,BASELINE,C61,3449,second,loss,S08,3449
c61_anchor_followup,BASELINE,C61,3450,first,win,S08,3451
c61_anchor_followup,BASELINE,C61,3451,second,loss,S08,3452
c61_anchor_followup,BASELINE,C61,3452,first,loss,S08,3454
c61_anchor_followup,BASELINE,C61,3453,second,loss,S08,3453
c61_anchor_followup,BASELINE,C61,3454,first,win,S08,3455
c61_anchor_followup,BASELINE,C61,3455,second,loss,S08,3456
c61_anchor_followup,BASELINE,C61,3456,first,win,S08,3457
c61_anchor_followup,BASELINE,C61,3457,second,win,S08,3459
c61_anchor_followup,BASELINE,C61,3458,first,win,S08,3458
c61_anchor_followup,BASELINE,C61,3459,second,loss,S08,3461
c61_anchor_followup,BASELINE,C61,3460,first,win,S08,3460
c61_anchor_followup,BASELINE,C61,3461,second,loss,S08,3462
c61_anchor_followup,BASELINE,C61,3462,first,win,S08,3463
c61_anchor_followup,BASELINE,C61,3463,second,loss,S08,3464
c61_anchor_followup,BASELINE,C61,3464,first,win,S08,3465
c61_anchor_followup,BASELINE,C61,3465,second,loss,S08,3466
c61_anchor_followup,BASELINE,C61,3466,first,loss,S08,3467
c61_anchor_followup,BASELINE,C61,3467,second,loss,S08,3468
c61_anchor_followup,BASELINE,C61,3468,first,win,S08,3470
c61_anchor_followup,BASELINE,C61,3469,second,win,S08,3469
c61_anchor_followup,BASELINE,C61,3470,first,loss,S08,3471
c61_anchor_followup,BASELINE,C61,3471,second,loss,S08,3472
c61_anchor_followup,BASELINE,C61,3472,first,loss,S08,3473
c61_anchor_followup,BASELINE,C61,3473,second,loss,S08,3474
c61_anchor_followup,BASELINE,C61,3474,first,loss,S08,3475
c61_anchor_followup,BASELINE,C61,3475,second,loss,S08,3476
c61_anchor_followup,BASELINE,C61,3476,first,win,S08,3477
c61_anchor_followup,BASELINE,C61,3477,second,win,S08,3478
c61_anchor_followup,BASELINE,C61,3478,first,win,S08,3479
c61_anchor_followup,BASELINE,C61,3479,second,loss,S08,3481
c61_anchor_followup,BASELINE,C61,3480,first,win,S08,3480
c61_anchor_followup,BASELINE,C61,3481,second,win,S08,3482
c61_anchor_followup,BASELINE,C61,3482,first,loss,S08,3483
c61_anchor_followup,BASELINE,C61,3483,second,win,S08,3484
c61_anchor_followup,BASELINE,C61,3484,first,loss,S08,3485
c61_anchor_followup,BASELINE,C61,3485,second,win,S08,3486
c61_anchor_followup,BASELINE,C61,3486,first,loss,S08,3487
c61_anchor_followup,BASELINE,C61,3487,second,win,S08,3488
c61_anchor_followup,BASELINE,C61,3488,first,win,S08,3489
c61_anchor_followup,BASELINE,C61,3489,second,win,S08,3490
c61_anchor_followup,BASELINE,C61,3490,first,win,S08,3491
c61_anchor_followup,BASELINE,C61,3491,second,loss,S08,3492
c61_anchor_followup,BASELINE,C61,3492,first,win,S08,3493
c61_anchor_followup,BASELINE,C61,3493,second,loss,S08,3494
c61_anchor_followup,BASELINE,C61,3494,first,win,S08,3495
c61_anchor_followup,BASELINE,C61,3495,second,win,S08,3496
c61_anchor_followup,BASELINE,C61,3496,first,loss,S08,3497
c61_anchor_followup,BASELINE,C61,3497,second,win,S08,3498
c61_anchor_followup,BASELINE,C61,3498,first,loss,S08,3499
c61_anchor_followup,BASELINE,C61,3499,second,loss,S08,3500
c61_anchor_followup,BASELINE,C61,3500,first,win,S08,3502
c61_anchor_followup,BASELINE,C61,3501,second,win,S08,3501
c61_anchor_followup,BASELINE,C61,3502,first,win,S08,3505
c61_anchor_followup,BASELINE,C61,3503,second,loss,S08,3503
c61_anchor_followup,BASELINE,C61,3504,first,win,S08,3504
c61_anchor_followup,BASELINE,C61,3505,second,loss,S08,3507
c61_anchor_followup,BASELINE,C61,3506,first,win,S08,3506
c61_anchor_followup,BASELINE,C61,3507,second,win,S08,3509
c61_anchor_followup,BASELINE,C61,3508,first,win,S08,3508
c61_anchor_followup,BASELINE,C61,3509,second,loss,S08,3511
c61_anchor_followup,BASELINE,C61,3510,first,win,S08,3510
c61_anchor_followup,BASELINE,C61,3511,second,win,S08,3512
c61_anchor_followup,BASELINE,C61,3512,first,win,S08,3513
c61_anchor_followup,BASELINE,C61,3513,second,win,S08,3514
c61_anchor_followup,BASELINE,C61,3514,first,win,S08,3515
c61_anchor_followup,BASELINE,C61,3515,second,loss,S08,3516
c61_anchor_followup,BASELINE,C61,3516,first,loss,S08,3517
c61_anchor_followup,BASELINE,C61,3517,second,loss,S08,3519
c61_anchor_followup,BASELINE,C61,3518,first,loss,S08,3518
c61_anchor_followup,BASELINE,C61,3519,second,win,S08,3522
c61_anchor_followup,BASELINE,C61,3520,first,win,S08,3520
c61_anchor_followup,BASELINE,C61,3521,second,win,S08,3521
c61_anchor_followup,BASELINE,C61,3522,first,win,S08,3523
c61_anchor_followup,BASELINE,C61,3523,second,loss,S08,3524
c61_anchor_followup,BASELINE,C61,3524,first,loss,S08,3525
c61_anchor_followup,BASELINE,C61,3525,second,win,S08,3526
c61_anchor_followup,BASELINE,C61,3526,first,loss,S08,3528
c61_anchor_followup,BASELINE,C61,3527,second,loss,S08,3527
c61_anchor_followup,BASELINE,C61,3528,first,loss,S08,3529
c61_anchor_followup,BASELINE,C61,3529,second,win,S08,3530
c61_anchor_followup,BASELINE,C61,3530,first,loss,S08,3531
c61_anchor_followup,BASELINE,C61,3531,second,loss,S08,3532
c61_anchor_followup,BASELINE,C61,3532,first,win,S08,3533
c61_anchor_followup,BASELINE,C61,3533,second,loss,S08,3534
c61_anchor_followup,BASELINE,C61,3534,first,loss,S08,3535
c61_anchor_followup,BASELINE,C61,3535,second,loss,S08,3536
c61_anchor_followup,BASELINE,C61,3536,first,loss,S08,3537
c61_anchor_followup,BASELINE,C61,3537,second,loss,S08,3538
c61_anchor_followup,BASELINE,C61,3538,first,loss,S08,3540
c61_anchor_followup,BASELINE,C61,3539,second,win,S08,3539
c61_anchor_followup,BASELINE,C61,3540,first,loss,S08,3541
c61_anchor_followup,BASELINE,C61,3541,second,win,S08,3542
c61_anchor_followup,BASELINE,C61,3542,first,loss,S08,3543
c61_anchor_followup,BASELINE,C61,3543,second,win,S08,3544
c61_anchor_followup,BASELINE,C61,3544,first,loss,S08,3545
c61_anchor_followup,BASELINE,C61,3545,second,loss,S08,3546
c61_anchor_followup,BASELINE,C61,3546,first,loss,S08,3547
c61_anchor_followup,BASELINE,C61,3547,second,loss,S08,3548
c61_anchor_followup,BASELINE,C61,3548,first,loss,S08,3550
c61_anchor_followup,BASELINE,C61,3549,second,loss,S08,3549
c61_anchor_followup,BASELINE,C61,3550,first,loss,S08,3552
c61_anchor_followup,BASELINE,C61,3551,second,win,S08,3551
c61_anchor_followup,BASELINE,C61,3552,first,loss,S08,3555
c61_anchor_followup,BASELINE,C61,3553,second,loss,S08,3553
c61_anchor_followup,BASELINE,C61,3554,first,win,S08,3554
c61_anchor_followup,BASELINE,C61,3555,second,win,S08,3556
c61_anchor_followup,BASELINE,C61,3556,first,loss,S08,3557
c61_anchor_followup,BASELINE,C61,3557,second,loss,S08,3558
c61_anchor_followup,BASELINE,C61,3558,first,loss,S08,3559
c61_anchor_followup,BASELINE,C61,3559,second,loss,S08,3560
c61_anchor_followup,BASELINE,C61,3560,first,win,S08,3561
c61_anchor_followup,BASELINE,C61,3561,second,loss,S08,3562
c61_anchor_followup,BASELINE,C61,3562,first,win,S08,3563
c61_anchor_followup,BASELINE,C61,3563,second,loss,S08,3564
c61_anchor_followup,BASELINE,C61,3564,first,loss,S08,3565
c61_anchor_followup,BASELINE,C61,3565,second,loss,S08,3566
c61_anchor_followup,BASELINE,C61,3566,first,win,S08,3567
c61_anchor_followup,BASELINE,C61,3567,second,loss,S08,3568
c61_anchor_followup,BASELINE,C61,3568,first,loss,S08,3569
c61_anchor_followup,BASELINE,C61,3569,second,loss,S08,3570
c61_anchor_followup,BASELINE,C61,3570,first,loss,S08,3571
c61_anchor_followup,BASELINE,C61,3571,second,win,S08,3573
c61_anchor_followup,BASELINE,C61,3572,first,win,S08,3572
c61_anchor_followup,BASELINE,C61,3573,second,loss,S08,3574
c61_anchor_followup,BASELINE,C61,3574,first,loss,S08,3575
c61_anchor_followup,BASELINE,C61,3575,second,loss,S08,3576
c61_anchor_followup,BASELINE,C61,3576,first,loss,S08,3577
c61_anchor_followup,BASELINE,C61,3577,second,loss,S08,3578
c61_anchor_followup,BASELINE,C61,3578,first,loss,S08,3579
c61_anchor_followup,BASELINE,C61,3579,second,loss,S08,3580
c61_anchor_followup,BASELINE,C61,3580,first,win,S08,3581
c61_anchor_followup,BASELINE,C61,3581,second,loss,S08,3582
c61_anchor_followup,BASELINE,C61,3582,first,loss,S08,3583
c61_anchor_followup,BASELINE,C61,3583,second,loss,S08,3584
c61_anchor_followup,BASELINE,C61,3584,first,win,S08,3585
c61_anchor_followup,BASELINE,C61,3585,second,win,S08,3586
c61_anchor_followup,BASELINE,C61,3586,first,win,S08,3587
c61_anchor_followup,BASELINE,C61,3587,second,loss,S08,3588
c61_anchor_followup,BASELINE,C61,3588,first,loss,S08,3589
c61_anchor_followup,BASELINE,C61,3589,second,loss,S08,3590
c61_anchor_followup,BASELINE,C61,3590,first,win,S08,3591
c61_anchor_followup,BASELINE,C61,3591,second,win,S08,3592
c61_anchor_followup,BASELINE,C61,3592,first,win,S08,3593
c61_anchor_followup,BASELINE,C61,3593,second,win,S08,3594
c61_anchor_followup,BASELINE,C61,3594,first,win,S08,3595
c61_anchor_followup,BASELINE,C61,3595,second,win,S08,3597
c61_anchor_followup,BASELINE,C61,3596,first,win,S08,3596
c61_anchor_followup,BASELINE,C61,3597,second,win,S08,3598
c61_anchor_followup,BASELINE,C61,3598,first,loss,S08,3599
c61_anchor_followup,BASELINE,C61,3599,second,loss,S08,3600
c61_anchor_followup,BASELINE,C61,3600,first,win,S08,3601
c61_anchor_followup,BASELINE,C61,3601,second,win,S08,3602
c61_anchor_followup,BASELINE,C61,3602,first,loss,S08,3603
c61_anchor_followup,BASELINE,C61,3603,second,loss,S08,3604
c61_anchor_followup,BASELINE,C61,3604,first,win,S08,3605
c61_anchor_followup,BASELINE,C61,3605,second,loss,S08,3606
c61_anchor_followup,BASELINE,C61,3606,first,win,S08,3607
c61_anchor_followup,BASELINE,C61,3607,second,win,S08,3608
c61_anchor_followup,BASELINE,C61,3608,first,loss,S08,3610
c61_anchor_followup,BASELINE,C61,3609,second,loss,S08,3609
c61_anchor_followup,BASELINE,C61,3610,first,win,S08,3611
c61_anchor_followup,BASELINE,C61,3611,second,loss,S08,3613
c61_anchor_followup,BASELINE,C61,3612,first,win,S08,3612
c61_anchor_followup,BASELINE,C61,3613,second,loss,S08,3614
c61_anchor_followup,BASELINE,C61,3614,first,loss,S08,3615
c61_anchor_followup,BASELINE,C61,3615,second,win,S08,3616
c61_anchor_followup,BASELINE,C61,3616,first,loss,S08,3617
c61_anchor_followup,BASELINE,C61,3617,second,loss,S08,3618
c61_anchor_followup,BASELINE,C61,3618,first,win,S08,3620
c61_anchor_followup,BASELINE,C61,3619,second,win,S08,3619
c61_anchor_followup,BASELINE,C61,3620,first,loss,S08,3621
c61_anchor_followup,BASELINE,C61,3621,second,win,S08,3622
c61_anchor_followup,BASELINE,C61,3622,first,loss,S08,3623
c61_anchor_followup,BASELINE,C61,3623,second,win,S08,3624
c61_anchor_followup,BASELINE,C61,3624,first,win,S08,3625
c61_anchor_followup,BASELINE,C61,3625,second,loss,S08,3627
c61_anchor_followup,BASELINE,C61,3626,first,win,S08,3626
c61_anchor_followup,BASELINE,C61,3627,second,win,S08,3628
c61_anchor_followup,BASELINE,C61,3628,first,win,S08,3629
c61_anchor_followup,BASELINE,C61,3629,second,loss,S08,3630
c61_anchor_followup,BASELINE,C61,3630,first,win,S08,3631
c61_anchor_followup,BASELINE,C61,3631,second,win,S08,3632
c61_anchor_followup,BASELINE,C61,3632,first,loss,S08,3633
c61_anchor_followup,BASELINE,C61,3633,second,loss,S08,3634
c61_anchor_followup,BASELINE,C61,3634,first,loss,S08,3635
c61_anchor_followup,BASELINE,C61,3635,second,win,S08,3636
c61_anchor_followup,BASELINE,C61,3636,first,loss,S08,3637
c61_anchor_followup,BASELINE,C61,3637,second,loss,S08,3638
c61_anchor_followup,BASELINE,C61,3638,first,loss,S08,3640
c61_anchor_followup,BASELINE,C61,3639,second,win,S08,3639
c61_anchor_followup,BASELINE,C61,3640,first,loss,S08,3641
c61_anchor_followup,BASELINE,C61,3641,second,loss,S08,3642
c61_anchor_followup,BASELINE,C61,3642,first,win,S08,3643
c61_anchor_followup,BASELINE,C61,3643,second,loss,S08,3644
c61_anchor_followup,BASELINE,C61,3644,first,win,S08,3645
c61_anchor_followup,BASELINE,C61,3645,second,loss,S08,3646
c61_anchor_followup,BASELINE,C61,3646,first,win,S08,3647
c61_anchor_followup,BASELINE,C61,3647,second,win,S08,3649
c61_anchor_followup,BASELINE,C61,3648,first,win,S08,3648
c61_anchor_followup,BASELINE,C61,3649,second,loss,S08,3651
c61_anchor_followup,BASELINE,C61,3650,first,loss,S08,3650
c61_anchor_followup,BASELINE,C61,3651,second,loss,S08,3653
c61_anchor_followup,BASELINE,C61,3652,first,win,S08,3652
c61_anchor_followup,BASELINE,C61,3653,second,loss,S08,3655
c61_anchor_followup,BASELINE,C61,3654,first,win,S08,3654
c61_anchor_followup,BASELINE,C61,3655,second,loss,S08,3657
c61_anchor_followup,BASELINE,C61,3656,first,loss,S08,3656
c61_anchor_followup,BASELINE,C61,3657,second,win,S08,3658
c61_anchor_followup,BASELINE,C61,3658,first,win,S08,3660
c61_anchor_followup,BASELINE,C61,3659,second,win,S08,3659
c61_anchor_followup,BASELINE,C61,3660,first,loss,S08,3661
c61_anchor_followup,BASELINE,C61,3661,second,win,S08,3662
c61_anchor_followup,BASELINE,C61,3662,first,win,S08,3663
c61_anchor_followup,BASELINE,C61,3663,second,loss,S08,3664
c61_anchor_followup,BASELINE,C61,3664,first,loss,S08,3665
c61_anchor_followup,BASELINE,C61,3665,second,win,S08,3666
c61_anchor_followup,BASELINE,C61,3666,first,loss,S08,3667
c61_anchor_followup,BASELINE,C61,3667,second,win,S08,3668
c61_anchor_followup,BASELINE,C61,3668,first,win,S08,3669
c61_anchor_followup,BASELINE,C61,3669,second,win,S08,3670
c61_anchor_followup,BASELINE,C61,3670,first,loss,S08,3671
c61_anchor_followup,BASELINE,C61,3671,second,loss,S08,3672
c61_anchor_followup,BASELINE,C61,3672,first,loss,S08,3675
c61_anchor_followup,BASELINE,C61,3673,second,loss,S08,3673
c61_anchor_followup,BASELINE,C61,3674,first,loss,S08,3674
c61_anchor_followup,BASELINE,C61,3675,second,win,S08,3676
c61_anchor_followup,BASELINE,C61,3676,first,loss,S08,3677
c61_anchor_followup,BASELINE,C61,3677,second,win,S08,3678
c61_anchor_followup,BASELINE,C61,3678,first,loss,S08,3679
c61_anchor_followup,BASELINE,C61,3679,second,loss,S08,3680
c61_anchor_followup,BASELINE,C61,3680,first,loss,S08,3681
c61_anchor_followup,BASELINE,C61,3681,second,loss,S08,3683
c61_anchor_followup,BASELINE,C61,3682,first,win,S08,3682
c61_anchor_followup,BASELINE,C61,3683,second,loss,S08,3684
c61_anchor_followup,BASELINE,C61,3684,first,win,S08,3686
c61_anchor_followup,BASELINE,C61,3685,second,loss,S08,3685
c61_anchor_followup,BASELINE,C61,3686,first,win,S08,3687
c61_anchor_followup,BASELINE,C61,3687,second,loss,S08,3688
c61_anchor_followup,BASELINE,C61,3688,first,loss,S08,3689
c61_anchor_followup,BASELINE,C61,3689,second,loss,S08,3691
c61_anchor_followup,BASELINE,C61,3690,first,win,S08,3690
c61_anchor_followup,BASELINE,C61,3691,second,loss,S08,3693
c61_anchor_followup,BASELINE,C61,3692,first,win,S08,3692
c61_anchor_followup,BASELINE,C61,3693,second,win,S08,3694
c61_anchor_followup,BASELINE,C61,3694,first,loss,S08,3695
c61_anchor_followup,BASELINE,C61,3695,second,win,S08,3697
c61_anchor_followup,BASELINE,C61,3696,first,loss,S08,3696
c61_anchor_followup,BASELINE,C61,3697,second,win,S08,3698
c61_anchor_followup,BASELINE,C61,3698,first,loss,S08,3699
c61_anchor_followup,BASELINE,C61,3699,second,loss,S08,3700
c61_anchor_followup,BASELINE,C61,3700,first,loss,S08,3701
c61_anchor_followup,BASELINE,C61,3701,second,win,S08,3702
c61_anchor_followup,BASELINE,C61,3702,first,loss,S08,3703
c61_anchor_followup,BASELINE,C61,3703,second,loss,S08,3704
c61_anchor_followup,BASELINE,C61,3704,first,loss,S08,3705
c61_anchor_followup,BASELINE,C61,3705,second,loss,S08,3706
c61_anchor_followup,BASELINE,C61,3706,first,loss,S08,3708
c61_anchor_followup,BASELINE,C61,3707,second,loss,S08,3707
c61_anchor_followup,BASELINE,C61,3708,first,win,S08,3709
c61_anchor_followup,BASELINE,C61,3709,second,win,S08,3710
c61_anchor_followup,BASELINE,C61,3710,first,loss,S08,3711
c61_anchor_followup,BASELINE,C61,3711,second,loss,S08,3712
c61_anchor_followup,BASELINE,C61,3712,first,loss,S08,3713
c61_anchor_followup,BASELINE,C61,3713,second,loss,S08,3714
c61_anchor_followup,BASELINE,C61,3714,first,win,S08,3715
c61_anchor_followup,BASELINE,C61,3715,second,loss,S08,3716
c61_anchor_followup,BASELINE,C61,3716,first,win,S08,3717
c61_anchor_followup,BASELINE,C61,3717,second,loss,S08,3718
c61_anchor_followup,BASELINE,C61,3718,first,loss,S08,3719
c61_anchor_followup,BASELINE,C61,3719,second,loss,S08,3720
c61_anchor_followup,BASELINE,C61,3720,first,loss,S08,3721
c61_anchor_followup,BASELINE,C61,3721,second,win,S08,3722
c61_anchor_followup,BASELINE,C61,3722,first,loss,S08,3723
c61_anchor_followup,BASELINE,C61,3723,second,loss,S08,3724
c61_anchor_followup,BASELINE,C61,3724,first,loss,S08,3725
c61_anchor_followup,BASELINE,C61,3725,second,loss,S08,3726
c61_anchor_followup,BASELINE,C61,3726,first,loss,S08,3727
c61_anchor_followup,BASELINE,C61,3727,second,win,S08,3729
c61_anchor_followup,BASELINE,C61,3728,first,win,S08,3728
c61_anchor_followup,BASELINE,C61,3729,second,loss,S08,3730
c61_anchor_followup,BASELINE,C61,3730,first,loss,S08,3731
c61_anchor_followup,BASELINE,C61,3731,second,loss,S08,3732
c61_anchor_followup,BASELINE,C61,3732,first,win,S08,3734
c61_anchor_followup,BASELINE,C61,3733,second,win,S08,3733
c61_anchor_followup,BASELINE,C61,3734,first,win,S08,3735
c61_anchor_followup,BASELINE,C61,3735,second,win,S08,3736
c61_anchor_followup,BASELINE,C61,3736,first,win,S08,3737
c61_anchor_followup,BASELINE,C61,3737,second,loss,S08,3738
c61_anchor_followup,BASELINE,C61,3738,first,win,S08,3739
c61_anchor_followup,BASELINE,C61,3739,second,win,S08,3741
c61_anchor_followup,BASELINE,C61,3740,first,win,S08,3740
c61_anchor_followup,BASELINE,C61,3741,second,win,S08,3742
c61_anchor_followup,BASELINE,C61,3742,first,loss,S08,3743
c61_anchor_followup,BASELINE,C61,3743,second,loss,S08,3744
c61_anchor_followup,BASELINE,C61,3744,first,loss,S08,3745
c61_anchor_followup,BASELINE,C61,3745,second,win,S08,3746
c61_anchor_followup,BASELINE,C61,3746,first,loss,S08,3748
c61_anchor_followup,BASELINE,C61,3747,second,win,S08,3747
c61_anchor_followup,BASELINE,C61,3748,first,loss,S08,3749
c61_anchor_followup,BASELINE,C61,3749,second,loss,S08,3750
c61_anchor_followup,BASELINE,C61,3750,first,loss,S08,3751
c61_anchor_followup,BASELINE,C61,3751,second,loss,S08,3752
c61_anchor_followup,BASELINE,C61,3752,first,loss,S08,3753
c61_anchor_followup,BASELINE,C61,3753,second,loss,S08,3754
c61_anchor_followup,BASELINE,C61,3754,first,win,S08,3755
c61_anchor_followup,BASELINE,C61,3755,second,win,S08,3757
c61_anchor_followup,BASELINE,C61,3756,first,win,S08,3756
c61_anchor_followup,BASELINE,C61,3757,second,loss,S08,3758
c61_anchor_followup,BASELINE,C61,3758,first,loss,S08,3759
c61_anchor_followup,BASELINE,C61,3759,second,win,S08,3760
c61_anchor_followup,BASELINE,C61,3760,first,loss,S08,3762
c61_anchor_followup,BASELINE,C61,3761,second,loss,S08,3761
c61_anchor_followup,BASELINE,C61,3762,first,loss,S08,3764
c61_anchor_followup,BASELINE,C61,3763,second,win,S08,3763
c61_anchor_followup,BASELINE,C61,3764,first,loss,S08,3765
c61_anchor_followup,BASELINE,C61,3765,second,win,S08,3766
c61_anchor_followup,BASELINE,C61,3766,first,win,S08,3767
c61_anchor_followup,BASELINE,C61,3767,second,win,S08,3768
c61_anchor_followup,BASELINE,C61,3768,first,win,S08,3769
c61_anchor_followup,BASELINE,C61,3769,second,win,S08,3770
c61_anchor_followup,BASELINE,C61,3770,first,win,S08,3771
c61_anchor_followup,BASELINE,C61,3771,second,loss,S08,3773
c61_anchor_followup,BASELINE,C61,3772,first,win,S08,3772
c61_anchor_followup,BASELINE,C61,3773,second,loss,S08,3775
c61_anchor_followup,BASELINE,C61,3774,first,loss,S08,3774
c61_anchor_followup,BASELINE,C61,3775,second,loss,S08,3776
c61_anchor_followup,BASELINE,C61,3776,first,win,S08,3777
c61_anchor_followup,BASELINE,C61,3777,second,loss,S08,3778
c61_anchor_followup,BASELINE,C61,3778,first,win,S08,3779
c61_anchor_followup,BASELINE,C61,3779,second,loss,S08,3780
c61_anchor_followup,BASELINE,C61,3780,first,loss,S08,3781
c61_anchor_followup,BASELINE,C61,3781,second,loss,S08,3782
c61_anchor_followup,BASELINE,C61,3782,first,loss,S08,3783
c61_anchor_followup,BASELINE,C61,3783,second,loss,S08,3784
c61_anchor_followup,BASELINE,C61,3784,first,loss,S08,3785
c61_anchor_followup,BASELINE,C61,3785,second,loss,S08,3786
c61_anchor_followup,BASELINE,C61,3786,first,loss,S08,3788
c61_anchor_followup,BASELINE,C61,3787,second,loss,S08,3787
c61_anchor_followup,BASELINE,C61,3788,first,win,S08,3790
c61_anchor_followup,BASELINE,C61,3789,second,loss,S08,3789
c61_anchor_followup,BASELINE,C61,3790,first,loss,S08,3791
c61_anchor_followup,BASELINE,C61,3791,second,win,S08,3792
c61_anchor_followup,BASELINE,C61,3792,first,loss,S08,3793
c61_anchor_followup,BASELINE,C61,3793,second,win,S08,3794
c61_anchor_followup,BASELINE,C61,3794,first,loss,S08,3795
c61_anchor_followup,BASELINE,C61,3795,second,loss,S08,3796
c61_anchor_followup,BASELINE,C61,3796,first,win,S08,3797
c61_anchor_followup,BASELINE,C61,3797,second,win,S08,3798
c61_anchor_followup,BASELINE,C61,3798,first,win,S08,3799
c61_anchor_followup,BASELINE,C61,3799,second,loss,S08,3800
c61_anchor_followup,BASELINE,C61,3800,first,loss,S08,3801
c61_anchor_followup,BASELINE,C61,3801,second,loss,S08,3802
c61_anchor_followup,BASELINE,C61,3802,first,loss,S08,3803
c61_anchor_followup,BASELINE,C61,3803,second,win,S08,3804
c61_anchor_followup,BASELINE,C61,3804,first,win,S08,3805
c61_anchor_followup,BASELINE,C61,3805,second,win,S08,3806
c61_anchor_followup,BASELINE,C61,3806,first,win,S08,3807
c61_anchor_followup,BASELINE,C61,3807,second,loss,S08,3808
c61_anchor_followup,BASELINE,C61,3808,first,win,S08,3809
c61_anchor_followup,BASELINE,C61,3809,second,win,S08,3810
c61_anchor_followup,BASELINE,C61,3810,first,win,S08,3811
c61_anchor_followup,BASELINE,C61,3811,second,loss,S08,3812
c61_anchor_followup,BASELINE,C61,3812,first,win,S08,3813
c61_anchor_followup,BASELINE,C61,3813,second,loss,S08,3814
c61_anchor_followup,BASELINE,C61,3814,first,win,S08,3815
c61_anchor_followup,BASELINE,C61,3815,second,loss,S08,3816
c61_anchor_followup,BASELINE,C61,3816,first,loss,S08,3817
c61_anchor_followup,BASELINE,C61,3817,second,loss,S08,3818
c61_anchor_followup,BASELINE,C61,3818,first,win,S08,3819
c61_anchor_followup,BASELINE,C61,3819,second,loss,S08,3820
c61_anchor_followup,BASELINE,C61,3820,first,win,S08,3821
c61_anchor_followup,BASELINE,C61,3821,second,win,S08,3822
c61_anchor_followup,BASELINE,C61,3822,first,win,S08,3824
c61_anchor_followup,BASELINE,C61,3823,second,loss,S08,3823
c61_anchor_followup,BASELINE,C61,3824,first,win,S08,3825
c61_anchor_followup,BASELINE,C61,3825,second,win,S08,3827
c61_anchor_followup,BASELINE,C61,3826,first,loss,S08,3826
c61_anchor_followup,BASELINE,C61,3827,second,win,S08,3828
c61_anchor_followup,BASELINE,C61,3828,first,win,S08,3829
c61_anchor_followup,BASELINE,C61,3829,second,loss,S08,3830
c61_anchor_followup,BASELINE,C61,3830,first,win,S08,3831
c61_anchor_followup,BASELINE,C61,3831,second,win,S08,3832
c61_anchor_followup,BASELINE,C61,3832,first,loss,S08,3833
c61_anchor_followup,BASELINE,C61,3833,second,win,S08,3835
c61_anchor_followup,BASELINE,C61,3834,first,win,S08,3834
c61_anchor_followup,BASELINE,C61,3835,second,win,S08,3837
c61_anchor_followup,BASELINE,C61,3836,first,loss,S08,3836
c61_anchor_followup,BASELINE,C61,3837,second,loss,S08,3839
c61_anchor_followup,BASELINE,C61,3838,first,win,S08,3838
c61_anchor_followup,BASELINE,C61,3839,second,win,S08,3841
c61_anchor_followup,BASELINE,C61,3840,first,win,S08,3840
c61_anchor_followup,BASELINE,C61,3841,second,loss,S08,3842
c61_anchor_followup,BASELINE,C61,3842,first,loss,S08,3843
c61_anchor_followup,BASELINE,C61,3843,second,loss,S08,3844
c61_anchor_followup,BASELINE,C61,3844,first,loss,S08,3845
c61_anchor_followup,BASELINE,C61,3845,second,loss,S08,3846
c61_anchor_followup,BASELINE,C61,3846,first,loss,S08,3847
c61_anchor_followup,BASELINE,C61,3847,second,win,S08,3848
c61_anchor_followup,BASELINE,C61,3848,first,loss,S08,3850
c61_anchor_followup,BASELINE,C61,3849,second,win,S08,3849
c61_anchor_followup,BASELINE,C61,3850,first,win,S08,3851
c61_anchor_followup,BASELINE,C61,3851,second,loss,S08,3852
c61_anchor_followup,BASELINE,C61,3852,first,loss,S08,3853
c61_anchor_followup,BASELINE,C61,3853,second,loss,S08,3854
c61_anchor_followup,BASELINE,C61,3854,first,loss,S08,3855
c61_anchor_followup,BASELINE,C61,3855,second,loss,S08,3856
c61_anchor_followup,BASELINE,C61,3856,first,loss,S08,3857
c61_anchor_followup,BASELINE,C61,3857,second,loss,S08,3858
c61_anchor_followup,BASELINE,C61,3858,first,win,S08,3859
c61_anchor_followup,BASELINE,C61,3859,second,loss,S08,3860
c61_anchor_followup,BASELINE,C61,3860,first,loss,S08,3861
c61_anchor_followup,BASELINE,C61,3861,second,win,S08,3862
c61_anchor_followup,BASELINE,C61,3862,first,loss,S08,3864
c61_anchor_followup,BASELINE,C61,3863,second,win,S08,3863
c61_anchor_followup,BASELINE,C61,3864,first,loss,S08,3867
c61_anchor_followup,BASELINE,C61,3865,second,win,S08,3865
c61_anchor_followup,BASELINE,C61,3866,first,loss,S08,3866
c61_anchor_followup,BASELINE,C61,3867,second,win,S08,3869
c61_anchor_followup,BASELINE,C61,3868,first,loss,S08,3868
c61_anchor_followup,BASELINE,C61,3869,second,win,S08,3871
c61_anchor_followup,BASELINE,C61,3870,first,win,S08,3870
c61_anchor_followup,BASELINE,C61,3871,second,loss,S08,3873
c61_anchor_followup,BASELINE,C61,3872,first,win,S08,3872
c61_anchor_followup,BASELINE,C61,3873,second,loss,S08,3874
c61_anchor_followup,BASELINE,C61,3874,first,loss,S08,3875
c61_anchor_followup,BASELINE,C61,3875,second,win,S08,3876
c61_anchor_followup,BASELINE,C61,3876,first,loss,S08,3877
c61_anchor_followup,BASELINE,C61,3877,second,loss,S08,3879
c61_anchor_followup,BASELINE,C61,3878,first,loss,S08,3878
c61_anchor_followup,BASELINE,C61,3879,second,loss,S08,3880
c61_anchor_followup,BASELINE,C61,3880,first,loss,S08,3881
c61_anchor_followup,BASELINE,C61,3881,second,loss,S08,3882
c61_anchor_followup,BASELINE,C61,3882,first,win,S08,3883
c61_anchor_followup,BASELINE,C61,3883,second,win,S08,3884
c61_anchor_followup,BASELINE,C61,3884,first,win,S08,3885
c61_anchor_followup,BASELINE,C61,3885,second,win,S08,3886
c61_anchor_followup,BASELINE,C61,3886,first,win,S08,3887
c61_anchor_followup,BASELINE,C61,3887,second,loss,S08,3888
c61_anchor_followup,BASELINE,C61,3888,first,win,S08,3889
c61_anchor_followup,BASELINE,C61,3889,second,loss,S08,3891
c61_anchor_followup,BASELINE,C61,3890,first,win,S08,3890
c61_anchor_followup,BASELINE,C61,3891,second,win,S08,3893
c61_anchor_followup,BASELINE,C61,3892,first,win,S08,3892
c61_anchor_followup,BASELINE,C61,3893,second,loss,S08,3894
c61_anchor_followup,BASELINE,C61,3894,first,win,S08,3895
c61_anchor_followup,BASELINE,C61,3895,second,loss,S08,3896
c61_anchor_followup,BASELINE,C61,3896,first,win,S08,3897
c61_anchor_followup,BASELINE,C61,3897,second,loss,S08,3898
c61_anchor_followup,BASELINE,C61,3898,first,win,S08,3899
c61_anchor_followup,BASELINE,C61,3899,second,draw,S08,3901
c61_anchor_followup,BASELINE,C61,3900,first,win,S08,3900
c61_anchor_followup,BASELINE,C61,3901,second,loss,S08,3902
c61_anchor_followup,BASELINE,C61,3902,first,win,S08,3903
c61_anchor_followup,BASELINE,C61,3903,second,win,S08,3904
c61_anchor_followup,BASELINE,C61,3904,first,loss,S08,3905
c61_anchor_followup,BASELINE,C61,3905,second,loss,S08,3906
c61_anchor_followup,BASELINE,C61,3906,first,loss,S08,3907
c61_anchor_followup,BASELINE,C61,3907,second,win,S08,3908
c61_anchor_followup,BASELINE,C61,3908,first,loss,S08,3909
c61_anchor_followup,BASELINE,C61,3909,second,loss,S08,3911
c61_anchor_followup,BASELINE,C61,3910,first,win,S08,3910
c61_anchor_followup,BASELINE,C61,3911,second,loss,S08,3912
c61_anchor_followup,BASELINE,C61,3912,first,loss,S08,3913
c61_anchor_followup,BASELINE,C61,3913,second,loss,S08,3914
c61_anchor_followup,BASELINE,C61,3914,first,win,S08,3917
c61_anchor_followup,BASELINE,C61,3915,second,win,S08,3915
c61_anchor_followup,BASELINE,C61,3916,first,win,S08,3916
c61_anchor_followup,BASELINE,C61,3917,second,loss,S08,3919
c61_anchor_followup,BASELINE,C61,3918,first,loss,S08,3918
c61_anchor_followup,BASELINE,C61,3919,second,loss,S08,3921
c61_anchor_followup,BASELINE,C61,3920,first,loss,S08,3920
c61_anchor_followup,BASELINE,C61,3921,second,loss,S08,3922
c61_anchor_followup,BASELINE,C61,3922,first,loss,S08,3923
c61_anchor_followup,BASELINE,C61,3923,second,win,S08,3924
c61_anchor_followup,BASELINE,C61,3924,first,loss,S08,3926
c61_anchor_followup,BASELINE,C61,3925,second,loss,S08,3925
c61_anchor_followup,BASELINE,C61,3926,first,win,S08,3927
c61_anchor_followup,BASELINE,C61,3927,second,win,S08,3928
c61_anchor_followup,BASELINE,C61,3928,first,win,S08,3930
c61_anchor_followup,BASELINE,C61,3929,second,loss,S08,3929
c61_anchor_followup,BASELINE,C61,3930,first,loss,S08,3932
c61_anchor_followup,BASELINE,C61,3931,second,win,S08,3931
c61_anchor_followup,BASELINE,C61,3932,first,win,S08,3933
c61_anchor_followup,BASELINE,C61,3933,second,loss,S08,3934
c61_anchor_followup,BASELINE,C61,3934,first,win,S08,3935
c61_anchor_followup,BASELINE,C61,3935,second,win,S08,3937
c61_anchor_followup,BASELINE,C61,3936,first,win,S08,3936
c61_anchor_followup,BASELINE,C61,3937,second,loss,S08,3938
c61_anchor_followup,BASELINE,C61,3938,first,win,S08,3939
c61_anchor_followup,BASELINE,C61,3939,second,win,S08,3940
c61_anchor_followup,BASELINE,C61,3940,first,win,S08,3941
c61_anchor_followup,BASELINE,C61,3941,second,loss,S08,3942
c61_anchor_followup,BASELINE,C61,3942,first,win,S08,3944
c61_anchor_followup,BASELINE,C61,3943,second,loss,S08,3943
c61_anchor_followup,BASELINE,C61,3944,first,loss,S08,3946
c61_anchor_followup,BASELINE,C61,3945,second,loss,S08,3945
c61_anchor_followup,BASELINE,C61,3946,first,win,S08,3947
c61_anchor_followup,BASELINE,C61,3947,second,win,S08,3948
c61_anchor_followup,BASELINE,C61,3948,first,loss,S08,3950
c61_anchor_followup,BASELINE,C61,3949,second,win,S08,3949
c61_anchor_followup,BASELINE,C61,3950,first,loss,S08,3951
c61_anchor_followup,BASELINE,C61,3951,second,loss,S08,3952
c61_anchor_followup,BASELINE,C61,3952,first,win,S08,3953
c61_anchor_followup,BASELINE,C61,3953,second,loss,S08,3954
c61_anchor_followup,BASELINE,C61,3954,first,win,S08,3955
c61_anchor_followup,BASELINE,C61,3955,second,loss,S08,3956
c61_anchor_followup,BASELINE,C61,3956,first,win,S08,3957
c61_anchor_followup,BASELINE,C61,3957,second,loss,S08,3958
c61_anchor_followup,BASELINE,C61,3958,first,win,S08,3959
c61_anchor_followup,BASELINE,C61,3959,second,loss,S08,3960
c61_anchor_followup,BASELINE,C61,3960,first,loss,S08,3961
c61_anchor_followup,BASELINE,C61,3961,second,loss,S08,3962
c61_anchor_followup,BASELINE,C61,3962,first,loss,S08,3963
c61_anchor_followup,BASELINE,C61,3963,second,loss,S08,3964
c61_anchor_followup,BASELINE,C61,3964,first,loss,S08,3965
c61_anchor_followup,BASELINE,C61,3965,second,loss,S08,3966
c61_anchor_followup,BASELINE,C61,3966,first,loss,S08,3967
c61_anchor_followup,BASELINE,C61,3967,second,loss,S08,3968
c61_anchor_followup,BASELINE,C61,3968,first,win,S08,3969
c61_anchor_followup,BASELINE,C61,3969,second,loss,S08,3970
c61_anchor_followup,BASELINE,C61,3970,first,win,S08,3971
c61_anchor_followup,BASELINE,C61,3971,second,loss,S08,3972
c61_anchor_followup,BASELINE,C61,3972,first,loss,S08,3973
c61_anchor_followup,BASELINE,C61,3973,second,loss,S08,3974
c61_anchor_followup,BASELINE,C61,3974,first,win,S08,3976
c61_anchor_followup,BASELINE,C61,3975,second,win,S08,3975
c61_anchor_followup,BASELINE,C61,3976,first,loss,S08,3978
c61_anchor_followup,BASELINE,C61,3977,second,loss,S08,3977
c61_anchor_followup,BASELINE,C61,3978,first,loss,S08,3980
c61_anchor_followup,BASELINE,C61,3979,second,loss,S08,3979
c61_anchor_followup,BASELINE,C61,3980,first,loss,S08,3982
c61_anchor_followup,BASELINE,C61,3981,second,loss,S08,3981
c61_anchor_followup,BASELINE,C61,3982,first,win,S08,3983
c61_anchor_followup,BASELINE,C61,3983,second,loss,S08,3985
c61_anchor_followup,BASELINE,C61,3984,first,loss,S08,3984
c61_anchor_followup,BASELINE,C61,3985,second,win,S08,3986
c61_anchor_followup,BASELINE,C61,3986,first,loss,S08,3987
c61_anchor_followup,BASELINE,C61,3987,second,loss,S08,3989
c61_anchor_followup,BASELINE,C61,3988,first,loss,S08,3988
c61_anchor_followup,BASELINE,C61,3989,second,loss,S08,3990
c61_anchor_followup,BASELINE,C61,3990,first,loss,S08,3991
c61_anchor_followup,BASELINE,C61,3991,second,loss,S08,3992
c61_anchor_followup,BASELINE,C61,3992,first,loss,S08,3993
c61_anchor_followup,BASELINE,C61,3993,second,win,S08,3994
c61_anchor_followup,BASELINE,C61,3994,first,loss,S08,3995
c61_anchor_followup,BASELINE,C61,3995,second,loss,S08,3996
c61_anchor_followup,BASELINE,C61,3996,first,loss,S08,3997
c61_anchor_followup,BASELINE,C61,3997,second,loss,S08,3998
c61_anchor_followup,BASELINE,C61,3998,first,loss,S08,4000
c61_anchor_followup,BASELINE,C61,3999,second,win,S08,3999
c61_anchor_followup,BASELINE,C61,4000,first,loss,S09,1
c61_anchor_followup,BASELINE,C61,4001,second,win,S09,2
c61_anchor_followup,BASELINE,C61,4002,first,loss,S09,3
c61_anchor_followup,BASELINE,C61,4003,second,win,S09,4
c61_anchor_followup,BASELINE,C61,4004,first,win,S09,5
c61_anchor_followup,BASELINE,C61,4005,second,win,S09,6
c61_anchor_followup,BASELINE,C61,4006,first,loss,S09,7
c61_anchor_followup,BASELINE,C61,4007,second,loss,S09,8
c61_anchor_followup,BASELINE,C61,4008,first,win,S09,9
c61_anchor_followup,BASELINE,C61,4009,second,loss,S09,10
c61_anchor_followup,BASELINE,C61,4010,first,loss,S09,11
c61_anchor_followup,BASELINE,C61,4011,second,loss,S09,12
c61_anchor_followup,BASELINE,C61,4012,first,loss,S09,13
c61_anchor_followup,BASELINE,C61,4013,second,loss,S09,14
c61_anchor_followup,BASELINE,C61,4014,first,loss,S09,15
c61_anchor_followup,BASELINE,C61,4015,second,loss,S09,16
c61_anchor_followup,BASELINE,C61,4016,first,loss,S09,17
c61_anchor_followup,BASELINE,C61,4017,second,loss,S09,18
c61_anchor_followup,BASELINE,C61,4018,first,loss,S09,20
c61_anchor_followup,BASELINE,C61,4019,second,loss,S09,19
c61_anchor_followup,BASELINE,C61,4020,first,win,S09,21
c61_anchor_followup,BASELINE,C61,4021,second,win,S09,22
c61_anchor_followup,BASELINE,C61,4022,first,loss,S09,23
c61_anchor_followup,BASELINE,C61,4023,second,win,S09,24
c61_anchor_followup,BASELINE,C61,4024,first,loss,S09,26
c61_anchor_followup,BASELINE,C61,4025,second,win,S09,25
c61_anchor_followup,BASELINE,C61,4026,first,loss,S09,27
c61_anchor_followup,BASELINE,C61,4027,second,win,S09,28
c61_anchor_followup,BASELINE,C61,4028,first,loss,S09,29
c61_anchor_followup,BASELINE,C61,4029,second,loss,S09,30
c61_anchor_followup,BASELINE,C61,4030,first,loss,S09,31
c61_anchor_followup,BASELINE,C61,4031,second,win,S09,32
c61_anchor_followup,BASELINE,C61,4032,first,loss,S09,34
c61_anchor_followup,BASELINE,C61,4033,second,win,S09,33
c61_anchor_followup,BASELINE,C61,4034,first,win,S09,35
c61_anchor_followup,BASELINE,C61,4035,second,loss,S09,36
c61_anchor_followup,BASELINE,C61,4036,first,win,S09,37
c61_anchor_followup,BASELINE,C61,4037,second,loss,S09,38
c61_anchor_followup,BASELINE,C61,4038,first,loss,S09,39
c61_anchor_followup,BASELINE,C61,4039,second,win,S09,40
c61_anchor_followup,BASELINE,C61,4040,first,loss,S09,41
c61_anchor_followup,BASELINE,C61,4041,second,loss,S09,42
c61_anchor_followup,BASELINE,C61,4042,first,loss,S09,44
c61_anchor_followup,BASELINE,C61,4043,second,loss,S09,43
c61_anchor_followup,BASELINE,C61,4044,first,win,S09,45
c61_anchor_followup,BASELINE,C61,4045,second,loss,S09,46
c61_anchor_followup,BASELINE,C61,4046,first,loss,S09,48
c61_anchor_followup,BASELINE,C61,4047,second,win,S09,47
c61_anchor_followup,BASELINE,C61,4048,first,loss,S09,49
c61_anchor_followup,BASELINE,C61,4049,second,win,S09,50
c61_anchor_followup,BASELINE,C61,4050,first,loss,S09,51
c61_anchor_followup,BASELINE,C61,4051,second,loss,S09,53
c61_anchor_followup,BASELINE,C61,4052,first,win,S09,52
c61_anchor_followup,BASELINE,C61,4053,second,loss,S09,54
c61_anchor_followup,BASELINE,C61,4054,first,win,S09,57
c61_anchor_followup,BASELINE,C61,4055,second,win,S09,55
c61_anchor_followup,BASELINE,C61,4056,first,win,S09,56
c61_anchor_followup,BASELINE,C61,4057,second,loss,S09,58
c61_anchor_followup,BASELINE,C61,4058,first,loss,S09,59
c61_anchor_followup,BASELINE,C61,4059,second,loss,S09,60
c61_anchor_followup,BASELINE,C61,4060,first,loss,S09,61
c61_anchor_followup,BASELINE,C61,4061,second,loss,S09,62
c61_anchor_followup,BASELINE,C61,4062,first,loss,S09,63
c61_anchor_followup,BASELINE,C61,4063,second,loss,S09,65
c61_anchor_followup,BASELINE,C61,4064,first,win,S09,64
c61_anchor_followup,BASELINE,C61,4065,second,win,S09,66
c61_anchor_followup,BASELINE,C61,4066,first,loss,S09,67
c61_anchor_followup,BASELINE,C61,4067,second,win,S09,68
c61_anchor_followup,BASELINE,C61,4068,first,loss,S09,69
c61_anchor_followup,BASELINE,C61,4069,second,win,S09,70
c61_anchor_followup,BASELINE,C61,4070,first,win,S09,71
c61_anchor_followup,BASELINE,C61,4071,second,loss,S09,72
c61_anchor_followup,BASELINE,C61,4072,first,win,S09,73
c61_anchor_followup,BASELINE,C61,4073,second,loss,S09,74
c61_anchor_followup,BASELINE,C61,4074,first,loss,S09,75
c61_anchor_followup,BASELINE,C61,4075,second,loss,S09,76
c61_anchor_followup,BASELINE,C61,4076,first,win,S09,77
c61_anchor_followup,BASELINE,C61,4077,second,loss,S09,79
c61_anchor_followup,BASELINE,C61,4078,first,loss,S09,78
c61_anchor_followup,BASELINE,C61,4079,second,win,S09,80
c61_anchor_followup,BASELINE,C61,4080,first,win,S09,81
c61_anchor_followup,BASELINE,C61,4081,second,loss,S09,82
c61_anchor_followup,BASELINE,C61,4082,first,win,S09,83
c61_anchor_followup,BASELINE,C61,4083,second,loss,S09,85
c61_anchor_followup,BASELINE,C61,4084,first,win,S09,84
c61_anchor_followup,BASELINE,C61,4085,second,loss,S09,87
c61_anchor_followup,BASELINE,C61,4086,first,loss,S09,86
c61_anchor_followup,BASELINE,C61,4087,second,loss,S09,88
c61_anchor_followup,BASELINE,C61,4088,first,win,S09,89
c61_anchor_followup,BASELINE,C61,4089,second,loss,S09,91
c61_anchor_followup,BASELINE,C61,4090,first,win,S09,90
c61_anchor_followup,BASELINE,C61,4091,second,loss,S09,92
c61_anchor_followup,BASELINE,C61,4092,first,loss,S09,93
c61_anchor_followup,BASELINE,C61,4093,second,loss,S09,94
c61_anchor_followup,BASELINE,C61,4094,first,win,S09,95
c61_anchor_followup,BASELINE,C61,4095,second,loss,S09,96
c61_anchor_followup,BASELINE,C61,4096,first,loss,S09,97
c61_anchor_followup,BASELINE,C61,4097,second,loss,S09,98
c61_anchor_followup,BASELINE,C61,4098,first,loss,S09,99
c61_anchor_followup,BASELINE,C61,4099,second,loss,S09,100
c61_anchor_followup,BASELINE,C61,4100,first,win,S09,101
c61_anchor_followup,BASELINE,C61,4101,second,loss,S09,102
c61_anchor_followup,BASELINE,C61,4102,first,loss,S09,104
c61_anchor_followup,BASELINE,C61,4103,second,win,S09,103
c61_anchor_followup,BASELINE,C61,4104,first,loss,S09,105
c61_anchor_followup,BASELINE,C61,4105,second,win,S09,106
c61_anchor_followup,BASELINE,C61,4106,first,loss,S09,107
c61_anchor_followup,BASELINE,C61,4107,second,loss,S09,109
c61_anchor_followup,BASELINE,C61,4108,first,loss,S09,108
c61_anchor_followup,BASELINE,C61,4109,second,loss,S09,112
c61_anchor_followup,BASELINE,C61,4110,first,win,S09,110
c61_anchor_followup,BASELINE,C61,4111,second,loss,S09,111
c61_anchor_followup,BASELINE,C61,4112,first,win,S09,113
c61_anchor_followup,BASELINE,C61,4113,second,loss,S09,114
c61_anchor_followup,BASELINE,C61,4114,first,win,S09,115
c61_anchor_followup,BASELINE,C61,4115,second,win,S09,116
c61_anchor_followup,BASELINE,C61,4116,first,win,S09,117
c61_anchor_followup,BASELINE,C61,4117,second,loss,S09,118
c61_anchor_followup,BASELINE,C61,4118,first,loss,S09,119
c61_anchor_followup,BASELINE,C61,4119,second,loss,S09,120
c61_anchor_followup,BASELINE,C61,4120,first,loss,S09,121
c61_anchor_followup,BASELINE,C61,4121,second,loss,S09,122
c61_anchor_followup,BASELINE,C61,4122,first,win,S09,123
c61_anchor_followup,BASELINE,C61,4123,second,loss,S09,124
c61_anchor_followup,BASELINE,C61,4124,first,win,S09,125
c61_anchor_followup,BASELINE,C61,4125,second,win,S09,127
c61_anchor_followup,BASELINE,C61,4126,first,win,S09,126
c61_anchor_followup,BASELINE,C61,4127,second,win,S09,129
c61_anchor_followup,BASELINE,C61,4128,first,win,S09,128
c61_anchor_followup,BASELINE,C61,4129,second,win,S09,130
c61_anchor_followup,BASELINE,C61,4130,first,loss,S09,131
c61_anchor_followup,BASELINE,C61,4131,second,loss,S09,133
c61_anchor_followup,BASELINE,C61,4132,first,win,S09,132
c61_anchor_followup,BASELINE,C61,4133,second,loss,S09,134
c61_anchor_followup,BASELINE,C61,4134,first,loss,S09,136
c61_anchor_followup,BASELINE,C61,4135,second,win,S09,135
c61_anchor_followup,BASELINE,C61,4136,first,loss,S09,137
c61_anchor_followup,BASELINE,C61,4137,second,loss,S09,138
c61_anchor_followup,BASELINE,C61,4138,first,win,S09,139
c61_anchor_followup,BASELINE,C61,4139,second,win,S09,140
c61_anchor_followup,BASELINE,C61,4140,first,win,S09,141
c61_anchor_followup,BASELINE,C61,4141,second,loss,S09,142
c61_anchor_followup,BASELINE,C61,4142,first,loss,S09,143
c61_anchor_followup,BASELINE,C61,4143,second,loss,S09,144
c61_anchor_followup,BASELINE,C61,4144,first,win,S09,146
c61_anchor_followup,BASELINE,C61,4145,second,loss,S09,145
c61_anchor_followup,BASELINE,C61,4146,first,loss,S09,148
c61_anchor_followup,BASELINE,C61,4147,second,loss,S09,147
c61_anchor_followup,BASELINE,C61,4148,first,win,S09,149
c61_anchor_followup,BASELINE,C61,4149,second,loss,S09,150
c61_anchor_followup,BASELINE,C61,4150,first,loss,S09,151
c61_anchor_followup,BASELINE,C61,4151,second,loss,S09,152
c61_anchor_followup,BASELINE,C61,4152,first,win,S09,154
c61_anchor_followup,BASELINE,C61,4153,second,loss,S09,153
c61_anchor_followup,BASELINE,C61,4154,first,loss,S09,155
c61_anchor_followup,BASELINE,C61,4155,second,loss,S09,156
c61_anchor_followup,BASELINE,C61,4156,first,win,S09,158
c61_anchor_followup,BASELINE,C61,4157,second,loss,S09,157
c61_anchor_followup,BASELINE,C61,4158,first,win,S09,159
c61_anchor_followup,BASELINE,C61,4159,second,win,S09,161
c61_anchor_followup,BASELINE,C61,4160,first,win,S09,160
c61_anchor_followup,BASELINE,C61,4161,second,win,S09,162
c61_anchor_followup,BASELINE,C61,4162,first,win,S09,163
c61_anchor_followup,BASELINE,C61,4163,second,win,S09,164
c61_anchor_followup,BASELINE,C61,4164,first,win,S09,165
c61_anchor_followup,BASELINE,C61,4165,second,win,S09,167
c61_anchor_followup,BASELINE,C61,4166,first,loss,S09,166
c61_anchor_followup,BASELINE,C61,4167,second,loss,S09,168
c61_anchor_followup,BASELINE,C61,4168,first,win,S09,169
c61_anchor_followup,BASELINE,C61,4169,second,loss,S09,170
c61_anchor_followup,BASELINE,C61,4170,first,loss,S09,171
c61_anchor_followup,BASELINE,C61,4171,second,loss,S09,172
c61_anchor_followup,BASELINE,C61,4172,first,win,S09,173
c61_anchor_followup,BASELINE,C61,4173,second,win,S09,174
c61_anchor_followup,BASELINE,C61,4174,first,win,S09,175
c61_anchor_followup,BASELINE,C61,4175,second,loss,S09,176
c61_anchor_followup,BASELINE,C61,4176,first,win,S09,178
c61_anchor_followup,BASELINE,C61,4177,second,loss,S09,177
c61_anchor_followup,BASELINE,C61,4178,first,win,S09,179
c61_anchor_followup,BASELINE,C61,4179,second,loss,S09,180
c61_anchor_followup,BASELINE,C61,4180,first,win,S09,181
c61_anchor_followup,BASELINE,C61,4181,second,win,S09,183
c61_anchor_followup,BASELINE,C61,4182,first,loss,S09,182
c61_anchor_followup,BASELINE,C61,4183,second,loss,S09,185
c61_anchor_followup,BASELINE,C61,4184,first,loss,S09,184
c61_anchor_followup,BASELINE,C61,4185,second,loss,S09,186
c61_anchor_followup,BASELINE,C61,4186,first,loss,S09,187
c61_anchor_followup,BASELINE,C61,4187,second,loss,S09,188
c61_anchor_followup,BASELINE,C61,4188,first,loss,S09,189
c61_anchor_followup,BASELINE,C61,4189,second,win,S09,190
c61_anchor_followup,BASELINE,C61,4190,first,loss,S09,191
c61_anchor_followup,BASELINE,C61,4191,second,loss,S09,192
c61_anchor_followup,BASELINE,C61,4192,first,loss,S09,193
c61_anchor_followup,BASELINE,C61,4193,second,loss,S09,194
c61_anchor_followup,BASELINE,C61,4194,first,loss,S09,195
c61_anchor_followup,BASELINE,C61,4195,second,loss,S09,196
c61_anchor_followup,BASELINE,C61,4196,first,loss,S09,197
c61_anchor_followup,BASELINE,C61,4197,second,win,S09,198
c61_anchor_followup,BASELINE,C61,4198,first,win,S09,200
c61_anchor_followup,BASELINE,C61,4199,second,win,S09,199
c61_anchor_followup,BASELINE,C61,4200,first,win,S09,201
c61_anchor_followup,BASELINE,C61,4201,second,loss,S09,202
c61_anchor_followup,BASELINE,C61,4202,first,loss,S09,203
c61_anchor_followup,BASELINE,C61,4203,second,loss,S09,204
c61_anchor_followup,BASELINE,C61,4204,first,win,S09,205
c61_anchor_followup,BASELINE,C61,4205,second,loss,S09,206
c61_anchor_followup,BASELINE,C61,4206,first,win,S09,207
c61_anchor_followup,BASELINE,C61,4207,second,loss,S09,208
c61_anchor_followup,BASELINE,C61,4208,first,loss,S09,209
c61_anchor_followup,BASELINE,C61,4209,second,loss,S09,210
c61_anchor_followup,BASELINE,C61,4210,first,loss,S09,212
c61_anchor_followup,BASELINE,C61,4211,second,win,S09,211
c61_anchor_followup,BASELINE,C61,4212,first,win,S09,213
c61_anchor_followup,BASELINE,C61,4213,second,win,S09,214
c61_anchor_followup,BASELINE,C61,4214,first,loss,S09,215
c61_anchor_followup,BASELINE,C61,4215,second,loss,S09,216
c61_anchor_followup,BASELINE,C61,4216,first,loss,S09,217
c61_anchor_followup,BASELINE,C61,4217,second,win,S09,218
c61_anchor_followup,BASELINE,C61,4218,first,loss,S09,219
c61_anchor_followup,BASELINE,C61,4219,second,win,S09,220
c61_anchor_followup,BASELINE,C61,4220,first,loss,S09,221
c61_anchor_followup,BASELINE,C61,4221,second,win,S09,222
c61_anchor_followup,BASELINE,C61,4222,first,win,S09,224
c61_anchor_followup,BASELINE,C61,4223,second,win,S09,223
c61_anchor_followup,BASELINE,C61,4224,first,win,S09,226
c61_anchor_followup,BASELINE,C61,4225,second,loss,S09,225
c61_anchor_followup,BASELINE,C61,4226,first,win,S09,227
c61_anchor_followup,BASELINE,C61,4227,second,loss,S09,228
c61_anchor_followup,BASELINE,C61,4228,first,win,S09,229
c61_anchor_followup,BASELINE,C61,4229,second,loss,S09,230
c61_anchor_followup,BASELINE,C61,4230,first,loss,S09,231
c61_anchor_followup,BASELINE,C61,4231,second,loss,S09,232
c61_anchor_followup,BASELINE,C61,4232,first,loss,S09,233
c61_anchor_followup,BASELINE,C61,4233,second,loss,S09,234
c61_anchor_followup,BASELINE,C61,4234,first,loss,S09,235
c61_anchor_followup,BASELINE,C61,4235,second,win,S09,236
c61_anchor_followup,BASELINE,C61,4236,first,win,S09,237
c61_anchor_followup,BASELINE,C61,4237,second,loss,S09,239
c61_anchor_followup,BASELINE,C61,4238,first,win,S09,238
c61_anchor_followup,BASELINE,C61,4239,second,win,S09,242
c61_anchor_followup,BASELINE,C61,4240,first,loss,S09,240
c61_anchor_followup,BASELINE,C61,4241,second,loss,S09,241
c61_anchor_followup,BASELINE,C61,4242,first,loss,S09,244
c61_anchor_followup,BASELINE,C61,4243,second,loss,S09,243
c61_anchor_followup,BASELINE,C61,4244,first,loss,S09,245
c61_anchor_followup,BASELINE,C61,4245,second,loss,S09,246
c61_anchor_followup,BASELINE,C61,4246,first,win,S09,247
c61_anchor_followup,BASELINE,C61,4247,second,loss,S09,248
c61_anchor_followup,BASELINE,C61,4248,first,loss,S09,249
c61_anchor_followup,BASELINE,C61,4249,second,loss,S09,251
c61_anchor_followup,BASELINE,C61,4250,first,win,S09,250
c61_anchor_followup,BASELINE,C61,4251,second,loss,S09,254
c61_anchor_followup,BASELINE,C61,4252,first,loss,S09,252
c61_anchor_followup,BASELINE,C61,4253,second,win,S09,253
c61_anchor_followup,BASELINE,C61,4254,first,loss,S09,256
c61_anchor_followup,BASELINE,C61,4255,second,loss,S09,255
c61_anchor_followup,BASELINE,C61,4256,first,loss,S09,257
c61_anchor_followup,BASELINE,C61,4257,second,win,S09,258
c61_anchor_followup,BASELINE,C61,4258,first,loss,S09,259
c61_anchor_followup,BASELINE,C61,4259,second,loss,S09,260
c61_anchor_followup,BASELINE,C61,4260,first,win,S09,261
c61_anchor_followup,BASELINE,C61,4261,second,win,S09,262
c61_anchor_followup,BASELINE,C61,4262,first,loss,S09,263
c61_anchor_followup,BASELINE,C61,4263,second,loss,S09,264
c61_anchor_followup,BASELINE,C61,4264,first,loss,S09,266
c61_anchor_followup,BASELINE,C61,4265,second,win,S09,265
c61_anchor_followup,BASELINE,C61,4266,first,win,S09,267
c61_anchor_followup,BASELINE,C61,4267,second,win,S09,268
c61_anchor_followup,BASELINE,C61,4268,first,loss,S09,269
c61_anchor_followup,BASELINE,C61,4269,second,loss,S09,270
c61_anchor_followup,BASELINE,C61,4270,first,win,S09,271
c61_anchor_followup,BASELINE,C61,4271,second,win,S09,272
c61_anchor_followup,BASELINE,C61,4272,first,loss,S09,273
c61_anchor_followup,BASELINE,C61,4273,second,loss,S09,274
c61_anchor_followup,BASELINE,C61,4274,first,loss,S09,276
c61_anchor_followup,BASELINE,C61,4275,second,win,S09,275
c61_anchor_followup,BASELINE,C61,4276,first,win,S09,277
c61_anchor_followup,BASELINE,C61,4277,second,loss,S09,278
c61_anchor_followup,BASELINE,C61,4278,first,loss,S09,279
c61_anchor_followup,BASELINE,C61,4279,second,loss,S09,280
c61_anchor_followup,BASELINE,C61,4280,first,win,S09,281
c61_anchor_followup,BASELINE,C61,4281,second,loss,S09,282
c61_anchor_followup,BASELINE,C61,4282,first,loss,S09,283
c61_anchor_followup,BASELINE,C61,4283,second,win,S09,284
c61_anchor_followup,BASELINE,C61,4284,first,win,S09,285
c61_anchor_followup,BASELINE,C61,4285,second,loss,S09,286
c61_anchor_followup,BASELINE,C61,4286,first,loss,S09,288
c61_anchor_followup,BASELINE,C61,4287,second,loss,S09,287
c61_anchor_followup,BASELINE,C61,4288,first,loss,S09,289
c61_anchor_followup,BASELINE,C61,4289,second,win,S09,290
c61_anchor_followup,BASELINE,C61,4290,first,loss,S09,291
c61_anchor_followup,BASELINE,C61,4291,second,loss,S09,292
c61_anchor_followup,BASELINE,C61,4292,first,draw,S09,293
c61_anchor_followup,BASELINE,C61,4293,second,loss,S09,294
c61_anchor_followup,BASELINE,C61,4294,first,win,S09,296
c61_anchor_followup,BASELINE,C61,4295,second,draw,S09,295
c61_anchor_followup,BASELINE,C61,4296,first,win,S09,297
c61_anchor_followup,BASELINE,C61,4297,second,loss,S09,298
c61_anchor_followup,BASELINE,C61,4298,first,win,S09,299
c61_anchor_followup,BASELINE,C61,4299,second,loss,S09,300
c61_anchor_followup,BASELINE,C61,4300,first,win,S09,301
c61_anchor_followup,BASELINE,C61,4301,second,win,S09,302
c61_anchor_followup,BASELINE,C61,4302,first,win,S09,303
c61_anchor_followup,BASELINE,C61,4303,second,loss,S09,304
c61_anchor_followup,BASELINE,C61,4304,first,loss,S09,306
c61_anchor_followup,BASELINE,C61,4305,second,win,S09,305
c61_anchor_followup,BASELINE,C61,4306,first,loss,S09,308
c61_anchor_followup,BASELINE,C61,4307,second,win,S09,307
c61_anchor_followup,BASELINE,C61,4308,first,loss,S09,310
c61_anchor_followup,BASELINE,C61,4309,second,win,S09,309
c61_anchor_followup,BASELINE,C61,4310,first,win,S09,311
c61_anchor_followup,BASELINE,C61,4311,second,loss,S09,312
c61_anchor_followup,BASELINE,C61,4312,first,win,S09,313
c61_anchor_followup,BASELINE,C61,4313,second,loss,S09,314
c61_anchor_followup,BASELINE,C61,4314,first,win,S09,315
c61_anchor_followup,BASELINE,C61,4315,second,win,S09,316
c61_anchor_followup,BASELINE,C61,4316,first,loss,S09,317
c61_anchor_followup,BASELINE,C61,4317,second,win,S09,319
c61_anchor_followup,BASELINE,C61,4318,first,loss,S09,318
c61_anchor_followup,BASELINE,C61,4319,second,win,S09,320
c61_anchor_followup,BASELINE,C61,4320,first,win,S09,321
c61_anchor_followup,BASELINE,C61,4321,second,win,S09,324
c61_anchor_followup,BASELINE,C61,4322,first,win,S09,322
c61_anchor_followup,BASELINE,C61,4323,second,loss,S09,323
c61_anchor_followup,BASELINE,C61,4324,first,loss,S09,326
c61_anchor_followup,BASELINE,C61,4325,second,loss,S09,325
c61_anchor_followup,BASELINE,C61,4326,first,loss,S09,327
c61_anchor_followup,BASELINE,C61,4327,second,loss,S09,328
c61_anchor_followup,BASELINE,C61,4328,first,win,S09,329
c61_anchor_followup,BASELINE,C61,4329,second,win,S09,330
c61_anchor_followup,BASELINE,C61,4330,first,loss,S09,331
c61_anchor_followup,BASELINE,C61,4331,second,loss,S09,332
c61_anchor_followup,BASELINE,C61,4332,first,win,S09,335
c61_anchor_followup,BASELINE,C61,4333,second,win,S09,333
c61_anchor_followup,BASELINE,C61,4334,first,loss,S09,334
c61_anchor_followup,BASELINE,C61,4335,second,loss,S09,336
c61_anchor_followup,BASELINE,C61,4336,first,win,S09,337
c61_anchor_followup,BASELINE,C61,4337,second,loss,S09,338
c61_anchor_followup,BASELINE,C61,4338,first,win,S09,339
c61_anchor_followup,BASELINE,C61,4339,second,loss,S09,340
c61_anchor_followup,BASELINE,C61,4340,first,loss,S09,342
c61_anchor_followup,BASELINE,C61,4341,second,loss,S09,341
c61_anchor_followup,BASELINE,C61,4342,first,win,S09,345
c61_anchor_followup,BASELINE,C61,4343,second,win,S09,343
c61_anchor_followup,BASELINE,C61,4344,first,win,S09,344
c61_anchor_followup,BASELINE,C61,4345,second,loss,S09,346
c61_anchor_followup,BASELINE,C61,4346,first,loss,S09,347
c61_anchor_followup,BASELINE,C61,4347,second,win,S09,349
c61_anchor_followup,BASELINE,C61,4348,first,win,S09,348
c61_anchor_followup,BASELINE,C61,4349,second,win,S09,350
c61_anchor_followup,BASELINE,C61,4350,first,loss,S09,351
c61_anchor_followup,BASELINE,C61,4351,second,loss,S09,352
c61_anchor_followup,BASELINE,C61,4352,first,win,S09,353
c61_anchor_followup,BASELINE,C61,4353,second,loss,S09,354
c61_anchor_followup,BASELINE,C61,4354,first,loss,S09,355
c61_anchor_followup,BASELINE,C61,4355,second,loss,S09,356
c61_anchor_followup,BASELINE,C61,4356,first,win,S09,357
c61_anchor_followup,BASELINE,C61,4357,second,loss,S09,358
c61_anchor_followup,BASELINE,C61,4358,first,win,S09,359
c61_anchor_followup,BASELINE,C61,4359,second,loss,S09,361
c61_anchor_followup,BASELINE,C61,4360,first,loss,S09,360
c61_anchor_followup,BASELINE,C61,4361,second,win,S09,363
c61_anchor_followup,BASELINE,C61,4362,first,win,S09,362
c61_anchor_followup,BASELINE,C61,4363,second,loss,S09,364
c61_anchor_followup,BASELINE,C61,4364,first,loss,S09,365
c61_anchor_followup,BASELINE,C61,4365,second,loss,S09,366
c61_anchor_followup,BASELINE,C61,4366,first,win,S09,368
c61_anchor_followup,BASELINE,C61,4367,second,win,S09,367
c61_anchor_followup,BASELINE,C61,4368,first,loss,S09,370
c61_anchor_followup,BASELINE,C61,4369,second,loss,S09,369
c61_anchor_followup,BASELINE,C61,4370,first,win,S09,371
c61_anchor_followup,BASELINE,C61,4371,second,win,S09,372
c61_anchor_followup,BASELINE,C61,4372,first,loss,S09,373
c61_anchor_followup,BASELINE,C61,4373,second,loss,S09,374
c61_anchor_followup,BASELINE,C61,4374,first,win,S09,376
c61_anchor_followup,BASELINE,C61,4375,second,loss,S09,375
c61_anchor_followup,BASELINE,C61,4376,first,loss,S09,377
c61_anchor_followup,BASELINE,C61,4377,second,loss,S09,378
c61_anchor_followup,BASELINE,C61,4378,first,win,S09,379
c61_anchor_followup,BASELINE,C61,4379,second,loss,S09,380
c61_anchor_followup,BASELINE,C61,4380,first,loss,S09,381
c61_anchor_followup,BASELINE,C61,4381,second,loss,S09,383
c61_anchor_followup,BASELINE,C61,4382,first,loss,S09,382
c61_anchor_followup,BASELINE,C61,4383,second,loss,S09,384
c61_anchor_followup,BASELINE,C61,4384,first,win,S09,386
c61_anchor_followup,BASELINE,C61,4385,second,win,S09,385
c61_anchor_followup,BASELINE,C61,4386,first,loss,S09,387
c61_anchor_followup,BASELINE,C61,4387,second,loss,S09,388
c61_anchor_followup,BASELINE,C61,4388,first,win,S09,389
c61_anchor_followup,BASELINE,C61,4389,second,loss,S09,390
c61_anchor_followup,BASELINE,C61,4390,first,loss,S09,391
c61_anchor_followup,BASELINE,C61,4391,second,loss,S09,392
c61_anchor_followup,BASELINE,C61,4392,first,win,S09,393
c61_anchor_followup,BASELINE,C61,4393,second,win,S09,394
c61_anchor_followup,BASELINE,C61,4394,first,win,S09,395
c61_anchor_followup,BASELINE,C61,4395,second,loss,S09,397
c61_anchor_followup,BASELINE,C61,4396,first,win,S09,396
c61_anchor_followup,BASELINE,C61,4397,second,loss,S09,399
c61_anchor_followup,BASELINE,C61,4398,first,loss,S09,398
c61_anchor_followup,BASELINE,C61,4399,second,loss,S09,400
c61_anchor_followup,BASELINE,C61,4400,first,loss,S09,401
c61_anchor_followup,BASELINE,C61,4401,second,loss,S09,402
c61_anchor_followup,BASELINE,C61,4402,first,loss,S09,403
c61_anchor_followup,BASELINE,C61,4403,second,win,S09,404
c61_anchor_followup,BASELINE,C61,4404,first,loss,S09,405
c61_anchor_followup,BASELINE,C61,4405,second,draw,S09,406
c61_anchor_followup,BASELINE,C61,4406,first,loss,S09,407
c61_anchor_followup,BASELINE,C61,4407,second,win,S09,408
c61_anchor_followup,BASELINE,C61,4408,first,win,S09,409
c61_anchor_followup,BASELINE,C61,4409,second,win,S09,411
c61_anchor_followup,BASELINE,C61,4410,first,win,S09,410
c61_anchor_followup,BASELINE,C61,4411,second,loss,S09,413
c61_anchor_followup,BASELINE,C61,4412,first,win,S09,412
c61_anchor_followup,BASELINE,C61,4413,second,loss,S09,415
c61_anchor_followup,BASELINE,C61,4414,first,win,S09,414
c61_anchor_followup,BASELINE,C61,4415,second,win,S09,416
c61_anchor_followup,BASELINE,C61,4416,first,loss,S09,417
c61_anchor_followup,BASELINE,C61,4417,second,win,S09,419
c61_anchor_followup,BASELINE,C61,4418,first,loss,S09,418
c61_anchor_followup,BASELINE,C61,4419,second,loss,S09,420
c61_anchor_followup,BASELINE,C61,4420,first,loss,S09,421
c61_anchor_followup,BASELINE,C61,4421,second,win,S09,422
c61_anchor_followup,BASELINE,C61,4422,first,loss,S09,424
c61_anchor_followup,BASELINE,C61,4423,second,win,S09,423
c61_anchor_followup,BASELINE,C61,4424,first,win,S09,425
c61_anchor_followup,BASELINE,C61,4425,second,loss,S09,426
c61_anchor_followup,BASELINE,C61,4426,first,loss,S09,427
c61_anchor_followup,BASELINE,C61,4427,second,win,S09,428
c61_anchor_followup,BASELINE,C61,4428,first,win,S09,429
c61_anchor_followup,BASELINE,C61,4429,second,win,S09,430
c61_anchor_followup,BASELINE,C61,4430,first,loss,S09,431
c61_anchor_followup,BASELINE,C61,4431,second,loss,S09,433
c61_anchor_followup,BASELINE,C61,4432,first,win,S09,432
c61_anchor_followup,BASELINE,C61,4433,second,win,S09,434
c61_anchor_followup,BASELINE,C61,4434,first,loss,S09,435
c61_anchor_followup,BASELINE,C61,4435,second,loss,S09,436
c61_anchor_followup,BASELINE,C61,4436,first,win,S09,437
c61_anchor_followup,BASELINE,C61,4437,second,loss,S09,439
c61_anchor_followup,BASELINE,C61,4438,first,win,S09,438
c61_anchor_followup,BASELINE,C61,4439,second,win,S09,440
c61_anchor_followup,BASELINE,C61,4440,first,loss,S09,441
c61_anchor_followup,BASELINE,C61,4441,second,loss,S09,442
c61_anchor_followup,BASELINE,C61,4442,first,win,S09,443
c61_anchor_followup,BASELINE,C61,4443,second,loss,S09,444
c61_anchor_followup,BASELINE,C61,4444,first,loss,S09,445
c61_anchor_followup,BASELINE,C61,4445,second,loss,S09,446
c61_anchor_followup,BASELINE,C61,4446,first,loss,S09,447
c61_anchor_followup,BASELINE,C61,4447,second,win,S09,448
c61_anchor_followup,BASELINE,C61,4448,first,loss,S09,449
c61_anchor_followup,BASELINE,C61,4449,second,win,S09,450
c61_anchor_followup,BASELINE,C61,4450,first,loss,S09,451
c61_anchor_followup,BASELINE,C61,4451,second,loss,S09,452
c61_anchor_followup,BASELINE,C61,4452,first,win,S09,453
c61_anchor_followup,BASELINE,C61,4453,second,win,S09,454
c61_anchor_followup,BASELINE,C61,4454,first,loss,S09,455
c61_anchor_followup,BASELINE,C61,4455,second,loss,S09,456
c61_anchor_followup,BASELINE,C61,4456,first,loss,S09,458
c61_anchor_followup,BASELINE,C61,4457,second,loss,S09,457
c61_anchor_followup,BASELINE,C61,4458,first,win,S09,460
c61_anchor_followup,BASELINE,C61,4459,second,win,S09,459
c61_anchor_followup,BASELINE,C61,4460,first,loss,S09,461
c61_anchor_followup,BASELINE,C61,4461,second,loss,S09,462
c61_anchor_followup,BASELINE,C61,4462,first,win,S09,463
c61_anchor_followup,BASELINE,C61,4463,second,win,S09,464
c61_anchor_followup,BASELINE,C61,4464,first,loss,S09,465
c61_anchor_followup,BASELINE,C61,4465,second,loss,S09,466
c61_anchor_followup,BASELINE,C61,4466,first,loss,S09,467
c61_anchor_followup,BASELINE,C61,4467,second,loss,S09,468
c61_anchor_followup,BASELINE,C61,4468,first,win,S09,469
c61_anchor_followup,BASELINE,C61,4469,second,loss,S09,470
c61_anchor_followup,BASELINE,C61,4470,first,loss,S09,471
c61_anchor_followup,BASELINE,C61,4471,second,win,S09,472
c61_anchor_followup,BASELINE,C61,4472,first,win,S09,473
c61_anchor_followup,BASELINE,C61,4473,second,loss,S09,475
c61_anchor_followup,BASELINE,C61,4474,first,win,S09,474
c61_anchor_followup,BASELINE,C61,4475,second,loss,S09,477
c61_anchor_followup,BASELINE,C61,4476,first,win,S09,476
c61_anchor_followup,BASELINE,C61,4477,second,win,S09,478
c61_anchor_followup,BASELINE,C61,4478,first,loss,S09,479
c61_anchor_followup,BASELINE,C61,4479,second,win,S09,480
c61_anchor_followup,BASELINE,C61,4480,first,loss,S09,481
c61_anchor_followup,BASELINE,C61,4481,second,loss,S09,482
c61_anchor_followup,BASELINE,C61,4482,first,loss,S09,484
c61_anchor_followup,BASELINE,C61,4483,second,win,S09,483
c61_anchor_followup,BASELINE,C61,4484,first,win,S09,486
c61_anchor_followup,BASELINE,C61,4485,second,draw,S09,485
c61_anchor_followup,BASELINE,C61,4486,first,loss,S09,488
c61_anchor_followup,BASELINE,C61,4487,second,loss,S09,487
c61_anchor_followup,BASELINE,C61,4488,first,loss,S09,489
c61_anchor_followup,BASELINE,C61,4489,second,loss,S09,490
c61_anchor_followup,BASELINE,C61,4490,first,win,S09,491
c61_anchor_followup,BASELINE,C61,4491,second,loss,S09,492
c61_anchor_followup,BASELINE,C61,4492,first,win,S09,493
c61_anchor_followup,BASELINE,C61,4493,second,win,S09,494
c61_anchor_followup,BASELINE,C61,4494,first,loss,S09,495
c61_anchor_followup,BASELINE,C61,4495,second,loss,S09,496
c61_anchor_followup,BASELINE,C61,4496,first,win,S09,497
c61_anchor_followup,BASELINE,C61,4497,second,loss,S09,498
c61_anchor_followup,BASELINE,C61,4498,first,win,S09,500
c61_anchor_followup,BASELINE,C61,4499,second,loss,S09,499
c61_anchor_followup,BASELINE,C61,4500,first,loss,S09,502
c61_anchor_followup,BASELINE,C61,4501,second,win,S09,501
c61_anchor_followup,BASELINE,C61,4502,first,win,S09,503
c61_anchor_followup,BASELINE,C61,4503,second,loss,S09,504
c61_anchor_followup,BASELINE,C61,4504,first,win,S09,506
c61_anchor_followup,BASELINE,C61,4505,second,win,S09,505
c61_anchor_followup,BASELINE,C61,4506,first,loss,S09,508
c61_anchor_followup,BASELINE,C61,4507,second,loss,S09,507
c61_anchor_followup,BASELINE,C61,4508,first,win,S09,509
c61_anchor_followup,BASELINE,C61,4509,second,loss,S09,510
c61_anchor_followup,BASELINE,C61,4510,first,win,S09,511
c61_anchor_followup,BASELINE,C61,4511,second,loss,S09,512
c61_anchor_followup,BASELINE,C61,4512,first,win,S09,513
c61_anchor_followup,BASELINE,C61,4513,second,win,S09,514
c61_anchor_followup,BASELINE,C61,4514,first,win,S09,515
c61_anchor_followup,BASELINE,C61,4515,second,loss,S09,516
c61_anchor_followup,BASELINE,C61,4516,first,win,S09,517
c61_anchor_followup,BASELINE,C61,4517,second,win,S09,518
c61_anchor_followup,BASELINE,C61,4518,first,win,S09,519
c61_anchor_followup,BASELINE,C61,4519,second,loss,S09,520
c61_anchor_followup,BASELINE,C61,4520,first,loss,S09,522
c61_anchor_followup,BASELINE,C61,4521,second,loss,S09,521
c61_anchor_followup,BASELINE,C61,4522,first,loss,S09,523
c61_anchor_followup,BASELINE,C61,4523,second,loss,S09,524
c61_anchor_followup,BASELINE,C61,4524,first,win,S09,525
c61_anchor_followup,BASELINE,C61,4525,second,loss,S09,527
c61_anchor_followup,BASELINE,C61,4526,first,loss,S09,526
c61_anchor_followup,BASELINE,C61,4527,second,win,S09,529
c61_anchor_followup,BASELINE,C61,4528,first,win,S09,528
c61_anchor_followup,BASELINE,C61,4529,second,win,S09,530
c61_anchor_followup,BASELINE,C61,4530,first,loss,S09,531
c61_anchor_followup,BASELINE,C61,4531,second,loss,S09,532
c61_anchor_followup,BASELINE,C61,4532,first,win,S09,533
c61_anchor_followup,BASELINE,C61,4533,second,loss,S09,534
c61_anchor_followup,BASELINE,C61,4534,first,loss,S09,535
c61_anchor_followup,BASELINE,C61,4535,second,loss,S09,536
c61_anchor_followup,BASELINE,C61,4536,first,win,S09,537
c61_anchor_followup,BASELINE,C61,4537,second,win,S09,538
c61_anchor_followup,BASELINE,C61,4538,first,win,S09,539
c61_anchor_followup,BASELINE,C61,4539,second,loss,S09,540
c61_anchor_followup,BASELINE,C61,4540,first,win,S09,541
c61_anchor_followup,BASELINE,C61,4541,second,loss,S09,542
c61_anchor_followup,BASELINE,C61,4542,first,loss,S09,543
c61_anchor_followup,BASELINE,C61,4543,second,loss,S09,544
c61_anchor_followup,BASELINE,C61,4544,first,win,S09,545
c61_anchor_followup,BASELINE,C61,4545,second,win,S09,546
c61_anchor_followup,BASELINE,C61,4546,first,loss,S09,547
c61_anchor_followup,BASELINE,C61,4547,second,win,S09,550
c61_anchor_followup,BASELINE,C61,4548,first,win,S09,548
c61_anchor_followup,BASELINE,C61,4549,second,win,S09,549
c61_anchor_followup,BASELINE,C61,4550,first,win,S09,551
c61_anchor_followup,BASELINE,C61,4551,second,loss,S09,552
c61_anchor_followup,BASELINE,C61,4552,first,win,S09,553
c61_anchor_followup,BASELINE,C61,4553,second,loss,S09,554
c61_anchor_followup,BASELINE,C61,4554,first,win,S09,555
c61_anchor_followup,BASELINE,C61,4555,second,loss,S09,557
c61_anchor_followup,BASELINE,C61,4556,first,loss,S09,556
c61_anchor_followup,BASELINE,C61,4557,second,win,S09,558
c61_anchor_followup,BASELINE,C61,4558,first,loss,S09,560
c61_anchor_followup,BASELINE,C61,4559,second,loss,S09,559
c61_anchor_followup,BASELINE,C61,4560,first,win,S09,561
c61_anchor_followup,BASELINE,C61,4561,second,win,S09,562
c61_anchor_followup,BASELINE,C61,4562,first,win,S09,563
c61_anchor_followup,BASELINE,C61,4563,second,win,S09,564
c61_anchor_followup,BASELINE,C61,4564,first,loss,S09,565
c61_anchor_followup,BASELINE,C61,4565,second,loss,S09,566
c61_anchor_followup,BASELINE,C61,4566,first,loss,S09,567
c61_anchor_followup,BASELINE,C61,4567,second,win,S09,568
c61_anchor_followup,BASELINE,C61,4568,first,win,S09,569
c61_anchor_followup,BASELINE,C61,4569,second,win,S09,570
c61_anchor_followup,BASELINE,C61,4570,first,loss,S09,573
c61_anchor_followup,BASELINE,C61,4571,second,win,S09,571
c61_anchor_followup,BASELINE,C61,4572,first,loss,S09,572
c61_anchor_followup,BASELINE,C61,4573,second,loss,S09,575
c61_anchor_followup,BASELINE,C61,4574,first,loss,S09,574
c61_anchor_followup,BASELINE,C61,4575,second,loss,S09,576
c61_anchor_followup,BASELINE,C61,4576,first,loss,S09,577
c61_anchor_followup,BASELINE,C61,4577,second,win,S09,578
c61_anchor_followup,BASELINE,C61,4578,first,loss,S09,579
c61_anchor_followup,BASELINE,C61,4579,second,loss,S09,580
c61_anchor_followup,BASELINE,C61,4580,first,win,S09,581
c61_anchor_followup,BASELINE,C61,4581,second,loss,S09,582
c61_anchor_followup,BASELINE,C61,4582,first,loss,S09,583
c61_anchor_followup,BASELINE,C61,4583,second,loss,S09,584
c61_anchor_followup,BASELINE,C61,4584,first,win,S09,585
c61_anchor_followup,BASELINE,C61,4585,second,loss,S09,587
c61_anchor_followup,BASELINE,C61,4586,first,loss,S09,586
c61_anchor_followup,BASELINE,C61,4587,second,loss,S09,588
c61_anchor_followup,BASELINE,C61,4588,first,loss,S09,589
c61_anchor_followup,BASELINE,C61,4589,second,win,S09,590
c61_anchor_followup,BASELINE,C61,4590,first,loss,S09,591
c61_anchor_followup,BASELINE,C61,4591,second,loss,S09,592
c61_anchor_followup,BASELINE,C61,4592,first,loss,S09,594
c61_anchor_followup,BASELINE,C61,4593,second,win,S09,593
c61_anchor_followup,BASELINE,C61,4594,first,loss,S09,596
c61_anchor_followup,BASELINE,C61,4595,second,win,S09,595
c61_anchor_followup,BASELINE,C61,4596,first,win,S09,598
c61_anchor_followup,BASELINE,C61,4597,second,win,S09,597
c61_anchor_followup,BASELINE,C61,4598,first,win,S09,600
c61_anchor_followup,BASELINE,C61,4599,second,loss,S09,599
c61_anchor_followup,BASELINE,C61,4600,first,win,S09,601
c61_anchor_followup,BASELINE,C61,4601,second,win,S09,602
c61_anchor_followup,BASELINE,C61,4602,first,loss,S09,603
c61_anchor_followup,BASELINE,C61,4603,second,win,S09,604
c61_anchor_followup,BASELINE,C61,4604,first,win,S09,606
c61_anchor_followup,BASELINE,C61,4605,second,win,S09,605
c61_anchor_followup,BASELINE,C61,4606,first,loss,S09,607
c61_anchor_followup,BASELINE,C61,4607,second,win,S09,608
c61_anchor_followup,BASELINE,C61,4608,first,loss,S09,609
c61_anchor_followup,BASELINE,C61,4609,second,win,S09,610
c61_anchor_followup,BASELINE,C61,4610,first,loss,S09,612
c61_anchor_followup,BASELINE,C61,4611,second,win,S09,611
c61_anchor_followup,BASELINE,C61,4612,first,win,S09,614
c61_anchor_followup,BASELINE,C61,4613,second,loss,S09,613
c61_anchor_followup,BASELINE,C61,4614,first,win,S09,617
c61_anchor_followup,BASELINE,C61,4615,second,win,S09,615
c61_anchor_followup,BASELINE,C61,4616,first,win,S09,616
c61_anchor_followup,BASELINE,C61,4617,second,loss,S09,619
c61_anchor_followup,BASELINE,C61,4618,first,loss,S09,618
c61_anchor_followup,BASELINE,C61,4619,second,loss,S09,620
c61_anchor_followup,BASELINE,C61,4620,first,win,S09,621
c61_anchor_followup,BASELINE,C61,4621,second,loss,S09,622
c61_anchor_followup,BASELINE,C61,4622,first,loss,S09,623
c61_anchor_followup,BASELINE,C61,4623,second,win,S09,624
c61_anchor_followup,BASELINE,C61,4624,first,loss,S09,625
c61_anchor_followup,BASELINE,C61,4625,second,loss,S09,626
c61_anchor_followup,BASELINE,C61,4626,first,win,S09,627
c61_anchor_followup,BASELINE,C61,4627,second,win,S09,628
c61_anchor_followup,BASELINE,C61,4628,first,loss,S09,629
c61_anchor_followup,BASELINE,C61,4629,second,loss,S09,630
c61_anchor_followup,BASELINE,C61,4630,first,loss,S09,631
c61_anchor_followup,BASELINE,C61,4631,second,loss,S09,633
c61_anchor_followup,BASELINE,C61,4632,first,loss,S09,632
c61_anchor_followup,BASELINE,C61,4633,second,loss,S09,634
c61_anchor_followup,BASELINE,C61,4634,first,win,S09,635
c61_anchor_followup,BASELINE,C61,4635,second,loss,S09,636
c61_anchor_followup,BASELINE,C61,4636,first,loss,S09,638
c61_anchor_followup,BASELINE,C61,4637,second,loss,S09,637
c61_anchor_followup,BASELINE,C61,4638,first,win,S09,639
c61_anchor_followup,BASELINE,C61,4639,second,win,S09,640
c61_anchor_followup,BASELINE,C61,4640,first,loss,S09,642
c61_anchor_followup,BASELINE,C61,4641,second,win,S09,641
c61_anchor_followup,BASELINE,C61,4642,first,loss,S09,645
c61_anchor_followup,BASELINE,C61,4643,second,loss,S09,643
c61_anchor_followup,BASELINE,C61,4644,first,win,S09,644
c61_anchor_followup,BASELINE,C61,4645,second,win,S09,646
c61_anchor_followup,BASELINE,C61,4646,first,win,S09,647
c61_anchor_followup,BASELINE,C61,4647,second,loss,S09,648
c61_anchor_followup,BASELINE,C61,4648,first,win,S09,649
c61_anchor_followup,BASELINE,C61,4649,second,loss,S09,650
c61_anchor_followup,BASELINE,C61,4650,first,win,S09,651
c61_anchor_followup,BASELINE,C61,4651,second,win,S09,652
c61_anchor_followup,BASELINE,C61,4652,first,loss,S09,654
c61_anchor_followup,BASELINE,C61,4653,second,win,S09,653
c61_anchor_followup,BASELINE,C61,4654,first,win,S09,656
c61_anchor_followup,BASELINE,C61,4655,second,loss,S09,655
c61_anchor_followup,BASELINE,C61,4656,first,win,S09,657
c61_anchor_followup,BASELINE,C61,4657,second,loss,S09,658
c61_anchor_followup,BASELINE,C61,4658,first,loss,S09,660
c61_anchor_followup,BASELINE,C61,4659,second,loss,S09,659
c61_anchor_followup,BASELINE,C61,4660,first,win,S09,661
c61_anchor_followup,BASELINE,C61,4661,second,loss,S09,662
c61_anchor_followup,BASELINE,C61,4662,first,loss,S09,663
c61_anchor_followup,BASELINE,C61,4663,second,win,S09,664
c61_anchor_followup,BASELINE,C61,4664,first,loss,S09,665
c61_anchor_followup,BASELINE,C61,4665,second,loss,S09,666
c61_anchor_followup,BASELINE,C61,4666,first,loss,S09,667
c61_anchor_followup,BASELINE,C61,4667,second,win,S09,668
c61_anchor_followup,BASELINE,C61,4668,first,win,S09,670
c61_anchor_followup,BASELINE,C61,4669,second,win,S09,669
c61_anchor_followup,BASELINE,C61,4670,first,loss,S09,671
c61_anchor_followup,BASELINE,C61,4671,second,win,S09,672
c61_anchor_followup,BASELINE,C61,4672,first,loss,S09,674
c61_anchor_followup,BASELINE,C61,4673,second,win,S09,673
c61_anchor_followup,BASELINE,C61,4674,first,loss,S09,675
c61_anchor_followup,BASELINE,C61,4675,second,win,S09,676
c61_anchor_followup,BASELINE,C61,4676,first,win,S09,677
c61_anchor_followup,BASELINE,C61,4677,second,loss,S09,678
c61_anchor_followup,BASELINE,C61,4678,first,win,S09,679
c61_anchor_followup,BASELINE,C61,4679,second,loss,S09,680
c61_anchor_followup,BASELINE,C61,4680,first,win,S09,681
c61_anchor_followup,BASELINE,C61,4681,second,loss,S09,682
c61_anchor_followup,BASELINE,C61,4682,first,loss,S09,683
c61_anchor_followup,BASELINE,C61,4683,second,loss,S09,684
c61_anchor_followup,BASELINE,C61,4684,first,win,S09,685
c61_anchor_followup,BASELINE,C61,4685,second,loss,S09,686
c61_anchor_followup,BASELINE,C61,4686,first,win,S09,687
c61_anchor_followup,BASELINE,C61,4687,second,loss,S09,688
c61_anchor_followup,BASELINE,C61,4688,first,win,S09,689
c61_anchor_followup,BASELINE,C61,4689,second,win,S09,691
c61_anchor_followup,BASELINE,C61,4690,first,win,S09,690
c61_anchor_followup,BASELINE,C61,4691,second,loss,S09,692
c61_anchor_followup,BASELINE,C61,4692,first,win,S09,693
c61_anchor_followup,BASELINE,C61,4693,second,loss,S09,694
c61_anchor_followup,BASELINE,C61,4694,first,loss,S09,695
c61_anchor_followup,BASELINE,C61,4695,second,loss,S09,696
c61_anchor_followup,BASELINE,C61,4696,first,win,S09,697
c61_anchor_followup,BASELINE,C61,4697,second,win,S09,699
c61_anchor_followup,BASELINE,C61,4698,first,loss,S09,698
c61_anchor_followup,BASELINE,C61,4699,second,loss,S09,700
c61_anchor_followup,BASELINE,C61,4700,first,win,S09,701
c61_anchor_followup,BASELINE,C61,4701,second,loss,S09,703
c61_anchor_followup,BASELINE,C61,4702,first,loss,S09,702
c61_anchor_followup,BASELINE,C61,4703,second,loss,S09,704
c61_anchor_followup,BASELINE,C61,4704,first,win,S09,705
c61_anchor_followup,BASELINE,C61,4705,second,loss,S09,706
c61_anchor_followup,BASELINE,C61,4706,first,win,S09,708
c61_anchor_followup,BASELINE,C61,4707,second,win,S09,707
c61_anchor_followup,BASELINE,C61,4708,first,win,S09,709
c61_anchor_followup,BASELINE,C61,4709,second,win,S09,710
c61_anchor_followup,BASELINE,C61,4710,first,loss,S09,711
c61_anchor_followup,BASELINE,C61,4711,second,win,S09,712
c61_anchor_followup,BASELINE,C61,4712,first,loss,S09,713
c61_anchor_followup,BASELINE,C61,4713,second,win,S09,714
c61_anchor_followup,BASELINE,C61,4714,first,draw,S09,715
c61_anchor_followup,BASELINE,C61,4715,second,win,S09,716
c61_anchor_followup,BASELINE,C61,4716,first,win,S09,718
c61_anchor_followup,BASELINE,C61,4717,second,win,S09,717
c61_anchor_followup,BASELINE,C61,4718,first,win,S09,719
c61_anchor_followup,BASELINE,C61,4719,second,loss,S09,720
c61_anchor_followup,BASELINE,C61,4720,first,loss,S09,721
c61_anchor_followup,BASELINE,C61,4721,second,win,S09,722
c61_anchor_followup,BASELINE,C61,4722,first,loss,S09,725
c61_anchor_followup,BASELINE,C61,4723,second,loss,S09,723
c61_anchor_followup,BASELINE,C61,4724,first,win,S09,724
c61_anchor_followup,BASELINE,C61,4725,second,loss,S09,726
c61_anchor_followup,BASELINE,C61,4726,first,loss,S09,727
c61_anchor_followup,BASELINE,C61,4727,second,loss,S09,728
c61_anchor_followup,BASELINE,C61,4728,first,loss,S09,729
c61_anchor_followup,BASELINE,C61,4729,second,loss,S09,730
c61_anchor_followup,BASELINE,C61,4730,first,loss,S09,731
c61_anchor_followup,BASELINE,C61,4731,second,win,S09,732
c61_anchor_followup,BASELINE,C61,4732,first,loss,S09,733
c61_anchor_followup,BASELINE,C61,4733,second,loss,S09,734
c61_anchor_followup,BASELINE,C61,4734,first,loss,S09,735
c61_anchor_followup,BASELINE,C61,4735,second,win,S09,736
c61_anchor_followup,BASELINE,C61,4736,first,loss,S09,737
c61_anchor_followup,BASELINE,C61,4737,second,win,S09,738
c61_anchor_followup,BASELINE,C61,4738,first,loss,S09,740
c61_anchor_followup,BASELINE,C61,4739,second,win,S09,739
c61_anchor_followup,BASELINE,C61,4740,first,win,S09,741
c61_anchor_followup,BASELINE,C61,4741,second,loss,S09,742
c61_anchor_followup,BASELINE,C61,4742,first,loss,S09,744
c61_anchor_followup,BASELINE,C61,4743,second,loss,S09,743
c61_anchor_followup,BASELINE,C61,4744,first,win,S09,745
c61_anchor_followup,BASELINE,C61,4745,second,loss,S09,746
c61_anchor_followup,BASELINE,C61,4746,first,loss,S09,747
c61_anchor_followup,BASELINE,C61,4747,second,loss,S09,748
c61_anchor_followup,BASELINE,C61,4748,first,loss,S09,750
c61_anchor_followup,BASELINE,C61,4749,second,loss,S09,749
c61_anchor_followup,BASELINE,C61,4750,first,win,S09,752
c61_anchor_followup,BASELINE,C61,4751,second,loss,S09,751
c61_anchor_followup,BASELINE,C61,4752,first,loss,S09,753
c61_anchor_followup,BASELINE,C61,4753,second,loss,S09,754
c61_anchor_followup,BASELINE,C61,4754,first,win,S09,756
c61_anchor_followup,BASELINE,C61,4755,second,win,S09,755
c61_anchor_followup,BASELINE,C61,4756,first,loss,S09,757
c61_anchor_followup,BASELINE,C61,4757,second,win,S09,758
c61_anchor_followup,BASELINE,C61,4758,first,win,S09,759
c61_anchor_followup,BASELINE,C61,4759,second,win,S09,760
c61_anchor_followup,BASELINE,C61,4760,first,loss,S09,761
c61_anchor_followup,BASELINE,C61,4761,second,loss,S09,762
c61_anchor_followup,BASELINE,C61,4762,first,loss,S09,764
c61_anchor_followup,BASELINE,C61,4763,second,loss,S09,763
c61_anchor_followup,BASELINE,C61,4764,first,loss,S09,766
c61_anchor_followup,BASELINE,C61,4765,second,win,S09,765
c61_anchor_followup,BASELINE,C61,4766,first,win,S09,767
c61_anchor_followup,BASELINE,C61,4767,second,loss,S09,768
c61_anchor_followup,BASELINE,C61,4768,first,loss,S09,769
c61_anchor_followup,BASELINE,C61,4769,second,loss,S09,770
c61_anchor_followup,BASELINE,C61,4770,first,win,S09,771
c61_anchor_followup,BASELINE,C61,4771,second,loss,S09,772
c61_anchor_followup,BASELINE,C61,4772,first,loss,S09,774
c61_anchor_followup,BASELINE,C61,4773,second,win,S09,773
c61_anchor_followup,BASELINE,C61,4774,first,loss,S09,775
c61_anchor_followup,BASELINE,C61,4775,second,loss,S09,776
c61_anchor_followup,BASELINE,C61,4776,first,win,S09,778
c61_anchor_followup,BASELINE,C61,4777,second,loss,S09,777
c61_anchor_followup,BASELINE,C61,4778,first,win,S09,779
c61_anchor_followup,BASELINE,C61,4779,second,loss,S09,780
c61_anchor_followup,BASELINE,C61,4780,first,win,S09,781
c61_anchor_followup,BASELINE,C61,4781,second,loss,S09,782
c61_anchor_followup,BASELINE,C61,4782,first,loss,S09,783
c61_anchor_followup,BASELINE,C61,4783,second,win,S09,784
c61_anchor_followup,BASELINE,C61,4784,first,win,S09,785
c61_anchor_followup,BASELINE,C61,4785,second,loss,S09,786
c61_anchor_followup,BASELINE,C61,4786,first,loss,S09,787
c61_anchor_followup,BASELINE,C61,4787,second,loss,S09,788
c61_anchor_followup,BASELINE,C61,4788,first,win,S09,789
c61_anchor_followup,BASELINE,C61,4789,second,win,S09,790
c61_anchor_followup,BASELINE,C61,4790,first,loss,S09,791
c61_anchor_followup,BASELINE,C61,4791,second,loss,S09,792
c61_anchor_followup,BASELINE,C61,4792,first,loss,S09,793
c61_anchor_followup,BASELINE,C61,4793,second,loss,S09,794
c61_anchor_followup,BASELINE,C61,4794,first,win,S09,795
c61_anchor_followup,BASELINE,C61,4795,second,win,S09,796
c61_anchor_followup,BASELINE,C61,4796,first,win,S09,797
c61_anchor_followup,BASELINE,C61,4797,second,loss,S09,799
c61_anchor_followup,BASELINE,C61,4798,first,win,S09,798
c61_anchor_followup,BASELINE,C61,4799,second,loss,S09,800
c61_anchor_followup,BASELINE,C61,4800,first,loss,S09,801
c61_anchor_followup,BASELINE,C61,4801,second,loss,S09,802
c61_anchor_followup,BASELINE,C61,4802,first,loss,S09,803
c61_anchor_followup,BASELINE,C61,4803,second,loss,S09,804
c61_anchor_followup,BASELINE,C61,4804,first,win,S09,805
c61_anchor_followup,BASELINE,C61,4805,second,loss,S09,806
c61_anchor_followup,BASELINE,C61,4806,first,loss,S09,808
c61_anchor_followup,BASELINE,C61,4807,second,loss,S09,807
c61_anchor_followup,BASELINE,C61,4808,first,win,S09,810
c61_anchor_followup,BASELINE,C61,4809,second,win,S09,809
c61_anchor_followup,BASELINE,C61,4810,first,win,S09,811
c61_anchor_followup,BASELINE,C61,4811,second,loss,S09,812
c61_anchor_followup,BASELINE,C61,4812,first,loss,S09,813
c61_anchor_followup,BASELINE,C61,4813,second,win,S09,814
c61_anchor_followup,BASELINE,C61,4814,first,win,S09,816
c61_anchor_followup,BASELINE,C61,4815,second,win,S09,815
c61_anchor_followup,BASELINE,C61,4816,first,win,S09,817
c61_anchor_followup,BASELINE,C61,4817,second,loss,S09,818
c61_anchor_followup,BASELINE,C61,4818,first,win,S09,819
c61_anchor_followup,BASELINE,C61,4819,second,win,S09,820
c61_anchor_followup,BASELINE,C61,4820,first,win,S09,821
c61_anchor_followup,BASELINE,C61,4821,second,loss,S09,822
c61_anchor_followup,BASELINE,C61,4822,first,loss,S09,823
c61_anchor_followup,BASELINE,C61,4823,second,win,S09,824
c61_anchor_followup,BASELINE,C61,4824,first,loss,S09,825
c61_anchor_followup,BASELINE,C61,4825,second,win,S09,826
c61_anchor_followup,BASELINE,C61,4826,first,win,S09,827
c61_anchor_followup,BASELINE,C61,4827,second,win,S09,829
c61_anchor_followup,BASELINE,C61,4828,first,win,S09,828
c61_anchor_followup,BASELINE,C61,4829,second,loss,S09,830
c61_anchor_followup,BASELINE,C61,4830,first,loss,S09,831
c61_anchor_followup,BASELINE,C61,4831,second,loss,S09,832
c61_anchor_followup,BASELINE,C61,4832,first,loss,S09,833
c61_anchor_followup,BASELINE,C61,4833,second,win,S09,834
c61_anchor_followup,BASELINE,C61,4834,first,loss,S09,835
c61_anchor_followup,BASELINE,C61,4835,second,loss,S09,836
c61_anchor_followup,BASELINE,C61,4836,first,win,S09,837
c61_anchor_followup,BASELINE,C61,4837,second,loss,S09,838
c61_anchor_followup,BASELINE,C61,4838,first,win,S09,839
c61_anchor_followup,BASELINE,C61,4839,second,win,S09,841
c61_anchor_followup,BASELINE,C61,4840,first,loss,S09,840
c61_anchor_followup,BASELINE,C61,4841,second,loss,S09,842
c61_anchor_followup,BASELINE,C61,4842,first,loss,S09,843
c61_anchor_followup,BASELINE,C61,4843,second,loss,S09,844
c61_anchor_followup,BASELINE,C61,4844,first,win,S09,845
c61_anchor_followup,BASELINE,C61,4845,second,loss,S09,846
c61_anchor_followup,BASELINE,C61,4846,first,win,S09,847
c61_anchor_followup,BASELINE,C61,4847,second,loss,S09,848
c61_anchor_followup,BASELINE,C61,4848,first,win,S09,849
c61_anchor_followup,BASELINE,C61,4849,second,loss,S09,850
c61_anchor_followup,BASELINE,C61,4850,first,win,S09,851
c61_anchor_followup,BASELINE,C61,4851,second,loss,S09,852
c61_anchor_followup,BASELINE,C61,4852,first,win,S09,853
c61_anchor_followup,BASELINE,C61,4853,second,loss,S09,854
c61_anchor_followup,BASELINE,C61,4854,first,win,S09,855
c61_anchor_followup,BASELINE,C61,4855,second,loss,S09,856
c61_anchor_followup,BASELINE,C61,4856,first,loss,S09,858
c61_anchor_followup,BASELINE,C61,4857,second,win,S09,857
c61_anchor_followup,BASELINE,C61,4858,first,loss,S09,860
c61_anchor_followup,BASELINE,C61,4859,second,loss,S09,859
c61_anchor_followup,BASELINE,C61,4860,first,win,S09,861
c61_anchor_followup,BASELINE,C61,4861,second,loss,S09,862
c61_anchor_followup,BASELINE,C61,4862,first,loss,S09,863
c61_anchor_followup,BASELINE,C61,4863,second,win,S09,864
c61_anchor_followup,BASELINE,C61,4864,first,loss,S09,865
c61_anchor_followup,BASELINE,C61,4865,second,win,S09,866
c61_anchor_followup,BASELINE,C61,4866,first,win,S09,867
c61_anchor_followup,BASELINE,C61,4867,second,win,S09,868
c61_anchor_followup,BASELINE,C61,4868,first,win,S09,869
c61_anchor_followup,BASELINE,C61,4869,second,loss,S09,870
c61_anchor_followup,BASELINE,C61,4870,first,win,S09,871
c61_anchor_followup,BASELINE,C61,4871,second,loss,S09,872
c61_anchor_followup,BASELINE,C61,4872,first,loss,S09,873
c61_anchor_followup,BASELINE,C61,4873,second,win,S09,874
c61_anchor_followup,BASELINE,C61,4874,first,loss,S09,875
c61_anchor_followup,BASELINE,C61,4875,second,loss,S09,876
c61_anchor_followup,BASELINE,C61,4876,first,loss,S09,877
c61_anchor_followup,BASELINE,C61,4877,second,loss,S09,878
c61_anchor_followup,BASELINE,C61,4878,first,loss,S09,879
c61_anchor_followup,BASELINE,C61,4879,second,loss,S09,880
c61_anchor_followup,BASELINE,C61,4880,first,win,S09,881
c61_anchor_followup,BASELINE,C61,4881,second,win,S09,882
c61_anchor_followup,BASELINE,C61,4882,first,loss,S09,883
c61_anchor_followup,BASELINE,C61,4883,second,loss,S09,885
c61_anchor_followup,BASELINE,C61,4884,first,loss,S09,884
c61_anchor_followup,BASELINE,C61,4885,second,loss,S09,887
c61_anchor_followup,BASELINE,C61,4886,first,loss,S09,886
c61_anchor_followup,BASELINE,C61,4887,second,win,S09,888
c61_anchor_followup,BASELINE,C61,4888,first,loss,S09,889
c61_anchor_followup,BASELINE,C61,4889,second,loss,S09,891
c61_anchor_followup,BASELINE,C61,4890,first,loss,S09,890
c61_anchor_followup,BASELINE,C61,4891,second,loss,S09,892
c61_anchor_followup,BASELINE,C61,4892,first,win,S09,893
c61_anchor_followup,BASELINE,C61,4893,second,loss,S09,894
c61_anchor_followup,BASELINE,C61,4894,first,loss,S09,895
c61_anchor_followup,BASELINE,C61,4895,second,loss,S09,897
c61_anchor_followup,BASELINE,C61,4896,first,win,S09,896
c61_anchor_followup,BASELINE,C61,4897,second,win,S09,899
c61_anchor_followup,BASELINE,C61,4898,first,win,S09,898
c61_anchor_followup,BASELINE,C61,4899,second,loss,S09,901
c61_anchor_followup,BASELINE,C61,4900,first,win,S09,900
c61_anchor_followup,BASELINE,C61,4901,second,win,S09,902
c61_anchor_followup,BASELINE,C61,4902,first,loss,S09,903
c61_anchor_followup,BASELINE,C61,4903,second,loss,S09,904
c61_anchor_followup,BASELINE,C61,4904,first,loss,S09,906
c61_anchor_followup,BASELINE,C61,4905,second,loss,S09,905
c61_anchor_followup,BASELINE,C61,4906,first,win,S09,907
c61_anchor_followup,BASELINE,C61,4907,second,loss,S09,908
c61_anchor_followup,BASELINE,C61,4908,first,loss,S09,909
c61_anchor_followup,BASELINE,C61,4909,second,loss,S09,910
c61_anchor_followup,BASELINE,C61,4910,first,win,S09,911
c61_anchor_followup,BASELINE,C61,4911,second,win,S09,912
c61_anchor_followup,BASELINE,C61,4912,first,loss,S09,913
c61_anchor_followup,BASELINE,C61,4913,second,loss,S09,915
c61_anchor_followup,BASELINE,C61,4914,first,win,S09,914
c61_anchor_followup,BASELINE,C61,4915,second,loss,S09,916
c61_anchor_followup,BASELINE,C61,4916,first,win,S09,917
c61_anchor_followup,BASELINE,C61,4917,second,loss,S09,918
c61_anchor_followup,BASELINE,C61,4918,first,loss,S09,919
c61_anchor_followup,BASELINE,C61,4919,second,win,S09,920
c61_anchor_followup,BASELINE,C61,4920,first,win,S09,921
c61_anchor_followup,BASELINE,C61,4921,second,loss,S09,922
c61_anchor_followup,BASELINE,C61,4922,first,win,S09,923
c61_anchor_followup,BASELINE,C61,4923,second,loss,S09,924
c61_anchor_followup,BASELINE,C61,4924,first,win,S09,925
c61_anchor_followup,BASELINE,C61,4925,second,win,S09,926
c61_anchor_followup,BASELINE,C61,4926,first,win,S09,927
c61_anchor_followup,BASELINE,C61,4927,second,loss,S09,928
c61_anchor_followup,BASELINE,C61,4928,first,loss,S09,929
c61_anchor_followup,BASELINE,C61,4929,second,win,S09,931
c61_anchor_followup,BASELINE,C61,4930,first,win,S09,930
c61_anchor_followup,BASELINE,C61,4931,second,loss,S09,933
c61_anchor_followup,BASELINE,C61,4932,first,loss,S09,932
c61_anchor_followup,BASELINE,C61,4933,second,win,S09,934
c61_anchor_followup,BASELINE,C61,4934,first,loss,S09,935
c61_anchor_followup,BASELINE,C61,4935,second,win,S09,936
c61_anchor_followup,BASELINE,C61,4936,first,win,S09,937
c61_anchor_followup,BASELINE,C61,4937,second,loss,S09,938
c61_anchor_followup,BASELINE,C61,4938,first,loss,S09,940
c61_anchor_followup,BASELINE,C61,4939,second,win,S09,939
c61_anchor_followup,BASELINE,C61,4940,first,win,S09,941
c61_anchor_followup,BASELINE,C61,4941,second,loss,S09,942
c61_anchor_followup,BASELINE,C61,4942,first,loss,S09,944
c61_anchor_followup,BASELINE,C61,4943,second,win,S09,943
c61_anchor_followup,BASELINE,C61,4944,first,loss,S09,947
c61_anchor_followup,BASELINE,C61,4945,second,win,S09,945
c61_anchor_followup,BASELINE,C61,4946,first,win,S09,946
c61_anchor_followup,BASELINE,C61,4947,second,win,S09,948
c61_anchor_followup,BASELINE,C61,4948,first,loss,S09,949
c61_anchor_followup,BASELINE,C61,4949,second,loss,S09,950
c61_anchor_followup,BASELINE,C61,4950,first,win,S09,951
c61_anchor_followup,BASELINE,C61,4951,second,loss,S09,952
c61_anchor_followup,BASELINE,C61,4952,first,win,S09,953
c61_anchor_followup,BASELINE,C61,4953,second,loss,S09,954
c61_anchor_followup,BASELINE,C61,4954,first,loss,S09,955
c61_anchor_followup,BASELINE,C61,4955,second,loss,S09,956
c61_anchor_followup,BASELINE,C61,4956,first,loss,S09,957
c61_anchor_followup,BASELINE,C61,4957,second,loss,S09,958
c61_anchor_followup,BASELINE,C61,4958,first,win,S09,959
c61_anchor_followup,BASELINE,C61,4959,second,win,S09,960
c61_anchor_followup,BASELINE,C61,4960,first,loss,S09,961
c61_anchor_followup,BASELINE,C61,4961,second,win,S09,962
c61_anchor_followup,BASELINE,C61,4962,first,win,S09,963
c61_anchor_followup,BASELINE,C61,4963,second,loss,S09,964
c61_anchor_followup,BASELINE,C61,4964,first,win,S09,965
c61_anchor_followup,BASELINE,C61,4965,second,loss,S09,966
c61_anchor_followup,BASELINE,C61,4966,first,win,S09,967
c61_anchor_followup,BASELINE,C61,4967,second,loss,S09,968
c61_anchor_followup,BASELINE,C61,4968,first,loss,S09,969
c61_anchor_followup,BASELINE,C61,4969,second,win,S09,971
c61_anchor_followup,BASELINE,C61,4970,first,loss,S09,970
c61_anchor_followup,BASELINE,C61,4971,second,loss,S09,972
c61_anchor_followup,BASELINE,C61,4972,first,loss,S09,973
c61_anchor_followup,BASELINE,C61,4973,second,loss,S09,975
c61_anchor_followup,BASELINE,C61,4974,first,win,S09,974
c61_anchor_followup,BASELINE,C61,4975,second,loss,S09,976
c61_anchor_followup,BASELINE,C61,4976,first,loss,S09,978
c61_anchor_followup,BASELINE,C61,4977,second,win,S09,977
c61_anchor_followup,BASELINE,C61,4978,first,loss,S09,980
c61_anchor_followup,BASELINE,C61,4979,second,win,S09,979
c61_anchor_followup,BASELINE,C61,4980,first,loss,S09,981
c61_anchor_followup,BASELINE,C61,4981,second,loss,S09,982
c61_anchor_followup,BASELINE,C61,4982,first,win,S09,984
c61_anchor_followup,BASELINE,C61,4983,second,win,S09,983
c61_anchor_followup,BASELINE,C61,4984,first,win,S09,985
c61_anchor_followup,BASELINE,C61,4985,second,loss,S09,986
c61_anchor_followup,BASELINE,C61,4986,first,loss,S09,987
c61_anchor_followup,BASELINE,C61,4987,second,loss,S09,988
c61_anchor_followup,BASELINE,C61,4988,first,loss,S09,989
c61_anchor_followup,BASELINE,C61,4989,second,loss,S09,990
c61_anchor_followup,BASELINE,C61,4990,first,win,S09,991
c61_anchor_followup,BASELINE,C61,4991,second,loss,S09,992
c61_anchor_followup,BASELINE,C61,4992,first,loss,S09,993
c61_anchor_followup,BASELINE,C61,4993,second,loss,S09,994
c61_anchor_followup,BASELINE,C61,4994,first,win,S09,995
c61_anchor_followup,BASELINE,C61,4995,second,loss,S09,996
c61_anchor_followup,BASELINE,C61,4996,first,loss,S09,997
c61_anchor_followup,BASELINE,C61,4997,second,loss,S09,998
c61_anchor_followup,BASELINE,C61,4998,first,win,S09,999
c61_anchor_followup,BASELINE,C61,4999,second,loss,S09,1001
c61_anchor_followup,BASELINE,C61,5000,first,win,S09,1000
c61_anchor_followup,BASELINE,C61,5001,second,win,S09,1002
c61_anchor_followup,BASELINE,C61,5002,first,loss,S09,1003
c61_anchor_followup,BASELINE,C61,5003,second,win,S09,1004
c61_anchor_followup,BASELINE,C61,5004,first,loss,S09,1005
c61_anchor_followup,BASELINE,C61,5005,second,win,S09,1006
c61_anchor_followup,BASELINE,C61,5006,first,loss,S09,1007
c61_anchor_followup,BASELINE,C61,5007,second,win,S09,1008
c61_anchor_followup,BASELINE,C61,5008,first,loss,S09,1010
c61_anchor_followup,BASELINE,C61,5009,second,loss,S09,1009
c61_anchor_followup,BASELINE,C61,5010,first,loss,S09,1012
c61_anchor_followup,BASELINE,C61,5011,second,loss,S09,1011
c61_anchor_followup,BASELINE,C61,5012,first,win,S09,1013
c61_anchor_followup,BASELINE,C61,5013,second,loss,S09,1014
c61_anchor_followup,BASELINE,C61,5014,first,loss,S09,1015
c61_anchor_followup,BASELINE,C61,5015,second,loss,S09,1017
c61_anchor_followup,BASELINE,C61,5016,first,draw,S09,1016
c61_anchor_followup,BASELINE,C61,5017,second,win,S09,1018
c61_anchor_followup,BASELINE,C61,5018,first,loss,S09,1019
c61_anchor_followup,BASELINE,C61,5019,second,win,S09,1020
c61_anchor_followup,BASELINE,C61,5020,first,win,S09,1021
c61_anchor_followup,BASELINE,C61,5021,second,loss,S09,1022
c61_anchor_followup,BASELINE,C61,5022,first,loss,S09,1023
c61_anchor_followup,BASELINE,C61,5023,second,loss,S09,1024
c61_anchor_followup,BASELINE,C61,5024,first,loss,S09,1025
c61_anchor_followup,BASELINE,C61,5025,second,win,S09,1027
c61_anchor_followup,BASELINE,C61,5026,first,win,S09,1026
c61_anchor_followup,BASELINE,C61,5027,second,loss,S09,1029
c61_anchor_followup,BASELINE,C61,5028,first,loss,S09,1028
c61_anchor_followup,BASELINE,C61,5029,second,loss,S09,1030
c61_anchor_followup,BASELINE,C61,5030,first,loss,S09,1031
c61_anchor_followup,BASELINE,C61,5031,second,win,S09,1032
c61_anchor_followup,BASELINE,C61,5032,first,win,S09,1033
c61_anchor_followup,BASELINE,C61,5033,second,loss,S09,1034
c61_anchor_followup,BASELINE,C61,5034,first,loss,S09,1035
c61_anchor_followup,BASELINE,C61,5035,second,loss,S09,1036
c61_anchor_followup,BASELINE,C61,5036,first,win,S09,1037
c61_anchor_followup,BASELINE,C61,5037,second,loss,S09,1038
c61_anchor_followup,BASELINE,C61,5038,first,loss,S09,1039
c61_anchor_followup,BASELINE,C61,5039,second,win,S09,1040
c61_anchor_followup,BASELINE,C61,5040,first,loss,S09,1041
c61_anchor_followup,BASELINE,C61,5041,second,loss,S09,1042
c61_anchor_followup,BASELINE,C61,5042,first,loss,S09,1043
c61_anchor_followup,BASELINE,C61,5043,second,loss,S09,1044
c61_anchor_followup,BASELINE,C61,5044,first,win,S09,1045
c61_anchor_followup,BASELINE,C61,5045,second,loss,S09,1046
c61_anchor_followup,BASELINE,C61,5046,first,loss,S09,1047
c61_anchor_followup,BASELINE,C61,5047,second,loss,S09,1048
c61_anchor_followup,BASELINE,C61,5048,first,win,S09,1049
c61_anchor_followup,BASELINE,C61,5049,second,loss,S09,1050
c61_anchor_followup,BASELINE,C61,5050,first,win,S09,1051
c61_anchor_followup,BASELINE,C61,5051,second,win,S09,1052
c61_anchor_followup,BASELINE,C61,5052,first,loss,S09,1053
c61_anchor_followup,BASELINE,C61,5053,second,loss,S09,1054
c61_anchor_followup,BASELINE,C61,5054,first,loss,S09,1055
c61_anchor_followup,BASELINE,C61,5055,second,loss,S09,1056
c61_anchor_followup,BASELINE,C61,5056,first,win,S09,1057
c61_anchor_followup,BASELINE,C61,5057,second,loss,S09,1058
c61_anchor_followup,BASELINE,C61,5058,first,loss,S09,1059
c61_anchor_followup,BASELINE,C61,5059,second,loss,S09,1060
c61_anchor_followup,BASELINE,C61,5060,first,loss,S09,1061
c61_anchor_followup,BASELINE,C61,5061,second,win,S09,1062
c61_anchor_followup,BASELINE,C61,5062,first,loss,S09,1063
c61_anchor_followup,BASELINE,C61,5063,second,win,S09,1064
c61_anchor_followup,BASELINE,C61,5064,first,loss,S09,1065
c61_anchor_followup,BASELINE,C61,5065,second,loss,S09,1066
c61_anchor_followup,BASELINE,C61,5066,first,win,S09,1067
c61_anchor_followup,BASELINE,C61,5067,second,loss,S09,1069
c61_anchor_followup,BASELINE,C61,5068,first,win,S09,1068
c61_anchor_followup,BASELINE,C61,5069,second,loss,S09,1070
c61_anchor_followup,BASELINE,C61,5070,first,win,S09,1071
c61_anchor_followup,BASELINE,C61,5071,second,loss,S09,1072
c61_anchor_followup,BASELINE,C61,5072,first,loss,S09,1073
c61_anchor_followup,BASELINE,C61,5073,second,win,S09,1075
c61_anchor_followup,BASELINE,C61,5074,first,win,S09,1074
c61_anchor_followup,BASELINE,C61,5075,second,loss,S09,1076
c61_anchor_followup,BASELINE,C61,5076,first,win,S09,1077
c61_anchor_followup,BASELINE,C61,5077,second,loss,S09,1078
c61_anchor_followup,BASELINE,C61,5078,first,win,S09,1079
c61_anchor_followup,BASELINE,C61,5079,second,loss,S09,1080
c61_anchor_followup,BASELINE,C61,5080,first,loss,S09,1081
c61_anchor_followup,BASELINE,C61,5081,second,win,S09,1082
c61_anchor_followup,BASELINE,C61,5082,first,loss,S09,1083
c61_anchor_followup,BASELINE,C61,5083,second,loss,S09,1084
c61_anchor_followup,BASELINE,C61,5084,first,loss,S09,1085
c61_anchor_followup,BASELINE,C61,5085,second,win,S09,1086
c61_anchor_followup,BASELINE,C61,5086,first,loss,S09,1087
c61_anchor_followup,BASELINE,C61,5087,second,loss,S09,1088
c61_anchor_followup,BASELINE,C61,5088,first,draw,S09,1089
c61_anchor_followup,BASELINE,C61,5089,second,loss,S09,1090
c61_anchor_followup,BASELINE,C61,5090,first,loss,S09,1091
c61_anchor_followup,BASELINE,C61,5091,second,draw,S09,1092
c61_anchor_followup,BASELINE,C61,5092,first,loss,S09,1093
c61_anchor_followup,BASELINE,C61,5093,second,draw,S09,1094
c61_anchor_followup,BASELINE,C61,5094,first,win,S09,1095
c61_anchor_followup,BASELINE,C61,5095,second,loss,S09,1096
c61_anchor_followup,BASELINE,C61,5096,first,win,S09,1097
c61_anchor_followup,BASELINE,C61,5097,second,loss,S09,1098
c61_anchor_followup,BASELINE,C61,5098,first,loss,S09,1099
c61_anchor_followup,BASELINE,C61,5099,second,loss,S09,1101
c61_anchor_followup,BASELINE,C61,5100,first,win,S09,1100
c61_anchor_followup,BASELINE,C61,5101,second,win,S09,1102
c61_anchor_followup,BASELINE,C61,5102,first,win,S09,1103
c61_anchor_followup,BASELINE,C61,5103,second,win,S09,1104
c61_anchor_followup,BASELINE,C61,5104,first,win,S09,1105
c61_anchor_followup,BASELINE,C61,5105,second,loss,S09,1106
c61_anchor_followup,BASELINE,C61,5106,first,win,S09,1107
c61_anchor_followup,BASELINE,C61,5107,second,loss,S09,1109
c61_anchor_followup,BASELINE,C61,5108,first,win,S09,1108
c61_anchor_followup,BASELINE,C61,5109,second,loss,S09,1110
c61_anchor_followup,BASELINE,C61,5110,first,win,S09,1111
c61_anchor_followup,BASELINE,C61,5111,second,loss,S09,1112
c61_anchor_followup,BASELINE,C61,5112,first,win,S09,1113
c61_anchor_followup,BASELINE,C61,5113,second,win,S09,1114
c61_anchor_followup,BASELINE,C61,5114,first,loss,S09,1117
c61_anchor_followup,BASELINE,C61,5115,second,win,S09,1115
c61_anchor_followup,BASELINE,C61,5116,first,win,S09,1116
c61_anchor_followup,BASELINE,C61,5117,second,loss,S09,1120
c61_anchor_followup,BASELINE,C61,5118,first,win,S09,1118
c61_anchor_followup,BASELINE,C61,5119,second,loss,S09,1119
c61_anchor_followup,BASELINE,C61,5120,first,loss,S09,1121
c61_anchor_followup,BASELINE,C61,5121,second,win,S09,1122
c61_anchor_followup,BASELINE,C61,5122,first,loss,S09,1123
c61_anchor_followup,BASELINE,C61,5123,second,loss,S09,1124
c61_anchor_followup,BASELINE,C61,5124,first,loss,S09,1125
c61_anchor_followup,BASELINE,C61,5125,second,loss,S09,1126
c61_anchor_followup,BASELINE,C61,5126,first,win,S09,1127
c61_anchor_followup,BASELINE,C61,5127,second,loss,S09,1128
c61_anchor_followup,BASELINE,C61,5128,first,win,S09,1129
c61_anchor_followup,BASELINE,C61,5129,second,loss,S09,1130
c61_anchor_followup,BASELINE,C61,5130,first,win,S09,1131
c61_anchor_followup,BASELINE,C61,5131,second,win,S09,1133
c61_anchor_followup,BASELINE,C61,5132,first,loss,S09,1132
c61_anchor_followup,BASELINE,C61,5133,second,loss,S09,1134
c61_anchor_followup,BASELINE,C61,5134,first,win,S09,1136
c61_anchor_followup,BASELINE,C61,5135,second,win,S09,1135
c61_anchor_followup,BASELINE,C61,5136,first,win,S09,1137
c61_anchor_followup,BASELINE,C61,5137,second,loss,S09,1138
c61_anchor_followup,BASELINE,C61,5138,first,win,S09,1139
c61_anchor_followup,BASELINE,C61,5139,second,loss,S09,1140
c61_anchor_followup,BASELINE,C61,5140,first,loss,S09,1141
c61_anchor_followup,BASELINE,C61,5141,second,win,S09,1142
c61_anchor_followup,BASELINE,C61,5142,first,win,S09,1143
c61_anchor_followup,BASELINE,C61,5143,second,win,S09,1144
c61_anchor_followup,BASELINE,C61,5144,first,win,S09,1145
c61_anchor_followup,BASELINE,C61,5145,second,loss,S09,1147
c61_anchor_followup,BASELINE,C61,5146,first,win,S09,1146
c61_anchor_followup,BASELINE,C61,5147,second,loss,S09,1149
c61_anchor_followup,BASELINE,C61,5148,first,loss,S09,1148
c61_anchor_followup,BASELINE,C61,5149,second,loss,S09,1150
c61_anchor_followup,BASELINE,C61,5150,first,win,S09,1151
c61_anchor_followup,BASELINE,C61,5151,second,win,S09,1152
c61_anchor_followup,BASELINE,C61,5152,first,win,S09,1153
c61_anchor_followup,BASELINE,C61,5153,second,loss,S09,1154
c61_anchor_followup,BASELINE,C61,5154,first,loss,S09,1155
c61_anchor_followup,BASELINE,C61,5155,second,loss,S09,1156
c61_anchor_followup,BASELINE,C61,5156,first,loss,S09,1157
c61_anchor_followup,BASELINE,C61,5157,second,win,S09,1159
c61_anchor_followup,BASELINE,C61,5158,first,win,S09,1158
c61_anchor_followup,BASELINE,C61,5159,second,loss,S09,1160
c61_anchor_followup,BASELINE,C61,5160,first,loss,S09,1162
c61_anchor_followup,BASELINE,C61,5161,second,win,S09,1161
c61_anchor_followup,BASELINE,C61,5162,first,win,S09,1163
c61_anchor_followup,BASELINE,C61,5163,second,loss,S09,1164
c61_anchor_followup,BASELINE,C61,5164,first,loss,S09,1165
c61_anchor_followup,BASELINE,C61,5165,second,win,S09,1166
c61_anchor_followup,BASELINE,C61,5166,first,loss,S09,1168
c61_anchor_followup,BASELINE,C61,5167,second,loss,S09,1167
c61_anchor_followup,BASELINE,C61,5168,first,loss,S09,1169
c61_anchor_followup,BASELINE,C61,5169,second,loss,S09,1170
c61_anchor_followup,BASELINE,C61,5170,first,loss,S09,1171
c61_anchor_followup,BASELINE,C61,5171,second,loss,S09,1172
c61_anchor_followup,BASELINE,C61,5172,first,win,S09,1173
c61_anchor_followup,BASELINE,C61,5173,second,loss,S09,1174
c61_anchor_followup,BASELINE,C61,5174,first,loss,S09,1175
c61_anchor_followup,BASELINE,C61,5175,second,loss,S09,1176
c61_anchor_followup,BASELINE,C61,5176,first,win,S09,1177
c61_anchor_followup,BASELINE,C61,5177,second,loss,S09,1178
c61_anchor_followup,BASELINE,C61,5178,first,loss,S09,1179
c61_anchor_followup,BASELINE,C61,5179,second,loss,S09,1180
c61_anchor_followup,BASELINE,C61,5180,first,loss,S09,1181
c61_anchor_followup,BASELINE,C61,5181,second,win,S09,1182
c61_anchor_followup,BASELINE,C61,5182,first,win,S09,1183
c61_anchor_followup,BASELINE,C61,5183,second,win,S09,1185
c61_anchor_followup,BASELINE,C61,5184,first,win,S09,1184
c61_anchor_followup,BASELINE,C61,5185,second,loss,S09,1187
c61_anchor_followup,BASELINE,C61,5186,first,win,S09,1186
c61_anchor_followup,BASELINE,C61,5187,second,win,S09,1188
c61_anchor_followup,BASELINE,C61,5188,first,loss,S09,1189
c61_anchor_followup,BASELINE,C61,5189,second,loss,S09,1190
c61_anchor_followup,BASELINE,C61,5190,first,loss,S09,1191
c61_anchor_followup,BASELINE,C61,5191,second,win,S09,1192
c61_anchor_followup,BASELINE,C61,5192,first,loss,S09,1193
c61_anchor_followup,BASELINE,C61,5193,second,loss,S09,1194
c61_anchor_followup,BASELINE,C61,5194,first,loss,S09,1196
c61_anchor_followup,BASELINE,C61,5195,second,win,S09,1195
c61_anchor_followup,BASELINE,C61,5196,first,loss,S09,1197
c61_anchor_followup,BASELINE,C61,5197,second,loss,S09,1198
c61_anchor_followup,BASELINE,C61,5198,first,win,S09,1199
c61_anchor_followup,BASELINE,C61,5199,second,loss,S09,1200
c61_anchor_followup,BASELINE,C61,5200,first,loss,S09,1201
c61_anchor_followup,BASELINE,C61,5201,second,loss,S09,1202
c61_anchor_followup,BASELINE,C61,5202,first,loss,S09,1204
c61_anchor_followup,BASELINE,C61,5203,second,loss,S09,1203
c61_anchor_followup,BASELINE,C61,5204,first,loss,S09,1206
c61_anchor_followup,BASELINE,C61,5205,second,loss,S09,1205
c61_anchor_followup,BASELINE,C61,5206,first,loss,S09,1207
c61_anchor_followup,BASELINE,C61,5207,second,loss,S09,1208
c61_anchor_followup,BASELINE,C61,5208,first,loss,S09,1209
c61_anchor_followup,BASELINE,C61,5209,second,win,S09,1210
c61_anchor_followup,BASELINE,C61,5210,first,loss,S09,1212
c61_anchor_followup,BASELINE,C61,5211,second,loss,S09,1211
c61_anchor_followup,BASELINE,C61,5212,first,win,S09,1213
c61_anchor_followup,BASELINE,C61,5213,second,loss,S09,1214
c61_anchor_followup,BASELINE,C61,5214,first,loss,S09,1215
c61_anchor_followup,BASELINE,C61,5215,second,loss,S09,1216
c61_anchor_followup,BASELINE,C61,5216,first,win,S09,1218
c61_anchor_followup,BASELINE,C61,5217,second,loss,S09,1217
c61_anchor_followup,BASELINE,C61,5218,first,loss,S09,1219
c61_anchor_followup,BASELINE,C61,5219,second,loss,S09,1220
c61_anchor_followup,BASELINE,C61,5220,first,loss,S09,1221
c61_anchor_followup,BASELINE,C61,5221,second,win,S09,1222
c61_anchor_followup,BASELINE,C61,5222,first,loss,S09,1223
c61_anchor_followup,BASELINE,C61,5223,second,loss,S09,1224
c61_anchor_followup,BASELINE,C61,5224,first,win,S09,1225
c61_anchor_followup,BASELINE,C61,5225,second,loss,S09,1226
c61_anchor_followup,BASELINE,C61,5226,first,win,S09,1227
c61_anchor_followup,BASELINE,C61,5227,second,loss,S09,1228
c61_anchor_followup,BASELINE,C61,5228,first,win,S09,1229
c61_anchor_followup,BASELINE,C61,5229,second,loss,S09,1231
c61_anchor_followup,BASELINE,C61,5230,first,win,S09,1230
c61_anchor_followup,BASELINE,C61,5231,second,win,S09,1232
c61_anchor_followup,BASELINE,C61,5232,first,loss,S09,1233
c61_anchor_followup,BASELINE,C61,5233,second,win,S09,1234
c61_anchor_followup,BASELINE,C61,5234,first,loss,S09,1236
c61_anchor_followup,BASELINE,C61,5235,second,win,S09,1235
c61_anchor_followup,BASELINE,C61,5236,first,loss,S09,1237
c61_anchor_followup,BASELINE,C61,5237,second,loss,S09,1238
c61_anchor_followup,BASELINE,C61,5238,first,loss,S09,1239
c61_anchor_followup,BASELINE,C61,5239,second,win,S09,1240
c61_anchor_followup,BASELINE,C61,5240,first,win,S09,1241
c61_anchor_followup,BASELINE,C61,5241,second,loss,S09,1242
c61_anchor_followup,BASELINE,C61,5242,first,win,S09,1243
c61_anchor_followup,BASELINE,C61,5243,second,loss,S09,1245
c61_anchor_followup,BASELINE,C61,5244,first,win,S09,1244
c61_anchor_followup,BASELINE,C61,5245,second,loss,S09,1246
c61_anchor_followup,BASELINE,C61,5246,first,win,S09,1247
c61_anchor_followup,BASELINE,C61,5247,second,win,S09,1249
c61_anchor_followup,BASELINE,C61,5248,first,win,S09,1248
c61_anchor_followup,BASELINE,C61,5249,second,loss,S09,1250
c61_anchor_followup,BASELINE,C61,5250,first,win,S09,1251
c61_anchor_followup,BASELINE,C61,5251,second,loss,S09,1252
c61_anchor_followup,BASELINE,C61,5252,first,loss,S09,1253
c61_anchor_followup,BASELINE,C61,5253,second,loss,S09,1255
c61_anchor_followup,BASELINE,C61,5254,first,win,S09,1254
c61_anchor_followup,BASELINE,C61,5255,second,win,S09,1256
c61_anchor_followup,BASELINE,C61,5256,first,win,S09,1257
c61_anchor_followup,BASELINE,C61,5257,second,win,S09,1258
c61_anchor_followup,BASELINE,C61,5258,first,win,S09,1260
c61_anchor_followup,BASELINE,C61,5259,second,win,S09,1259
c61_anchor_followup,BASELINE,C61,5260,first,win,S09,1261
c61_anchor_followup,BASELINE,C61,5261,second,win,S09,1262
c61_anchor_followup,BASELINE,C61,5262,first,win,S09,1263
c61_anchor_followup,BASELINE,C61,5263,second,loss,S09,1264
c61_anchor_followup,BASELINE,C61,5264,first,win,S09,1265
c61_anchor_followup,BASELINE,C61,5265,second,loss,S09,1266
c61_anchor_followup,BASELINE,C61,5266,first,loss,S09,1267
c61_anchor_followup,BASELINE,C61,5267,second,loss,S09,1268
c61_anchor_followup,BASELINE,C61,5268,first,loss,S09,1269
c61_anchor_followup,BASELINE,C61,5269,second,win,S09,1270
c61_anchor_followup,BASELINE,C61,5270,first,loss,S09,1271
c61_anchor_followup,BASELINE,C61,5271,second,loss,S09,1272
c61_anchor_followup,BASELINE,C61,5272,first,loss,S09,1273
c61_anchor_followup,BASELINE,C61,5273,second,loss,S09,1274
c61_anchor_followup,BASELINE,C61,5274,first,loss,S09,1275
c61_anchor_followup,BASELINE,C61,5275,second,loss,S09,1276
c61_anchor_followup,BASELINE,C61,5276,first,win,S09,1277
c61_anchor_followup,BASELINE,C61,5277,second,loss,S09,1279
c61_anchor_followup,BASELINE,C61,5278,first,win,S09,1278
c61_anchor_followup,BASELINE,C61,5279,second,loss,S09,1280
c61_anchor_followup,BASELINE,C61,5280,first,win,S09,1281
c61_anchor_followup,BASELINE,C61,5281,second,loss,S09,1282
c61_anchor_followup,BASELINE,C61,5282,first,win,S09,1283
c61_anchor_followup,BASELINE,C61,5283,second,loss,S09,1284
c61_anchor_followup,BASELINE,C61,5284,first,loss,S09,1285
c61_anchor_followup,BASELINE,C61,5285,second,win,S09,1286
c61_anchor_followup,BASELINE,C61,5286,first,loss,S09,1287
c61_anchor_followup,BASELINE,C61,5287,second,loss,S09,1288
c61_anchor_followup,BASELINE,C61,5288,first,win,S09,1289
c61_anchor_followup,BASELINE,C61,5289,second,loss,S09,1290
c61_anchor_followup,BASELINE,C61,5290,first,loss,S09,1291
c61_anchor_followup,BASELINE,C61,5291,second,loss,S09,1292
c61_anchor_followup,BASELINE,C61,5292,first,win,S09,1294
c61_anchor_followup,BASELINE,C61,5293,second,loss,S09,1293
c61_anchor_followup,BASELINE,C61,5294,first,loss,S09,1296
c61_anchor_followup,BASELINE,C61,5295,second,loss,S09,1295
c61_anchor_followup,BASELINE,C61,5296,first,loss,S09,1298
c61_anchor_followup,BASELINE,C61,5297,second,loss,S09,1297
c61_anchor_followup,BASELINE,C61,5298,first,loss,S09,1299
c61_anchor_followup,BASELINE,C61,5299,second,loss,S09,1300
c61_anchor_followup,BASELINE,C61,5300,first,win,S09,1301
c61_anchor_followup,BASELINE,C61,5301,second,loss,S09,1302
c61_anchor_followup,BASELINE,C61,5302,first,loss,S09,1303
c61_anchor_followup,BASELINE,C61,5303,second,win,S09,1304
c61_anchor_followup,BASELINE,C61,5304,first,loss,S09,1305
c61_anchor_followup,BASELINE,C61,5305,second,loss,S09,1306
c61_anchor_followup,BASELINE,C61,5306,first,win,S09,1308
c61_anchor_followup,BASELINE,C61,5307,second,win,S09,1307
c61_anchor_followup,BASELINE,C61,5308,first,win,S09,1309
c61_anchor_followup,BASELINE,C61,5309,second,loss,S09,1310
c61_anchor_followup,BASELINE,C61,5310,first,loss,S09,1312
c61_anchor_followup,BASELINE,C61,5311,second,loss,S09,1311
c61_anchor_followup,BASELINE,C61,5312,first,win,S09,1313
c61_anchor_followup,BASELINE,C61,5313,second,win,S09,1314
c61_anchor_followup,BASELINE,C61,5314,first,loss,S09,1315
c61_anchor_followup,BASELINE,C61,5315,second,loss,S09,1316
c61_anchor_followup,BASELINE,C61,5316,first,win,S09,1317
c61_anchor_followup,BASELINE,C61,5317,second,loss,S09,1319
c61_anchor_followup,BASELINE,C61,5318,first,loss,S09,1318
c61_anchor_followup,BASELINE,C61,5319,second,win,S09,1320
c61_anchor_followup,BASELINE,C61,5320,first,win,S09,1321
c61_anchor_followup,BASELINE,C61,5321,second,win,S09,1322
c61_anchor_followup,BASELINE,C61,5322,first,loss,S09,1323
c61_anchor_followup,BASELINE,C61,5323,second,win,S09,1324
c61_anchor_followup,BASELINE,C61,5324,first,win,S09,1326
c61_anchor_followup,BASELINE,C61,5325,second,win,S09,1325
c61_anchor_followup,BASELINE,C61,5326,first,win,S09,1327
c61_anchor_followup,BASELINE,C61,5327,second,win,S09,1328
c61_anchor_followup,BASELINE,C61,5328,first,loss,S09,1330
c61_anchor_followup,BASELINE,C61,5329,second,win,S09,1329
c61_anchor_followup,BASELINE,C61,5330,first,win,S09,1331
c61_anchor_followup,BASELINE,C61,5331,second,loss,S09,1332
c61_anchor_followup,BASELINE,C61,5332,first,loss,S09,1334
c61_anchor_followup,BASELINE,C61,5333,second,win,S09,1333
c61_anchor_followup,BASELINE,C61,5334,first,win,S09,1335
c61_anchor_followup,BASELINE,C61,5335,second,win,S09,1336
c61_anchor_followup,BASELINE,C61,5336,first,win,S09,1337
c61_anchor_followup,BASELINE,C61,5337,second,win,S09,1338
c61_anchor_followup,BASELINE,C61,5338,first,loss,S09,1339
c61_anchor_followup,BASELINE,C61,5339,second,win,S09,1341
c61_anchor_followup,BASELINE,C61,5340,first,win,S09,1340
c61_anchor_followup,BASELINE,C61,5341,second,loss,S09,1342
c61_anchor_followup,BASELINE,C61,5342,first,loss,S09,1343
c61_anchor_followup,BASELINE,C61,5343,second,loss,S09,1344
c61_anchor_followup,BASELINE,C61,5344,first,loss,S09,1345
c61_anchor_followup,BASELINE,C61,5345,second,win,S09,1346
c61_anchor_followup,BASELINE,C61,5346,first,win,S09,1347
c61_anchor_followup,BASELINE,C61,5347,second,loss,S09,1348
c61_anchor_followup,BASELINE,C61,5348,first,win,S09,1349
c61_anchor_followup,BASELINE,C61,5349,second,win,S09,1350
c61_anchor_followup,BASELINE,C61,5350,first,win,S09,1351
c61_anchor_followup,BASELINE,C61,5351,second,loss,S09,1352
c61_anchor_followup,BASELINE,C61,5352,first,loss,S09,1353
c61_anchor_followup,BASELINE,C61,5353,second,win,S09,1355
c61_anchor_followup,BASELINE,C61,5354,first,win,S09,1354
c61_anchor_followup,BASELINE,C61,5355,second,win,S09,1356
c61_anchor_followup,BASELINE,C61,5356,first,loss,S09,1357
c61_anchor_followup,BASELINE,C61,5357,second,loss,S09,1358
c61_anchor_followup,BASELINE,C61,5358,first,loss,S09,1359
c61_anchor_followup,BASELINE,C61,5359,second,win,S09,1360
c61_anchor_followup,BASELINE,C61,5360,first,win,S09,1361
c61_anchor_followup,BASELINE,C61,5361,second,loss,S09,1362
c61_anchor_followup,BASELINE,C61,5362,first,loss,S09,1365
c61_anchor_followup,BASELINE,C61,5363,second,win,S09,1363
c61_anchor_followup,BASELINE,C61,5364,first,win,S09,1364
c61_anchor_followup,BASELINE,C61,5365,second,loss,S09,1367
c61_anchor_followup,BASELINE,C61,5366,first,loss,S09,1366
c61_anchor_followup,BASELINE,C61,5367,second,loss,S09,1369
c61_anchor_followup,BASELINE,C61,5368,first,win,S09,1368
c61_anchor_followup,BASELINE,C61,5369,second,win,S09,1370
c61_anchor_followup,BASELINE,C61,5370,first,loss,S09,1371
c61_anchor_followup,BASELINE,C61,5371,second,loss,S09,1372
c61_anchor_followup,BASELINE,C61,5372,first,loss,S09,1373
c61_anchor_followup,BASELINE,C61,5373,second,win,S09,1375
c61_anchor_followup,BASELINE,C61,5374,first,loss,S09,1374
c61_anchor_followup,BASELINE,C61,5375,second,loss,S09,1376
c61_anchor_followup,BASELINE,C61,5376,first,loss,S09,1377
c61_anchor_followup,BASELINE,C61,5377,second,loss,S09,1378
c61_anchor_followup,BASELINE,C61,5378,first,win,S09,1379
c61_anchor_followup,BASELINE,C61,5379,second,win,S09,1380
c61_anchor_followup,BASELINE,C61,5380,first,win,S09,1381
c61_anchor_followup,BASELINE,C61,5381,second,win,S09,1382
c61_anchor_followup,BASELINE,C61,5382,first,win,S09,1383
c61_anchor_followup,BASELINE,C61,5383,second,loss,S09,1384
c61_anchor_followup,BASELINE,C61,5384,first,win,S09,1385
c61_anchor_followup,BASELINE,C61,5385,second,win,S09,1386
c61_anchor_followup,BASELINE,C61,5386,first,win,S09,1387
c61_anchor_followup,BASELINE,C61,5387,second,loss,S09,1388
c61_anchor_followup,BASELINE,C61,5388,first,loss,S09,1391
c61_anchor_followup,BASELINE,C61,5389,second,win,S09,1389
c61_anchor_followup,BASELINE,C61,5390,first,loss,S09,1390
c61_anchor_followup,BASELINE,C61,5391,second,win,S09,1393
c61_anchor_followup,BASELINE,C61,5392,first,loss,S09,1392
c61_anchor_followup,BASELINE,C61,5393,second,loss,S09,1394
c61_anchor_followup,BASELINE,C61,5394,first,loss,S09,1395
c61_anchor_followup,BASELINE,C61,5395,second,loss,S09,1396
c61_anchor_followup,BASELINE,C61,5396,first,win,S09,1397
c61_anchor_followup,BASELINE,C61,5397,second,loss,S09,1398
c61_anchor_followup,BASELINE,C61,5398,first,win,S09,1399
c61_anchor_followup,BASELINE,C61,5399,second,win,S09,1400
c61_anchor_followup,BASELINE,C61,5400,first,win,S09,1402
c61_anchor_followup,BASELINE,C61,5401,second,win,S09,1401
c61_anchor_followup,BASELINE,C61,5402,first,win,S09,1404
c61_anchor_followup,BASELINE,C61,5403,second,loss,S09,1403
c61_anchor_followup,BASELINE,C61,5404,first,loss,S09,1405
c61_anchor_followup,BASELINE,C61,5405,second,win,S09,1406
c61_anchor_followup,BASELINE,C61,5406,first,win,S09,1407
c61_anchor_followup,BASELINE,C61,5407,second,loss,S09,1408
c61_anchor_followup,BASELINE,C61,5408,first,win,S09,1409
c61_anchor_followup,BASELINE,C61,5409,second,loss,S09,1410
c61_anchor_followup,BASELINE,C61,5410,first,loss,S09,1411
c61_anchor_followup,BASELINE,C61,5411,second,loss,S09,1413
c61_anchor_followup,BASELINE,C61,5412,first,win,S09,1412
c61_anchor_followup,BASELINE,C61,5413,second,loss,S09,1414
c61_anchor_followup,BASELINE,C61,5414,first,win,S09,1415
c61_anchor_followup,BASELINE,C61,5415,second,loss,S09,1416
c61_anchor_followup,BASELINE,C61,5416,first,loss,S09,1418
c61_anchor_followup,BASELINE,C61,5417,second,win,S09,1417
c61_anchor_followup,BASELINE,C61,5418,first,loss,S09,1419
c61_anchor_followup,BASELINE,C61,5419,second,loss,S09,1420
c61_anchor_followup,BASELINE,C61,5420,first,loss,S09,1421
c61_anchor_followup,BASELINE,C61,5421,second,loss,S09,1422
c61_anchor_followup,BASELINE,C61,5422,first,loss,S09,1424
c61_anchor_followup,BASELINE,C61,5423,second,win,S09,1423
c61_anchor_followup,BASELINE,C61,5424,first,win,S09,1425
c61_anchor_followup,BASELINE,C61,5425,second,win,S09,1426
c61_anchor_followup,BASELINE,C61,5426,first,loss,S09,1427
c61_anchor_followup,BASELINE,C61,5427,second,loss,S09,1428
c61_anchor_followup,BASELINE,C61,5428,first,loss,S09,1430
c61_anchor_followup,BASELINE,C61,5429,second,win,S09,1429
c61_anchor_followup,BASELINE,C61,5430,first,win,S09,1431
c61_anchor_followup,BASELINE,C61,5431,second,win,S09,1432
c61_anchor_followup,BASELINE,C61,5432,first,win,S09,1434
c61_anchor_followup,BASELINE,C61,5433,second,win,S09,1433
c61_anchor_followup,BASELINE,C61,5434,first,win,S09,1435
c61_anchor_followup,BASELINE,C61,5435,second,loss,S09,1437
c61_anchor_followup,BASELINE,C61,5436,first,win,S09,1436
c61_anchor_followup,BASELINE,C61,5437,second,loss,S09,1439
c61_anchor_followup,BASELINE,C61,5438,first,loss,S09,1438
c61_anchor_followup,BASELINE,C61,5439,second,loss,S09,1440
c61_anchor_followup,BASELINE,C61,5440,first,win,S09,1442
c61_anchor_followup,BASELINE,C61,5441,second,win,S09,1441
c61_anchor_followup,BASELINE,C61,5442,first,win,S09,1443
c61_anchor_followup,BASELINE,C61,5443,second,loss,S09,1444
c61_anchor_followup,BASELINE,C61,5444,first,loss,S09,1445
c61_anchor_followup,BASELINE,C61,5445,second,loss,S09,1446
c61_anchor_followup,BASELINE,C61,5446,first,loss,S09,1447
c61_anchor_followup,BASELINE,C61,5447,second,win,S09,1448
c61_anchor_followup,BASELINE,C61,5448,first,loss,S09,1450
c61_anchor_followup,BASELINE,C61,5449,second,win,S09,1449
c61_anchor_followup,BASELINE,C61,5450,first,loss,S09,1451
c61_anchor_followup,BASELINE,C61,5451,second,win,S09,1453
c61_anchor_followup,BASELINE,C61,5452,first,loss,S09,1452
c61_anchor_followup,BASELINE,C61,5453,second,loss,S09,1454
c61_anchor_followup,BASELINE,C61,5454,first,loss,S09,1455
c61_anchor_followup,BASELINE,C61,5455,second,win,S09,1456
c61_anchor_followup,BASELINE,C61,5456,first,loss,S09,1457
c61_anchor_followup,BASELINE,C61,5457,second,loss,S09,1458
c61_anchor_followup,BASELINE,C61,5458,first,win,S09,1459
c61_anchor_followup,BASELINE,C61,5459,second,loss,S09,1460
c61_anchor_followup,BASELINE,C61,5460,first,loss,S09,1461
c61_anchor_followup,BASELINE,C61,5461,second,loss,S09,1462
c61_anchor_followup,BASELINE,C61,5462,first,loss,S09,1463
c61_anchor_followup,BASELINE,C61,5463,second,win,S09,1464
c61_anchor_followup,BASELINE,C61,5464,first,win,S09,1465
c61_anchor_followup,BASELINE,C61,5465,second,win,S09,1466
c61_anchor_followup,BASELINE,C61,5466,first,win,S09,1467
c61_anchor_followup,BASELINE,C61,5467,second,win,S09,1468
c61_anchor_followup,BASELINE,C61,5468,first,loss,S09,1469
c61_anchor_followup,BASELINE,C61,5469,second,loss,S09,1470
c61_anchor_followup,BASELINE,C61,5470,first,win,S09,1471
c61_anchor_followup,BASELINE,C61,5471,second,loss,S09,1473
c61_anchor_followup,BASELINE,C61,5472,first,loss,S09,1472
c61_anchor_followup,BASELINE,C61,5473,second,loss,S09,1476
c61_anchor_followup,BASELINE,C61,5474,first,win,S09,1474
c61_anchor_followup,BASELINE,C61,5475,second,loss,S09,1475
c61_anchor_followup,BASELINE,C61,5476,first,loss,S09,1478
c61_anchor_followup,BASELINE,C61,5477,second,win,S09,1477
c61_anchor_followup,BASELINE,C61,5478,first,loss,S09,1480
c61_anchor_followup,BASELINE,C61,5479,second,loss,S09,1479
c61_anchor_followup,BASELINE,C61,5480,first,win,S09,1481
c61_anchor_followup,BASELINE,C61,5481,second,win,S09,1482
c61_anchor_followup,BASELINE,C61,5482,first,loss,S09,1483
c61_anchor_followup,BASELINE,C61,5483,second,loss,S09,1484
c61_anchor_followup,BASELINE,C61,5484,first,loss,S09,1485
c61_anchor_followup,BASELINE,C61,5485,second,loss,S09,1486
c61_anchor_followup,BASELINE,C61,5486,first,win,S09,1487
c61_anchor_followup,BASELINE,C61,5487,second,win,S09,1488
c61_anchor_followup,BASELINE,C61,5488,first,loss,S09,1489
c61_anchor_followup,BASELINE,C61,5489,second,win,S09,1490
c61_anchor_followup,BASELINE,C61,5490,first,loss,S09,1491
c61_anchor_followup,BASELINE,C61,5491,second,win,S09,1492
c61_anchor_followup,BASELINE,C61,5492,first,loss,S09,1493
c61_anchor_followup,BASELINE,C61,5493,second,loss,S09,1494
c61_anchor_followup,BASELINE,C61,5494,first,win,S09,1495
c61_anchor_followup,BASELINE,C61,5495,second,win,S09,1496
c61_anchor_followup,BASELINE,C61,5496,first,loss,S09,1498
c61_anchor_followup,BASELINE,C61,5497,second,loss,S09,1497
c61_anchor_followup,BASELINE,C61,5498,first,loss,S09,1499
c61_anchor_followup,BASELINE,C61,5499,second,win,S09,1500
c61_anchor_followup,BASELINE,C61,5500,first,win,S09,1501
c61_anchor_followup,BASELINE,C61,5501,second,loss,S09,1502
c61_anchor_followup,BASELINE,C61,5502,first,loss,S09,1504
c61_anchor_followup,BASELINE,C61,5503,second,win,S09,1503
c61_anchor_followup,BASELINE,C61,5504,first,loss,S09,1505
c61_anchor_followup,BASELINE,C61,5505,second,win,S09,1506
c61_anchor_followup,BASELINE,C61,5506,first,win,S09,1507
c61_anchor_followup,BASELINE,C61,5507,second,loss,S09,1509
c61_anchor_followup,BASELINE,C61,5508,first,loss,S09,1508
c61_anchor_followup,BASELINE,C61,5509,second,loss,S09,1510
c61_anchor_followup,BASELINE,C61,5510,first,win,S09,1511
c61_anchor_followup,BASELINE,C61,5511,second,loss,S09,1512
c61_anchor_followup,BASELINE,C61,5512,first,loss,S09,1513
c61_anchor_followup,BASELINE,C61,5513,second,loss,S09,1514
c61_anchor_followup,BASELINE,C61,5514,first,loss,S09,1516
c61_anchor_followup,BASELINE,C61,5515,second,loss,S09,1515
c61_anchor_followup,BASELINE,C61,5516,first,win,S09,1518
c61_anchor_followup,BASELINE,C61,5517,second,win,S09,1517
c61_anchor_followup,BASELINE,C61,5518,first,loss,S09,1519
c61_anchor_followup,BASELINE,C61,5519,second,loss,S09,1520
c61_anchor_followup,BASELINE,C61,5520,first,win,S09,1521
c61_anchor_followup,BASELINE,C61,5521,second,loss,S09,1522
c61_anchor_followup,BASELINE,C61,5522,first,win,S09,1523
c61_anchor_followup,BASELINE,C61,5523,second,loss,S09,1524
c61_anchor_followup,BASELINE,C61,5524,first,loss,S09,1525
c61_anchor_followup,BASELINE,C61,5525,second,loss,S09,1526
c61_anchor_followup,BASELINE,C61,5526,first,win,S09,1528
c61_anchor_followup,BASELINE,C61,5527,second,win,S09,1527
c61_anchor_followup,BASELINE,C61,5528,first,win,S09,1529
c61_anchor_followup,BASELINE,C61,5529,second,loss,S09,1530
c61_anchor_followup,BASELINE,C61,5530,first,win,S09,1531
c61_anchor_followup,BASELINE,C61,5531,second,loss,S09,1532
c61_anchor_followup,BASELINE,C61,5532,first,win,S09,1533
c61_anchor_followup,BASELINE,C61,5533,second,loss,S09,1534
c61_anchor_followup,BASELINE,C61,5534,first,loss,S09,1535
c61_anchor_followup,BASELINE,C61,5535,second,loss,S09,1537
c61_anchor_followup,BASELINE,C61,5536,first,win,S09,1536
c61_anchor_followup,BASELINE,C61,5537,second,win,S09,1539
c61_anchor_followup,BASELINE,C61,5538,first,win,S09,1538
c61_anchor_followup,BASELINE,C61,5539,second,loss,S09,1540
c61_anchor_followup,BASELINE,C61,5540,first,win,S09,1541
c61_anchor_followup,BASELINE,C61,5541,second,win,S09,1542
c61_anchor_followup,BASELINE,C61,5542,first,loss,S09,1543
c61_anchor_followup,BASELINE,C61,5543,second,win,S09,1544
c61_anchor_followup,BASELINE,C61,5544,first,loss,S09,1546
c61_anchor_followup,BASELINE,C61,5545,second,win,S09,1545
c61_anchor_followup,BASELINE,C61,5546,first,win,S09,1547
c61_anchor_followup,BASELINE,C61,5547,second,loss,S09,1548
c61_anchor_followup,BASELINE,C61,5548,first,loss,S09,1549
c61_anchor_followup,BASELINE,C61,5549,second,loss,S09,1551
c61_anchor_followup,BASELINE,C61,5550,first,loss,S09,1550
c61_anchor_followup,BASELINE,C61,5551,second,win,S09,1552
c61_anchor_followup,BASELINE,C61,5552,first,win,S09,1553
c61_anchor_followup,BASELINE,C61,5553,second,loss,S09,1554
c61_anchor_followup,BASELINE,C61,5554,first,win,S09,1555
c61_anchor_followup,BASELINE,C61,5555,second,loss,S09,1556
c61_anchor_followup,BASELINE,C61,5556,first,loss,S09,1557
c61_anchor_followup,BASELINE,C61,5557,second,loss,S09,1558
c61_anchor_followup,BASELINE,C61,5558,first,loss,S09,1559
c61_anchor_followup,BASELINE,C61,5559,second,loss,S09,1561
c61_anchor_followup,BASELINE,C61,5560,first,win,S09,1560
c61_anchor_followup,BASELINE,C61,5561,second,win,S09,1563
c61_anchor_followup,BASELINE,C61,5562,first,loss,S09,1562
c61_anchor_followup,BASELINE,C61,5563,second,loss,S09,1564
c61_anchor_followup,BASELINE,C61,5564,first,win,S09,1565
c61_anchor_followup,BASELINE,C61,5565,second,win,S09,1566
c61_anchor_followup,BASELINE,C61,5566,first,loss,S09,1567
c61_anchor_followup,BASELINE,C61,5567,second,loss,S09,1568
c61_anchor_followup,BASELINE,C61,5568,first,win,S09,1569
c61_anchor_followup,BASELINE,C61,5569,second,win,S09,1571
c61_anchor_followup,BASELINE,C61,5570,first,win,S09,1570
c61_anchor_followup,BASELINE,C61,5571,second,loss,S09,1572
c61_anchor_followup,BASELINE,C61,5572,first,win,S09,1573
c61_anchor_followup,BASELINE,C61,5573,second,loss,S09,1574
c61_anchor_followup,BASELINE,C61,5574,first,loss,S09,1576
c61_anchor_followup,BASELINE,C61,5575,second,win,S09,1575
c61_anchor_followup,BASELINE,C61,5576,first,loss,S09,1577
c61_anchor_followup,BASELINE,C61,5577,second,loss,S09,1578
c61_anchor_followup,BASELINE,C61,5578,first,loss,S09,1579
c61_anchor_followup,BASELINE,C61,5579,second,loss,S09,1581
c61_anchor_followup,BASELINE,C61,5580,first,win,S09,1580
c61_anchor_followup,BASELINE,C61,5581,second,loss,S09,1582
c61_anchor_followup,BASELINE,C61,5582,first,win,S09,1583
c61_anchor_followup,BASELINE,C61,5583,second,loss,S09,1585
c61_anchor_followup,BASELINE,C61,5584,first,loss,S09,1584
c61_anchor_followup,BASELINE,C61,5585,second,loss,S09,1586
c61_anchor_followup,BASELINE,C61,5586,first,loss,S09,1588
c61_anchor_followup,BASELINE,C61,5587,second,win,S09,1587
c61_anchor_followup,BASELINE,C61,5588,first,loss,S09,1590
c61_anchor_followup,BASELINE,C61,5589,second,win,S09,1589
c61_anchor_followup,BASELINE,C61,5590,first,loss,S09,1591
c61_anchor_followup,BASELINE,C61,5591,second,win,S09,1592
c61_anchor_followup,BASELINE,C61,5592,first,loss,S09,1593
c61_anchor_followup,BASELINE,C61,5593,second,loss,S09,1594
c61_anchor_followup,BASELINE,C61,5594,first,loss,S09,1595
c61_anchor_followup,BASELINE,C61,5595,second,loss,S09,1596
c61_anchor_followup,BASELINE,C61,5596,first,win,S09,1597
c61_anchor_followup,BASELINE,C61,5597,second,loss,S09,1598
c61_anchor_followup,BASELINE,C61,5598,first,loss,S09,1600
c61_anchor_followup,BASELINE,C61,5599,second,win,S09,1599
c61_anchor_followup,BASELINE,C61,5600,first,loss,S09,1601
c61_anchor_followup,BASELINE,C61,5601,second,loss,S09,1602
c61_anchor_followup,BASELINE,C61,5602,first,win,S09,1603
c61_anchor_followup,BASELINE,C61,5603,second,win,S09,1604
c61_anchor_followup,BASELINE,C61,5604,first,loss,S09,1605
c61_anchor_followup,BASELINE,C61,5605,second,loss,S09,1607
c61_anchor_followup,BASELINE,C61,5606,first,win,S09,1606
c61_anchor_followup,BASELINE,C61,5607,second,loss,S09,1608
c61_anchor_followup,BASELINE,C61,5608,first,loss,S09,1609
c61_anchor_followup,BASELINE,C61,5609,second,loss,S09,1610
c61_anchor_followup,BASELINE,C61,5610,first,loss,S09,1611
c61_anchor_followup,BASELINE,C61,5611,second,win,S09,1613
c61_anchor_followup,BASELINE,C61,5612,first,win,S09,1612
c61_anchor_followup,BASELINE,C61,5613,second,loss,S09,1614
c61_anchor_followup,BASELINE,C61,5614,first,loss,S09,1615
c61_anchor_followup,BASELINE,C61,5615,second,loss,S09,1616
c61_anchor_followup,BASELINE,C61,5616,first,win,S09,1617
c61_anchor_followup,BASELINE,C61,5617,second,loss,S09,1619
c61_anchor_followup,BASELINE,C61,5618,first,win,S09,1618
c61_anchor_followup,BASELINE,C61,5619,second,win,S09,1620
c61_anchor_followup,BASELINE,C61,5620,first,loss,S09,1621
c61_anchor_followup,BASELINE,C61,5621,second,win,S09,1622
c61_anchor_followup,BASELINE,C61,5622,first,win,S09,1623
c61_anchor_followup,BASELINE,C61,5623,second,win,S09,1624
c61_anchor_followup,BASELINE,C61,5624,first,win,S09,1626
c61_anchor_followup,BASELINE,C61,5625,second,win,S09,1625
c61_anchor_followup,BASELINE,C61,5626,first,loss,S09,1627
c61_anchor_followup,BASELINE,C61,5627,second,win,S09,1628
c61_anchor_followup,BASELINE,C61,5628,first,loss,S09,1630
c61_anchor_followup,BASELINE,C61,5629,second,loss,S09,1629
c61_anchor_followup,BASELINE,C61,5630,first,win,S09,1631
c61_anchor_followup,BASELINE,C61,5631,second,loss,S09,1632
c61_anchor_followup,BASELINE,C61,5632,first,loss,S09,1633
c61_anchor_followup,BASELINE,C61,5633,second,loss,S09,1634
c61_anchor_followup,BASELINE,C61,5634,first,loss,S09,1635
c61_anchor_followup,BASELINE,C61,5635,second,loss,S09,1637
c61_anchor_followup,BASELINE,C61,5636,first,win,S09,1636
c61_anchor_followup,BASELINE,C61,5637,second,loss,S09,1639
c61_anchor_followup,BASELINE,C61,5638,first,win,S09,1638
c61_anchor_followup,BASELINE,C61,5639,second,loss,S09,1641
c61_anchor_followup,BASELINE,C61,5640,first,win,S09,1640
c61_anchor_followup,BASELINE,C61,5641,second,win,S09,1642
c61_anchor_followup,BASELINE,C61,5642,first,loss,S09,1644
c61_anchor_followup,BASELINE,C61,5643,second,loss,S09,1643
c61_anchor_followup,BASELINE,C61,5644,first,loss,S09,1645
c61_anchor_followup,BASELINE,C61,5645,second,win,S09,1646
c61_anchor_followup,BASELINE,C61,5646,first,loss,S09,1647
c61_anchor_followup,BASELINE,C61,5647,second,loss,S09,1648
c61_anchor_followup,BASELINE,C61,5648,first,loss,S09,1649
c61_anchor_followup,BASELINE,C61,5649,second,win,S09,1650
c61_anchor_followup,BASELINE,C61,5650,first,loss,S09,1651
c61_anchor_followup,BASELINE,C61,5651,second,loss,S09,1652
c61_anchor_followup,BASELINE,C61,5652,first,loss,S09,1653
c61_anchor_followup,BASELINE,C61,5653,second,loss,S09,1654
c61_anchor_followup,BASELINE,C61,5654,first,loss,S09,1655
c61_anchor_followup,BASELINE,C61,5655,second,loss,S09,1656
c61_anchor_followup,BASELINE,C61,5656,first,loss,S09,1657
c61_anchor_followup,BASELINE,C61,5657,second,win,S09,1658
c61_anchor_followup,BASELINE,C61,5658,first,win,S09,1659
c61_anchor_followup,BASELINE,C61,5659,second,loss,S09,1661
c61_anchor_followup,BASELINE,C61,5660,first,loss,S09,1660
c61_anchor_followup,BASELINE,C61,5661,second,win,S09,1662
c61_anchor_followup,BASELINE,C61,5662,first,loss,S09,1663
c61_anchor_followup,BASELINE,C61,5663,second,loss,S09,1664
c61_anchor_followup,BASELINE,C61,5664,first,loss,S09,1665
c61_anchor_followup,BASELINE,C61,5665,second,win,S09,1667
c61_anchor_followup,BASELINE,C61,5666,first,loss,S09,1666
c61_anchor_followup,BASELINE,C61,5667,second,loss,S09,1669
c61_anchor_followup,BASELINE,C61,5668,first,loss,S09,1668
c61_anchor_followup,BASELINE,C61,5669,second,loss,S09,1671
c61_anchor_followup,BASELINE,C61,5670,first,win,S09,1670
c61_anchor_followup,BASELINE,C61,5671,second,win,S09,1672
c61_anchor_followup,BASELINE,C61,5672,first,loss,S09,1673
c61_anchor_followup,BASELINE,C61,5673,second,win,S09,1674
c61_anchor_followup,BASELINE,C61,5674,first,win,S09,1675
c61_anchor_followup,BASELINE,C61,5675,second,win,S09,1676
c61_anchor_followup,BASELINE,C61,5676,first,win,S09,1677
c61_anchor_followup,BASELINE,C61,5677,second,loss,S09,1678
c61_anchor_followup,BASELINE,C61,5678,first,loss,S09,1679
c61_anchor_followup,BASELINE,C61,5679,second,loss,S09,1681
c61_anchor_followup,BASELINE,C61,5680,first,loss,S09,1680
c61_anchor_followup,BASELINE,C61,5681,second,loss,S09,1682
c61_anchor_followup,BASELINE,C61,5682,first,loss,S09,1683
c61_anchor_followup,BASELINE,C61,5683,second,loss,S09,1684
c61_anchor_followup,BASELINE,C61,5684,first,win,S09,1685
c61_anchor_followup,BASELINE,C61,5685,second,loss,S09,1686
c61_anchor_followup,BASELINE,C61,5686,first,loss,S09,1687
c61_anchor_followup,BASELINE,C61,5687,second,win,S09,1688
c61_anchor_followup,BASELINE,C61,5688,first,win,S09,1690
c61_anchor_followup,BASELINE,C61,5689,second,loss,S09,1689
c61_anchor_followup,BASELINE,C61,5690,first,loss,S09,1691
c61_anchor_followup,BASELINE,C61,5691,second,win,S09,1692
c61_anchor_followup,BASELINE,C61,5692,first,win,S09,1694
c61_anchor_followup,BASELINE,C61,5693,second,win,S09,1693
c61_anchor_followup,BASELINE,C61,5694,first,win,S09,1696
c61_anchor_followup,BASELINE,C61,5695,second,loss,S09,1695
c61_anchor_followup,BASELINE,C61,5696,first,loss,S09,1697
c61_anchor_followup,BASELINE,C61,5697,second,loss,S09,1698
c61_anchor_followup,BASELINE,C61,5698,first,win,S09,1699
c61_anchor_followup,BASELINE,C61,5699,second,loss,S09,1700
c61_anchor_followup,BASELINE,C61,5700,first,win,S09,1702
c61_anchor_followup,BASELINE,C61,5701,second,win,S09,1701
c61_anchor_followup,BASELINE,C61,5702,first,loss,S09,1703
c61_anchor_followup,BASELINE,C61,5703,second,loss,S09,1704
c61_anchor_followup,BASELINE,C61,5704,first,loss,S09,1705
c61_anchor_followup,BASELINE,C61,5705,second,loss,S09,1706
c61_anchor_followup,BASELINE,C61,5706,first,win,S09,1707
c61_anchor_followup,BASELINE,C61,5707,second,loss,S09,1709
c61_anchor_followup,BASELINE,C61,5708,first,win,S09,1708
c61_anchor_followup,BASELINE,C61,5709,second,loss,S09,1710
c61_anchor_followup,BASELINE,C61,5710,first,loss,S09,1711
c61_anchor_followup,BASELINE,C61,5711,second,win,S09,1712
c61_anchor_followup,BASELINE,C61,5712,first,win,S09,1713
c61_anchor_followup,BASELINE,C61,5713,second,loss,S09,1715
c61_anchor_followup,BASELINE,C61,5714,first,loss,S09,1714
c61_anchor_followup,BASELINE,C61,5715,second,loss,S09,1717
c61_anchor_followup,BASELINE,C61,5716,first,win,S09,1716
c61_anchor_followup,BASELINE,C61,5717,second,win,S09,1718
c61_anchor_followup,BASELINE,C61,5718,first,win,S09,1719
c61_anchor_followup,BASELINE,C61,5719,second,loss,S09,1720
c61_anchor_followup,BASELINE,C61,5720,first,win,S09,1721
c61_anchor_followup,BASELINE,C61,5721,second,win,S09,1722
c61_anchor_followup,BASELINE,C61,5722,first,loss,S09,1723
c61_anchor_followup,BASELINE,C61,5723,second,loss,S09,1724
c61_anchor_followup,BASELINE,C61,5724,first,loss,S09,1725
c61_anchor_followup,BASELINE,C61,5725,second,win,S09,1726
c61_anchor_followup,BASELINE,C61,5726,first,loss,S09,1727
c61_anchor_followup,BASELINE,C61,5727,second,win,S09,1728
c61_anchor_followup,BASELINE,C61,5728,first,win,S09,1729
c61_anchor_followup,BASELINE,C61,5729,second,win,S09,1730
c61_anchor_followup,BASELINE,C61,5730,first,loss,S09,1731
c61_anchor_followup,BASELINE,C61,5731,second,win,S09,1733
c61_anchor_followup,BASELINE,C61,5732,first,win,S09,1732
c61_anchor_followup,BASELINE,C61,5733,second,loss,S09,1735
c61_anchor_followup,BASELINE,C61,5734,first,win,S09,1734
c61_anchor_followup,BASELINE,C61,5735,second,win,S09,1736
c61_anchor_followup,BASELINE,C61,5736,first,win,S09,1737
c61_anchor_followup,BASELINE,C61,5737,second,win,S09,1739
c61_anchor_followup,BASELINE,C61,5738,first,win,S09,1738
c61_anchor_followup,BASELINE,C61,5739,second,loss,S09,1740
c61_anchor_followup,BASELINE,C61,5740,first,loss,S09,1742
c61_anchor_followup,BASELINE,C61,5741,second,loss,S09,1741
c61_anchor_followup,BASELINE,C61,5742,first,draw,S09,1743
c61_anchor_followup,BASELINE,C61,5743,second,loss,S09,1744
c61_anchor_followup,BASELINE,C61,5744,first,loss,S09,1746
c61_anchor_followup,BASELINE,C61,5745,second,win,S09,1745
c61_anchor_followup,BASELINE,C61,5746,first,win,S09,1747
c61_anchor_followup,BASELINE,C61,5747,second,win,S09,1748
c61_anchor_followup,BASELINE,C61,5748,first,win,S09,1749
c61_anchor_followup,BASELINE,C61,5749,second,win,S09,1750
c61_anchor_followup,BASELINE,C61,5750,first,win,S09,1752
c61_anchor_followup,BASELINE,C61,5751,second,win,S09,1751
c61_anchor_followup,BASELINE,C61,5752,first,loss,S09,1754
c61_anchor_followup,BASELINE,C61,5753,second,win,S09,1753
c61_anchor_followup,BASELINE,C61,5754,first,win,S09,1755
c61_anchor_followup,BASELINE,C61,5755,second,loss,S09,1756
c61_anchor_followup,BASELINE,C61,5756,first,loss,S09,1758
c61_anchor_followup,BASELINE,C61,5757,second,loss,S09,1757
c61_anchor_followup,BASELINE,C61,5758,first,win,S09,1759
c61_anchor_followup,BASELINE,C61,5759,second,loss,S09,1760
c61_anchor_followup,BASELINE,C61,5760,first,win,S09,1761
c61_anchor_followup,BASELINE,C61,5761,second,win,S09,1762
c61_anchor_followup,BASELINE,C61,5762,first,win,S09,1763
c61_anchor_followup,BASELINE,C61,5763,second,win,S09,1764
c61_anchor_followup,BASELINE,C61,5764,first,loss,S09,1765
c61_anchor_followup,BASELINE,C61,5765,second,win,S09,1766
c61_anchor_followup,BASELINE,C61,5766,first,loss,S09,1767
c61_anchor_followup,BASELINE,C61,5767,second,loss,S09,1768
c61_anchor_followup,BASELINE,C61,5768,first,loss,S09,1769
c61_anchor_followup,BASELINE,C61,5769,second,loss,S09,1770
c61_anchor_followup,BASELINE,C61,5770,first,loss,S09,1771
c61_anchor_followup,BASELINE,C61,5771,second,loss,S09,1772
c61_anchor_followup,BASELINE,C61,5772,first,loss,S09,1773
c61_anchor_followup,BASELINE,C61,5773,second,loss,S09,1774
c61_anchor_followup,BASELINE,C61,5774,first,loss,S09,1776
c61_anchor_followup,BASELINE,C61,5775,second,win,S09,1775
c61_anchor_followup,BASELINE,C61,5776,first,loss,S09,1777
c61_anchor_followup,BASELINE,C61,5777,second,win,S09,1778
c61_anchor_followup,BASELINE,C61,5778,first,win,S09,1779
c61_anchor_followup,BASELINE,C61,5779,second,loss,S09,1780
c61_anchor_followup,BASELINE,C61,5780,first,win,S09,1781
c61_anchor_followup,BASELINE,C61,5781,second,win,S09,1782
c61_anchor_followup,BASELINE,C61,5782,first,loss,S09,1783
c61_anchor_followup,BASELINE,C61,5783,second,loss,S09,1784
c61_anchor_followup,BASELINE,C61,5784,first,loss,S09,1786
c61_anchor_followup,BASELINE,C61,5785,second,win,S09,1785
c61_anchor_followup,BASELINE,C61,5786,first,win,S09,1788
c61_anchor_followup,BASELINE,C61,5787,second,loss,S09,1787
c61_anchor_followup,BASELINE,C61,5788,first,loss,S09,1789
c61_anchor_followup,BASELINE,C61,5789,second,loss,S09,1790
c61_anchor_followup,BASELINE,C61,5790,first,loss,S09,1791
c61_anchor_followup,BASELINE,C61,5791,second,win,S09,1792
c61_anchor_followup,BASELINE,C61,5792,first,loss,S09,1794
c61_anchor_followup,BASELINE,C61,5793,second,win,S09,1793
c61_anchor_followup,BASELINE,C61,5794,first,loss,S09,1796
c61_anchor_followup,BASELINE,C61,5795,second,win,S09,1795
c61_anchor_followup,BASELINE,C61,5796,first,win,S09,1797
c61_anchor_followup,BASELINE,C61,5797,second,loss,S09,1798
c61_anchor_followup,BASELINE,C61,5798,first,win,S09,1800
c61_anchor_followup,BASELINE,C61,5799,second,loss,S09,1799
c61_anchor_followup,BASELINE,C61,5800,first,loss,S09,1802
c61_anchor_followup,BASELINE,C61,5801,second,win,S09,1801
c61_anchor_followup,BASELINE,C61,5802,first,loss,S09,1803
c61_anchor_followup,BASELINE,C61,5803,second,loss,S09,1804
c61_anchor_followup,BASELINE,C61,5804,first,loss,S09,1806
c61_anchor_followup,BASELINE,C61,5805,second,win,S09,1805
c61_anchor_followup,BASELINE,C61,5806,first,loss,S09,1807
c61_anchor_followup,BASELINE,C61,5807,second,loss,S09,1808
c61_anchor_followup,BASELINE,C61,5808,first,win,S09,1809
c61_anchor_followup,BASELINE,C61,5809,second,loss,S09,1810
c61_anchor_followup,BASELINE,C61,5810,first,loss,S09,1811
c61_anchor_followup,BASELINE,C61,5811,second,loss,S09,1813
c61_anchor_followup,BASELINE,C61,5812,first,loss,S09,1812
c61_anchor_followup,BASELINE,C61,5813,second,loss,S09,1814
c61_anchor_followup,BASELINE,C61,5814,first,loss,S09,1815
c61_anchor_followup,BASELINE,C61,5815,second,loss,S09,1816
c61_anchor_followup,BASELINE,C61,5816,first,loss,S09,1818
c61_anchor_followup,BASELINE,C61,5817,second,win,S09,1817
c61_anchor_followup,BASELINE,C61,5818,first,loss,S09,1819
c61_anchor_followup,BASELINE,C61,5819,second,loss,S09,1821
c61_anchor_followup,BASELINE,C61,5820,first,win,S09,1820
c61_anchor_followup,BASELINE,C61,5821,second,win,S09,1822
c61_anchor_followup,BASELINE,C61,5822,first,win,S09,1823
c61_anchor_followup,BASELINE,C61,5823,second,loss,S09,1825
c61_anchor_followup,BASELINE,C61,5824,first,win,S09,1824
c61_anchor_followup,BASELINE,C61,5825,second,win,S09,1827
c61_anchor_followup,BASELINE,C61,5826,first,loss,S09,1826
c61_anchor_followup,BASELINE,C61,5827,second,win,S09,1828
c61_anchor_followup,BASELINE,C61,5828,first,loss,S09,1829
c61_anchor_followup,BASELINE,C61,5829,second,loss,S09,1831
c61_anchor_followup,BASELINE,C61,5830,first,loss,S09,1830
c61_anchor_followup,BASELINE,C61,5831,second,loss,S09,1832
c61_anchor_followup,BASELINE,C61,5832,first,win,S09,1833
c61_anchor_followup,BASELINE,C61,5833,second,loss,S09,1836
c61_anchor_followup,BASELINE,C61,5834,first,win,S09,1834
c61_anchor_followup,BASELINE,C61,5835,second,win,S09,1835
c61_anchor_followup,BASELINE,C61,5836,first,win,S09,1837
c61_anchor_followup,BASELINE,C61,5837,second,loss,S09,1838
c61_anchor_followup,BASELINE,C61,5838,first,win,S09,1839
c61_anchor_followup,BASELINE,C61,5839,second,loss,S09,1840
c61_anchor_followup,BASELINE,C61,5840,first,win,S09,1842
c61_anchor_followup,BASELINE,C61,5841,second,win,S09,1841
c61_anchor_followup,BASELINE,C61,5842,first,win,S09,1843
c61_anchor_followup,BASELINE,C61,5843,second,loss,S09,1844
c61_anchor_followup,BASELINE,C61,5844,first,win,S09,1845
c61_anchor_followup,BASELINE,C61,5845,second,loss,S09,1846
c61_anchor_followup,BASELINE,C61,5846,first,loss,S09,1847
c61_anchor_followup,BASELINE,C61,5847,second,loss,S09,1848
c61_anchor_followup,BASELINE,C61,5848,first,loss,S09,1849
c61_anchor_followup,BASELINE,C61,5849,second,win,S09,1851
c61_anchor_followup,BASELINE,C61,5850,first,win,S09,1850
c61_anchor_followup,BASELINE,C61,5851,second,win,S09,1852
c61_anchor_followup,BASELINE,C61,5852,first,loss,S09,1853
c61_anchor_followup,BASELINE,C61,5853,second,win,S09,1854
c61_anchor_followup,BASELINE,C61,5854,first,loss,S09,1855
c61_anchor_followup,BASELINE,C61,5855,second,win,S09,1856
c61_anchor_followup,BASELINE,C61,5856,first,loss,S09,1857
c61_anchor_followup,BASELINE,C61,5857,second,loss,S09,1858
c61_anchor_followup,BASELINE,C61,5858,first,win,S09,1859
c61_anchor_followup,BASELINE,C61,5859,second,win,S09,1860
c61_anchor_followup,BASELINE,C61,5860,first,win,S09,1861
c61_anchor_followup,BASELINE,C61,5861,second,win,S09,1862
c61_anchor_followup,BASELINE,C61,5862,first,win,S09,1863
c61_anchor_followup,BASELINE,C61,5863,second,loss,S09,1864
c61_anchor_followup,BASELINE,C61,5864,first,loss,S09,1865
c61_anchor_followup,BASELINE,C61,5865,second,win,S09,1866
c61_anchor_followup,BASELINE,C61,5866,first,win,S09,1867
c61_anchor_followup,BASELINE,C61,5867,second,loss,S09,1868
c61_anchor_followup,BASELINE,C61,5868,first,loss,S09,1869
c61_anchor_followup,BASELINE,C61,5869,second,win,S09,1870
c61_anchor_followup,BASELINE,C61,5870,first,loss,S09,1871
c61_anchor_followup,BASELINE,C61,5871,second,win,S09,1872
c61_anchor_followup,BASELINE,C61,5872,first,win,S09,1873
c61_anchor_followup,BASELINE,C61,5873,second,loss,S09,1875
c61_anchor_followup,BASELINE,C61,5874,first,win,S09,1874
c61_anchor_followup,BASELINE,C61,5875,second,loss,S09,1877
c61_anchor_followup,BASELINE,C61,5876,first,loss,S09,1876
c61_anchor_followup,BASELINE,C61,5877,second,loss,S09,1878
c61_anchor_followup,BASELINE,C61,5878,first,win,S09,1879
c61_anchor_followup,BASELINE,C61,5879,second,win,S09,1880
c61_anchor_followup,BASELINE,C61,5880,first,loss,S09,1881
c61_anchor_followup,BASELINE,C61,5881,second,loss,S09,1882
c61_anchor_followup,BASELINE,C61,5882,first,loss,S09,1883
c61_anchor_followup,BASELINE,C61,5883,second,loss,S09,1884
c61_anchor_followup,BASELINE,C61,5884,first,loss,S09,1885
c61_anchor_followup,BASELINE,C61,5885,second,loss,S09,1886
c61_anchor_followup,BASELINE,C61,5886,first,loss,S09,1887
c61_anchor_followup,BASELINE,C61,5887,second,loss,S09,1889
c61_anchor_followup,BASELINE,C61,5888,first,win,S09,1888
c61_anchor_followup,BASELINE,C61,5889,second,loss,S09,1891
c61_anchor_followup,BASELINE,C61,5890,first,win,S09,1890
c61_anchor_followup,BASELINE,C61,5891,second,loss,S09,1892
c61_anchor_followup,BASELINE,C61,5892,first,loss,S09,1893
c61_anchor_followup,BASELINE,C61,5893,second,loss,S09,1894
c61_anchor_followup,BASELINE,C61,5894,first,win,S09,1895
c61_anchor_followup,BASELINE,C61,5895,second,loss,S09,1897
c61_anchor_followup,BASELINE,C61,5896,first,loss,S09,1896
c61_anchor_followup,BASELINE,C61,5897,second,win,S09,1899
c61_anchor_followup,BASELINE,C61,5898,first,win,S09,1898
c61_anchor_followup,BASELINE,C61,5899,second,loss,S09,1900
c61_anchor_followup,BASELINE,C61,5900,first,loss,S09,1901
c61_anchor_followup,BASELINE,C61,5901,second,loss,S09,1902
c61_anchor_followup,BASELINE,C61,5902,first,win,S09,1903
c61_anchor_followup,BASELINE,C61,5903,second,loss,S09,1904
c61_anchor_followup,BASELINE,C61,5904,first,loss,S09,1905
c61_anchor_followup,BASELINE,C61,5905,second,loss,S09,1906
c61_anchor_followup,BASELINE,C61,5906,first,loss,S09,1907
c61_anchor_followup,BASELINE,C61,5907,second,loss,S09,1908
c61_anchor_followup,BASELINE,C61,5908,first,loss,S09,1909
c61_anchor_followup,BASELINE,C61,5909,second,loss,S09,1910
c61_anchor_followup,BASELINE,C61,5910,first,loss,S09,1911
c61_anchor_followup,BASELINE,C61,5911,second,loss,S09,1913
c61_anchor_followup,BASELINE,C61,5912,first,win,S09,1912
c61_anchor_followup,BASELINE,C61,5913,second,loss,S09,1914
c61_anchor_followup,BASELINE,C61,5914,first,win,S09,1915
c61_anchor_followup,BASELINE,C61,5915,second,loss,S09,1916
c61_anchor_followup,BASELINE,C61,5916,first,loss,S09,1917
c61_anchor_followup,BASELINE,C61,5917,second,loss,S09,1918
c61_anchor_followup,BASELINE,C61,5918,first,loss,S09,1919
c61_anchor_followup,BASELINE,C61,5919,second,win,S09,1920
c61_anchor_followup,BASELINE,C61,5920,first,loss,S09,1922
c61_anchor_followup,BASELINE,C61,5921,second,loss,S09,1921
c61_anchor_followup,BASELINE,C61,5922,first,loss,S09,1923
c61_anchor_followup,BASELINE,C61,5923,second,loss,S09,1924
c61_anchor_followup,BASELINE,C61,5924,first,loss,S09,1925
c61_anchor_followup,BASELINE,C61,5925,second,loss,S09,1927
c61_anchor_followup,BASELINE,C61,5926,first,win,S09,1926
c61_anchor_followup,BASELINE,C61,5927,second,loss,S09,1928
c61_anchor_followup,BASELINE,C61,5928,first,loss,S09,1929
c61_anchor_followup,BASELINE,C61,5929,second,loss,S09,1931
c61_anchor_followup,BASELINE,C61,5930,first,loss,S09,1930
c61_anchor_followup,BASELINE,C61,5931,second,loss,S09,1933
c61_anchor_followup,BASELINE,C61,5932,first,loss,S09,1932
c61_anchor_followup,BASELINE,C61,5933,second,loss,S09,1935
c61_anchor_followup,BASELINE,C61,5934,first,loss,S09,1934
c61_anchor_followup,BASELINE,C61,5935,second,win,S09,1936
c61_anchor_followup,BASELINE,C61,5936,first,win,S09,1937
c61_anchor_followup,BASELINE,C61,5937,second,loss,S09,1938
c61_anchor_followup,BASELINE,C61,5938,first,loss,S09,1939
c61_anchor_followup,BASELINE,C61,5939,second,loss,S09,1940
c61_anchor_followup,BASELINE,C61,5940,first,win,S09,1941
c61_anchor_followup,BASELINE,C61,5941,second,win,S09,1942
c61_anchor_followup,BASELINE,C61,5942,first,loss,S09,1943
c61_anchor_followup,BASELINE,C61,5943,second,loss,S09,1944
c61_anchor_followup,BASELINE,C61,5944,first,loss,S09,1946
c61_anchor_followup,BASELINE,C61,5945,second,win,S09,1945
c61_anchor_followup,BASELINE,C61,5946,first,win,S09,1947
c61_anchor_followup,BASELINE,C61,5947,second,loss,S09,1949
c61_anchor_followup,BASELINE,C61,5948,first,win,S09,1948
c61_anchor_followup,BASELINE,C61,5949,second,win,S09,1951
c61_anchor_followup,BASELINE,C61,5950,first,win,S09,1950
c61_anchor_followup,BASELINE,C61,5951,second,win,S09,1952
c61_anchor_followup,BASELINE,C61,5952,first,win,S09,1953
c61_anchor_followup,BASELINE,C61,5953,second,win,S09,1956
c61_anchor_followup,BASELINE,C61,5954,first,loss,S09,1954
c61_anchor_followup,BASELINE,C61,5955,second,win,S09,1955
c61_anchor_followup,BASELINE,C61,5956,first,loss,S09,1958
c61_anchor_followup,BASELINE,C61,5957,second,win,S09,1957
c61_anchor_followup,BASELINE,C61,5958,first,loss,S09,1960
c61_anchor_followup,BASELINE,C61,5959,second,loss,S09,1959
c61_anchor_followup,BASELINE,C61,5960,first,loss,S09,1961
c61_anchor_followup,BASELINE,C61,5961,second,loss,S09,1962
c61_anchor_followup,BASELINE,C61,5962,first,win,S09,1963
c61_anchor_followup,BASELINE,C61,5963,second,loss,S09,1964
c61_anchor_followup,BASELINE,C61,5964,first,win,S09,1965
c61_anchor_followup,BASELINE,C61,5965,second,win,S09,1967
c61_anchor_followup,BASELINE,C61,5966,first,win,S09,1966
c61_anchor_followup,BASELINE,C61,5967,second,win,S09,1968
c61_anchor_followup,BASELINE,C61,5968,first,loss,S09,1970
c61_anchor_followup,BASELINE,C61,5969,second,loss,S09,1969
c61_anchor_followup,BASELINE,C61,5970,first,win,S09,1972
c61_anchor_followup,BASELINE,C61,5971,second,loss,S09,1971
c61_anchor_followup,BASELINE,C61,5972,first,win,S09,1973
c61_anchor_followup,BASELINE,C61,5973,second,loss,S09,1974
c61_anchor_followup,BASELINE,C61,5974,first,win,S09,1975
c61_anchor_followup,BASELINE,C61,5975,second,loss,S09,1976
c61_anchor_followup,BASELINE,C61,5976,first,win,S09,1977
c61_anchor_followup,BASELINE,C61,5977,second,loss,S09,1978
c61_anchor_followup,BASELINE,C61,5978,first,loss,S09,1979
c61_anchor_followup,BASELINE,C61,5979,second,loss,S09,1980
c61_anchor_followup,BASELINE,C61,5980,first,loss,S09,1981
c61_anchor_followup,BASELINE,C61,5981,second,win,S09,1982
c61_anchor_followup,BASELINE,C61,5982,first,win,S09,1983
c61_anchor_followup,BASELINE,C61,5983,second,win,S09,1984
c61_anchor_followup,BASELINE,C61,5984,first,win,S09,1985
c61_anchor_followup,BASELINE,C61,5985,second,loss,S09,1986
c61_anchor_followup,BASELINE,C61,5986,first,win,S09,1988
c61_anchor_followup,BASELINE,C61,5987,second,win,S09,1987
c61_anchor_followup,BASELINE,C61,5988,first,win,S09,1989
c61_anchor_followup,BASELINE,C61,5989,second,win,S09,1990
c61_anchor_followup,BASELINE,C61,5990,first,win,S09,1991
c61_anchor_followup,BASELINE,C61,5991,second,loss,S09,1992
c61_anchor_followup,BASELINE,C61,5992,first,win,S09,1993
c61_anchor_followup,BASELINE,C61,5993,second,win,S09,1994
c61_anchor_followup,BASELINE,C61,5994,first,loss,S09,1995
c61_anchor_followup,BASELINE,C61,5995,second,loss,S09,1996
c61_anchor_followup,BASELINE,C61,5996,first,loss,S09,1997
c61_anchor_followup,BASELINE,C61,5997,second,loss,S09,1998
c61_anchor_followup,BASELINE,C61,5998,first,win,S09,2000
c61_anchor_followup,BASELINE,C61,5999,second,loss,S09,1999
c61_anchor_followup,BASELINE,C61,6000,first,loss,S09,2002
c61_anchor_followup,BASELINE,C61,6001,second,loss,S09,2001
c61_anchor_followup,BASELINE,C61,6002,first,loss,S09,2004
c61_anchor_followup,BASELINE,C61,6003,second,loss,S09,2003
c61_anchor_followup,BASELINE,C61,6004,first,win,S09,2005
c61_anchor_followup,BASELINE,C61,6005,second,loss,S09,2007
c61_anchor_followup,BASELINE,C61,6006,first,win,S09,2006
c61_anchor_followup,BASELINE,C61,6007,second,loss,S09,2008
c61_anchor_followup,BASELINE,C61,6008,first,loss,S09,2009
c61_anchor_followup,BASELINE,C61,6009,second,loss,S09,2010
c61_anchor_followup,BASELINE,C61,6010,first,loss,S09,2011
c61_anchor_followup,BASELINE,C61,6011,second,loss,S09,2012
c61_anchor_followup,BASELINE,C61,6012,first,loss,S09,2013
c61_anchor_followup,BASELINE,C61,6013,second,loss,S09,2014
c61_anchor_followup,BASELINE,C61,6014,first,win,S09,2015
c61_anchor_followup,BASELINE,C61,6015,second,loss,S09,2016
c61_anchor_followup,BASELINE,C61,6016,first,loss,S09,2017
c61_anchor_followup,BASELINE,C61,6017,second,win,S09,2018
c61_anchor_followup,BASELINE,C61,6018,first,loss,S09,2020
c61_anchor_followup,BASELINE,C61,6019,second,win,S09,2019
c61_anchor_followup,BASELINE,C61,6020,first,win,S09,2021
c61_anchor_followup,BASELINE,C61,6021,second,loss,S09,2022
c61_anchor_followup,BASELINE,C61,6022,first,win,S09,2024
c61_anchor_followup,BASELINE,C61,6023,second,win,S09,2023
c61_anchor_followup,BASELINE,C61,6024,first,win,S09,2025
c61_anchor_followup,BASELINE,C61,6025,second,loss,S09,2026
c61_anchor_followup,BASELINE,C61,6026,first,loss,S09,2027
c61_anchor_followup,BASELINE,C61,6027,second,loss,S09,2028
c61_anchor_followup,BASELINE,C61,6028,first,win,S09,2029
c61_anchor_followup,BASELINE,C61,6029,second,win,S09,2030
c61_anchor_followup,BASELINE,C61,6030,first,loss,S09,2031
c61_anchor_followup,BASELINE,C61,6031,second,win,S09,2032
c61_anchor_followup,BASELINE,C61,6032,first,loss,S09,2033
c61_anchor_followup,BASELINE,C61,6033,second,loss,S09,2034
c61_anchor_followup,BASELINE,C61,6034,first,win,S09,2035
c61_anchor_followup,BASELINE,C61,6035,second,win,S09,2036
c61_anchor_followup,BASELINE,C61,6036,first,loss,S09,2038
c61_anchor_followup,BASELINE,C61,6037,second,win,S09,2037
c61_anchor_followup,BASELINE,C61,6038,first,loss,S09,2039
c61_anchor_followup,BASELINE,C61,6039,second,loss,S09,2040
c61_anchor_followup,BASELINE,C61,6040,first,loss,S09,2041
c61_anchor_followup,BASELINE,C61,6041,second,win,S09,2042
c61_anchor_followup,BASELINE,C61,6042,first,loss,S09,2043
c61_anchor_followup,BASELINE,C61,6043,second,loss,S09,2044
c61_anchor_followup,BASELINE,C61,6044,first,win,S09,2045
c61_anchor_followup,BASELINE,C61,6045,second,loss,S09,2046
c61_anchor_followup,BASELINE,C61,6046,first,loss,S09,2047
c61_anchor_followup,BASELINE,C61,6047,second,loss,S09,2048
c61_anchor_followup,BASELINE,C61,6048,first,win,S09,2049
c61_anchor_followup,BASELINE,C61,6049,second,win,S09,2050
c61_anchor_followup,BASELINE,C61,6050,first,loss,S09,2051
c61_anchor_followup,BASELINE,C61,6051,second,loss,S09,2052
c61_anchor_followup,BASELINE,C61,6052,first,win,S09,2053
c61_anchor_followup,BASELINE,C61,6053,second,loss,S09,2055
c61_anchor_followup,BASELINE,C61,6054,first,win,S09,2054
c61_anchor_followup,BASELINE,C61,6055,second,win,S09,2056
c61_anchor_followup,BASELINE,C61,6056,first,loss,S09,2057
c61_anchor_followup,BASELINE,C61,6057,second,loss,S09,2058
c61_anchor_followup,BASELINE,C61,6058,first,loss,S09,2060
c61_anchor_followup,BASELINE,C61,6059,second,loss,S09,2059
c61_anchor_followup,BASELINE,C61,6060,first,win,S09,2061
c61_anchor_followup,BASELINE,C61,6061,second,loss,S09,2062
c61_anchor_followup,BASELINE,C61,6062,first,win,S09,2063
c61_anchor_followup,BASELINE,C61,6063,second,loss,S09,2064
c61_anchor_followup,BASELINE,C61,6064,first,loss,S09,2065
c61_anchor_followup,BASELINE,C61,6065,second,win,S09,2066
c61_anchor_followup,BASELINE,C61,6066,first,win,S09,2067
c61_anchor_followup,BASELINE,C61,6067,second,loss,S09,2069
c61_anchor_followup,BASELINE,C61,6068,first,loss,S09,2068
c61_anchor_followup,BASELINE,C61,6069,second,win,S09,2071
c61_anchor_followup,BASELINE,C61,6070,first,loss,S09,2070
c61_anchor_followup,BASELINE,C61,6071,second,win,S09,2072
c61_anchor_followup,BASELINE,C61,6072,first,loss,S09,2073
c61_anchor_followup,BASELINE,C61,6073,second,loss,S09,2074
c61_anchor_followup,BASELINE,C61,6074,first,win,S09,2075
c61_anchor_followup,BASELINE,C61,6075,second,loss,S09,2076
c61_anchor_followup,BASELINE,C61,6076,first,win,S09,2077
c61_anchor_followup,BASELINE,C61,6077,second,win,S09,2078
c61_anchor_followup,BASELINE,C61,6078,first,win,S09,2079
c61_anchor_followup,BASELINE,C61,6079,second,loss,S09,2080
c61_anchor_followup,BASELINE,C61,6080,first,loss,S09,2081
c61_anchor_followup,BASELINE,C61,6081,second,win,S09,2083
c61_anchor_followup,BASELINE,C61,6082,first,win,S09,2082
c61_anchor_followup,BASELINE,C61,6083,second,win,S09,2084
c61_anchor_followup,BASELINE,C61,6084,first,win,S09,2085
c61_anchor_followup,BASELINE,C61,6085,second,win,S09,2087
c61_anchor_followup,BASELINE,C61,6086,first,win,S09,2086
c61_anchor_followup,BASELINE,C61,6087,second,win,S09,2088
c61_anchor_followup,BASELINE,C61,6088,first,loss,S09,2089
c61_anchor_followup,BASELINE,C61,6089,second,win,S09,2090
c61_anchor_followup,BASELINE,C61,6090,first,loss,S09,2091
c61_anchor_followup,BASELINE,C61,6091,second,win,S09,2092
c61_anchor_followup,BASELINE,C61,6092,first,loss,S09,2093
c61_anchor_followup,BASELINE,C61,6093,second,loss,S09,2094
c61_anchor_followup,BASELINE,C61,6094,first,loss,S09,2095
c61_anchor_followup,BASELINE,C61,6095,second,loss,S09,2096
c61_anchor_followup,BASELINE,C61,6096,first,win,S09,2097
c61_anchor_followup,BASELINE,C61,6097,second,loss,S09,2098
c61_anchor_followup,BASELINE,C61,6098,first,win,S09,2099
c61_anchor_followup,BASELINE,C61,6099,second,loss,S09,2100
c61_anchor_followup,BASELINE,C61,6100,first,win,S09,2101
c61_anchor_followup,BASELINE,C61,6101,second,loss,S09,2102
c61_anchor_followup,BASELINE,C61,6102,first,win,S09,2103
c61_anchor_followup,BASELINE,C61,6103,second,loss,S09,2104
c61_anchor_followup,BASELINE,C61,6104,first,win,S09,2105
c61_anchor_followup,BASELINE,C61,6105,second,win,S09,2107
c61_anchor_followup,BASELINE,C61,6106,first,loss,S09,2106
c61_anchor_followup,BASELINE,C61,6107,second,loss,S09,2108
c61_anchor_followup,BASELINE,C61,6108,first,loss,S09,2110
c61_anchor_followup,BASELINE,C61,6109,second,win,S09,2109
c61_anchor_followup,BASELINE,C61,6110,first,win,S09,2112
c61_anchor_followup,BASELINE,C61,6111,second,loss,S09,2111
c61_anchor_followup,BASELINE,C61,6112,first,win,S09,2113
c61_anchor_followup,BASELINE,C61,6113,second,win,S09,2114
c61_anchor_followup,BASELINE,C61,6114,first,loss,S09,2115
c61_anchor_followup,BASELINE,C61,6115,second,win,S09,2116
c61_anchor_followup,BASELINE,C61,6116,first,win,S09,2117
c61_anchor_followup,BASELINE,C61,6117,second,loss,S09,2118
c61_anchor_followup,BASELINE,C61,6118,first,win,S09,2119
c61_anchor_followup,BASELINE,C61,6119,second,win,S09,2120
c61_anchor_followup,BASELINE,C61,6120,first,loss,S09,2121
c61_anchor_followup,BASELINE,C61,6121,second,win,S09,2122
c61_anchor_followup,BASELINE,C61,6122,first,loss,S09,2123
c61_anchor_followup,BASELINE,C61,6123,second,loss,S09,2124
c61_anchor_followup,BASELINE,C61,6124,first,loss,S09,2125
c61_anchor_followup,BASELINE,C61,6125,second,win,S09,2126
c61_anchor_followup,BASELINE,C61,6126,first,win,S09,2127
c61_anchor_followup,BASELINE,C61,6127,second,loss,S09,2128
c61_anchor_followup,BASELINE,C61,6128,first,loss,S09,2129
c61_anchor_followup,BASELINE,C61,6129,second,win,S09,2130
c61_anchor_followup,BASELINE,C61,6130,first,win,S09,2131
c61_anchor_followup,BASELINE,C61,6131,second,loss,S09,2132
c61_anchor_followup,BASELINE,C61,6132,first,win,S09,2133
c61_anchor_followup,BASELINE,C61,6133,second,loss,S09,2134
c61_anchor_followup,BASELINE,C61,6134,first,win,S09,2135
c61_anchor_followup,BASELINE,C61,6135,second,loss,S09,2136
c61_anchor_followup,BASELINE,C61,6136,first,win,S09,2137
c61_anchor_followup,BASELINE,C61,6137,second,loss,S09,2138
c61_anchor_followup,BASELINE,C61,6138,first,loss,S09,2140
c61_anchor_followup,BASELINE,C61,6139,second,win,S09,2139
c61_anchor_followup,BASELINE,C61,6140,first,win,S09,2141
c61_anchor_followup,BASELINE,C61,6141,second,loss,S09,2143
c61_anchor_followup,BASELINE,C61,6142,first,win,S09,2142
c61_anchor_followup,BASELINE,C61,6143,second,loss,S09,2144
c61_anchor_followup,BASELINE,C61,6144,first,win,S09,2145
c61_anchor_followup,BASELINE,C61,6145,second,win,S09,2146
c61_anchor_followup,BASELINE,C61,6146,first,win,S09,2147
c61_anchor_followup,BASELINE,C61,6147,second,loss,S09,2148
c61_anchor_followup,BASELINE,C61,6148,first,win,S09,2149
c61_anchor_followup,BASELINE,C61,6149,second,loss,S09,2150
c61_anchor_followup,BASELINE,C61,6150,first,loss,S09,2151
c61_anchor_followup,BASELINE,C61,6151,second,win,S09,2152
c61_anchor_followup,BASELINE,C61,6152,first,win,S09,2153
c61_anchor_followup,BASELINE,C61,6153,second,loss,S09,2154
c61_anchor_followup,BASELINE,C61,6154,first,loss,S09,2155
c61_anchor_followup,BASELINE,C61,6155,second,loss,S09,2156
c61_anchor_followup,BASELINE,C61,6156,first,win,S09,2158
c61_anchor_followup,BASELINE,C61,6157,second,win,S09,2157
c61_anchor_followup,BASELINE,C61,6158,first,loss,S09,2160
c61_anchor_followup,BASELINE,C61,6159,second,win,S09,2159
c61_anchor_followup,BASELINE,C61,6160,first,win,S09,2161
c61_anchor_followup,BASELINE,C61,6161,second,loss,S09,2162
c61_anchor_followup,BASELINE,C61,6162,first,loss,S09,2163
c61_anchor_followup,BASELINE,C61,6163,second,win,S09,2164
c61_anchor_followup,BASELINE,C61,6164,first,win,S09,2165
c61_anchor_followup,BASELINE,C61,6165,second,win,S09,2166
c61_anchor_followup,BASELINE,C61,6166,first,loss,S09,2167
c61_anchor_followup,BASELINE,C61,6167,second,loss,S09,2168
c61_anchor_followup,BASELINE,C61,6168,first,loss,S09,2169
c61_anchor_followup,BASELINE,C61,6169,second,loss,S09,2170
c61_anchor_followup,BASELINE,C61,6170,first,win,S09,2171
c61_anchor_followup,BASELINE,C61,6171,second,loss,S09,2172
c61_anchor_followup,BASELINE,C61,6172,first,loss,S09,2174
c61_anchor_followup,BASELINE,C61,6173,second,loss,S09,2173
c61_anchor_followup,BASELINE,C61,6174,first,loss,S09,2176
c61_anchor_followup,BASELINE,C61,6175,second,loss,S09,2175
c61_anchor_followup,BASELINE,C61,6176,first,loss,S09,2177
c61_anchor_followup,BASELINE,C61,6177,second,win,S09,2178
c61_anchor_followup,BASELINE,C61,6178,first,loss,S09,2179
c61_anchor_followup,BASELINE,C61,6179,second,loss,S09,2180
c61_anchor_followup,BASELINE,C61,6180,first,win,S09,2181
c61_anchor_followup,BASELINE,C61,6181,second,loss,S09,2182
c61_anchor_followup,BASELINE,C61,6182,first,win,S09,2183
c61_anchor_followup,BASELINE,C61,6183,second,win,S09,2185
c61_anchor_followup,BASELINE,C61,6184,first,loss,S09,2184
c61_anchor_followup,BASELINE,C61,6185,second,loss,S09,2186
c61_anchor_followup,BASELINE,C61,6186,first,loss,S09,2187
c61_anchor_followup,BASELINE,C61,6187,second,win,S09,2188
c61_anchor_followup,BASELINE,C61,6188,first,win,S09,2190
c61_anchor_followup,BASELINE,C61,6189,second,loss,S09,2189
c61_anchor_followup,BASELINE,C61,6190,first,loss,S09,2192
c61_anchor_followup,BASELINE,C61,6191,second,loss,S09,2191
c61_anchor_followup,BASELINE,C61,6192,first,loss,S09,2194
c61_anchor_followup,BASELINE,C61,6193,second,loss,S09,2193
c61_anchor_followup,BASELINE,C61,6194,first,win,S09,2196
c61_anchor_followup,BASELINE,C61,6195,second,loss,S09,2195
c61_anchor_followup,BASELINE,C61,6196,first,loss,S09,2197
c61_anchor_followup,BASELINE,C61,6197,second,loss,S09,2199
c61_anchor_followup,BASELINE,C61,6198,first,win,S09,2198
c61_anchor_followup,BASELINE,C61,6199,second,loss,S09,2200
c61_anchor_followup,BASELINE,C61,6200,first,win,S09,2201
c61_anchor_followup,BASELINE,C61,6201,second,win,S09,2202
c61_anchor_followup,BASELINE,C61,6202,first,win,S09,2203
c61_anchor_followup,BASELINE,C61,6203,second,loss,S09,2204
c61_anchor_followup,BASELINE,C61,6204,first,loss,S09,2205
c61_anchor_followup,BASELINE,C61,6205,second,loss,S09,2206
c61_anchor_followup,BASELINE,C61,6206,first,win,S09,2207
c61_anchor_followup,BASELINE,C61,6207,second,loss,S09,2209
c61_anchor_followup,BASELINE,C61,6208,first,win,S09,2208
c61_anchor_followup,BASELINE,C61,6209,second,loss,S09,2210
c61_anchor_followup,BASELINE,C61,6210,first,win,S09,2211
c61_anchor_followup,BASELINE,C61,6211,second,win,S09,2212
c61_anchor_followup,BASELINE,C61,6212,first,loss,S09,2213
c61_anchor_followup,BASELINE,C61,6213,second,win,S09,2214
c61_anchor_followup,BASELINE,C61,6214,first,win,S09,2215
c61_anchor_followup,BASELINE,C61,6215,second,loss,S09,2216
c61_anchor_followup,BASELINE,C61,6216,first,win,S09,2217
c61_anchor_followup,BASELINE,C61,6217,second,win,S09,2218
c61_anchor_followup,BASELINE,C61,6218,first,win,S09,2219
c61_anchor_followup,BASELINE,C61,6219,second,win,S09,2220
c61_anchor_followup,BASELINE,C61,6220,first,loss,S09,2221
c61_anchor_followup,BASELINE,C61,6221,second,win,S09,2222
c61_anchor_followup,BASELINE,C61,6222,first,loss,S09,2223
c61_anchor_followup,BASELINE,C61,6223,second,loss,S09,2224
c61_anchor_followup,BASELINE,C61,6224,first,loss,S09,2225
c61_anchor_followup,BASELINE,C61,6225,second,win,S09,2226
c61_anchor_followup,BASELINE,C61,6226,first,loss,S09,2227
c61_anchor_followup,BASELINE,C61,6227,second,loss,S09,2229
c61_anchor_followup,BASELINE,C61,6228,first,win,S09,2228
c61_anchor_followup,BASELINE,C61,6229,second,loss,S09,2231
c61_anchor_followup,BASELINE,C61,6230,first,win,S09,2230
c61_anchor_followup,BASELINE,C61,6231,second,loss,S09,2232
c61_anchor_followup,BASELINE,C61,6232,first,loss,S09,2233
c61_anchor_followup,BASELINE,C61,6233,second,loss,S09,2234
c61_anchor_followup,BASELINE,C61,6234,first,loss,S09,2235
c61_anchor_followup,BASELINE,C61,6235,second,loss,S09,2236
c61_anchor_followup,BASELINE,C61,6236,first,loss,S09,2237
c61_anchor_followup,BASELINE,C61,6237,second,win,S09,2238
c61_anchor_followup,BASELINE,C61,6238,first,loss,S09,2239
c61_anchor_followup,BASELINE,C61,6239,second,win,S09,2241
c61_anchor_followup,BASELINE,C61,6240,first,win,S09,2240
c61_anchor_followup,BASELINE,C61,6241,second,loss,S09,2242
c61_anchor_followup,BASELINE,C61,6242,first,win,S09,2243
c61_anchor_followup,BASELINE,C61,6243,second,win,S09,2244
c61_anchor_followup,BASELINE,C61,6244,first,win,S09,2245
c61_anchor_followup,BASELINE,C61,6245,second,loss,S09,2246
c61_anchor_followup,BASELINE,C61,6246,first,loss,S09,2247
c61_anchor_followup,BASELINE,C61,6247,second,win,S09,2248
c61_anchor_followup,BASELINE,C61,6248,first,win,S09,2249
c61_anchor_followup,BASELINE,C61,6249,second,loss,S09,2250
c61_anchor_followup,BASELINE,C61,6250,first,loss,S09,2251
c61_anchor_followup,BASELINE,C61,6251,second,win,S09,2252
c61_anchor_followup,BASELINE,C61,6252,first,loss,S09,2253
c61_anchor_followup,BASELINE,C61,6253,second,loss,S09,2254
c61_anchor_followup,BASELINE,C61,6254,first,win,S09,2255
c61_anchor_followup,BASELINE,C61,6255,second,loss,S09,2256
c61_anchor_followup,BASELINE,C61,6256,first,loss,S09,2257
c61_anchor_followup,BASELINE,C61,6257,second,loss,S09,2259
c61_anchor_followup,BASELINE,C61,6258,first,win,S09,2258
c61_anchor_followup,BASELINE,C61,6259,second,win,S09,2260
c61_anchor_followup,BASELINE,C61,6260,first,loss,S09,2261
c61_anchor_followup,BASELINE,C61,6261,second,loss,S09,2262
c61_anchor_followup,BASELINE,C61,6262,first,loss,S09,2263
c61_anchor_followup,BASELINE,C61,6263,second,loss,S09,2264
c61_anchor_followup,BASELINE,C61,6264,first,win,S09,2266
c61_anchor_followup,BASELINE,C61,6265,second,loss,S09,2265
c61_anchor_followup,BASELINE,C61,6266,first,win,S09,2267
c61_anchor_followup,BASELINE,C61,6267,second,win,S09,2268
c61_anchor_followup,BASELINE,C61,6268,first,loss,S09,2269
c61_anchor_followup,BASELINE,C61,6269,second,loss,S09,2270
c61_anchor_followup,BASELINE,C61,6270,first,loss,S09,2271
c61_anchor_followup,BASELINE,C61,6271,second,loss,S09,2272
c61_anchor_followup,BASELINE,C61,6272,first,win,S09,2273
c61_anchor_followup,BASELINE,C61,6273,second,win,S09,2274
c61_anchor_followup,BASELINE,C61,6274,first,loss,S09,2276
c61_anchor_followup,BASELINE,C61,6275,second,loss,S09,2275
c61_anchor_followup,BASELINE,C61,6276,first,win,S09,2277
c61_anchor_followup,BASELINE,C61,6277,second,win,S09,2278
c61_anchor_followup,BASELINE,C61,6278,first,win,S09,2279
c61_anchor_followup,BASELINE,C61,6279,second,win,S09,2280
c61_anchor_followup,BASELINE,C61,6280,first,loss,S09,2281
c61_anchor_followup,BASELINE,C61,6281,second,loss,S09,2282
c61_anchor_followup,BASELINE,C61,6282,first,win,S09,2283
c61_anchor_followup,BASELINE,C61,6283,second,loss,S09,2284
c61_anchor_followup,BASELINE,C61,6284,first,win,S09,2285
c61_anchor_followup,BASELINE,C61,6285,second,loss,S09,2286
c61_anchor_followup,BASELINE,C61,6286,first,loss,S09,2287
c61_anchor_followup,BASELINE,C61,6287,second,win,S09,2288
c61_anchor_followup,BASELINE,C61,6288,first,win,S09,2289
c61_anchor_followup,BASELINE,C61,6289,second,win,S09,2290
c61_anchor_followup,BASELINE,C61,6290,first,win,S09,2292
c61_anchor_followup,BASELINE,C61,6291,second,loss,S09,2291
c61_anchor_followup,BASELINE,C61,6292,first,win,S09,2293
c61_anchor_followup,BASELINE,C61,6293,second,loss,S09,2294
c61_anchor_followup,BASELINE,C61,6294,first,win,S09,2295
c61_anchor_followup,BASELINE,C61,6295,second,loss,S09,2296
c61_anchor_followup,BASELINE,C61,6296,first,loss,S09,2297
c61_anchor_followup,BASELINE,C61,6297,second,win,S09,2298
c61_anchor_followup,BASELINE,C61,6298,first,loss,S09,2299
c61_anchor_followup,BASELINE,C61,6299,second,loss,S09,2301
c61_anchor_followup,BASELINE,C61,6300,first,loss,S09,2300
c61_anchor_followup,BASELINE,C61,6301,second,loss,S09,2303
c61_anchor_followup,BASELINE,C61,6302,first,win,S09,2302
c61_anchor_followup,BASELINE,C61,6303,second,win,S09,2304
c61_anchor_followup,BASELINE,C61,6304,first,loss,S09,2305
c61_anchor_followup,BASELINE,C61,6305,second,win,S09,2307
c61_anchor_followup,BASELINE,C61,6306,first,win,S09,2306
c61_anchor_followup,BASELINE,C61,6307,second,win,S09,2308
c61_anchor_followup,BASELINE,C61,6308,first,loss,S09,2309
c61_anchor_followup,BASELINE,C61,6309,second,win,S09,2310
c61_anchor_followup,BASELINE,C61,6310,first,loss,S09,2312
c61_anchor_followup,BASELINE,C61,6311,second,loss,S09,2311
c61_anchor_followup,BASELINE,C61,6312,first,loss,S09,2314
c61_anchor_followup,BASELINE,C61,6313,second,loss,S09,2313
c61_anchor_followup,BASELINE,C61,6314,first,win,S09,2316
c61_anchor_followup,BASELINE,C61,6315,second,win,S09,2315
c61_anchor_followup,BASELINE,C61,6316,first,win,S09,2317
c61_anchor_followup,BASELINE,C61,6317,second,loss,S09,2318
c61_anchor_followup,BASELINE,C61,6318,first,loss,S09,2319
c61_anchor_followup,BASELINE,C61,6319,second,loss,S09,2321
c61_anchor_followup,BASELINE,C61,6320,first,win,S09,2320
c61_anchor_followup,BASELINE,C61,6321,second,loss,S09,2322
c61_anchor_followup,BASELINE,C61,6322,first,win,S09,2323
c61_anchor_followup,BASELINE,C61,6323,second,loss,S09,2324
c61_anchor_followup,BASELINE,C61,6324,first,win,S09,2325
c61_anchor_followup,BASELINE,C61,6325,second,loss,S09,2326
c61_anchor_followup,BASELINE,C61,6326,first,loss,S09,2327
c61_anchor_followup,BASELINE,C61,6327,second,win,S09,2328
c61_anchor_followup,BASELINE,C61,6328,first,loss,S09,2329
c61_anchor_followup,BASELINE,C61,6329,second,win,S09,2330
c61_anchor_followup,BASELINE,C61,6330,first,loss,S09,2331
c61_anchor_followup,BASELINE,C61,6331,second,loss,S09,2332
c61_anchor_followup,BASELINE,C61,6332,first,loss,S09,2333
c61_anchor_followup,BASELINE,C61,6333,second,win,S09,2334
c61_anchor_followup,BASELINE,C61,6334,first,win,S09,2335
c61_anchor_followup,BASELINE,C61,6335,second,win,S09,2336
c61_anchor_followup,BASELINE,C61,6336,first,loss,S09,2337
c61_anchor_followup,BASELINE,C61,6337,second,win,S09,2339
c61_anchor_followup,BASELINE,C61,6338,first,loss,S09,2338
c61_anchor_followup,BASELINE,C61,6339,second,win,S09,2340
c61_anchor_followup,BASELINE,C61,6340,first,loss,S09,2341
c61_anchor_followup,BASELINE,C61,6341,second,win,S09,2342
c61_anchor_followup,BASELINE,C61,6342,first,win,S09,2344
c61_anchor_followup,BASELINE,C61,6343,second,win,S09,2343
c61_anchor_followup,BASELINE,C61,6344,first,win,S09,2345
c61_anchor_followup,BASELINE,C61,6345,second,loss,S09,2346
c61_anchor_followup,BASELINE,C61,6346,first,loss,S09,2348
c61_anchor_followup,BASELINE,C61,6347,second,win,S09,2347
c61_anchor_followup,BASELINE,C61,6348,first,win,S09,2349
c61_anchor_followup,BASELINE,C61,6349,second,loss,S09,2350
c61_anchor_followup,BASELINE,C61,6350,first,loss,S09,2352
c61_anchor_followup,BASELINE,C61,6351,second,win,S09,2351
c61_anchor_followup,BASELINE,C61,6352,first,win,S09,2353
c61_anchor_followup,BASELINE,C61,6353,second,loss,S09,2355
c61_anchor_followup,BASELINE,C61,6354,first,win,S09,2354
c61_anchor_followup,BASELINE,C61,6355,second,win,S09,2356
c61_anchor_followup,BASELINE,C61,6356,first,loss,S09,2357
c61_anchor_followup,BASELINE,C61,6357,second,loss,S09,2358
c61_anchor_followup,BASELINE,C61,6358,first,win,S09,2359
c61_anchor_followup,BASELINE,C61,6359,second,loss,S09,2360
c61_anchor_followup,BASELINE,C61,6360,first,win,S09,2362
c61_anchor_followup,BASELINE,C61,6361,second,win,S09,2361
c61_anchor_followup,BASELINE,C61,6362,first,win,S09,2363
c61_anchor_followup,BASELINE,C61,6363,second,win,S09,2364
c61_anchor_followup,BASELINE,C61,6364,first,loss,S09,2365
c61_anchor_followup,BASELINE,C61,6365,second,win,S09,2366
c61_anchor_followup,BASELINE,C61,6366,first,win,S09,2367
c61_anchor_followup,BASELINE,C61,6367,second,win,S09,2368
c61_anchor_followup,BASELINE,C61,6368,first,loss,S09,2369
c61_anchor_followup,BASELINE,C61,6369,second,loss,S09,2370
c61_anchor_followup,BASELINE,C61,6370,first,win,S09,2371
c61_anchor_followup,BASELINE,C61,6371,second,win,S09,2372
c61_anchor_followup,BASELINE,C61,6372,first,win,S09,2373
c61_anchor_followup,BASELINE,C61,6373,second,loss,S09,2374
c61_anchor_followup,BASELINE,C61,6374,first,loss,S09,2375
c61_anchor_followup,BASELINE,C61,6375,second,loss,S09,2376
c61_anchor_followup,BASELINE,C61,6376,first,win,S09,2377
c61_anchor_followup,BASELINE,C61,6377,second,loss,S09,2378
c61_anchor_followup,BASELINE,C61,6378,first,loss,S09,2379
c61_anchor_followup,BASELINE,C61,6379,second,loss,S09,2380
c61_anchor_followup,BASELINE,C61,6380,first,loss,S09,2381
c61_anchor_followup,BASELINE,C61,6381,second,loss,S09,2383
c61_anchor_followup,BASELINE,C61,6382,first,win,S09,2382
c61_anchor_followup,BASELINE,C61,6383,second,win,S09,2384
c61_anchor_followup,BASELINE,C61,6384,first,win,S09,2385
c61_anchor_followup,BASELINE,C61,6385,second,win,S09,2387
c61_anchor_followup,BASELINE,C61,6386,first,loss,S09,2386
c61_anchor_followup,BASELINE,C61,6387,second,loss,S09,2388
c61_anchor_followup,BASELINE,C61,6388,first,loss,S09,2389
c61_anchor_followup,BASELINE,C61,6389,second,win,S09,2390
c61_anchor_followup,BASELINE,C61,6390,first,win,S09,2391
c61_anchor_followup,BASELINE,C61,6391,second,win,S09,2392
c61_anchor_followup,BASELINE,C61,6392,first,loss,S09,2394
c61_anchor_followup,BASELINE,C61,6393,second,win,S09,2393
c61_anchor_followup,BASELINE,C61,6394,first,loss,S09,2395
c61_anchor_followup,BASELINE,C61,6395,second,loss,S09,2396
c61_anchor_followup,BASELINE,C61,6396,first,win,S09,2397
c61_anchor_followup,BASELINE,C61,6397,second,loss,S09,2398
c61_anchor_followup,BASELINE,C61,6398,first,win,S09,2399
c61_anchor_followup,BASELINE,C61,6399,second,loss,S09,2401
c61_anchor_followup,BASELINE,C61,6400,first,loss,S09,2400
c61_anchor_followup,BASELINE,C61,6401,second,loss,S09,2403
c61_anchor_followup,BASELINE,C61,6402,first,win,S09,2402
c61_anchor_followup,BASELINE,C61,6403,second,loss,S09,2405
c61_anchor_followup,BASELINE,C61,6404,first,win,S09,2404
c61_anchor_followup,BASELINE,C61,6405,second,win,S09,2406
c61_anchor_followup,BASELINE,C61,6406,first,win,S09,2407
c61_anchor_followup,BASELINE,C61,6407,second,loss,S09,2409
c61_anchor_followup,BASELINE,C61,6408,first,win,S09,2408
c61_anchor_followup,BASELINE,C61,6409,second,loss,S09,2410
c61_anchor_followup,BASELINE,C61,6410,first,loss,S09,2411
c61_anchor_followup,BASELINE,C61,6411,second,loss,S09,2413
c61_anchor_followup,BASELINE,C61,6412,first,win,S09,2412
c61_anchor_followup,BASELINE,C61,6413,second,loss,S09,2414
c61_anchor_followup,BASELINE,C61,6414,first,win,S09,2415
c61_anchor_followup,BASELINE,C61,6415,second,win,S09,2416
c61_anchor_followup,BASELINE,C61,6416,first,loss,S09,2417
c61_anchor_followup,BASELINE,C61,6417,second,win,S09,2419
c61_anchor_followup,BASELINE,C61,6418,first,loss,S09,2418
c61_anchor_followup,BASELINE,C61,6419,second,loss,S09,2420
c61_anchor_followup,BASELINE,C61,6420,first,win,S09,2421
c61_anchor_followup,BASELINE,C61,6421,second,loss,S09,2422
c61_anchor_followup,BASELINE,C61,6422,first,loss,S09,2423
c61_anchor_followup,BASELINE,C61,6423,second,loss,S09,2425
c61_anchor_followup,BASELINE,C61,6424,first,loss,S09,2424
c61_anchor_followup,BASELINE,C61,6425,second,loss,S09,2426
c61_anchor_followup,BASELINE,C61,6426,first,win,S09,2427
c61_anchor_followup,BASELINE,C61,6427,second,loss,S09,2428
c61_anchor_followup,BASELINE,C61,6428,first,loss,S09,2429
c61_anchor_followup,BASELINE,C61,6429,second,loss,S09,2430
c61_anchor_followup,BASELINE,C61,6430,first,loss,S09,2432
c61_anchor_followup,BASELINE,C61,6431,second,win,S09,2431
c61_anchor_followup,BASELINE,C61,6432,first,win,S09,2433
c61_anchor_followup,BASELINE,C61,6433,second,win,S09,2434
c61_anchor_followup,BASELINE,C61,6434,first,loss,S09,2435
c61_anchor_followup,BASELINE,C61,6435,second,loss,S09,2436
c61_anchor_followup,BASELINE,C61,6436,first,win,S09,2437
c61_anchor_followup,BASELINE,C61,6437,second,loss,S09,2439
c61_anchor_followup,BASELINE,C61,6438,first,loss,S09,2438
c61_anchor_followup,BASELINE,C61,6439,second,loss,S09,2440
c61_anchor_followup,BASELINE,C61,6440,first,loss,S09,2442
c61_anchor_followup,BASELINE,C61,6441,second,win,S09,2441
c61_anchor_followup,BASELINE,C61,6442,first,loss,S09,2443
c61_anchor_followup,BASELINE,C61,6443,second,win,S09,2444
c61_anchor_followup,BASELINE,C61,6444,first,win,S09,2446
c61_anchor_followup,BASELINE,C61,6445,second,win,S09,2445
c61_anchor_followup,BASELINE,C61,6446,first,loss,S09,2447
c61_anchor_followup,BASELINE,C61,6447,second,loss,S09,2448
c61_anchor_followup,BASELINE,C61,6448,first,win,S09,2449
c61_anchor_followup,BASELINE,C61,6449,second,loss,S09,2451
c61_anchor_followup,BASELINE,C61,6450,first,loss,S09,2450
c61_anchor_followup,BASELINE,C61,6451,second,loss,S09,2452
c61_anchor_followup,BASELINE,C61,6452,first,win,S09,2453
c61_anchor_followup,BASELINE,C61,6453,second,loss,S09,2455
c61_anchor_followup,BASELINE,C61,6454,first,loss,S09,2454
c61_anchor_followup,BASELINE,C61,6455,second,loss,S09,2456
c61_anchor_followup,BASELINE,C61,6456,first,loss,S09,2457
c61_anchor_followup,BASELINE,C61,6457,second,loss,S09,2458
c61_anchor_followup,BASELINE,C61,6458,first,win,S09,2460
c61_anchor_followup,BASELINE,C61,6459,second,loss,S09,2459
c61_anchor_followup,BASELINE,C61,6460,first,win,S09,2461
c61_anchor_followup,BASELINE,C61,6461,second,win,S09,2462
c61_anchor_followup,BASELINE,C61,6462,first,win,S09,2463
c61_anchor_followup,BASELINE,C61,6463,second,loss,S09,2464
c61_anchor_followup,BASELINE,C61,6464,first,win,S09,2465
c61_anchor_followup,BASELINE,C61,6465,second,loss,S09,2466
c61_anchor_followup,BASELINE,C61,6466,first,win,S09,2467
c61_anchor_followup,BASELINE,C61,6467,second,loss,S09,2469
c61_anchor_followup,BASELINE,C61,6468,first,loss,S09,2468
c61_anchor_followup,BASELINE,C61,6469,second,loss,S09,2470
c61_anchor_followup,BASELINE,C61,6470,first,win,S09,2471
c61_anchor_followup,BASELINE,C61,6471,second,loss,S09,2472
c61_anchor_followup,BASELINE,C61,6472,first,win,S09,2474
c61_anchor_followup,BASELINE,C61,6473,second,loss,S09,2473
c61_anchor_followup,BASELINE,C61,6474,first,win,S09,2475
c61_anchor_followup,BASELINE,C61,6475,second,loss,S09,2476
c61_anchor_followup,BASELINE,C61,6476,first,loss,S09,2477
c61_anchor_followup,BASELINE,C61,6477,second,loss,S09,2478
c61_anchor_followup,BASELINE,C61,6478,first,loss,S09,2479
c61_anchor_followup,BASELINE,C61,6479,second,win,S09,2480
c61_anchor_followup,BASELINE,C61,6480,first,loss,S09,2481
c61_anchor_followup,BASELINE,C61,6481,second,loss,S09,2482
c61_anchor_followup,BASELINE,C61,6482,first,win,S09,2483
c61_anchor_followup,BASELINE,C61,6483,second,win,S09,2484
c61_anchor_followup,BASELINE,C61,6484,first,loss,S09,2485
c61_anchor_followup,BASELINE,C61,6485,second,loss,S09,2486
c61_anchor_followup,BASELINE,C61,6486,first,win,S09,2487
c61_anchor_followup,BASELINE,C61,6487,second,win,S09,2489
c61_anchor_followup,BASELINE,C61,6488,first,win,S09,2488
c61_anchor_followup,BASELINE,C61,6489,second,win,S09,2490
c61_anchor_followup,BASELINE,C61,6490,first,loss,S09,2492
c61_anchor_followup,BASELINE,C61,6491,second,win,S09,2491
c61_anchor_followup,BASELINE,C61,6492,first,loss,S09,2494
c61_anchor_followup,BASELINE,C61,6493,second,loss,S09,2493
c61_anchor_followup,BASELINE,C61,6494,first,loss,S09,2496
c61_anchor_followup,BASELINE,C61,6495,second,loss,S09,2495
c61_anchor_followup,BASELINE,C61,6496,first,win,S09,2497
c61_anchor_followup,BASELINE,C61,6497,second,loss,S09,2498
c61_anchor_followup,BASELINE,C61,6498,first,loss,S09,2499
c61_anchor_followup,BASELINE,C61,6499,second,loss,S09,2500
c61_anchor_followup,BASELINE,C61,6500,first,win,S09,2501
c61_anchor_followup,BASELINE,C61,6501,second,win,S09,2502
c61_anchor_followup,BASELINE,C61,6502,first,loss,S09,2503
c61_anchor_followup,BASELINE,C61,6503,second,loss,S09,2504
c61_anchor_followup,BASELINE,C61,6504,first,loss,S09,2505
c61_anchor_followup,BASELINE,C61,6505,second,loss,S09,2506
c61_anchor_followup,BASELINE,C61,6506,first,loss,S09,2507
c61_anchor_followup,BASELINE,C61,6507,second,win,S09,2508
c61_anchor_followup,BASELINE,C61,6508,first,loss,S09,2510
c61_anchor_followup,BASELINE,C61,6509,second,loss,S09,2509
c61_anchor_followup,BASELINE,C61,6510,first,loss,S09,2511
c61_anchor_followup,BASELINE,C61,6511,second,loss,S09,2512
c61_anchor_followup,BASELINE,C61,6512,first,win,S09,2513
c61_anchor_followup,BASELINE,C61,6513,second,loss,S09,2514
c61_anchor_followup,BASELINE,C61,6514,first,loss,S09,2515
c61_anchor_followup,BASELINE,C61,6515,second,loss,S09,2516
c61_anchor_followup,BASELINE,C61,6516,first,loss,S09,2517
c61_anchor_followup,BASELINE,C61,6517,second,loss,S09,2518
c61_anchor_followup,BASELINE,C61,6518,first,win,S09,2520
c61_anchor_followup,BASELINE,C61,6519,second,loss,S09,2519
c61_anchor_followup,BASELINE,C61,6520,first,loss,S09,2522
c61_anchor_followup,BASELINE,C61,6521,second,loss,S09,2521
c61_anchor_followup,BASELINE,C61,6522,first,loss,S09,2523
c61_anchor_followup,BASELINE,C61,6523,second,loss,S09,2524
c61_anchor_followup,BASELINE,C61,6524,first,win,S09,2525
c61_anchor_followup,BASELINE,C61,6525,second,win,S09,2526
c61_anchor_followup,BASELINE,C61,6526,first,win,S09,2527
c61_anchor_followup,BASELINE,C61,6527,second,loss,S09,2528
c61_anchor_followup,BASELINE,C61,6528,first,loss,S09,2529
c61_anchor_followup,BASELINE,C61,6529,second,win,S09,2530
c61_anchor_followup,BASELINE,C61,6530,first,loss,S09,2532
c61_anchor_followup,BASELINE,C61,6531,second,loss,S09,2531
c61_anchor_followup,BASELINE,C61,6532,first,win,S09,2533
c61_anchor_followup,BASELINE,C61,6533,second,loss,S09,2534
c61_anchor_followup,BASELINE,C61,6534,first,loss,S09,2535
c61_anchor_followup,BASELINE,C61,6535,second,loss,S09,2536
c61_anchor_followup,BASELINE,C61,6536,first,loss,S09,2537
c61_anchor_followup,BASELINE,C61,6537,second,loss,S09,2538
c61_anchor_followup,BASELINE,C61,6538,first,win,S09,2539
c61_anchor_followup,BASELINE,C61,6539,second,win,S09,2540
c61_anchor_followup,BASELINE,C61,6540,first,loss,S09,2542
c61_anchor_followup,BASELINE,C61,6541,second,win,S09,2541
c61_anchor_followup,BASELINE,C61,6542,first,win,S09,2544
c61_anchor_followup,BASELINE,C61,6543,second,loss,S09,2543
c61_anchor_followup,BASELINE,C61,6544,first,loss,S09,2546
c61_anchor_followup,BASELINE,C61,6545,second,win,S09,2545
c61_anchor_followup,BASELINE,C61,6546,first,loss,S09,2547
c61_anchor_followup,BASELINE,C61,6547,second,win,S09,2548
c61_anchor_followup,BASELINE,C61,6548,first,win,S09,2550
c61_anchor_followup,BASELINE,C61,6549,second,loss,S09,2549
c61_anchor_followup,BASELINE,C61,6550,first,loss,S09,2551
c61_anchor_followup,BASELINE,C61,6551,second,loss,S09,2552
c61_anchor_followup,BASELINE,C61,6552,first,win,S09,2553
c61_anchor_followup,BASELINE,C61,6553,second,win,S09,2554
c61_anchor_followup,BASELINE,C61,6554,first,win,S09,2556
c61_anchor_followup,BASELINE,C61,6555,second,loss,S09,2555
c61_anchor_followup,BASELINE,C61,6556,first,loss,S09,2557
c61_anchor_followup,BASELINE,C61,6557,second,loss,S09,2558
c61_anchor_followup,BASELINE,C61,6558,first,loss,S09,2559
c61_anchor_followup,BASELINE,C61,6559,second,loss,S09,2560
c61_anchor_followup,BASELINE,C61,6560,first,loss,S09,2562
c61_anchor_followup,BASELINE,C61,6561,second,win,S09,2561
c61_anchor_followup,BASELINE,C61,6562,first,win,S09,2564
c61_anchor_followup,BASELINE,C61,6563,second,loss,S09,2563
c61_anchor_followup,BASELINE,C61,6564,first,win,S09,2565
c61_anchor_followup,BASELINE,C61,6565,second,win,S09,2566
c61_anchor_followup,BASELINE,C61,6566,first,loss,S09,2567
c61_anchor_followup,BASELINE,C61,6567,second,loss,S09,2568
c61_anchor_followup,BASELINE,C61,6568,first,loss,S09,2570
c61_anchor_followup,BASELINE,C61,6569,second,win,S09,2569
c61_anchor_followup,BASELINE,C61,6570,first,win,S09,2572
c61_anchor_followup,BASELINE,C61,6571,second,loss,S09,2571
c61_anchor_followup,BASELINE,C61,6572,first,loss,S09,2573
c61_anchor_followup,BASELINE,C61,6573,second,win,S09,2574
c61_anchor_followup,BASELINE,C61,6574,first,loss,S09,2576
c61_anchor_followup,BASELINE,C61,6575,second,win,S09,2575
c61_anchor_followup,BASELINE,C61,6576,first,win,S09,2577
c61_anchor_followup,BASELINE,C61,6577,second,loss,S09,2578
c61_anchor_followup,BASELINE,C61,6578,first,win,S09,2579
c61_anchor_followup,BASELINE,C61,6579,second,loss,S09,2580
c61_anchor_followup,BASELINE,C61,6580,first,loss,S09,2581
c61_anchor_followup,BASELINE,C61,6581,second,loss,S09,2582
c61_anchor_followup,BASELINE,C61,6582,first,loss,S09,2583
c61_anchor_followup,BASELINE,C61,6583,second,loss,S09,2584
c61_anchor_followup,BASELINE,C61,6584,first,loss,S09,2585
c61_anchor_followup,BASELINE,C61,6585,second,loss,S09,2587
c61_anchor_followup,BASELINE,C61,6586,first,loss,S09,2586
c61_anchor_followup,BASELINE,C61,6587,second,loss,S09,2589
c61_anchor_followup,BASELINE,C61,6588,first,loss,S09,2588
c61_anchor_followup,BASELINE,C61,6589,second,win,S09,2590
c61_anchor_followup,BASELINE,C61,6590,first,loss,S09,2591
c61_anchor_followup,BASELINE,C61,6591,second,win,S09,2592
c61_anchor_followup,BASELINE,C61,6592,first,loss,S09,2593
c61_anchor_followup,BASELINE,C61,6593,second,win,S09,2594
c61_anchor_followup,BASELINE,C61,6594,first,loss,S09,2595
c61_anchor_followup,BASELINE,C61,6595,second,loss,S09,2596
c61_anchor_followup,BASELINE,C61,6596,first,win,S09,2597
c61_anchor_followup,BASELINE,C61,6597,second,loss,S09,2598
c61_anchor_followup,BASELINE,C61,6598,first,win,S09,2599
c61_anchor_followup,BASELINE,C61,6599,second,loss,S09,2600
c61_anchor_followup,BASELINE,C61,6600,first,win,S09,2601
c61_anchor_followup,BASELINE,C61,6601,second,loss,S09,2602
c61_anchor_followup,BASELINE,C61,6602,first,loss,S09,2604
c61_anchor_followup,BASELINE,C61,6603,second,loss,S09,2603
c61_anchor_followup,BASELINE,C61,6604,first,loss,S09,2605
c61_anchor_followup,BASELINE,C61,6605,second,win,S09,2606
c61_anchor_followup,BASELINE,C61,6606,first,win,S09,2607
c61_anchor_followup,BASELINE,C61,6607,second,loss,S09,2608
c61_anchor_followup,BASELINE,C61,6608,first,loss,S09,2609
c61_anchor_followup,BASELINE,C61,6609,second,loss,S09,2611
c61_anchor_followup,BASELINE,C61,6610,first,win,S09,2610
c61_anchor_followup,BASELINE,C61,6611,second,win,S09,2612
c61_anchor_followup,BASELINE,C61,6612,first,loss,S09,2613
c61_anchor_followup,BASELINE,C61,6613,second,loss,S09,2614
c61_anchor_followup,BASELINE,C61,6614,first,win,S09,2615
c61_anchor_followup,BASELINE,C61,6615,second,win,S09,2616
c61_anchor_followup,BASELINE,C61,6616,first,win,S09,2617
c61_anchor_followup,BASELINE,C61,6617,second,win,S09,2618
c61_anchor_followup,BASELINE,C61,6618,first,win,S09,2619
c61_anchor_followup,BASELINE,C61,6619,second,loss,S09,2620
c61_anchor_followup,BASELINE,C61,6620,first,win,S09,2621
c61_anchor_followup,BASELINE,C61,6621,second,loss,S09,2624
c61_anchor_followup,BASELINE,C61,6622,first,win,S09,2622
c61_anchor_followup,BASELINE,C61,6623,second,loss,S09,2623
c61_anchor_followup,BASELINE,C61,6624,first,win,S09,2626
c61_anchor_followup,BASELINE,C61,6625,second,loss,S09,2625
c61_anchor_followup,BASELINE,C61,6626,first,loss,S09,2627
c61_anchor_followup,BASELINE,C61,6627,second,win,S09,2628
c61_anchor_followup,BASELINE,C61,6628,first,loss,S09,2630
c61_anchor_followup,BASELINE,C61,6629,second,win,S09,2629
c61_anchor_followup,BASELINE,C61,6630,first,loss,S09,2632
c61_anchor_followup,BASELINE,C61,6631,second,loss,S09,2631
c61_anchor_followup,BASELINE,C61,6632,first,win,S09,2633
c61_anchor_followup,BASELINE,C61,6633,second,loss,S09,2635
c61_anchor_followup,BASELINE,C61,6634,first,loss,S09,2634
c61_anchor_followup,BASELINE,C61,6635,second,loss,S09,2636
c61_anchor_followup,BASELINE,C61,6636,first,loss,S09,2637
c61_anchor_followup,BASELINE,C61,6637,second,loss,S09,2638
c61_anchor_followup,BASELINE,C61,6638,first,win,S09,2639
c61_anchor_followup,BASELINE,C61,6639,second,loss,S09,2640
c61_anchor_followup,BASELINE,C61,6640,first,loss,S09,2641
c61_anchor_followup,BASELINE,C61,6641,second,win,S09,2643
c61_anchor_followup,BASELINE,C61,6642,first,loss,S09,2642
c61_anchor_followup,BASELINE,C61,6643,second,loss,S09,2645
c61_anchor_followup,BASELINE,C61,6644,first,loss,S09,2644
c61_anchor_followup,BASELINE,C61,6645,second,loss,S09,2646
c61_anchor_followup,BASELINE,C61,6646,first,loss,S09,2647
c61_anchor_followup,BASELINE,C61,6647,second,loss,S09,2648
c61_anchor_followup,BASELINE,C61,6648,first,loss,S09,2649
c61_anchor_followup,BASELINE,C61,6649,second,loss,S09,2650
c61_anchor_followup,BASELINE,C61,6650,first,loss,S09,2651
c61_anchor_followup,BASELINE,C61,6651,second,loss,S09,2652
c61_anchor_followup,BASELINE,C61,6652,first,loss,S09,2653
c61_anchor_followup,BASELINE,C61,6653,second,loss,S09,2654
c61_anchor_followup,BASELINE,C61,6654,first,win,S09,2655
c61_anchor_followup,BASELINE,C61,6655,second,win,S09,2656
c61_anchor_followup,BASELINE,C61,6656,first,win,S09,2657
c61_anchor_followup,BASELINE,C61,6657,second,loss,S09,2658
c61_anchor_followup,BASELINE,C61,6658,first,win,S09,2659
c61_anchor_followup,BASELINE,C61,6659,second,loss,S09,2660
c61_anchor_followup,BASELINE,C61,6660,first,win,S09,2662
c61_anchor_followup,BASELINE,C61,6661,second,loss,S09,2661
c61_anchor_followup,BASELINE,C61,6662,first,win,S09,2663
c61_anchor_followup,BASELINE,C61,6663,second,win,S09,2664
c61_anchor_followup,BASELINE,C61,6664,first,win,S09,2665
c61_anchor_followup,BASELINE,C61,6665,second,win,S09,2667
c61_anchor_followup,BASELINE,C61,6666,first,win,S09,2666
c61_anchor_followup,BASELINE,C61,6667,second,loss,S09,2670
c61_anchor_followup,BASELINE,C61,6668,first,win,S09,2668
c61_anchor_followup,BASELINE,C61,6669,second,win,S09,2669
c61_anchor_followup,BASELINE,C61,6670,first,win,S09,2671
c61_anchor_followup,BASELINE,C61,6671,second,loss,S09,2672
c61_anchor_followup,BASELINE,C61,6672,first,loss,S09,2673
c61_anchor_followup,BASELINE,C61,6673,second,loss,S09,2674
c61_anchor_followup,BASELINE,C61,6674,first,win,S09,2676
c61_anchor_followup,BASELINE,C61,6675,second,win,S09,2675
c61_anchor_followup,BASELINE,C61,6676,first,loss,S09,2677
c61_anchor_followup,BASELINE,C61,6677,second,loss,S09,2678
c61_anchor_followup,BASELINE,C61,6678,first,win,S09,2679
c61_anchor_followup,BASELINE,C61,6679,second,win,S09,2680
c61_anchor_followup,BASELINE,C61,6680,first,loss,S09,2681
c61_anchor_followup,BASELINE,C61,6681,second,win,S09,2682
c61_anchor_followup,BASELINE,C61,6682,first,win,S09,2684
c61_anchor_followup,BASELINE,C61,6683,second,win,S09,2683
c61_anchor_followup,BASELINE,C61,6684,first,win,S09,2685
c61_anchor_followup,BASELINE,C61,6685,second,loss,S09,2686
c61_anchor_followup,BASELINE,C61,6686,first,win,S09,2687
c61_anchor_followup,BASELINE,C61,6687,second,win,S09,2688
c61_anchor_followup,BASELINE,C61,6688,first,win,S09,2689
c61_anchor_followup,BASELINE,C61,6689,second,win,S09,2690
c61_anchor_followup,BASELINE,C61,6690,first,loss,S09,2692
c61_anchor_followup,BASELINE,C61,6691,second,loss,S09,2691
c61_anchor_followup,BASELINE,C61,6692,first,loss,S09,2693
c61_anchor_followup,BASELINE,C61,6693,second,loss,S09,2694
c61_anchor_followup,BASELINE,C61,6694,first,win,S09,2695
c61_anchor_followup,BASELINE,C61,6695,second,win,S09,2697
c61_anchor_followup,BASELINE,C61,6696,first,loss,S09,2696
c61_anchor_followup,BASELINE,C61,6697,second,win,S09,2698
c61_anchor_followup,BASELINE,C61,6698,first,loss,S09,2700
c61_anchor_followup,BASELINE,C61,6699,second,loss,S09,2699
c61_anchor_followup,BASELINE,C61,6700,first,loss,S09,2701
c61_anchor_followup,BASELINE,C61,6701,second,win,S09,2702
c61_anchor_followup,BASELINE,C61,6702,first,loss,S09,2703
c61_anchor_followup,BASELINE,C61,6703,second,win,S09,2704
c61_anchor_followup,BASELINE,C61,6704,first,loss,S09,2705
c61_anchor_followup,BASELINE,C61,6705,second,loss,S09,2706
c61_anchor_followup,BASELINE,C61,6706,first,loss,S09,2707
c61_anchor_followup,BASELINE,C61,6707,second,loss,S09,2708
c61_anchor_followup,BASELINE,C61,6708,first,win,S09,2709
c61_anchor_followup,BASELINE,C61,6709,second,loss,S09,2710
c61_anchor_followup,BASELINE,C61,6710,first,loss,S09,2712
c61_anchor_followup,BASELINE,C61,6711,second,loss,S09,2711
c61_anchor_followup,BASELINE,C61,6712,first,win,S09,2714
c61_anchor_followup,BASELINE,C61,6713,second,win,S09,2713
c61_anchor_followup,BASELINE,C61,6714,first,win,S09,2715
c61_anchor_followup,BASELINE,C61,6715,second,loss,S09,2716
c61_anchor_followup,BASELINE,C61,6716,first,win,S09,2717
c61_anchor_followup,BASELINE,C61,6717,second,win,S09,2718
c61_anchor_followup,BASELINE,C61,6718,first,loss,S09,2719
c61_anchor_followup,BASELINE,C61,6719,second,loss,S09,2720
c61_anchor_followup,BASELINE,C61,6720,first,win,S09,2721
c61_anchor_followup,BASELINE,C61,6721,second,win,S09,2722
c61_anchor_followup,BASELINE,C61,6722,first,loss,S09,2723
c61_anchor_followup,BASELINE,C61,6723,second,loss,S09,2724
c61_anchor_followup,BASELINE,C61,6724,first,win,S09,2725
c61_anchor_followup,BASELINE,C61,6725,second,win,S09,2726
c61_anchor_followup,BASELINE,C61,6726,first,win,S09,2727
c61_anchor_followup,BASELINE,C61,6727,second,loss,S09,2728
c61_anchor_followup,BASELINE,C61,6728,first,loss,S09,2729
c61_anchor_followup,BASELINE,C61,6729,second,loss,S09,2730
c61_anchor_followup,BASELINE,C61,6730,first,loss,S09,2731
c61_anchor_followup,BASELINE,C61,6731,second,loss,S09,2732
c61_anchor_followup,BASELINE,C61,6732,first,win,S09,2734
c61_anchor_followup,BASELINE,C61,6733,second,win,S09,2733
c61_anchor_followup,BASELINE,C61,6734,first,loss,S09,2736
c61_anchor_followup,BASELINE,C61,6735,second,loss,S09,2735
c61_anchor_followup,BASELINE,C61,6736,first,loss,S09,2738
c61_anchor_followup,BASELINE,C61,6737,second,win,S09,2737
c61_anchor_followup,BASELINE,C61,6738,first,win,S09,2739
c61_anchor_followup,BASELINE,C61,6739,second,win,S09,2740
c61_anchor_followup,BASELINE,C61,6740,first,loss,S09,2741
c61_anchor_followup,BASELINE,C61,6741,second,win,S09,2742
c61_anchor_followup,BASELINE,C61,6742,first,win,S09,2743
c61_anchor_followup,BASELINE,C61,6743,second,loss,S09,2744
c61_anchor_followup,BASELINE,C61,6744,first,loss,S09,2745
c61_anchor_followup,BASELINE,C61,6745,second,loss,S09,2746
c61_anchor_followup,BASELINE,C61,6746,first,win,S09,2747
c61_anchor_followup,BASELINE,C61,6747,second,loss,S09,2748
c61_anchor_followup,BASELINE,C61,6748,first,win,S09,2749
c61_anchor_followup,BASELINE,C61,6749,second,loss,S09,2750
c61_anchor_followup,BASELINE,C61,6750,first,loss,S09,2752
c61_anchor_followup,BASELINE,C61,6751,second,loss,S09,2751
c61_anchor_followup,BASELINE,C61,6752,first,win,S09,2753
c61_anchor_followup,BASELINE,C61,6753,second,draw,S09,2754
c61_anchor_followup,BASELINE,C61,6754,first,loss,S09,2755
c61_anchor_followup,BASELINE,C61,6755,second,loss,S09,2756
c61_anchor_followup,BASELINE,C61,6756,first,loss,S09,2758
c61_anchor_followup,BASELINE,C61,6757,second,loss,S09,2757
c61_anchor_followup,BASELINE,C61,6758,first,loss,S09,2759
c61_anchor_followup,BASELINE,C61,6759,second,loss,S09,2760
c61_anchor_followup,BASELINE,C61,6760,first,win,S09,2761
c61_anchor_followup,BASELINE,C61,6761,second,win,S09,2762
c61_anchor_followup,BASELINE,C61,6762,first,win,S09,2763
c61_anchor_followup,BASELINE,C61,6763,second,win,S09,2764
c61_anchor_followup,BASELINE,C61,6764,first,win,S09,2765
c61_anchor_followup,BASELINE,C61,6765,second,win,S09,2766
c61_anchor_followup,BASELINE,C61,6766,first,win,S09,2767
c61_anchor_followup,BASELINE,C61,6767,second,win,S09,2768
c61_anchor_followup,BASELINE,C61,6768,first,win,S09,2769
c61_anchor_followup,BASELINE,C61,6769,second,win,S09,2770
c61_anchor_followup,BASELINE,C61,6770,first,win,S09,2771
c61_anchor_followup,BASELINE,C61,6771,second,win,S09,2772
c61_anchor_followup,BASELINE,C61,6772,first,loss,S09,2773
c61_anchor_followup,BASELINE,C61,6773,second,win,S09,2774
c61_anchor_followup,BASELINE,C61,6774,first,loss,S09,2775
c61_anchor_followup,BASELINE,C61,6775,second,loss,S09,2776
c61_anchor_followup,BASELINE,C61,6776,first,loss,S09,2777
c61_anchor_followup,BASELINE,C61,6777,second,loss,S09,2778
c61_anchor_followup,BASELINE,C61,6778,first,loss,S09,2779
c61_anchor_followup,BASELINE,C61,6779,second,loss,S09,2780
c61_anchor_followup,BASELINE,C61,6780,first,win,S09,2781
c61_anchor_followup,BASELINE,C61,6781,second,loss,S09,2782
c61_anchor_followup,BASELINE,C61,6782,first,win,S09,2784
c61_anchor_followup,BASELINE,C61,6783,second,loss,S09,2783
c61_anchor_followup,BASELINE,C61,6784,first,loss,S09,2785
c61_anchor_followup,BASELINE,C61,6785,second,loss,S09,2786
c61_anchor_followup,BASELINE,C61,6786,first,win,S09,2787
c61_anchor_followup,BASELINE,C61,6787,second,loss,S09,2788
c61_anchor_followup,BASELINE,C61,6788,first,loss,S09,2790
c61_anchor_followup,BASELINE,C61,6789,second,win,S09,2789
c61_anchor_followup,BASELINE,C61,6790,first,loss,S09,2792
c61_anchor_followup,BASELINE,C61,6791,second,win,S09,2791
c61_anchor_followup,BASELINE,C61,6792,first,win,S09,2794
c61_anchor_followup,BASELINE,C61,6793,second,win,S09,2793
c61_anchor_followup,BASELINE,C61,6794,first,win,S09,2795
c61_anchor_followup,BASELINE,C61,6795,second,loss,S09,2796
c61_anchor_followup,BASELINE,C61,6796,first,win,S09,2797
c61_anchor_followup,BASELINE,C61,6797,second,win,S09,2798
c61_anchor_followup,BASELINE,C61,6798,first,loss,S09,2799
c61_anchor_followup,BASELINE,C61,6799,second,loss,S09,2800
c61_anchor_followup,BASELINE,C61,6800,first,loss,S09,2801
c61_anchor_followup,BASELINE,C61,6801,second,win,S09,2802
c61_anchor_followup,BASELINE,C61,6802,first,win,S09,2803
c61_anchor_followup,BASELINE,C61,6803,second,loss,S09,2804
c61_anchor_followup,BASELINE,C61,6804,first,loss,S09,2805
c61_anchor_followup,BASELINE,C61,6805,second,loss,S09,2806
c61_anchor_followup,BASELINE,C61,6806,first,win,S09,2807
c61_anchor_followup,BASELINE,C61,6807,second,loss,S09,2808
c61_anchor_followup,BASELINE,C61,6808,first,win,S09,2810
c61_anchor_followup,BASELINE,C61,6809,second,win,S09,2809
c61_anchor_followup,BASELINE,C61,6810,first,win,S09,2812
c61_anchor_followup,BASELINE,C61,6811,second,win,S09,2811
c61_anchor_followup,BASELINE,C61,6812,first,loss,S09,2814
c61_anchor_followup,BASELINE,C61,6813,second,loss,S09,2813
c61_anchor_followup,BASELINE,C61,6814,first,loss,S09,2815
c61_anchor_followup,BASELINE,C61,6815,second,loss,S09,2816
c61_anchor_followup,BASELINE,C61,6816,first,win,S09,2817
c61_anchor_followup,BASELINE,C61,6817,second,win,S09,2818
c61_anchor_followup,BASELINE,C61,6818,first,loss,S09,2819
c61_anchor_followup,BASELINE,C61,6819,second,win,S09,2820
c61_anchor_followup,BASELINE,C61,6820,first,loss,S09,2821
c61_anchor_followup,BASELINE,C61,6821,second,win,S09,2822
c61_anchor_followup,BASELINE,C61,6822,first,win,S09,2823
c61_anchor_followup,BASELINE,C61,6823,second,loss,S09,2824
c61_anchor_followup,BASELINE,C61,6824,first,loss,S09,2825
c61_anchor_followup,BASELINE,C61,6825,second,win,S09,2826
c61_anchor_followup,BASELINE,C61,6826,first,loss,S09,2827
c61_anchor_followup,BASELINE,C61,6827,second,win,S09,2828
c61_anchor_followup,BASELINE,C61,6828,first,win,S09,2829
c61_anchor_followup,BASELINE,C61,6829,second,win,S09,2830
c61_anchor_followup,BASELINE,C61,6830,first,loss,S09,2832
c61_anchor_followup,BASELINE,C61,6831,second,loss,S09,2831
c61_anchor_followup,BASELINE,C61,6832,first,loss,S09,2833
c61_anchor_followup,BASELINE,C61,6833,second,win,S09,2834
c61_anchor_followup,BASELINE,C61,6834,first,loss,S09,2835
c61_anchor_followup,BASELINE,C61,6835,second,loss,S09,2836
c61_anchor_followup,BASELINE,C61,6836,first,loss,S09,2837
c61_anchor_followup,BASELINE,C61,6837,second,win,S09,2838
c61_anchor_followup,BASELINE,C61,6838,first,loss,S09,2839
c61_anchor_followup,BASELINE,C61,6839,second,loss,S09,2840
c61_anchor_followup,BASELINE,C61,6840,first,loss,S09,2841
c61_anchor_followup,BASELINE,C61,6841,second,win,S09,2842
c61_anchor_followup,BASELINE,C61,6842,first,win,S09,2843
c61_anchor_followup,BASELINE,C61,6843,second,loss,S09,2844
c61_anchor_followup,BASELINE,C61,6844,first,loss,S09,2846
c61_anchor_followup,BASELINE,C61,6845,second,loss,S09,2845
c61_anchor_followup,BASELINE,C61,6846,first,loss,S09,2847
c61_anchor_followup,BASELINE,C61,6847,second,win,S09,2848
c61_anchor_followup,BASELINE,C61,6848,first,win,S09,2849
c61_anchor_followup,BASELINE,C61,6849,second,loss,S09,2850
c61_anchor_followup,BASELINE,C61,6850,first,loss,S09,2851
c61_anchor_followup,BASELINE,C61,6851,second,win,S09,2852
c61_anchor_followup,BASELINE,C61,6852,first,loss,S09,2853
c61_anchor_followup,BASELINE,C61,6853,second,loss,S09,2854
c61_anchor_followup,BASELINE,C61,6854,first,win,S09,2855
c61_anchor_followup,BASELINE,C61,6855,second,win,S09,2856
c61_anchor_followup,BASELINE,C61,6856,first,win,S09,2857
c61_anchor_followup,BASELINE,C61,6857,second,win,S09,2858
c61_anchor_followup,BASELINE,C61,6858,first,loss,S09,2860
c61_anchor_followup,BASELINE,C61,6859,second,win,S09,2859
c61_anchor_followup,BASELINE,C61,6860,first,win,S09,2861
c61_anchor_followup,BASELINE,C61,6861,second,loss,S09,2862
c61_anchor_followup,BASELINE,C61,6862,first,win,S09,2863
c61_anchor_followup,BASELINE,C61,6863,second,loss,S09,2864
c61_anchor_followup,BASELINE,C61,6864,first,win,S09,2865
c61_anchor_followup,BASELINE,C61,6865,second,loss,S09,2866
c61_anchor_followup,BASELINE,C61,6866,first,loss,S09,2868
c61_anchor_followup,BASELINE,C61,6867,second,win,S09,2867
c61_anchor_followup,BASELINE,C61,6868,first,loss,S09,2869
c61_anchor_followup,BASELINE,C61,6869,second,loss,S09,2871
c61_anchor_followup,BASELINE,C61,6870,first,loss,S09,2870
c61_anchor_followup,BASELINE,C61,6871,second,win,S09,2874
c61_anchor_followup,BASELINE,C61,6872,first,win,S09,2872
c61_anchor_followup,BASELINE,C61,6873,second,win,S09,2873
c61_anchor_followup,BASELINE,C61,6874,first,loss,S09,2876
c61_anchor_followup,BASELINE,C61,6875,second,loss,S09,2875
c61_anchor_followup,BASELINE,C61,6876,first,loss,S09,2877
c61_anchor_followup,BASELINE,C61,6877,second,win,S09,2879
c61_anchor_followup,BASELINE,C61,6878,first,win,S09,2878
c61_anchor_followup,BASELINE,C61,6879,second,win,S09,2881
c61_anchor_followup,BASELINE,C61,6880,first,loss,S09,2880
c61_anchor_followup,BASELINE,C61,6881,second,win,S09,2883
c61_anchor_followup,BASELINE,C61,6882,first,win,S09,2882
c61_anchor_followup,BASELINE,C61,6883,second,win,S09,2884
c61_anchor_followup,BASELINE,C61,6884,first,loss,S09,2885
c61_anchor_followup,BASELINE,C61,6885,second,loss,S09,2886
c61_anchor_followup,BASELINE,C61,6886,first,win,S09,2887
c61_anchor_followup,BASELINE,C61,6887,second,loss,S09,2888
c61_anchor_followup,BASELINE,C61,6888,first,loss,S09,2889
c61_anchor_followup,BASELINE,C61,6889,second,loss,S09,2890
c61_anchor_followup,BASELINE,C61,6890,first,loss,S09,2891
c61_anchor_followup,BASELINE,C61,6891,second,loss,S09,2893
c61_anchor_followup,BASELINE,C61,6892,first,loss,S09,2892
c61_anchor_followup,BASELINE,C61,6893,second,loss,S09,2895
c61_anchor_followup,BASELINE,C61,6894,first,win,S09,2894
c61_anchor_followup,BASELINE,C61,6895,second,loss,S09,2896
c61_anchor_followup,BASELINE,C61,6896,first,win,S09,2897
c61_anchor_followup,BASELINE,C61,6897,second,loss,S09,2898
c61_anchor_followup,BASELINE,C61,6898,first,win,S09,2899
c61_anchor_followup,BASELINE,C61,6899,second,loss,S09,2901
c61_anchor_followup,BASELINE,C61,6900,first,win,S09,2900
c61_anchor_followup,BASELINE,C61,6901,second,win,S09,2902
c61_anchor_followup,BASELINE,C61,6902,first,loss,S09,2903
c61_anchor_followup,BASELINE,C61,6903,second,loss,S09,2904
c61_anchor_followup,BASELINE,C61,6904,first,loss,S09,2905
c61_anchor_followup,BASELINE,C61,6905,second,loss,S09,2907
c61_anchor_followup,BASELINE,C61,6906,first,win,S09,2906
c61_anchor_followup,BASELINE,C61,6907,second,loss,S09,2908
c61_anchor_followup,BASELINE,C61,6908,first,loss,S09,2909
c61_anchor_followup,BASELINE,C61,6909,second,loss,S09,2910
c61_anchor_followup,BASELINE,C61,6910,first,loss,S09,2911
c61_anchor_followup,BASELINE,C61,6911,second,loss,S09,2912
c61_anchor_followup,BASELINE,C61,6912,first,win,S09,2913
c61_anchor_followup,BASELINE,C61,6913,second,win,S09,2914
c61_anchor_followup,BASELINE,C61,6914,first,loss,S09,2916
c61_anchor_followup,BASELINE,C61,6915,second,loss,S09,2915
c61_anchor_followup,BASELINE,C61,6916,first,win,S09,2917
c61_anchor_followup,BASELINE,C61,6917,second,loss,S09,2919
c61_anchor_followup,BASELINE,C61,6918,first,win,S09,2918
c61_anchor_followup,BASELINE,C61,6919,second,win,S09,2921
c61_anchor_followup,BASELINE,C61,6920,first,win,S09,2920
c61_anchor_followup,BASELINE,C61,6921,second,loss,S09,2922
c61_anchor_followup,BASELINE,C61,6922,first,win,S09,2923
c61_anchor_followup,BASELINE,C61,6923,second,loss,S09,2924
c61_anchor_followup,BASELINE,C61,6924,first,win,S09,2925
c61_anchor_followup,BASELINE,C61,6925,second,loss,S09,2926
c61_anchor_followup,BASELINE,C61,6926,first,win,S09,2927
c61_anchor_followup,BASELINE,C61,6927,second,loss,S09,2928
c61_anchor_followup,BASELINE,C61,6928,first,loss,S09,2929
c61_anchor_followup,BASELINE,C61,6929,second,loss,S09,2930
c61_anchor_followup,BASELINE,C61,6930,first,win,S09,2931
c61_anchor_followup,BASELINE,C61,6931,second,loss,S09,2932
c61_anchor_followup,BASELINE,C61,6932,first,loss,S09,2933
c61_anchor_followup,BASELINE,C61,6933,second,loss,S09,2934
c61_anchor_followup,BASELINE,C61,6934,first,win,S09,2935
c61_anchor_followup,BASELINE,C61,6935,second,loss,S09,2936
c61_anchor_followup,BASELINE,C61,6936,first,loss,S09,2937
c61_anchor_followup,BASELINE,C61,6937,second,loss,S09,2939
c61_anchor_followup,BASELINE,C61,6938,first,win,S09,2938
c61_anchor_followup,BASELINE,C61,6939,second,win,S09,2941
c61_anchor_followup,BASELINE,C61,6940,first,win,S09,2940
c61_anchor_followup,BASELINE,C61,6941,second,loss,S09,2942
c61_anchor_followup,BASELINE,C61,6942,first,loss,S09,2943
c61_anchor_followup,BASELINE,C61,6943,second,loss,S09,2944
c61_anchor_followup,BASELINE,C61,6944,first,loss,S09,2945
c61_anchor_followup,BASELINE,C61,6945,second,loss,S09,2946
c61_anchor_followup,BASELINE,C61,6946,first,loss,S09,2947
c61_anchor_followup,BASELINE,C61,6947,second,win,S09,2948
c61_anchor_followup,BASELINE,C61,6948,first,win,S09,2950
c61_anchor_followup,BASELINE,C61,6949,second,win,S09,2949
c61_anchor_followup,BASELINE,C61,6950,first,loss,S09,2952
c61_anchor_followup,BASELINE,C61,6951,second,win,S09,2951
c61_anchor_followup,BASELINE,C61,6952,first,win,S09,2954
c61_anchor_followup,BASELINE,C61,6953,second,win,S09,2953
c61_anchor_followup,BASELINE,C61,6954,first,win,S09,2955
c61_anchor_followup,BASELINE,C61,6955,second,loss,S09,2956
c61_anchor_followup,BASELINE,C61,6956,first,loss,S09,2957
c61_anchor_followup,BASELINE,C61,6957,second,loss,S09,2958
c61_anchor_followup,BASELINE,C61,6958,first,loss,S09,2959
c61_anchor_followup,BASELINE,C61,6959,second,win,S09,2961
c61_anchor_followup,BASELINE,C61,6960,first,win,S09,2960
c61_anchor_followup,BASELINE,C61,6961,second,loss,S09,2962
c61_anchor_followup,BASELINE,C61,6962,first,win,S09,2963
c61_anchor_followup,BASELINE,C61,6963,second,loss,S09,2964
c61_anchor_followup,BASELINE,C61,6964,first,loss,S09,2965
c61_anchor_followup,BASELINE,C61,6965,second,loss,S09,2966
c61_anchor_followup,BASELINE,C61,6966,first,loss,S09,2967
c61_anchor_followup,BASELINE,C61,6967,second,loss,S09,2968
c61_anchor_followup,BASELINE,C61,6968,first,win,S09,2969
c61_anchor_followup,BASELINE,C61,6969,second,loss,S09,2971
c61_anchor_followup,BASELINE,C61,6970,first,win,S09,2970
c61_anchor_followup,BASELINE,C61,6971,second,win,S09,2973
c61_anchor_followup,BASELINE,C61,6972,first,win,S09,2972
c61_anchor_followup,BASELINE,C61,6973,second,win,S09,2974
c61_anchor_followup,BASELINE,C61,6974,first,win,S09,2975
c61_anchor_followup,BASELINE,C61,6975,second,loss,S09,2976
c61_anchor_followup,BASELINE,C61,6976,first,loss,S09,2977
c61_anchor_followup,BASELINE,C61,6977,second,win,S09,2978
c61_anchor_followup,BASELINE,C61,6978,first,win,S09,2979
c61_anchor_followup,BASELINE,C61,6979,second,loss,S09,2980
c61_anchor_followup,BASELINE,C61,6980,first,loss,S09,2981
c61_anchor_followup,BASELINE,C61,6981,second,win,S09,2982
c61_anchor_followup,BASELINE,C61,6982,first,win,S09,2983
c61_anchor_followup,BASELINE,C61,6983,second,loss,S09,2984
c61_anchor_followup,BASELINE,C61,6984,first,loss,S09,2985
c61_anchor_followup,BASELINE,C61,6985,second,win,S09,2986
c61_anchor_followup,BASELINE,C61,6986,first,loss,S09,2987
c61_anchor_followup,BASELINE,C61,6987,second,loss,S09,2989
c61_anchor_followup,BASELINE,C61,6988,first,win,S09,2988
c61_anchor_followup,BASELINE,C61,6989,second,loss,S09,2990
c61_anchor_followup,BASELINE,C61,6990,first,win,S09,2991
c61_anchor_followup,BASELINE,C61,6991,second,loss,S09,2992
c61_anchor_followup,BASELINE,C61,6992,first,loss,S09,2993
c61_anchor_followup,BASELINE,C61,6993,second,loss,S09,2994
c61_anchor_followup,BASELINE,C61,6994,first,win,S09,2995
c61_anchor_followup,BASELINE,C61,6995,second,loss,S09,2996
c61_anchor_followup,BASELINE,C61,6996,first,loss,S09,2997
c61_anchor_followup,BASELINE,C61,6997,second,win,S09,2998
c61_anchor_followup,BASELINE,C61,6998,first,win,S09,2999
c61_anchor_followup,BASELINE,C61,6999,second,win,S09,3000
c61_anchor_followup,BASELINE,C61,7000,first,loss,S09,3001
c61_anchor_followup,BASELINE,C61,7001,second,loss,S09,3002
c61_anchor_followup,BASELINE,C61,7002,first,loss,S09,3003
c61_anchor_followup,BASELINE,C61,7003,second,loss,S09,3004
c61_anchor_followup,BASELINE,C61,7004,first,win,S09,3005
c61_anchor_followup,BASELINE,C61,7005,second,win,S09,3006
c61_anchor_followup,BASELINE,C61,7006,first,loss,S09,3008
c61_anchor_followup,BASELINE,C61,7007,second,win,S09,3007
c61_anchor_followup,BASELINE,C61,7008,first,win,S09,3009
c61_anchor_followup,BASELINE,C61,7009,second,win,S09,3010
c61_anchor_followup,BASELINE,C61,7010,first,loss,S09,3011
c61_anchor_followup,BASELINE,C61,7011,second,loss,S09,3012
c61_anchor_followup,BASELINE,C61,7012,first,loss,S09,3013
c61_anchor_followup,BASELINE,C61,7013,second,loss,S09,3015
c61_anchor_followup,BASELINE,C61,7014,first,win,S09,3014
c61_anchor_followup,BASELINE,C61,7015,second,loss,S09,3017
c61_anchor_followup,BASELINE,C61,7016,first,loss,S09,3016
c61_anchor_followup,BASELINE,C61,7017,second,win,S09,3018
c61_anchor_followup,BASELINE,C61,7018,first,loss,S09,3020
c61_anchor_followup,BASELINE,C61,7019,second,loss,S09,3019
c61_anchor_followup,BASELINE,C61,7020,first,win,S09,3021
c61_anchor_followup,BASELINE,C61,7021,second,win,S09,3023
c61_anchor_followup,BASELINE,C61,7022,first,loss,S09,3022
c61_anchor_followup,BASELINE,C61,7023,second,win,S09,3024
c61_anchor_followup,BASELINE,C61,7024,first,win,S09,3025
c61_anchor_followup,BASELINE,C61,7025,second,loss,S09,3026
c61_anchor_followup,BASELINE,C61,7026,first,draw,S09,3027
c61_anchor_followup,BASELINE,C61,7027,second,win,S09,3028
c61_anchor_followup,BASELINE,C61,7028,first,win,S09,3029
c61_anchor_followup,BASELINE,C61,7029,second,loss,S09,3030
c61_anchor_followup,BASELINE,C61,7030,first,win,S09,3031
c61_anchor_followup,BASELINE,C61,7031,second,win,S09,3032
c61_anchor_followup,BASELINE,C61,7032,first,loss,S09,3033
c61_anchor_followup,BASELINE,C61,7033,second,win,S09,3034
c61_anchor_followup,BASELINE,C61,7034,first,loss,S09,3035
c61_anchor_followup,BASELINE,C61,7035,second,win,S09,3036
c61_anchor_followup,BASELINE,C61,7036,first,win,S09,3037
c61_anchor_followup,BASELINE,C61,7037,second,loss,S09,3038
c61_anchor_followup,BASELINE,C61,7038,first,win,S09,3039
c61_anchor_followup,BASELINE,C61,7039,second,loss,S09,3040
c61_anchor_followup,BASELINE,C61,7040,first,win,S09,3041
c61_anchor_followup,BASELINE,C61,7041,second,win,S09,3043
c61_anchor_followup,BASELINE,C61,7042,first,win,S09,3042
c61_anchor_followup,BASELINE,C61,7043,second,win,S09,3044
c61_anchor_followup,BASELINE,C61,7044,first,loss,S09,3045
c61_anchor_followup,BASELINE,C61,7045,second,loss,S09,3046
c61_anchor_followup,BASELINE,C61,7046,first,loss,S09,3047
c61_anchor_followup,BASELINE,C61,7047,second,loss,S09,3048
c61_anchor_followup,BASELINE,C61,7048,first,loss,S09,3050
c61_anchor_followup,BASELINE,C61,7049,second,win,S09,3049
c61_anchor_followup,BASELINE,C61,7050,first,loss,S09,3051
c61_anchor_followup,BASELINE,C61,7051,second,loss,S09,3053
c61_anchor_followup,BASELINE,C61,7052,first,win,S09,3052
c61_anchor_followup,BASELINE,C61,7053,second,loss,S09,3055
c61_anchor_followup,BASELINE,C61,7054,first,win,S09,3054
c61_anchor_followup,BASELINE,C61,7055,second,loss,S09,3057
c61_anchor_followup,BASELINE,C61,7056,first,loss,S09,3056
c61_anchor_followup,BASELINE,C61,7057,second,win,S09,3058
c61_anchor_followup,BASELINE,C61,7058,first,loss,S09,3059
c61_anchor_followup,BASELINE,C61,7059,second,loss,S09,3060
c61_anchor_followup,BASELINE,C61,7060,first,loss,S09,3061
c61_anchor_followup,BASELINE,C61,7061,second,win,S09,3062
c61_anchor_followup,BASELINE,C61,7062,first,win,S09,3063
c61_anchor_followup,BASELINE,C61,7063,second,loss,S09,3064
c61_anchor_followup,BASELINE,C61,7064,first,loss,S09,3065
c61_anchor_followup,BASELINE,C61,7065,second,loss,S09,3067
c61_anchor_followup,BASELINE,C61,7066,first,win,S09,3066
c61_anchor_followup,BASELINE,C61,7067,second,loss,S09,3068
c61_anchor_followup,BASELINE,C61,7068,first,loss,S09,3070
c61_anchor_followup,BASELINE,C61,7069,second,loss,S09,3069
c61_anchor_followup,BASELINE,C61,7070,first,loss,S09,3072
c61_anchor_followup,BASELINE,C61,7071,second,loss,S09,3071
c61_anchor_followup,BASELINE,C61,7072,first,win,S09,3074
c61_anchor_followup,BASELINE,C61,7073,second,loss,S09,3073
c61_anchor_followup,BASELINE,C61,7074,first,loss,S09,3076
c61_anchor_followup,BASELINE,C61,7075,second,win,S09,3075
c61_anchor_followup,BASELINE,C61,7076,first,win,S09,3078
c61_anchor_followup,BASELINE,C61,7077,second,win,S09,3077
c61_anchor_followup,BASELINE,C61,7078,first,win,S09,3079
c61_anchor_followup,BASELINE,C61,7079,second,loss,S09,3080
c61_anchor_followup,BASELINE,C61,7080,first,loss,S09,3082
c61_anchor_followup,BASELINE,C61,7081,second,loss,S09,3081
c61_anchor_followup,BASELINE,C61,7082,first,loss,S09,3084
c61_anchor_followup,BASELINE,C61,7083,second,win,S09,3083
c61_anchor_followup,BASELINE,C61,7084,first,loss,S09,3086
c61_anchor_followup,BASELINE,C61,7085,second,loss,S09,3085
c61_anchor_followup,BASELINE,C61,7086,first,win,S09,3087
c61_anchor_followup,BASELINE,C61,7087,second,loss,S09,3088
c61_anchor_followup,BASELINE,C61,7088,first,loss,S09,3089
c61_anchor_followup,BASELINE,C61,7089,second,loss,S09,3090
c61_anchor_followup,BASELINE,C61,7090,first,win,S09,3091
c61_anchor_followup,BASELINE,C61,7091,second,loss,S09,3092
c61_anchor_followup,BASELINE,C61,7092,first,loss,S09,3093
c61_anchor_followup,BASELINE,C61,7093,second,win,S09,3094
c61_anchor_followup,BASELINE,C61,7094,first,win,S09,3095
c61_anchor_followup,BASELINE,C61,7095,second,win,S09,3096
c61_anchor_followup,BASELINE,C61,7096,first,loss,S09,3098
c61_anchor_followup,BASELINE,C61,7097,second,win,S09,3097
c61_anchor_followup,BASELINE,C61,7098,first,loss,S09,3099
c61_anchor_followup,BASELINE,C61,7099,second,win,S09,3100
c61_anchor_followup,BASELINE,C61,7100,first,win,S09,3101
c61_anchor_followup,BASELINE,C61,7101,second,loss,S09,3102
c61_anchor_followup,BASELINE,C61,7102,first,win,S09,3104
c61_anchor_followup,BASELINE,C61,7103,second,loss,S09,3103
c61_anchor_followup,BASELINE,C61,7104,first,loss,S09,3106
c61_anchor_followup,BASELINE,C61,7105,second,loss,S09,3105
c61_anchor_followup,BASELINE,C61,7106,first,loss,S09,3107
c61_anchor_followup,BASELINE,C61,7107,second,loss,S09,3108
c61_anchor_followup,BASELINE,C61,7108,first,win,S09,3109
c61_anchor_followup,BASELINE,C61,7109,second,loss,S09,3111
c61_anchor_followup,BASELINE,C61,7110,first,loss,S09,3110
c61_anchor_followup,BASELINE,C61,7111,second,win,S09,3113
c61_anchor_followup,BASELINE,C61,7112,first,win,S09,3112
c61_anchor_followup,BASELINE,C61,7113,second,loss,S09,3115
c61_anchor_followup,BASELINE,C61,7114,first,win,S09,3114
c61_anchor_followup,BASELINE,C61,7115,second,win,S09,3116
c61_anchor_followup,BASELINE,C61,7116,first,win,S09,3117
c61_anchor_followup,BASELINE,C61,7117,second,loss,S09,3118
c61_anchor_followup,BASELINE,C61,7118,first,win,S09,3119
c61_anchor_followup,BASELINE,C61,7119,second,win,S09,3120
c61_anchor_followup,BASELINE,C61,7120,first,win,S09,3122
c61_anchor_followup,BASELINE,C61,7121,second,win,S09,3121
c61_anchor_followup,BASELINE,C61,7122,first,loss,S09,3123
c61_anchor_followup,BASELINE,C61,7123,second,loss,S09,3124
c61_anchor_followup,BASELINE,C61,7124,first,win,S09,3125
c61_anchor_followup,BASELINE,C61,7125,second,win,S09,3126
c61_anchor_followup,BASELINE,C61,7126,first,loss,S09,3128
c61_anchor_followup,BASELINE,C61,7127,second,loss,S09,3127
c61_anchor_followup,BASELINE,C61,7128,first,loss,S09,3129
c61_anchor_followup,BASELINE,C61,7129,second,win,S09,3130
c61_anchor_followup,BASELINE,C61,7130,first,loss,S09,3131
c61_anchor_followup,BASELINE,C61,7131,second,loss,S09,3132
c61_anchor_followup,BASELINE,C61,7132,first,loss,S09,3133
c61_anchor_followup,BASELINE,C61,7133,second,win,S09,3134
c61_anchor_followup,BASELINE,C61,7134,first,loss,S09,3135
c61_anchor_followup,BASELINE,C61,7135,second,loss,S09,3137
c61_anchor_followup,BASELINE,C61,7136,first,loss,S09,3136
c61_anchor_followup,BASELINE,C61,7137,second,loss,S09,3139
c61_anchor_followup,BASELINE,C61,7138,first,loss,S09,3138
c61_anchor_followup,BASELINE,C61,7139,second,win,S09,3140
c61_anchor_followup,BASELINE,C61,7140,first,loss,S09,3142
c61_anchor_followup,BASELINE,C61,7141,second,win,S09,3141
c61_anchor_followup,BASELINE,C61,7142,first,win,S09,3143
c61_anchor_followup,BASELINE,C61,7143,second,loss,S09,3144
c61_anchor_followup,BASELINE,C61,7144,first,loss,S09,3145
c61_anchor_followup,BASELINE,C61,7145,second,win,S09,3146
c61_anchor_followup,BASELINE,C61,7146,first,win,S09,3147
c61_anchor_followup,BASELINE,C61,7147,second,win,S09,3148
c61_anchor_followup,BASELINE,C61,7148,first,loss,S09,3149
c61_anchor_followup,BASELINE,C61,7149,second,win,S09,3150
c61_anchor_followup,BASELINE,C61,7150,first,loss,S09,3151
c61_anchor_followup,BASELINE,C61,7151,second,win,S09,3152
c61_anchor_followup,BASELINE,C61,7152,first,win,S09,3153
c61_anchor_followup,BASELINE,C61,7153,second,win,S09,3154
c61_anchor_followup,BASELINE,C61,7154,first,loss,S09,3156
c61_anchor_followup,BASELINE,C61,7155,second,win,S09,3155
c61_anchor_followup,BASELINE,C61,7156,first,loss,S09,3157
c61_anchor_followup,BASELINE,C61,7157,second,win,S09,3158
c61_anchor_followup,BASELINE,C61,7158,first,loss,S09,3159
c61_anchor_followup,BASELINE,C61,7159,second,loss,S09,3160
c61_anchor_followup,BASELINE,C61,7160,first,win,S09,3161
c61_anchor_followup,BASELINE,C61,7161,second,loss,S09,3162
c61_anchor_followup,BASELINE,C61,7162,first,win,S09,3163
c61_anchor_followup,BASELINE,C61,7163,second,loss,S09,3164
c61_anchor_followup,BASELINE,C61,7164,first,loss,S09,3165
c61_anchor_followup,BASELINE,C61,7165,second,loss,S09,3167
c61_anchor_followup,BASELINE,C61,7166,first,win,S09,3166
c61_anchor_followup,BASELINE,C61,7167,second,win,S09,3168
c61_anchor_followup,BASELINE,C61,7168,first,win,S09,3169
c61_anchor_followup,BASELINE,C61,7169,second,loss,S09,3171
c61_anchor_followup,BASELINE,C61,7170,first,loss,S09,3170
c61_anchor_followup,BASELINE,C61,7171,second,loss,S09,3174
c61_anchor_followup,BASELINE,C61,7172,first,loss,S09,3172
c61_anchor_followup,BASELINE,C61,7173,second,loss,S09,3173
c61_anchor_followup,BASELINE,C61,7174,first,win,S09,3175
c61_anchor_followup,BASELINE,C61,7175,second,win,S09,3176
c61_anchor_followup,BASELINE,C61,7176,first,loss,S09,3177
c61_anchor_followup,BASELINE,C61,7177,second,loss,S09,3178
c61_anchor_followup,BASELINE,C61,7178,first,loss,S09,3179
c61_anchor_followup,BASELINE,C61,7179,second,loss,S09,3180
c61_anchor_followup,BASELINE,C61,7180,first,loss,S09,3181
c61_anchor_followup,BASELINE,C61,7181,second,loss,S09,3182
c61_anchor_followup,BASELINE,C61,7182,first,loss,S09,3183
c61_anchor_followup,BASELINE,C61,7183,second,win,S09,3184
c61_anchor_followup,BASELINE,C61,7184,first,loss,S09,3185
c61_anchor_followup,BASELINE,C61,7185,second,loss,S09,3186
c61_anchor_followup,BASELINE,C61,7186,first,win,S09,3187
c61_anchor_followup,BASELINE,C61,7187,second,loss,S09,3189
c61_anchor_followup,BASELINE,C61,7188,first,win,S09,3188
c61_anchor_followup,BASELINE,C61,7189,second,loss,S09,3190
c61_anchor_followup,BASELINE,C61,7190,first,loss,S09,3191
c61_anchor_followup,BASELINE,C61,7191,second,win,S09,3193
c61_anchor_followup,BASELINE,C61,7192,first,win,S09,3192
c61_anchor_followup,BASELINE,C61,7193,second,win,S09,3195
c61_anchor_followup,BASELINE,C61,7194,first,win,S09,3194
c61_anchor_followup,BASELINE,C61,7195,second,loss,S09,3196
c61_anchor_followup,BASELINE,C61,7196,first,loss,S09,3197
c61_anchor_followup,BASELINE,C61,7197,second,loss,S09,3199
c61_anchor_followup,BASELINE,C61,7198,first,win,S09,3198
c61_anchor_followup,BASELINE,C61,7199,second,win,S09,3200
c61_anchor_followup,BASELINE,C61,7200,first,win,S09,3201
c61_anchor_followup,BASELINE,C61,7201,second,win,S09,3202
c61_anchor_followup,BASELINE,C61,7202,first,win,S09,3203
c61_anchor_followup,BASELINE,C61,7203,second,win,S09,3204
c61_anchor_followup,BASELINE,C61,7204,first,win,S09,3205
c61_anchor_followup,BASELINE,C61,7205,second,win,S09,3206
c61_anchor_followup,BASELINE,C61,7206,first,win,S09,3207
c61_anchor_followup,BASELINE,C61,7207,second,loss,S09,3208
c61_anchor_followup,BASELINE,C61,7208,first,loss,S09,3209
c61_anchor_followup,BASELINE,C61,7209,second,loss,S09,3211
c61_anchor_followup,BASELINE,C61,7210,first,win,S09,3210
c61_anchor_followup,BASELINE,C61,7211,second,loss,S09,3213
c61_anchor_followup,BASELINE,C61,7212,first,loss,S09,3212
c61_anchor_followup,BASELINE,C61,7213,second,win,S09,3214
c61_anchor_followup,BASELINE,C61,7214,first,loss,S09,3215
c61_anchor_followup,BASELINE,C61,7215,second,loss,S09,3216
c61_anchor_followup,BASELINE,C61,7216,first,loss,S09,3217
c61_anchor_followup,BASELINE,C61,7217,second,loss,S09,3218
c61_anchor_followup,BASELINE,C61,7218,first,win,S09,3220
c61_anchor_followup,BASELINE,C61,7219,second,loss,S09,3219
c61_anchor_followup,BASELINE,C61,7220,first,loss,S09,3221
c61_anchor_followup,BASELINE,C61,7221,second,loss,S09,3222
c61_anchor_followup,BASELINE,C61,7222,first,loss,S09,3223
c61_anchor_followup,BASELINE,C61,7223,second,loss,S09,3224
c61_anchor_followup,BASELINE,C61,7224,first,win,S09,3225
c61_anchor_followup,BASELINE,C61,7225,second,win,S09,3226
c61_anchor_followup,BASELINE,C61,7226,first,loss,S09,3227
c61_anchor_followup,BASELINE,C61,7227,second,win,S09,3228
c61_anchor_followup,BASELINE,C61,7228,first,loss,S09,3229
c61_anchor_followup,BASELINE,C61,7229,second,loss,S09,3230
c61_anchor_followup,BASELINE,C61,7230,first,loss,S09,3231
c61_anchor_followup,BASELINE,C61,7231,second,win,S09,3233
c61_anchor_followup,BASELINE,C61,7232,first,win,S09,3232
c61_anchor_followup,BASELINE,C61,7233,second,loss,S09,3234
c61_anchor_followup,BASELINE,C61,7234,first,win,S09,3235
c61_anchor_followup,BASELINE,C61,7235,second,loss,S09,3236
c61_anchor_followup,BASELINE,C61,7236,first,loss,S09,3237
c61_anchor_followup,BASELINE,C61,7237,second,loss,S09,3238
c61_anchor_followup,BASELINE,C61,7238,first,loss,S09,3239
c61_anchor_followup,BASELINE,C61,7239,second,loss,S09,3240
c61_anchor_followup,BASELINE,C61,7240,first,win,S09,3241
c61_anchor_followup,BASELINE,C61,7241,second,win,S09,3243
c61_anchor_followup,BASELINE,C61,7242,first,loss,S09,3242
c61_anchor_followup,BASELINE,C61,7243,second,loss,S09,3244
c61_anchor_followup,BASELINE,C61,7244,first,loss,S09,3246
c61_anchor_followup,BASELINE,C61,7245,second,loss,S09,3245
c61_anchor_followup,BASELINE,C61,7246,first,win,S09,3247
c61_anchor_followup,BASELINE,C61,7247,second,win,S09,3248
c61_anchor_followup,BASELINE,C61,7248,first,loss,S09,3249
c61_anchor_followup,BASELINE,C61,7249,second,win,S09,3251
c61_anchor_followup,BASELINE,C61,7250,first,win,S09,3250
c61_anchor_followup,BASELINE,C61,7251,second,win,S09,3252
c61_anchor_followup,BASELINE,C61,7252,first,loss,S09,3253
c61_anchor_followup,BASELINE,C61,7253,second,win,S09,3254
c61_anchor_followup,BASELINE,C61,7254,first,win,S09,3256
c61_anchor_followup,BASELINE,C61,7255,second,loss,S09,3255
c61_anchor_followup,BASELINE,C61,7256,first,loss,S09,3258
c61_anchor_followup,BASELINE,C61,7257,second,win,S09,3257
c61_anchor_followup,BASELINE,C61,7258,first,win,S09,3260
c61_anchor_followup,BASELINE,C61,7259,second,win,S09,3259
c61_anchor_followup,BASELINE,C61,7260,first,loss,S09,3261
c61_anchor_followup,BASELINE,C61,7261,second,draw,S09,3262
c61_anchor_followup,BASELINE,C61,7262,first,win,S09,3263
c61_anchor_followup,BASELINE,C61,7263,second,loss,S09,3264
c61_anchor_followup,BASELINE,C61,7264,first,loss,S09,3265
c61_anchor_followup,BASELINE,C61,7265,second,loss,S09,3267
c61_anchor_followup,BASELINE,C61,7266,first,loss,S09,3266
c61_anchor_followup,BASELINE,C61,7267,second,win,S09,3269
c61_anchor_followup,BASELINE,C61,7268,first,win,S09,3268
c61_anchor_followup,BASELINE,C61,7269,second,loss,S09,3270
c61_anchor_followup,BASELINE,C61,7270,first,loss,S09,3271
c61_anchor_followup,BASELINE,C61,7271,second,loss,S09,3272
c61_anchor_followup,BASELINE,C61,7272,first,loss,S09,3273
c61_anchor_followup,BASELINE,C61,7273,second,loss,S09,3274
c61_anchor_followup,BASELINE,C61,7274,first,win,S09,3275
c61_anchor_followup,BASELINE,C61,7275,second,loss,S09,3276
c61_anchor_followup,BASELINE,C61,7276,first,loss,S09,3277
c61_anchor_followup,BASELINE,C61,7277,second,loss,S09,3278
c61_anchor_followup,BASELINE,C61,7278,first,win,S09,3279
c61_anchor_followup,BASELINE,C61,7279,second,loss,S09,3280
c61_anchor_followup,BASELINE,C61,7280,first,loss,S09,3281
c61_anchor_followup,BASELINE,C61,7281,second,loss,S09,3282
c61_anchor_followup,BASELINE,C61,7282,first,loss,S09,3283
c61_anchor_followup,BASELINE,C61,7283,second,loss,S09,3284
c61_anchor_followup,BASELINE,C61,7284,first,loss,S09,3285
c61_anchor_followup,BASELINE,C61,7285,second,loss,S09,3286
c61_anchor_followup,BASELINE,C61,7286,first,loss,S09,3287
c61_anchor_followup,BASELINE,C61,7287,second,loss,S09,3288
c61_anchor_followup,BASELINE,C61,7288,first,loss,S09,3289
c61_anchor_followup,BASELINE,C61,7289,second,loss,S09,3290
c61_anchor_followup,BASELINE,C61,7290,first,win,S09,3292
c61_anchor_followup,BASELINE,C61,7291,second,win,S09,3291
c61_anchor_followup,BASELINE,C61,7292,first,loss,S09,3293
c61_anchor_followup,BASELINE,C61,7293,second,loss,S09,3294
c61_anchor_followup,BASELINE,C61,7294,first,loss,S09,3295
c61_anchor_followup,BASELINE,C61,7295,second,win,S09,3296
c61_anchor_followup,BASELINE,C61,7296,first,loss,S09,3297
c61_anchor_followup,BASELINE,C61,7297,second,loss,S09,3298
c61_anchor_followup,BASELINE,C61,7298,first,loss,S09,3301
c61_anchor_followup,BASELINE,C61,7299,second,win,S09,3299
c61_anchor_followup,BASELINE,C61,7300,first,win,S09,3300
c61_anchor_followup,BASELINE,C61,7301,second,loss,S09,3303
c61_anchor_followup,BASELINE,C61,7302,first,loss,S09,3302
c61_anchor_followup,BASELINE,C61,7303,second,win,S09,3306
c61_anchor_followup,BASELINE,C61,7304,first,win,S09,3304
c61_anchor_followup,BASELINE,C61,7305,second,win,S09,3305
c61_anchor_followup,BASELINE,C61,7306,first,loss,S09,3308
c61_anchor_followup,BASELINE,C61,7307,second,win,S09,3307
c61_anchor_followup,BASELINE,C61,7308,first,loss,S09,3310
c61_anchor_followup,BASELINE,C61,7309,second,loss,S09,3309
c61_anchor_followup,BASELINE,C61,7310,first,win,S09,3311
c61_anchor_followup,BASELINE,C61,7311,second,loss,S09,3312
c61_anchor_followup,BASELINE,C61,7312,first,win,S09,3314
c61_anchor_followup,BASELINE,C61,7313,second,loss,S09,3313
c61_anchor_followup,BASELINE,C61,7314,first,loss,S09,3316
c61_anchor_followup,BASELINE,C61,7315,second,loss,S09,3315
c61_anchor_followup,BASELINE,C61,7316,first,win,S09,3317
c61_anchor_followup,BASELINE,C61,7317,second,loss,S09,3318
c61_anchor_followup,BASELINE,C61,7318,first,loss,S09,3321
c61_anchor_followup,BASELINE,C61,7319,second,loss,S09,3319
c61_anchor_followup,BASELINE,C61,7320,first,win,S09,3320
c61_anchor_followup,BASELINE,C61,7321,second,win,S09,3322
c61_anchor_followup,BASELINE,C61,7322,first,loss,S09,3324
c61_anchor_followup,BASELINE,C61,7323,second,loss,S09,3323
c61_anchor_followup,BASELINE,C61,7324,first,loss,S09,3325
c61_anchor_followup,BASELINE,C61,7325,second,loss,S09,3326
c61_anchor_followup,BASELINE,C61,7326,first,win,S09,3327
c61_anchor_followup,BASELINE,C61,7327,second,loss,S09,3328
c61_anchor_followup,BASELINE,C61,7328,first,loss,S09,3329
c61_anchor_followup,BASELINE,C61,7329,second,loss,S09,3330
c61_anchor_followup,BASELINE,C61,7330,first,win,S09,3331
c61_anchor_followup,BASELINE,C61,7331,second,win,S09,3332
c61_anchor_followup,BASELINE,C61,7332,first,win,S09,3333
c61_anchor_followup,BASELINE,C61,7333,second,win,S09,3334
c61_anchor_followup,BASELINE,C61,7334,first,win,S09,3335
c61_anchor_followup,BASELINE,C61,7335,second,loss,S09,3337
c61_anchor_followup,BASELINE,C61,7336,first,win,S09,3336
c61_anchor_followup,BASELINE,C61,7337,second,win,S09,3338
c61_anchor_followup,BASELINE,C61,7338,first,win,S09,3339
c61_anchor_followup,BASELINE,C61,7339,second,win,S09,3340
c61_anchor_followup,BASELINE,C61,7340,first,win,S09,3341
c61_anchor_followup,BASELINE,C61,7341,second,loss,S09,3342
c61_anchor_followup,BASELINE,C61,7342,first,loss,S09,3343
c61_anchor_followup,BASELINE,C61,7343,second,loss,S09,3344
c61_anchor_followup,BASELINE,C61,7344,first,win,S09,3345
c61_anchor_followup,BASELINE,C61,7345,second,loss,S09,3347
c61_anchor_followup,BASELINE,C61,7346,first,loss,S09,3346
c61_anchor_followup,BASELINE,C61,7347,second,win,S09,3348
c61_anchor_followup,BASELINE,C61,7348,first,loss,S09,3349
c61_anchor_followup,BASELINE,C61,7349,second,loss,S09,3350
c61_anchor_followup,BASELINE,C61,7350,first,loss,S09,3351
c61_anchor_followup,BASELINE,C61,7351,second,win,S09,3352
c61_anchor_followup,BASELINE,C61,7352,first,loss,S09,3353
c61_anchor_followup,BASELINE,C61,7353,second,win,S09,3354
c61_anchor_followup,BASELINE,C61,7354,first,loss,S09,3356
c61_anchor_followup,BASELINE,C61,7355,second,loss,S09,3355
c61_anchor_followup,BASELINE,C61,7356,first,win,S09,3357
c61_anchor_followup,BASELINE,C61,7357,second,loss,S09,3358
c61_anchor_followup,BASELINE,C61,7358,first,win,S09,3361
c61_anchor_followup,BASELINE,C61,7359,second,loss,S09,3359
c61_anchor_followup,BASELINE,C61,7360,first,win,S09,3360
c61_anchor_followup,BASELINE,C61,7361,second,win,S09,3362
c61_anchor_followup,BASELINE,C61,7362,first,loss,S09,3363
c61_anchor_followup,BASELINE,C61,7363,second,loss,S09,3364
c61_anchor_followup,BASELINE,C61,7364,first,loss,S09,3365
c61_anchor_followup,BASELINE,C61,7365,second,loss,S09,3367
c61_anchor_followup,BASELINE,C61,7366,first,win,S09,3366
c61_anchor_followup,BASELINE,C61,7367,second,win,S09,3368
c61_anchor_followup,BASELINE,C61,7368,first,loss,S09,3370
c61_anchor_followup,BASELINE,C61,7369,second,win,S09,3369
c61_anchor_followup,BASELINE,C61,7370,first,win,S09,3371
c61_anchor_followup,BASELINE,C61,7371,second,win,S09,3372
c61_anchor_followup,BASELINE,C61,7372,first,win,S09,3374
c61_anchor_followup,BASELINE,C61,7373,second,loss,S09,3373
c61_anchor_followup,BASELINE,C61,7374,first,win,S09,3375
c61_anchor_followup,BASELINE,C61,7375,second,loss,S09,3376
c61_anchor_followup,BASELINE,C61,7376,first,loss,S09,3377
c61_anchor_followup,BASELINE,C61,7377,second,loss,S09,3378
c61_anchor_followup,BASELINE,C61,7378,first,loss,S09,3379
c61_anchor_followup,BASELINE,C61,7379,second,win,S09,3380
c61_anchor_followup,BASELINE,C61,7380,first,win,S09,3381
c61_anchor_followup,BASELINE,C61,7381,second,loss,S09,3383
c61_anchor_followup,BASELINE,C61,7382,first,win,S09,3382
c61_anchor_followup,BASELINE,C61,7383,second,loss,S09,3384
c61_anchor_followup,BASELINE,C61,7384,first,win,S09,3385
c61_anchor_followup,BASELINE,C61,7385,second,loss,S09,3386
c61_anchor_followup,BASELINE,C61,7386,first,loss,S09,3387
c61_anchor_followup,BASELINE,C61,7387,second,win,S09,3388
c61_anchor_followup,BASELINE,C61,7388,first,win,S09,3389
c61_anchor_followup,BASELINE,C61,7389,second,loss,S09,3390
c61_anchor_followup,BASELINE,C61,7390,first,loss,S09,3391
c61_anchor_followup,BASELINE,C61,7391,second,loss,S09,3392
c61_anchor_followup,BASELINE,C61,7392,first,loss,S09,3393
c61_anchor_followup,BASELINE,C61,7393,second,win,S09,3394
c61_anchor_followup,BASELINE,C61,7394,first,win,S09,3396
c61_anchor_followup,BASELINE,C61,7395,second,loss,S09,3395
c61_anchor_followup,BASELINE,C61,7396,first,win,S09,3397
c61_anchor_followup,BASELINE,C61,7397,second,loss,S09,3398
c61_anchor_followup,BASELINE,C61,7398,first,win,S09,3399
c61_anchor_followup,BASELINE,C61,7399,second,win,S09,3400
c61_anchor_followup,BASELINE,C61,7400,first,loss,S09,3402
c61_anchor_followup,BASELINE,C61,7401,second,draw,S09,3401
c61_anchor_followup,BASELINE,C61,7402,first,loss,S09,3404
c61_anchor_followup,BASELINE,C61,7403,second,win,S09,3403
c61_anchor_followup,BASELINE,C61,7404,first,loss,S09,3406
c61_anchor_followup,BASELINE,C61,7405,second,loss,S09,3405
c61_anchor_followup,BASELINE,C61,7406,first,win,S09,3407
c61_anchor_followup,BASELINE,C61,7407,second,loss,S09,3408
c61_anchor_followup,BASELINE,C61,7408,first,loss,S09,3409
c61_anchor_followup,BASELINE,C61,7409,second,loss,S09,3410
c61_anchor_followup,BASELINE,C61,7410,first,loss,S09,3411
c61_anchor_followup,BASELINE,C61,7411,second,loss,S09,3412
c61_anchor_followup,BASELINE,C61,7412,first,loss,S09,3413
c61_anchor_followup,BASELINE,C61,7413,second,loss,S09,3414
c61_anchor_followup,BASELINE,C61,7414,first,loss,S09,3415
c61_anchor_followup,BASELINE,C61,7415,second,loss,S09,3416
c61_anchor_followup,BASELINE,C61,7416,first,loss,S09,3417
c61_anchor_followup,BASELINE,C61,7417,second,loss,S09,3418
c61_anchor_followup,BASELINE,C61,7418,first,loss,S09,3419
c61_anchor_followup,BASELINE,C61,7419,second,loss,S09,3420
c61_anchor_followup,BASELINE,C61,7420,first,win,S09,3421
c61_anchor_followup,BASELINE,C61,7421,second,loss,S09,3422
c61_anchor_followup,BASELINE,C61,7422,first,loss,S09,3423
c61_anchor_followup,BASELINE,C61,7423,second,draw,S09,3424
c61_anchor_followup,BASELINE,C61,7424,first,loss,S09,3425
c61_anchor_followup,BASELINE,C61,7425,second,win,S09,3428
c61_anchor_followup,BASELINE,C61,7426,first,win,S09,3426
c61_anchor_followup,BASELINE,C61,7427,second,loss,S09,3427
c61_anchor_followup,BASELINE,C61,7428,first,win,S09,3429
c61_anchor_followup,BASELINE,C61,7429,second,win,S09,3430
c61_anchor_followup,BASELINE,C61,7430,first,loss,S09,3431
c61_anchor_followup,BASELINE,C61,7431,second,loss,S09,3432
c61_anchor_followup,BASELINE,C61,7432,first,win,S09,3433
c61_anchor_followup,BASELINE,C61,7433,second,win,S09,3434
c61_anchor_followup,BASELINE,C61,7434,first,loss,S09,3436
c61_anchor_followup,BASELINE,C61,7435,second,win,S09,3435
c61_anchor_followup,BASELINE,C61,7436,first,win,S09,3438
c61_anchor_followup,BASELINE,C61,7437,second,loss,S09,3437
c61_anchor_followup,BASELINE,C61,7438,first,loss,S09,3440
c61_anchor_followup,BASELINE,C61,7439,second,win,S09,3439
c61_anchor_followup,BASELINE,C61,7440,first,loss,S09,3441
c61_anchor_followup,BASELINE,C61,7441,second,loss,S09,3442
c61_anchor_followup,BASELINE,C61,7442,first,win,S09,3443
c61_anchor_followup,BASELINE,C61,7443,second,loss,S09,3444
c61_anchor_followup,BASELINE,C61,7444,first,win,S09,3445
c61_anchor_followup,BASELINE,C61,7445,second,loss,S09,3447
c61_anchor_followup,BASELINE,C61,7446,first,loss,S09,3446
c61_anchor_followup,BASELINE,C61,7447,second,win,S09,3448
c61_anchor_followup,BASELINE,C61,7448,first,win,S09,3449
c61_anchor_followup,BASELINE,C61,7449,second,loss,S09,3451
c61_anchor_followup,BASELINE,C61,7450,first,win,S09,3450
c61_anchor_followup,BASELINE,C61,7451,second,loss,S09,3452
c61_anchor_followup,BASELINE,C61,7452,first,loss,S09,3453
c61_anchor_followup,BASELINE,C61,7453,second,loss,S09,3455
c61_anchor_followup,BASELINE,C61,7454,first,loss,S09,3454
c61_anchor_followup,BASELINE,C61,7455,second,loss,S09,3457
c61_anchor_followup,BASELINE,C61,7456,first,win,S09,3456
c61_anchor_followup,BASELINE,C61,7457,second,win,S09,3458
c61_anchor_followup,BASELINE,C61,7458,first,win,S09,3459
c61_anchor_followup,BASELINE,C61,7459,second,win,S09,3460
c61_anchor_followup,BASELINE,C61,7460,first,win,S09,3461
c61_anchor_followup,BASELINE,C61,7461,second,loss,S09,3463
c61_anchor_followup,BASELINE,C61,7462,first,win,S09,3462
c61_anchor_followup,BASELINE,C61,7463,second,win,S09,3464
c61_anchor_followup,BASELINE,C61,7464,first,loss,S09,3465
c61_anchor_followup,BASELINE,C61,7465,second,win,S09,3466
c61_anchor_followup,BASELINE,C61,7466,first,win,S09,3467
c61_anchor_followup,BASELINE,C61,7467,second,loss,S09,3468
c61_anchor_followup,BASELINE,C61,7468,first,loss,S09,3469
c61_anchor_followup,BASELINE,C61,7469,second,loss,S09,3470
c61_anchor_followup,BASELINE,C61,7470,first,loss,S09,3471
c61_anchor_followup,BASELINE,C61,7471,second,win,S09,3472
c61_anchor_followup,BASELINE,C61,7472,first,loss,S09,3473
c61_anchor_followup,BASELINE,C61,7473,second,loss,S09,3474
c61_anchor_followup,BASELINE,C61,7474,first,loss,S09,3475
c61_anchor_followup,BASELINE,C61,7475,second,loss,S09,3476
c61_anchor_followup,BASELINE,C61,7476,first,loss,S09,3478
c61_anchor_followup,BASELINE,C61,7477,second,win,S09,3477
c61_anchor_followup,BASELINE,C61,7478,first,win,S09,3479
c61_anchor_followup,BASELINE,C61,7479,second,loss,S09,3480
c61_anchor_followup,BASELINE,C61,7480,first,loss,S09,3481
c61_anchor_followup,BASELINE,C61,7481,second,win,S09,3482
c61_anchor_followup,BASELINE,C61,7482,first,win,S09,3483
c61_anchor_followup,BASELINE,C61,7483,second,loss,S09,3485
c61_anchor_followup,BASELINE,C61,7484,first,win,S09,3484
c61_anchor_followup,BASELINE,C61,7485,second,loss,S09,3486
c61_anchor_followup,BASELINE,C61,7486,first,loss,S09,3487
c61_anchor_followup,BASELINE,C61,7487,second,win,S09,3488
c61_anchor_followup,BASELINE,C61,7488,first,loss,S09,3489
c61_anchor_followup,BASELINE,C61,7489,second,loss,S09,3490
c61_anchor_followup,BASELINE,C61,7490,first,win,S09,3491
c61_anchor_followup,BASELINE,C61,7491,second,loss,S09,3493
c61_anchor_followup,BASELINE,C61,7492,first,win,S09,3492
c61_anchor_followup,BASELINE,C61,7493,second,win,S09,3494
c61_anchor_followup,BASELINE,C61,7494,first,win,S09,3495
c61_anchor_followup,BASELINE,C61,7495,second,loss,S09,3496
c61_anchor_followup,BASELINE,C61,7496,first,loss,S09,3497
c61_anchor_followup,BASELINE,C61,7497,second,loss,S09,3498
c61_anchor_followup,BASELINE,C61,7498,first,win,S09,3499
c61_anchor_followup,BASELINE,C61,7499,second,win,S09,3500
c61_anchor_followup,BASELINE,C61,7500,first,loss,S09,3501
c61_anchor_followup,BASELINE,C61,7501,second,win,S09,3502
c61_anchor_followup,BASELINE,C61,7502,first,win,S09,3503
c61_anchor_followup,BASELINE,C61,7503,second,win,S09,3504
c61_anchor_followup,BASELINE,C61,7504,first,loss,S09,3505
c61_anchor_followup,BASELINE,C61,7505,second,win,S09,3506
c61_anchor_followup,BASELINE,C61,7506,first,win,S09,3508
c61_anchor_followup,BASELINE,C61,7507,second,loss,S09,3507
c61_anchor_followup,BASELINE,C61,7508,first,win,S09,3510
c61_anchor_followup,BASELINE,C61,7509,second,loss,S09,3509
c61_anchor_followup,BASELINE,C61,7510,first,win,S09,3511
c61_anchor_followup,BASELINE,C61,7511,second,win,S09,3512
c61_anchor_followup,BASELINE,C61,7512,first,loss,S09,3513
c61_anchor_followup,BASELINE,C61,7513,second,loss,S09,3514
c61_anchor_followup,BASELINE,C61,7514,first,loss,S09,3515
c61_anchor_followup,BASELINE,C61,7515,second,loss,S09,3516
c61_anchor_followup,BASELINE,C61,7516,first,win,S09,3517
c61_anchor_followup,BASELINE,C61,7517,second,loss,S09,3518
c61_anchor_followup,BASELINE,C61,7518,first,loss,S09,3519
c61_anchor_followup,BASELINE,C61,7519,second,loss,S09,3520
c61_anchor_followup,BASELINE,C61,7520,first,win,S09,3521
c61_anchor_followup,BASELINE,C61,7521,second,win,S09,3522
c61_anchor_followup,BASELINE,C61,7522,first,win,S09,3523
c61_anchor_followup,BASELINE,C61,7523,second,loss,S09,3524
c61_anchor_followup,BASELINE,C61,7524,first,win,S09,3526
c61_anchor_followup,BASELINE,C61,7525,second,loss,S09,3525
c61_anchor_followup,BASELINE,C61,7526,first,loss,S09,3527
c61_anchor_followup,BASELINE,C61,7527,second,loss,S09,3528
c61_anchor_followup,BASELINE,C61,7528,first,loss,S09,3529
c61_anchor_followup,BASELINE,C61,7529,second,win,S09,3530
c61_anchor_followup,BASELINE,C61,7530,first,win,S09,3531
c61_anchor_followup,BASELINE,C61,7531,second,loss,S09,3532
c61_anchor_followup,BASELINE,C61,7532,first,win,S09,3533
c61_anchor_followup,BASELINE,C61,7533,second,win,S09,3534
c61_anchor_followup,BASELINE,C61,7534,first,loss,S09,3536
c61_anchor_followup,BASELINE,C61,7535,second,win,S09,3535
c61_anchor_followup,BASELINE,C61,7536,first,win,S09,3537
c61_anchor_followup,BASELINE,C61,7537,second,loss,S09,3538
c61_anchor_followup,BASELINE,C61,7538,first,loss,S09,3539
c61_anchor_followup,BASELINE,C61,7539,second,win,S09,3540
c61_anchor_followup,BASELINE,C61,7540,first,win,S09,3541
c61_anchor_followup,BASELINE,C61,7541,second,loss,S09,3542
c61_anchor_followup,BASELINE,C61,7542,first,win,S09,3543
c61_anchor_followup,BASELINE,C61,7543,second,loss,S09,3546
c61_anchor_followup,BASELINE,C61,7544,first,win,S09,3544
c61_anchor_followup,BASELINE,C61,7545,second,loss,S09,3545
c61_anchor_followup,BASELINE,C61,7546,first,loss,S09,3547
c61_anchor_followup,BASELINE,C61,7547,second,win,S09,3548
c61_anchor_followup,BASELINE,C61,7548,first,loss,S09,3549
c61_anchor_followup,BASELINE,C61,7549,second,loss,S09,3550
c61_anchor_followup,BASELINE,C61,7550,first,loss,S09,3551
c61_anchor_followup,BASELINE,C61,7551,second,win,S09,3552
c61_anchor_followup,BASELINE,C61,7552,first,win,S09,3553
c61_anchor_followup,BASELINE,C61,7553,second,loss,S09,3554
c61_anchor_followup,BASELINE,C61,7554,first,win,S09,3555
c61_anchor_followup,BASELINE,C61,7555,second,win,S09,3556
c61_anchor_followup,BASELINE,C61,7556,first,win,S09,3558
c61_anchor_followup,BASELINE,C61,7557,second,win,S09,3557
c61_anchor_followup,BASELINE,C61,7558,first,win,S09,3559
c61_anchor_followup,BASELINE,C61,7559,second,loss,S09,3560
c61_anchor_followup,BASELINE,C61,7560,first,loss,S09,3561
c61_anchor_followup,BASELINE,C61,7561,second,win,S09,3562
c61_anchor_followup,BASELINE,C61,7562,first,loss,S09,3563
c61_anchor_followup,BASELINE,C61,7563,second,loss,S09,3564
c61_anchor_followup,BASELINE,C61,7564,first,loss,S09,3565
c61_anchor_followup,BASELINE,C61,7565,second,loss,S09,3566
c61_anchor_followup,BASELINE,C61,7566,first,win,S09,3567
c61_anchor_followup,BASELINE,C61,7567,second,win,S09,3569
c61_anchor_followup,BASELINE,C61,7568,first,win,S09,3568
c61_anchor_followup,BASELINE,C61,7569,second,loss,S09,3571
c61_anchor_followup,BASELINE,C61,7570,first,loss,S09,3570
c61_anchor_followup,BASELINE,C61,7571,second,loss,S09,3572
c61_anchor_followup,BASELINE,C61,7572,first,loss,S09,3573
c61_anchor_followup,BASELINE,C61,7573,second,loss,S09,3575
c61_anchor_followup,BASELINE,C61,7574,first,win,S09,3574
c61_anchor_followup,BASELINE,C61,7575,second,loss,S09,3576
c61_anchor_followup,BASELINE,C61,7576,first,loss,S09,3577
c61_anchor_followup,BASELINE,C61,7577,second,loss,S09,3578
c61_anchor_followup,BASELINE,C61,7578,first,loss,S09,3579
c61_anchor_followup,BASELINE,C61,7579,second,win,S09,3580
c61_anchor_followup,BASELINE,C61,7580,first,loss,S09,3581
c61_anchor_followup,BASELINE,C61,7581,second,win,S09,3582
c61_anchor_followup,BASELINE,C61,7582,first,win,S09,3583
c61_anchor_followup,BASELINE,C61,7583,second,win,S09,3584
c61_anchor_followup,BASELINE,C61,7584,first,loss,S09,3585
c61_anchor_followup,BASELINE,C61,7585,second,win,S09,3587
c61_anchor_followup,BASELINE,C61,7586,first,loss,S09,3586
c61_anchor_followup,BASELINE,C61,7587,second,loss,S09,3589
c61_anchor_followup,BASELINE,C61,7588,first,win,S09,3588
c61_anchor_followup,BASELINE,C61,7589,second,loss,S09,3590
c61_anchor_followup,BASELINE,C61,7590,first,win,S09,3591
c61_anchor_followup,BASELINE,C61,7591,second,loss,S09,3592
c61_anchor_followup,BASELINE,C61,7592,first,win,S09,3593
c61_anchor_followup,BASELINE,C61,7593,second,win,S09,3595
c61_anchor_followup,BASELINE,C61,7594,first,loss,S09,3594
c61_anchor_followup,BASELINE,C61,7595,second,win,S09,3596
c61_anchor_followup,BASELINE,C61,7596,first,win,S09,3597
c61_anchor_followup,BASELINE,C61,7597,second,win,S09,3598
c61_anchor_followup,BASELINE,C61,7598,first,loss,S09,3599
c61_anchor_followup,BASELINE,C61,7599,second,win,S09,3600
c61_anchor_followup,BASELINE,C61,7600,first,loss,S09,3602
c61_anchor_followup,BASELINE,C61,7601,second,loss,S09,3601
c61_anchor_followup,BASELINE,C61,7602,first,loss,S09,3604
c61_anchor_followup,BASELINE,C61,7603,second,win,S09,3603
c61_anchor_followup,BASELINE,C61,7604,first,win,S09,3605
c61_anchor_followup,BASELINE,C61,7605,second,win,S09,3606
c61_anchor_followup,BASELINE,C61,7606,first,loss,S09,3607
c61_anchor_followup,BASELINE,C61,7607,second,win,S09,3609
c61_anchor_followup,BASELINE,C61,7608,first,win,S09,3608
c61_anchor_followup,BASELINE,C61,7609,second,win,S09,3611
c61_anchor_followup,BASELINE,C61,7610,first,win,S09,3610
c61_anchor_followup,BASELINE,C61,7611,second,win,S09,3612
c61_anchor_followup,BASELINE,C61,7612,first,loss,S09,3613
c61_anchor_followup,BASELINE,C61,7613,second,loss,S09,3614
c61_anchor_followup,BASELINE,C61,7614,first,win,S09,3615
c61_anchor_followup,BASELINE,C61,7615,second,win,S09,3616
c61_anchor_followup,BASELINE,C61,7616,first,loss,S09,3617
c61_anchor_followup,BASELINE,C61,7617,second,loss,S09,3618
c61_anchor_followup,BASELINE,C61,7618,first,win,S09,3619
c61_anchor_followup,BASELINE,C61,7619,second,loss,S09,3620
c61_anchor_followup,BASELINE,C61,7620,first,loss,S09,3621
c61_anchor_followup,BASELINE,C61,7621,second,win,S09,3622
c61_anchor_followup,BASELINE,C61,7622,first,loss,S09,3623
c61_anchor_followup,BASELINE,C61,7623,second,loss,S09,3624
c61_anchor_followup,BASELINE,C61,7624,first,loss,S09,3626
c61_anchor_followup,BASELINE,C61,7625,second,win,S09,3625
c61_anchor_followup,BASELINE,C61,7626,first,loss,S09,3627
c61_anchor_followup,BASELINE,C61,7627,second,loss,S09,3628
c61_anchor_followup,BASELINE,C61,7628,first,win,S09,3629
c61_anchor_followup,BASELINE,C61,7629,second,win,S09,3630
c61_anchor_followup,BASELINE,C61,7630,first,loss,S09,3632
c61_anchor_followup,BASELINE,C61,7631,second,loss,S09,3631
c61_anchor_followup,BASELINE,C61,7632,first,win,S09,3633
c61_anchor_followup,BASELINE,C61,7633,second,loss,S09,3634
c61_anchor_followup,BASELINE,C61,7634,first,win,S09,3635
c61_anchor_followup,BASELINE,C61,7635,second,loss,S09,3636
c61_anchor_followup,BASELINE,C61,7636,first,loss,S09,3637
c61_anchor_followup,BASELINE,C61,7637,second,loss,S09,3639
c61_anchor_followup,BASELINE,C61,7638,first,win,S09,3638
c61_anchor_followup,BASELINE,C61,7639,second,loss,S09,3640
c61_anchor_followup,BASELINE,C61,7640,first,win,S09,3641
c61_anchor_followup,BASELINE,C61,7641,second,loss,S09,3642
c61_anchor_followup,BASELINE,C61,7642,first,loss,S09,3643
c61_anchor_followup,BASELINE,C61,7643,second,draw,S09,3644
c61_anchor_followup,BASELINE,C61,7644,first,loss,S09,3645
c61_anchor_followup,BASELINE,C61,7645,second,loss,S09,3646
c61_anchor_followup,BASELINE,C61,7646,first,win,S09,3647
c61_anchor_followup,BASELINE,C61,7647,second,loss,S09,3649
c61_anchor_followup,BASELINE,C61,7648,first,win,S09,3648
c61_anchor_followup,BASELINE,C61,7649,second,win,S09,3650
c61_anchor_followup,BASELINE,C61,7650,first,win,S09,3651
c61_anchor_followup,BASELINE,C61,7651,second,loss,S09,3653
c61_anchor_followup,BASELINE,C61,7652,first,win,S09,3652
c61_anchor_followup,BASELINE,C61,7653,second,loss,S09,3655
c61_anchor_followup,BASELINE,C61,7654,first,win,S09,3654
c61_anchor_followup,BASELINE,C61,7655,second,loss,S09,3656
c61_anchor_followup,BASELINE,C61,7656,first,win,S09,3657
c61_anchor_followup,BASELINE,C61,7657,second,loss,S09,3658
c61_anchor_followup,BASELINE,C61,7658,first,loss,S09,3659
c61_anchor_followup,BASELINE,C61,7659,second,loss,S09,3661
c61_anchor_followup,BASELINE,C61,7660,first,loss,S09,3660
c61_anchor_followup,BASELINE,C61,7661,second,loss,S09,3662
c61_anchor_followup,BASELINE,C61,7662,first,win,S09,3663
c61_anchor_followup,BASELINE,C61,7663,second,win,S09,3664
c61_anchor_followup,BASELINE,C61,7664,first,loss,S09,3666
c61_anchor_followup,BASELINE,C61,7665,second,loss,S09,3665
c61_anchor_followup,BASELINE,C61,7666,first,loss,S09,3668
c61_anchor_followup,BASELINE,C61,7667,second,loss,S09,3667
c61_anchor_followup,BASELINE,C61,7668,first,loss,S09,3670
c61_anchor_followup,BASELINE,C61,7669,second,loss,S09,3669
c61_anchor_followup,BASELINE,C61,7670,first,loss,S09,3672
c61_anchor_followup,BASELINE,C61,7671,second,win,S09,3671
c61_anchor_followup,BASELINE,C61,7672,first,win,S09,3673
c61_anchor_followup,BASELINE,C61,7673,second,win,S09,3674
c61_anchor_followup,BASELINE,C61,7674,first,win,S09,3675
c61_anchor_followup,BASELINE,C61,7675,second,win,S09,3676
c61_anchor_followup,BASELINE,C61,7676,first,loss,S09,3677
c61_anchor_followup,BASELINE,C61,7677,second,loss,S09,3678
c61_anchor_followup,BASELINE,C61,7678,first,loss,S09,3679
c61_anchor_followup,BASELINE,C61,7679,second,win,S09,3680
c61_anchor_followup,BASELINE,C61,7680,first,loss,S09,3681
c61_anchor_followup,BASELINE,C61,7681,second,win,S09,3683
c61_anchor_followup,BASELINE,C61,7682,first,win,S09,3682
c61_anchor_followup,BASELINE,C61,7683,second,loss,S09,3685
c61_anchor_followup,BASELINE,C61,7684,first,win,S09,3684
c61_anchor_followup,BASELINE,C61,7685,second,win,S09,3686
c61_anchor_followup,BASELINE,C61,7686,first,loss,S09,3687
c61_anchor_followup,BASELINE,C61,7687,second,draw,S09,3689
c61_anchor_followup,BASELINE,C61,7688,first,win,S09,3688
c61_anchor_followup,BASELINE,C61,7689,second,loss,S09,3690
c61_anchor_followup,BASELINE,C61,7690,first,loss,S09,3691
c61_anchor_followup,BASELINE,C61,7691,second,win,S09,3692
c61_anchor_followup,BASELINE,C61,7692,first,win,S09,3693
c61_anchor_followup,BASELINE,C61,7693,second,win,S09,3695
c61_anchor_followup,BASELINE,C61,7694,first,win,S09,3694
c61_anchor_followup,BASELINE,C61,7695,second,loss,S09,3696
c61_anchor_followup,BASELINE,C61,7696,first,win,S09,3697
c61_anchor_followup,BASELINE,C61,7697,second,loss,S09,3698
c61_anchor_followup,BASELINE,C61,7698,first,loss,S09,3699
c61_anchor_followup,BASELINE,C61,7699,second,win,S09,3700
c61_anchor_followup,BASELINE,C61,7700,first,loss,S09,3701
c61_anchor_followup,BASELINE,C61,7701,second,loss,S09,3702
c61_anchor_followup,BASELINE,C61,7702,first,loss,S09,3704
c61_anchor_followup,BASELINE,C61,7703,second,win,S09,3703
c61_anchor_followup,BASELINE,C61,7704,first,win,S09,3705
c61_anchor_followup,BASELINE,C61,7705,second,loss,S09,3706
c61_anchor_followup,BASELINE,C61,7706,first,win,S09,3707
c61_anchor_followup,BASELINE,C61,7707,second,loss,S09,3708
c61_anchor_followup,BASELINE,C61,7708,first,loss,S09,3709
c61_anchor_followup,BASELINE,C61,7709,second,win,S09,3710
c61_anchor_followup,BASELINE,C61,7710,first,loss,S09,3711
c61_anchor_followup,BASELINE,C61,7711,second,win,S09,3712
c61_anchor_followup,BASELINE,C61,7712,first,win,S09,3713
c61_anchor_followup,BASELINE,C61,7713,second,loss,S09,3715
c61_anchor_followup,BASELINE,C61,7714,first,win,S09,3714
c61_anchor_followup,BASELINE,C61,7715,second,loss,S09,3716
c61_anchor_followup,BASELINE,C61,7716,first,loss,S09,3718
c61_anchor_followup,BASELINE,C61,7717,second,win,S09,3717
c61_anchor_followup,BASELINE,C61,7718,first,loss,S09,3720
c61_anchor_followup,BASELINE,C61,7719,second,win,S09,3719
c61_anchor_followup,BASELINE,C61,7720,first,win,S09,3721
c61_anchor_followup,BASELINE,C61,7721,second,win,S09,3722
c61_anchor_followup,BASELINE,C61,7722,first,loss,S09,3723
c61_anchor_followup,BASELINE,C61,7723,second,loss,S09,3724
c61_anchor_followup,BASELINE,C61,7724,first,loss,S09,3725
c61_anchor_followup,BASELINE,C61,7725,second,loss,S09,3727
c61_anchor_followup,BASELINE,C61,7726,first,loss,S09,3726
c61_anchor_followup,BASELINE,C61,7727,second,win,S09,3728
c61_anchor_followup,BASELINE,C61,7728,first,loss,S09,3729
c61_anchor_followup,BASELINE,C61,7729,second,loss,S09,3730
c61_anchor_followup,BASELINE,C61,7730,first,win,S09,3731
c61_anchor_followup,BASELINE,C61,7731,second,win,S09,3732
c61_anchor_followup,BASELINE,C61,7732,first,win,S09,3733
c61_anchor_followup,BASELINE,C61,7733,second,loss,S09,3734
c61_anchor_followup,BASELINE,C61,7734,first,loss,S09,3735
c61_anchor_followup,BASELINE,C61,7735,second,loss,S09,3736
c61_anchor_followup,BASELINE,C61,7736,first,win,S09,3737
c61_anchor_followup,BASELINE,C61,7737,second,loss,S09,3738
c61_anchor_followup,BASELINE,C61,7738,first,win,S09,3739
c61_anchor_followup,BASELINE,C61,7739,second,loss,S09,3740
c61_anchor_followup,BASELINE,C61,7740,first,loss,S09,3742
c61_anchor_followup,BASELINE,C61,7741,second,win,S09,3741
c61_anchor_followup,BASELINE,C61,7742,first,loss,S09,3743
c61_anchor_followup,BASELINE,C61,7743,second,loss,S09,3744
c61_anchor_followup,BASELINE,C61,7744,first,loss,S09,3746
c61_anchor_followup,BASELINE,C61,7745,second,loss,S09,3745
c61_anchor_followup,BASELINE,C61,7746,first,win,S09,3747
c61_anchor_followup,BASELINE,C61,7747,second,loss,S09,3748
c61_anchor_followup,BASELINE,C61,7748,first,win,S09,3749
c61_anchor_followup,BASELINE,C61,7749,second,win,S09,3750
c61_anchor_followup,BASELINE,C61,7750,first,loss,S09,3751
c61_anchor_followup,BASELINE,C61,7751,second,loss,S09,3753
c61_anchor_followup,BASELINE,C61,7752,first,win,S09,3752
c61_anchor_followup,BASELINE,C61,7753,second,loss,S09,3754
c61_anchor_followup,BASELINE,C61,7754,first,win,S09,3755
c61_anchor_followup,BASELINE,C61,7755,second,loss,S09,3756
c61_anchor_followup,BASELINE,C61,7756,first,win,S09,3757
c61_anchor_followup,BASELINE,C61,7757,second,win,S09,3758
c61_anchor_followup,BASELINE,C61,7758,first,loss,S09,3759
c61_anchor_followup,BASELINE,C61,7759,second,win,S09,3760
c61_anchor_followup,BASELINE,C61,7760,first,loss,S09,3761
c61_anchor_followup,BASELINE,C61,7761,second,win,S09,3762
c61_anchor_followup,BASELINE,C61,7762,first,win,S09,3763
c61_anchor_followup,BASELINE,C61,7763,second,loss,S09,3764
c61_anchor_followup,BASELINE,C61,7764,first,win,S09,3765
c61_anchor_followup,BASELINE,C61,7765,second,loss,S09,3767
c61_anchor_followup,BASELINE,C61,7766,first,win,S09,3766
c61_anchor_followup,BASELINE,C61,7767,second,loss,S09,3769
c61_anchor_followup,BASELINE,C61,7768,first,win,S09,3768
c61_anchor_followup,BASELINE,C61,7769,second,win,S09,3770
c61_anchor_followup,BASELINE,C61,7770,first,win,S09,3771
c61_anchor_followup,BASELINE,C61,7771,second,loss,S09,3772
c61_anchor_followup,BASELINE,C61,7772,first,loss,S09,3773
c61_anchor_followup,BASELINE,C61,7773,second,win,S09,3774
c61_anchor_followup,BASELINE,C61,7774,first,loss,S09,3775
c61_anchor_followup,BASELINE,C61,7775,second,win,S09,3776
c61_anchor_followup,BASELINE,C61,7776,first,win,S09,3777
c61_anchor_followup,BASELINE,C61,7777,second,win,S09,3778
c61_anchor_followup,BASELINE,C61,7778,first,win,S09,3780
c61_anchor_followup,BASELINE,C61,7779,second,win,S09,3779
c61_anchor_followup,BASELINE,C61,7780,first,loss,S09,3781
c61_anchor_followup,BASELINE,C61,7781,second,win,S09,3782
c61_anchor_followup,BASELINE,C61,7782,first,loss,S09,3783
c61_anchor_followup,BASELINE,C61,7783,second,loss,S09,3784
c61_anchor_followup,BASELINE,C61,7784,first,win,S09,3785
c61_anchor_followup,BASELINE,C61,7785,second,loss,S09,3786
c61_anchor_followup,BASELINE,C61,7786,first,win,S09,3788
c61_anchor_followup,BASELINE,C61,7787,second,win,S09,3787
c61_anchor_followup,BASELINE,C61,7788,first,win,S09,3789
c61_anchor_followup,BASELINE,C61,7789,second,loss,S09,3790
c61_anchor_followup,BASELINE,C61,7790,first,win,S09,3791
c61_anchor_followup,BASELINE,C61,7791,second,win,S09,3792
c61_anchor_followup,BASELINE,C61,7792,first,win,S09,3794
c61_anchor_followup,BASELINE,C61,7793,second,win,S09,3793
c61_anchor_followup,BASELINE,C61,7794,first,win,S09,3795
c61_anchor_followup,BASELINE,C61,7795,second,loss,S09,3796
c61_anchor_followup,BASELINE,C61,7796,first,win,S09,3797
c61_anchor_followup,BASELINE,C61,7797,second,win,S09,3798
c61_anchor_followup,BASELINE,C61,7798,first,loss,S09,3799
c61_anchor_followup,BASELINE,C61,7799,second,loss,S09,3800
c61_anchor_followup,BASELINE,C61,7800,first,win,S09,3801
c61_anchor_followup,BASELINE,C61,7801,second,win,S09,3802
c61_anchor_followup,BASELINE,C61,7802,first,win,S09,3803
c61_anchor_followup,BASELINE,C61,7803,second,loss,S09,3804
c61_anchor_followup,BASELINE,C61,7804,first,loss,S09,3805
c61_anchor_followup,BASELINE,C61,7805,second,win,S09,3806
c61_anchor_followup,BASELINE,C61,7806,first,win,S09,3807
c61_anchor_followup,BASELINE,C61,7807,second,loss,S09,3808
c61_anchor_followup,BASELINE,C61,7808,first,win,S09,3809
c61_anchor_followup,BASELINE,C61,7809,second,win,S09,3811
c61_anchor_followup,BASELINE,C61,7810,first,loss,S09,3810
c61_anchor_followup,BASELINE,C61,7811,second,win,S09,3812
c61_anchor_followup,BASELINE,C61,7812,first,win,S09,3813
c61_anchor_followup,BASELINE,C61,7813,second,loss,S09,3814
c61_anchor_followup,BASELINE,C61,7814,first,win,S09,3815
c61_anchor_followup,BASELINE,C61,7815,second,loss,S09,3816
c61_anchor_followup,BASELINE,C61,7816,first,win,S09,3817
c61_anchor_followup,BASELINE,C61,7817,second,win,S09,3818
c61_anchor_followup,BASELINE,C61,7818,first,win,S09,3819
c61_anchor_followup,BASELINE,C61,7819,second,win,S09,3820
c61_anchor_followup,BASELINE,C61,7820,first,loss,S09,3822
c61_anchor_followup,BASELINE,C61,7821,second,loss,S09,3821
c61_anchor_followup,BASELINE,C61,7822,first,loss,S09,3824
c61_anchor_followup,BASELINE,C61,7823,second,loss,S09,3823
c61_anchor_followup,BASELINE,C61,7824,first,loss,S09,3825
c61_anchor_followup,BASELINE,C61,7825,second,loss,S09,3826
c61_anchor_followup,BASELINE,C61,7826,first,win,S09,3827
c61_anchor_followup,BASELINE,C61,7827,second,win,S09,3828
c61_anchor_followup,BASELINE,C61,7828,first,loss,S09,3829
c61_anchor_followup,BASELINE,C61,7829,second,loss,S09,3830
c61_anchor_followup,BASELINE,C61,7830,first,win,S09,3831
c61_anchor_followup,BASELINE,C61,7831,second,win,S09,3832
c61_anchor_followup,BASELINE,C61,7832,first,loss,S09,3834
c61_anchor_followup,BASELINE,C61,7833,second,win,S09,3833
c61_anchor_followup,BASELINE,C61,7834,first,loss,S09,3835
c61_anchor_followup,BASELINE,C61,7835,second,loss,S09,3836
c61_anchor_followup,BASELINE,C61,7836,first,loss,S09,3837
c61_anchor_followup,BASELINE,C61,7837,second,loss,S09,3838
c61_anchor_followup,BASELINE,C61,7838,first,loss,S09,3839
c61_anchor_followup,BASELINE,C61,7839,second,loss,S09,3840
c61_anchor_followup,BASELINE,C61,7840,first,loss,S09,3841
c61_anchor_followup,BASELINE,C61,7841,second,loss,S09,3842
c61_anchor_followup,BASELINE,C61,7842,first,loss,S09,3843
c61_anchor_followup,BASELINE,C61,7843,second,win,S09,3844
c61_anchor_followup,BASELINE,C61,7844,first,win,S09,3845
c61_anchor_followup,BASELINE,C61,7845,second,loss,S09,3846
c61_anchor_followup,BASELINE,C61,7846,first,loss,S09,3847
c61_anchor_followup,BASELINE,C61,7847,second,loss,S09,3848
c61_anchor_followup,BASELINE,C61,7848,first,loss,S09,3849
c61_anchor_followup,BASELINE,C61,7849,second,loss,S09,3850
c61_anchor_followup,BASELINE,C61,7850,first,win,S09,3851
c61_anchor_followup,BASELINE,C61,7851,second,loss,S09,3852
c61_anchor_followup,BASELINE,C61,7852,first,loss,S09,3853
c61_anchor_followup,BASELINE,C61,7853,second,win,S09,3854
c61_anchor_followup,BASELINE,C61,7854,first,win,S09,3855
c61_anchor_followup,BASELINE,C61,7855,second,win,S09,3856
c61_anchor_followup,BASELINE,C61,7856,first,win,S09,3857
c61_anchor_followup,BASELINE,C61,7857,second,loss,S09,3858
c61_anchor_followup,BASELINE,C61,7858,first,loss,S09,3859
c61_anchor_followup,BASELINE,C61,7859,second,loss,S09,3860
c61_anchor_followup,BASELINE,C61,7860,first,loss,S09,3861
c61_anchor_followup,BASELINE,C61,7861,second,loss,S09,3862
c61_anchor_followup,BASELINE,C61,7862,first,win,S09,3863
c61_anchor_followup,BASELINE,C61,7863,second,win,S09,3864
c61_anchor_followup,BASELINE,C61,7864,first,loss,S09,3866
c61_anchor_followup,BASELINE,C61,7865,second,loss,S09,3865
c61_anchor_followup,BASELINE,C61,7866,first,win,S09,3867
c61_anchor_followup,BASELINE,C61,7867,second,loss,S09,3868
c61_anchor_followup,BASELINE,C61,7868,first,win,S09,3869
c61_anchor_followup,BASELINE,C61,7869,second,loss,S09,3871
c61_anchor_followup,BASELINE,C61,7870,first,loss,S09,3870
c61_anchor_followup,BASELINE,C61,7871,second,loss,S09,3873
c61_anchor_followup,BASELINE,C61,7872,first,win,S09,3872
c61_anchor_followup,BASELINE,C61,7873,second,loss,S09,3875
c61_anchor_followup,BASELINE,C61,7874,first,loss,S09,3874
c61_anchor_followup,BASELINE,C61,7875,second,win,S09,3877
c61_anchor_followup,BASELINE,C61,7876,first,win,S09,3876
c61_anchor_followup,BASELINE,C61,7877,second,win,S09,3878
c61_anchor_followup,BASELINE,C61,7878,first,loss,S09,3879
c61_anchor_followup,BASELINE,C61,7879,second,win,S09,3880
c61_anchor_followup,BASELINE,C61,7880,first,loss,S09,3882
c61_anchor_followup,BASELINE,C61,7881,second,loss,S09,3881
c61_anchor_followup,BASELINE,C61,7882,first,win,S09,3883
c61_anchor_followup,BASELINE,C61,7883,second,win,S09,3884
c61_anchor_followup,BASELINE,C61,7884,first,win,S09,3886
c61_anchor_followup,BASELINE,C61,7885,second,win,S09,3885
c61_anchor_followup,BASELINE,C61,7886,first,loss,S09,3888
c61_anchor_followup,BASELINE,C61,7887,second,loss,S09,3887
c61_anchor_followup,BASELINE,C61,7888,first,win,S09,3890
c61_anchor_followup,BASELINE,C61,7889,second,win,S09,3889
c61_anchor_followup,BASELINE,C61,7890,first,win,S09,3891
c61_anchor_followup,BASELINE,C61,7891,second,win,S09,3892
c61_anchor_followup,BASELINE,C61,7892,first,loss,S09,3893
c61_anchor_followup,BASELINE,C61,7893,second,win,S09,3894
c61_anchor_followup,BASELINE,C61,7894,first,loss,S09,3895
c61_anchor_followup,BASELINE,C61,7895,second,loss,S09,3896
c61_anchor_followup,BASELINE,C61,7896,first,loss,S09,3898
c61_anchor_followup,BASELINE,C61,7897,second,loss,S09,3897
c61_anchor_followup,BASELINE,C61,7898,first,win,S09,3899
c61_anchor_followup,BASELINE,C61,7899,second,loss,S09,3900
c61_anchor_followup,BASELINE,C61,7900,first,loss,S09,3901
c61_anchor_followup,BASELINE,C61,7901,second,loss,S09,3903
c61_anchor_followup,BASELINE,C61,7902,first,win,S09,3902
c61_anchor_followup,BASELINE,C61,7903,second,loss,S09,3905
c61_anchor_followup,BASELINE,C61,7904,first,loss,S09,3904
c61_anchor_followup,BASELINE,C61,7905,second,loss,S09,3907
c61_anchor_followup,BASELINE,C61,7906,first,win,S09,3906
c61_anchor_followup,BASELINE,C61,7907,second,loss,S09,3909
c61_anchor_followup,BASELINE,C61,7908,first,win,S09,3908
c61_anchor_followup,BASELINE,C61,7909,second,loss,S09,3911
c61_anchor_followup,BASELINE,C61,7910,first,win,S09,3910
c61_anchor_followup,BASELINE,C61,7911,second,loss,S09,3912
c61_anchor_followup,BASELINE,C61,7912,first,loss,S09,3913
c61_anchor_followup,BASELINE,C61,7913,second,loss,S09,3915
c61_anchor_followup,BASELINE,C61,7914,first,loss,S09,3914
c61_anchor_followup,BASELINE,C61,7915,second,loss,S09,3916
c61_anchor_followup,BASELINE,C61,7916,first,win,S09,3917
c61_anchor_followup,BASELINE,C61,7917,second,loss,S09,3918
c61_anchor_followup,BASELINE,C61,7918,first,win,S09,3919
c61_anchor_followup,BASELINE,C61,7919,second,loss,S09,3920
c61_anchor_followup,BASELINE,C61,7920,first,loss,S09,3922
c61_anchor_followup,BASELINE,C61,7921,second,loss,S09,3921
c61_anchor_followup,BASELINE,C61,7922,first,win,S09,3923
c61_anchor_followup,BASELINE,C61,7923,second,loss,S09,3924
c61_anchor_followup,BASELINE,C61,7924,first,loss,S09,3926
c61_anchor_followup,BASELINE,C61,7925,second,loss,S09,3925
c61_anchor_followup,BASELINE,C61,7926,first,loss,S09,3928
c61_anchor_followup,BASELINE,C61,7927,second,loss,S09,3927
c61_anchor_followup,BASELINE,C61,7928,first,win,S09,3929
c61_anchor_followup,BASELINE,C61,7929,second,loss,S09,3930
c61_anchor_followup,BASELINE,C61,7930,first,win,S09,3931
c61_anchor_followup,BASELINE,C61,7931,second,loss,S09,3932
c61_anchor_followup,BASELINE,C61,7932,first,win,S09,3933
c61_anchor_followup,BASELINE,C61,7933,second,win,S09,3934
c61_anchor_followup,BASELINE,C61,7934,first,win,S09,3935
c61_anchor_followup,BASELINE,C61,7935,second,loss,S09,3936
c61_anchor_followup,BASELINE,C61,7936,first,win,S09,3937
c61_anchor_followup,BASELINE,C61,7937,second,win,S09,3938
c61_anchor_followup,BASELINE,C61,7938,first,loss,S09,3940
c61_anchor_followup,BASELINE,C61,7939,second,win,S09,3939
c61_anchor_followup,BASELINE,C61,7940,first,win,S09,3942
c61_anchor_followup,BASELINE,C61,7941,second,win,S09,3941
c61_anchor_followup,BASELINE,C61,7942,first,win,S09,3943
c61_anchor_followup,BASELINE,C61,7943,second,loss,S09,3944
c61_anchor_followup,BASELINE,C61,7944,first,win,S09,3945
c61_anchor_followup,BASELINE,C61,7945,second,loss,S09,3946
c61_anchor_followup,BASELINE,C61,7946,first,win,S09,3947
c61_anchor_followup,BASELINE,C61,7947,second,loss,S09,3948
c61_anchor_followup,BASELINE,C61,7948,first,loss,S09,3949
c61_anchor_followup,BASELINE,C61,7949,second,win,S09,3950
c61_anchor_followup,BASELINE,C61,7950,first,loss,S09,3951
c61_anchor_followup,BASELINE,C61,7951,second,loss,S09,3952
c61_anchor_followup,BASELINE,C61,7952,first,loss,S09,3953
c61_anchor_followup,BASELINE,C61,7953,second,win,S09,3954
c61_anchor_followup,BASELINE,C61,7954,first,win,S09,3955
c61_anchor_followup,BASELINE,C61,7955,second,loss,S09,3956
c61_anchor_followup,BASELINE,C61,7956,first,win,S09,3957
c61_anchor_followup,BASELINE,C61,7957,second,loss,S09,3958
c61_anchor_followup,BASELINE,C61,7958,first,win,S09,3959
c61_anchor_followup,BASELINE,C61,7959,second,win,S09,3960
c61_anchor_followup,BASELINE,C61,7960,first,win,S09,3961
c61_anchor_followup,BASELINE,C61,7961,second,win,S09,3963
c61_anchor_followup,BASELINE,C61,7962,first,win,S09,3962
c61_anchor_followup,BASELINE,C61,7963,second,loss,S09,3964
c61_anchor_followup,BASELINE,C61,7964,first,win,S09,3965
c61_anchor_followup,BASELINE,C61,7965,second,win,S09,3966
c61_anchor_followup,BASELINE,C61,7966,first,win,S09,3968
c61_anchor_followup,BASELINE,C61,7967,second,loss,S09,3967
c61_anchor_followup,BASELINE,C61,7968,first,loss,S09,3969
c61_anchor_followup,BASELINE,C61,7969,second,win,S09,3970
c61_anchor_followup,BASELINE,C61,7970,first,win,S09,3972
c61_anchor_followup,BASELINE,C61,7971,second,win,S09,3971
c61_anchor_followup,BASELINE,C61,7972,first,win,S09,3973
c61_anchor_followup,BASELINE,C61,7973,second,win,S09,3974
c61_anchor_followup,BASELINE,C61,7974,first,win,S09,3975
c61_anchor_followup,BASELINE,C61,7975,second,win,S09,3976
c61_anchor_followup,BASELINE,C61,7976,first,win,S09,3977
c61_anchor_followup,BASELINE,C61,7977,second,win,S09,3979
c61_anchor_followup,BASELINE,C61,7978,first,win,S09,3978
c61_anchor_followup,BASELINE,C61,7979,second,win,S09,3980
c61_anchor_followup,BASELINE,C61,7980,first,win,S09,3981
c61_anchor_followup,BASELINE,C61,7981,second,loss,S09,3983
c61_anchor_followup,BASELINE,C61,7982,first,loss,S09,3982
c61_anchor_followup,BASELINE,C61,7983,second,loss,S09,3985
c61_anchor_followup,BASELINE,C61,7984,first,win,S09,3984
c61_anchor_followup,BASELINE,C61,7985,second,win,S09,3986
c61_anchor_followup,BASELINE,C61,7986,first,loss,S09,3987
c61_anchor_followup,BASELINE,C61,7987,second,win,S09,3988
c61_anchor_followup,BASELINE,C61,7988,first,loss,S09,3989
c61_anchor_followup,BASELINE,C61,7989,second,loss,S09,3990
c61_anchor_followup,BASELINE,C61,7990,first,loss,S09,3991
c61_anchor_followup,BASELINE,C61,7991,second,loss,S09,3992
c61_anchor_followup,BASELINE,C61,7992,first,win,S09,3993
c61_anchor_followup,BASELINE,C61,7993,second,loss,S09,3994
c61_anchor_followup,BASELINE,C61,7994,first,loss,S09,3996
c61_anchor_followup,BASELINE,C61,7995,second,loss,S09,3995
c61_anchor_followup,BASELINE,C61,7996,first,win,S09,3997
c61_anchor_followup,BASELINE,C61,7997,second,win,S09,3998
c61_anchor_followup,BASELINE,C61,7998,first,loss,S09,3999
c61_anchor_followup,BASELINE,C61,7999,second,win,S09,4000
c61_anchor_followup,COMBINED,C61,0,first,loss,S10,2
c61_anchor_followup,COMBINED,C61,1,second,win,S10,1
c61_anchor_followup,COMBINED,C61,2,first,win,S10,3
c61_anchor_followup,COMBINED,C61,3,second,win,S10,4
c61_anchor_followup,COMBINED,C61,4,first,loss,S10,6
c61_anchor_followup,COMBINED,C61,5,second,loss,S10,5
c61_anchor_followup,COMBINED,C61,6,first,win,S10,7
c61_anchor_followup,COMBINED,C61,7,second,win,S10,8
c61_anchor_followup,COMBINED,C61,8,first,win,S10,9
c61_anchor_followup,COMBINED,C61,9,second,win,S10,10
c61_anchor_followup,COMBINED,C61,10,first,loss,S10,11
c61_anchor_followup,COMBINED,C61,11,second,win,S10,12
c61_anchor_followup,COMBINED,C61,12,first,loss,S10,13
c61_anchor_followup,COMBINED,C61,13,second,win,S10,14
c61_anchor_followup,COMBINED,C61,14,first,loss,S10,15
c61_anchor_followup,COMBINED,C61,15,second,win,S10,16
c61_anchor_followup,COMBINED,C61,16,first,loss,S10,17
c61_anchor_followup,COMBINED,C61,17,second,loss,S10,18
c61_anchor_followup,COMBINED,C61,18,first,win,S10,19
c61_anchor_followup,COMBINED,C61,19,second,win,S10,20
c61_anchor_followup,COMBINED,C61,20,first,win,S10,21
c61_anchor_followup,COMBINED,C61,21,second,loss,S10,23
c61_anchor_followup,COMBINED,C61,22,first,loss,S10,22
c61_anchor_followup,COMBINED,C61,23,second,loss,S10,24
c61_anchor_followup,COMBINED,C61,24,first,loss,S10,25
c61_anchor_followup,COMBINED,C61,25,second,win,S10,27
c61_anchor_followup,COMBINED,C61,26,first,loss,S10,26
c61_anchor_followup,COMBINED,C61,27,second,win,S10,28
c61_anchor_followup,COMBINED,C61,28,first,loss,S10,29
c61_anchor_followup,COMBINED,C61,29,second,loss,S10,30
c61_anchor_followup,COMBINED,C61,30,first,win,S10,31
c61_anchor_followup,COMBINED,C61,31,second,loss,S10,32
c61_anchor_followup,COMBINED,C61,32,first,loss,S10,33
c61_anchor_followup,COMBINED,C61,33,second,win,S10,34
c61_anchor_followup,COMBINED,C61,34,first,loss,S10,35
c61_anchor_followup,COMBINED,C61,35,second,loss,S10,36
c61_anchor_followup,COMBINED,C61,36,first,win,S10,38
c61_anchor_followup,COMBINED,C61,37,second,win,S10,37
c61_anchor_followup,COMBINED,C61,38,first,win,S10,39
c61_anchor_followup,COMBINED,C61,39,second,loss,S10,40
c61_anchor_followup,COMBINED,C61,40,first,loss,S10,41
c61_anchor_followup,COMBINED,C61,41,second,loss,S10,42
c61_anchor_followup,COMBINED,C61,42,first,loss,S10,43
c61_anchor_followup,COMBINED,C61,43,second,win,S10,44
c61_anchor_followup,COMBINED,C61,44,first,loss,S10,46
c61_anchor_followup,COMBINED,C61,45,second,win,S10,45
c61_anchor_followup,COMBINED,C61,46,first,win,S10,47
c61_anchor_followup,COMBINED,C61,47,second,loss,S10,48
c61_anchor_followup,COMBINED,C61,48,first,loss,S10,49
c61_anchor_followup,COMBINED,C61,49,second,win,S10,50
c61_anchor_followup,COMBINED,C61,50,first,win,S10,51
c61_anchor_followup,COMBINED,C61,51,second,loss,S10,52
c61_anchor_followup,COMBINED,C61,52,first,loss,S10,53
c61_anchor_followup,COMBINED,C61,53,second,win,S10,54
c61_anchor_followup,COMBINED,C61,54,first,loss,S10,55
c61_anchor_followup,COMBINED,C61,55,second,loss,S10,56
c61_anchor_followup,COMBINED,C61,56,first,loss,S10,57
c61_anchor_followup,COMBINED,C61,57,second,loss,S10,58
c61_anchor_followup,COMBINED,C61,58,first,win,S10,59
c61_anchor_followup,COMBINED,C61,59,second,loss,S10,60
c61_anchor_followup,COMBINED,C61,60,first,win,S10,61
c61_anchor_followup,COMBINED,C61,61,second,win,S10,62
c61_anchor_followup,COMBINED,C61,62,first,win,S10,64
c61_anchor_followup,COMBINED,C61,63,second,loss,S10,63
c61_anchor_followup,COMBINED,C61,64,first,loss,S10,65
c61_anchor_followup,COMBINED,C61,65,second,loss,S10,66
c61_anchor_followup,COMBINED,C61,66,first,loss,S10,67
c61_anchor_followup,COMBINED,C61,67,second,loss,S10,68
c61_anchor_followup,COMBINED,C61,68,first,loss,S10,69
c61_anchor_followup,COMBINED,C61,69,second,loss,S10,70
c61_anchor_followup,COMBINED,C61,70,first,loss,S10,71
c61_anchor_followup,COMBINED,C61,71,second,loss,S10,72
c61_anchor_followup,COMBINED,C61,72,first,loss,S10,73
c61_anchor_followup,COMBINED,C61,73,second,loss,S10,74
c61_anchor_followup,COMBINED,C61,74,first,loss,S10,75
c61_anchor_followup,COMBINED,C61,75,second,win,S10,76
c61_anchor_followup,COMBINED,C61,76,first,win,S10,77
c61_anchor_followup,COMBINED,C61,77,second,win,S10,78
c61_anchor_followup,COMBINED,C61,78,first,loss,S10,79
c61_anchor_followup,COMBINED,C61,79,second,win,S10,80
c61_anchor_followup,COMBINED,C61,80,first,loss,S10,81
c61_anchor_followup,COMBINED,C61,81,second,win,S10,82
c61_anchor_followup,COMBINED,C61,82,first,win,S10,83
c61_anchor_followup,COMBINED,C61,83,second,loss,S10,84
c61_anchor_followup,COMBINED,C61,84,first,win,S10,85
c61_anchor_followup,COMBINED,C61,85,second,win,S10,86
c61_anchor_followup,COMBINED,C61,86,first,loss,S10,87
c61_anchor_followup,COMBINED,C61,87,second,win,S10,88
c61_anchor_followup,COMBINED,C61,88,first,loss,S10,89
c61_anchor_followup,COMBINED,C61,89,second,loss,S10,91
c61_anchor_followup,COMBINED,C61,90,first,loss,S10,90
c61_anchor_followup,COMBINED,C61,91,second,loss,S10,93
c61_anchor_followup,COMBINED,C61,92,first,win,S10,92
c61_anchor_followup,COMBINED,C61,93,second,loss,S10,94
c61_anchor_followup,COMBINED,C61,94,first,loss,S10,95
c61_anchor_followup,COMBINED,C61,95,second,win,S10,96
c61_anchor_followup,COMBINED,C61,96,first,loss,S10,97
c61_anchor_followup,COMBINED,C61,97,second,win,S10,98
c61_anchor_followup,COMBINED,C61,98,first,loss,S10,100
c61_anchor_followup,COMBINED,C61,99,second,win,S10,99
c61_anchor_followup,COMBINED,C61,100,first,loss,S10,101
c61_anchor_followup,COMBINED,C61,101,second,win,S10,102
c61_anchor_followup,COMBINED,C61,102,first,win,S10,103
c61_anchor_followup,COMBINED,C61,103,second,loss,S10,104
c61_anchor_followup,COMBINED,C61,104,first,loss,S10,105
c61_anchor_followup,COMBINED,C61,105,second,win,S10,106
c61_anchor_followup,COMBINED,C61,106,first,loss,S10,108
c61_anchor_followup,COMBINED,C61,107,second,loss,S10,107
c61_anchor_followup,COMBINED,C61,108,first,loss,S10,109
c61_anchor_followup,COMBINED,C61,109,second,loss,S10,110
c61_anchor_followup,COMBINED,C61,110,first,win,S10,112
c61_anchor_followup,COMBINED,C61,111,second,loss,S10,111
c61_anchor_followup,COMBINED,C61,112,first,loss,S10,114
c61_anchor_followup,COMBINED,C61,113,second,win,S10,113
c61_anchor_followup,COMBINED,C61,114,first,win,S10,115
c61_anchor_followup,COMBINED,C61,115,second,loss,S10,116
c61_anchor_followup,COMBINED,C61,116,first,win,S10,117
c61_anchor_followup,COMBINED,C61,117,second,win,S10,118
c61_anchor_followup,COMBINED,C61,118,first,win,S10,119
c61_anchor_followup,COMBINED,C61,119,second,win,S10,120
c61_anchor_followup,COMBINED,C61,120,first,win,S10,121
c61_anchor_followup,COMBINED,C61,121,second,loss,S10,122
c61_anchor_followup,COMBINED,C61,122,first,loss,S10,123
c61_anchor_followup,COMBINED,C61,123,second,win,S10,124
c61_anchor_followup,COMBINED,C61,124,first,win,S10,125
c61_anchor_followup,COMBINED,C61,125,second,loss,S10,126
c61_anchor_followup,COMBINED,C61,126,first,loss,S10,127
c61_anchor_followup,COMBINED,C61,127,second,win,S10,128
c61_anchor_followup,COMBINED,C61,128,first,win,S10,129
c61_anchor_followup,COMBINED,C61,129,second,loss,S10,130
c61_anchor_followup,COMBINED,C61,130,first,loss,S10,132
c61_anchor_followup,COMBINED,C61,131,second,loss,S10,131
c61_anchor_followup,COMBINED,C61,132,first,loss,S10,134
c61_anchor_followup,COMBINED,C61,133,second,loss,S10,133
c61_anchor_followup,COMBINED,C61,134,first,loss,S10,136
c61_anchor_followup,COMBINED,C61,135,second,win,S10,135
c61_anchor_followup,COMBINED,C61,136,first,loss,S10,137
c61_anchor_followup,COMBINED,C61,137,second,loss,S10,138
c61_anchor_followup,COMBINED,C61,138,first,win,S10,139
c61_anchor_followup,COMBINED,C61,139,second,loss,S10,141
c61_anchor_followup,COMBINED,C61,140,first,win,S10,140
c61_anchor_followup,COMBINED,C61,141,second,loss,S10,142
c61_anchor_followup,COMBINED,C61,142,first,loss,S10,143
c61_anchor_followup,COMBINED,C61,143,second,loss,S10,144
c61_anchor_followup,COMBINED,C61,144,first,loss,S10,145
c61_anchor_followup,COMBINED,C61,145,second,loss,S10,146
c61_anchor_followup,COMBINED,C61,146,first,loss,S10,147
c61_anchor_followup,COMBINED,C61,147,second,win,S10,149
c61_anchor_followup,COMBINED,C61,148,first,win,S10,148
c61_anchor_followup,COMBINED,C61,149,second,loss,S10,150
c61_anchor_followup,COMBINED,C61,150,first,win,S10,151
c61_anchor_followup,COMBINED,C61,151,second,loss,S10,152
c61_anchor_followup,COMBINED,C61,152,first,loss,S10,153
c61_anchor_followup,COMBINED,C61,153,second,loss,S10,154
c61_anchor_followup,COMBINED,C61,154,first,win,S10,155
c61_anchor_followup,COMBINED,C61,155,second,loss,S10,157
c61_anchor_followup,COMBINED,C61,156,first,loss,S10,156
c61_anchor_followup,COMBINED,C61,157,second,loss,S10,158
c61_anchor_followup,COMBINED,C61,158,first,loss,S10,159
c61_anchor_followup,COMBINED,C61,159,second,win,S10,160
c61_anchor_followup,COMBINED,C61,160,first,loss,S10,161
c61_anchor_followup,COMBINED,C61,161,second,loss,S10,162
c61_anchor_followup,COMBINED,C61,162,first,loss,S10,163
c61_anchor_followup,COMBINED,C61,163,second,loss,S10,164
c61_anchor_followup,COMBINED,C61,164,first,loss,S10,165
c61_anchor_followup,COMBINED,C61,165,second,loss,S10,166
c61_anchor_followup,COMBINED,C61,166,first,win,S10,167
c61_anchor_followup,COMBINED,C61,167,second,win,S10,168
c61_anchor_followup,COMBINED,C61,168,first,win,S10,169
c61_anchor_followup,COMBINED,C61,169,second,win,S10,170
c61_anchor_followup,COMBINED,C61,170,first,win,S10,172
c61_anchor_followup,COMBINED,C61,171,second,loss,S10,171
c61_anchor_followup,COMBINED,C61,172,first,win,S10,173
c61_anchor_followup,COMBINED,C61,173,second,win,S10,174
c61_anchor_followup,COMBINED,C61,174,first,win,S10,175
c61_anchor_followup,COMBINED,C61,175,second,loss,S10,176
c61_anchor_followup,COMBINED,C61,176,first,loss,S10,177
c61_anchor_followup,COMBINED,C61,177,second,win,S10,178
c61_anchor_followup,COMBINED,C61,178,first,loss,S10,179
c61_anchor_followup,COMBINED,C61,179,second,loss,S10,180
c61_anchor_followup,COMBINED,C61,180,first,win,S10,181
c61_anchor_followup,COMBINED,C61,181,second,win,S10,182
c61_anchor_followup,COMBINED,C61,182,first,win,S10,183
c61_anchor_followup,COMBINED,C61,183,second,win,S10,184
c61_anchor_followup,COMBINED,C61,184,first,loss,S10,185
c61_anchor_followup,COMBINED,C61,185,second,win,S10,186
c61_anchor_followup,COMBINED,C61,186,first,loss,S10,187
c61_anchor_followup,COMBINED,C61,187,second,loss,S10,188
c61_anchor_followup,COMBINED,C61,188,first,loss,S10,189
c61_anchor_followup,COMBINED,C61,189,second,loss,S10,190
c61_anchor_followup,COMBINED,C61,190,first,win,S10,191
c61_anchor_followup,COMBINED,C61,191,second,win,S10,192
c61_anchor_followup,COMBINED,C61,192,first,win,S10,194
c61_anchor_followup,COMBINED,C61,193,second,loss,S10,193
c61_anchor_followup,COMBINED,C61,194,first,win,S10,196
c61_anchor_followup,COMBINED,C61,195,second,loss,S10,195
c61_anchor_followup,COMBINED,C61,196,first,win,S10,198
c61_anchor_followup,COMBINED,C61,197,second,win,S10,197
c61_anchor_followup,COMBINED,C61,198,first,loss,S10,200
c61_anchor_followup,COMBINED,C61,199,second,loss,S10,199
c61_anchor_followup,COMBINED,C61,200,first,win,S10,201
c61_anchor_followup,COMBINED,C61,201,second,win,S10,202
c61_anchor_followup,COMBINED,C61,202,first,win,S10,203
c61_anchor_followup,COMBINED,C61,203,second,loss,S10,205
c61_anchor_followup,COMBINED,C61,204,first,win,S10,204
c61_anchor_followup,COMBINED,C61,205,second,loss,S10,207
c61_anchor_followup,COMBINED,C61,206,first,win,S10,206
c61_anchor_followup,COMBINED,C61,207,second,win,S10,208
c61_anchor_followup,COMBINED,C61,208,first,win,S10,209
c61_anchor_followup,COMBINED,C61,209,second,loss,S10,210
c61_anchor_followup,COMBINED,C61,210,first,win,S10,211
c61_anchor_followup,COMBINED,C61,211,second,win,S10,212
c61_anchor_followup,COMBINED,C61,212,first,win,S10,213
c61_anchor_followup,COMBINED,C61,213,second,loss,S10,215
c61_anchor_followup,COMBINED,C61,214,first,loss,S10,214
c61_anchor_followup,COMBINED,C61,215,second,loss,S10,217
c61_anchor_followup,COMBINED,C61,216,first,loss,S10,216
c61_anchor_followup,COMBINED,C61,217,second,loss,S10,218
c61_anchor_followup,COMBINED,C61,218,first,loss,S10,219
c61_anchor_followup,COMBINED,C61,219,second,win,S10,220
c61_anchor_followup,COMBINED,C61,220,first,loss,S10,222
c61_anchor_followup,COMBINED,C61,221,second,win,S10,221
c61_anchor_followup,COMBINED,C61,222,first,win,S10,224
c61_anchor_followup,COMBINED,C61,223,second,loss,S10,223
c61_anchor_followup,COMBINED,C61,224,first,win,S10,225
c61_anchor_followup,COMBINED,C61,225,second,loss,S10,226
c61_anchor_followup,COMBINED,C61,226,first,loss,S10,227
c61_anchor_followup,COMBINED,C61,227,second,win,S10,228
c61_anchor_followup,COMBINED,C61,228,first,win,S10,229
c61_anchor_followup,COMBINED,C61,229,second,loss,S10,230
c61_anchor_followup,COMBINED,C61,230,first,win,S10,231
c61_anchor_followup,COMBINED,C61,231,second,loss,S10,232
c61_anchor_followup,COMBINED,C61,232,first,loss,S10,234
c61_anchor_followup,COMBINED,C61,233,second,loss,S10,233
c61_anchor_followup,COMBINED,C61,234,first,win,S10,235
c61_anchor_followup,COMBINED,C61,235,second,loss,S10,236
c61_anchor_followup,COMBINED,C61,236,first,loss,S10,237
c61_anchor_followup,COMBINED,C61,237,second,loss,S10,238
c61_anchor_followup,COMBINED,C61,238,first,win,S10,239
c61_anchor_followup,COMBINED,C61,239,second,win,S10,240
c61_anchor_followup,COMBINED,C61,240,first,win,S10,241
c61_anchor_followup,COMBINED,C61,241,second,win,S10,242
c61_anchor_followup,COMBINED,C61,242,first,loss,S10,244
c61_anchor_followup,COMBINED,C61,243,second,loss,S10,243
c61_anchor_followup,COMBINED,C61,244,first,win,S10,245
c61_anchor_followup,COMBINED,C61,245,second,loss,S10,246
c61_anchor_followup,COMBINED,C61,246,first,win,S10,248
c61_anchor_followup,COMBINED,C61,247,second,win,S10,247
c61_anchor_followup,COMBINED,C61,248,first,loss,S10,249
c61_anchor_followup,COMBINED,C61,249,second,loss,S10,250
c61_anchor_followup,COMBINED,C61,250,first,loss,S10,251
c61_anchor_followup,COMBINED,C61,251,second,loss,S10,252
c61_anchor_followup,COMBINED,C61,252,first,win,S10,253
c61_anchor_followup,COMBINED,C61,253,second,loss,S10,255
c61_anchor_followup,COMBINED,C61,254,first,loss,S10,254
c61_anchor_followup,COMBINED,C61,255,second,loss,S10,256
c61_anchor_followup,COMBINED,C61,256,first,win,S10,257
c61_anchor_followup,COMBINED,C61,257,second,loss,S10,258
c61_anchor_followup,COMBINED,C61,258,first,loss,S10,259
c61_anchor_followup,COMBINED,C61,259,second,win,S10,261
c61_anchor_followup,COMBINED,C61,260,first,win,S10,260
c61_anchor_followup,COMBINED,C61,261,second,win,S10,262
c61_anchor_followup,COMBINED,C61,262,first,win,S10,263
c61_anchor_followup,COMBINED,C61,263,second,win,S10,264
c61_anchor_followup,COMBINED,C61,264,first,win,S10,265
c61_anchor_followup,COMBINED,C61,265,second,win,S10,266
c61_anchor_followup,COMBINED,C61,266,first,win,S10,267
c61_anchor_followup,COMBINED,C61,267,second,win,S10,268
c61_anchor_followup,COMBINED,C61,268,first,win,S10,270
c61_anchor_followup,COMBINED,C61,269,second,win,S10,269
c61_anchor_followup,COMBINED,C61,270,first,loss,S10,272
c61_anchor_followup,COMBINED,C61,271,second,win,S10,271
c61_anchor_followup,COMBINED,C61,272,first,loss,S10,273
c61_anchor_followup,COMBINED,C61,273,second,loss,S10,274
c61_anchor_followup,COMBINED,C61,274,first,win,S10,276
c61_anchor_followup,COMBINED,C61,275,second,win,S10,275
c61_anchor_followup,COMBINED,C61,276,first,win,S10,277
c61_anchor_followup,COMBINED,C61,277,second,win,S10,278
c61_anchor_followup,COMBINED,C61,278,first,win,S10,279
c61_anchor_followup,COMBINED,C61,279,second,loss,S10,280
c61_anchor_followup,COMBINED,C61,280,first,win,S10,281
c61_anchor_followup,COMBINED,C61,281,second,loss,S10,282
c61_anchor_followup,COMBINED,C61,282,first,win,S10,283
c61_anchor_followup,COMBINED,C61,283,second,loss,S10,285
c61_anchor_followup,COMBINED,C61,284,first,loss,S10,284
c61_anchor_followup,COMBINED,C61,285,second,loss,S10,287
c61_anchor_followup,COMBINED,C61,286,first,win,S10,286
c61_anchor_followup,COMBINED,C61,287,second,win,S10,288
c61_anchor_followup,COMBINED,C61,288,first,win,S10,289
c61_anchor_followup,COMBINED,C61,289,second,win,S10,290
c61_anchor_followup,COMBINED,C61,290,first,loss,S10,291
c61_anchor_followup,COMBINED,C61,291,second,loss,S10,292
c61_anchor_followup,COMBINED,C61,292,first,loss,S10,293
c61_anchor_followup,COMBINED,C61,293,second,win,S10,294
c61_anchor_followup,COMBINED,C61,294,first,loss,S10,295
c61_anchor_followup,COMBINED,C61,295,second,win,S10,296
c61_anchor_followup,COMBINED,C61,296,first,win,S10,297
c61_anchor_followup,COMBINED,C61,297,second,draw,S10,299
c61_anchor_followup,COMBINED,C61,298,first,win,S10,298
c61_anchor_followup,COMBINED,C61,299,second,loss,S10,300
c61_anchor_followup,COMBINED,C61,300,first,win,S10,301
c61_anchor_followup,COMBINED,C61,301,second,loss,S10,302
c61_anchor_followup,COMBINED,C61,302,first,loss,S10,303
c61_anchor_followup,COMBINED,C61,303,second,loss,S10,304
c61_anchor_followup,COMBINED,C61,304,first,win,S10,305
c61_anchor_followup,COMBINED,C61,305,second,win,S10,306
c61_anchor_followup,COMBINED,C61,306,first,loss,S10,307
c61_anchor_followup,COMBINED,C61,307,second,loss,S10,308
c61_anchor_followup,COMBINED,C61,308,first,win,S10,309
c61_anchor_followup,COMBINED,C61,309,second,loss,S10,310
c61_anchor_followup,COMBINED,C61,310,first,loss,S10,312
c61_anchor_followup,COMBINED,C61,311,second,loss,S10,311
c61_anchor_followup,COMBINED,C61,312,first,win,S10,313
c61_anchor_followup,COMBINED,C61,313,second,loss,S10,314
c61_anchor_followup,COMBINED,C61,314,first,loss,S10,315
c61_anchor_followup,COMBINED,C61,315,second,win,S10,317
c61_anchor_followup,COMBINED,C61,316,first,win,S10,316
c61_anchor_followup,COMBINED,C61,317,second,loss,S10,318
c61_anchor_followup,COMBINED,C61,318,first,loss,S10,319
c61_anchor_followup,COMBINED,C61,319,second,loss,S10,320
c61_anchor_followup,COMBINED,C61,320,first,loss,S10,321
c61_anchor_followup,COMBINED,C61,321,second,loss,S10,322
c61_anchor_followup,COMBINED,C61,322,first,win,S10,323
c61_anchor_followup,COMBINED,C61,323,second,loss,S10,324
c61_anchor_followup,COMBINED,C61,324,first,win,S10,325
c61_anchor_followup,COMBINED,C61,325,second,loss,S10,326
c61_anchor_followup,COMBINED,C61,326,first,win,S10,328
c61_anchor_followup,COMBINED,C61,327,second,win,S10,327
c61_anchor_followup,COMBINED,C61,328,first,loss,S10,329
c61_anchor_followup,COMBINED,C61,329,second,loss,S10,330
c61_anchor_followup,COMBINED,C61,330,first,loss,S10,331
c61_anchor_followup,COMBINED,C61,331,second,win,S10,332
c61_anchor_followup,COMBINED,C61,332,first,loss,S10,334
c61_anchor_followup,COMBINED,C61,333,second,win,S10,333
c61_anchor_followup,COMBINED,C61,334,first,loss,S10,335
c61_anchor_followup,COMBINED,C61,335,second,loss,S10,336
c61_anchor_followup,COMBINED,C61,336,first,loss,S10,337
c61_anchor_followup,COMBINED,C61,337,second,win,S10,338
c61_anchor_followup,COMBINED,C61,338,first,win,S10,339
c61_anchor_followup,COMBINED,C61,339,second,win,S10,340
c61_anchor_followup,COMBINED,C61,340,first,loss,S10,341
c61_anchor_followup,COMBINED,C61,341,second,loss,S10,342
c61_anchor_followup,COMBINED,C61,342,first,win,S10,343
c61_anchor_followup,COMBINED,C61,343,second,win,S10,344
c61_anchor_followup,COMBINED,C61,344,first,loss,S10,345
c61_anchor_followup,COMBINED,C61,345,second,loss,S10,346
c61_anchor_followup,COMBINED,C61,346,first,loss,S10,347
c61_anchor_followup,COMBINED,C61,347,second,win,S10,348
c61_anchor_followup,COMBINED,C61,348,first,win,S10,349
c61_anchor_followup,COMBINED,C61,349,second,win,S10,350
c61_anchor_followup,COMBINED,C61,350,first,loss,S10,351
c61_anchor_followup,COMBINED,C61,351,second,loss,S10,352
c61_anchor_followup,COMBINED,C61,352,first,win,S10,354
c61_anchor_followup,COMBINED,C61,353,second,loss,S10,353
c61_anchor_followup,COMBINED,C61,354,first,loss,S10,355
c61_anchor_followup,COMBINED,C61,355,second,win,S10,356
c61_anchor_followup,COMBINED,C61,356,first,loss,S10,358
c61_anchor_followup,COMBINED,C61,357,second,loss,S10,357
c61_anchor_followup,COMBINED,C61,358,first,loss,S10,360
c61_anchor_followup,COMBINED,C61,359,second,loss,S10,359
c61_anchor_followup,COMBINED,C61,360,first,loss,S10,361
c61_anchor_followup,COMBINED,C61,361,second,loss,S10,362
c61_anchor_followup,COMBINED,C61,362,first,loss,S10,364
c61_anchor_followup,COMBINED,C61,363,second,win,S10,363
c61_anchor_followup,COMBINED,C61,364,first,win,S10,365
c61_anchor_followup,COMBINED,C61,365,second,win,S10,366
c61_anchor_followup,COMBINED,C61,366,first,loss,S10,367
c61_anchor_followup,COMBINED,C61,367,second,win,S10,368
c61_anchor_followup,COMBINED,C61,368,first,win,S10,369
c61_anchor_followup,COMBINED,C61,369,second,loss,S10,370
c61_anchor_followup,COMBINED,C61,370,first,loss,S10,371
c61_anchor_followup,COMBINED,C61,371,second,loss,S10,372
c61_anchor_followup,COMBINED,C61,372,first,loss,S10,373
c61_anchor_followup,COMBINED,C61,373,second,loss,S10,374
c61_anchor_followup,COMBINED,C61,374,first,win,S10,375
c61_anchor_followup,COMBINED,C61,375,second,loss,S10,377
c61_anchor_followup,COMBINED,C61,376,first,win,S10,376
c61_anchor_followup,COMBINED,C61,377,second,loss,S10,378
c61_anchor_followup,COMBINED,C61,378,first,win,S10,379
c61_anchor_followup,COMBINED,C61,379,second,win,S10,380
c61_anchor_followup,COMBINED,C61,380,first,loss,S10,381
c61_anchor_followup,COMBINED,C61,381,second,win,S10,382
c61_anchor_followup,COMBINED,C61,382,first,win,S10,383
c61_anchor_followup,COMBINED,C61,383,second,loss,S10,384
c61_anchor_followup,COMBINED,C61,384,first,loss,S10,385
c61_anchor_followup,COMBINED,C61,385,second,loss,S10,386
c61_anchor_followup,COMBINED,C61,386,first,win,S10,387
c61_anchor_followup,COMBINED,C61,387,second,loss,S10,388
c61_anchor_followup,COMBINED,C61,388,first,draw,S10,390
c61_anchor_followup,COMBINED,C61,389,second,win,S10,389
c61_anchor_followup,COMBINED,C61,390,first,win,S10,391
c61_anchor_followup,COMBINED,C61,391,second,loss,S10,392
c61_anchor_followup,COMBINED,C61,392,first,loss,S10,393
c61_anchor_followup,COMBINED,C61,393,second,win,S10,394
c61_anchor_followup,COMBINED,C61,394,first,loss,S10,395
c61_anchor_followup,COMBINED,C61,395,second,win,S10,397
c61_anchor_followup,COMBINED,C61,396,first,win,S10,396
c61_anchor_followup,COMBINED,C61,397,second,loss,S10,399
c61_anchor_followup,COMBINED,C61,398,first,loss,S10,398
c61_anchor_followup,COMBINED,C61,399,second,loss,S10,401
c61_anchor_followup,COMBINED,C61,400,first,win,S10,400
c61_anchor_followup,COMBINED,C61,401,second,loss,S10,402
c61_anchor_followup,COMBINED,C61,402,first,loss,S10,403
c61_anchor_followup,COMBINED,C61,403,second,loss,S10,404
c61_anchor_followup,COMBINED,C61,404,first,loss,S10,405
c61_anchor_followup,COMBINED,C61,405,second,loss,S10,406
c61_anchor_followup,COMBINED,C61,406,first,win,S10,407
c61_anchor_followup,COMBINED,C61,407,second,loss,S10,408
c61_anchor_followup,COMBINED,C61,408,first,loss,S10,409
c61_anchor_followup,COMBINED,C61,409,second,win,S10,410
c61_anchor_followup,COMBINED,C61,410,first,loss,S10,411
c61_anchor_followup,COMBINED,C61,411,second,win,S10,413
c61_anchor_followup,COMBINED,C61,412,first,loss,S10,412
c61_anchor_followup,COMBINED,C61,413,second,loss,S10,414
c61_anchor_followup,COMBINED,C61,414,first,loss,S10,415
c61_anchor_followup,COMBINED,C61,415,second,loss,S10,416
c61_anchor_followup,COMBINED,C61,416,first,win,S10,417
c61_anchor_followup,COMBINED,C61,417,second,win,S10,418
c61_anchor_followup,COMBINED,C61,418,first,win,S10,419
c61_anchor_followup,COMBINED,C61,419,second,loss,S10,421
c61_anchor_followup,COMBINED,C61,420,first,win,S10,420
c61_anchor_followup,COMBINED,C61,421,second,loss,S10,423
c61_anchor_followup,COMBINED,C61,422,first,win,S10,422
c61_anchor_followup,COMBINED,C61,423,second,loss,S10,424
c61_anchor_followup,COMBINED,C61,424,first,win,S10,425
c61_anchor_followup,COMBINED,C61,425,second,loss,S10,426
c61_anchor_followup,COMBINED,C61,426,first,win,S10,428
c61_anchor_followup,COMBINED,C61,427,second,win,S10,427
c61_anchor_followup,COMBINED,C61,428,first,loss,S10,429
c61_anchor_followup,COMBINED,C61,429,second,loss,S10,430
c61_anchor_followup,COMBINED,C61,430,first,win,S10,431
c61_anchor_followup,COMBINED,C61,431,second,loss,S10,432
c61_anchor_followup,COMBINED,C61,432,first,win,S10,433
c61_anchor_followup,COMBINED,C61,433,second,loss,S10,434
c61_anchor_followup,COMBINED,C61,434,first,loss,S10,435
c61_anchor_followup,COMBINED,C61,435,second,loss,S10,437
c61_anchor_followup,COMBINED,C61,436,first,loss,S10,436
c61_anchor_followup,COMBINED,C61,437,second,loss,S10,439
c61_anchor_followup,COMBINED,C61,438,first,win,S10,438
c61_anchor_followup,COMBINED,C61,439,second,loss,S10,441
c61_anchor_followup,COMBINED,C61,440,first,loss,S10,440
c61_anchor_followup,COMBINED,C61,441,second,win,S10,442
c61_anchor_followup,COMBINED,C61,442,first,win,S10,443
c61_anchor_followup,COMBINED,C61,443,second,loss,S10,445
c61_anchor_followup,COMBINED,C61,444,first,loss,S10,444
c61_anchor_followup,COMBINED,C61,445,second,loss,S10,446
c61_anchor_followup,COMBINED,C61,446,first,win,S10,448
c61_anchor_followup,COMBINED,C61,447,second,win,S10,447
c61_anchor_followup,COMBINED,C61,448,first,win,S10,449
c61_anchor_followup,COMBINED,C61,449,second,loss,S10,450
c61_anchor_followup,COMBINED,C61,450,first,win,S10,451
c61_anchor_followup,COMBINED,C61,451,second,loss,S10,452
c61_anchor_followup,COMBINED,C61,452,first,loss,S10,453
c61_anchor_followup,COMBINED,C61,453,second,loss,S10,454
c61_anchor_followup,COMBINED,C61,454,first,loss,S10,455
c61_anchor_followup,COMBINED,C61,455,second,loss,S10,456
c61_anchor_followup,COMBINED,C61,456,first,win,S10,457
c61_anchor_followup,COMBINED,C61,457,second,win,S10,459
c61_anchor_followup,COMBINED,C61,458,first,win,S10,458
c61_anchor_followup,COMBINED,C61,459,second,loss,S10,460
c61_anchor_followup,COMBINED,C61,460,first,loss,S10,461
c61_anchor_followup,COMBINED,C61,461,second,loss,S10,462
c61_anchor_followup,COMBINED,C61,462,first,win,S10,463
c61_anchor_followup,COMBINED,C61,463,second,win,S10,464
c61_anchor_followup,COMBINED,C61,464,first,win,S10,465
c61_anchor_followup,COMBINED,C61,465,second,win,S10,467
c61_anchor_followup,COMBINED,C61,466,first,loss,S10,466
c61_anchor_followup,COMBINED,C61,467,second,loss,S10,468
c61_anchor_followup,COMBINED,C61,468,first,loss,S10,469
c61_anchor_followup,COMBINED,C61,469,second,loss,S10,470
c61_anchor_followup,COMBINED,C61,470,first,loss,S10,471
c61_anchor_followup,COMBINED,C61,471,second,win,S10,472
c61_anchor_followup,COMBINED,C61,472,first,loss,S10,473
c61_anchor_followup,COMBINED,C61,473,second,loss,S10,474
c61_anchor_followup,COMBINED,C61,474,first,loss,S10,475
c61_anchor_followup,COMBINED,C61,475,second,loss,S10,476
c61_anchor_followup,COMBINED,C61,476,first,loss,S10,477
c61_anchor_followup,COMBINED,C61,477,second,loss,S10,479
c61_anchor_followup,COMBINED,C61,478,first,win,S10,478
c61_anchor_followup,COMBINED,C61,479,second,loss,S10,480
c61_anchor_followup,COMBINED,C61,480,first,loss,S10,481
c61_anchor_followup,COMBINED,C61,481,second,win,S10,482
c61_anchor_followup,COMBINED,C61,482,first,loss,S10,483
c61_anchor_followup,COMBINED,C61,483,second,loss,S10,485
c61_anchor_followup,COMBINED,C61,484,first,loss,S10,484
c61_anchor_followup,COMBINED,C61,485,second,win,S10,487
c61_anchor_followup,COMBINED,C61,486,first,win,S10,486
c61_anchor_followup,COMBINED,C61,487,second,loss,S10,488
c61_anchor_followup,COMBINED,C61,488,first,win,S10,489
c61_anchor_followup,COMBINED,C61,489,second,loss,S10,490
c61_anchor_followup,COMBINED,C61,490,first,win,S10,491
c61_anchor_followup,COMBINED,C61,491,second,win,S10,492
c61_anchor_followup,COMBINED,C61,492,first,win,S10,493
c61_anchor_followup,COMBINED,C61,493,second,win,S10,494
c61_anchor_followup,COMBINED,C61,494,first,loss,S10,495
c61_anchor_followup,COMBINED,C61,495,second,win,S10,496
c61_anchor_followup,COMBINED,C61,496,first,loss,S10,497
c61_anchor_followup,COMBINED,C61,497,second,win,S10,498
c61_anchor_followup,COMBINED,C61,498,first,win,S10,500
c61_anchor_followup,COMBINED,C61,499,second,loss,S10,499
c61_anchor_followup,COMBINED,C61,500,first,loss,S10,501
c61_anchor_followup,COMBINED,C61,501,second,loss,S10,502
c61_anchor_followup,COMBINED,C61,502,first,loss,S10,503
c61_anchor_followup,COMBINED,C61,503,second,loss,S10,504
c61_anchor_followup,COMBINED,C61,504,first,loss,S10,505
c61_anchor_followup,COMBINED,C61,505,second,win,S10,506
c61_anchor_followup,COMBINED,C61,506,first,win,S10,507
c61_anchor_followup,COMBINED,C61,507,second,win,S10,509
c61_anchor_followup,COMBINED,C61,508,first,loss,S10,508
c61_anchor_followup,COMBINED,C61,509,second,loss,S10,510
c61_anchor_followup,COMBINED,C61,510,first,loss,S10,511
c61_anchor_followup,COMBINED,C61,511,second,loss,S10,512
c61_anchor_followup,COMBINED,C61,512,first,loss,S10,514
c61_anchor_followup,COMBINED,C61,513,second,win,S10,513
c61_anchor_followup,COMBINED,C61,514,first,loss,S10,515
c61_anchor_followup,COMBINED,C61,515,second,win,S10,516
c61_anchor_followup,COMBINED,C61,516,first,win,S10,517
c61_anchor_followup,COMBINED,C61,517,second,win,S10,518
c61_anchor_followup,COMBINED,C61,518,first,loss,S10,521
c61_anchor_followup,COMBINED,C61,519,second,loss,S10,519
c61_anchor_followup,COMBINED,C61,520,first,win,S10,520
c61_anchor_followup,COMBINED,C61,521,second,loss,S10,522
c61_anchor_followup,COMBINED,C61,522,first,loss,S10,523
c61_anchor_followup,COMBINED,C61,523,second,loss,S10,524
c61_anchor_followup,COMBINED,C61,524,first,loss,S10,525
c61_anchor_followup,COMBINED,C61,525,second,win,S10,526
c61_anchor_followup,COMBINED,C61,526,first,loss,S10,527
c61_anchor_followup,COMBINED,C61,527,second,loss,S10,528
c61_anchor_followup,COMBINED,C61,528,first,loss,S10,529
c61_anchor_followup,COMBINED,C61,529,second,win,S10,530
c61_anchor_followup,COMBINED,C61,530,first,loss,S10,531
c61_anchor_followup,COMBINED,C61,531,second,win,S10,532
c61_anchor_followup,COMBINED,C61,532,first,win,S10,533
c61_anchor_followup,COMBINED,C61,533,second,loss,S10,534
c61_anchor_followup,COMBINED,C61,534,first,win,S10,535
c61_anchor_followup,COMBINED,C61,535,second,loss,S10,536
c61_anchor_followup,COMBINED,C61,536,first,loss,S10,537
c61_anchor_followup,COMBINED,C61,537,second,win,S10,538
c61_anchor_followup,COMBINED,C61,538,first,win,S10,539
c61_anchor_followup,COMBINED,C61,539,second,win,S10,541
c61_anchor_followup,COMBINED,C61,540,first,win,S10,540
c61_anchor_followup,COMBINED,C61,541,second,win,S10,542
c61_anchor_followup,COMBINED,C61,542,first,loss,S10,543
c61_anchor_followup,COMBINED,C61,543,second,loss,S10,544
c61_anchor_followup,COMBINED,C61,544,first,loss,S10,545
c61_anchor_followup,COMBINED,C61,545,second,win,S10,546
c61_anchor_followup,COMBINED,C61,546,first,win,S10,547
c61_anchor_followup,COMBINED,C61,547,second,loss,S10,549
c61_anchor_followup,COMBINED,C61,548,first,win,S10,548
c61_anchor_followup,COMBINED,C61,549,second,loss,S10,550
c61_anchor_followup,COMBINED,C61,550,first,win,S10,551
c61_anchor_followup,COMBINED,C61,551,second,loss,S10,552
c61_anchor_followup,COMBINED,C61,552,first,loss,S10,553
c61_anchor_followup,COMBINED,C61,553,second,loss,S10,554
c61_anchor_followup,COMBINED,C61,554,first,win,S10,555
c61_anchor_followup,COMBINED,C61,555,second,win,S10,556
c61_anchor_followup,COMBINED,C61,556,first,win,S10,558
c61_anchor_followup,COMBINED,C61,557,second,win,S10,557
c61_anchor_followup,COMBINED,C61,558,first,loss,S10,559
c61_anchor_followup,COMBINED,C61,559,second,win,S10,560
c61_anchor_followup,COMBINED,C61,560,first,loss,S10,561
c61_anchor_followup,COMBINED,C61,561,second,win,S10,562
c61_anchor_followup,COMBINED,C61,562,first,loss,S10,564
c61_anchor_followup,COMBINED,C61,563,second,loss,S10,563
c61_anchor_followup,COMBINED,C61,564,first,win,S10,565
c61_anchor_followup,COMBINED,C61,565,second,loss,S10,566
c61_anchor_followup,COMBINED,C61,566,first,loss,S10,567
c61_anchor_followup,COMBINED,C61,567,second,loss,S10,568
c61_anchor_followup,COMBINED,C61,568,first,win,S10,569
c61_anchor_followup,COMBINED,C61,569,second,loss,S10,570
c61_anchor_followup,COMBINED,C61,570,first,loss,S10,572
c61_anchor_followup,COMBINED,C61,571,second,loss,S10,571
c61_anchor_followup,COMBINED,C61,572,first,win,S10,573
c61_anchor_followup,COMBINED,C61,573,second,win,S10,574
c61_anchor_followup,COMBINED,C61,574,first,loss,S10,575
c61_anchor_followup,COMBINED,C61,575,second,win,S10,577
c61_anchor_followup,COMBINED,C61,576,first,loss,S10,576
c61_anchor_followup,COMBINED,C61,577,second,win,S10,578
c61_anchor_followup,COMBINED,C61,578,first,win,S10,580
c61_anchor_followup,COMBINED,C61,579,second,loss,S10,579
c61_anchor_followup,COMBINED,C61,580,first,win,S10,581
c61_anchor_followup,COMBINED,C61,581,second,loss,S10,582
c61_anchor_followup,COMBINED,C61,582,first,loss,S10,583
c61_anchor_followup,COMBINED,C61,583,second,loss,S10,584
c61_anchor_followup,COMBINED,C61,584,first,loss,S10,585
c61_anchor_followup,COMBINED,C61,585,second,loss,S10,587
c61_anchor_followup,COMBINED,C61,586,first,win,S10,586
c61_anchor_followup,COMBINED,C61,587,second,loss,S10,588
c61_anchor_followup,COMBINED,C61,588,first,loss,S10,589
c61_anchor_followup,COMBINED,C61,589,second,loss,S10,591
c61_anchor_followup,COMBINED,C61,590,first,win,S10,590
c61_anchor_followup,COMBINED,C61,591,second,loss,S10,592
c61_anchor_followup,COMBINED,C61,592,first,win,S10,593
c61_anchor_followup,COMBINED,C61,593,second,win,S10,596
c61_anchor_followup,COMBINED,C61,594,first,win,S10,594
c61_anchor_followup,COMBINED,C61,595,second,loss,S10,595
c61_anchor_followup,COMBINED,C61,596,first,win,S10,597
c61_anchor_followup,COMBINED,C61,597,second,loss,S10,598
c61_anchor_followup,COMBINED,C61,598,first,loss,S10,599
c61_anchor_followup,COMBINED,C61,599,second,loss,S10,600
c61_anchor_followup,COMBINED,C61,600,first,loss,S10,601
c61_anchor_followup,COMBINED,C61,601,second,loss,S10,602
c61_anchor_followup,COMBINED,C61,602,first,loss,S10,603
c61_anchor_followup,COMBINED,C61,603,second,win,S10,604
c61_anchor_followup,COMBINED,C61,604,first,loss,S10,605
c61_anchor_followup,COMBINED,C61,605,second,loss,S10,606
c61_anchor_followup,COMBINED,C61,606,first,win,S10,607
c61_anchor_followup,COMBINED,C61,607,second,loss,S10,608
c61_anchor_followup,COMBINED,C61,608,first,loss,S10,609
c61_anchor_followup,COMBINED,C61,609,second,win,S10,610
c61_anchor_followup,COMBINED,C61,610,first,win,S10,612
c61_anchor_followup,COMBINED,C61,611,second,loss,S10,611
c61_anchor_followup,COMBINED,C61,612,first,loss,S10,614
c61_anchor_followup,COMBINED,C61,613,second,loss,S10,613
c61_anchor_followup,COMBINED,C61,614,first,loss,S10,616
c61_anchor_followup,COMBINED,C61,615,second,loss,S10,615
c61_anchor_followup,COMBINED,C61,616,first,loss,S10,617
c61_anchor_followup,COMBINED,C61,617,second,loss,S10,618
c61_anchor_followup,COMBINED,C61,618,first,win,S10,619
c61_anchor_followup,COMBINED,C61,619,second,win,S10,620
c61_anchor_followup,COMBINED,C61,620,first,win,S10,622
c61_anchor_followup,COMBINED,C61,621,second,win,S10,621
c61_anchor_followup,COMBINED,C61,622,first,win,S10,623
c61_anchor_followup,COMBINED,C61,623,second,loss,S10,624
c61_anchor_followup,COMBINED,C61,624,first,loss,S10,625
c61_anchor_followup,COMBINED,C61,625,second,loss,S10,626
c61_anchor_followup,COMBINED,C61,626,first,win,S10,628
c61_anchor_followup,COMBINED,C61,627,second,loss,S10,627
c61_anchor_followup,COMBINED,C61,628,first,win,S10,630
c61_anchor_followup,COMBINED,C61,629,second,win,S10,629
c61_anchor_followup,COMBINED,C61,630,first,win,S10,631
c61_anchor_followup,COMBINED,C61,631,second,win,S10,632
c61_anchor_followup,COMBINED,C61,632,first,win,S10,633
c61_anchor_followup,COMBINED,C61,633,second,loss,S10,634
c61_anchor_followup,COMBINED,C61,634,first,loss,S10,635
c61_anchor_followup,COMBINED,C61,635,second,win,S10,636
c61_anchor_followup,COMBINED,C61,636,first,win,S10,638
c61_anchor_followup,COMBINED,C61,637,second,loss,S10,637
c61_anchor_followup,COMBINED,C61,638,first,loss,S10,640
c61_anchor_followup,COMBINED,C61,639,second,loss,S10,639
c61_anchor_followup,COMBINED,C61,640,first,win,S10,642
c61_anchor_followup,COMBINED,C61,641,second,loss,S10,641
c61_anchor_followup,COMBINED,C61,642,first,win,S10,644
c61_anchor_followup,COMBINED,C61,643,second,loss,S10,643
c61_anchor_followup,COMBINED,C61,644,first,loss,S10,646
c61_anchor_followup,COMBINED,C61,645,second,loss,S10,645
c61_anchor_followup,COMBINED,C61,646,first,loss,S10,647
c61_anchor_followup,COMBINED,C61,647,second,loss,S10,648
c61_anchor_followup,COMBINED,C61,648,first,loss,S10,649
c61_anchor_followup,COMBINED,C61,649,second,loss,S10,650
c61_anchor_followup,COMBINED,C61,650,first,loss,S10,651
c61_anchor_followup,COMBINED,C61,651,second,win,S10,652
c61_anchor_followup,COMBINED,C61,652,first,win,S10,653
c61_anchor_followup,COMBINED,C61,653,second,loss,S10,655
c61_anchor_followup,COMBINED,C61,654,first,win,S10,654
c61_anchor_followup,COMBINED,C61,655,second,loss,S10,656
c61_anchor_followup,COMBINED,C61,656,first,win,S10,658
c61_anchor_followup,COMBINED,C61,657,second,win,S10,657
c61_anchor_followup,COMBINED,C61,658,first,loss,S10,659
c61_anchor_followup,COMBINED,C61,659,second,loss,S10,660
c61_anchor_followup,COMBINED,C61,660,first,win,S10,661
c61_anchor_followup,COMBINED,C61,661,second,loss,S10,662
c61_anchor_followup,COMBINED,C61,662,first,loss,S10,663
c61_anchor_followup,COMBINED,C61,663,second,win,S10,664
c61_anchor_followup,COMBINED,C61,664,first,win,S10,666
c61_anchor_followup,COMBINED,C61,665,second,win,S10,665
c61_anchor_followup,COMBINED,C61,666,first,loss,S10,668
c61_anchor_followup,COMBINED,C61,667,second,loss,S10,667
c61_anchor_followup,COMBINED,C61,668,first,loss,S10,669
c61_anchor_followup,COMBINED,C61,669,second,loss,S10,670
c61_anchor_followup,COMBINED,C61,670,first,loss,S10,671
c61_anchor_followup,COMBINED,C61,671,second,loss,S10,672
c61_anchor_followup,COMBINED,C61,672,first,loss,S10,673
c61_anchor_followup,COMBINED,C61,673,second,loss,S10,674
c61_anchor_followup,COMBINED,C61,674,first,win,S10,676
c61_anchor_followup,COMBINED,C61,675,second,win,S10,675
c61_anchor_followup,COMBINED,C61,676,first,win,S10,677
c61_anchor_followup,COMBINED,C61,677,second,loss,S10,678
c61_anchor_followup,COMBINED,C61,678,first,loss,S10,679
c61_anchor_followup,COMBINED,C61,679,second,loss,S10,680
c61_anchor_followup,COMBINED,C61,680,first,win,S10,681
c61_anchor_followup,COMBINED,C61,681,second,loss,S10,682
c61_anchor_followup,COMBINED,C61,682,first,win,S10,683
c61_anchor_followup,COMBINED,C61,683,second,loss,S10,685
c61_anchor_followup,COMBINED,C61,684,first,win,S10,684
c61_anchor_followup,COMBINED,C61,685,second,win,S10,686
c61_anchor_followup,COMBINED,C61,686,first,loss,S10,687
c61_anchor_followup,COMBINED,C61,687,second,loss,S10,689
c61_anchor_followup,COMBINED,C61,688,first,win,S10,688
c61_anchor_followup,COMBINED,C61,689,second,loss,S10,690
c61_anchor_followup,COMBINED,C61,690,first,loss,S10,691
c61_anchor_followup,COMBINED,C61,691,second,loss,S10,692
c61_anchor_followup,COMBINED,C61,692,first,win,S10,693
c61_anchor_followup,COMBINED,C61,693,second,loss,S10,694
c61_anchor_followup,COMBINED,C61,694,first,loss,S10,696
c61_anchor_followup,COMBINED,C61,695,second,loss,S10,695
c61_anchor_followup,COMBINED,C61,696,first,loss,S10,698
c61_anchor_followup,COMBINED,C61,697,second,loss,S10,697
c61_anchor_followup,COMBINED,C61,698,first,loss,S10,699
c61_anchor_followup,COMBINED,C61,699,second,loss,S10,700
c61_anchor_followup,COMBINED,C61,700,first,win,S10,701
c61_anchor_followup,COMBINED,C61,701,second,loss,S10,702
c61_anchor_followup,COMBINED,C61,702,first,loss,S10,703
c61_anchor_followup,COMBINED,C61,703,second,win,S10,705
c61_anchor_followup,COMBINED,C61,704,first,win,S10,704
c61_anchor_followup,COMBINED,C61,705,second,loss,S10,706
c61_anchor_followup,COMBINED,C61,706,first,win,S10,707
c61_anchor_followup,COMBINED,C61,707,second,loss,S10,708
c61_anchor_followup,COMBINED,C61,708,first,loss,S10,709
c61_anchor_followup,COMBINED,C61,709,second,loss,S10,711
c61_anchor_followup,COMBINED,C61,710,first,win,S10,710
c61_anchor_followup,COMBINED,C61,711,second,win,S10,713
c61_anchor_followup,COMBINED,C61,712,first,loss,S10,712
c61_anchor_followup,COMBINED,C61,713,second,loss,S10,714
c61_anchor_followup,COMBINED,C61,714,first,win,S10,715
c61_anchor_followup,COMBINED,C61,715,second,loss,S10,716
c61_anchor_followup,COMBINED,C61,716,first,win,S10,717
c61_anchor_followup,COMBINED,C61,717,second,loss,S10,719
c61_anchor_followup,COMBINED,C61,718,first,loss,S10,718
c61_anchor_followup,COMBINED,C61,719,second,loss,S10,720
c61_anchor_followup,COMBINED,C61,720,first,loss,S10,721
c61_anchor_followup,COMBINED,C61,721,second,win,S10,722
c61_anchor_followup,COMBINED,C61,722,first,loss,S10,723
c61_anchor_followup,COMBINED,C61,723,second,loss,S10,724
c61_anchor_followup,COMBINED,C61,724,first,loss,S10,725
c61_anchor_followup,COMBINED,C61,725,second,win,S10,726
c61_anchor_followup,COMBINED,C61,726,first,loss,S10,729
c61_anchor_followup,COMBINED,C61,727,second,win,S10,727
c61_anchor_followup,COMBINED,C61,728,first,win,S10,728
c61_anchor_followup,COMBINED,C61,729,second,loss,S10,730
c61_anchor_followup,COMBINED,C61,730,first,loss,S10,731
c61_anchor_followup,COMBINED,C61,731,second,win,S10,732
c61_anchor_followup,COMBINED,C61,732,first,loss,S10,733
c61_anchor_followup,COMBINED,C61,733,second,loss,S10,734
c61_anchor_followup,COMBINED,C61,734,first,win,S10,735
c61_anchor_followup,COMBINED,C61,735,second,win,S10,736
c61_anchor_followup,COMBINED,C61,736,first,loss,S10,737
c61_anchor_followup,COMBINED,C61,737,second,loss,S10,739
c61_anchor_followup,COMBINED,C61,738,first,win,S10,738
c61_anchor_followup,COMBINED,C61,739,second,loss,S10,740
c61_anchor_followup,COMBINED,C61,740,first,win,S10,742
c61_anchor_followup,COMBINED,C61,741,second,win,S10,741
c61_anchor_followup,COMBINED,C61,742,first,loss,S10,744
c61_anchor_followup,COMBINED,C61,743,second,win,S10,743
c61_anchor_followup,COMBINED,C61,744,first,win,S10,745
c61_anchor_followup,COMBINED,C61,745,second,loss,S10,746
c61_anchor_followup,COMBINED,C61,746,first,loss,S10,747
c61_anchor_followup,COMBINED,C61,747,second,loss,S10,748
c61_anchor_followup,COMBINED,C61,748,first,win,S10,749
c61_anchor_followup,COMBINED,C61,749,second,loss,S10,751
c61_anchor_followup,COMBINED,C61,750,first,win,S10,750
c61_anchor_followup,COMBINED,C61,751,second,win,S10,752
c61_anchor_followup,COMBINED,C61,752,first,loss,S10,753
c61_anchor_followup,COMBINED,C61,753,second,win,S10,754
c61_anchor_followup,COMBINED,C61,754,first,win,S10,755
c61_anchor_followup,COMBINED,C61,755,second,win,S10,756
c61_anchor_followup,COMBINED,C61,756,first,win,S10,758
c61_anchor_followup,COMBINED,C61,757,second,win,S10,757
c61_anchor_followup,COMBINED,C61,758,first,loss,S10,759
c61_anchor_followup,COMBINED,C61,759,second,loss,S10,760
c61_anchor_followup,COMBINED,C61,760,first,loss,S10,762
c61_anchor_followup,COMBINED,C61,761,second,win,S10,761
c61_anchor_followup,COMBINED,C61,762,first,loss,S10,763
c61_anchor_followup,COMBINED,C61,763,second,loss,S10,765
c61_anchor_followup,COMBINED,C61,764,first,win,S10,764
c61_anchor_followup,COMBINED,C61,765,second,win,S10,766
c61_anchor_followup,COMBINED,C61,766,first,win,S10,767
c61_anchor_followup,COMBINED,C61,767,second,loss,S10,769
c61_anchor_followup,COMBINED,C61,768,first,win,S10,768
c61_anchor_followup,COMBINED,C61,769,second,win,S10,770
c61_anchor_followup,COMBINED,C61,770,first,win,S10,771
c61_anchor_followup,COMBINED,C61,771,second,win,S10,772
c61_anchor_followup,COMBINED,C61,772,first,loss,S10,773
c61_anchor_followup,COMBINED,C61,773,second,loss,S10,774
c61_anchor_followup,COMBINED,C61,774,first,loss,S10,775
c61_anchor_followup,COMBINED,C61,775,second,loss,S10,776
c61_anchor_followup,COMBINED,C61,776,first,loss,S10,777
c61_anchor_followup,COMBINED,C61,777,second,loss,S10,778
c61_anchor_followup,COMBINED,C61,778,first,win,S10,779
c61_anchor_followup,COMBINED,C61,779,second,loss,S10,780
c61_anchor_followup,COMBINED,C61,780,first,loss,S10,781
c61_anchor_followup,COMBINED,C61,781,second,loss,S10,782
c61_anchor_followup,COMBINED,C61,782,first,win,S10,783
c61_anchor_followup,COMBINED,C61,783,second,loss,S10,784
c61_anchor_followup,COMBINED,C61,784,first,loss,S10,786
c61_anchor_followup,COMBINED,C61,785,second,loss,S10,785
c61_anchor_followup,COMBINED,C61,786,first,win,S10,787
c61_anchor_followup,COMBINED,C61,787,second,loss,S10,788
c61_anchor_followup,COMBINED,C61,788,first,loss,S10,789
c61_anchor_followup,COMBINED,C61,789,second,win,S10,791
c61_anchor_followup,COMBINED,C61,790,first,loss,S10,790
c61_anchor_followup,COMBINED,C61,791,second,loss,S10,793
c61_anchor_followup,COMBINED,C61,792,first,loss,S10,792
c61_anchor_followup,COMBINED,C61,793,second,loss,S10,794
c61_anchor_followup,COMBINED,C61,794,first,loss,S10,795
c61_anchor_followup,COMBINED,C61,795,second,loss,S10,796
c61_anchor_followup,COMBINED,C61,796,first,loss,S10,797
c61_anchor_followup,COMBINED,C61,797,second,loss,S10,798
c61_anchor_followup,COMBINED,C61,798,first,loss,S10,799
c61_anchor_followup,COMBINED,C61,799,second,win,S10,800
c61_anchor_followup,COMBINED,C61,800,first,loss,S10,802
c61_anchor_followup,COMBINED,C61,801,second,loss,S10,801
c61_anchor_followup,COMBINED,C61,802,first,loss,S10,804
c61_anchor_followup,COMBINED,C61,803,second,loss,S10,803
c61_anchor_followup,COMBINED,C61,804,first,win,S10,806
c61_anchor_followup,COMBINED,C61,805,second,loss,S10,805
c61_anchor_followup,COMBINED,C61,806,first,win,S10,807
c61_anchor_followup,COMBINED,C61,807,second,loss,S10,808
c61_anchor_followup,COMBINED,C61,808,first,win,S10,809
c61_anchor_followup,COMBINED,C61,809,second,loss,S10,810
c61_anchor_followup,COMBINED,C61,810,first,loss,S10,812
c61_anchor_followup,COMBINED,C61,811,second,loss,S10,811
c61_anchor_followup,COMBINED,C61,812,first,win,S10,814
c61_anchor_followup,COMBINED,C61,813,second,loss,S10,813
c61_anchor_followup,COMBINED,C61,814,first,loss,S10,815
c61_anchor_followup,COMBINED,C61,815,second,win,S10,816
c61_anchor_followup,COMBINED,C61,816,first,loss,S10,817
c61_anchor_followup,COMBINED,C61,817,second,win,S10,818
c61_anchor_followup,COMBINED,C61,818,first,win,S10,819
c61_anchor_followup,COMBINED,C61,819,second,win,S10,820
c61_anchor_followup,COMBINED,C61,820,first,win,S10,821
c61_anchor_followup,COMBINED,C61,821,second,loss,S10,822
c61_anchor_followup,COMBINED,C61,822,first,win,S10,823
c61_anchor_followup,COMBINED,C61,823,second,win,S10,824
c61_anchor_followup,COMBINED,C61,824,first,loss,S10,826
c61_anchor_followup,COMBINED,C61,825,second,win,S10,825
c61_anchor_followup,COMBINED,C61,826,first,win,S10,827
c61_anchor_followup,COMBINED,C61,827,second,loss,S10,828
c61_anchor_followup,COMBINED,C61,828,first,win,S10,829
c61_anchor_followup,COMBINED,C61,829,second,loss,S10,830
c61_anchor_followup,COMBINED,C61,830,first,win,S10,831
c61_anchor_followup,COMBINED,C61,831,second,loss,S10,832
c61_anchor_followup,COMBINED,C61,832,first,loss,S10,833
c61_anchor_followup,COMBINED,C61,833,second,loss,S10,834
c61_anchor_followup,COMBINED,C61,834,first,win,S10,835
c61_anchor_followup,COMBINED,C61,835,second,win,S10,836
c61_anchor_followup,COMBINED,C61,836,first,win,S10,837
c61_anchor_followup,COMBINED,C61,837,second,loss,S10,839
c61_anchor_followup,COMBINED,C61,838,first,win,S10,838
c61_anchor_followup,COMBINED,C61,839,second,loss,S10,840
c61_anchor_followup,COMBINED,C61,840,first,loss,S10,841
c61_anchor_followup,COMBINED,C61,841,second,loss,S10,843
c61_anchor_followup,COMBINED,C61,842,first,win,S10,842
c61_anchor_followup,COMBINED,C61,843,second,win,S10,844
c61_anchor_followup,COMBINED,C61,844,first,win,S10,845
c61_anchor_followup,COMBINED,C61,845,second,loss,S10,846
c61_anchor_followup,COMBINED,C61,846,first,loss,S10,847
c61_anchor_followup,COMBINED,C61,847,second,loss,S10,848
c61_anchor_followup,COMBINED,C61,848,first,win,S10,850
c61_anchor_followup,COMBINED,C61,849,second,win,S10,849
c61_anchor_followup,COMBINED,C61,850,first,loss,S10,852
c61_anchor_followup,COMBINED,C61,851,second,loss,S10,851
c61_anchor_followup,COMBINED,C61,852,first,win,S10,854
c61_anchor_followup,COMBINED,C61,853,second,win,S10,853
c61_anchor_followup,COMBINED,C61,854,first,loss,S10,855
c61_anchor_followup,COMBINED,C61,855,second,loss,S10,856
c61_anchor_followup,COMBINED,C61,856,first,loss,S10,857
c61_anchor_followup,COMBINED,C61,857,second,win,S10,858
c61_anchor_followup,COMBINED,C61,858,first,win,S10,859
c61_anchor_followup,COMBINED,C61,859,second,win,S10,860
c61_anchor_followup,COMBINED,C61,860,first,win,S10,862
c61_anchor_followup,COMBINED,C61,861,second,loss,S10,861
c61_anchor_followup,COMBINED,C61,862,first,loss,S10,863
c61_anchor_followup,COMBINED,C61,863,second,loss,S10,864
c61_anchor_followup,COMBINED,C61,864,first,win,S10,865
c61_anchor_followup,COMBINED,C61,865,second,loss,S10,866
c61_anchor_followup,COMBINED,C61,866,first,win,S10,867
c61_anchor_followup,COMBINED,C61,867,second,loss,S10,868
c61_anchor_followup,COMBINED,C61,868,first,loss,S10,869
c61_anchor_followup,COMBINED,C61,869,second,win,S10,871
c61_anchor_followup,COMBINED,C61,870,first,loss,S10,870
c61_anchor_followup,COMBINED,C61,871,second,win,S10,872
c61_anchor_followup,COMBINED,C61,872,first,loss,S10,873
c61_anchor_followup,COMBINED,C61,873,second,loss,S10,874
c61_anchor_followup,COMBINED,C61,874,first,loss,S10,875
c61_anchor_followup,COMBINED,C61,875,second,win,S10,876
c61_anchor_followup,COMBINED,C61,876,first,loss,S10,877
c61_anchor_followup,COMBINED,C61,877,second,win,S10,878
c61_anchor_followup,COMBINED,C61,878,first,loss,S10,879
c61_anchor_followup,COMBINED,C61,879,second,win,S10,880
c61_anchor_followup,COMBINED,C61,880,first,win,S10,881
c61_anchor_followup,COMBINED,C61,881,second,loss,S10,882
c61_anchor_followup,COMBINED,C61,882,first,loss,S10,884
c61_anchor_followup,COMBINED,C61,883,second,loss,S10,883
c61_anchor_followup,COMBINED,C61,884,first,win,S10,885
c61_anchor_followup,COMBINED,C61,885,second,loss,S10,886
c61_anchor_followup,COMBINED,C61,886,first,loss,S10,887
c61_anchor_followup,COMBINED,C61,887,second,win,S10,888
c61_anchor_followup,COMBINED,C61,888,first,loss,S10,889
c61_anchor_followup,COMBINED,C61,889,second,loss,S10,891
c61_anchor_followup,COMBINED,C61,890,first,loss,S10,890
c61_anchor_followup,COMBINED,C61,891,second,win,S10,893
c61_anchor_followup,COMBINED,C61,892,first,win,S10,892
c61_anchor_followup,COMBINED,C61,893,second,loss,S10,894
c61_anchor_followup,COMBINED,C61,894,first,win,S10,895
c61_anchor_followup,COMBINED,C61,895,second,win,S10,896
c61_anchor_followup,COMBINED,C61,896,first,win,S10,897
c61_anchor_followup,COMBINED,C61,897,second,loss,S10,898
c61_anchor_followup,COMBINED,C61,898,first,win,S10,899
c61_anchor_followup,COMBINED,C61,899,second,win,S10,900
c61_anchor_followup,COMBINED,C61,900,first,loss,S10,901
c61_anchor_followup,COMBINED,C61,901,second,loss,S10,902
c61_anchor_followup,COMBINED,C61,902,first,win,S10,903
c61_anchor_followup,COMBINED,C61,903,second,loss,S10,904
c61_anchor_followup,COMBINED,C61,904,first,loss,S10,905
c61_anchor_followup,COMBINED,C61,905,second,win,S10,907
c61_anchor_followup,COMBINED,C61,906,first,win,S10,906
c61_anchor_followup,COMBINED,C61,907,second,win,S10,908
c61_anchor_followup,COMBINED,C61,908,first,loss,S10,909
c61_anchor_followup,COMBINED,C61,909,second,loss,S10,910
c61_anchor_followup,COMBINED,C61,910,first,loss,S10,911
c61_anchor_followup,COMBINED,C61,911,second,win,S10,912
c61_anchor_followup,COMBINED,C61,912,first,loss,S10,913
c61_anchor_followup,COMBINED,C61,913,second,win,S10,914
c61_anchor_followup,COMBINED,C61,914,first,win,S10,915
c61_anchor_followup,COMBINED,C61,915,second,win,S10,916
c61_anchor_followup,COMBINED,C61,916,first,win,S10,917
c61_anchor_followup,COMBINED,C61,917,second,win,S10,918
c61_anchor_followup,COMBINED,C61,918,first,loss,S10,919
c61_anchor_followup,COMBINED,C61,919,second,loss,S10,921
c61_anchor_followup,COMBINED,C61,920,first,win,S10,920
c61_anchor_followup,COMBINED,C61,921,second,win,S10,922
c61_anchor_followup,COMBINED,C61,922,first,loss,S10,923
c61_anchor_followup,COMBINED,C61,923,second,loss,S10,924
c61_anchor_followup,COMBINED,C61,924,first,win,S10,926
c61_anchor_followup,COMBINED,C61,925,second,loss,S10,925
c61_anchor_followup,COMBINED,C61,926,first,win,S10,927
c61_anchor_followup,COMBINED,C61,927,second,loss,S10,928
c61_anchor_followup,COMBINED,C61,928,first,win,S10,929
c61_anchor_followup,COMBINED,C61,929,second,loss,S10,930
c61_anchor_followup,COMBINED,C61,930,first,win,S10,931
c61_anchor_followup,COMBINED,C61,931,second,loss,S10,932
c61_anchor_followup,COMBINED,C61,932,first,loss,S10,934
c61_anchor_followup,COMBINED,C61,933,second,loss,S10,933
c61_anchor_followup,COMBINED,C61,934,first,win,S10,937
c61_anchor_followup,COMBINED,C61,935,second,win,S10,935
c61_anchor_followup,COMBINED,C61,936,first,loss,S10,936
c61_anchor_followup,COMBINED,C61,937,second,loss,S10,938
c61_anchor_followup,COMBINED,C61,938,first,loss,S10,939
c61_anchor_followup,COMBINED,C61,939,second,loss,S10,941
c61_anchor_followup,COMBINED,C61,940,first,loss,S10,940
c61_anchor_followup,COMBINED,C61,941,second,win,S10,942
c61_anchor_followup,COMBINED,C61,942,first,loss,S10,943
c61_anchor_followup,COMBINED,C61,943,second,loss,S10,944
c61_anchor_followup,COMBINED,C61,944,first,win,S10,945
c61_anchor_followup,COMBINED,C61,945,second,loss,S10,946
c61_anchor_followup,COMBINED,C61,946,first,win,S10,947
c61_anchor_followup,COMBINED,C61,947,second,loss,S10,948
c61_anchor_followup,COMBINED,C61,948,first,win,S10,950
c61_anchor_followup,COMBINED,C61,949,second,win,S10,949
c61_anchor_followup,COMBINED,C61,950,first,win,S10,951
c61_anchor_followup,COMBINED,C61,951,second,loss,S10,952
c61_anchor_followup,COMBINED,C61,952,first,win,S10,954
c61_anchor_followup,COMBINED,C61,953,second,loss,S10,953
c61_anchor_followup,COMBINED,C61,954,first,win,S10,956
c61_anchor_followup,COMBINED,C61,955,second,win,S10,955
c61_anchor_followup,COMBINED,C61,956,first,win,S10,957
c61_anchor_followup,COMBINED,C61,957,second,win,S10,958
c61_anchor_followup,COMBINED,C61,958,first,win,S10,959
c61_anchor_followup,COMBINED,C61,959,second,win,S10,960
c61_anchor_followup,COMBINED,C61,960,first,win,S10,961
c61_anchor_followup,COMBINED,C61,961,second,win,S10,962
c61_anchor_followup,COMBINED,C61,962,first,loss,S10,963
c61_anchor_followup,COMBINED,C61,963,second,loss,S10,964
c61_anchor_followup,COMBINED,C61,964,first,win,S10,965
c61_anchor_followup,COMBINED,C61,965,second,win,S10,966
c61_anchor_followup,COMBINED,C61,966,first,win,S10,967
c61_anchor_followup,COMBINED,C61,967,second,loss,S10,968
c61_anchor_followup,COMBINED,C61,968,first,loss,S10,970
c61_anchor_followup,COMBINED,C61,969,second,win,S10,969
c61_anchor_followup,COMBINED,C61,970,first,loss,S10,971
c61_anchor_followup,COMBINED,C61,971,second,loss,S10,972
c61_anchor_followup,COMBINED,C61,972,first,loss,S10,973
c61_anchor_followup,COMBINED,C61,973,second,loss,S10,974
c61_anchor_followup,COMBINED,C61,974,first,loss,S10,976
c61_anchor_followup,COMBINED,C61,975,second,loss,S10,975
c61_anchor_followup,COMBINED,C61,976,first,loss,S10,977
c61_anchor_followup,COMBINED,C61,977,second,loss,S10,978
c61_anchor_followup,COMBINED,C61,978,first,loss,S10,979
c61_anchor_followup,COMBINED,C61,979,second,loss,S10,980
c61_anchor_followup,COMBINED,C61,980,first,win,S10,981
c61_anchor_followup,COMBINED,C61,981,second,win,S10,982
c61_anchor_followup,COMBINED,C61,982,first,loss,S10,983
c61_anchor_followup,COMBINED,C61,983,second,win,S10,984
c61_anchor_followup,COMBINED,C61,984,first,win,S10,985
c61_anchor_followup,COMBINED,C61,985,second,loss,S10,986
c61_anchor_followup,COMBINED,C61,986,first,loss,S10,987
c61_anchor_followup,COMBINED,C61,987,second,loss,S10,988
c61_anchor_followup,COMBINED,C61,988,first,loss,S10,990
c61_anchor_followup,COMBINED,C61,989,second,loss,S10,989
c61_anchor_followup,COMBINED,C61,990,first,loss,S10,991
c61_anchor_followup,COMBINED,C61,991,second,loss,S10,992
c61_anchor_followup,COMBINED,C61,992,first,win,S10,993
c61_anchor_followup,COMBINED,C61,993,second,loss,S10,994
c61_anchor_followup,COMBINED,C61,994,first,loss,S10,995
c61_anchor_followup,COMBINED,C61,995,second,win,S10,996
c61_anchor_followup,COMBINED,C61,996,first,loss,S10,997
c61_anchor_followup,COMBINED,C61,997,second,win,S10,998
c61_anchor_followup,COMBINED,C61,998,first,win,S10,999
c61_anchor_followup,COMBINED,C61,999,second,win,S10,1000
c61_anchor_followup,COMBINED,C61,1000,first,loss,S10,1001
c61_anchor_followup,COMBINED,C61,1001,second,loss,S10,1002
c61_anchor_followup,COMBINED,C61,1002,first,loss,S10,1003
c61_anchor_followup,COMBINED,C61,1003,second,loss,S10,1004
c61_anchor_followup,COMBINED,C61,1004,first,loss,S10,1005
c61_anchor_followup,COMBINED,C61,1005,second,loss,S10,1006
c61_anchor_followup,COMBINED,C61,1006,first,loss,S10,1007
c61_anchor_followup,COMBINED,C61,1007,second,win,S10,1008
c61_anchor_followup,COMBINED,C61,1008,first,loss,S10,1009
c61_anchor_followup,COMBINED,C61,1009,second,loss,S10,1010
c61_anchor_followup,COMBINED,C61,1010,first,loss,S10,1011
c61_anchor_followup,COMBINED,C61,1011,second,win,S10,1012
c61_anchor_followup,COMBINED,C61,1012,first,loss,S10,1014
c61_anchor_followup,COMBINED,C61,1013,second,loss,S10,1013
c61_anchor_followup,COMBINED,C61,1014,first,loss,S10,1015
c61_anchor_followup,COMBINED,C61,1015,second,loss,S10,1016
c61_anchor_followup,COMBINED,C61,1016,first,win,S10,1017
c61_anchor_followup,COMBINED,C61,1017,second,win,S10,1018
c61_anchor_followup,COMBINED,C61,1018,first,win,S10,1019
c61_anchor_followup,COMBINED,C61,1019,second,loss,S10,1020
c61_anchor_followup,COMBINED,C61,1020,first,win,S10,1022
c61_anchor_followup,COMBINED,C61,1021,second,win,S10,1021
c61_anchor_followup,COMBINED,C61,1022,first,win,S10,1024
c61_anchor_followup,COMBINED,C61,1023,second,loss,S10,1023
c61_anchor_followup,COMBINED,C61,1024,first,loss,S10,1026
c61_anchor_followup,COMBINED,C61,1025,second,loss,S10,1025
c61_anchor_followup,COMBINED,C61,1026,first,win,S10,1027
c61_anchor_followup,COMBINED,C61,1027,second,loss,S10,1028
c61_anchor_followup,COMBINED,C61,1028,first,win,S10,1029
c61_anchor_followup,COMBINED,C61,1029,second,win,S10,1030
c61_anchor_followup,COMBINED,C61,1030,first,win,S10,1031
c61_anchor_followup,COMBINED,C61,1031,second,loss,S10,1032
c61_anchor_followup,COMBINED,C61,1032,first,loss,S10,1033
c61_anchor_followup,COMBINED,C61,1033,second,win,S10,1034
c61_anchor_followup,COMBINED,C61,1034,first,win,S10,1035
c61_anchor_followup,COMBINED,C61,1035,second,loss,S10,1036
c61_anchor_followup,COMBINED,C61,1036,first,win,S10,1037
c61_anchor_followup,COMBINED,C61,1037,second,win,S10,1038
c61_anchor_followup,COMBINED,C61,1038,first,win,S10,1039
c61_anchor_followup,COMBINED,C61,1039,second,loss,S10,1040
c61_anchor_followup,COMBINED,C61,1040,first,loss,S10,1041
c61_anchor_followup,COMBINED,C61,1041,second,loss,S10,1043
c61_anchor_followup,COMBINED,C61,1042,first,win,S10,1042
c61_anchor_followup,COMBINED,C61,1043,second,loss,S10,1044
c61_anchor_followup,COMBINED,C61,1044,first,win,S10,1045
c61_anchor_followup,COMBINED,C61,1045,second,loss,S10,1046
c61_anchor_followup,COMBINED,C61,1046,first,win,S10,1047
c61_anchor_followup,COMBINED,C61,1047,second,loss,S10,1048
c61_anchor_followup,COMBINED,C61,1048,first,loss,S10,1049
c61_anchor_followup,COMBINED,C61,1049,second,win,S10,1050
c61_anchor_followup,COMBINED,C61,1050,first,loss,S10,1051
c61_anchor_followup,COMBINED,C61,1051,second,loss,S10,1052
c61_anchor_followup,COMBINED,C61,1052,first,win,S10,1053
c61_anchor_followup,COMBINED,C61,1053,second,loss,S10,1055
c61_anchor_followup,COMBINED,C61,1054,first,win,S10,1054
c61_anchor_followup,COMBINED,C61,1055,second,loss,S10,1056
c61_anchor_followup,COMBINED,C61,1056,first,loss,S10,1057
c61_anchor_followup,COMBINED,C61,1057,second,loss,S10,1058
c61_anchor_followup,COMBINED,C61,1058,first,win,S10,1059
c61_anchor_followup,COMBINED,C61,1059,second,loss,S10,1060
c61_anchor_followup,COMBINED,C61,1060,first,win,S10,1061
c61_anchor_followup,COMBINED,C61,1061,second,loss,S10,1062
c61_anchor_followup,COMBINED,C61,1062,first,loss,S10,1063
c61_anchor_followup,COMBINED,C61,1063,second,loss,S10,1064
c61_anchor_followup,COMBINED,C61,1064,first,loss,S10,1065
c61_anchor_followup,COMBINED,C61,1065,second,loss,S10,1066
c61_anchor_followup,COMBINED,C61,1066,first,win,S10,1067
c61_anchor_followup,COMBINED,C61,1067,second,loss,S10,1068
c61_anchor_followup,COMBINED,C61,1068,first,win,S10,1069
c61_anchor_followup,COMBINED,C61,1069,second,loss,S10,1070
c61_anchor_followup,COMBINED,C61,1070,first,win,S10,1071
c61_anchor_followup,COMBINED,C61,1071,second,loss,S10,1072
c61_anchor_followup,COMBINED,C61,1072,first,win,S10,1075
c61_anchor_followup,COMBINED,C61,1073,second,loss,S10,1073
c61_anchor_followup,COMBINED,C61,1074,first,loss,S10,1074
c61_anchor_followup,COMBINED,C61,1075,second,loss,S10,1077
c61_anchor_followup,COMBINED,C61,1076,first,win,S10,1076
c61_anchor_followup,COMBINED,C61,1077,second,loss,S10,1078
c61_anchor_followup,COMBINED,C61,1078,first,loss,S10,1079
c61_anchor_followup,COMBINED,C61,1079,second,win,S10,1080
c61_anchor_followup,COMBINED,C61,1080,first,loss,S10,1081
c61_anchor_followup,COMBINED,C61,1081,second,loss,S10,1082
c61_anchor_followup,COMBINED,C61,1082,first,win,S10,1083
c61_anchor_followup,COMBINED,C61,1083,second,loss,S10,1084
c61_anchor_followup,COMBINED,C61,1084,first,win,S10,1085
c61_anchor_followup,COMBINED,C61,1085,second,loss,S10,1086
c61_anchor_followup,COMBINED,C61,1086,first,loss,S10,1088
c61_anchor_followup,COMBINED,C61,1087,second,win,S10,1087
c61_anchor_followup,COMBINED,C61,1088,first,loss,S10,1089
c61_anchor_followup,COMBINED,C61,1089,second,loss,S10,1091
c61_anchor_followup,COMBINED,C61,1090,first,loss,S10,1090
c61_anchor_followup,COMBINED,C61,1091,second,win,S10,1092
c61_anchor_followup,COMBINED,C61,1092,first,loss,S10,1093
c61_anchor_followup,COMBINED,C61,1093,second,loss,S10,1094
c61_anchor_followup,COMBINED,C61,1094,first,win,S10,1095
c61_anchor_followup,COMBINED,C61,1095,second,win,S10,1096
c61_anchor_followup,COMBINED,C61,1096,first,loss,S10,1097
c61_anchor_followup,COMBINED,C61,1097,second,loss,S10,1098
c61_anchor_followup,COMBINED,C61,1098,first,win,S10,1099
c61_anchor_followup,COMBINED,C61,1099,second,loss,S10,1100
c61_anchor_followup,COMBINED,C61,1100,first,loss,S10,1101
c61_anchor_followup,COMBINED,C61,1101,second,win,S10,1102
c61_anchor_followup,COMBINED,C61,1102,first,win,S10,1104
c61_anchor_followup,COMBINED,C61,1103,second,loss,S10,1103
c61_anchor_followup,COMBINED,C61,1104,first,loss,S10,1106
c61_anchor_followup,COMBINED,C61,1105,second,loss,S10,1105
c61_anchor_followup,COMBINED,C61,1106,first,win,S10,1107
c61_anchor_followup,COMBINED,C61,1107,second,win,S10,1108
c61_anchor_followup,COMBINED,C61,1108,first,win,S10,1109
c61_anchor_followup,COMBINED,C61,1109,second,loss,S10,1110
c61_anchor_followup,COMBINED,C61,1110,first,loss,S10,1112
c61_anchor_followup,COMBINED,C61,1111,second,loss,S10,1111
c61_anchor_followup,COMBINED,C61,1112,first,win,S10,1114
c61_anchor_followup,COMBINED,C61,1113,second,loss,S10,1113
c61_anchor_followup,COMBINED,C61,1114,first,win,S10,1115
c61_anchor_followup,COMBINED,C61,1115,second,win,S10,1116
c61_anchor_followup,COMBINED,C61,1116,first,loss,S10,1118
c61_anchor_followup,COMBINED,C61,1117,second,loss,S10,1117
c61_anchor_followup,COMBINED,C61,1118,first,loss,S10,1120
c61_anchor_followup,COMBINED,C61,1119,second,win,S10,1119
c61_anchor_followup,COMBINED,C61,1120,first,loss,S10,1122
c61_anchor_followup,COMBINED,C61,1121,second,win,S10,1121
c61_anchor_followup,COMBINED,C61,1122,first,loss,S10,1124
c61_anchor_followup,COMBINED,C61,1123,second,loss,S10,1123
c61_anchor_followup,COMBINED,C61,1124,first,win,S10,1125
c61_anchor_followup,COMBINED,C61,1125,second,loss,S10,1127
c61_anchor_followup,COMBINED,C61,1126,first,win,S10,1126
c61_anchor_followup,COMBINED,C61,1127,second,loss,S10,1128
c61_anchor_followup,COMBINED,C61,1128,first,loss,S10,1129
c61_anchor_followup,COMBINED,C61,1129,second,loss,S10,1130
c61_anchor_followup,COMBINED,C61,1130,first,win,S10,1131
c61_anchor_followup,COMBINED,C61,1131,second,loss,S10,1132
c61_anchor_followup,COMBINED,C61,1132,first,win,S10,1133
c61_anchor_followup,COMBINED,C61,1133,second,loss,S10,1135
c61_anchor_followup,COMBINED,C61,1134,first,loss,S10,1134
c61_anchor_followup,COMBINED,C61,1135,second,loss,S10,1136
c61_anchor_followup,COMBINED,C61,1136,first,loss,S10,1137
c61_anchor_followup,COMBINED,C61,1137,second,win,S10,1138
c61_anchor_followup,COMBINED,C61,1138,first,win,S10,1139
c61_anchor_followup,COMBINED,C61,1139,second,loss,S10,1140
c61_anchor_followup,COMBINED,C61,1140,first,win,S10,1141
c61_anchor_followup,COMBINED,C61,1141,second,loss,S10,1142
c61_anchor_followup,COMBINED,C61,1142,first,loss,S10,1143
c61_anchor_followup,COMBINED,C61,1143,second,win,S10,1144
c61_anchor_followup,COMBINED,C61,1144,first,win,S10,1145
c61_anchor_followup,COMBINED,C61,1145,second,loss,S10,1146
c61_anchor_followup,COMBINED,C61,1146,first,win,S10,1148
c61_anchor_followup,COMBINED,C61,1147,second,loss,S10,1147
c61_anchor_followup,COMBINED,C61,1148,first,win,S10,1150
c61_anchor_followup,COMBINED,C61,1149,second,win,S10,1149
c61_anchor_followup,COMBINED,C61,1150,first,win,S10,1151
c61_anchor_followup,COMBINED,C61,1151,second,win,S10,1152
c61_anchor_followup,COMBINED,C61,1152,first,win,S10,1153
c61_anchor_followup,COMBINED,C61,1153,second,loss,S10,1154
c61_anchor_followup,COMBINED,C61,1154,first,win,S10,1155
c61_anchor_followup,COMBINED,C61,1155,second,loss,S10,1156
c61_anchor_followup,COMBINED,C61,1156,first,loss,S10,1157
c61_anchor_followup,COMBINED,C61,1157,second,loss,S10,1158
c61_anchor_followup,COMBINED,C61,1158,first,win,S10,1159
c61_anchor_followup,COMBINED,C61,1159,second,win,S10,1160
c61_anchor_followup,COMBINED,C61,1160,first,loss,S10,1161
c61_anchor_followup,COMBINED,C61,1161,second,loss,S10,1163
c61_anchor_followup,COMBINED,C61,1162,first,win,S10,1162
c61_anchor_followup,COMBINED,C61,1163,second,loss,S10,1164
c61_anchor_followup,COMBINED,C61,1164,first,win,S10,1165
c61_anchor_followup,COMBINED,C61,1165,second,loss,S10,1166
c61_anchor_followup,COMBINED,C61,1166,first,win,S10,1167
c61_anchor_followup,COMBINED,C61,1167,second,win,S10,1169
c61_anchor_followup,COMBINED,C61,1168,first,loss,S10,1168
c61_anchor_followup,COMBINED,C61,1169,second,win,S10,1171
c61_anchor_followup,COMBINED,C61,1170,first,win,S10,1170
c61_anchor_followup,COMBINED,C61,1171,second,win,S10,1172
c61_anchor_followup,COMBINED,C61,1172,first,loss,S10,1173
c61_anchor_followup,COMBINED,C61,1173,second,loss,S10,1174
c61_anchor_followup,COMBINED,C61,1174,first,loss,S10,1176
c61_anchor_followup,COMBINED,C61,1175,second,loss,S10,1175
c61_anchor_followup,COMBINED,C61,1176,first,win,S10,1177
c61_anchor_followup,COMBINED,C61,1177,second,win,S10,1178
c61_anchor_followup,COMBINED,C61,1178,first,win,S10,1179
c61_anchor_followup,COMBINED,C61,1179,second,win,S10,1180
c61_anchor_followup,COMBINED,C61,1180,first,win,S10,1181
c61_anchor_followup,COMBINED,C61,1181,second,loss,S10,1182
c61_anchor_followup,COMBINED,C61,1182,first,loss,S10,1183
c61_anchor_followup,COMBINED,C61,1183,second,win,S10,1184
c61_anchor_followup,COMBINED,C61,1184,first,loss,S10,1185
c61_anchor_followup,COMBINED,C61,1185,second,win,S10,1186
c61_anchor_followup,COMBINED,C61,1186,first,loss,S10,1187
c61_anchor_followup,COMBINED,C61,1187,second,win,S10,1188
c61_anchor_followup,COMBINED,C61,1188,first,loss,S10,1189
c61_anchor_followup,COMBINED,C61,1189,second,loss,S10,1190
c61_anchor_followup,COMBINED,C61,1190,first,loss,S10,1191
c61_anchor_followup,COMBINED,C61,1191,second,loss,S10,1192
c61_anchor_followup,COMBINED,C61,1192,first,win,S10,1193
c61_anchor_followup,COMBINED,C61,1193,second,loss,S10,1194
c61_anchor_followup,COMBINED,C61,1194,first,win,S10,1195
c61_anchor_followup,COMBINED,C61,1195,second,loss,S10,1196
c61_anchor_followup,COMBINED,C61,1196,first,loss,S10,1197
c61_anchor_followup,COMBINED,C61,1197,second,win,S10,1198
c61_anchor_followup,COMBINED,C61,1198,first,loss,S10,1199
c61_anchor_followup,COMBINED,C61,1199,second,win,S10,1200
c61_anchor_followup,COMBINED,C61,1200,first,loss,S10,1201
c61_anchor_followup,COMBINED,C61,1201,second,loss,S10,1202
c61_anchor_followup,COMBINED,C61,1202,first,win,S10,1203
c61_anchor_followup,COMBINED,C61,1203,second,loss,S10,1204
c61_anchor_followup,COMBINED,C61,1204,first,win,S10,1205
c61_anchor_followup,COMBINED,C61,1205,second,loss,S10,1206
c61_anchor_followup,COMBINED,C61,1206,first,loss,S10,1207
c61_anchor_followup,COMBINED,C61,1207,second,loss,S10,1208
c61_anchor_followup,COMBINED,C61,1208,first,loss,S10,1209
c61_anchor_followup,COMBINED,C61,1209,second,win,S10,1210
c61_anchor_followup,COMBINED,C61,1210,first,loss,S10,1211
c61_anchor_followup,COMBINED,C61,1211,second,loss,S10,1213
c61_anchor_followup,COMBINED,C61,1212,first,loss,S10,1212
c61_anchor_followup,COMBINED,C61,1213,second,win,S10,1214
c61_anchor_followup,COMBINED,C61,1214,first,loss,S10,1215
c61_anchor_followup,COMBINED,C61,1215,second,win,S10,1216
c61_anchor_followup,COMBINED,C61,1216,first,loss,S10,1217
c61_anchor_followup,COMBINED,C61,1217,second,loss,S10,1218
c61_anchor_followup,COMBINED,C61,1218,first,loss,S10,1219
c61_anchor_followup,COMBINED,C61,1219,second,win,S10,1220
c61_anchor_followup,COMBINED,C61,1220,first,loss,S10,1221
c61_anchor_followup,COMBINED,C61,1221,second,win,S10,1222
c61_anchor_followup,COMBINED,C61,1222,first,loss,S10,1224
c61_anchor_followup,COMBINED,C61,1223,second,win,S10,1223
c61_anchor_followup,COMBINED,C61,1224,first,win,S10,1225
c61_anchor_followup,COMBINED,C61,1225,second,loss,S10,1226
c61_anchor_followup,COMBINED,C61,1226,first,win,S10,1227
c61_anchor_followup,COMBINED,C61,1227,second,win,S10,1228
c61_anchor_followup,COMBINED,C61,1228,first,loss,S10,1229
c61_anchor_followup,COMBINED,C61,1229,second,loss,S10,1230
c61_anchor_followup,COMBINED,C61,1230,first,win,S10,1231
c61_anchor_followup,COMBINED,C61,1231,second,loss,S10,1232
c61_anchor_followup,COMBINED,C61,1232,first,loss,S10,1233
c61_anchor_followup,COMBINED,C61,1233,second,win,S10,1234
c61_anchor_followup,COMBINED,C61,1234,first,win,S10,1235
c61_anchor_followup,COMBINED,C61,1235,second,loss,S10,1237
c61_anchor_followup,COMBINED,C61,1236,first,loss,S10,1236
c61_anchor_followup,COMBINED,C61,1237,second,loss,S10,1238
c61_anchor_followup,COMBINED,C61,1238,first,win,S10,1239
c61_anchor_followup,COMBINED,C61,1239,second,loss,S10,1240
c61_anchor_followup,COMBINED,C61,1240,first,win,S10,1241
c61_anchor_followup,COMBINED,C61,1241,second,loss,S10,1242
c61_anchor_followup,COMBINED,C61,1242,first,win,S10,1243
c61_anchor_followup,COMBINED,C61,1243,second,win,S10,1245
c61_anchor_followup,COMBINED,C61,1244,first,win,S10,1244
c61_anchor_followup,COMBINED,C61,1245,second,loss,S10,1247
c61_anchor_followup,COMBINED,C61,1246,first,win,S10,1246
c61_anchor_followup,COMBINED,C61,1247,second,loss,S10,1248
c61_anchor_followup,COMBINED,C61,1248,first,win,S10,1250
c61_anchor_followup,COMBINED,C61,1249,second,win,S10,1249
c61_anchor_followup,COMBINED,C61,1250,first,win,S10,1251
c61_anchor_followup,COMBINED,C61,1251,second,loss,S10,1252
c61_anchor_followup,COMBINED,C61,1252,first,win,S10,1254
c61_anchor_followup,COMBINED,C61,1253,second,loss,S10,1253
c61_anchor_followup,COMBINED,C61,1254,first,loss,S10,1256
c61_anchor_followup,COMBINED,C61,1255,second,loss,S10,1255
c61_anchor_followup,COMBINED,C61,1256,first,loss,S10,1257
c61_anchor_followup,COMBINED,C61,1257,second,win,S10,1258
c61_anchor_followup,COMBINED,C61,1258,first,win,S10,1259
c61_anchor_followup,COMBINED,C61,1259,second,loss,S10,1260
c61_anchor_followup,COMBINED,C61,1260,first,loss,S10,1261
c61_anchor_followup,COMBINED,C61,1261,second,win,S10,1262
c61_anchor_followup,COMBINED,C61,1262,first,win,S10,1263
c61_anchor_followup,COMBINED,C61,1263,second,loss,S10,1264
c61_anchor_followup,COMBINED,C61,1264,first,win,S10,1266
c61_anchor_followup,COMBINED,C61,1265,second,loss,S10,1265
c61_anchor_followup,COMBINED,C61,1266,first,loss,S10,1267
c61_anchor_followup,COMBINED,C61,1267,second,loss,S10,1268
c61_anchor_followup,COMBINED,C61,1268,first,loss,S10,1269
c61_anchor_followup,COMBINED,C61,1269,second,loss,S10,1270
c61_anchor_followup,COMBINED,C61,1270,first,loss,S10,1271
c61_anchor_followup,COMBINED,C61,1271,second,loss,S10,1272
c61_anchor_followup,COMBINED,C61,1272,first,win,S10,1273
c61_anchor_followup,COMBINED,C61,1273,second,loss,S10,1274
c61_anchor_followup,COMBINED,C61,1274,first,loss,S10,1275
c61_anchor_followup,COMBINED,C61,1275,second,loss,S10,1276
c61_anchor_followup,COMBINED,C61,1276,first,win,S10,1277
c61_anchor_followup,COMBINED,C61,1277,second,loss,S10,1279
c61_anchor_followup,COMBINED,C61,1278,first,win,S10,1278
c61_anchor_followup,COMBINED,C61,1279,second,loss,S10,1281
c61_anchor_followup,COMBINED,C61,1280,first,loss,S10,1280
c61_anchor_followup,COMBINED,C61,1281,second,loss,S10,1282
c61_anchor_followup,COMBINED,C61,1282,first,loss,S10,1283
c61_anchor_followup,COMBINED,C61,1283,second,loss,S10,1284
c61_anchor_followup,COMBINED,C61,1284,first,win,S10,1285
c61_anchor_followup,COMBINED,C61,1285,second,loss,S10,1286
c61_anchor_followup,COMBINED,C61,1286,first,loss,S10,1287
c61_anchor_followup,COMBINED,C61,1287,second,loss,S10,1288
c61_anchor_followup,COMBINED,C61,1288,first,loss,S10,1289
c61_anchor_followup,COMBINED,C61,1289,second,loss,S10,1290
c61_anchor_followup,COMBINED,C61,1290,first,loss,S10,1291
c61_anchor_followup,COMBINED,C61,1291,second,loss,S10,1292
c61_anchor_followup,COMBINED,C61,1292,first,loss,S10,1293
c61_anchor_followup,COMBINED,C61,1293,second,loss,S10,1294
c61_anchor_followup,COMBINED,C61,1294,first,win,S10,1295
c61_anchor_followup,COMBINED,C61,1295,second,win,S10,1296
c61_anchor_followup,COMBINED,C61,1296,first,win,S10,1297
c61_anchor_followup,COMBINED,C61,1297,second,loss,S10,1298
c61_anchor_followup,COMBINED,C61,1298,first,loss,S10,1299
c61_anchor_followup,COMBINED,C61,1299,second,win,S10,1300
c61_anchor_followup,COMBINED,C61,1300,first,win,S10,1301
c61_anchor_followup,COMBINED,C61,1301,second,loss,S10,1302
c61_anchor_followup,COMBINED,C61,1302,first,loss,S10,1303
c61_anchor_followup,COMBINED,C61,1303,second,loss,S10,1304
c61_anchor_followup,COMBINED,C61,1304,first,win,S10,1305
c61_anchor_followup,COMBINED,C61,1305,second,loss,S10,1306
c61_anchor_followup,COMBINED,C61,1306,first,win,S10,1307
c61_anchor_followup,COMBINED,C61,1307,second,win,S10,1308
c61_anchor_followup,COMBINED,C61,1308,first,loss,S10,1309
c61_anchor_followup,COMBINED,C61,1309,second,loss,S10,1311
c61_anchor_followup,COMBINED,C61,1310,first,win,S10,1310
c61_anchor_followup,COMBINED,C61,1311,second,loss,S10,1312
c61_anchor_followup,COMBINED,C61,1312,first,loss,S10,1313
c61_anchor_followup,COMBINED,C61,1313,second,loss,S10,1314
c61_anchor_followup,COMBINED,C61,1314,first,loss,S10,1315
c61_anchor_followup,COMBINED,C61,1315,second,loss,S10,1316
c61_anchor_followup,COMBINED,C61,1316,first,win,S10,1317
c61_anchor_followup,COMBINED,C61,1317,second,win,S10,1318
c61_anchor_followup,COMBINED,C61,1318,first,loss,S10,1319
c61_anchor_followup,COMBINED,C61,1319,second,win,S10,1320
c61_anchor_followup,COMBINED,C61,1320,first,win,S10,1321
c61_anchor_followup,COMBINED,C61,1321,second,win,S10,1322
c61_anchor_followup,COMBINED,C61,1322,first,win,S10,1323
c61_anchor_followup,COMBINED,C61,1323,second,win,S10,1326
c61_anchor_followup,COMBINED,C61,1324,first,win,S10,1324
c61_anchor_followup,COMBINED,C61,1325,second,win,S10,1325
c61_anchor_followup,COMBINED,C61,1326,first,win,S10,1328
c61_anchor_followup,COMBINED,C61,1327,second,loss,S10,1327
c61_anchor_followup,COMBINED,C61,1328,first,win,S10,1329
c61_anchor_followup,COMBINED,C61,1329,second,win,S10,1331
c61_anchor_followup,COMBINED,C61,1330,first,loss,S10,1330
c61_anchor_followup,COMBINED,C61,1331,second,win,S10,1332
c61_anchor_followup,COMBINED,C61,1332,first,loss,S10,1333
c61_anchor_followup,COMBINED,C61,1333,second,loss,S10,1334
c61_anchor_followup,COMBINED,C61,1334,first,loss,S10,1335
c61_anchor_followup,COMBINED,C61,1335,second,win,S10,1336
c61_anchor_followup,COMBINED,C61,1336,first,win,S10,1337
c61_anchor_followup,COMBINED,C61,1337,second,win,S10,1339
c61_anchor_followup,COMBINED,C61,1338,first,loss,S10,1338
c61_anchor_followup,COMBINED,C61,1339,second,win,S10,1340
c61_anchor_followup,COMBINED,C61,1340,first,loss,S10,1341
c61_anchor_followup,COMBINED,C61,1341,second,loss,S10,1343
c61_anchor_followup,COMBINED,C61,1342,first,win,S10,1342
c61_anchor_followup,COMBINED,C61,1343,second,win,S10,1345
c61_anchor_followup,COMBINED,C61,1344,first,loss,S10,1344
c61_anchor_followup,COMBINED,C61,1345,second,loss,S10,1347
c61_anchor_followup,COMBINED,C61,1346,first,loss,S10,1346
c61_anchor_followup,COMBINED,C61,1347,second,loss,S10,1349
c61_anchor_followup,COMBINED,C61,1348,first,win,S10,1348
c61_anchor_followup,COMBINED,C61,1349,second,loss,S10,1350
c61_anchor_followup,COMBINED,C61,1350,first,win,S10,1351
c61_anchor_followup,COMBINED,C61,1351,second,loss,S10,1352
c61_anchor_followup,COMBINED,C61,1352,first,loss,S10,1354
c61_anchor_followup,COMBINED,C61,1353,second,win,S10,1353
c61_anchor_followup,COMBINED,C61,1354,first,win,S10,1355
c61_anchor_followup,COMBINED,C61,1355,second,win,S10,1356
c61_anchor_followup,COMBINED,C61,1356,first,loss,S10,1357
c61_anchor_followup,COMBINED,C61,1357,second,loss,S10,1359
c61_anchor_followup,COMBINED,C61,1358,first,loss,S10,1358
c61_anchor_followup,COMBINED,C61,1359,second,loss,S10,1360
c61_anchor_followup,COMBINED,C61,1360,first,loss,S10,1361
c61_anchor_followup,COMBINED,C61,1361,second,loss,S10,1362
c61_anchor_followup,COMBINED,C61,1362,first,loss,S10,1363
c61_anchor_followup,COMBINED,C61,1363,second,win,S10,1364
c61_anchor_followup,COMBINED,C61,1364,first,win,S10,1365
c61_anchor_followup,COMBINED,C61,1365,second,loss,S10,1366
c61_anchor_followup,COMBINED,C61,1366,first,loss,S10,1367
c61_anchor_followup,COMBINED,C61,1367,second,win,S10,1369
c61_anchor_followup,COMBINED,C61,1368,first,loss,S10,1368
c61_anchor_followup,COMBINED,C61,1369,second,loss,S10,1370
c61_anchor_followup,COMBINED,C61,1370,first,loss,S10,1371
c61_anchor_followup,COMBINED,C61,1371,second,loss,S10,1373
c61_anchor_followup,COMBINED,C61,1372,first,loss,S10,1372
c61_anchor_followup,COMBINED,C61,1373,second,loss,S10,1375
c61_anchor_followup,COMBINED,C61,1374,first,win,S10,1374
c61_anchor_followup,COMBINED,C61,1375,second,loss,S10,1376
c61_anchor_followup,COMBINED,C61,1376,first,win,S10,1377
c61_anchor_followup,COMBINED,C61,1377,second,win,S10,1379
c61_anchor_followup,COMBINED,C61,1378,first,loss,S10,1378
c61_anchor_followup,COMBINED,C61,1379,second,loss,S10,1380
c61_anchor_followup,COMBINED,C61,1380,first,win,S10,1382
c61_anchor_followup,COMBINED,C61,1381,second,win,S10,1381
c61_anchor_followup,COMBINED,C61,1382,first,loss,S10,1384
c61_anchor_followup,COMBINED,C61,1383,second,loss,S10,1383
c61_anchor_followup,COMBINED,C61,1384,first,loss,S10,1385
c61_anchor_followup,COMBINED,C61,1385,second,loss,S10,1386
c61_anchor_followup,COMBINED,C61,1386,first,loss,S10,1387
c61_anchor_followup,COMBINED,C61,1387,second,win,S10,1388
c61_anchor_followup,COMBINED,C61,1388,first,loss,S10,1389
c61_anchor_followup,COMBINED,C61,1389,second,win,S10,1390
c61_anchor_followup,COMBINED,C61,1390,first,loss,S10,1392
c61_anchor_followup,COMBINED,C61,1391,second,win,S10,1391
c61_anchor_followup,COMBINED,C61,1392,first,win,S10,1393
c61_anchor_followup,COMBINED,C61,1393,second,loss,S10,1394
c61_anchor_followup,COMBINED,C61,1394,first,win,S10,1395
c61_anchor_followup,COMBINED,C61,1395,second,loss,S10,1396
c61_anchor_followup,COMBINED,C61,1396,first,win,S10,1397
c61_anchor_followup,COMBINED,C61,1397,second,win,S10,1398
c61_anchor_followup,COMBINED,C61,1398,first,loss,S10,1399
c61_anchor_followup,COMBINED,C61,1399,second,loss,S10,1400
c61_anchor_followup,COMBINED,C61,1400,first,win,S10,1401
c61_anchor_followup,COMBINED,C61,1401,second,loss,S10,1402
c61_anchor_followup,COMBINED,C61,1402,first,win,S10,1403
c61_anchor_followup,COMBINED,C61,1403,second,loss,S10,1404
c61_anchor_followup,COMBINED,C61,1404,first,loss,S10,1405
c61_anchor_followup,COMBINED,C61,1405,second,win,S10,1406
c61_anchor_followup,COMBINED,C61,1406,first,loss,S10,1407
c61_anchor_followup,COMBINED,C61,1407,second,loss,S10,1408
c61_anchor_followup,COMBINED,C61,1408,first,loss,S10,1409
c61_anchor_followup,COMBINED,C61,1409,second,win,S10,1411
c61_anchor_followup,COMBINED,C61,1410,first,win,S10,1410
c61_anchor_followup,COMBINED,C61,1411,second,win,S10,1413
c61_anchor_followup,COMBINED,C61,1412,first,loss,S10,1412
c61_anchor_followup,COMBINED,C61,1413,second,loss,S10,1414
c61_anchor_followup,COMBINED,C61,1414,first,loss,S10,1415
c61_anchor_followup,COMBINED,C61,1415,second,loss,S10,1416
c61_anchor_followup,COMBINED,C61,1416,first,win,S10,1417
c61_anchor_followup,COMBINED,C61,1417,second,win,S10,1418
c61_anchor_followup,COMBINED,C61,1418,first,loss,S10,1419
c61_anchor_followup,COMBINED,C61,1419,second,win,S10,1420
c61_anchor_followup,COMBINED,C61,1420,first,loss,S10,1421
c61_anchor_followup,COMBINED,C61,1421,second,loss,S10,1422
c61_anchor_followup,COMBINED,C61,1422,first,loss,S10,1423
c61_anchor_followup,COMBINED,C61,1423,second,loss,S10,1424
c61_anchor_followup,COMBINED,C61,1424,first,win,S10,1426
c61_anchor_followup,COMBINED,C61,1425,second,loss,S10,1425
c61_anchor_followup,COMBINED,C61,1426,first,loss,S10,1428
c61_anchor_followup,COMBINED,C61,1427,second,loss,S10,1427
c61_anchor_followup,COMBINED,C61,1428,first,loss,S10,1430
c61_anchor_followup,COMBINED,C61,1429,second,loss,S10,1429
c61_anchor_followup,COMBINED,C61,1430,first,win,S10,1432
c61_anchor_followup,COMBINED,C61,1431,second,loss,S10,1431
c61_anchor_followup,COMBINED,C61,1432,first,loss,S10,1434
c61_anchor_followup,COMBINED,C61,1433,second,loss,S10,1433
c61_anchor_followup,COMBINED,C61,1434,first,loss,S10,1435
c61_anchor_followup,COMBINED,C61,1435,second,win,S10,1436
c61_anchor_followup,COMBINED,C61,1436,first,loss,S10,1437
c61_anchor_followup,COMBINED,C61,1437,second,win,S10,1438
c61_anchor_followup,COMBINED,C61,1438,first,win,S10,1440
c61_anchor_followup,COMBINED,C61,1439,second,win,S10,1439
c61_anchor_followup,COMBINED,C61,1440,first,loss,S10,1442
c61_anchor_followup,COMBINED,C61,1441,second,loss,S10,1441
c61_anchor_followup,COMBINED,C61,1442,first,loss,S10,1443
c61_anchor_followup,COMBINED,C61,1443,second,loss,S10,1444
c61_anchor_followup,COMBINED,C61,1444,first,win,S10,1446
c61_anchor_followup,COMBINED,C61,1445,second,win,S10,1445
c61_anchor_followup,COMBINED,C61,1446,first,win,S10,1447
c61_anchor_followup,COMBINED,C61,1447,second,win,S10,1449
c61_anchor_followup,COMBINED,C61,1448,first,loss,S10,1448
c61_anchor_followup,COMBINED,C61,1449,second,win,S10,1450
c61_anchor_followup,COMBINED,C61,1450,first,win,S10,1451
c61_anchor_followup,COMBINED,C61,1451,second,win,S10,1452
c61_anchor_followup,COMBINED,C61,1452,first,loss,S10,1454
c61_anchor_followup,COMBINED,C61,1453,second,win,S10,1453
c61_anchor_followup,COMBINED,C61,1454,first,win,S10,1455
c61_anchor_followup,COMBINED,C61,1455,second,loss,S10,1456
c61_anchor_followup,COMBINED,C61,1456,first,loss,S10,1457
c61_anchor_followup,COMBINED,C61,1457,second,loss,S10,1459
c61_anchor_followup,COMBINED,C61,1458,first,win,S10,1458
c61_anchor_followup,COMBINED,C61,1459,second,loss,S10,1461
c61_anchor_followup,COMBINED,C61,1460,first,loss,S10,1460
c61_anchor_followup,COMBINED,C61,1461,second,loss,S10,1463
c61_anchor_followup,COMBINED,C61,1462,first,win,S10,1462
c61_anchor_followup,COMBINED,C61,1463,second,win,S10,1465
c61_anchor_followup,COMBINED,C61,1464,first,loss,S10,1464
c61_anchor_followup,COMBINED,C61,1465,second,loss,S10,1466
c61_anchor_followup,COMBINED,C61,1466,first,loss,S10,1467
c61_anchor_followup,COMBINED,C61,1467,second,loss,S10,1468
c61_anchor_followup,COMBINED,C61,1468,first,loss,S10,1469
c61_anchor_followup,COMBINED,C61,1469,second,win,S10,1471
c61_anchor_followup,COMBINED,C61,1470,first,win,S10,1470
c61_anchor_followup,COMBINED,C61,1471,second,loss,S10,1472
c61_anchor_followup,COMBINED,C61,1472,first,loss,S10,1473
c61_anchor_followup,COMBINED,C61,1473,second,loss,S10,1474
c61_anchor_followup,COMBINED,C61,1474,first,win,S10,1475
c61_anchor_followup,COMBINED,C61,1475,second,loss,S10,1476
c61_anchor_followup,COMBINED,C61,1476,first,win,S10,1477
c61_anchor_followup,COMBINED,C61,1477,second,win,S10,1478
c61_anchor_followup,COMBINED,C61,1478,first,loss,S10,1479
c61_anchor_followup,COMBINED,C61,1479,second,win,S10,1480
c61_anchor_followup,COMBINED,C61,1480,first,loss,S10,1481
c61_anchor_followup,COMBINED,C61,1481,second,win,S10,1482
c61_anchor_followup,COMBINED,C61,1482,first,loss,S10,1483
c61_anchor_followup,COMBINED,C61,1483,second,loss,S10,1484
c61_anchor_followup,COMBINED,C61,1484,first,loss,S10,1486
c61_anchor_followup,COMBINED,C61,1485,second,loss,S10,1485
c61_anchor_followup,COMBINED,C61,1486,first,win,S10,1487
c61_anchor_followup,COMBINED,C61,1487,second,loss,S10,1488
c61_anchor_followup,COMBINED,C61,1488,first,win,S10,1490
c61_anchor_followup,COMBINED,C61,1489,second,win,S10,1489
c61_anchor_followup,COMBINED,C61,1490,first,win,S10,1491
c61_anchor_followup,COMBINED,C61,1491,second,loss,S10,1492
c61_anchor_followup,COMBINED,C61,1492,first,win,S10,1493
c61_anchor_followup,COMBINED,C61,1493,second,win,S10,1494
c61_anchor_followup,COMBINED,C61,1494,first,win,S10,1495
c61_anchor_followup,COMBINED,C61,1495,second,loss,S10,1496
c61_anchor_followup,COMBINED,C61,1496,first,win,S10,1498
c61_anchor_followup,COMBINED,C61,1497,second,loss,S10,1497
c61_anchor_followup,COMBINED,C61,1498,first,loss,S10,1500
c61_anchor_followup,COMBINED,C61,1499,second,win,S10,1499
c61_anchor_followup,COMBINED,C61,1500,first,loss,S10,1502
c61_anchor_followup,COMBINED,C61,1501,second,loss,S10,1501
c61_anchor_followup,COMBINED,C61,1502,first,win,S10,1503
c61_anchor_followup,COMBINED,C61,1503,second,loss,S10,1505
c61_anchor_followup,COMBINED,C61,1504,first,loss,S10,1504
c61_anchor_followup,COMBINED,C61,1505,second,win,S10,1506
c61_anchor_followup,COMBINED,C61,1506,first,win,S10,1507
c61_anchor_followup,COMBINED,C61,1507,second,loss,S10,1509
c61_anchor_followup,COMBINED,C61,1508,first,win,S10,1508
c61_anchor_followup,COMBINED,C61,1509,second,win,S10,1510
c61_anchor_followup,COMBINED,C61,1510,first,win,S10,1511
c61_anchor_followup,COMBINED,C61,1511,second,win,S10,1512
c61_anchor_followup,COMBINED,C61,1512,first,loss,S10,1513
c61_anchor_followup,COMBINED,C61,1513,second,loss,S10,1514
c61_anchor_followup,COMBINED,C61,1514,first,win,S10,1515
c61_anchor_followup,COMBINED,C61,1515,second,win,S10,1516
c61_anchor_followup,COMBINED,C61,1516,first,win,S10,1517
c61_anchor_followup,COMBINED,C61,1517,second,loss,S10,1518
c61_anchor_followup,COMBINED,C61,1518,first,win,S10,1519
c61_anchor_followup,COMBINED,C61,1519,second,win,S10,1521
c61_anchor_followup,COMBINED,C61,1520,first,loss,S10,1520
c61_anchor_followup,COMBINED,C61,1521,second,loss,S10,1523
c61_anchor_followup,COMBINED,C61,1522,first,loss,S10,1522
c61_anchor_followup,COMBINED,C61,1523,second,loss,S10,1525
c61_anchor_followup,COMBINED,C61,1524,first,win,S10,1524
c61_anchor_followup,COMBINED,C61,1525,second,win,S10,1527
c61_anchor_followup,COMBINED,C61,1526,first,loss,S10,1526
c61_anchor_followup,COMBINED,C61,1527,second,loss,S10,1529
c61_anchor_followup,COMBINED,C61,1528,first,win,S10,1528
c61_anchor_followup,COMBINED,C61,1529,second,loss,S10,1530
c61_anchor_followup,COMBINED,C61,1530,first,loss,S10,1531
c61_anchor_followup,COMBINED,C61,1531,second,loss,S10,1532
c61_anchor_followup,COMBINED,C61,1532,first,win,S10,1533
c61_anchor_followup,COMBINED,C61,1533,second,win,S10,1534
c61_anchor_followup,COMBINED,C61,1534,first,loss,S10,1535
c61_anchor_followup,COMBINED,C61,1535,second,loss,S10,1536
c61_anchor_followup,COMBINED,C61,1536,first,loss,S10,1537
c61_anchor_followup,COMBINED,C61,1537,second,win,S10,1538
c61_anchor_followup,COMBINED,C61,1538,first,loss,S10,1539
c61_anchor_followup,COMBINED,C61,1539,second,loss,S10,1540
c61_anchor_followup,COMBINED,C61,1540,first,draw,S10,1543
c61_anchor_followup,COMBINED,C61,1541,second,win,S10,1541
c61_anchor_followup,COMBINED,C61,1542,first,win,S10,1542
c61_anchor_followup,COMBINED,C61,1543,second,loss,S10,1544
c61_anchor_followup,COMBINED,C61,1544,first,loss,S10,1545
c61_anchor_followup,COMBINED,C61,1545,second,win,S10,1546
c61_anchor_followup,COMBINED,C61,1546,first,loss,S10,1547
c61_anchor_followup,COMBINED,C61,1547,second,loss,S10,1548
c61_anchor_followup,COMBINED,C61,1548,first,loss,S10,1549
c61_anchor_followup,COMBINED,C61,1549,second,win,S10,1550
c61_anchor_followup,COMBINED,C61,1550,first,win,S10,1551
c61_anchor_followup,COMBINED,C61,1551,second,win,S10,1552
c61_anchor_followup,COMBINED,C61,1552,first,win,S10,1553
c61_anchor_followup,COMBINED,C61,1553,second,loss,S10,1554
c61_anchor_followup,COMBINED,C61,1554,first,win,S10,1555
c61_anchor_followup,COMBINED,C61,1555,second,loss,S10,1556
c61_anchor_followup,COMBINED,C61,1556,first,win,S10,1558
c61_anchor_followup,COMBINED,C61,1557,second,win,S10,1557
c61_anchor_followup,COMBINED,C61,1558,first,loss,S10,1559
c61_anchor_followup,COMBINED,C61,1559,second,win,S10,1560
c61_anchor_followup,COMBINED,C61,1560,first,win,S10,1561
c61_anchor_followup,COMBINED,C61,1561,second,loss,S10,1562
c61_anchor_followup,COMBINED,C61,1562,first,loss,S10,1563
c61_anchor_followup,COMBINED,C61,1563,second,win,S10,1564
c61_anchor_followup,COMBINED,C61,1564,first,loss,S10,1565
c61_anchor_followup,COMBINED,C61,1565,second,loss,S10,1566
c61_anchor_followup,COMBINED,C61,1566,first,win,S10,1567
c61_anchor_followup,COMBINED,C61,1567,second,win,S10,1569
c61_anchor_followup,COMBINED,C61,1568,first,win,S10,1568
c61_anchor_followup,COMBINED,C61,1569,second,loss,S10,1571
c61_anchor_followup,COMBINED,C61,1570,first,win,S10,1570
c61_anchor_followup,COMBINED,C61,1571,second,loss,S10,1573
c61_anchor_followup,COMBINED,C61,1572,first,loss,S10,1572
c61_anchor_followup,COMBINED,C61,1573,second,loss,S10,1574
c61_anchor_followup,COMBINED,C61,1574,first,win,S10,1575
c61_anchor_followup,COMBINED,C61,1575,second,win,S10,1576
c61_anchor_followup,COMBINED,C61,1576,first,win,S10,1577
c61_anchor_followup,COMBINED,C61,1577,second,loss,S10,1578
c61_anchor_followup,COMBINED,C61,1578,first,win,S10,1579
c61_anchor_followup,COMBINED,C61,1579,second,win,S10,1580
c61_anchor_followup,COMBINED,C61,1580,first,loss,S10,1582
c61_anchor_followup,COMBINED,C61,1581,second,loss,S10,1581
c61_anchor_followup,COMBINED,C61,1582,first,win,S10,1583
c61_anchor_followup,COMBINED,C61,1583,second,win,S10,1584
c61_anchor_followup,COMBINED,C61,1584,first,loss,S10,1585
c61_anchor_followup,COMBINED,C61,1585,second,win,S10,1586
c61_anchor_followup,COMBINED,C61,1586,first,loss,S10,1587
c61_anchor_followup,COMBINED,C61,1587,second,win,S10,1588
c61_anchor_followup,COMBINED,C61,1588,first,loss,S10,1591
c61_anchor_followup,COMBINED,C61,1589,second,win,S10,1589
c61_anchor_followup,COMBINED,C61,1590,first,loss,S10,1590
c61_anchor_followup,COMBINED,C61,1591,second,win,S10,1593
c61_anchor_followup,COMBINED,C61,1592,first,win,S10,1592
c61_anchor_followup,COMBINED,C61,1593,second,loss,S10,1594
c61_anchor_followup,COMBINED,C61,1594,first,loss,S10,1596
c61_anchor_followup,COMBINED,C61,1595,second,loss,S10,1595
c61_anchor_followup,COMBINED,C61,1596,first,win,S10,1598
c61_anchor_followup,COMBINED,C61,1597,second,win,S10,1597
c61_anchor_followup,COMBINED,C61,1598,first,loss,S10,1600
c61_anchor_followup,COMBINED,C61,1599,second,loss,S10,1599
c61_anchor_followup,COMBINED,C61,1600,first,loss,S10,1601
c61_anchor_followup,COMBINED,C61,1601,second,loss,S10,1602
c61_anchor_followup,COMBINED,C61,1602,first,loss,S10,1603
c61_anchor_followup,COMBINED,C61,1603,second,loss,S10,1604
c61_anchor_followup,COMBINED,C61,1604,first,win,S10,1605
c61_anchor_followup,COMBINED,C61,1605,second,loss,S10,1606
c61_anchor_followup,COMBINED,C61,1606,first,win,S10,1607
c61_anchor_followup,COMBINED,C61,1607,second,loss,S10,1608
c61_anchor_followup,COMBINED,C61,1608,first,win,S10,1609
c61_anchor_followup,COMBINED,C61,1609,second,loss,S10,1610
c61_anchor_followup,COMBINED,C61,1610,first,win,S10,1611
c61_anchor_followup,COMBINED,C61,1611,second,loss,S10,1612
c61_anchor_followup,COMBINED,C61,1612,first,win,S10,1613
c61_anchor_followup,COMBINED,C61,1613,second,loss,S10,1615
c61_anchor_followup,COMBINED,C61,1614,first,loss,S10,1614
c61_anchor_followup,COMBINED,C61,1615,second,win,S10,1616
c61_anchor_followup,COMBINED,C61,1616,first,win,S10,1617
c61_anchor_followup,COMBINED,C61,1617,second,loss,S10,1618
c61_anchor_followup,COMBINED,C61,1618,first,loss,S10,1620
c61_anchor_followup,COMBINED,C61,1619,second,loss,S10,1619
c61_anchor_followup,COMBINED,C61,1620,first,loss,S10,1621
c61_anchor_followup,COMBINED,C61,1621,second,loss,S10,1622
c61_anchor_followup,COMBINED,C61,1622,first,win,S10,1624
c61_anchor_followup,COMBINED,C61,1623,second,loss,S10,1623
c61_anchor_followup,COMBINED,C61,1624,first,win,S10,1626
c61_anchor_followup,COMBINED,C61,1625,second,win,S10,1625
c61_anchor_followup,COMBINED,C61,1626,first,loss,S10,1627
c61_anchor_followup,COMBINED,C61,1627,second,win,S10,1628
c61_anchor_followup,COMBINED,C61,1628,first,win,S10,1630
c61_anchor_followup,COMBINED,C61,1629,second,loss,S10,1629
c61_anchor_followup,COMBINED,C61,1630,first,loss,S10,1631
c61_anchor_followup,COMBINED,C61,1631,second,loss,S10,1632
c61_anchor_followup,COMBINED,C61,1632,first,win,S10,1633
c61_anchor_followup,COMBINED,C61,1633,second,loss,S10,1634
c61_anchor_followup,COMBINED,C61,1634,first,win,S10,1636
c61_anchor_followup,COMBINED,C61,1635,second,loss,S10,1635
c61_anchor_followup,COMBINED,C61,1636,first,win,S10,1637
c61_anchor_followup,COMBINED,C61,1637,second,win,S10,1638
c61_anchor_followup,COMBINED,C61,1638,first,loss,S10,1639
c61_anchor_followup,COMBINED,C61,1639,second,loss,S10,1640
c61_anchor_followup,COMBINED,C61,1640,first,loss,S10,1641
c61_anchor_followup,COMBINED,C61,1641,second,loss,S10,1643
c61_anchor_followup,COMBINED,C61,1642,first,win,S10,1642
c61_anchor_followup,COMBINED,C61,1643,second,loss,S10,1645
c61_anchor_followup,COMBINED,C61,1644,first,win,S10,1644
c61_anchor_followup,COMBINED,C61,1645,second,win,S10,1646
c61_anchor_followup,COMBINED,C61,1646,first,loss,S10,1647
c61_anchor_followup,COMBINED,C61,1647,second,loss,S10,1648
c61_anchor_followup,COMBINED,C61,1648,first,win,S10,1649
c61_anchor_followup,COMBINED,C61,1649,second,win,S10,1650
c61_anchor_followup,COMBINED,C61,1650,first,win,S10,1651
c61_anchor_followup,COMBINED,C61,1651,second,loss,S10,1652
c61_anchor_followup,COMBINED,C61,1652,first,loss,S10,1653
c61_anchor_followup,COMBINED,C61,1653,second,loss,S10,1654
c61_anchor_followup,COMBINED,C61,1654,first,loss,S10,1655
c61_anchor_followup,COMBINED,C61,1655,second,loss,S10,1657
c61_anchor_followup,COMBINED,C61,1656,first,loss,S10,1656
c61_anchor_followup,COMBINED,C61,1657,second,win,S10,1659
c61_anchor_followup,COMBINED,C61,1658,first,loss,S10,1658
c61_anchor_followup,COMBINED,C61,1659,second,win,S10,1661
c61_anchor_followup,COMBINED,C61,1660,first,loss,S10,1660
c61_anchor_followup,COMBINED,C61,1661,second,win,S10,1662
c61_anchor_followup,COMBINED,C61,1662,first,loss,S10,1663
c61_anchor_followup,COMBINED,C61,1663,second,loss,S10,1664
c61_anchor_followup,COMBINED,C61,1664,first,loss,S10,1666
c61_anchor_followup,COMBINED,C61,1665,second,loss,S10,1665
c61_anchor_followup,COMBINED,C61,1666,first,win,S10,1668
c61_anchor_followup,COMBINED,C61,1667,second,win,S10,1667
c61_anchor_followup,COMBINED,C61,1668,first,win,S10,1671
c61_anchor_followup,COMBINED,C61,1669,second,loss,S10,1669
c61_anchor_followup,COMBINED,C61,1670,first,win,S10,1670
c61_anchor_followup,COMBINED,C61,1671,second,loss,S10,1672
c61_anchor_followup,COMBINED,C61,1672,first,loss,S10,1673
c61_anchor_followup,COMBINED,C61,1673,second,win,S10,1674
c61_anchor_followup,COMBINED,C61,1674,first,loss,S10,1675
c61_anchor_followup,COMBINED,C61,1675,second,loss,S10,1676
c61_anchor_followup,COMBINED,C61,1676,first,loss,S10,1677
c61_anchor_followup,COMBINED,C61,1677,second,loss,S10,1679
c61_anchor_followup,COMBINED,C61,1678,first,win,S10,1678
c61_anchor_followup,COMBINED,C61,1679,second,win,S10,1680
c61_anchor_followup,COMBINED,C61,1680,first,loss,S10,1681
c61_anchor_followup,COMBINED,C61,1681,second,loss,S10,1682
c61_anchor_followup,COMBINED,C61,1682,first,loss,S10,1683
c61_anchor_followup,COMBINED,C61,1683,second,loss,S10,1684
c61_anchor_followup,COMBINED,C61,1684,first,loss,S10,1685
c61_anchor_followup,COMBINED,C61,1685,second,win,S10,1686
c61_anchor_followup,COMBINED,C61,1686,first,win,S10,1687
c61_anchor_followup,COMBINED,C61,1687,second,win,S10,1688
c61_anchor_followup,COMBINED,C61,1688,first,loss,S10,1689
c61_anchor_followup,COMBINED,C61,1689,second,win,S10,1690
c61_anchor_followup,COMBINED,C61,1690,first,win,S10,1691
c61_anchor_followup,COMBINED,C61,1691,second,loss,S10,1692
c61_anchor_followup,COMBINED,C61,1692,first,loss,S10,1693
c61_anchor_followup,COMBINED,C61,1693,second,win,S10,1694
c61_anchor_followup,COMBINED,C61,1694,first,win,S10,1695
c61_anchor_followup,COMBINED,C61,1695,second,win,S10,1696
c61_anchor_followup,COMBINED,C61,1696,first,loss,S10,1697
c61_anchor_followup,COMBINED,C61,1697,second,loss,S10,1698
c61_anchor_followup,COMBINED,C61,1698,first,win,S10,1700
c61_anchor_followup,COMBINED,C61,1699,second,win,S10,1699
c61_anchor_followup,COMBINED,C61,1700,first,loss,S10,1701
c61_anchor_followup,COMBINED,C61,1701,second,loss,S10,1702
c61_anchor_followup,COMBINED,C61,1702,first,win,S10,1703
c61_anchor_followup,COMBINED,C61,1703,second,win,S10,1704
c61_anchor_followup,COMBINED,C61,1704,first,loss,S10,1705
c61_anchor_followup,COMBINED,C61,1705,second,loss,S10,1706
c61_anchor_followup,COMBINED,C61,1706,first,loss,S10,1707
c61_anchor_followup,COMBINED,C61,1707,second,win,S10,1708
c61_anchor_followup,COMBINED,C61,1708,first,loss,S10,1709
c61_anchor_followup,COMBINED,C61,1709,second,loss,S10,1710
c61_anchor_followup,COMBINED,C61,1710,first,win,S10,1711
c61_anchor_followup,COMBINED,C61,1711,second,win,S10,1712
c61_anchor_followup,COMBINED,C61,1712,first,win,S10,1713
c61_anchor_followup,COMBINED,C61,1713,second,loss,S10,1714
c61_anchor_followup,COMBINED,C61,1714,first,win,S10,1715
c61_anchor_followup,COMBINED,C61,1715,second,loss,S10,1716
c61_anchor_followup,COMBINED,C61,1716,first,loss,S10,1717
c61_anchor_followup,COMBINED,C61,1717,second,loss,S10,1718
c61_anchor_followup,COMBINED,C61,1718,first,win,S10,1719
c61_anchor_followup,COMBINED,C61,1719,second,loss,S10,1721
c61_anchor_followup,COMBINED,C61,1720,first,win,S10,1720
c61_anchor_followup,COMBINED,C61,1721,second,loss,S10,1722
c61_anchor_followup,COMBINED,C61,1722,first,loss,S10,1723
c61_anchor_followup,COMBINED,C61,1723,second,loss,S10,1725
c61_anchor_followup,COMBINED,C61,1724,first,loss,S10,1724
c61_anchor_followup,COMBINED,C61,1725,second,loss,S10,1726
c61_anchor_followup,COMBINED,C61,1726,first,win,S10,1727
c61_anchor_followup,COMBINED,C61,1727,second,loss,S10,1728
c61_anchor_followup,COMBINED,C61,1728,first,win,S10,1729
c61_anchor_followup,COMBINED,C61,1729,second,loss,S10,1730
c61_anchor_followup,COMBINED,C61,1730,first,win,S10,1731
c61_anchor_followup,COMBINED,C61,1731,second,loss,S10,1732
c61_anchor_followup,COMBINED,C61,1732,first,win,S10,1733
c61_anchor_followup,COMBINED,C61,1733,second,win,S10,1734
c61_anchor_followup,COMBINED,C61,1734,first,win,S10,1735
c61_anchor_followup,COMBINED,C61,1735,second,loss,S10,1736
c61_anchor_followup,COMBINED,C61,1736,first,win,S10,1737
c61_anchor_followup,COMBINED,C61,1737,second,loss,S10,1738
c61_anchor_followup,COMBINED,C61,1738,first,loss,S10,1739
c61_anchor_followup,COMBINED,C61,1739,second,win,S10,1740
c61_anchor_followup,COMBINED,C61,1740,first,win,S10,1743
c61_anchor_followup,COMBINED,C61,1741,second,loss,S10,1741
c61_anchor_followup,COMBINED,C61,1742,first,win,S10,1742
c61_anchor_followup,COMBINED,C61,1743,second,win,S10,1744
c61_anchor_followup,COMBINED,C61,1744,first,win,S10,1745
c61_anchor_followup,COMBINED,C61,1745,second,loss,S10,1746
c61_anchor_followup,COMBINED,C61,1746,first,win,S10,1747
c61_anchor_followup,COMBINED,C61,1747,second,loss,S10,1748
c61_anchor_followup,COMBINED,C61,1748,first,loss,S10,1752
c61_anchor_followup,COMBINED,C61,1749,second,win,S10,1749
c61_anchor_followup,COMBINED,C61,1750,first,loss,S10,1750
c61_anchor_followup,COMBINED,C61,1751,second,win,S10,1751
c61_anchor_followup,COMBINED,C61,1752,first,win,S10,1754
c61_anchor_followup,COMBINED,C61,1753,second,win,S10,1753
c61_anchor_followup,COMBINED,C61,1754,first,win,S10,1756
c61_anchor_followup,COMBINED,C61,1755,second,loss,S10,1755
c61_anchor_followup,COMBINED,C61,1756,first,loss,S10,1757
c61_anchor_followup,COMBINED,C61,1757,second,loss,S10,1758
c61_anchor_followup,COMBINED,C61,1758,first,loss,S10,1759
c61_anchor_followup,COMBINED,C61,1759,second,loss,S10,1760
c61_anchor_followup,COMBINED,C61,1760,first,loss,S10,1761
c61_anchor_followup,COMBINED,C61,1761,second,loss,S10,1762
c61_anchor_followup,COMBINED,C61,1762,first,loss,S10,1763
c61_anchor_followup,COMBINED,C61,1763,second,win,S10,1764
c61_anchor_followup,COMBINED,C61,1764,first,win,S10,1766
c61_anchor_followup,COMBINED,C61,1765,second,win,S10,1765
c61_anchor_followup,COMBINED,C61,1766,first,win,S10,1767
c61_anchor_followup,COMBINED,C61,1767,second,win,S10,1769
c61_anchor_followup,COMBINED,C61,1768,first,win,S10,1768
c61_anchor_followup,COMBINED,C61,1769,second,win,S10,1770
c61_anchor_followup,COMBINED,C61,1770,first,loss,S10,1771
c61_anchor_followup,COMBINED,C61,1771,second,win,S10,1772
c61_anchor_followup,COMBINED,C61,1772,first,loss,S10,1774
c61_anchor_followup,COMBINED,C61,1773,second,win,S10,1773
c61_anchor_followup,COMBINED,C61,1774,first,loss,S10,1775
c61_anchor_followup,COMBINED,C61,1775,second,win,S10,1776
c61_anchor_followup,COMBINED,C61,1776,first,loss,S10,1778
c61_anchor_followup,COMBINED,C61,1777,second,loss,S10,1777
c61_anchor_followup,COMBINED,C61,1778,first,loss,S10,1779
c61_anchor_followup,COMBINED,C61,1779,second,win,S10,1781
c61_anchor_followup,COMBINED,C61,1780,first,win,S10,1780
c61_anchor_followup,COMBINED,C61,1781,second,win,S10,1782
c61_anchor_followup,COMBINED,C61,1782,first,loss,S10,1783
c61_anchor_followup,COMBINED,C61,1783,second,loss,S10,1784
c61_anchor_followup,COMBINED,C61,1784,first,win,S10,1785
c61_anchor_followup,COMBINED,C61,1785,second,loss,S10,1787
c61_anchor_followup,COMBINED,C61,1786,first,loss,S10,1786
c61_anchor_followup,COMBINED,C61,1787,second,loss,S10,1789
c61_anchor_followup,COMBINED,C61,1788,first,win,S10,1788
c61_anchor_followup,COMBINED,C61,1789,second,loss,S10,1790
c61_anchor_followup,COMBINED,C61,1790,first,loss,S10,1791
c61_anchor_followup,COMBINED,C61,1791,second,win,S10,1792
c61_anchor_followup,COMBINED,C61,1792,first,win,S10,1794
c61_anchor_followup,COMBINED,C61,1793,second,loss,S10,1793
c61_anchor_followup,COMBINED,C61,1794,first,loss,S10,1796
c61_anchor_followup,COMBINED,C61,1795,second,win,S10,1795
c61_anchor_followup,COMBINED,C61,1796,first,win,S10,1797
c61_anchor_followup,COMBINED,C61,1797,second,win,S10,1798
c61_anchor_followup,COMBINED,C61,1798,first,loss,S10,1800
c61_anchor_followup,COMBINED,C61,1799,second,win,S10,1799
c61_anchor_followup,COMBINED,C61,1800,first,loss,S10,1801
c61_anchor_followup,COMBINED,C61,1801,second,win,S10,1802
c61_anchor_followup,COMBINED,C61,1802,first,win,S10,1803
c61_anchor_followup,COMBINED,C61,1803,second,loss,S10,1804
c61_anchor_followup,COMBINED,C61,1804,first,win,S10,1805
c61_anchor_followup,COMBINED,C61,1805,second,win,S10,1806
c61_anchor_followup,COMBINED,C61,1806,first,win,S10,1807
c61_anchor_followup,COMBINED,C61,1807,second,loss,S10,1808
c61_anchor_followup,COMBINED,C61,1808,first,win,S10,1809
c61_anchor_followup,COMBINED,C61,1809,second,win,S10,1810
c61_anchor_followup,COMBINED,C61,1810,first,loss,S10,1811
c61_anchor_followup,COMBINED,C61,1811,second,win,S10,1813
c61_anchor_followup,COMBINED,C61,1812,first,win,S10,1812
c61_anchor_followup,COMBINED,C61,1813,second,win,S10,1815
c61_anchor_followup,COMBINED,C61,1814,first,win,S10,1814
c61_anchor_followup,COMBINED,C61,1815,second,loss,S10,1816
c61_anchor_followup,COMBINED,C61,1816,first,loss,S10,1817
c61_anchor_followup,COMBINED,C61,1817,second,loss,S10,1818
c61_anchor_followup,COMBINED,C61,1818,first,loss,S10,1819
c61_anchor_followup,COMBINED,C61,1819,second,loss,S10,1822
c61_anchor_followup,COMBINED,C61,1820,first,win,S10,1820
c61_anchor_followup,COMBINED,C61,1821,second,loss,S10,1821
c61_anchor_followup,COMBINED,C61,1822,first,loss,S10,1823
c61_anchor_followup,COMBINED,C61,1823,second,win,S10,1824
c61_anchor_followup,COMBINED,C61,1824,first,loss,S10,1825
c61_anchor_followup,COMBINED,C61,1825,second,loss,S10,1826
c61_anchor_followup,COMBINED,C61,1826,first,win,S10,1827
c61_anchor_followup,COMBINED,C61,1827,second,win,S10,1828
c61_anchor_followup,COMBINED,C61,1828,first,loss,S10,1829
c61_anchor_followup,COMBINED,C61,1829,second,loss,S10,1830
c61_anchor_followup,COMBINED,C61,1830,first,loss,S10,1831
c61_anchor_followup,COMBINED,C61,1831,second,win,S10,1832
c61_anchor_followup,COMBINED,C61,1832,first,loss,S10,1833
c61_anchor_followup,COMBINED,C61,1833,second,loss,S10,1834
c61_anchor_followup,COMBINED,C61,1834,first,loss,S10,1835
c61_anchor_followup,COMBINED,C61,1835,second,loss,S10,1837
c61_anchor_followup,COMBINED,C61,1836,first,win,S10,1836
c61_anchor_followup,COMBINED,C61,1837,second,loss,S10,1838
c61_anchor_followup,COMBINED,C61,1838,first,loss,S10,1839
c61_anchor_followup,COMBINED,C61,1839,second,loss,S10,1840
c61_anchor_followup,COMBINED,C61,1840,first,loss,S10,1841
c61_anchor_followup,COMBINED,C61,1841,second,loss,S10,1842
c61_anchor_followup,COMBINED,C61,1842,first,win,S10,1844
c61_anchor_followup,COMBINED,C61,1843,second,win,S10,1843
c61_anchor_followup,COMBINED,C61,1844,first,win,S10,1846
c61_anchor_followup,COMBINED,C61,1845,second,loss,S10,1845
c61_anchor_followup,COMBINED,C61,1846,first,win,S10,1847
c61_anchor_followup,COMBINED,C61,1847,second,win,S10,1849
c61_anchor_followup,COMBINED,C61,1848,first,win,S10,1848
c61_anchor_followup,COMBINED,C61,1849,second,loss,S10,1850
c61_anchor_followup,COMBINED,C61,1850,first,win,S10,1851
c61_anchor_followup,COMBINED,C61,1851,second,loss,S10,1852
c61_anchor_followup,COMBINED,C61,1852,first,loss,S10,1853
c61_anchor_followup,COMBINED,C61,1853,second,win,S10,1855
c61_anchor_followup,COMBINED,C61,1854,first,loss,S10,1854
c61_anchor_followup,COMBINED,C61,1855,second,loss,S10,1856
c61_anchor_followup,COMBINED,C61,1856,first,win,S10,1857
c61_anchor_followup,COMBINED,C61,1857,second,loss,S10,1859
c61_anchor_followup,COMBINED,C61,1858,first,loss,S10,1858
c61_anchor_followup,COMBINED,C61,1859,second,loss,S10,1860
c61_anchor_followup,COMBINED,C61,1860,first,win,S10,1861
c61_anchor_followup,COMBINED,C61,1861,second,loss,S10,1863
c61_anchor_followup,COMBINED,C61,1862,first,loss,S10,1862
c61_anchor_followup,COMBINED,C61,1863,second,loss,S10,1865
c61_anchor_followup,COMBINED,C61,1864,first,loss,S10,1864
c61_anchor_followup,COMBINED,C61,1865,second,win,S10,1866
c61_anchor_followup,COMBINED,C61,1866,first,win,S10,1867
c61_anchor_followup,COMBINED,C61,1867,second,win,S10,1868
c61_anchor_followup,COMBINED,C61,1868,first,loss,S10,1869
c61_anchor_followup,COMBINED,C61,1869,second,loss,S10,1870
c61_anchor_followup,COMBINED,C61,1870,first,loss,S10,1871
c61_anchor_followup,COMBINED,C61,1871,second,win,S10,1872
c61_anchor_followup,COMBINED,C61,1872,first,win,S10,1874
c61_anchor_followup,COMBINED,C61,1873,second,win,S10,1873
c61_anchor_followup,COMBINED,C61,1874,first,loss,S10,1875
c61_anchor_followup,COMBINED,C61,1875,second,win,S10,1876
c61_anchor_followup,COMBINED,C61,1876,first,win,S10,1877
c61_anchor_followup,COMBINED,C61,1877,second,loss,S10,1878
c61_anchor_followup,COMBINED,C61,1878,first,loss,S10,1880
c61_anchor_followup,COMBINED,C61,1879,second,win,S10,1879
c61_anchor_followup,COMBINED,C61,1880,first,loss,S10,1882
c61_anchor_followup,COMBINED,C61,1881,second,loss,S10,1881
c61_anchor_followup,COMBINED,C61,1882,first,loss,S10,1883
c61_anchor_followup,COMBINED,C61,1883,second,win,S10,1884
c61_anchor_followup,COMBINED,C61,1884,first,loss,S10,1885
c61_anchor_followup,COMBINED,C61,1885,second,loss,S10,1886
c61_anchor_followup,COMBINED,C61,1886,first,loss,S10,1887
c61_anchor_followup,COMBINED,C61,1887,second,loss,S10,1888
c61_anchor_followup,COMBINED,C61,1888,first,loss,S10,1889
c61_anchor_followup,COMBINED,C61,1889,second,loss,S10,1890
c61_anchor_followup,COMBINED,C61,1890,first,loss,S10,1891
c61_anchor_followup,COMBINED,C61,1891,second,loss,S10,1892
c61_anchor_followup,COMBINED,C61,1892,first,win,S10,1893
c61_anchor_followup,COMBINED,C61,1893,second,loss,S10,1894
c61_anchor_followup,COMBINED,C61,1894,first,loss,S10,1895
c61_anchor_followup,COMBINED,C61,1895,second,loss,S10,1896
c61_anchor_followup,COMBINED,C61,1896,first,loss,S10,1897
c61_anchor_followup,COMBINED,C61,1897,second,loss,S10,1899
c61_anchor_followup,COMBINED,C61,1898,first,win,S10,1898
c61_anchor_followup,COMBINED,C61,1899,second,loss,S10,1900
c61_anchor_followup,COMBINED,C61,1900,first,win,S10,1901
c61_anchor_followup,COMBINED,C61,1901,second,win,S10,1903
c61_anchor_followup,COMBINED,C61,1902,first,win,S10,1902
c61_anchor_followup,COMBINED,C61,1903,second,win,S10,1904
c61_anchor_followup,COMBINED,C61,1904,first,win,S10,1905
c61_anchor_followup,COMBINED,C61,1905,second,loss,S10,1906
c61_anchor_followup,COMBINED,C61,1906,first,loss,S10,1907
c61_anchor_followup,COMBINED,C61,1907,second,loss,S10,1908
c61_anchor_followup,COMBINED,C61,1908,first,loss,S10,1909
c61_anchor_followup,COMBINED,C61,1909,second,loss,S10,1910
c61_anchor_followup,COMBINED,C61,1910,first,win,S10,1911
c61_anchor_followup,COMBINED,C61,1911,second,loss,S10,1912
c61_anchor_followup,COMBINED,C61,1912,first,loss,S10,1913
c61_anchor_followup,COMBINED,C61,1913,second,loss,S10,1914
c61_anchor_followup,COMBINED,C61,1914,first,win,S10,1915
c61_anchor_followup,COMBINED,C61,1915,second,win,S10,1916
c61_anchor_followup,COMBINED,C61,1916,first,loss,S10,1917
c61_anchor_followup,COMBINED,C61,1917,second,win,S10,1918
c61_anchor_followup,COMBINED,C61,1918,first,loss,S10,1919
c61_anchor_followup,COMBINED,C61,1919,second,win,S10,1920
c61_anchor_followup,COMBINED,C61,1920,first,loss,S10,1921
c61_anchor_followup,COMBINED,C61,1921,second,win,S10,1922
c61_anchor_followup,COMBINED,C61,1922,first,win,S10,1923
c61_anchor_followup,COMBINED,C61,1923,second,loss,S10,1924
c61_anchor_followup,COMBINED,C61,1924,first,loss,S10,1925
c61_anchor_followup,COMBINED,C61,1925,second,win,S10,1926
c61_anchor_followup,COMBINED,C61,1926,first,win,S10,1927
c61_anchor_followup,COMBINED,C61,1927,second,loss,S10,1928
c61_anchor_followup,COMBINED,C61,1928,first,win,S10,1929
c61_anchor_followup,COMBINED,C61,1929,second,loss,S10,1931
c61_anchor_followup,COMBINED,C61,1930,first,win,S10,1930
c61_anchor_followup,COMBINED,C61,1931,second,win,S10,1933
c61_anchor_followup,COMBINED,C61,1932,first,win,S10,1932
c61_anchor_followup,COMBINED,C61,1933,second,loss,S10,1934
c61_anchor_followup,COMBINED,C61,1934,first,win,S10,1935
c61_anchor_followup,COMBINED,C61,1935,second,win,S10,1936
c61_anchor_followup,COMBINED,C61,1936,first,win,S10,1937
c61_anchor_followup,COMBINED,C61,1937,second,loss,S10,1939
c61_anchor_followup,COMBINED,C61,1938,first,win,S10,1938
c61_anchor_followup,COMBINED,C61,1939,second,win,S10,1941
c61_anchor_followup,COMBINED,C61,1940,first,win,S10,1940
c61_anchor_followup,COMBINED,C61,1941,second,loss,S10,1943
c61_anchor_followup,COMBINED,C61,1942,first,loss,S10,1942
c61_anchor_followup,COMBINED,C61,1943,second,win,S10,1944
c61_anchor_followup,COMBINED,C61,1944,first,loss,S10,1945
c61_anchor_followup,COMBINED,C61,1945,second,loss,S10,1946
c61_anchor_followup,COMBINED,C61,1946,first,loss,S10,1947
c61_anchor_followup,COMBINED,C61,1947,second,loss,S10,1949
c61_anchor_followup,COMBINED,C61,1948,first,loss,S10,1948
c61_anchor_followup,COMBINED,C61,1949,second,loss,S10,1950
c61_anchor_followup,COMBINED,C61,1950,first,loss,S10,1951
c61_anchor_followup,COMBINED,C61,1951,second,win,S10,1952
c61_anchor_followup,COMBINED,C61,1952,first,win,S10,1953
c61_anchor_followup,COMBINED,C61,1953,second,loss,S10,1954
c61_anchor_followup,COMBINED,C61,1954,first,loss,S10,1956
c61_anchor_followup,COMBINED,C61,1955,second,win,S10,1955
c61_anchor_followup,COMBINED,C61,1956,first,loss,S10,1958
c61_anchor_followup,COMBINED,C61,1957,second,loss,S10,1957
c61_anchor_followup,COMBINED,C61,1958,first,loss,S10,1959
c61_anchor_followup,COMBINED,C61,1959,second,win,S10,1960
c61_anchor_followup,COMBINED,C61,1960,first,loss,S10,1961
c61_anchor_followup,COMBINED,C61,1961,second,loss,S10,1962
c61_anchor_followup,COMBINED,C61,1962,first,loss,S10,1963
c61_anchor_followup,COMBINED,C61,1963,second,win,S10,1965
c61_anchor_followup,COMBINED,C61,1964,first,loss,S10,1964
c61_anchor_followup,COMBINED,C61,1965,second,win,S10,1967
c61_anchor_followup,COMBINED,C61,1966,first,win,S10,1966
c61_anchor_followup,COMBINED,C61,1967,second,win,S10,1968
c61_anchor_followup,COMBINED,C61,1968,first,loss,S10,1969
c61_anchor_followup,COMBINED,C61,1969,second,loss,S10,1970
c61_anchor_followup,COMBINED,C61,1970,first,win,S10,1971
c61_anchor_followup,COMBINED,C61,1971,second,win,S10,1972
c61_anchor_followup,COMBINED,C61,1972,first,win,S10,1973
c61_anchor_followup,COMBINED,C61,1973,second,loss,S10,1974
c61_anchor_followup,COMBINED,C61,1974,first,loss,S10,1975
c61_anchor_followup,COMBINED,C61,1975,second,win,S10,1976
c61_anchor_followup,COMBINED,C61,1976,first,loss,S10,1977
c61_anchor_followup,COMBINED,C61,1977,second,loss,S10,1978
c61_anchor_followup,COMBINED,C61,1978,first,win,S10,1979
c61_anchor_followup,COMBINED,C61,1979,second,loss,S10,1980
c61_anchor_followup,COMBINED,C61,1980,first,loss,S10,1981
c61_anchor_followup,COMBINED,C61,1981,second,win,S10,1982
c61_anchor_followup,COMBINED,C61,1982,first,loss,S10,1983
c61_anchor_followup,COMBINED,C61,1983,second,loss,S10,1984
c61_anchor_followup,COMBINED,C61,1984,first,loss,S10,1985
c61_anchor_followup,COMBINED,C61,1985,second,loss,S10,1986
c61_anchor_followup,COMBINED,C61,1986,first,win,S10,1987
c61_anchor_followup,COMBINED,C61,1987,second,win,S10,1988
c61_anchor_followup,COMBINED,C61,1988,first,loss,S10,1989
c61_anchor_followup,COMBINED,C61,1989,second,loss,S10,1990
c61_anchor_followup,COMBINED,C61,1990,first,loss,S10,1991
c61_anchor_followup,COMBINED,C61,1991,second,loss,S10,1992
c61_anchor_followup,COMBINED,C61,1992,first,loss,S10,1993
c61_anchor_followup,COMBINED,C61,1993,second,loss,S10,1995
c61_anchor_followup,COMBINED,C61,1994,first,win,S10,1994
c61_anchor_followup,COMBINED,C61,1995,second,win,S10,1996
c61_anchor_followup,COMBINED,C61,1996,first,loss,S10,1997
c61_anchor_followup,COMBINED,C61,1997,second,win,S10,1998
c61_anchor_followup,COMBINED,C61,1998,first,loss,S10,1999
c61_anchor_followup,COMBINED,C61,1999,second,loss,S10,2000
c61_anchor_followup,COMBINED,C61,2000,first,loss,S10,2001
c61_anchor_followup,COMBINED,C61,2001,second,win,S10,2002
c61_anchor_followup,COMBINED,C61,2002,first,loss,S10,2004
c61_anchor_followup,COMBINED,C61,2003,second,win,S10,2003
c61_anchor_followup,COMBINED,C61,2004,first,loss,S10,2006
c61_anchor_followup,COMBINED,C61,2005,second,loss,S10,2005
c61_anchor_followup,COMBINED,C61,2006,first,win,S10,2007
c61_anchor_followup,COMBINED,C61,2007,second,win,S10,2008
c61_anchor_followup,COMBINED,C61,2008,first,win,S10,2009
c61_anchor_followup,COMBINED,C61,2009,second,loss,S10,2010
c61_anchor_followup,COMBINED,C61,2010,first,win,S10,2011
c61_anchor_followup,COMBINED,C61,2011,second,loss,S10,2012
c61_anchor_followup,COMBINED,C61,2012,first,win,S10,2013
c61_anchor_followup,COMBINED,C61,2013,second,win,S10,2015
c61_anchor_followup,COMBINED,C61,2014,first,win,S10,2014
c61_anchor_followup,COMBINED,C61,2015,second,loss,S10,2017
c61_anchor_followup,COMBINED,C61,2016,first,loss,S10,2016
c61_anchor_followup,COMBINED,C61,2017,second,win,S10,2018
c61_anchor_followup,COMBINED,C61,2018,first,win,S10,2019
c61_anchor_followup,COMBINED,C61,2019,second,loss,S10,2021
c61_anchor_followup,COMBINED,C61,2020,first,loss,S10,2020
c61_anchor_followup,COMBINED,C61,2021,second,win,S10,2022
c61_anchor_followup,COMBINED,C61,2022,first,win,S10,2023
c61_anchor_followup,COMBINED,C61,2023,second,loss,S10,2024
c61_anchor_followup,COMBINED,C61,2024,first,win,S10,2025
c61_anchor_followup,COMBINED,C61,2025,second,win,S10,2028
c61_anchor_followup,COMBINED,C61,2026,first,loss,S10,2026
c61_anchor_followup,COMBINED,C61,2027,second,win,S10,2027
c61_anchor_followup,COMBINED,C61,2028,first,win,S10,2029
c61_anchor_followup,COMBINED,C61,2029,second,win,S10,2030
c61_anchor_followup,COMBINED,C61,2030,first,loss,S10,2031
c61_anchor_followup,COMBINED,C61,2031,second,win,S10,2032
c61_anchor_followup,COMBINED,C61,2032,first,win,S10,2034
c61_anchor_followup,COMBINED,C61,2033,second,loss,S10,2033
c61_anchor_followup,COMBINED,C61,2034,first,win,S10,2035
c61_anchor_followup,COMBINED,C61,2035,second,loss,S10,2036
c61_anchor_followup,COMBINED,C61,2036,first,loss,S10,2038
c61_anchor_followup,COMBINED,C61,2037,second,win,S10,2037
c61_anchor_followup,COMBINED,C61,2038,first,loss,S10,2040
c61_anchor_followup,COMBINED,C61,2039,second,loss,S10,2039
c61_anchor_followup,COMBINED,C61,2040,first,loss,S10,2042
c61_anchor_followup,COMBINED,C61,2041,second,win,S10,2041
c61_anchor_followup,COMBINED,C61,2042,first,win,S10,2043
c61_anchor_followup,COMBINED,C61,2043,second,win,S10,2044
c61_anchor_followup,COMBINED,C61,2044,first,win,S10,2045
c61_anchor_followup,COMBINED,C61,2045,second,loss,S10,2046
c61_anchor_followup,COMBINED,C61,2046,first,win,S10,2047
c61_anchor_followup,COMBINED,C61,2047,second,loss,S10,2048
c61_anchor_followup,COMBINED,C61,2048,first,win,S10,2049
c61_anchor_followup,COMBINED,C61,2049,second,win,S10,2050
c61_anchor_followup,COMBINED,C61,2050,first,loss,S10,2051
c61_anchor_followup,COMBINED,C61,2051,second,loss,S10,2052
c61_anchor_followup,COMBINED,C61,2052,first,loss,S10,2053
c61_anchor_followup,COMBINED,C61,2053,second,win,S10,2054
c61_anchor_followup,COMBINED,C61,2054,first,win,S10,2055
c61_anchor_followup,COMBINED,C61,2055,second,win,S10,2056
c61_anchor_followup,COMBINED,C61,2056,first,loss,S10,2057
c61_anchor_followup,COMBINED,C61,2057,second,loss,S10,2059
c61_anchor_followup,COMBINED,C61,2058,first,win,S10,2058
c61_anchor_followup,COMBINED,C61,2059,second,loss,S10,2060
c61_anchor_followup,COMBINED,C61,2060,first,loss,S10,2061
c61_anchor_followup,COMBINED,C61,2061,second,loss,S10,2063
c61_anchor_followup,COMBINED,C61,2062,first,win,S10,2062
c61_anchor_followup,COMBINED,C61,2063,second,loss,S10,2064
c61_anchor_followup,COMBINED,C61,2064,first,win,S10,2065
c61_anchor_followup,COMBINED,C61,2065,second,win,S10,2067
c61_anchor_followup,COMBINED,C61,2066,first,win,S10,2066
c61_anchor_followup,COMBINED,C61,2067,second,win,S10,2069
c61_anchor_followup,COMBINED,C61,2068,first,win,S10,2068
c61_anchor_followup,COMBINED,C61,2069,second,loss,S10,2070
c61_anchor_followup,COMBINED,C61,2070,first,loss,S10,2071
c61_anchor_followup,COMBINED,C61,2071,second,win,S10,2072
c61_anchor_followup,COMBINED,C61,2072,first,win,S10,2073
c61_anchor_followup,COMBINED,C61,2073,second,win,S10,2074
c61_anchor_followup,COMBINED,C61,2074,first,win,S10,2075
c61_anchor_followup,COMBINED,C61,2075,second,loss,S10,2077
c61_anchor_followup,COMBINED,C61,2076,first,win,S10,2076
c61_anchor_followup,COMBINED,C61,2077,second,win,S10,2078
c61_anchor_followup,COMBINED,C61,2078,first,win,S10,2079
c61_anchor_followup,COMBINED,C61,2079,second,loss,S10,2080
c61_anchor_followup,COMBINED,C61,2080,first,win,S10,2081
c61_anchor_followup,COMBINED,C61,2081,second,loss,S10,2083
c61_anchor_followup,COMBINED,C61,2082,first,loss,S10,2082
c61_anchor_followup,COMBINED,C61,2083,second,win,S10,2084
c61_anchor_followup,COMBINED,C61,2084,first,loss,S10,2086
c61_anchor_followup,COMBINED,C61,2085,second,win,S10,2085
c61_anchor_followup,COMBINED,C61,2086,first,win,S10,2088
c61_anchor_followup,COMBINED,C61,2087,second,win,S10,2087
c61_anchor_followup,COMBINED,C61,2088,first,loss,S10,2089
c61_anchor_followup,COMBINED,C61,2089,second,loss,S10,2090
c61_anchor_followup,COMBINED,C61,2090,first,draw,S10,2091
c61_anchor_followup,COMBINED,C61,2091,second,loss,S10,2092
c61_anchor_followup,COMBINED,C61,2092,first,win,S10,2093
c61_anchor_followup,COMBINED,C61,2093,second,win,S10,2094
c61_anchor_followup,COMBINED,C61,2094,first,win,S10,2096
c61_anchor_followup,COMBINED,C61,2095,second,loss,S10,2095
c61_anchor_followup,COMBINED,C61,2096,first,loss,S10,2097
c61_anchor_followup,COMBINED,C61,2097,second,loss,S10,2098
c61_anchor_followup,COMBINED,C61,2098,first,loss,S10,2099
c61_anchor_followup,COMBINED,C61,2099,second,loss,S10,2100
c61_anchor_followup,COMBINED,C61,2100,first,win,S10,2101
c61_anchor_followup,COMBINED,C61,2101,second,loss,S10,2103
c61_anchor_followup,COMBINED,C61,2102,first,win,S10,2102
c61_anchor_followup,COMBINED,C61,2103,second,loss,S10,2104
c61_anchor_followup,COMBINED,C61,2104,first,win,S10,2105
c61_anchor_followup,COMBINED,C61,2105,second,win,S10,2106
c61_anchor_followup,COMBINED,C61,2106,first,loss,S10,2107
c61_anchor_followup,COMBINED,C61,2107,second,loss,S10,2108
c61_anchor_followup,COMBINED,C61,2108,first,loss,S10,2109
c61_anchor_followup,COMBINED,C61,2109,second,loss,S10,2111
c61_anchor_followup,COMBINED,C61,2110,first,loss,S10,2110
c61_anchor_followup,COMBINED,C61,2111,second,win,S10,2112
c61_anchor_followup,COMBINED,C61,2112,first,loss,S10,2113
c61_anchor_followup,COMBINED,C61,2113,second,loss,S10,2114
c61_anchor_followup,COMBINED,C61,2114,first,loss,S10,2115
c61_anchor_followup,COMBINED,C61,2115,second,loss,S10,2117
c61_anchor_followup,COMBINED,C61,2116,first,win,S10,2116
c61_anchor_followup,COMBINED,C61,2117,second,win,S10,2118
c61_anchor_followup,COMBINED,C61,2118,first,loss,S10,2119
c61_anchor_followup,COMBINED,C61,2119,second,win,S10,2121
c61_anchor_followup,COMBINED,C61,2120,first,win,S10,2120
c61_anchor_followup,COMBINED,C61,2121,second,win,S10,2123
c61_anchor_followup,COMBINED,C61,2122,first,win,S10,2122
c61_anchor_followup,COMBINED,C61,2123,second,win,S10,2126
c61_anchor_followup,COMBINED,C61,2124,first,win,S10,2124
c61_anchor_followup,COMBINED,C61,2125,second,win,S10,2125
c61_anchor_followup,COMBINED,C61,2126,first,loss,S10,2127
c61_anchor_followup,COMBINED,C61,2127,second,win,S10,2130
c61_anchor_followup,COMBINED,C61,2128,first,win,S10,2128
c61_anchor_followup,COMBINED,C61,2129,second,win,S10,2129
c61_anchor_followup,COMBINED,C61,2130,first,loss,S10,2131
c61_anchor_followup,COMBINED,C61,2131,second,loss,S10,2132
c61_anchor_followup,COMBINED,C61,2132,first,loss,S10,2133
c61_anchor_followup,COMBINED,C61,2133,second,win,S10,2134
c61_anchor_followup,COMBINED,C61,2134,first,loss,S10,2135
c61_anchor_followup,COMBINED,C61,2135,second,loss,S10,2136
c61_anchor_followup,COMBINED,C61,2136,first,win,S10,2137
c61_anchor_followup,COMBINED,C61,2137,second,win,S10,2138
c61_anchor_followup,COMBINED,C61,2138,first,win,S10,2140
c61_anchor_followup,COMBINED,C61,2139,second,loss,S10,2139
c61_anchor_followup,COMBINED,C61,2140,first,win,S10,2142
c61_anchor_followup,COMBINED,C61,2141,second,loss,S10,2141
c61_anchor_followup,COMBINED,C61,2142,first,loss,S10,2143
c61_anchor_followup,COMBINED,C61,2143,second,loss,S10,2144
c61_anchor_followup,COMBINED,C61,2144,first,loss,S10,2146
c61_anchor_followup,COMBINED,C61,2145,second,loss,S10,2145
c61_anchor_followup,COMBINED,C61,2146,first,loss,S10,2148
c61_anchor_followup,COMBINED,C61,2147,second,loss,S10,2147
c61_anchor_followup,COMBINED,C61,2148,first,win,S10,2150
c61_anchor_followup,COMBINED,C61,2149,second,loss,S10,2149
c61_anchor_followup,COMBINED,C61,2150,first,win,S10,2151
c61_anchor_followup,COMBINED,C61,2151,second,win,S10,2152
c61_anchor_followup,COMBINED,C61,2152,first,win,S10,2154
c61_anchor_followup,COMBINED,C61,2153,second,loss,S10,2153
c61_anchor_followup,COMBINED,C61,2154,first,win,S10,2156
c61_anchor_followup,COMBINED,C61,2155,second,win,S10,2155
c61_anchor_followup,COMBINED,C61,2156,first,win,S10,2157
c61_anchor_followup,COMBINED,C61,2157,second,loss,S10,2159
c61_anchor_followup,COMBINED,C61,2158,first,loss,S10,2158
c61_anchor_followup,COMBINED,C61,2159,second,loss,S10,2161
c61_anchor_followup,COMBINED,C61,2160,first,loss,S10,2160
c61_anchor_followup,COMBINED,C61,2161,second,win,S10,2162
c61_anchor_followup,COMBINED,C61,2162,first,win,S10,2163
c61_anchor_followup,COMBINED,C61,2163,second,win,S10,2164
c61_anchor_followup,COMBINED,C61,2164,first,loss,S10,2165
c61_anchor_followup,COMBINED,C61,2165,second,win,S10,2166
c61_anchor_followup,COMBINED,C61,2166,first,loss,S10,2167
c61_anchor_followup,COMBINED,C61,2167,second,win,S10,2168
c61_anchor_followup,COMBINED,C61,2168,first,win,S10,2169
c61_anchor_followup,COMBINED,C61,2169,second,loss,S10,2171
c61_anchor_followup,COMBINED,C61,2170,first,win,S10,2170
c61_anchor_followup,COMBINED,C61,2171,second,loss,S10,2172
c61_anchor_followup,COMBINED,C61,2172,first,loss,S10,2173
c61_anchor_followup,COMBINED,C61,2173,second,loss,S10,2175
c61_anchor_followup,COMBINED,C61,2174,first,loss,S10,2174
c61_anchor_followup,COMBINED,C61,2175,second,win,S10,2177
c61_anchor_followup,COMBINED,C61,2176,first,loss,S10,2176
c61_anchor_followup,COMBINED,C61,2177,second,loss,S10,2179
c61_anchor_followup,COMBINED,C61,2178,first,win,S10,2178
c61_anchor_followup,COMBINED,C61,2179,second,loss,S10,2180
c61_anchor_followup,COMBINED,C61,2180,first,loss,S10,2181
c61_anchor_followup,COMBINED,C61,2181,second,loss,S10,2182
c61_anchor_followup,COMBINED,C61,2182,first,loss,S10,2183
c61_anchor_followup,COMBINED,C61,2183,second,loss,S10,2184
c61_anchor_followup,COMBINED,C61,2184,first,win,S10,2185
c61_anchor_followup,COMBINED,C61,2185,second,loss,S10,2186
c61_anchor_followup,COMBINED,C61,2186,first,win,S10,2187
c61_anchor_followup,COMBINED,C61,2187,second,win,S10,2188
c61_anchor_followup,COMBINED,C61,2188,first,win,S10,2190
c61_anchor_followup,COMBINED,C61,2189,second,win,S10,2189
c61_anchor_followup,COMBINED,C61,2190,first,loss,S10,2191
c61_anchor_followup,COMBINED,C61,2191,second,win,S10,2193
c61_anchor_followup,COMBINED,C61,2192,first,win,S10,2192
c61_anchor_followup,COMBINED,C61,2193,second,win,S10,2195
c61_anchor_followup,COMBINED,C61,2194,first,loss,S10,2194
c61_anchor_followup,COMBINED,C61,2195,second,win,S10,2197
c61_anchor_followup,COMBINED,C61,2196,first,loss,S10,2196
c61_anchor_followup,COMBINED,C61,2197,second,win,S10,2199
c61_anchor_followup,COMBINED,C61,2198,first,loss,S10,2198
c61_anchor_followup,COMBINED,C61,2199,second,loss,S10,2200
c61_anchor_followup,COMBINED,C61,2200,first,win,S10,2201
c61_anchor_followup,COMBINED,C61,2201,second,win,S10,2203
c61_anchor_followup,COMBINED,C61,2202,first,win,S10,2202
c61_anchor_followup,COMBINED,C61,2203,second,loss,S10,2204
c61_anchor_followup,COMBINED,C61,2204,first,loss,S10,2205
c61_anchor_followup,COMBINED,C61,2205,second,loss,S10,2207
c61_anchor_followup,COMBINED,C61,2206,first,loss,S10,2206
c61_anchor_followup,COMBINED,C61,2207,second,win,S10,2208
c61_anchor_followup,COMBINED,C61,2208,first,win,S10,2209
c61_anchor_followup,COMBINED,C61,2209,second,loss,S10,2210
c61_anchor_followup,COMBINED,C61,2210,first,win,S10,2211
c61_anchor_followup,COMBINED,C61,2211,second,loss,S10,2212
c61_anchor_followup,COMBINED,C61,2212,first,loss,S10,2214
c61_anchor_followup,COMBINED,C61,2213,second,loss,S10,2213
c61_anchor_followup,COMBINED,C61,2214,first,loss,S10,2215
c61_anchor_followup,COMBINED,C61,2215,second,loss,S10,2216
c61_anchor_followup,COMBINED,C61,2216,first,win,S10,2217
c61_anchor_followup,COMBINED,C61,2217,second,loss,S10,2219
c61_anchor_followup,COMBINED,C61,2218,first,loss,S10,2218
c61_anchor_followup,COMBINED,C61,2219,second,loss,S10,2221
c61_anchor_followup,COMBINED,C61,2220,first,loss,S10,2220
c61_anchor_followup,COMBINED,C61,2221,second,loss,S10,2222
c61_anchor_followup,COMBINED,C61,2222,first,loss,S10,2223
c61_anchor_followup,COMBINED,C61,2223,second,win,S10,2224
c61_anchor_followup,COMBINED,C61,2224,first,win,S10,2225
c61_anchor_followup,COMBINED,C61,2225,second,win,S10,2226
c61_anchor_followup,COMBINED,C61,2226,first,loss,S10,2228
c61_anchor_followup,COMBINED,C61,2227,second,loss,S10,2227
c61_anchor_followup,COMBINED,C61,2228,first,win,S10,2231
c61_anchor_followup,COMBINED,C61,2229,second,win,S10,2229
c61_anchor_followup,COMBINED,C61,2230,first,win,S10,2230
c61_anchor_followup,COMBINED,C61,2231,second,loss,S10,2232
c61_anchor_followup,COMBINED,C61,2232,first,loss,S10,2233
c61_anchor_followup,COMBINED,C61,2233,second,loss,S10,2234
c61_anchor_followup,COMBINED,C61,2234,first,loss,S10,2235
c61_anchor_followup,COMBINED,C61,2235,second,loss,S10,2236
c61_anchor_followup,COMBINED,C61,2236,first,win,S10,2237
c61_anchor_followup,COMBINED,C61,2237,second,loss,S10,2238
c61_anchor_followup,COMBINED,C61,2238,first,loss,S10,2239
c61_anchor_followup,COMBINED,C61,2239,second,win,S10,2240
c61_anchor_followup,COMBINED,C61,2240,first,loss,S10,2242
c61_anchor_followup,COMBINED,C61,2241,second,win,S10,2241
c61_anchor_followup,COMBINED,C61,2242,first,loss,S10,2243
c61_anchor_followup,COMBINED,C61,2243,second,loss,S10,2244
c61_anchor_followup,COMBINED,C61,2244,first,win,S10,2246
c61_anchor_followup,COMBINED,C61,2245,second,loss,S10,2245
c61_anchor_followup,COMBINED,C61,2246,first,win,S10,2248
c61_anchor_followup,COMBINED,C61,2247,second,loss,S10,2247
c61_anchor_followup,COMBINED,C61,2248,first,win,S10,2249
c61_anchor_followup,COMBINED,C61,2249,second,win,S10,2250
c61_anchor_followup,COMBINED,C61,2250,first,win,S10,2251
c61_anchor_followup,COMBINED,C61,2251,second,loss,S10,2252
c61_anchor_followup,COMBINED,C61,2252,first,loss,S10,2254
c61_anchor_followup,COMBINED,C61,2253,second,win,S10,2253
c61_anchor_followup,COMBINED,C61,2254,first,win,S10,2255
c61_anchor_followup,COMBINED,C61,2255,second,loss,S10,2256
c61_anchor_followup,COMBINED,C61,2256,first,loss,S10,2257
c61_anchor_followup,COMBINED,C61,2257,second,loss,S10,2258
c61_anchor_followup,COMBINED,C61,2258,first,loss,S10,2259
c61_anchor_followup,COMBINED,C61,2259,second,loss,S10,2260
c61_anchor_followup,COMBINED,C61,2260,first,win,S10,2262
c61_anchor_followup,COMBINED,C61,2261,second,win,S10,2261
c61_anchor_followup,COMBINED,C61,2262,first,win,S10,2263
c61_anchor_followup,COMBINED,C61,2263,second,loss,S10,2264
c61_anchor_followup,COMBINED,C61,2264,first,loss,S10,2265
c61_anchor_followup,COMBINED,C61,2265,second,loss,S10,2267
c61_anchor_followup,COMBINED,C61,2266,first,loss,S10,2266
c61_anchor_followup,COMBINED,C61,2267,second,loss,S10,2269
c61_anchor_followup,COMBINED,C61,2268,first,win,S10,2268
c61_anchor_followup,COMBINED,C61,2269,second,loss,S10,2271
c61_anchor_followup,COMBINED,C61,2270,first,win,S10,2270
c61_anchor_followup,COMBINED,C61,2271,second,loss,S10,2272
c61_anchor_followup,COMBINED,C61,2272,first,loss,S10,2273
c61_anchor_followup,COMBINED,C61,2273,second,win,S10,2274
c61_anchor_followup,COMBINED,C61,2274,first,loss,S10,2275
c61_anchor_followup,COMBINED,C61,2275,second,loss,S10,2276
c61_anchor_followup,COMBINED,C61,2276,first,loss,S10,2277
c61_anchor_followup,COMBINED,C61,2277,second,win,S10,2278
c61_anchor_followup,COMBINED,C61,2278,first,win,S10,2279
c61_anchor_followup,COMBINED,C61,2279,second,draw,S10,2281
c61_anchor_followup,COMBINED,C61,2280,first,loss,S10,2280
c61_anchor_followup,COMBINED,C61,2281,second,loss,S10,2282
c61_anchor_followup,COMBINED,C61,2282,first,loss,S10,2283
c61_anchor_followup,COMBINED,C61,2283,second,loss,S10,2284
c61_anchor_followup,COMBINED,C61,2284,first,win,S10,2285
c61_anchor_followup,COMBINED,C61,2285,second,loss,S10,2286
c61_anchor_followup,COMBINED,C61,2286,first,loss,S10,2288
c61_anchor_followup,COMBINED,C61,2287,second,win,S10,2287
c61_anchor_followup,COMBINED,C61,2288,first,loss,S10,2289
c61_anchor_followup,COMBINED,C61,2289,second,loss,S10,2290
c61_anchor_followup,COMBINED,C61,2290,first,win,S10,2291
c61_anchor_followup,COMBINED,C61,2291,second,win,S10,2293
c61_anchor_followup,COMBINED,C61,2292,first,win,S10,2292
c61_anchor_followup,COMBINED,C61,2293,second,win,S10,2294
c61_anchor_followup,COMBINED,C61,2294,first,win,S10,2295
c61_anchor_followup,COMBINED,C61,2295,second,loss,S10,2296
c61_anchor_followup,COMBINED,C61,2296,first,win,S10,2297
c61_anchor_followup,COMBINED,C61,2297,second,loss,S10,2298
c61_anchor_followup,COMBINED,C61,2298,first,win,S10,2299
c61_anchor_followup,COMBINED,C61,2299,second,loss,S10,2300
c61_anchor_followup,COMBINED,C61,2300,first,win,S10,2301
c61_anchor_followup,COMBINED,C61,2301,second,loss,S10,2302
c61_anchor_followup,COMBINED,C61,2302,first,loss,S10,2303
c61_anchor_followup,COMBINED,C61,2303,second,loss,S10,2305
c61_anchor_followup,COMBINED,C61,2304,first,win,S10,2304
c61_anchor_followup,COMBINED,C61,2305,second,loss,S10,2307
c61_anchor_followup,COMBINED,C61,2306,first,win,S10,2306
c61_anchor_followup,COMBINED,C61,2307,second,win,S10,2308
c61_anchor_followup,COMBINED,C61,2308,first,loss,S10,2309
c61_anchor_followup,COMBINED,C61,2309,second,loss,S10,2310
c61_anchor_followup,COMBINED,C61,2310,first,loss,S10,2311
c61_anchor_followup,COMBINED,C61,2311,second,loss,S10,2312
c61_anchor_followup,COMBINED,C61,2312,first,win,S10,2313
c61_anchor_followup,COMBINED,C61,2313,second,win,S10,2314
c61_anchor_followup,COMBINED,C61,2314,first,win,S10,2315
c61_anchor_followup,COMBINED,C61,2315,second,loss,S10,2316
c61_anchor_followup,COMBINED,C61,2316,first,loss,S10,2318
c61_anchor_followup,COMBINED,C61,2317,second,loss,S10,2317
c61_anchor_followup,COMBINED,C61,2318,first,win,S10,2320
c61_anchor_followup,COMBINED,C61,2319,second,loss,S10,2319
c61_anchor_followup,COMBINED,C61,2320,first,win,S10,2321
c61_anchor_followup,COMBINED,C61,2321,second,loss,S10,2322
c61_anchor_followup,COMBINED,C61,2322,first,loss,S10,2323
c61_anchor_followup,COMBINED,C61,2323,second,loss,S10,2324
c61_anchor_followup,COMBINED,C61,2324,first,loss,S10,2325
c61_anchor_followup,COMBINED,C61,2325,second,loss,S10,2326
c61_anchor_followup,COMBINED,C61,2326,first,loss,S10,2327
c61_anchor_followup,COMBINED,C61,2327,second,win,S10,2329
c61_anchor_followup,COMBINED,C61,2328,first,win,S10,2328
c61_anchor_followup,COMBINED,C61,2329,second,loss,S10,2331
c61_anchor_followup,COMBINED,C61,2330,first,loss,S10,2330
c61_anchor_followup,COMBINED,C61,2331,second,win,S10,2333
c61_anchor_followup,COMBINED,C61,2332,first,win,S10,2332
c61_anchor_followup,COMBINED,C61,2333,second,loss,S10,2335
c61_anchor_followup,COMBINED,C61,2334,first,win,S10,2334
c61_anchor_followup,COMBINED,C61,2335,second,loss,S10,2336
c61_anchor_followup,COMBINED,C61,2336,first,loss,S10,2337
c61_anchor_followup,COMBINED,C61,2337,second,loss,S10,2338
c61_anchor_followup,COMBINED,C61,2338,first,loss,S10,2339
c61_anchor_followup,COMBINED,C61,2339,second,loss,S10,2340
c61_anchor_followup,COMBINED,C61,2340,first,loss,S10,2341
c61_anchor_followup,COMBINED,C61,2341,second,loss,S10,2342
c61_anchor_followup,COMBINED,C61,2342,first,win,S10,2343
c61_anchor_followup,COMBINED,C61,2343,second,loss,S10,2344
c61_anchor_followup,COMBINED,C61,2344,first,loss,S10,2345
c61_anchor_followup,COMBINED,C61,2345,second,win,S10,2346
c61_anchor_followup,COMBINED,C61,2346,first,win,S10,2347
c61_anchor_followup,COMBINED,C61,2347,second,loss,S10,2348
c61_anchor_followup,COMBINED,C61,2348,first,loss,S10,2349
c61_anchor_followup,COMBINED,C61,2349,second,loss,S10,2350
c61_anchor_followup,COMBINED,C61,2350,first,loss,S10,2351
c61_anchor_followup,COMBINED,C61,2351,second,loss,S10,2352
c61_anchor_followup,COMBINED,C61,2352,first,loss,S10,2353
c61_anchor_followup,COMBINED,C61,2353,second,win,S10,2355
c61_anchor_followup,COMBINED,C61,2354,first,loss,S10,2354
c61_anchor_followup,COMBINED,C61,2355,second,loss,S10,2356
c61_anchor_followup,COMBINED,C61,2356,first,loss,S10,2357
c61_anchor_followup,COMBINED,C61,2357,second,win,S10,2358
c61_anchor_followup,COMBINED,C61,2358,first,loss,S10,2359
c61_anchor_followup,COMBINED,C61,2359,second,win,S10,2360
c61_anchor_followup,COMBINED,C61,2360,first,win,S10,2361
c61_anchor_followup,COMBINED,C61,2361,second,loss,S10,2362
c61_anchor_followup,COMBINED,C61,2362,first,loss,S10,2363
c61_anchor_followup,COMBINED,C61,2363,second,loss,S10,2364
c61_anchor_followup,COMBINED,C61,2364,first,loss,S10,2365
c61_anchor_followup,COMBINED,C61,2365,second,loss,S10,2367
c61_anchor_followup,COMBINED,C61,2366,first,win,S10,2366
c61_anchor_followup,COMBINED,C61,2367,second,loss,S10,2368
c61_anchor_followup,COMBINED,C61,2368,first,win,S10,2369
c61_anchor_followup,COMBINED,C61,2369,second,win,S10,2370
c61_anchor_followup,COMBINED,C61,2370,first,win,S10,2371
c61_anchor_followup,COMBINED,C61,2371,second,win,S10,2372
c61_anchor_followup,COMBINED,C61,2372,first,win,S10,2374
c61_anchor_followup,COMBINED,C61,2373,second,win,S10,2373
c61_anchor_followup,COMBINED,C61,2374,first,win,S10,2375
c61_anchor_followup,COMBINED,C61,2375,second,loss,S10,2376
c61_anchor_followup,COMBINED,C61,2376,first,win,S10,2377
c61_anchor_followup,COMBINED,C61,2377,second,loss,S10,2378
c61_anchor_followup,COMBINED,C61,2378,first,win,S10,2379
c61_anchor_followup,COMBINED,C61,2379,second,loss,S10,2380
c61_anchor_followup,COMBINED,C61,2380,first,win,S10,2382
c61_anchor_followup,COMBINED,C61,2381,second,loss,S10,2381
c61_anchor_followup,COMBINED,C61,2382,first,win,S10,2383
c61_anchor_followup,COMBINED,C61,2383,second,loss,S10,2384
c61_anchor_followup,COMBINED,C61,2384,first,win,S10,2385
c61_anchor_followup,COMBINED,C61,2385,second,loss,S10,2387
c61_anchor_followup,COMBINED,C61,2386,first,win,S10,2386
c61_anchor_followup,COMBINED,C61,2387,second,loss,S10,2388
c61_anchor_followup,COMBINED,C61,2388,first,win,S10,2389
c61_anchor_followup,COMBINED,C61,2389,second,win,S10,2390
c61_anchor_followup,COMBINED,C61,2390,first,win,S10,2391
c61_anchor_followup,COMBINED,C61,2391,second,loss,S10,2392
c61_anchor_followup,COMBINED,C61,2392,first,loss,S10,2393
c61_anchor_followup,COMBINED,C61,2393,second,loss,S10,2394
c61_anchor_followup,COMBINED,C61,2394,first,loss,S10,2395
c61_anchor_followup,COMBINED,C61,2395,second,loss,S10,2396
c61_anchor_followup,COMBINED,C61,2396,first,loss,S10,2397
c61_anchor_followup,COMBINED,C61,2397,second,loss,S10,2398
c61_anchor_followup,COMBINED,C61,2398,first,loss,S10,2399
c61_anchor_followup,COMBINED,C61,2399,second,loss,S10,2401
c61_anchor_followup,COMBINED,C61,2400,first,win,S10,2400
c61_anchor_followup,COMBINED,C61,2401,second,win,S10,2402
c61_anchor_followup,COMBINED,C61,2402,first,loss,S10,2403
c61_anchor_followup,COMBINED,C61,2403,second,loss,S10,2404
c61_anchor_followup,COMBINED,C61,2404,first,win,S10,2405
c61_anchor_followup,COMBINED,C61,2405,second,loss,S10,2406
c61_anchor_followup,COMBINED,C61,2406,first,loss,S10,2407
c61_anchor_followup,COMBINED,C61,2407,second,loss,S10,2409
c61_anchor_followup,COMBINED,C61,2408,first,loss,S10,2408
c61_anchor_followup,COMBINED,C61,2409,second,loss,S10,2410
c61_anchor_followup,COMBINED,C61,2410,first,win,S10,2411
c61_anchor_followup,COMBINED,C61,2411,second,win,S10,2412
c61_anchor_followup,COMBINED,C61,2412,first,win,S10,2413
c61_anchor_followup,COMBINED,C61,2413,second,win,S10,2414
c61_anchor_followup,COMBINED,C61,2414,first,win,S10,2415
c61_anchor_followup,COMBINED,C61,2415,second,win,S10,2416
c61_anchor_followup,COMBINED,C61,2416,first,loss,S10,2417
c61_anchor_followup,COMBINED,C61,2417,second,loss,S10,2418
c61_anchor_followup,COMBINED,C61,2418,first,loss,S10,2419
c61_anchor_followup,COMBINED,C61,2419,second,loss,S10,2421
c61_anchor_followup,COMBINED,C61,2420,first,loss,S10,2420
c61_anchor_followup,COMBINED,C61,2421,second,win,S10,2422
c61_anchor_followup,COMBINED,C61,2422,first,win,S10,2423
c61_anchor_followup,COMBINED,C61,2423,second,loss,S10,2425
c61_anchor_followup,COMBINED,C61,2424,first,win,S10,2424
c61_anchor_followup,COMBINED,C61,2425,second,loss,S10,2428
c61_anchor_followup,COMBINED,C61,2426,first,loss,S10,2426
c61_anchor_followup,COMBINED,C61,2427,second,loss,S10,2427
c61_anchor_followup,COMBINED,C61,2428,first,win,S10,2431
c61_anchor_followup,COMBINED,C61,2429,second,win,S10,2429
c61_anchor_followup,COMBINED,C61,2430,first,win,S10,2430
c61_anchor_followup,COMBINED,C61,2431,second,loss,S10,2432
c61_anchor_followup,COMBINED,C61,2432,first,loss,S10,2433
c61_anchor_followup,COMBINED,C61,2433,second,win,S10,2434
c61_anchor_followup,COMBINED,C61,2434,first,loss,S10,2435
c61_anchor_followup,COMBINED,C61,2435,second,loss,S10,2436
c61_anchor_followup,COMBINED,C61,2436,first,loss,S10,2437
c61_anchor_followup,COMBINED,C61,2437,second,win,S10,2438
c61_anchor_followup,COMBINED,C61,2438,first,loss,S10,2439
c61_anchor_followup,COMBINED,C61,2439,second,loss,S10,2440
c61_anchor_followup,COMBINED,C61,2440,first,win,S10,2441
c61_anchor_followup,COMBINED,C61,2441,second,loss,S10,2442
c61_anchor_followup,COMBINED,C61,2442,first,win,S10,2443
c61_anchor_followup,COMBINED,C61,2443,second,win,S10,2446
c61_anchor_followup,COMBINED,C61,2444,first,loss,S10,2444
c61_anchor_followup,COMBINED,C61,2445,second,loss,S10,2445
c61_anchor_followup,COMBINED,C61,2446,first,win,S10,2448
c61_anchor_followup,COMBINED,C61,2447,second,win,S10,2447
c61_anchor_followup,COMBINED,C61,2448,first,win,S10,2450
c61_anchor_followup,COMBINED,C61,2449,second,loss,S10,2449
c61_anchor_followup,COMBINED,C61,2450,first,loss,S10,2451
c61_anchor_followup,COMBINED,C61,2451,second,loss,S10,2452
c61_anchor_followup,COMBINED,C61,2452,first,loss,S10,2453
c61_anchor_followup,COMBINED,C61,2453,second,loss,S10,2454
c61_anchor_followup,COMBINED,C61,2454,first,loss,S10,2455
c61_anchor_followup,COMBINED,C61,2455,second,loss,S10,2456
c61_anchor_followup,COMBINED,C61,2456,first,loss,S10,2458
c61_anchor_followup,COMBINED,C61,2457,second,win,S10,2457
c61_anchor_followup,COMBINED,C61,2458,first,draw,S10,2460
c61_anchor_followup,COMBINED,C61,2459,second,loss,S10,2459
c61_anchor_followup,COMBINED,C61,2460,first,win,S10,2461
c61_anchor_followup,COMBINED,C61,2461,second,loss,S10,2462
c61_anchor_followup,COMBINED,C61,2462,first,loss,S10,2463
c61_anchor_followup,COMBINED,C61,2463,second,loss,S10,2465
c61_anchor_followup,COMBINED,C61,2464,first,win,S10,2464
c61_anchor_followup,COMBINED,C61,2465,second,win,S10,2466
c61_anchor_followup,COMBINED,C61,2466,first,loss,S10,2467
c61_anchor_followup,COMBINED,C61,2467,second,loss,S10,2468
c61_anchor_followup,COMBINED,C61,2468,first,loss,S10,2471
c61_anchor_followup,COMBINED,C61,2469,second,win,S10,2469
c61_anchor_followup,COMBINED,C61,2470,first,win,S10,2470
c61_anchor_followup,COMBINED,C61,2471,second,loss,S10,2472
c61_anchor_followup,COMBINED,C61,2472,first,loss,S10,2474
c61_anchor_followup,COMBINED,C61,2473,second,loss,S10,2473
c61_anchor_followup,COMBINED,C61,2474,first,win,S10,2475
c61_anchor_followup,COMBINED,C61,2475,second,loss,S10,2476
c61_anchor_followup,COMBINED,C61,2476,first,loss,S10,2478
c61_anchor_followup,COMBINED,C61,2477,second,loss,S10,2477
c61_anchor_followup,COMBINED,C61,2478,first,win,S10,2479
c61_anchor_followup,COMBINED,C61,2479,second,loss,S10,2480
c61_anchor_followup,COMBINED,C61,2480,first,win,S10,2481
c61_anchor_followup,COMBINED,C61,2481,second,win,S10,2482
c61_anchor_followup,COMBINED,C61,2482,first,loss,S10,2483
c61_anchor_followup,COMBINED,C61,2483,second,loss,S10,2485
c61_anchor_followup,COMBINED,C61,2484,first,win,S10,2484
c61_anchor_followup,COMBINED,C61,2485,second,loss,S10,2486
c61_anchor_followup,COMBINED,C61,2486,first,win,S10,2487
c61_anchor_followup,COMBINED,C61,2487,second,win,S10,2488
c61_anchor_followup,COMBINED,C61,2488,first,win,S10,2489
c61_anchor_followup,COMBINED,C61,2489,second,loss,S10,2490
c61_anchor_followup,COMBINED,C61,2490,first,win,S10,2492
c61_anchor_followup,COMBINED,C61,2491,second,loss,S10,2491
c61_anchor_followup,COMBINED,C61,2492,first,loss,S10,2493
c61_anchor_followup,COMBINED,C61,2493,second,loss,S10,2494
c61_anchor_followup,COMBINED,C61,2494,first,loss,S10,2496
c61_anchor_followup,COMBINED,C61,2495,second,loss,S10,2495
c61_anchor_followup,COMBINED,C61,2496,first,win,S10,2498
c61_anchor_followup,COMBINED,C61,2497,second,loss,S10,2497
c61_anchor_followup,COMBINED,C61,2498,first,loss,S10,2499
c61_anchor_followup,COMBINED,C61,2499,second,win,S10,2500
c61_anchor_followup,COMBINED,C61,2500,first,loss,S10,2502
c61_anchor_followup,COMBINED,C61,2501,second,win,S10,2501
c61_anchor_followup,COMBINED,C61,2502,first,loss,S10,2504
c61_anchor_followup,COMBINED,C61,2503,second,win,S10,2503
c61_anchor_followup,COMBINED,C61,2504,first,win,S10,2506
c61_anchor_followup,COMBINED,C61,2505,second,win,S10,2505
c61_anchor_followup,COMBINED,C61,2506,first,win,S10,2508
c61_anchor_followup,COMBINED,C61,2507,second,loss,S10,2507
c61_anchor_followup,COMBINED,C61,2508,first,loss,S10,2509
c61_anchor_followup,COMBINED,C61,2509,second,win,S10,2510
c61_anchor_followup,COMBINED,C61,2510,first,win,S10,2511
c61_anchor_followup,COMBINED,C61,2511,second,loss,S10,2512
c61_anchor_followup,COMBINED,C61,2512,first,win,S10,2513
c61_anchor_followup,COMBINED,C61,2513,second,loss,S10,2514
c61_anchor_followup,COMBINED,C61,2514,first,win,S10,2515
c61_anchor_followup,COMBINED,C61,2515,second,loss,S10,2517
c61_anchor_followup,COMBINED,C61,2516,first,win,S10,2516
c61_anchor_followup,COMBINED,C61,2517,second,loss,S10,2518
c61_anchor_followup,COMBINED,C61,2518,first,win,S10,2519
c61_anchor_followup,COMBINED,C61,2519,second,loss,S10,2520
c61_anchor_followup,COMBINED,C61,2520,first,loss,S10,2521
c61_anchor_followup,COMBINED,C61,2521,second,loss,S10,2522
c61_anchor_followup,COMBINED,C61,2522,first,loss,S10,2523
c61_anchor_followup,COMBINED,C61,2523,second,loss,S10,2525
c61_anchor_followup,COMBINED,C61,2524,first,loss,S10,2524
c61_anchor_followup,COMBINED,C61,2525,second,win,S10,2527
c61_anchor_followup,COMBINED,C61,2526,first,win,S10,2526
c61_anchor_followup,COMBINED,C61,2527,second,win,S10,2528
c61_anchor_followup,COMBINED,C61,2528,first,loss,S10,2529
c61_anchor_followup,COMBINED,C61,2529,second,loss,S10,2530
c61_anchor_followup,COMBINED,C61,2530,first,win,S10,2532
c61_anchor_followup,COMBINED,C61,2531,second,loss,S10,2531
c61_anchor_followup,COMBINED,C61,2532,first,win,S10,2533
c61_anchor_followup,COMBINED,C61,2533,second,win,S10,2534
c61_anchor_followup,COMBINED,C61,2534,first,loss,S10,2535
c61_anchor_followup,COMBINED,C61,2535,second,win,S10,2536
c61_anchor_followup,COMBINED,C61,2536,first,win,S10,2537
c61_anchor_followup,COMBINED,C61,2537,second,win,S10,2538
c61_anchor_followup,COMBINED,C61,2538,first,loss,S10,2539
c61_anchor_followup,COMBINED,C61,2539,second,loss,S10,2540
c61_anchor_followup,COMBINED,C61,2540,first,loss,S10,2541
c61_anchor_followup,COMBINED,C61,2541,second,loss,S10,2542
c61_anchor_followup,COMBINED,C61,2542,first,win,S10,2544
c61_anchor_followup,COMBINED,C61,2543,second,win,S10,2543
c61_anchor_followup,COMBINED,C61,2544,first,win,S10,2546
c61_anchor_followup,COMBINED,C61,2545,second,win,S10,2545
c61_anchor_followup,COMBINED,C61,2546,first,loss,S10,2547
c61_anchor_followup,COMBINED,C61,2547,second,loss,S10,2548
c61_anchor_followup,COMBINED,C61,2548,first,win,S10,2549
c61_anchor_followup,COMBINED,C61,2549,second,win,S10,2550
c61_anchor_followup,COMBINED,C61,2550,first,loss,S10,2551
c61_anchor_followup,COMBINED,C61,2551,second,loss,S10,2552
c61_anchor_followup,COMBINED,C61,2552,first,loss,S10,2553
c61_anchor_followup,COMBINED,C61,2553,second,loss,S10,2554
c61_anchor_followup,COMBINED,C61,2554,first,loss,S10,2555
c61_anchor_followup,COMBINED,C61,2555,second,loss,S10,2556
c61_anchor_followup,COMBINED,C61,2556,first,win,S10,2557
c61_anchor_followup,COMBINED,C61,2557,second,win,S10,2558
c61_anchor_followup,COMBINED,C61,2558,first,win,S10,2560
c61_anchor_followup,COMBINED,C61,2559,second,win,S10,2559
c61_anchor_followup,COMBINED,C61,2560,first,loss,S10,2561
c61_anchor_followup,COMBINED,C61,2561,second,win,S10,2562
c61_anchor_followup,COMBINED,C61,2562,first,win,S10,2564
c61_anchor_followup,COMBINED,C61,2563,second,loss,S10,2563
c61_anchor_followup,COMBINED,C61,2564,first,loss,S10,2565
c61_anchor_followup,COMBINED,C61,2565,second,loss,S10,2566
c61_anchor_followup,COMBINED,C61,2566,first,win,S10,2567
c61_anchor_followup,COMBINED,C61,2567,second,loss,S10,2568
c61_anchor_followup,COMBINED,C61,2568,first,win,S10,2569
c61_anchor_followup,COMBINED,C61,2569,second,loss,S10,2571
c61_anchor_followup,COMBINED,C61,2570,first,loss,S10,2570
c61_anchor_followup,COMBINED,C61,2571,second,loss,S10,2572
c61_anchor_followup,COMBINED,C61,2572,first,win,S10,2573
c61_anchor_followup,COMBINED,C61,2573,second,win,S10,2575
c61_anchor_followup,COMBINED,C61,2574,first,loss,S10,2574
c61_anchor_followup,COMBINED,C61,2575,second,win,S10,2576
c61_anchor_followup,COMBINED,C61,2576,first,loss,S10,2577
c61_anchor_followup,COMBINED,C61,2577,second,win,S10,2578
c61_anchor_followup,COMBINED,C61,2578,first,loss,S10,2579
c61_anchor_followup,COMBINED,C61,2579,second,loss,S10,2580
c61_anchor_followup,COMBINED,C61,2580,first,win,S10,2582
c61_anchor_followup,COMBINED,C61,2581,second,loss,S10,2581
c61_anchor_followup,COMBINED,C61,2582,first,loss,S10,2584
c61_anchor_followup,COMBINED,C61,2583,second,loss,S10,2583
c61_anchor_followup,COMBINED,C61,2584,first,loss,S10,2585
c61_anchor_followup,COMBINED,C61,2585,second,loss,S10,2586
c61_anchor_followup,COMBINED,C61,2586,first,loss,S10,2587
c61_anchor_followup,COMBINED,C61,2587,second,loss,S10,2588
c61_anchor_followup,COMBINED,C61,2588,first,loss,S10,2590
c61_anchor_followup,COMBINED,C61,2589,second,loss,S10,2589
c61_anchor_followup,COMBINED,C61,2590,first,loss,S10,2592
c61_anchor_followup,COMBINED,C61,2591,second,win,S10,2591
c61_anchor_followup,COMBINED,C61,2592,first,loss,S10,2593
c61_anchor_followup,COMBINED,C61,2593,second,loss,S10,2594
c61_anchor_followup,COMBINED,C61,2594,first,loss,S10,2595
c61_anchor_followup,COMBINED,C61,2595,second,loss,S10,2596
c61_anchor_followup,COMBINED,C61,2596,first,loss,S10,2597
c61_anchor_followup,COMBINED,C61,2597,second,loss,S10,2598
c61_anchor_followup,COMBINED,C61,2598,first,win,S10,2599
c61_anchor_followup,COMBINED,C61,2599,second,loss,S10,2600
c61_anchor_followup,COMBINED,C61,2600,first,win,S10,2601
c61_anchor_followup,COMBINED,C61,2601,second,win,S10,2603
c61_anchor_followup,COMBINED,C61,2602,first,win,S10,2602
c61_anchor_followup,COMBINED,C61,2603,second,loss,S10,2605
c61_anchor_followup,COMBINED,C61,2604,first,loss,S10,2604
c61_anchor_followup,COMBINED,C61,2605,second,loss,S10,2606
c61_anchor_followup,COMBINED,C61,2606,first,win,S10,2607
c61_anchor_followup,COMBINED,C61,2607,second,loss,S10,2608
c61_anchor_followup,COMBINED,C61,2608,first,win,S10,2609
c61_anchor_followup,COMBINED,C61,2609,second,win,S10,2610
c61_anchor_followup,COMBINED,C61,2610,first,win,S10,2611
c61_anchor_followup,COMBINED,C61,2611,second,loss,S10,2612
c61_anchor_followup,COMBINED,C61,2612,first,loss,S10,2613
c61_anchor_followup,COMBINED,C61,2613,second,win,S10,2614
c61_anchor_followup,COMBINED,C61,2614,first,loss,S10,2616
c61_anchor_followup,COMBINED,C61,2615,second,loss,S10,2615
c61_anchor_followup,COMBINED,C61,2616,first,loss,S10,2617
c61_anchor_followup,COMBINED,C61,2617,second,win,S10,2618
c61_anchor_followup,COMBINED,C61,2618,first,loss,S10,2619
c61_anchor_followup,COMBINED,C61,2619,second,loss,S10,2620
c61_anchor_followup,COMBINED,C61,2620,first,loss,S10,2621
c61_anchor_followup,COMBINED,C61,2621,second,loss,S10,2622
c61_anchor_followup,COMBINED,C61,2622,first,loss,S10,2623
c61_anchor_followup,COMBINED,C61,2623,second,loss,S10,2624
c61_anchor_followup,COMBINED,C61,2624,first,win,S10,2625
c61_anchor_followup,COMBINED,C61,2625,second,win,S10,2626
c61_anchor_followup,COMBINED,C61,2626,first,loss,S10,2627
c61_anchor_followup,COMBINED,C61,2627,second,loss,S10,2628
c61_anchor_followup,COMBINED,C61,2628,first,loss,S10,2630
c61_anchor_followup,COMBINED,C61,2629,second,win,S10,2629
c61_anchor_followup,COMBINED,C61,2630,first,loss,S10,2632
c61_anchor_followup,COMBINED,C61,2631,second,loss,S10,2631
c61_anchor_followup,COMBINED,C61,2632,first,win,S10,2633
c61_anchor_followup,COMBINED,C61,2633,second,loss,S10,2635
c61_anchor_followup,COMBINED,C61,2634,first,win,S10,2634
c61_anchor_followup,COMBINED,C61,2635,second,win,S10,2636
c61_anchor_followup,COMBINED,C61,2636,first,win,S10,2637
c61_anchor_followup,COMBINED,C61,2637,second,loss,S10,2638
c61_anchor_followup,COMBINED,C61,2638,first,win,S10,2639
c61_anchor_followup,COMBINED,C61,2639,second,loss,S10,2641
c61_anchor_followup,COMBINED,C61,2640,first,win,S10,2640
c61_anchor_followup,COMBINED,C61,2641,second,loss,S10,2642
c61_anchor_followup,COMBINED,C61,2642,first,win,S10,2643
c61_anchor_followup,COMBINED,C61,2643,second,loss,S10,2645
c61_anchor_followup,COMBINED,C61,2644,first,win,S10,2644
c61_anchor_followup,COMBINED,C61,2645,second,loss,S10,2646
c61_anchor_followup,COMBINED,C61,2646,first,loss,S10,2647
c61_anchor_followup,COMBINED,C61,2647,second,loss,S10,2648
c61_anchor_followup,COMBINED,C61,2648,first,loss,S10,2649
c61_anchor_followup,COMBINED,C61,2649,second,loss,S10,2650
c61_anchor_followup,COMBINED,C61,2650,first,loss,S10,2651
c61_anchor_followup,COMBINED,C61,2651,second,win,S10,2652
c61_anchor_followup,COMBINED,C61,2652,first,win,S10,2653
c61_anchor_followup,COMBINED,C61,2653,second,win,S10,2654
c61_anchor_followup,COMBINED,C61,2654,first,win,S10,2655
c61_anchor_followup,COMBINED,C61,2655,second,loss,S10,2656
c61_anchor_followup,COMBINED,C61,2656,first,win,S10,2657
c61_anchor_followup,COMBINED,C61,2657,second,loss,S10,2659
c61_anchor_followup,COMBINED,C61,2658,first,loss,S10,2658
c61_anchor_followup,COMBINED,C61,2659,second,win,S10,2661
c61_anchor_followup,COMBINED,C61,2660,first,loss,S10,2660
c61_anchor_followup,COMBINED,C61,2661,second,loss,S10,2662
c61_anchor_followup,COMBINED,C61,2662,first,win,S10,2663
c61_anchor_followup,COMBINED,C61,2663,second,loss,S10,2664
c61_anchor_followup,COMBINED,C61,2664,first,loss,S10,2665
c61_anchor_followup,COMBINED,C61,2665,second,loss,S10,2666
c61_anchor_followup,COMBINED,C61,2666,first,win,S10,2667
c61_anchor_followup,COMBINED,C61,2667,second,loss,S10,2668
c61_anchor_followup,COMBINED,C61,2668,first,loss,S10,2669
c61_anchor_followup,COMBINED,C61,2669,second,loss,S10,2670
c61_anchor_followup,COMBINED,C61,2670,first,loss,S10,2671
c61_anchor_followup,COMBINED,C61,2671,second,win,S10,2672
c61_anchor_followup,COMBINED,C61,2672,first,loss,S10,2673
c61_anchor_followup,COMBINED,C61,2673,second,win,S10,2674
c61_anchor_followup,COMBINED,C61,2674,first,loss,S10,2675
c61_anchor_followup,COMBINED,C61,2675,second,loss,S10,2676
c61_anchor_followup,COMBINED,C61,2676,first,loss,S10,2677
c61_anchor_followup,COMBINED,C61,2677,second,win,S10,2679
c61_anchor_followup,COMBINED,C61,2678,first,loss,S10,2678
c61_anchor_followup,COMBINED,C61,2679,second,loss,S10,2680
c61_anchor_followup,COMBINED,C61,2680,first,win,S10,2681
c61_anchor_followup,COMBINED,C61,2681,second,win,S10,2683
c61_anchor_followup,COMBINED,C61,2682,first,win,S10,2682
c61_anchor_followup,COMBINED,C61,2683,second,win,S10,2684
c61_anchor_followup,COMBINED,C61,2684,first,loss,S10,2685
c61_anchor_followup,COMBINED,C61,2685,second,win,S10,2686
c61_anchor_followup,COMBINED,C61,2686,first,loss,S10,2687
c61_anchor_followup,COMBINED,C61,2687,second,loss,S10,2688
c61_anchor_followup,COMBINED,C61,2688,first,loss,S10,2689
c61_anchor_followup,COMBINED,C61,2689,second,loss,S10,2690
c61_anchor_followup,COMBINED,C61,2690,first,win,S10,2691
c61_anchor_followup,COMBINED,C61,2691,second,win,S10,2692
c61_anchor_followup,COMBINED,C61,2692,first,win,S10,2693
c61_anchor_followup,COMBINED,C61,2693,second,win,S10,2694
c61_anchor_followup,COMBINED,C61,2694,first,win,S10,2695
c61_anchor_followup,COMBINED,C61,2695,second,loss,S10,2696
c61_anchor_followup,COMBINED,C61,2696,first,win,S10,2698
c61_anchor_followup,COMBINED,C61,2697,second,win,S10,2697
c61_anchor_followup,COMBINED,C61,2698,first,win,S10,2700
c61_anchor_followup,COMBINED,C61,2699,second,loss,S10,2699
c61_anchor_followup,COMBINED,C61,2700,first,loss,S10,2702
c61_anchor_followup,COMBINED,C61,2701,second,loss,S10,2701
c61_anchor_followup,COMBINED,C61,2702,first,loss,S10,2703
c61_anchor_followup,COMBINED,C61,2703,second,loss,S10,2704
c61_anchor_followup,COMBINED,C61,2704,first,loss,S10,2705
c61_anchor_followup,COMBINED,C61,2705,second,win,S10,2706
c61_anchor_followup,COMBINED,C61,2706,first,win,S10,2708
c61_anchor_followup,COMBINED,C61,2707,second,win,S10,2707
c61_anchor_followup,COMBINED,C61,2708,first,loss,S10,2709
c61_anchor_followup,COMBINED,C61,2709,second,win,S10,2710
c61_anchor_followup,COMBINED,C61,2710,first,loss,S10,2712
c61_anchor_followup,COMBINED,C61,2711,second,loss,S10,2711
c61_anchor_followup,COMBINED,C61,2712,first,loss,S10,2713
c61_anchor_followup,COMBINED,C61,2713,second,loss,S10,2714
c61_anchor_followup,COMBINED,C61,2714,first,loss,S10,2715
c61_anchor_followup,COMBINED,C61,2715,second,win,S10,2716
c61_anchor_followup,COMBINED,C61,2716,first,loss,S10,2717
c61_anchor_followup,COMBINED,C61,2717,second,loss,S10,2718
c61_anchor_followup,COMBINED,C61,2718,first,loss,S10,2719
c61_anchor_followup,COMBINED,C61,2719,second,loss,S10,2720
c61_anchor_followup,COMBINED,C61,2720,first,win,S10,2721
c61_anchor_followup,COMBINED,C61,2721,second,win,S10,2722
c61_anchor_followup,COMBINED,C61,2722,first,win,S10,2723
c61_anchor_followup,COMBINED,C61,2723,second,loss,S10,2724
c61_anchor_followup,COMBINED,C61,2724,first,win,S10,2725
c61_anchor_followup,COMBINED,C61,2725,second,loss,S10,2726
c61_anchor_followup,COMBINED,C61,2726,first,loss,S10,2727
c61_anchor_followup,COMBINED,C61,2727,second,loss,S10,2728
c61_anchor_followup,COMBINED,C61,2728,first,win,S10,2729
c61_anchor_followup,COMBINED,C61,2729,second,loss,S10,2730
c61_anchor_followup,COMBINED,C61,2730,first,loss,S10,2731
c61_anchor_followup,COMBINED,C61,2731,second,win,S10,2732
c61_anchor_followup,COMBINED,C61,2732,first,loss,S10,2733
c61_anchor_followup,COMBINED,C61,2733,second,win,S10,2734
c61_anchor_followup,COMBINED,C61,2734,first,loss,S10,2736
c61_anchor_followup,COMBINED,C61,2735,second,loss,S10,2735
c61_anchor_followup,COMBINED,C61,2736,first,loss,S10,2737
c61_anchor_followup,COMBINED,C61,2737,second,loss,S10,2738
c61_anchor_followup,COMBINED,C61,2738,first,loss,S10,2740
c61_anchor_followup,COMBINED,C61,2739,second,loss,S10,2739
c61_anchor_followup,COMBINED,C61,2740,first,loss,S10,2741
c61_anchor_followup,COMBINED,C61,2741,second,loss,S10,2742
c61_anchor_followup,COMBINED,C61,2742,first,win,S10,2743
c61_anchor_followup,COMBINED,C61,2743,second,win,S10,2744
c61_anchor_followup,COMBINED,C61,2744,first,loss,S10,2746
c61_anchor_followup,COMBINED,C61,2745,second,loss,S10,2745
c61_anchor_followup,COMBINED,C61,2746,first,loss,S10,2748
c61_anchor_followup,COMBINED,C61,2747,second,loss,S10,2747
c61_anchor_followup,COMBINED,C61,2748,first,loss,S10,2750
c61_anchor_followup,COMBINED,C61,2749,second,win,S10,2749
c61_anchor_followup,COMBINED,C61,2750,first,win,S10,2752
c61_anchor_followup,COMBINED,C61,2751,second,loss,S10,2751
c61_anchor_followup,COMBINED,C61,2752,first,loss,S10,2753
c61_anchor_followup,COMBINED,C61,2753,second,loss,S10,2754
c61_anchor_followup,COMBINED,C61,2754,first,win,S10,2756
c61_anchor_followup,COMBINED,C61,2755,second,win,S10,2755
c61_anchor_followup,COMBINED,C61,2756,first,win,S10,2757
c61_anchor_followup,COMBINED,C61,2757,second,loss,S10,2758
c61_anchor_followup,COMBINED,C61,2758,first,win,S10,2759
c61_anchor_followup,COMBINED,C61,2759,second,loss,S10,2760
c61_anchor_followup,COMBINED,C61,2760,first,loss,S10,2761
c61_anchor_followup,COMBINED,C61,2761,second,loss,S10,2762
c61_anchor_followup,COMBINED,C61,2762,first,loss,S10,2763
c61_anchor_followup,COMBINED,C61,2763,second,loss,S10,2764
c61_anchor_followup,COMBINED,C61,2764,first,win,S10,2765
c61_anchor_followup,COMBINED,C61,2765,second,loss,S10,2766
c61_anchor_followup,COMBINED,C61,2766,first,loss,S10,2768
c61_anchor_followup,COMBINED,C61,2767,second,loss,S10,2767
c61_anchor_followup,COMBINED,C61,2768,first,loss,S10,2770
c61_anchor_followup,COMBINED,C61,2769,second,loss,S10,2769
c61_anchor_followup,COMBINED,C61,2770,first,win,S10,2772
c61_anchor_followup,COMBINED,C61,2771,second,win,S10,2771
c61_anchor_followup,COMBINED,C61,2772,first,win,S10,2774
c61_anchor_followup,COMBINED,C61,2773,second,win,S10,2773
c61_anchor_followup,COMBINED,C61,2774,first,loss,S10,2776
c61_anchor_followup,COMBINED,C61,2775,second,win,S10,2775
c61_anchor_followup,COMBINED,C61,2776,first,win,S10,2777
c61_anchor_followup,COMBINED,C61,2777,second,loss,S10,2778
c61_anchor_followup,COMBINED,C61,2778,first,win,S10,2780
c61_anchor_followup,COMBINED,C61,2779,second,win,S10,2779
c61_anchor_followup,COMBINED,C61,2780,first,loss,S10,2782
c61_anchor_followup,COMBINED,C61,2781,second,loss,S10,2781
c61_anchor_followup,COMBINED,C61,2782,first,loss,S10,2784
c61_anchor_followup,COMBINED,C61,2783,second,loss,S10,2783
c61_anchor_followup,COMBINED,C61,2784,first,win,S10,2785
c61_anchor_followup,COMBINED,C61,2785,second,loss,S10,2786
c61_anchor_followup,COMBINED,C61,2786,first,loss,S10,2787
c61_anchor_followup,COMBINED,C61,2787,second,loss,S10,2788
c61_anchor_followup,COMBINED,C61,2788,first,loss,S10,2789
c61_anchor_followup,COMBINED,C61,2789,second,loss,S10,2791
c61_anchor_followup,COMBINED,C61,2790,first,loss,S10,2790
c61_anchor_followup,COMBINED,C61,2791,second,loss,S10,2792
c61_anchor_followup,COMBINED,C61,2792,first,win,S10,2793
c61_anchor_followup,COMBINED,C61,2793,second,loss,S10,2794
c61_anchor_followup,COMBINED,C61,2794,first,loss,S10,2796
c61_anchor_followup,COMBINED,C61,2795,second,win,S10,2795
c61_anchor_followup,COMBINED,C61,2796,first,loss,S10,2797
c61_anchor_followup,COMBINED,C61,2797,second,loss,S10,2798
c61_anchor_followup,COMBINED,C61,2798,first,win,S10,2800
c61_anchor_followup,COMBINED,C61,2799,second,win,S10,2799
c61_anchor_followup,COMBINED,C61,2800,first,loss,S10,2802
c61_anchor_followup,COMBINED,C61,2801,second,loss,S10,2801
c61_anchor_followup,COMBINED,C61,2802,first,loss,S10,2804
c61_anchor_followup,COMBINED,C61,2803,second,loss,S10,2803
c61_anchor_followup,COMBINED,C61,2804,first,win,S10,2805
c61_anchor_followup,COMBINED,C61,2805,second,loss,S10,2808
c61_anchor_followup,COMBINED,C61,2806,first,loss,S10,2806
c61_anchor_followup,COMBINED,C61,2807,second,win,S10,2807
c61_anchor_followup,COMBINED,C61,2808,first,win,S10,2809
c61_anchor_followup,COMBINED,C61,2809,second,win,S10,2810
c61_anchor_followup,COMBINED,C61,2810,first,loss,S10,2812
c61_anchor_followup,COMBINED,C61,2811,second,loss,S10,2811
c61_anchor_followup,COMBINED,C61,2812,first,loss,S10,2813
c61_anchor_followup,COMBINED,C61,2813,second,win,S10,2814
c61_anchor_followup,COMBINED,C61,2814,first,win,S10,2815
c61_anchor_followup,COMBINED,C61,2815,second,loss,S10,2816
c61_anchor_followup,COMBINED,C61,2816,first,loss,S10,2817
c61_anchor_followup,COMBINED,C61,2817,second,loss,S10,2818
c61_anchor_followup,COMBINED,C61,2818,first,loss,S10,2819
c61_anchor_followup,COMBINED,C61,2819,second,loss,S10,2820
c61_anchor_followup,COMBINED,C61,2820,first,loss,S10,2822
c61_anchor_followup,COMBINED,C61,2821,second,loss,S10,2821
c61_anchor_followup,COMBINED,C61,2822,first,loss,S10,2824
c61_anchor_followup,COMBINED,C61,2823,second,win,S10,2823
c61_anchor_followup,COMBINED,C61,2824,first,loss,S10,2826
c61_anchor_followup,COMBINED,C61,2825,second,win,S10,2825
c61_anchor_followup,COMBINED,C61,2826,first,win,S10,2827
c61_anchor_followup,COMBINED,C61,2827,second,win,S10,2828
c61_anchor_followup,COMBINED,C61,2828,first,loss,S10,2829
c61_anchor_followup,COMBINED,C61,2829,second,loss,S10,2830
c61_anchor_followup,COMBINED,C61,2830,first,loss,S10,2832
c61_anchor_followup,COMBINED,C61,2831,second,loss,S10,2831
c61_anchor_followup,COMBINED,C61,2832,first,win,S10,2834
c61_anchor_followup,COMBINED,C61,2833,second,loss,S10,2833
c61_anchor_followup,COMBINED,C61,2834,first,loss,S10,2836
c61_anchor_followup,COMBINED,C61,2835,second,win,S10,2835
c61_anchor_followup,COMBINED,C61,2836,first,win,S10,2837
c61_anchor_followup,COMBINED,C61,2837,second,loss,S10,2838
c61_anchor_followup,COMBINED,C61,2838,first,loss,S10,2840
c61_anchor_followup,COMBINED,C61,2839,second,win,S10,2839
c61_anchor_followup,COMBINED,C61,2840,first,win,S10,2841
c61_anchor_followup,COMBINED,C61,2841,second,win,S10,2844
c61_anchor_followup,COMBINED,C61,2842,first,win,S10,2842
c61_anchor_followup,COMBINED,C61,2843,second,win,S10,2843
c61_anchor_followup,COMBINED,C61,2844,first,loss,S10,2845
c61_anchor_followup,COMBINED,C61,2845,second,win,S10,2847
c61_anchor_followup,COMBINED,C61,2846,first,loss,S10,2846
c61_anchor_followup,COMBINED,C61,2847,second,loss,S10,2849
c61_anchor_followup,COMBINED,C61,2848,first,loss,S10,2848
c61_anchor_followup,COMBINED,C61,2849,second,win,S10,2850
c61_anchor_followup,COMBINED,C61,2850,first,loss,S10,2851
c61_anchor_followup,COMBINED,C61,2851,second,loss,S10,2852
c61_anchor_followup,COMBINED,C61,2852,first,loss,S10,2853
c61_anchor_followup,COMBINED,C61,2853,second,loss,S10,2854
c61_anchor_followup,COMBINED,C61,2854,first,loss,S10,2855
c61_anchor_followup,COMBINED,C61,2855,second,win,S10,2857
c61_anchor_followup,COMBINED,C61,2856,first,loss,S10,2856
c61_anchor_followup,COMBINED,C61,2857,second,win,S10,2859
c61_anchor_followup,COMBINED,C61,2858,first,win,S10,2858
c61_anchor_followup,COMBINED,C61,2859,second,win,S10,2861
c61_anchor_followup,COMBINED,C61,2860,first,loss,S10,2860
c61_anchor_followup,COMBINED,C61,2861,second,loss,S10,2862
c61_anchor_followup,COMBINED,C61,2862,first,loss,S10,2863
c61_anchor_followup,COMBINED,C61,2863,second,loss,S10,2864
c61_anchor_followup,COMBINED,C61,2864,first,loss,S10,2865
c61_anchor_followup,COMBINED,C61,2865,second,loss,S10,2867
c61_anchor_followup,COMBINED,C61,2866,first,win,S10,2866
c61_anchor_followup,COMBINED,C61,2867,second,win,S10,2868
c61_anchor_followup,COMBINED,C61,2868,first,loss,S10,2869
c61_anchor_followup,COMBINED,C61,2869,second,loss,S10,2870
c61_anchor_followup,COMBINED,C61,2870,first,loss,S10,2871
c61_anchor_followup,COMBINED,C61,2871,second,loss,S10,2872
c61_anchor_followup,COMBINED,C61,2872,first,win,S10,2873
c61_anchor_followup,COMBINED,C61,2873,second,loss,S10,2874
c61_anchor_followup,COMBINED,C61,2874,first,loss,S10,2875
c61_anchor_followup,COMBINED,C61,2875,second,loss,S10,2876
c61_anchor_followup,COMBINED,C61,2876,first,loss,S10,2878
c61_anchor_followup,COMBINED,C61,2877,second,loss,S10,2877
c61_anchor_followup,COMBINED,C61,2878,first,loss,S10,2881
c61_anchor_followup,COMBINED,C61,2879,second,win,S10,2879
c61_anchor_followup,COMBINED,C61,2880,first,win,S10,2880
c61_anchor_followup,COMBINED,C61,2881,second,loss,S10,2882
c61_anchor_followup,COMBINED,C61,2882,first,win,S10,2883
c61_anchor_followup,COMBINED,C61,2883,second,loss,S10,2884
c61_anchor_followup,COMBINED,C61,2884,first,loss,S10,2885
c61_anchor_followup,COMBINED,C61,2885,second,win,S10,2886
c61_anchor_followup,COMBINED,C61,2886,first,win,S10,2888
c61_anchor_followup,COMBINED,C61,2887,second,win,S10,2887
c61_anchor_followup,COMBINED,C61,2888,first,win,S10,2889
c61_anchor_followup,COMBINED,C61,2889,second,loss,S10,2890
c61_anchor_followup,COMBINED,C61,2890,first,loss,S10,2893
c61_anchor_followup,COMBINED,C61,2891,second,win,S10,2891
c61_anchor_followup,COMBINED,C61,2892,first,win,S10,2892
c61_anchor_followup,COMBINED,C61,2893,second,loss,S10,2894
c61_anchor_followup,COMBINED,C61,2894,first,loss,S10,2895
c61_anchor_followup,COMBINED,C61,2895,second,loss,S10,2896
c61_anchor_followup,COMBINED,C61,2896,first,win,S10,2897
c61_anchor_followup,COMBINED,C61,2897,second,loss,S10,2898
c61_anchor_followup,COMBINED,C61,2898,first,loss,S10,2899
c61_anchor_followup,COMBINED,C61,2899,second,loss,S10,2900
c61_anchor_followup,COMBINED,C61,2900,first,win,S10,2901
c61_anchor_followup,COMBINED,C61,2901,second,win,S10,2902
c61_anchor_followup,COMBINED,C61,2902,first,loss,S10,2903
c61_anchor_followup,COMBINED,C61,2903,second,loss,S10,2904
c61_anchor_followup,COMBINED,C61,2904,first,win,S10,2906
c61_anchor_followup,COMBINED,C61,2905,second,win,S10,2905
c61_anchor_followup,COMBINED,C61,2906,first,win,S10,2908
c61_anchor_followup,COMBINED,C61,2907,second,loss,S10,2907
c61_anchor_followup,COMBINED,C61,2908,first,loss,S10,2909
c61_anchor_followup,COMBINED,C61,2909,second,loss,S10,2910
c61_anchor_followup,COMBINED,C61,2910,first,loss,S10,2911
c61_anchor_followup,COMBINED,C61,2911,second,loss,S10,2912
c61_anchor_followup,COMBINED,C61,2912,first,loss,S10,2914
c61_anchor_followup,COMBINED,C61,2913,second,win,S10,2913
c61_anchor_followup,COMBINED,C61,2914,first,win,S10,2915
c61_anchor_followup,COMBINED,C61,2915,second,win,S10,2916
c61_anchor_followup,COMBINED,C61,2916,first,loss,S10,2917
c61_anchor_followup,COMBINED,C61,2917,second,loss,S10,2919
c61_anchor_followup,COMBINED,C61,2918,first,win,S10,2918
c61_anchor_followup,COMBINED,C61,2919,second,loss,S10,2920
c61_anchor_followup,COMBINED,C61,2920,first,win,S10,2921
c61_anchor_followup,COMBINED,C61,2921,second,win,S10,2922
c61_anchor_followup,COMBINED,C61,2922,first,loss,S10,2923
c61_anchor_followup,COMBINED,C61,2923,second,loss,S10,2924
c61_anchor_followup,COMBINED,C61,2924,first,loss,S10,2925
c61_anchor_followup,COMBINED,C61,2925,second,loss,S10,2926
c61_anchor_followup,COMBINED,C61,2926,first,win,S10,2927
c61_anchor_followup,COMBINED,C61,2927,second,win,S10,2928
c61_anchor_followup,COMBINED,C61,2928,first,loss,S10,2929
c61_anchor_followup,COMBINED,C61,2929,second,loss,S10,2930
c61_anchor_followup,COMBINED,C61,2930,first,loss,S10,2931
c61_anchor_followup,COMBINED,C61,2931,second,loss,S10,2932
c61_anchor_followup,COMBINED,C61,2932,first,win,S10,2933
c61_anchor_followup,COMBINED,C61,2933,second,loss,S10,2935
c61_anchor_followup,COMBINED,C61,2934,first,loss,S10,2934
c61_anchor_followup,COMBINED,C61,2935,second,loss,S10,2936
c61_anchor_followup,COMBINED,C61,2936,first,loss,S10,2937
c61_anchor_followup,COMBINED,C61,2937,second,win,S10,2938
c61_anchor_followup,COMBINED,C61,2938,first,loss,S10,2939
c61_anchor_followup,COMBINED,C61,2939,second,win,S10,2940
c61_anchor_followup,COMBINED,C61,2940,first,loss,S10,2941
c61_anchor_followup,COMBINED,C61,2941,second,win,S10,2942
c61_anchor_followup,COMBINED,C61,2942,first,loss,S10,2943
c61_anchor_followup,COMBINED,C61,2943,second,loss,S10,2944
c61_anchor_followup,COMBINED,C61,2944,first,loss,S10,2945
c61_anchor_followup,COMBINED,C61,2945,second,win,S10,2946
c61_anchor_followup,COMBINED,C61,2946,first,loss,S10,2947
c61_anchor_followup,COMBINED,C61,2947,second,win,S10,2948
c61_anchor_followup,COMBINED,C61,2948,first,win,S10,2949
c61_anchor_followup,COMBINED,C61,2949,second,loss,S10,2951
c61_anchor_followup,COMBINED,C61,2950,first,loss,S10,2950
c61_anchor_followup,COMBINED,C61,2951,second,loss,S10,2952
c61_anchor_followup,COMBINED,C61,2952,first,loss,S10,2953
c61_anchor_followup,COMBINED,C61,2953,second,loss,S10,2954
c61_anchor_followup,COMBINED,C61,2954,first,win,S10,2955
c61_anchor_followup,COMBINED,C61,2955,second,win,S10,2956
c61_anchor_followup,COMBINED,C61,2956,first,loss,S10,2958
c61_anchor_followup,COMBINED,C61,2957,second,win,S10,2957
c61_anchor_followup,COMBINED,C61,2958,first,loss,S10,2960
c61_anchor_followup,COMBINED,C61,2959,second,loss,S10,2959
c61_anchor_followup,COMBINED,C61,2960,first,win,S10,2962
c61_anchor_followup,COMBINED,C61,2961,second,loss,S10,2961
c61_anchor_followup,COMBINED,C61,2962,first,win,S10,2963
c61_anchor_followup,COMBINED,C61,2963,second,loss,S10,2964
c61_anchor_followup,COMBINED,C61,2964,first,loss,S10,2966
c61_anchor_followup,COMBINED,C61,2965,second,loss,S10,2965
c61_anchor_followup,COMBINED,C61,2966,first,loss,S10,2968
c61_anchor_followup,COMBINED,C61,2967,second,loss,S10,2967
c61_anchor_followup,COMBINED,C61,2968,first,loss,S10,2969
c61_anchor_followup,COMBINED,C61,2969,second,loss,S10,2970
c61_anchor_followup,COMBINED,C61,2970,first,loss,S10,2971
c61_anchor_followup,COMBINED,C61,2971,second,win,S10,2972
c61_anchor_followup,COMBINED,C61,2972,first,win,S10,2973
c61_anchor_followup,COMBINED,C61,2973,second,win,S10,2974
c61_anchor_followup,COMBINED,C61,2974,first,win,S10,2975
c61_anchor_followup,COMBINED,C61,2975,second,win,S10,2976
c61_anchor_followup,COMBINED,C61,2976,first,loss,S10,2977
c61_anchor_followup,COMBINED,C61,2977,second,win,S10,2978
c61_anchor_followup,COMBINED,C61,2978,first,loss,S10,2980
c61_anchor_followup,COMBINED,C61,2979,second,win,S10,2979
c61_anchor_followup,COMBINED,C61,2980,first,win,S10,2982
c61_anchor_followup,COMBINED,C61,2981,second,loss,S10,2981
c61_anchor_followup,COMBINED,C61,2982,first,loss,S10,2983
c61_anchor_followup,COMBINED,C61,2983,second,win,S10,2984
c61_anchor_followup,COMBINED,C61,2984,first,win,S10,2985
c61_anchor_followup,COMBINED,C61,2985,second,win,S10,2986
c61_anchor_followup,COMBINED,C61,2986,first,win,S10,2988
c61_anchor_followup,COMBINED,C61,2987,second,loss,S10,2987
c61_anchor_followup,COMBINED,C61,2988,first,loss,S10,2989
c61_anchor_followup,COMBINED,C61,2989,second,loss,S10,2990
c61_anchor_followup,COMBINED,C61,2990,first,win,S10,2991
c61_anchor_followup,COMBINED,C61,2991,second,loss,S10,2992
c61_anchor_followup,COMBINED,C61,2992,first,loss,S10,2993
c61_anchor_followup,COMBINED,C61,2993,second,win,S10,2994
c61_anchor_followup,COMBINED,C61,2994,first,win,S10,2995
c61_anchor_followup,COMBINED,C61,2995,second,loss,S10,2996
c61_anchor_followup,COMBINED,C61,2996,first,win,S10,2997
c61_anchor_followup,COMBINED,C61,2997,second,loss,S10,2998
c61_anchor_followup,COMBINED,C61,2998,first,win,S10,2999
c61_anchor_followup,COMBINED,C61,2999,second,loss,S10,3000
c61_anchor_followup,COMBINED,C61,3000,first,win,S10,3001
c61_anchor_followup,COMBINED,C61,3001,second,loss,S10,3002
c61_anchor_followup,COMBINED,C61,3002,first,win,S10,3003
c61_anchor_followup,COMBINED,C61,3003,second,win,S10,3005
c61_anchor_followup,COMBINED,C61,3004,first,win,S10,3004
c61_anchor_followup,COMBINED,C61,3005,second,win,S10,3006
c61_anchor_followup,COMBINED,C61,3006,first,loss,S10,3007
c61_anchor_followup,COMBINED,C61,3007,second,loss,S10,3008
c61_anchor_followup,COMBINED,C61,3008,first,loss,S10,3009
c61_anchor_followup,COMBINED,C61,3009,second,loss,S10,3010
c61_anchor_followup,COMBINED,C61,3010,first,loss,S10,3011
c61_anchor_followup,COMBINED,C61,3011,second,loss,S10,3012
c61_anchor_followup,COMBINED,C61,3012,first,loss,S10,3013
c61_anchor_followup,COMBINED,C61,3013,second,loss,S10,3014
c61_anchor_followup,COMBINED,C61,3014,first,loss,S10,3015
c61_anchor_followup,COMBINED,C61,3015,second,loss,S10,3016
c61_anchor_followup,COMBINED,C61,3016,first,loss,S10,3017
c61_anchor_followup,COMBINED,C61,3017,second,loss,S10,3018
c61_anchor_followup,COMBINED,C61,3018,first,win,S10,3020
c61_anchor_followup,COMBINED,C61,3019,second,win,S10,3019
c61_anchor_followup,COMBINED,C61,3020,first,loss,S10,3021
c61_anchor_followup,COMBINED,C61,3021,second,win,S10,3022
c61_anchor_followup,COMBINED,C61,3022,first,loss,S10,3023
c61_anchor_followup,COMBINED,C61,3023,second,loss,S10,3025
c61_anchor_followup,COMBINED,C61,3024,first,loss,S10,3024
c61_anchor_followup,COMBINED,C61,3025,second,win,S10,3026
c61_anchor_followup,COMBINED,C61,3026,first,loss,S10,3027
c61_anchor_followup,COMBINED,C61,3027,second,win,S10,3028
c61_anchor_followup,COMBINED,C61,3028,first,win,S10,3030
c61_anchor_followup,COMBINED,C61,3029,second,win,S10,3029
c61_anchor_followup,COMBINED,C61,3030,first,win,S10,3031
c61_anchor_followup,COMBINED,C61,3031,second,loss,S10,3032
c61_anchor_followup,COMBINED,C61,3032,first,loss,S10,3034
c61_anchor_followup,COMBINED,C61,3033,second,win,S10,3033
c61_anchor_followup,COMBINED,C61,3034,first,loss,S10,3035
c61_anchor_followup,COMBINED,C61,3035,second,win,S10,3036
c61_anchor_followup,COMBINED,C61,3036,first,win,S10,3037
c61_anchor_followup,COMBINED,C61,3037,second,loss,S10,3038
c61_anchor_followup,COMBINED,C61,3038,first,win,S10,3039
c61_anchor_followup,COMBINED,C61,3039,second,win,S10,3040
c61_anchor_followup,COMBINED,C61,3040,first,win,S10,3041
c61_anchor_followup,COMBINED,C61,3041,second,win,S10,3042
c61_anchor_followup,COMBINED,C61,3042,first,loss,S10,3044
c61_anchor_followup,COMBINED,C61,3043,second,win,S10,3043
c61_anchor_followup,COMBINED,C61,3044,first,win,S10,3045
c61_anchor_followup,COMBINED,C61,3045,second,win,S10,3046
c61_anchor_followup,COMBINED,C61,3046,first,win,S10,3048
c61_anchor_followup,COMBINED,C61,3047,second,loss,S10,3047
c61_anchor_followup,COMBINED,C61,3048,first,loss,S10,3049
c61_anchor_followup,COMBINED,C61,3049,second,loss,S10,3050
c61_anchor_followup,COMBINED,C61,3050,first,win,S10,3052
c61_anchor_followup,COMBINED,C61,3051,second,loss,S10,3051
c61_anchor_followup,COMBINED,C61,3052,first,loss,S10,3053
c61_anchor_followup,COMBINED,C61,3053,second,win,S10,3054
c61_anchor_followup,COMBINED,C61,3054,first,win,S10,3055
c61_anchor_followup,COMBINED,C61,3055,second,loss,S10,3056
c61_anchor_followup,COMBINED,C61,3056,first,win,S10,3057
c61_anchor_followup,COMBINED,C61,3057,second,win,S10,3058
c61_anchor_followup,COMBINED,C61,3058,first,loss,S10,3059
c61_anchor_followup,COMBINED,C61,3059,second,loss,S10,3060
c61_anchor_followup,COMBINED,C61,3060,first,loss,S10,3062
c61_anchor_followup,COMBINED,C61,3061,second,loss,S10,3061
c61_anchor_followup,COMBINED,C61,3062,first,loss,S10,3063
c61_anchor_followup,COMBINED,C61,3063,second,loss,S10,3064
c61_anchor_followup,COMBINED,C61,3064,first,win,S10,3065
c61_anchor_followup,COMBINED,C61,3065,second,loss,S10,3066
c61_anchor_followup,COMBINED,C61,3066,first,loss,S10,3067
c61_anchor_followup,COMBINED,C61,3067,second,loss,S10,3069
c61_anchor_followup,COMBINED,C61,3068,first,loss,S10,3068
c61_anchor_followup,COMBINED,C61,3069,second,win,S10,3070
c61_anchor_followup,COMBINED,C61,3070,first,win,S10,3071
c61_anchor_followup,COMBINED,C61,3071,second,loss,S10,3073
c61_anchor_followup,COMBINED,C61,3072,first,win,S10,3072
c61_anchor_followup,COMBINED,C61,3073,second,loss,S10,3075
c61_anchor_followup,COMBINED,C61,3074,first,win,S10,3074
c61_anchor_followup,COMBINED,C61,3075,second,win,S10,3076
c61_anchor_followup,COMBINED,C61,3076,first,loss,S10,3077
c61_anchor_followup,COMBINED,C61,3077,second,win,S10,3078
c61_anchor_followup,COMBINED,C61,3078,first,loss,S10,3080
c61_anchor_followup,COMBINED,C61,3079,second,loss,S10,3079
c61_anchor_followup,COMBINED,C61,3080,first,win,S10,3081
c61_anchor_followup,COMBINED,C61,3081,second,loss,S10,3082
c61_anchor_followup,COMBINED,C61,3082,first,win,S10,3083
c61_anchor_followup,COMBINED,C61,3083,second,win,S10,3084
c61_anchor_followup,COMBINED,C61,3084,first,win,S10,3085
c61_anchor_followup,COMBINED,C61,3085,second,loss,S10,3086
c61_anchor_followup,COMBINED,C61,3086,first,win,S10,3087
c61_anchor_followup,COMBINED,C61,3087,second,loss,S10,3088
c61_anchor_followup,COMBINED,C61,3088,first,win,S10,3089
c61_anchor_followup,COMBINED,C61,3089,second,loss,S10,3090
c61_anchor_followup,COMBINED,C61,3090,first,loss,S10,3091
c61_anchor_followup,COMBINED,C61,3091,second,loss,S10,3092
c61_anchor_followup,COMBINED,C61,3092,first,loss,S10,3093
c61_anchor_followup,COMBINED,C61,3093,second,win,S10,3094
c61_anchor_followup,COMBINED,C61,3094,first,loss,S10,3095
c61_anchor_followup,COMBINED,C61,3095,second,win,S10,3096
c61_anchor_followup,COMBINED,C61,3096,first,loss,S10,3098
c61_anchor_followup,COMBINED,C61,3097,second,win,S10,3097
c61_anchor_followup,COMBINED,C61,3098,first,loss,S10,3099
c61_anchor_followup,COMBINED,C61,3099,second,loss,S10,3100
c61_anchor_followup,COMBINED,C61,3100,first,win,S10,3101
c61_anchor_followup,COMBINED,C61,3101,second,loss,S10,3102
c61_anchor_followup,COMBINED,C61,3102,first,loss,S10,3104
c61_anchor_followup,COMBINED,C61,3103,second,loss,S10,3103
c61_anchor_followup,COMBINED,C61,3104,first,loss,S10,3105
c61_anchor_followup,COMBINED,C61,3105,second,loss,S10,3107
c61_anchor_followup,COMBINED,C61,3106,first,loss,S10,3106
c61_anchor_followup,COMBINED,C61,3107,second,loss,S10,3108
c61_anchor_followup,COMBINED,C61,3108,first,win,S10,3109
c61_anchor_followup,COMBINED,C61,3109,second,win,S10,3110
c61_anchor_followup,COMBINED,C61,3110,first,draw,S10,3112
c61_anchor_followup,COMBINED,C61,3111,second,win,S10,3111
c61_anchor_followup,COMBINED,C61,3112,first,win,S10,3113
c61_anchor_followup,COMBINED,C61,3113,second,loss,S10,3114
c61_anchor_followup,COMBINED,C61,3114,first,loss,S10,3115
c61_anchor_followup,COMBINED,C61,3115,second,loss,S10,3116
c61_anchor_followup,COMBINED,C61,3116,first,loss,S10,3117
c61_anchor_followup,COMBINED,C61,3117,second,loss,S10,3119
c61_anchor_followup,COMBINED,C61,3118,first,loss,S10,3118
c61_anchor_followup,COMBINED,C61,3119,second,loss,S10,3120
c61_anchor_followup,COMBINED,C61,3120,first,loss,S10,3121
c61_anchor_followup,COMBINED,C61,3121,second,loss,S10,3122
c61_anchor_followup,COMBINED,C61,3122,first,loss,S10,3123
c61_anchor_followup,COMBINED,C61,3123,second,loss,S10,3125
c61_anchor_followup,COMBINED,C61,3124,first,loss,S10,3124
c61_anchor_followup,COMBINED,C61,3125,second,loss,S10,3126
c61_anchor_followup,COMBINED,C61,3126,first,loss,S10,3127
c61_anchor_followup,COMBINED,C61,3127,second,loss,S10,3128
c61_anchor_followup,COMBINED,C61,3128,first,loss,S10,3129
c61_anchor_followup,COMBINED,C61,3129,second,loss,S10,3130
c61_anchor_followup,COMBINED,C61,3130,first,loss,S10,3131
c61_anchor_followup,COMBINED,C61,3131,second,loss,S10,3132
c61_anchor_followup,COMBINED,C61,3132,first,win,S10,3133
c61_anchor_followup,COMBINED,C61,3133,second,win,S10,3134
c61_anchor_followup,COMBINED,C61,3134,first,loss,S10,3135
c61_anchor_followup,COMBINED,C61,3135,second,win,S10,3136
c61_anchor_followup,COMBINED,C61,3136,first,win,S10,3138
c61_anchor_followup,COMBINED,C61,3137,second,win,S10,3137
c61_anchor_followup,COMBINED,C61,3138,first,loss,S10,3139
c61_anchor_followup,COMBINED,C61,3139,second,loss,S10,3140
c61_anchor_followup,COMBINED,C61,3140,first,win,S10,3141
c61_anchor_followup,COMBINED,C61,3141,second,loss,S10,3142
c61_anchor_followup,COMBINED,C61,3142,first,win,S10,3143
c61_anchor_followup,COMBINED,C61,3143,second,loss,S10,3144
c61_anchor_followup,COMBINED,C61,3144,first,win,S10,3145
c61_anchor_followup,COMBINED,C61,3145,second,win,S10,3146
c61_anchor_followup,COMBINED,C61,3146,first,loss,S10,3147
c61_anchor_followup,COMBINED,C61,3147,second,loss,S10,3148
c61_anchor_followup,COMBINED,C61,3148,first,win,S10,3149
c61_anchor_followup,COMBINED,C61,3149,second,win,S10,3151
c61_anchor_followup,COMBINED,C61,3150,first,loss,S10,3150
c61_anchor_followup,COMBINED,C61,3151,second,loss,S10,3152
c61_anchor_followup,COMBINED,C61,3152,first,loss,S10,3153
c61_anchor_followup,COMBINED,C61,3153,second,loss,S10,3154
c61_anchor_followup,COMBINED,C61,3154,first,loss,S10,3155
c61_anchor_followup,COMBINED,C61,3155,second,win,S10,3157
c61_anchor_followup,COMBINED,C61,3156,first,loss,S10,3156
c61_anchor_followup,COMBINED,C61,3157,second,loss,S10,3159
c61_anchor_followup,COMBINED,C61,3158,first,win,S10,3158
c61_anchor_followup,COMBINED,C61,3159,second,win,S10,3160
c61_anchor_followup,COMBINED,C61,3160,first,loss,S10,3161
c61_anchor_followup,COMBINED,C61,3161,second,win,S10,3162
c61_anchor_followup,COMBINED,C61,3162,first,win,S10,3163
c61_anchor_followup,COMBINED,C61,3163,second,win,S10,3164
c61_anchor_followup,COMBINED,C61,3164,first,loss,S10,3165
c61_anchor_followup,COMBINED,C61,3165,second,win,S10,3166
c61_anchor_followup,COMBINED,C61,3166,first,loss,S10,3167
c61_anchor_followup,COMBINED,C61,3167,second,loss,S10,3168
c61_anchor_followup,COMBINED,C61,3168,first,win,S10,3169
c61_anchor_followup,COMBINED,C61,3169,second,loss,S10,3170
c61_anchor_followup,COMBINED,C61,3170,first,win,S10,3172
c61_anchor_followup,COMBINED,C61,3171,second,win,S10,3171
c61_anchor_followup,COMBINED,C61,3172,first,loss,S10,3173
c61_anchor_followup,COMBINED,C61,3173,second,loss,S10,3174
c61_anchor_followup,COMBINED,C61,3174,first,loss,S10,3175
c61_anchor_followup,COMBINED,C61,3175,second,loss,S10,3177
c61_anchor_followup,COMBINED,C61,3176,first,win,S10,3176
c61_anchor_followup,COMBINED,C61,3177,second,loss,S10,3178
c61_anchor_followup,COMBINED,C61,3178,first,win,S10,3179
c61_anchor_followup,COMBINED,C61,3179,second,loss,S10,3180
c61_anchor_followup,COMBINED,C61,3180,first,win,S10,3181
c61_anchor_followup,COMBINED,C61,3181,second,win,S10,3182
c61_anchor_followup,COMBINED,C61,3182,first,loss,S10,3183
c61_anchor_followup,COMBINED,C61,3183,second,loss,S10,3185
c61_anchor_followup,COMBINED,C61,3184,first,loss,S10,3184
c61_anchor_followup,COMBINED,C61,3185,second,win,S10,3186
c61_anchor_followup,COMBINED,C61,3186,first,win,S10,3187
c61_anchor_followup,COMBINED,C61,3187,second,loss,S10,3188
c61_anchor_followup,COMBINED,C61,3188,first,loss,S10,3189
c61_anchor_followup,COMBINED,C61,3189,second,loss,S10,3190
c61_anchor_followup,COMBINED,C61,3190,first,win,S10,3191
c61_anchor_followup,COMBINED,C61,3191,second,loss,S10,3192
c61_anchor_followup,COMBINED,C61,3192,first,loss,S10,3193
c61_anchor_followup,COMBINED,C61,3193,second,loss,S10,3194
c61_anchor_followup,COMBINED,C61,3194,first,win,S10,3195
c61_anchor_followup,COMBINED,C61,3195,second,win,S10,3196
c61_anchor_followup,COMBINED,C61,3196,first,win,S10,3197
c61_anchor_followup,COMBINED,C61,3197,second,loss,S10,3198
c61_anchor_followup,COMBINED,C61,3198,first,loss,S10,3199
c61_anchor_followup,COMBINED,C61,3199,second,loss,S10,3200
c61_anchor_followup,COMBINED,C61,3200,first,loss,S10,3201
c61_anchor_followup,COMBINED,C61,3201,second,loss,S10,3202
c61_anchor_followup,COMBINED,C61,3202,first,win,S10,3204
c61_anchor_followup,COMBINED,C61,3203,second,loss,S10,3203
c61_anchor_followup,COMBINED,C61,3204,first,loss,S10,3205
c61_anchor_followup,COMBINED,C61,3205,second,win,S10,3206
c61_anchor_followup,COMBINED,C61,3206,first,loss,S10,3208
c61_anchor_followup,COMBINED,C61,3207,second,loss,S10,3207
c61_anchor_followup,COMBINED,C61,3208,first,loss,S10,3210
c61_anchor_followup,COMBINED,C61,3209,second,loss,S10,3209
c61_anchor_followup,COMBINED,C61,3210,first,win,S10,3211
c61_anchor_followup,COMBINED,C61,3211,second,loss,S10,3213
c61_anchor_followup,COMBINED,C61,3212,first,win,S10,3212
c61_anchor_followup,COMBINED,C61,3213,second,win,S10,3214
c61_anchor_followup,COMBINED,C61,3214,first,win,S10,3215
c61_anchor_followup,COMBINED,C61,3215,second,loss,S10,3216
c61_anchor_followup,COMBINED,C61,3216,first,win,S10,3218
c61_anchor_followup,COMBINED,C61,3217,second,win,S10,3217
c61_anchor_followup,COMBINED,C61,3218,first,win,S10,3219
c61_anchor_followup,COMBINED,C61,3219,second,loss,S10,3220
c61_anchor_followup,COMBINED,C61,3220,first,win,S10,3221
c61_anchor_followup,COMBINED,C61,3221,second,win,S10,3222
c61_anchor_followup,COMBINED,C61,3222,first,win,S10,3223
c61_anchor_followup,COMBINED,C61,3223,second,loss,S10,3224
c61_anchor_followup,COMBINED,C61,3224,first,win,S10,3225
c61_anchor_followup,COMBINED,C61,3225,second,loss,S10,3226
c61_anchor_followup,COMBINED,C61,3226,first,win,S10,3227
c61_anchor_followup,COMBINED,C61,3227,second,loss,S10,3228
c61_anchor_followup,COMBINED,C61,3228,first,win,S10,3229
c61_anchor_followup,COMBINED,C61,3229,second,win,S10,3230
c61_anchor_followup,COMBINED,C61,3230,first,loss,S10,3231
c61_anchor_followup,COMBINED,C61,3231,second,win,S10,3232
c61_anchor_followup,COMBINED,C61,3232,first,win,S10,3233
c61_anchor_followup,COMBINED,C61,3233,second,loss,S10,3234
c61_anchor_followup,COMBINED,C61,3234,first,loss,S10,3235
c61_anchor_followup,COMBINED,C61,3235,second,loss,S10,3236
c61_anchor_followup,COMBINED,C61,3236,first,loss,S10,3237
c61_anchor_followup,COMBINED,C61,3237,second,loss,S10,3239
c61_anchor_followup,COMBINED,C61,3238,first,loss,S10,3238
c61_anchor_followup,COMBINED,C61,3239,second,loss,S10,3241
c61_anchor_followup,COMBINED,C61,3240,first,win,S10,3240
c61_anchor_followup,COMBINED,C61,3241,second,loss,S10,3242
c61_anchor_followup,COMBINED,C61,3242,first,win,S10,3243
c61_anchor_followup,COMBINED,C61,3243,second,win,S10,3245
c61_anchor_followup,COMBINED,C61,3244,first,win,S10,3244
c61_anchor_followup,COMBINED,C61,3245,second,loss,S10,3246
c61_anchor_followup,COMBINED,C61,3246,first,loss,S10,3247
c61_anchor_followup,COMBINED,C61,3247,second,loss,S10,3248
c61_anchor_followup,COMBINED,C61,3248,first,loss,S10,3249
c61_anchor_followup,COMBINED,C61,3249,second,loss,S10,3250
c61_anchor_followup,COMBINED,C61,3250,first,loss,S10,3251
c61_anchor_followup,COMBINED,C61,3251,second,win,S10,3252
c61_anchor_followup,COMBINED,C61,3252,first,loss,S10,3253
c61_anchor_followup,COMBINED,C61,3253,second,loss,S10,3254
c61_anchor_followup,COMBINED,C61,3254,first,win,S10,3255
c61_anchor_followup,COMBINED,C61,3255,second,loss,S10,3256
c61_anchor_followup,COMBINED,C61,3256,first,win,S10,3258
c61_anchor_followup,COMBINED,C61,3257,second,loss,S10,3257
c61_anchor_followup,COMBINED,C61,3258,first,loss,S10,3259
c61_anchor_followup,COMBINED,C61,3259,second,loss,S10,3260
c61_anchor_followup,COMBINED,C61,3260,first,loss,S10,3261
c61_anchor_followup,COMBINED,C61,3261,second,win,S10,3262
c61_anchor_followup,COMBINED,C61,3262,first,win,S10,3263
c61_anchor_followup,COMBINED,C61,3263,second,win,S10,3264
c61_anchor_followup,COMBINED,C61,3264,first,win,S10,3266
c61_anchor_followup,COMBINED,C61,3265,second,loss,S10,3265
c61_anchor_followup,COMBINED,C61,3266,first,loss,S10,3267
c61_anchor_followup,COMBINED,C61,3267,second,win,S10,3268
c61_anchor_followup,COMBINED,C61,3268,first,loss,S10,3270
c61_anchor_followup,COMBINED,C61,3269,second,loss,S10,3269
c61_anchor_followup,COMBINED,C61,3270,first,win,S10,3271
c61_anchor_followup,COMBINED,C61,3271,second,win,S10,3272
c61_anchor_followup,COMBINED,C61,3272,first,win,S10,3274
c61_anchor_followup,COMBINED,C61,3273,second,loss,S10,3273
c61_anchor_followup,COMBINED,C61,3274,first,win,S10,3275
c61_anchor_followup,COMBINED,C61,3275,second,win,S10,3276
c61_anchor_followup,COMBINED,C61,3276,first,loss,S10,3277
c61_anchor_followup,COMBINED,C61,3277,second,win,S10,3278
c61_anchor_followup,COMBINED,C61,3278,first,win,S10,3279
c61_anchor_followup,COMBINED,C61,3279,second,loss,S10,3280
c61_anchor_followup,COMBINED,C61,3280,first,loss,S10,3281
c61_anchor_followup,COMBINED,C61,3281,second,loss,S10,3283
c61_anchor_followup,COMBINED,C61,3282,first,loss,S10,3282
c61_anchor_followup,COMBINED,C61,3283,second,loss,S10,3285
c61_anchor_followup,COMBINED,C61,3284,first,win,S10,3284
c61_anchor_followup,COMBINED,C61,3285,second,loss,S10,3286
c61_anchor_followup,COMBINED,C61,3286,first,loss,S10,3287
c61_anchor_followup,COMBINED,C61,3287,second,loss,S10,3288
c61_anchor_followup,COMBINED,C61,3288,first,win,S10,3289
c61_anchor_followup,COMBINED,C61,3289,second,loss,S10,3290
c61_anchor_followup,COMBINED,C61,3290,first,win,S10,3291
c61_anchor_followup,COMBINED,C61,3291,second,loss,S10,3292
c61_anchor_followup,COMBINED,C61,3292,first,win,S10,3293
c61_anchor_followup,COMBINED,C61,3293,second,loss,S10,3294
c61_anchor_followup,COMBINED,C61,3294,first,win,S10,3295
c61_anchor_followup,COMBINED,C61,3295,second,loss,S10,3296
c61_anchor_followup,COMBINED,C61,3296,first,loss,S10,3297
c61_anchor_followup,COMBINED,C61,3297,second,win,S10,3298
c61_anchor_followup,COMBINED,C61,3298,first,loss,S10,3299
c61_anchor_followup,COMBINED,C61,3299,second,loss,S10,3300
c61_anchor_followup,COMBINED,C61,3300,first,loss,S10,3302
c61_anchor_followup,COMBINED,C61,3301,second,win,S10,3301
c61_anchor_followup,COMBINED,C61,3302,first,loss,S10,3303
c61_anchor_followup,COMBINED,C61,3303,second,loss,S10,3304
c61_anchor_followup,COMBINED,C61,3304,first,win,S10,3305
c61_anchor_followup,COMBINED,C61,3305,second,loss,S10,3306
c61_anchor_followup,COMBINED,C61,3306,first,win,S10,3307
c61_anchor_followup,COMBINED,C61,3307,second,loss,S10,3309
c61_anchor_followup,COMBINED,C61,3308,first,win,S10,3308
c61_anchor_followup,COMBINED,C61,3309,second,loss,S10,3310
c61_anchor_followup,COMBINED,C61,3310,first,loss,S10,3311
c61_anchor_followup,COMBINED,C61,3311,second,loss,S10,3312
c61_anchor_followup,COMBINED,C61,3312,first,loss,S10,3314
c61_anchor_followup,COMBINED,C61,3313,second,win,S10,3313
c61_anchor_followup,COMBINED,C61,3314,first,win,S10,3315
c61_anchor_followup,COMBINED,C61,3315,second,win,S10,3317
c61_anchor_followup,COMBINED,C61,3316,first,loss,S10,3316
c61_anchor_followup,COMBINED,C61,3317,second,loss,S10,3318
c61_anchor_followup,COMBINED,C61,3318,first,win,S10,3319
c61_anchor_followup,COMBINED,C61,3319,second,win,S10,3320
c61_anchor_followup,COMBINED,C61,3320,first,loss,S10,3321
c61_anchor_followup,COMBINED,C61,3321,second,loss,S10,3322
c61_anchor_followup,COMBINED,C61,3322,first,loss,S10,3324
c61_anchor_followup,COMBINED,C61,3323,second,win,S10,3323
c61_anchor_followup,COMBINED,C61,3324,first,loss,S10,3326
c61_anchor_followup,COMBINED,C61,3325,second,loss,S10,3325
c61_anchor_followup,COMBINED,C61,3326,first,loss,S10,3327
c61_anchor_followup,COMBINED,C61,3327,second,win,S10,3328
c61_anchor_followup,COMBINED,C61,3328,first,win,S10,3329
c61_anchor_followup,COMBINED,C61,3329,second,loss,S10,3330
c61_anchor_followup,COMBINED,C61,3330,first,win,S10,3331
c61_anchor_followup,COMBINED,C61,3331,second,win,S10,3333
c61_anchor_followup,COMBINED,C61,3332,first,win,S10,3332
c61_anchor_followup,COMBINED,C61,3333,second,win,S10,3334
c61_anchor_followup,COMBINED,C61,3334,first,win,S10,3335
c61_anchor_followup,COMBINED,C61,3335,second,win,S10,3336
c61_anchor_followup,COMBINED,C61,3336,first,win,S10,3337
c61_anchor_followup,COMBINED,C61,3337,second,win,S10,3339
c61_anchor_followup,COMBINED,C61,3338,first,win,S10,3338
c61_anchor_followup,COMBINED,C61,3339,second,win,S10,3340
c61_anchor_followup,COMBINED,C61,3340,first,win,S10,3341
c61_anchor_followup,COMBINED,C61,3341,second,loss,S10,3342
c61_anchor_followup,COMBINED,C61,3342,first,win,S10,3343
c61_anchor_followup,COMBINED,C61,3343,second,loss,S10,3344
c61_anchor_followup,COMBINED,C61,3344,first,win,S10,3346
c61_anchor_followup,COMBINED,C61,3345,second,loss,S10,3345
c61_anchor_followup,COMBINED,C61,3346,first,loss,S10,3348
c61_anchor_followup,COMBINED,C61,3347,second,win,S10,3347
c61_anchor_followup,COMBINED,C61,3348,first,loss,S10,3349
c61_anchor_followup,COMBINED,C61,3349,second,win,S10,3350
c61_anchor_followup,COMBINED,C61,3350,first,loss,S10,3351
c61_anchor_followup,COMBINED,C61,3351,second,loss,S10,3354
c61_anchor_followup,COMBINED,C61,3352,first,win,S10,3352
c61_anchor_followup,COMBINED,C61,3353,second,win,S10,3353
c61_anchor_followup,COMBINED,C61,3354,first,win,S10,3355
c61_anchor_followup,COMBINED,C61,3355,second,loss,S10,3356
c61_anchor_followup,COMBINED,C61,3356,first,loss,S10,3357
c61_anchor_followup,COMBINED,C61,3357,second,loss,S10,3359
c61_anchor_followup,COMBINED,C61,3358,first,loss,S10,3358
c61_anchor_followup,COMBINED,C61,3359,second,loss,S10,3360
c61_anchor_followup,COMBINED,C61,3360,first,win,S10,3361
c61_anchor_followup,COMBINED,C61,3361,second,loss,S10,3362
c61_anchor_followup,COMBINED,C61,3362,first,win,S10,3363
c61_anchor_followup,COMBINED,C61,3363,second,loss,S10,3364
c61_anchor_followup,COMBINED,C61,3364,first,win,S10,3366
c61_anchor_followup,COMBINED,C61,3365,second,win,S10,3365
c61_anchor_followup,COMBINED,C61,3366,first,loss,S10,3367
c61_anchor_followup,COMBINED,C61,3367,second,loss,S10,3368
c61_anchor_followup,COMBINED,C61,3368,first,loss,S10,3369
c61_anchor_followup,COMBINED,C61,3369,second,win,S10,3370
c61_anchor_followup,COMBINED,C61,3370,first,win,S10,3371
c61_anchor_followup,COMBINED,C61,3371,second,win,S10,3372
c61_anchor_followup,COMBINED,C61,3372,first,loss,S10,3373
c61_anchor_followup,COMBINED,C61,3373,second,win,S10,3374
c61_anchor_followup,COMBINED,C61,3374,first,win,S10,3375
c61_anchor_followup,COMBINED,C61,3375,second,loss,S10,3377
c61_anchor_followup,COMBINED,C61,3376,first,win,S10,3376
c61_anchor_followup,COMBINED,C61,3377,second,win,S10,3379
c61_anchor_followup,COMBINED,C61,3378,first,loss,S10,3378
c61_anchor_followup,COMBINED,C61,3379,second,loss,S10,3380
c61_anchor_followup,COMBINED,C61,3380,first,win,S10,3381
c61_anchor_followup,COMBINED,C61,3381,second,loss,S10,3382
c61_anchor_followup,COMBINED,C61,3382,first,loss,S10,3383
c61_anchor_followup,COMBINED,C61,3383,second,loss,S10,3384
c61_anchor_followup,COMBINED,C61,3384,first,win,S10,3385
c61_anchor_followup,COMBINED,C61,3385,second,loss,S10,3386
c61_anchor_followup,COMBINED,C61,3386,first,loss,S10,3387
c61_anchor_followup,COMBINED,C61,3387,second,loss,S10,3388
c61_anchor_followup,COMBINED,C61,3388,first,loss,S10,3390
c61_anchor_followup,COMBINED,C61,3389,second,win,S10,3389
c61_anchor_followup,COMBINED,C61,3390,first,loss,S10,3391
c61_anchor_followup,COMBINED,C61,3391,second,loss,S10,3392
c61_anchor_followup,COMBINED,C61,3392,first,loss,S10,3393
c61_anchor_followup,COMBINED,C61,3393,second,loss,S10,3394
c61_anchor_followup,COMBINED,C61,3394,first,win,S10,3396
c61_anchor_followup,COMBINED,C61,3395,second,loss,S10,3395
c61_anchor_followup,COMBINED,C61,3396,first,win,S10,3397
c61_anchor_followup,COMBINED,C61,3397,second,loss,S10,3398
c61_anchor_followup,COMBINED,C61,3398,first,loss,S10,3399
c61_anchor_followup,COMBINED,C61,3399,second,loss,S10,3400
c61_anchor_followup,COMBINED,C61,3400,first,win,S10,3401
c61_anchor_followup,COMBINED,C61,3401,second,loss,S10,3402
c61_anchor_followup,COMBINED,C61,3402,first,loss,S10,3403
c61_anchor_followup,COMBINED,C61,3403,second,loss,S10,3404
c61_anchor_followup,COMBINED,C61,3404,first,win,S10,3405
c61_anchor_followup,COMBINED,C61,3405,second,win,S10,3406
c61_anchor_followup,COMBINED,C61,3406,first,win,S10,3407
c61_anchor_followup,COMBINED,C61,3407,second,win,S10,3408
c61_anchor_followup,COMBINED,C61,3408,first,loss,S10,3410
c61_anchor_followup,COMBINED,C61,3409,second,loss,S10,3409
c61_anchor_followup,COMBINED,C61,3410,first,win,S10,3411
c61_anchor_followup,COMBINED,C61,3411,second,win,S10,3412
c61_anchor_followup,COMBINED,C61,3412,first,win,S10,3414
c61_anchor_followup,COMBINED,C61,3413,second,win,S10,3413
c61_anchor_followup,COMBINED,C61,3414,first,loss,S10,3416
c61_anchor_followup,COMBINED,C61,3415,second,win,S10,3415
c61_anchor_followup,COMBINED,C61,3416,first,loss,S10,3417
c61_anchor_followup,COMBINED,C61,3417,second,loss,S10,3418
c61_anchor_followup,COMBINED,C61,3418,first,loss,S10,3419
c61_anchor_followup,COMBINED,C61,3419,second,loss,S10,3420
c61_anchor_followup,COMBINED,C61,3420,first,win,S10,3421
c61_anchor_followup,COMBINED,C61,3421,second,loss,S10,3422
c61_anchor_followup,COMBINED,C61,3422,first,loss,S10,3423
c61_anchor_followup,COMBINED,C61,3423,second,loss,S10,3424
c61_anchor_followup,COMBINED,C61,3424,first,loss,S10,3425
c61_anchor_followup,COMBINED,C61,3425,second,win,S10,3426
c61_anchor_followup,COMBINED,C61,3426,first,loss,S10,3427
c61_anchor_followup,COMBINED,C61,3427,second,loss,S10,3429
c61_anchor_followup,COMBINED,C61,3428,first,win,S10,3428
c61_anchor_followup,COMBINED,C61,3429,second,loss,S10,3430
c61_anchor_followup,COMBINED,C61,3430,first,loss,S10,3431
c61_anchor_followup,COMBINED,C61,3431,second,loss,S10,3432
c61_anchor_followup,COMBINED,C61,3432,first,loss,S10,3433
c61_anchor_followup,COMBINED,C61,3433,second,win,S10,3435
c61_anchor_followup,COMBINED,C61,3434,first,loss,S10,3434
c61_anchor_followup,COMBINED,C61,3435,second,loss,S10,3436
c61_anchor_followup,COMBINED,C61,3436,first,loss,S10,3438
c61_anchor_followup,COMBINED,C61,3437,second,loss,S10,3437
c61_anchor_followup,COMBINED,C61,3438,first,win,S10,3439
c61_anchor_followup,COMBINED,C61,3439,second,win,S10,3440
c61_anchor_followup,COMBINED,C61,3440,first,loss,S10,3441
c61_anchor_followup,COMBINED,C61,3441,second,loss,S10,3442
c61_anchor_followup,COMBINED,C61,3442,first,win,S10,3443
c61_anchor_followup,COMBINED,C61,3443,second,loss,S10,3444
c61_anchor_followup,COMBINED,C61,3444,first,loss,S10,3446
c61_anchor_followup,COMBINED,C61,3445,second,win,S10,3445
c61_anchor_followup,COMBINED,C61,3446,first,loss,S10,3448
c61_anchor_followup,COMBINED,C61,3447,second,loss,S10,3447
c61_anchor_followup,COMBINED,C61,3448,first,win,S10,3449
c61_anchor_followup,COMBINED,C61,3449,second,loss,S10,3450
c61_anchor_followup,COMBINED,C61,3450,first,win,S10,3451
c61_anchor_followup,COMBINED,C61,3451,second,loss,S10,3453
c61_anchor_followup,COMBINED,C61,3452,first,win,S10,3452
c61_anchor_followup,COMBINED,C61,3453,second,loss,S10,3455
c61_anchor_followup,COMBINED,C61,3454,first,loss,S10,3454
c61_anchor_followup,COMBINED,C61,3455,second,loss,S10,3456
c61_anchor_followup,COMBINED,C61,3456,first,loss,S10,3457
c61_anchor_followup,COMBINED,C61,3457,second,loss,S10,3458
c61_anchor_followup,COMBINED,C61,3458,first,loss,S10,3460
c61_anchor_followup,COMBINED,C61,3459,second,loss,S10,3459
c61_anchor_followup,COMBINED,C61,3460,first,loss,S10,3461
c61_anchor_followup,COMBINED,C61,3461,second,win,S10,3462
c61_anchor_followup,COMBINED,C61,3462,first,win,S10,3463
c61_anchor_followup,COMBINED,C61,3463,second,win,S10,3464
c61_anchor_followup,COMBINED,C61,3464,first,loss,S10,3465
c61_anchor_followup,COMBINED,C61,3465,second,loss,S10,3466
c61_anchor_followup,COMBINED,C61,3466,first,loss,S10,3467
c61_anchor_followup,COMBINED,C61,3467,second,win,S10,3468
c61_anchor_followup,COMBINED,C61,3468,first,win,S10,3469
c61_anchor_followup,COMBINED,C61,3469,second,win,S10,3470
c61_anchor_followup,COMBINED,C61,3470,first,loss,S10,3471
c61_anchor_followup,COMBINED,C61,3471,second,win,S10,3472
c61_anchor_followup,COMBINED,C61,3472,first,loss,S10,3473
c61_anchor_followup,COMBINED,C61,3473,second,win,S10,3474
c61_anchor_followup,COMBINED,C61,3474,first,win,S10,3475
c61_anchor_followup,COMBINED,C61,3475,second,loss,S10,3476
c61_anchor_followup,COMBINED,C61,3476,first,win,S10,3477
c61_anchor_followup,COMBINED,C61,3477,second,win,S10,3478
c61_anchor_followup,COMBINED,C61,3478,first,win,S10,3479
c61_anchor_followup,COMBINED,C61,3479,second,win,S10,3480
c61_anchor_followup,COMBINED,C61,3480,first,win,S10,3481
c61_anchor_followup,COMBINED,C61,3481,second,loss,S10,3482
c61_anchor_followup,COMBINED,C61,3482,first,win,S10,3483
c61_anchor_followup,COMBINED,C61,3483,second,loss,S10,3484
c61_anchor_followup,COMBINED,C61,3484,first,win,S10,3485
c61_anchor_followup,COMBINED,C61,3485,second,loss,S10,3486
c61_anchor_followup,COMBINED,C61,3486,first,win,S10,3487
c61_anchor_followup,COMBINED,C61,3487,second,win,S10,3489
c61_anchor_followup,COMBINED,C61,3488,first,win,S10,3488
c61_anchor_followup,COMBINED,C61,3489,second,loss,S10,3490
c61_anchor_followup,COMBINED,C61,3490,first,loss,S10,3491
c61_anchor_followup,COMBINED,C61,3491,second,loss,S10,3492
c61_anchor_followup,COMBINED,C61,3492,first,loss,S10,3493
c61_anchor_followup,COMBINED,C61,3493,second,win,S10,3494
c61_anchor_followup,COMBINED,C61,3494,first,loss,S10,3496
c61_anchor_followup,COMBINED,C61,3495,second,win,S10,3495
c61_anchor_followup,COMBINED,C61,3496,first,win,S10,3498
c61_anchor_followup,COMBINED,C61,3497,second,win,S10,3497
c61_anchor_followup,COMBINED,C61,3498,first,loss,S10,3499
c61_anchor_followup,COMBINED,C61,3499,second,loss,S10,3500
c61_anchor_followup,COMBINED,C61,3500,first,win,S10,3501
c61_anchor_followup,COMBINED,C61,3501,second,loss,S10,3502
c61_anchor_followup,COMBINED,C61,3502,first,loss,S10,3504
c61_anchor_followup,COMBINED,C61,3503,second,loss,S10,3503
c61_anchor_followup,COMBINED,C61,3504,first,win,S10,3506
c61_anchor_followup,COMBINED,C61,3505,second,win,S10,3505
c61_anchor_followup,COMBINED,C61,3506,first,win,S10,3507
c61_anchor_followup,COMBINED,C61,3507,second,win,S10,3508
c61_anchor_followup,COMBINED,C61,3508,first,loss,S10,3510
c61_anchor_followup,COMBINED,C61,3509,second,win,S10,3509
c61_anchor_followup,COMBINED,C61,3510,first,win,S10,3512
c61_anchor_followup,COMBINED,C61,3511,second,win,S10,3511
c61_anchor_followup,COMBINED,C61,3512,first,win,S10,3513
c61_anchor_followup,COMBINED,C61,3513,second,win,S10,3514
c61_anchor_followup,COMBINED,C61,3514,first,win,S10,3515
c61_anchor_followup,COMBINED,C61,3515,second,loss,S10,3517
c61_anchor_followup,COMBINED,C61,3516,first,loss,S10,3516
c61_anchor_followup,COMBINED,C61,3517,second,loss,S10,3518
c61_anchor_followup,COMBINED,C61,3518,first,loss,S10,3519
c61_anchor_followup,COMBINED,C61,3519,second,win,S10,3520
c61_anchor_followup,COMBINED,C61,3520,first,win,S10,3521
c61_anchor_followup,COMBINED,C61,3521,second,win,S10,3523
c61_anchor_followup,COMBINED,C61,3522,first,win,S10,3522
c61_anchor_followup,COMBINED,C61,3523,second,loss,S10,3525
c61_anchor_followup,COMBINED,C61,3524,first,win,S10,3524
c61_anchor_followup,COMBINED,C61,3525,second,win,S10,3526
c61_anchor_followup,COMBINED,C61,3526,first,loss,S10,3527
c61_anchor_followup,COMBINED,C61,3527,second,loss,S10,3529
c61_anchor_followup,COMBINED,C61,3528,first,loss,S10,3528
c61_anchor_followup,COMBINED,C61,3529,second,win,S10,3531
c61_anchor_followup,COMBINED,C61,3530,first,win,S10,3530
c61_anchor_followup,COMBINED,C61,3531,second,loss,S10,3532
c61_anchor_followup,COMBINED,C61,3532,first,win,S10,3533
c61_anchor_followup,COMBINED,C61,3533,second,win,S10,3534
c61_anchor_followup,COMBINED,C61,3534,first,loss,S10,3535
c61_anchor_followup,COMBINED,C61,3535,second,win,S10,3537
c61_anchor_followup,COMBINED,C61,3536,first,win,S10,3536
c61_anchor_followup,COMBINED,C61,3537,second,loss,S10,3538
c61_anchor_followup,COMBINED,C61,3538,first,loss,S10,3539
c61_anchor_followup,COMBINED,C61,3539,second,loss,S10,3540
c61_anchor_followup,COMBINED,C61,3540,first,win,S10,3541
c61_anchor_followup,COMBINED,C61,3541,second,loss,S10,3542
c61_anchor_followup,COMBINED,C61,3542,first,win,S10,3543
c61_anchor_followup,COMBINED,C61,3543,second,loss,S10,3545
c61_anchor_followup,COMBINED,C61,3544,first,loss,S10,3544
c61_anchor_followup,COMBINED,C61,3545,second,win,S10,3546
c61_anchor_followup,COMBINED,C61,3546,first,loss,S10,3547
c61_anchor_followup,COMBINED,C61,3547,second,loss,S10,3548
c61_anchor_followup,COMBINED,C61,3548,first,loss,S10,3549
c61_anchor_followup,COMBINED,C61,3549,second,loss,S10,3550
c61_anchor_followup,COMBINED,C61,3550,first,win,S10,3551
c61_anchor_followup,COMBINED,C61,3551,second,loss,S10,3552
c61_anchor_followup,COMBINED,C61,3552,first,loss,S10,3553
c61_anchor_followup,COMBINED,C61,3553,second,loss,S10,3554
c61_anchor_followup,COMBINED,C61,3554,first,win,S10,3555
c61_anchor_followup,COMBINED,C61,3555,second,loss,S10,3556
c61_anchor_followup,COMBINED,C61,3556,first,win,S10,3557
c61_anchor_followup,COMBINED,C61,3557,second,win,S10,3558
c61_anchor_followup,COMBINED,C61,3558,first,win,S10,3560
c61_anchor_followup,COMBINED,C61,3559,second,loss,S10,3559
c61_anchor_followup,COMBINED,C61,3560,first,win,S10,3562
c61_anchor_followup,COMBINED,C61,3561,second,win,S10,3561
c61_anchor_followup,COMBINED,C61,3562,first,loss,S10,3563
c61_anchor_followup,COMBINED,C61,3563,second,loss,S10,3564
c61_anchor_followup,COMBINED,C61,3564,first,win,S10,3565
c61_anchor_followup,COMBINED,C61,3565,second,loss,S10,3566
c61_anchor_followup,COMBINED,C61,3566,first,loss,S10,3567
c61_anchor_followup,COMBINED,C61,3567,second,loss,S10,3568
c61_anchor_followup,COMBINED,C61,3568,first,loss,S10,3569
c61_anchor_followup,COMBINED,C61,3569,second,loss,S10,3570
c61_anchor_followup,COMBINED,C61,3570,first,loss,S10,3571
c61_anchor_followup,COMBINED,C61,3571,second,loss,S10,3572
c61_anchor_followup,COMBINED,C61,3572,first,win,S10,3573
c61_anchor_followup,COMBINED,C61,3573,second,win,S10,3574
c61_anchor_followup,COMBINED,C61,3574,first,loss,S10,3575
c61_anchor_followup,COMBINED,C61,3575,second,loss,S10,3576
c61_anchor_followup,COMBINED,C61,3576,first,win,S10,3577
c61_anchor_followup,COMBINED,C61,3577,second,win,S10,3578
c61_anchor_followup,COMBINED,C61,3578,first,loss,S10,3580
c61_anchor_followup,COMBINED,C61,3579,second,win,S10,3579
c61_anchor_followup,COMBINED,C61,3580,first,loss,S10,3581
c61_anchor_followup,COMBINED,C61,3581,second,win,S10,3582
c61_anchor_followup,COMBINED,C61,3582,first,loss,S10,3583
c61_anchor_followup,COMBINED,C61,3583,second,win,S10,3584
c61_anchor_followup,COMBINED,C61,3584,first,win,S10,3585
c61_anchor_followup,COMBINED,C61,3585,second,loss,S10,3586
c61_anchor_followup,COMBINED,C61,3586,first,loss,S10,3587
c61_anchor_followup,COMBINED,C61,3587,second,loss,S10,3588
c61_anchor_followup,COMBINED,C61,3588,first,loss,S10,3590
c61_anchor_followup,COMBINED,C61,3589,second,loss,S10,3589
c61_anchor_followup,COMBINED,C61,3590,first,loss,S10,3592
c61_anchor_followup,COMBINED,C61,3591,second,win,S10,3591
c61_anchor_followup,COMBINED,C61,3592,first,loss,S10,3593
c61_anchor_followup,COMBINED,C61,3593,second,loss,S10,3594
c61_anchor_followup,COMBINED,C61,3594,first,loss,S10,3596
c61_anchor_followup,COMBINED,C61,3595,second,win,S10,3595
c61_anchor_followup,COMBINED,C61,3596,first,loss,S10,3597
c61_anchor_followup,COMBINED,C61,3597,second,loss,S10,3598
c61_anchor_followup,COMBINED,C61,3598,first,win,S10,3600
c61_anchor_followup,COMBINED,C61,3599,second,win,S10,3599
c61_anchor_followup,COMBINED,C61,3600,first,win,S10,3601
c61_anchor_followup,COMBINED,C61,3601,second,loss,S10,3602
c61_anchor_followup,COMBINED,C61,3602,first,loss,S10,3603
c61_anchor_followup,COMBINED,C61,3603,second,loss,S10,3604
c61_anchor_followup,COMBINED,C61,3604,first,loss,S10,3606
c61_anchor_followup,COMBINED,C61,3605,second,loss,S10,3605
c61_anchor_followup,COMBINED,C61,3606,first,loss,S10,3609
c61_anchor_followup,COMBINED,C61,3607,second,loss,S10,3607
c61_anchor_followup,COMBINED,C61,3608,first,win,S10,3608
c61_anchor_followup,COMBINED,C61,3609,second,loss,S10,3610
c61_anchor_followup,COMBINED,C61,3610,first,loss,S10,3611
c61_anchor_followup,COMBINED,C61,3611,second,loss,S10,3612
c61_anchor_followup,COMBINED,C61,3612,first,win,S10,3613
c61_anchor_followup,COMBINED,C61,3613,second,loss,S10,3614
c61_anchor_followup,COMBINED,C61,3614,first,win,S10,3615
c61_anchor_followup,COMBINED,C61,3615,second,win,S10,3616
c61_anchor_followup,COMBINED,C61,3616,first,loss,S10,3617
c61_anchor_followup,COMBINED,C61,3617,second,win,S10,3618
c61_anchor_followup,COMBINED,C61,3618,first,loss,S10,3619
c61_anchor_followup,COMBINED,C61,3619,second,win,S10,3620
c61_anchor_followup,COMBINED,C61,3620,first,loss,S10,3621
c61_anchor_followup,COMBINED,C61,3621,second,loss,S10,3622
c61_anchor_followup,COMBINED,C61,3622,first,loss,S10,3623
c61_anchor_followup,COMBINED,C61,3623,second,win,S10,3624
c61_anchor_followup,COMBINED,C61,3624,first,win,S10,3625
c61_anchor_followup,COMBINED,C61,3625,second,loss,S10,3627
c61_anchor_followup,COMBINED,C61,3626,first,loss,S10,3626
c61_anchor_followup,COMBINED,C61,3627,second,loss,S10,3628
c61_anchor_followup,COMBINED,C61,3628,first,win,S10,3630
c61_anchor_followup,COMBINED,C61,3629,second,win,S10,3629
c61_anchor_followup,COMBINED,C61,3630,first,win,S10,3632
c61_anchor_followup,COMBINED,C61,3631,second,win,S10,3631
c61_anchor_followup,COMBINED,C61,3632,first,loss,S10,3633
c61_anchor_followup,COMBINED,C61,3633,second,loss,S10,3634
c61_anchor_followup,COMBINED,C61,3634,first,win,S10,3635
c61_anchor_followup,COMBINED,C61,3635,second,loss,S10,3637
c61_anchor_followup,COMBINED,C61,3636,first,loss,S10,3636
c61_anchor_followup,COMBINED,C61,3637,second,win,S10,3639
c61_anchor_followup,COMBINED,C61,3638,first,loss,S10,3638
c61_anchor_followup,COMBINED,C61,3639,second,loss,S10,3640
c61_anchor_followup,COMBINED,C61,3640,first,win,S10,3641
c61_anchor_followup,COMBINED,C61,3641,second,win,S10,3642
c61_anchor_followup,COMBINED,C61,3642,first,loss,S10,3643
c61_anchor_followup,COMBINED,C61,3643,second,loss,S10,3644
c61_anchor_followup,COMBINED,C61,3644,first,win,S10,3645
c61_anchor_followup,COMBINED,C61,3645,second,win,S10,3647
c61_anchor_followup,COMBINED,C61,3646,first,loss,S10,3646
c61_anchor_followup,COMBINED,C61,3647,second,loss,S10,3648
c61_anchor_followup,COMBINED,C61,3648,first,win,S10,3649
c61_anchor_followup,COMBINED,C61,3649,second,loss,S10,3650
c61_anchor_followup,COMBINED,C61,3650,first,win,S10,3651
c61_anchor_followup,COMBINED,C61,3651,second,loss,S10,3652
c61_anchor_followup,COMBINED,C61,3652,first,loss,S10,3653
c61_anchor_followup,COMBINED,C61,3653,second,loss,S10,3654
c61_anchor_followup,COMBINED,C61,3654,first,loss,S10,3655
c61_anchor_followup,COMBINED,C61,3655,second,loss,S10,3656
c61_anchor_followup,COMBINED,C61,3656,first,win,S10,3657
c61_anchor_followup,COMBINED,C61,3657,second,loss,S10,3658
c61_anchor_followup,COMBINED,C61,3658,first,win,S10,3660
c61_anchor_followup,COMBINED,C61,3659,second,win,S10,3659
c61_anchor_followup,COMBINED,C61,3660,first,win,S10,3661
c61_anchor_followup,COMBINED,C61,3661,second,loss,S10,3662
c61_anchor_followup,COMBINED,C61,3662,first,win,S10,3663
c61_anchor_followup,COMBINED,C61,3663,second,win,S10,3665
c61_anchor_followup,COMBINED,C61,3664,first,win,S10,3664
c61_anchor_followup,COMBINED,C61,3665,second,loss,S10,3666
c61_anchor_followup,COMBINED,C61,3666,first,loss,S10,3667
c61_anchor_followup,COMBINED,C61,3667,second,loss,S10,3668
c61_anchor_followup,COMBINED,C61,3668,first,win,S10,3669
c61_anchor_followup,COMBINED,C61,3669,second,loss,S10,3670
c61_anchor_followup,COMBINED,C61,3670,first,win,S10,3671
c61_anchor_followup,COMBINED,C61,3671,second,loss,S10,3672
c61_anchor_followup,COMBINED,C61,3672,first,win,S10,3673
c61_anchor_followup,COMBINED,C61,3673,second,win,S10,3674
c61_anchor_followup,COMBINED,C61,3674,first,win,S10,3675
c61_anchor_followup,COMBINED,C61,3675,second,win,S10,3676
c61_anchor_followup,COMBINED,C61,3676,first,win,S10,3677
c61_anchor_followup,COMBINED,C61,3677,second,loss,S10,3678
c61_anchor_followup,COMBINED,C61,3678,first,win,S10,3679
c61_anchor_followup,COMBINED,C61,3679,second,loss,S10,3680
c61_anchor_followup,COMBINED,C61,3680,first,loss,S10,3682
c61_anchor_followup,COMBINED,C61,3681,second,loss,S10,3681
c61_anchor_followup,COMBINED,C61,3682,first,loss,S10,3683
c61_anchor_followup,COMBINED,C61,3683,second,loss,S10,3684
c61_anchor_followup,COMBINED,C61,3684,first,loss,S10,3685
c61_anchor_followup,COMBINED,C61,3685,second,loss,S10,3686
c61_anchor_followup,COMBINED,C61,3686,first,win,S10,3687
c61_anchor_followup,COMBINED,C61,3687,second,loss,S10,3688
c61_anchor_followup,COMBINED,C61,3688,first,loss,S10,3689
c61_anchor_followup,COMBINED,C61,3689,second,loss,S10,3691
c61_anchor_followup,COMBINED,C61,3690,first,loss,S10,3690
c61_anchor_followup,COMBINED,C61,3691,second,loss,S10,3693
c61_anchor_followup,COMBINED,C61,3692,first,loss,S10,3692
c61_anchor_followup,COMBINED,C61,3693,second,loss,S10,3694
c61_anchor_followup,COMBINED,C61,3694,first,loss,S10,3695
c61_anchor_followup,COMBINED,C61,3695,second,loss,S10,3696
c61_anchor_followup,COMBINED,C61,3696,first,loss,S10,3697
c61_anchor_followup,COMBINED,C61,3697,second,loss,S10,3698
c61_anchor_followup,COMBINED,C61,3698,first,loss,S10,3699
c61_anchor_followup,COMBINED,C61,3699,second,loss,S10,3700
c61_anchor_followup,COMBINED,C61,3700,first,win,S10,3701
c61_anchor_followup,COMBINED,C61,3701,second,win,S10,3702
c61_anchor_followup,COMBINED,C61,3702,first,win,S10,3703
c61_anchor_followup,COMBINED,C61,3703,second,loss,S10,3704
c61_anchor_followup,COMBINED,C61,3704,first,win,S10,3705
c61_anchor_followup,COMBINED,C61,3705,second,loss,S10,3707
c61_anchor_followup,COMBINED,C61,3706,first,loss,S10,3706
c61_anchor_followup,COMBINED,C61,3707,second,win,S10,3708
c61_anchor_followup,COMBINED,C61,3708,first,win,S10,3709
c61_anchor_followup,COMBINED,C61,3709,second,loss,S10,3710
c61_anchor_followup,COMBINED,C61,3710,first,loss,S10,3711
c61_anchor_followup,COMBINED,C61,3711,second,loss,S10,3712
c61_anchor_followup,COMBINED,C61,3712,first,loss,S10,3713
c61_anchor_followup,COMBINED,C61,3713,second,loss,S10,3714
c61_anchor_followup,COMBINED,C61,3714,first,win,S10,3715
c61_anchor_followup,COMBINED,C61,3715,second,loss,S10,3716
c61_anchor_followup,COMBINED,C61,3716,first,win,S10,3717
c61_anchor_followup,COMBINED,C61,3717,second,win,S10,3718
c61_anchor_followup,COMBINED,C61,3718,first,win,S10,3719
c61_anchor_followup,COMBINED,C61,3719,second,loss,S10,3720
c61_anchor_followup,COMBINED,C61,3720,first,loss,S10,3721
c61_anchor_followup,COMBINED,C61,3721,second,loss,S10,3722
c61_anchor_followup,COMBINED,C61,3722,first,loss,S10,3723
c61_anchor_followup,COMBINED,C61,3723,second,loss,S10,3724
c61_anchor_followup,COMBINED,C61,3724,first,win,S10,3725
c61_anchor_followup,COMBINED,C61,3725,second,loss,S10,3726
c61_anchor_followup,COMBINED,C61,3726,first,loss,S10,3727
c61_anchor_followup,COMBINED,C61,3727,second,loss,S10,3728
c61_anchor_followup,COMBINED,C61,3728,first,loss,S10,3729
c61_anchor_followup,COMBINED,C61,3729,second,loss,S10,3730
c61_anchor_followup,COMBINED,C61,3730,first,loss,S10,3731
c61_anchor_followup,COMBINED,C61,3731,second,loss,S10,3732
c61_anchor_followup,COMBINED,C61,3732,first,loss,S10,3733
c61_anchor_followup,COMBINED,C61,3733,second,win,S10,3734
c61_anchor_followup,COMBINED,C61,3734,first,loss,S10,3736
c61_anchor_followup,COMBINED,C61,3735,second,loss,S10,3735
c61_anchor_followup,COMBINED,C61,3736,first,win,S10,3738
c61_anchor_followup,COMBINED,C61,3737,second,loss,S10,3737
c61_anchor_followup,COMBINED,C61,3738,first,draw,S10,3740
c61_anchor_followup,COMBINED,C61,3739,second,loss,S10,3739
c61_anchor_followup,COMBINED,C61,3740,first,win,S10,3742
c61_anchor_followup,COMBINED,C61,3741,second,win,S10,3741
c61_anchor_followup,COMBINED,C61,3742,first,loss,S10,3744
c61_anchor_followup,COMBINED,C61,3743,second,win,S10,3743
c61_anchor_followup,COMBINED,C61,3744,first,loss,S10,3746
c61_anchor_followup,COMBINED,C61,3745,second,win,S10,3745
c61_anchor_followup,COMBINED,C61,3746,first,win,S10,3748
c61_anchor_followup,COMBINED,C61,3747,second,loss,S10,3747
c61_anchor_followup,COMBINED,C61,3748,first,loss,S10,3750
c61_anchor_followup,COMBINED,C61,3749,second,win,S10,3749
c61_anchor_followup,COMBINED,C61,3750,first,loss,S10,3752
c61_anchor_followup,COMBINED,C61,3751,second,win,S10,3751
c61_anchor_followup,COMBINED,C61,3752,first,win,S10,3753
c61_anchor_followup,COMBINED,C61,3753,second,loss,S10,3755
c61_anchor_followup,COMBINED,C61,3754,first,loss,S10,3754
c61_anchor_followup,COMBINED,C61,3755,second,loss,S10,3757
c61_anchor_followup,COMBINED,C61,3756,first,loss,S10,3756
c61_anchor_followup,COMBINED,C61,3757,second,loss,S10,3758
c61_anchor_followup,COMBINED,C61,3758,first,loss,S10,3759
c61_anchor_followup,COMBINED,C61,3759,second,loss,S10,3760
c61_anchor_followup,COMBINED,C61,3760,first,loss,S10,3761
c61_anchor_followup,COMBINED,C61,3761,second,loss,S10,3762
c61_anchor_followup,COMBINED,C61,3762,first,loss,S10,3763
c61_anchor_followup,COMBINED,C61,3763,second,win,S10,3764
c61_anchor_followup,COMBINED,C61,3764,first,win,S10,3765
c61_anchor_followup,COMBINED,C61,3765,second,loss,S10,3767
c61_anchor_followup,COMBINED,C61,3766,first,win,S10,3766
c61_anchor_followup,COMBINED,C61,3767,second,loss,S10,3768
c61_anchor_followup,COMBINED,C61,3768,first,loss,S10,3769
c61_anchor_followup,COMBINED,C61,3769,second,loss,S10,3770
c61_anchor_followup,COMBINED,C61,3770,first,loss,S10,3772
c61_anchor_followup,COMBINED,C61,3771,second,loss,S10,3771
c61_anchor_followup,COMBINED,C61,3772,first,win,S10,3773
c61_anchor_followup,COMBINED,C61,3773,second,win,S10,3775
c61_anchor_followup,COMBINED,C61,3774,first,loss,S10,3774
c61_anchor_followup,COMBINED,C61,3775,second,loss,S10,3777
c61_anchor_followup,COMBINED,C61,3776,first,win,S10,3776
c61_anchor_followup,COMBINED,C61,3777,second,loss,S10,3778
c61_anchor_followup,COMBINED,C61,3778,first,win,S10,3779
c61_anchor_followup,COMBINED,C61,3779,second,win,S10,3780
c61_anchor_followup,COMBINED,C61,3780,first,win,S10,3781
c61_anchor_followup,COMBINED,C61,3781,second,loss,S10,3782
c61_anchor_followup,COMBINED,C61,3782,first,win,S10,3783
c61_anchor_followup,COMBINED,C61,3783,second,loss,S10,3784
c61_anchor_followup,COMBINED,C61,3784,first,loss,S10,3786
c61_anchor_followup,COMBINED,C61,3785,second,win,S10,3785
c61_anchor_followup,COMBINED,C61,3786,first,loss,S10,3787
c61_anchor_followup,COMBINED,C61,3787,second,loss,S10,3788
c61_anchor_followup,COMBINED,C61,3788,first,loss,S10,3789
c61_anchor_followup,COMBINED,C61,3789,second,loss,S10,3790
c61_anchor_followup,COMBINED,C61,3790,first,loss,S10,3791
c61_anchor_followup,COMBINED,C61,3791,second,loss,S10,3792
c61_anchor_followup,COMBINED,C61,3792,first,win,S10,3793
c61_anchor_followup,COMBINED,C61,3793,second,win,S10,3795
c61_anchor_followup,COMBINED,C61,3794,first,win,S10,3794
c61_anchor_followup,COMBINED,C61,3795,second,loss,S10,3796
c61_anchor_followup,COMBINED,C61,3796,first,win,S10,3797
c61_anchor_followup,COMBINED,C61,3797,second,win,S10,3799
c61_anchor_followup,COMBINED,C61,3798,first,win,S10,3798
c61_anchor_followup,COMBINED,C61,3799,second,loss,S10,3800
c61_anchor_followup,COMBINED,C61,3800,first,win,S10,3802
c61_anchor_followup,COMBINED,C61,3801,second,win,S10,3801
c61_anchor_followup,COMBINED,C61,3802,first,win,S10,3803
c61_anchor_followup,COMBINED,C61,3803,second,loss,S10,3804
c61_anchor_followup,COMBINED,C61,3804,first,loss,S10,3805
c61_anchor_followup,COMBINED,C61,3805,second,loss,S10,3806
c61_anchor_followup,COMBINED,C61,3806,first,win,S10,3807
c61_anchor_followup,COMBINED,C61,3807,second,loss,S10,3808
c61_anchor_followup,COMBINED,C61,3808,first,win,S10,3810
c61_anchor_followup,COMBINED,C61,3809,second,loss,S10,3809
c61_anchor_followup,COMBINED,C61,3810,first,win,S10,3811
c61_anchor_followup,COMBINED,C61,3811,second,win,S10,3812
c61_anchor_followup,COMBINED,C61,3812,first,loss,S10,3814
c61_anchor_followup,COMBINED,C61,3813,second,loss,S10,3813
c61_anchor_followup,COMBINED,C61,3814,first,win,S10,3815
c61_anchor_followup,COMBINED,C61,3815,second,win,S10,3816
c61_anchor_followup,COMBINED,C61,3816,first,loss,S10,3817
c61_anchor_followup,COMBINED,C61,3817,second,win,S10,3818
c61_anchor_followup,COMBINED,C61,3818,first,loss,S10,3819
c61_anchor_followup,COMBINED,C61,3819,second,loss,S10,3821
c61_anchor_followup,COMBINED,C61,3820,first,win,S10,3820
c61_anchor_followup,COMBINED,C61,3821,second,win,S10,3823
c61_anchor_followup,COMBINED,C61,3822,first,loss,S10,3822
c61_anchor_followup,COMBINED,C61,3823,second,loss,S10,3824
c61_anchor_followup,COMBINED,C61,3824,first,loss,S10,3825
c61_anchor_followup,COMBINED,C61,3825,second,loss,S10,3827
c61_anchor_followup,COMBINED,C61,3826,first,win,S10,3826
c61_anchor_followup,COMBINED,C61,3827,second,loss,S10,3828
c61_anchor_followup,COMBINED,C61,3828,first,loss,S10,3829
c61_anchor_followup,COMBINED,C61,3829,second,loss,S10,3831
c61_anchor_followup,COMBINED,C61,3830,first,win,S10,3830
c61_anchor_followup,COMBINED,C61,3831,second,win,S10,3832
c61_anchor_followup,COMBINED,C61,3832,first,win,S10,3833
c61_anchor_followup,COMBINED,C61,3833,second,win,S10,3834
c61_anchor_followup,COMBINED,C61,3834,first,loss,S10,3835
c61_anchor_followup,COMBINED,C61,3835,second,loss,S10,3836
c61_anchor_followup,COMBINED,C61,3836,first,loss,S10,3837
c61_anchor_followup,COMBINED,C61,3837,second,win,S10,3838
c61_anchor_followup,COMBINED,C61,3838,first,loss,S10,3840
c61_anchor_followup,COMBINED,C61,3839,second,win,S10,3839
c61_anchor_followup,COMBINED,C61,3840,first,win,S10,3841
c61_anchor_followup,COMBINED,C61,3841,second,win,S10,3842
c61_anchor_followup,COMBINED,C61,3842,first,win,S10,3843
c61_anchor_followup,COMBINED,C61,3843,second,win,S10,3845
c61_anchor_followup,COMBINED,C61,3844,first,win,S10,3844
c61_anchor_followup,COMBINED,C61,3845,second,loss,S10,3846
c61_anchor_followup,COMBINED,C61,3846,first,win,S10,3847
c61_anchor_followup,COMBINED,C61,3847,second,loss,S10,3848
c61_anchor_followup,COMBINED,C61,3848,first,loss,S10,3850
c61_anchor_followup,COMBINED,C61,3849,second,loss,S10,3849
c61_anchor_followup,COMBINED,C61,3850,first,loss,S10,3853
c61_anchor_followup,COMBINED,C61,3851,second,loss,S10,3851
c61_anchor_followup,COMBINED,C61,3852,first,win,S10,3852
c61_anchor_followup,COMBINED,C61,3853,second,loss,S10,3855
c61_anchor_followup,COMBINED,C61,3854,first,win,S10,3854
c61_anchor_followup,COMBINED,C61,3855,second,win,S10,3856
c61_anchor_followup,COMBINED,C61,3856,first,loss,S10,3857
c61_anchor_followup,COMBINED,C61,3857,second,win,S10,3858
c61_anchor_followup,COMBINED,C61,3858,first,win,S10,3859
c61_anchor_followup,COMBINED,C61,3859,second,loss,S10,3861
c61_anchor_followup,COMBINED,C61,3860,first,win,S10,3860
c61_anchor_followup,COMBINED,C61,3861,second,loss,S10,3863
c61_anchor_followup,COMBINED,C61,3862,first,win,S10,3862
c61_anchor_followup,COMBINED,C61,3863,second,loss,S10,3864
c61_anchor_followup,COMBINED,C61,3864,first,loss,S10,3865
c61_anchor_followup,COMBINED,C61,3865,second,win,S10,3866
c61_anchor_followup,COMBINED,C61,3866,first,win,S10,3867
c61_anchor_followup,COMBINED,C61,3867,second,loss,S10,3869
c61_anchor_followup,COMBINED,C61,3868,first,loss,S10,3868
c61_anchor_followup,COMBINED,C61,3869,second,win,S10,3870
c61_anchor_followup,COMBINED,C61,3870,first,win,S10,3871
c61_anchor_followup,COMBINED,C61,3871,second,win,S10,3872
c61_anchor_followup,COMBINED,C61,3872,first,win,S10,3873
c61_anchor_followup,COMBINED,C61,3873,second,loss,S10,3874
c61_anchor_followup,COMBINED,C61,3874,first,loss,S10,3875
c61_anchor_followup,COMBINED,C61,3875,second,loss,S10,3876
c61_anchor_followup,COMBINED,C61,3876,first,loss,S10,3877
c61_anchor_followup,COMBINED,C61,3877,second,loss,S10,3878
c61_anchor_followup,COMBINED,C61,3878,first,loss,S10,3879
c61_anchor_followup,COMBINED,C61,3879,second,win,S10,3880
c61_anchor_followup,COMBINED,C61,3880,first,loss,S10,3881
c61_anchor_followup,COMBINED,C61,3881,second,loss,S10,3882
c61_anchor_followup,COMBINED,C61,3882,first,win,S10,3883
c61_anchor_followup,COMBINED,C61,3883,second,loss,S10,3884
c61_anchor_followup,COMBINED,C61,3884,first,win,S10,3885
c61_anchor_followup,COMBINED,C61,3885,second,loss,S10,3886
c61_anchor_followup,COMBINED,C61,3886,first,win,S10,3887
c61_anchor_followup,COMBINED,C61,3887,second,loss,S10,3888
c61_anchor_followup,COMBINED,C61,3888,first,loss,S10,3889
c61_anchor_followup,COMBINED,C61,3889,second,win,S10,3890
c61_anchor_followup,COMBINED,C61,3890,first,win,S10,3891
c61_anchor_followup,COMBINED,C61,3891,second,loss,S10,3892
c61_anchor_followup,COMBINED,C61,3892,first,loss,S10,3893
c61_anchor_followup,COMBINED,C61,3893,second,win,S10,3894
c61_anchor_followup,COMBINED,C61,3894,first,win,S10,3895
c61_anchor_followup,COMBINED,C61,3895,second,win,S10,3896
c61_anchor_followup,COMBINED,C61,3896,first,win,S10,3897
c61_anchor_followup,COMBINED,C61,3897,second,loss,S10,3899
c61_anchor_followup,COMBINED,C61,3898,first,loss,S10,3898
c61_anchor_followup,COMBINED,C61,3899,second,loss,S10,3901
c61_anchor_followup,COMBINED,C61,3900,first,loss,S10,3900
c61_anchor_followup,COMBINED,C61,3901,second,loss,S10,3903
c61_anchor_followup,COMBINED,C61,3902,first,win,S10,3902
c61_anchor_followup,COMBINED,C61,3903,second,loss,S10,3904
c61_anchor_followup,COMBINED,C61,3904,first,loss,S10,3905
c61_anchor_followup,COMBINED,C61,3905,second,loss,S10,3906
c61_anchor_followup,COMBINED,C61,3906,first,loss,S10,3907
c61_anchor_followup,COMBINED,C61,3907,second,loss,S10,3909
c61_anchor_followup,COMBINED,C61,3908,first,win,S10,3908
c61_anchor_followup,COMBINED,C61,3909,second,win,S10,3910
c61_anchor_followup,COMBINED,C61,3910,first,win,S10,3911
c61_anchor_followup,COMBINED,C61,3911,second,loss,S10,3913
c61_anchor_followup,COMBINED,C61,3912,first,win,S10,3912
c61_anchor_followup,COMBINED,C61,3913,second,win,S10,3914
c61_anchor_followup,COMBINED,C61,3914,first,loss,S10,3915
c61_anchor_followup,COMBINED,C61,3915,second,win,S10,3916
c61_anchor_followup,COMBINED,C61,3916,first,win,S10,3917
c61_anchor_followup,COMBINED,C61,3917,second,win,S10,3919
c61_anchor_followup,COMBINED,C61,3918,first,loss,S10,3918
c61_anchor_followup,COMBINED,C61,3919,second,loss,S10,3921
c61_anchor_followup,COMBINED,C61,3920,first,win,S10,3920
c61_anchor_followup,COMBINED,C61,3921,second,loss,S10,3922
c61_anchor_followup,COMBINED,C61,3922,first,win,S10,3923
c61_anchor_followup,COMBINED,C61,3923,second,loss,S10,3924
c61_anchor_followup,COMBINED,C61,3924,first,loss,S10,3926
c61_anchor_followup,COMBINED,C61,3925,second,loss,S10,3925
c61_anchor_followup,COMBINED,C61,3926,first,win,S10,3928
c61_anchor_followup,COMBINED,C61,3927,second,loss,S10,3927
c61_anchor_followup,COMBINED,C61,3928,first,loss,S10,3929
c61_anchor_followup,COMBINED,C61,3929,second,win,S10,3930
c61_anchor_followup,COMBINED,C61,3930,first,win,S10,3931
c61_anchor_followup,COMBINED,C61,3931,second,loss,S10,3932
c61_anchor_followup,COMBINED,C61,3932,first,win,S10,3933
c61_anchor_followup,COMBINED,C61,3933,second,win,S10,3934
c61_anchor_followup,COMBINED,C61,3934,first,loss,S10,3936
c61_anchor_followup,COMBINED,C61,3935,second,loss,S10,3935
c61_anchor_followup,COMBINED,C61,3936,first,win,S10,3937
c61_anchor_followup,COMBINED,C61,3937,second,win,S10,3938
c61_anchor_followup,COMBINED,C61,3938,first,win,S10,3940
c61_anchor_followup,COMBINED,C61,3939,second,loss,S10,3939
c61_anchor_followup,COMBINED,C61,3940,first,loss,S10,3941
c61_anchor_followup,COMBINED,C61,3941,second,loss,S10,3942
c61_anchor_followup,COMBINED,C61,3942,first,loss,S10,3943
c61_anchor_followup,COMBINED,C61,3943,second,win,S10,3944
c61_anchor_followup,COMBINED,C61,3944,first,loss,S10,3945
c61_anchor_followup,COMBINED,C61,3945,second,win,S10,3946
c61_anchor_followup,COMBINED,C61,3946,first,win,S10,3947
c61_anchor_followup,COMBINED,C61,3947,second,win,S10,3948
c61_anchor_followup,COMBINED,C61,3948,first,loss,S10,3950
c61_anchor_followup,COMBINED,C61,3949,second,loss,S10,3949
c61_anchor_followup,COMBINED,C61,3950,first,loss,S10,3952
c61_anchor_followup,COMBINED,C61,3951,second,win,S10,3951
c61_anchor_followup,COMBINED,C61,3952,first,win,S10,3954
c61_anchor_followup,COMBINED,C61,3953,second,win,S10,3953
c61_anchor_followup,COMBINED,C61,3954,first,loss,S10,3955
c61_anchor_followup,COMBINED,C61,3955,second,win,S10,3956
c61_anchor_followup,COMBINED,C61,3956,first,loss,S10,3957
c61_anchor_followup,COMBINED,C61,3957,second,loss,S10,3958
c61_anchor_followup,COMBINED,C61,3958,first,loss,S10,3959
c61_anchor_followup,COMBINED,C61,3959,second,win,S10,3960
c61_anchor_followup,COMBINED,C61,3960,first,win,S10,3962
c61_anchor_followup,COMBINED,C61,3961,second,loss,S10,3961
c61_anchor_followup,COMBINED,C61,3962,first,loss,S10,3963
c61_anchor_followup,COMBINED,C61,3963,second,loss,S10,3964
c61_anchor_followup,COMBINED,C61,3964,first,win,S10,3965
c61_anchor_followup,COMBINED,C61,3965,second,loss,S10,3967
c61_anchor_followup,COMBINED,C61,3966,first,loss,S10,3966
c61_anchor_followup,COMBINED,C61,3967,second,loss,S10,3969
c61_anchor_followup,COMBINED,C61,3968,first,loss,S10,3968
c61_anchor_followup,COMBINED,C61,3969,second,loss,S10,3970
c61_anchor_followup,COMBINED,C61,3970,first,loss,S10,3971
c61_anchor_followup,COMBINED,C61,3971,second,loss,S10,3972
c61_anchor_followup,COMBINED,C61,3972,first,loss,S10,3973
c61_anchor_followup,COMBINED,C61,3973,second,loss,S10,3974
c61_anchor_followup,COMBINED,C61,3974,first,win,S10,3975
c61_anchor_followup,COMBINED,C61,3975,second,win,S10,3976
c61_anchor_followup,COMBINED,C61,3976,first,win,S10,3977
c61_anchor_followup,COMBINED,C61,3977,second,loss,S10,3978
c61_anchor_followup,COMBINED,C61,3978,first,loss,S10,3979
c61_anchor_followup,COMBINED,C61,3979,second,loss,S10,3980
c61_anchor_followup,COMBINED,C61,3980,first,win,S10,3981
c61_anchor_followup,COMBINED,C61,3981,second,loss,S10,3983
c61_anchor_followup,COMBINED,C61,3982,first,win,S10,3982
c61_anchor_followup,COMBINED,C61,3983,second,loss,S10,3985
c61_anchor_followup,COMBINED,C61,3984,first,loss,S10,3984
c61_anchor_followup,COMBINED,C61,3985,second,win,S10,3986
c61_anchor_followup,COMBINED,C61,3986,first,loss,S10,3987
c61_anchor_followup,COMBINED,C61,3987,second,win,S10,3989
c61_anchor_followup,COMBINED,C61,3988,first,win,S10,3988
c61_anchor_followup,COMBINED,C61,3989,second,loss,S10,3990
c61_anchor_followup,COMBINED,C61,3990,first,loss,S10,3991
c61_anchor_followup,COMBINED,C61,3991,second,loss,S10,3992
c61_anchor_followup,COMBINED,C61,3992,first,loss,S10,3994
c61_anchor_followup,COMBINED,C61,3993,second,win,S10,3993
c61_anchor_followup,COMBINED,C61,3994,first,win,S10,3995
c61_anchor_followup,COMBINED,C61,3995,second,loss,S10,3996
c61_anchor_followup,COMBINED,C61,3996,first,win,S10,3997
c61_anchor_followup,COMBINED,C61,3997,second,loss,S10,3999
c61_anchor_followup,COMBINED,C61,3998,first,win,S10,3998
c61_anchor_followup,COMBINED,C61,3999,second,loss,S10,4000
c61_anchor_followup,COMBINED,C61,4000,first,loss,S11,1
c61_anchor_followup,COMBINED,C61,4001,second,win,S11,2
c61_anchor_followup,COMBINED,C61,4002,first,loss,S11,3
c61_anchor_followup,COMBINED,C61,4003,second,loss,S11,5
c61_anchor_followup,COMBINED,C61,4004,first,win,S11,4
c61_anchor_followup,COMBINED,C61,4005,second,loss,S11,7
c61_anchor_followup,COMBINED,C61,4006,first,win,S11,6
c61_anchor_followup,COMBINED,C61,4007,second,loss,S11,8
c61_anchor_followup,COMBINED,C61,4008,first,win,S11,9
c61_anchor_followup,COMBINED,C61,4009,second,loss,S11,11
c61_anchor_followup,COMBINED,C61,4010,first,loss,S11,10
c61_anchor_followup,COMBINED,C61,4011,second,win,S11,12
c61_anchor_followup,COMBINED,C61,4012,first,loss,S11,14
c61_anchor_followup,COMBINED,C61,4013,second,win,S11,13
c61_anchor_followup,COMBINED,C61,4014,first,win,S11,15
c61_anchor_followup,COMBINED,C61,4015,second,loss,S11,16
c61_anchor_followup,COMBINED,C61,4016,first,win,S11,17
c61_anchor_followup,COMBINED,C61,4017,second,loss,S11,18
c61_anchor_followup,COMBINED,C61,4018,first,loss,S11,19
c61_anchor_followup,COMBINED,C61,4019,second,loss,S11,20
c61_anchor_followup,COMBINED,C61,4020,first,win,S11,21
c61_anchor_followup,COMBINED,C61,4021,second,loss,S11,22
c61_anchor_followup,COMBINED,C61,4022,first,win,S11,23
c61_anchor_followup,COMBINED,C61,4023,second,draw,S11,24
c61_anchor_followup,COMBINED,C61,4024,first,loss,S11,25
c61_anchor_followup,COMBINED,C61,4025,second,loss,S11,27
c61_anchor_followup,COMBINED,C61,4026,first,loss,S11,26
c61_anchor_followup,COMBINED,C61,4027,second,win,S11,28
c61_anchor_followup,COMBINED,C61,4028,first,win,S11,29
c61_anchor_followup,COMBINED,C61,4029,second,win,S11,30
c61_anchor_followup,COMBINED,C61,4030,first,win,S11,31
c61_anchor_followup,COMBINED,C61,4031,second,loss,S11,32
c61_anchor_followup,COMBINED,C61,4032,first,loss,S11,33
c61_anchor_followup,COMBINED,C61,4033,second,win,S11,35
c61_anchor_followup,COMBINED,C61,4034,first,win,S11,34
c61_anchor_followup,COMBINED,C61,4035,second,loss,S11,36
c61_anchor_followup,COMBINED,C61,4036,first,loss,S11,37
c61_anchor_followup,COMBINED,C61,4037,second,loss,S11,39
c61_anchor_followup,COMBINED,C61,4038,first,win,S11,38
c61_anchor_followup,COMBINED,C61,4039,second,win,S11,40
c61_anchor_followup,COMBINED,C61,4040,first,loss,S11,41
c61_anchor_followup,COMBINED,C61,4041,second,win,S11,43
c61_anchor_followup,COMBINED,C61,4042,first,win,S11,42
c61_anchor_followup,COMBINED,C61,4043,second,win,S11,44
c61_anchor_followup,COMBINED,C61,4044,first,win,S11,45
c61_anchor_followup,COMBINED,C61,4045,second,win,S11,46
c61_anchor_followup,COMBINED,C61,4046,first,loss,S11,47
c61_anchor_followup,COMBINED,C61,4047,second,win,S11,48
c61_anchor_followup,COMBINED,C61,4048,first,win,S11,49
c61_anchor_followup,COMBINED,C61,4049,second,loss,S11,50
c61_anchor_followup,COMBINED,C61,4050,first,loss,S11,51
c61_anchor_followup,COMBINED,C61,4051,second,win,S11,52
c61_anchor_followup,COMBINED,C61,4052,first,loss,S11,54
c61_anchor_followup,COMBINED,C61,4053,second,loss,S11,53
c61_anchor_followup,COMBINED,C61,4054,first,loss,S11,55
c61_anchor_followup,COMBINED,C61,4055,second,win,S11,57
c61_anchor_followup,COMBINED,C61,4056,first,win,S11,56
c61_anchor_followup,COMBINED,C61,4057,second,loss,S11,58
c61_anchor_followup,COMBINED,C61,4058,first,win,S11,59
c61_anchor_followup,COMBINED,C61,4059,second,loss,S11,61
c61_anchor_followup,COMBINED,C61,4060,first,win,S11,60
c61_anchor_followup,COMBINED,C61,4061,second,loss,S11,63
c61_anchor_followup,COMBINED,C61,4062,first,win,S11,62
c61_anchor_followup,COMBINED,C61,4063,second,loss,S11,64
c61_anchor_followup,COMBINED,C61,4064,first,loss,S11,65
c61_anchor_followup,COMBINED,C61,4065,second,loss,S11,66
c61_anchor_followup,COMBINED,C61,4066,first,win,S11,67
c61_anchor_followup,COMBINED,C61,4067,second,win,S11,68
c61_anchor_followup,COMBINED,C61,4068,first,win,S11,70
c61_anchor_followup,COMBINED,C61,4069,second,loss,S11,69
c61_anchor_followup,COMBINED,C61,4070,first,win,S11,71
c61_anchor_followup,COMBINED,C61,4071,second,loss,S11,72
c61_anchor_followup,COMBINED,C61,4072,first,loss,S11,73
c61_anchor_followup,COMBINED,C61,4073,second,loss,S11,74
c61_anchor_followup,COMBINED,C61,4074,first,loss,S11,75
c61_anchor_followup,COMBINED,C61,4075,second,loss,S11,76
c61_anchor_followup,COMBINED,C61,4076,first,loss,S11,77
c61_anchor_followup,COMBINED,C61,4077,second,loss,S11,78
c61_anchor_followup,COMBINED,C61,4078,first,loss,S11,79
c61_anchor_followup,COMBINED,C61,4079,second,loss,S11,80
c61_anchor_followup,COMBINED,C61,4080,first,loss,S11,81
c61_anchor_followup,COMBINED,C61,4081,second,loss,S11,82
c61_anchor_followup,COMBINED,C61,4082,first,loss,S11,84
c61_anchor_followup,COMBINED,C61,4083,second,win,S11,83
c61_anchor_followup,COMBINED,C61,4084,first,win,S11,85
c61_anchor_followup,COMBINED,C61,4085,second,loss,S11,86
c61_anchor_followup,COMBINED,C61,4086,first,win,S11,87
c61_anchor_followup,COMBINED,C61,4087,second,loss,S11,88
c61_anchor_followup,COMBINED,C61,4088,first,win,S11,89
c61_anchor_followup,COMBINED,C61,4089,second,loss,S11,90
c61_anchor_followup,COMBINED,C61,4090,first,loss,S11,91
c61_anchor_followup,COMBINED,C61,4091,second,win,S11,93
c61_anchor_followup,COMBINED,C61,4092,first,loss,S11,92
c61_anchor_followup,COMBINED,C61,4093,second,win,S11,94
c61_anchor_followup,COMBINED,C61,4094,first,loss,S11,95
c61_anchor_followup,COMBINED,C61,4095,second,win,S11,96
c61_anchor_followup,COMBINED,C61,4096,first,win,S11,97
c61_anchor_followup,COMBINED,C61,4097,second,win,S11,99
c61_anchor_followup,COMBINED,C61,4098,first,win,S11,98
c61_anchor_followup,COMBINED,C61,4099,second,loss,S11,100
c61_anchor_followup,COMBINED,C61,4100,first,win,S11,101
c61_anchor_followup,COMBINED,C61,4101,second,win,S11,102
c61_anchor_followup,COMBINED,C61,4102,first,loss,S11,103
c61_anchor_followup,COMBINED,C61,4103,second,win,S11,104
c61_anchor_followup,COMBINED,C61,4104,first,win,S11,105
c61_anchor_followup,COMBINED,C61,4105,second,loss,S11,106
c61_anchor_followup,COMBINED,C61,4106,first,loss,S11,107
c61_anchor_followup,COMBINED,C61,4107,second,loss,S11,108
c61_anchor_followup,COMBINED,C61,4108,first,win,S11,109
c61_anchor_followup,COMBINED,C61,4109,second,win,S11,110
c61_anchor_followup,COMBINED,C61,4110,first,loss,S11,111
c61_anchor_followup,COMBINED,C61,4111,second,loss,S11,112
c61_anchor_followup,COMBINED,C61,4112,first,win,S11,113
c61_anchor_followup,COMBINED,C61,4113,second,loss,S11,114
c61_anchor_followup,COMBINED,C61,4114,first,loss,S11,115
c61_anchor_followup,COMBINED,C61,4115,second,loss,S11,116
c61_anchor_followup,COMBINED,C61,4116,first,win,S11,118
c61_anchor_followup,COMBINED,C61,4117,second,win,S11,117
c61_anchor_followup,COMBINED,C61,4118,first,win,S11,120
c61_anchor_followup,COMBINED,C61,4119,second,win,S11,119
c61_anchor_followup,COMBINED,C61,4120,first,win,S11,121
c61_anchor_followup,COMBINED,C61,4121,second,loss,S11,122
c61_anchor_followup,COMBINED,C61,4122,first,loss,S11,124
c61_anchor_followup,COMBINED,C61,4123,second,loss,S11,123
c61_anchor_followup,COMBINED,C61,4124,first,loss,S11,125
c61_anchor_followup,COMBINED,C61,4125,second,win,S11,126
c61_anchor_followup,COMBINED,C61,4126,first,loss,S11,127
c61_anchor_followup,COMBINED,C61,4127,second,loss,S11,130
c61_anchor_followup,COMBINED,C61,4128,first,win,S11,128
c61_anchor_followup,COMBINED,C61,4129,second,win,S11,129
c61_anchor_followup,COMBINED,C61,4130,first,win,S11,131
c61_anchor_followup,COMBINED,C61,4131,second,win,S11,133
c61_anchor_followup,COMBINED,C61,4132,first,loss,S11,132
c61_anchor_followup,COMBINED,C61,4133,second,win,S11,134
c61_anchor_followup,COMBINED,C61,4134,first,win,S11,135
c61_anchor_followup,COMBINED,C61,4135,second,loss,S11,136
c61_anchor_followup,COMBINED,C61,4136,first,win,S11,137
c61_anchor_followup,COMBINED,C61,4137,second,win,S11,138
c61_anchor_followup,COMBINED,C61,4138,first,win,S11,139
c61_anchor_followup,COMBINED,C61,4139,second,loss,S11,140
c61_anchor_followup,COMBINED,C61,4140,first,loss,S11,141
c61_anchor_followup,COMBINED,C61,4141,second,loss,S11,142
c61_anchor_followup,COMBINED,C61,4142,first,loss,S11,143
c61_anchor_followup,COMBINED,C61,4143,second,win,S11,144
c61_anchor_followup,COMBINED,C61,4144,first,loss,S11,145
c61_anchor_followup,COMBINED,C61,4145,second,loss,S11,146
c61_anchor_followup,COMBINED,C61,4146,first,loss,S11,147
c61_anchor_followup,COMBINED,C61,4147,second,win,S11,149
c61_anchor_followup,COMBINED,C61,4148,first,win,S11,148
c61_anchor_followup,COMBINED,C61,4149,second,win,S11,151
c61_anchor_followup,COMBINED,C61,4150,first,loss,S11,150
c61_anchor_followup,COMBINED,C61,4151,second,loss,S11,152
c61_anchor_followup,COMBINED,C61,4152,first,win,S11,153
c61_anchor_followup,COMBINED,C61,4153,second,loss,S11,154
c61_anchor_followup,COMBINED,C61,4154,first,win,S11,155
c61_anchor_followup,COMBINED,C61,4155,second,loss,S11,156
c61_anchor_followup,COMBINED,C61,4156,first,win,S11,157
c61_anchor_followup,COMBINED,C61,4157,second,loss,S11,159
c61_anchor_followup,COMBINED,C61,4158,first,loss,S11,158
c61_anchor_followup,COMBINED,C61,4159,second,loss,S11,160
c61_anchor_followup,COMBINED,C61,4160,first,loss,S11,162
c61_anchor_followup,COMBINED,C61,4161,second,win,S11,161
c61_anchor_followup,COMBINED,C61,4162,first,win,S11,163
c61_anchor_followup,COMBINED,C61,4163,second,loss,S11,164
c61_anchor_followup,COMBINED,C61,4164,first,loss,S11,165
c61_anchor_followup,COMBINED,C61,4165,second,loss,S11,166
c61_anchor_followup,COMBINED,C61,4166,first,win,S11,167
c61_anchor_followup,COMBINED,C61,4167,second,win,S11,168
c61_anchor_followup,COMBINED,C61,4168,first,win,S11,169
c61_anchor_followup,COMBINED,C61,4169,second,loss,S11,170
c61_anchor_followup,COMBINED,C61,4170,first,loss,S11,171
c61_anchor_followup,COMBINED,C61,4171,second,win,S11,172
c61_anchor_followup,COMBINED,C61,4172,first,win,S11,173
c61_anchor_followup,COMBINED,C61,4173,second,win,S11,174
c61_anchor_followup,COMBINED,C61,4174,first,win,S11,175
c61_anchor_followup,COMBINED,C61,4175,second,loss,S11,176
c61_anchor_followup,COMBINED,C61,4176,first,win,S11,178
c61_anchor_followup,COMBINED,C61,4177,second,win,S11,177
c61_anchor_followup,COMBINED,C61,4178,first,loss,S11,179
c61_anchor_followup,COMBINED,C61,4179,second,loss,S11,180
c61_anchor_followup,COMBINED,C61,4180,first,win,S11,181
c61_anchor_followup,COMBINED,C61,4181,second,loss,S11,182
c61_anchor_followup,COMBINED,C61,4182,first,loss,S11,184
c61_anchor_followup,COMBINED,C61,4183,second,loss,S11,183
c61_anchor_followup,COMBINED,C61,4184,first,win,S11,185
c61_anchor_followup,COMBINED,C61,4185,second,win,S11,186
c61_anchor_followup,COMBINED,C61,4186,first,win,S11,187
c61_anchor_followup,COMBINED,C61,4187,second,loss,S11,188
c61_anchor_followup,COMBINED,C61,4188,first,loss,S11,189
c61_anchor_followup,COMBINED,C61,4189,second,loss,S11,190
c61_anchor_followup,COMBINED,C61,4190,first,loss,S11,191
c61_anchor_followup,COMBINED,C61,4191,second,loss,S11,192
c61_anchor_followup,COMBINED,C61,4192,first,win,S11,193
c61_anchor_followup,COMBINED,C61,4193,second,loss,S11,194
c61_anchor_followup,COMBINED,C61,4194,first,win,S11,195
c61_anchor_followup,COMBINED,C61,4195,second,loss,S11,196
c61_anchor_followup,COMBINED,C61,4196,first,win,S11,198
c61_anchor_followup,COMBINED,C61,4197,second,win,S11,197
c61_anchor_followup,COMBINED,C61,4198,first,loss,S11,200
c61_anchor_followup,COMBINED,C61,4199,second,win,S11,199
c61_anchor_followup,COMBINED,C61,4200,first,loss,S11,201
c61_anchor_followup,COMBINED,C61,4201,second,loss,S11,203
c61_anchor_followup,COMBINED,C61,4202,first,win,S11,202
c61_anchor_followup,COMBINED,C61,4203,second,loss,S11,205
c61_anchor_followup,COMBINED,C61,4204,first,win,S11,204
c61_anchor_followup,COMBINED,C61,4205,second,loss,S11,206
c61_anchor_followup,COMBINED,C61,4206,first,win,S11,207
c61_anchor_followup,COMBINED,C61,4207,second,loss,S11,209
c61_anchor_followup,COMBINED,C61,4208,first,win,S11,208
c61_anchor_followup,COMBINED,C61,4209,second,win,S11,210
c61_anchor_followup,COMBINED,C61,4210,first,win,S11,211
c61_anchor_followup,COMBINED,C61,4211,second,loss,S11,212
c61_anchor_followup,COMBINED,C61,4212,first,win,S11,213
c61_anchor_followup,COMBINED,C61,4213,second,loss,S11,214
c61_anchor_followup,COMBINED,C61,4214,first,loss,S11,215
c61_anchor_followup,COMBINED,C61,4215,second,win,S11,216
c61_anchor_followup,COMBINED,C61,4216,first,loss,S11,217
c61_anchor_followup,COMBINED,C61,4217,second,win,S11,218
c61_anchor_followup,COMBINED,C61,4218,first,win,S11,219
c61_anchor_followup,COMBINED,C61,4219,second,loss,S11,220
c61_anchor_followup,COMBINED,C61,4220,first,loss,S11,222
c61_anchor_followup,COMBINED,C61,4221,second,loss,S11,221
c61_anchor_followup,COMBINED,C61,4222,first,loss,S11,224
c61_anchor_followup,COMBINED,C61,4223,second,loss,S11,223
c61_anchor_followup,COMBINED,C61,4224,first,win,S11,225
c61_anchor_followup,COMBINED,C61,4225,second,win,S11,226
c61_anchor_followup,COMBINED,C61,4226,first,win,S11,227
c61_anchor_followup,COMBINED,C61,4227,second,win,S11,228
c61_anchor_followup,COMBINED,C61,4228,first,loss,S11,229
c61_anchor_followup,COMBINED,C61,4229,second,loss,S11,230
c61_anchor_followup,COMBINED,C61,4230,first,loss,S11,232
c61_anchor_followup,COMBINED,C61,4231,second,win,S11,231
c61_anchor_followup,COMBINED,C61,4232,first,loss,S11,234
c61_anchor_followup,COMBINED,C61,4233,second,win,S11,233
c61_anchor_followup,COMBINED,C61,4234,first,loss,S11,236
c61_anchor_followup,COMBINED,C61,4235,second,loss,S11,235
c61_anchor_followup,COMBINED,C61,4236,first,loss,S11,237
c61_anchor_followup,COMBINED,C61,4237,second,loss,S11,238
c61_anchor_followup,COMBINED,C61,4238,first,loss,S11,239
c61_anchor_followup,COMBINED,C61,4239,second,win,S11,240
c61_anchor_followup,COMBINED,C61,4240,first,loss,S11,244
c61_anchor_followup,COMBINED,C61,4241,second,loss,S11,241
c61_anchor_followup,COMBINED,C61,4242,first,win,S11,242
c61_anchor_followup,COMBINED,C61,4243,second,win,S11,243
c61_anchor_followup,COMBINED,C61,4244,first,loss,S11,245
c61_anchor_followup,COMBINED,C61,4245,second,loss,S11,246
c61_anchor_followup,COMBINED,C61,4246,first,loss,S11,247
c61_anchor_followup,COMBINED,C61,4247,second,win,S11,248
c61_anchor_followup,COMBINED,C61,4248,first,win,S11,249
c61_anchor_followup,COMBINED,C61,4249,second,win,S11,250
c61_anchor_followup,COMBINED,C61,4250,first,win,S11,251
c61_anchor_followup,COMBINED,C61,4251,second,loss,S11,252
c61_anchor_followup,COMBINED,C61,4252,first,loss,S11,254
c61_anchor_followup,COMBINED,C61,4253,second,win,S11,253
c61_anchor_followup,COMBINED,C61,4254,first,loss,S11,255
c61_anchor_followup,COMBINED,C61,4255,second,win,S11,256
c61_anchor_followup,COMBINED,C61,4256,first,win,S11,257
c61_anchor_followup,COMBINED,C61,4257,second,loss,S11,258
c61_anchor_followup,COMBINED,C61,4258,first,win,S11,259
c61_anchor_followup,COMBINED,C61,4259,second,loss,S11,260
c61_anchor_followup,COMBINED,C61,4260,first,loss,S11,262
c61_anchor_followup,COMBINED,C61,4261,second,win,S11,261
c61_anchor_followup,COMBINED,C61,4262,first,win,S11,264
c61_anchor_followup,COMBINED,C61,4263,second,win,S11,263
c61_anchor_followup,COMBINED,C61,4264,first,win,S11,265
c61_anchor_followup,COMBINED,C61,4265,second,win,S11,266
c61_anchor_followup,COMBINED,C61,4266,first,win,S11,267
c61_anchor_followup,COMBINED,C61,4267,second,win,S11,269
c61_anchor_followup,COMBINED,C61,4268,first,win,S11,268
c61_anchor_followup,COMBINED,C61,4269,second,loss,S11,270
c61_anchor_followup,COMBINED,C61,4270,first,win,S11,271
c61_anchor_followup,COMBINED,C61,4271,second,loss,S11,272
c61_anchor_followup,COMBINED,C61,4272,first,win,S11,273
c61_anchor_followup,COMBINED,C61,4273,second,loss,S11,274
c61_anchor_followup,COMBINED,C61,4274,first,loss,S11,275
c61_anchor_followup,COMBINED,C61,4275,second,loss,S11,276
c61_anchor_followup,COMBINED,C61,4276,first,win,S11,277
c61_anchor_followup,COMBINED,C61,4277,second,loss,S11,278
c61_anchor_followup,COMBINED,C61,4278,first,loss,S11,279
c61_anchor_followup,COMBINED,C61,4279,second,win,S11,280
c61_anchor_followup,COMBINED,C61,4280,first,win,S11,281
c61_anchor_followup,COMBINED,C61,4281,second,loss,S11,282
c61_anchor_followup,COMBINED,C61,4282,first,loss,S11,283
c61_anchor_followup,COMBINED,C61,4283,second,loss,S11,284
c61_anchor_followup,COMBINED,C61,4284,first,win,S11,286
c61_anchor_followup,COMBINED,C61,4285,second,loss,S11,285
c61_anchor_followup,COMBINED,C61,4286,first,loss,S11,288
c61_anchor_followup,COMBINED,C61,4287,second,loss,S11,287
c61_anchor_followup,COMBINED,C61,4288,first,win,S11,289
c61_anchor_followup,COMBINED,C61,4289,second,win,S11,290
c61_anchor_followup,COMBINED,C61,4290,first,loss,S11,291
c61_anchor_followup,COMBINED,C61,4291,second,win,S11,292
c61_anchor_followup,COMBINED,C61,4292,first,loss,S11,294
c61_anchor_followup,COMBINED,C61,4293,second,win,S11,293
c61_anchor_followup,COMBINED,C61,4294,first,loss,S11,296
c61_anchor_followup,COMBINED,C61,4295,second,loss,S11,295
c61_anchor_followup,COMBINED,C61,4296,first,win,S11,297
c61_anchor_followup,COMBINED,C61,4297,second,loss,S11,299
c61_anchor_followup,COMBINED,C61,4298,first,win,S11,298
c61_anchor_followup,COMBINED,C61,4299,second,loss,S11,300
c61_anchor_followup,COMBINED,C61,4300,first,loss,S11,301
c61_anchor_followup,COMBINED,C61,4301,second,win,S11,302
c61_anchor_followup,COMBINED,C61,4302,first,win,S11,303
c61_anchor_followup,COMBINED,C61,4303,second,win,S11,305
c61_anchor_followup,COMBINED,C61,4304,first,win,S11,304
c61_anchor_followup,COMBINED,C61,4305,second,win,S11,306
c61_anchor_followup,COMBINED,C61,4306,first,win,S11,308
c61_anchor_followup,COMBINED,C61,4307,second,win,S11,307
c61_anchor_followup,COMBINED,C61,4308,first,win,S11,310
c61_anchor_followup,COMBINED,C61,4309,second,win,S11,309
c61_anchor_followup,COMBINED,C61,4310,first,win,S11,311
c61_anchor_followup,COMBINED,C61,4311,second,loss,S11,312
c61_anchor_followup,COMBINED,C61,4312,first,loss,S11,314
c61_anchor_followup,COMBINED,C61,4313,second,win,S11,313
c61_anchor_followup,COMBINED,C61,4314,first,loss,S11,315
c61_anchor_followup,COMBINED,C61,4315,second,loss,S11,316
c61_anchor_followup,COMBINED,C61,4316,first,loss,S11,318
c61_anchor_followup,COMBINED,C61,4317,second,loss,S11,317
c61_anchor_followup,COMBINED,C61,4318,first,win,S11,319
c61_anchor_followup,COMBINED,C61,4319,second,loss,S11,320
c61_anchor_followup,COMBINED,C61,4320,first,loss,S11,321
c61_anchor_followup,COMBINED,C61,4321,second,loss,S11,322
c61_anchor_followup,COMBINED,C61,4322,first,win,S11,323
c61_anchor_followup,COMBINED,C61,4323,second,loss,S11,325
c61_anchor_followup,COMBINED,C61,4324,first,win,S11,324
c61_anchor_followup,COMBINED,C61,4325,second,win,S11,326
c61_anchor_followup,COMBINED,C61,4326,first,loss,S11,327
c61_anchor_followup,COMBINED,C61,4327,second,loss,S11,329
c61_anchor_followup,COMBINED,C61,4328,first,win,S11,328
c61_anchor_followup,COMBINED,C61,4329,second,loss,S11,330
c61_anchor_followup,COMBINED,C61,4330,first,loss,S11,331
c61_anchor_followup,COMBINED,C61,4331,second,loss,S11,332
c61_anchor_followup,COMBINED,C61,4332,first,loss,S11,333
c61_anchor_followup,COMBINED,C61,4333,second,loss,S11,334
c61_anchor_followup,COMBINED,C61,4334,first,loss,S11,336
c61_anchor_followup,COMBINED,C61,4335,second,win,S11,335
c61_anchor_followup,COMBINED,C61,4336,first,win,S11,337
c61_anchor_followup,COMBINED,C61,4337,second,win,S11,339
c61_anchor_followup,COMBINED,C61,4338,first,loss,S11,338
c61_anchor_followup,COMBINED,C61,4339,second,win,S11,340
c61_anchor_followup,COMBINED,C61,4340,first,loss,S11,342
c61_anchor_followup,COMBINED,C61,4341,second,loss,S11,341
c61_anchor_followup,COMBINED,C61,4342,first,win,S11,343
c61_anchor_followup,COMBINED,C61,4343,second,win,S11,344
c61_anchor_followup,COMBINED,C61,4344,first,win,S11,345
c61_anchor_followup,COMBINED,C61,4345,second,loss,S11,346
c61_anchor_followup,COMBINED,C61,4346,first,loss,S11,347
c61_anchor_followup,COMBINED,C61,4347,second,win,S11,348
c61_anchor_followup,COMBINED,C61,4348,first,loss,S11,350
c61_anchor_followup,COMBINED,C61,4349,second,win,S11,349
c61_anchor_followup,COMBINED,C61,4350,first,win,S11,351
c61_anchor_followup,COMBINED,C61,4351,second,loss,S11,352
c61_anchor_followup,COMBINED,C61,4352,first,loss,S11,353
c61_anchor_followup,COMBINED,C61,4353,second,win,S11,354
c61_anchor_followup,COMBINED,C61,4354,first,loss,S11,356
c61_anchor_followup,COMBINED,C61,4355,second,win,S11,355
c61_anchor_followup,COMBINED,C61,4356,first,loss,S11,357
c61_anchor_followup,COMBINED,C61,4357,second,win,S11,358
c61_anchor_followup,COMBINED,C61,4358,first,win,S11,359
c61_anchor_followup,COMBINED,C61,4359,second,loss,S11,360
c61_anchor_followup,COMBINED,C61,4360,first,win,S11,361
c61_anchor_followup,COMBINED,C61,4361,second,loss,S11,362
c61_anchor_followup,COMBINED,C61,4362,first,loss,S11,363
c61_anchor_followup,COMBINED,C61,4363,second,loss,S11,364
c61_anchor_followup,COMBINED,C61,4364,first,loss,S11,365
c61_anchor_followup,COMBINED,C61,4365,second,loss,S11,366
c61_anchor_followup,COMBINED,C61,4366,first,loss,S11,367
c61_anchor_followup,COMBINED,C61,4367,second,draw,S11,368
c61_anchor_followup,COMBINED,C61,4368,first,win,S11,370
c61_anchor_followup,COMBINED,C61,4369,second,win,S11,369
c61_anchor_followup,COMBINED,C61,4370,first,loss,S11,372
c61_anchor_followup,COMBINED,C61,4371,second,loss,S11,371
c61_anchor_followup,COMBINED,C61,4372,first,loss,S11,373
c61_anchor_followup,COMBINED,C61,4373,second,win,S11,374
c61_anchor_followup,COMBINED,C61,4374,first,loss,S11,376
c61_anchor_followup,COMBINED,C61,4375,second,win,S11,375
c61_anchor_followup,COMBINED,C61,4376,first,win,S11,377
c61_anchor_followup,COMBINED,C61,4377,second,win,S11,378
c61_anchor_followup,COMBINED,C61,4378,first,loss,S11,379
c61_anchor_followup,COMBINED,C61,4379,second,loss,S11,380
c61_anchor_followup,COMBINED,C61,4380,first,loss,S11,381
c61_anchor_followup,COMBINED,C61,4381,second,loss,S11,383
c61_anchor_followup,COMBINED,C61,4382,first,loss,S11,382
c61_anchor_followup,COMBINED,C61,4383,second,win,S11,384
c61_anchor_followup,COMBINED,C61,4384,first,loss,S11,386
c61_anchor_followup,COMBINED,C61,4385,second,loss,S11,385
c61_anchor_followup,COMBINED,C61,4386,first,loss,S11,387
c61_anchor_followup,COMBINED,C61,4387,second,loss,S11,388
c61_anchor_followup,COMBINED,C61,4388,first,loss,S11,390
c61_anchor_followup,COMBINED,C61,4389,second,loss,S11,389
c61_anchor_followup,COMBINED,C61,4390,first,loss,S11,392
c61_anchor_followup,COMBINED,C61,4391,second,loss,S11,391
c61_anchor_followup,COMBINED,C61,4392,first,loss,S11,393
c61_anchor_followup,COMBINED,C61,4393,second,loss,S11,394
c61_anchor_followup,COMBINED,C61,4394,first,win,S11,395
c61_anchor_followup,COMBINED,C61,4395,second,loss,S11,396
c61_anchor_followup,COMBINED,C61,4396,first,win,S11,397
c61_anchor_followup,COMBINED,C61,4397,second,loss,S11,398
c61_anchor_followup,COMBINED,C61,4398,first,win,S11,399
c61_anchor_followup,COMBINED,C61,4399,second,win,S11,400
c61_anchor_followup,COMBINED,C61,4400,first,loss,S11,401
c61_anchor_followup,COMBINED,C61,4401,second,loss,S11,402
c61_anchor_followup,COMBINED,C61,4402,first,loss,S11,404
c61_anchor_followup,COMBINED,C61,4403,second,loss,S11,403
c61_anchor_followup,COMBINED,C61,4404,first,win,S11,405
c61_anchor_followup,COMBINED,C61,4405,second,loss,S11,406
c61_anchor_followup,COMBINED,C61,4406,first,loss,S11,407
c61_anchor_followup,COMBINED,C61,4407,second,loss,S11,408
c61_anchor_followup,COMBINED,C61,4408,first,loss,S11,410
c61_anchor_followup,COMBINED,C61,4409,second,loss,S11,409
c61_anchor_followup,COMBINED,C61,4410,first,win,S11,411
c61_anchor_followup,COMBINED,C61,4411,second,win,S11,412
c61_anchor_followup,COMBINED,C61,4412,first,win,S11,413
c61_anchor_followup,COMBINED,C61,4413,second,win,S11,415
c61_anchor_followup,COMBINED,C61,4414,first,win,S11,414
c61_anchor_followup,COMBINED,C61,4415,second,loss,S11,417
c61_anchor_followup,COMBINED,C61,4416,first,loss,S11,416
c61_anchor_followup,COMBINED,C61,4417,second,win,S11,418
c61_anchor_followup,COMBINED,C61,4418,first,win,S11,419
c61_anchor_followup,COMBINED,C61,4419,second,win,S11,420
c61_anchor_followup,COMBINED,C61,4420,first,loss,S11,422
c61_anchor_followup,COMBINED,C61,4421,second,loss,S11,421
c61_anchor_followup,COMBINED,C61,4422,first,loss,S11,424
c61_anchor_followup,COMBINED,C61,4423,second,loss,S11,423
c61_anchor_followup,COMBINED,C61,4424,first,loss,S11,425
c61_anchor_followup,COMBINED,C61,4425,second,win,S11,426
c61_anchor_followup,COMBINED,C61,4426,first,win,S11,428
c61_anchor_followup,COMBINED,C61,4427,second,win,S11,427
c61_anchor_followup,COMBINED,C61,4428,first,loss,S11,429
c61_anchor_followup,COMBINED,C61,4429,second,loss,S11,430
c61_anchor_followup,COMBINED,C61,4430,first,win,S11,431
c61_anchor_followup,COMBINED,C61,4431,second,win,S11,433
c61_anchor_followup,COMBINED,C61,4432,first,win,S11,432
c61_anchor_followup,COMBINED,C61,4433,second,loss,S11,434
c61_anchor_followup,COMBINED,C61,4434,first,loss,S11,436
c61_anchor_followup,COMBINED,C61,4435,second,win,S11,435
c61_anchor_followup,COMBINED,C61,4436,first,loss,S11,438
c61_anchor_followup,COMBINED,C61,4437,second,win,S11,437
c61_anchor_followup,COMBINED,C61,4438,first,win,S11,439
c61_anchor_followup,COMBINED,C61,4439,second,win,S11,441
c61_anchor_followup,COMBINED,C61,4440,first,loss,S11,440
c61_anchor_followup,COMBINED,C61,4441,second,win,S11,443
c61_anchor_followup,COMBINED,C61,4442,first,loss,S11,442
c61_anchor_followup,COMBINED,C61,4443,second,loss,S11,445
c61_anchor_followup,COMBINED,C61,4444,first,loss,S11,444
c61_anchor_followup,COMBINED,C61,4445,second,win,S11,446
c61_anchor_followup,COMBINED,C61,4446,first,win,S11,447
c61_anchor_followup,COMBINED,C61,4447,second,win,S11,448
c61_anchor_followup,COMBINED,C61,4448,first,loss,S11,450
c61_anchor_followup,COMBINED,C61,4449,second,win,S11,449
c61_anchor_followup,COMBINED,C61,4450,first,loss,S11,452
c61_anchor_followup,COMBINED,C61,4451,second,loss,S11,451
c61_anchor_followup,COMBINED,C61,4452,first,win,S11,454
c61_anchor_followup,COMBINED,C61,4453,second,win,S11,453
c61_anchor_followup,COMBINED,C61,4454,first,win,S11,456
c61_anchor_followup,COMBINED,C61,4455,second,loss,S11,455
c61_anchor_followup,COMBINED,C61,4456,first,win,S11,457
c61_anchor_followup,COMBINED,C61,4457,second,win,S11,458
c61_anchor_followup,COMBINED,C61,4458,first,win,S11,459
c61_anchor_followup,COMBINED,C61,4459,second,loss,S11,460
c61_anchor_followup,COMBINED,C61,4460,first,win,S11,461
c61_anchor_followup,COMBINED,C61,4461,second,win,S11,462
c61_anchor_followup,COMBINED,C61,4462,first,win,S11,463
c61_anchor_followup,COMBINED,C61,4463,second,loss,S11,464
c61_anchor_followup,COMBINED,C61,4464,first,loss,S11,465
c61_anchor_followup,COMBINED,C61,4465,second,loss,S11,466
c61_anchor_followup,COMBINED,C61,4466,first,loss,S11,467
c61_anchor_followup,COMBINED,C61,4467,second,loss,S11,468
c61_anchor_followup,COMBINED,C61,4468,first,loss,S11,469
c61_anchor_followup,COMBINED,C61,4469,second,loss,S11,470
c61_anchor_followup,COMBINED,C61,4470,first,win,S11,471
c61_anchor_followup,COMBINED,C61,4471,second,loss,S11,472
c61_anchor_followup,COMBINED,C61,4472,first,loss,S11,473
c61_anchor_followup,COMBINED,C61,4473,second,loss,S11,474
c61_anchor_followup,COMBINED,C61,4474,first,loss,S11,475
c61_anchor_followup,COMBINED,C61,4475,second,win,S11,476
c61_anchor_followup,COMBINED,C61,4476,first,win,S11,478
c61_anchor_followup,COMBINED,C61,4477,second,loss,S11,477
c61_anchor_followup,COMBINED,C61,4478,first,loss,S11,479
c61_anchor_followup,COMBINED,C61,4479,second,loss,S11,480
c61_anchor_followup,COMBINED,C61,4480,first,loss,S11,481
c61_anchor_followup,COMBINED,C61,4481,second,loss,S11,482
c61_anchor_followup,COMBINED,C61,4482,first,win,S11,483
c61_anchor_followup,COMBINED,C61,4483,second,win,S11,484
c61_anchor_followup,COMBINED,C61,4484,first,loss,S11,485
c61_anchor_followup,COMBINED,C61,4485,second,loss,S11,486
c61_anchor_followup,COMBINED,C61,4486,first,win,S11,487
c61_anchor_followup,COMBINED,C61,4487,second,loss,S11,488
c61_anchor_followup,COMBINED,C61,4488,first,loss,S11,489
c61_anchor_followup,COMBINED,C61,4489,second,win,S11,490
c61_anchor_followup,COMBINED,C61,4490,first,loss,S11,492
c61_anchor_followup,COMBINED,C61,4491,second,loss,S11,491
c61_anchor_followup,COMBINED,C61,4492,first,win,S11,493
c61_anchor_followup,COMBINED,C61,4493,second,loss,S11,494
c61_anchor_followup,COMBINED,C61,4494,first,loss,S11,495
c61_anchor_followup,COMBINED,C61,4495,second,loss,S11,497
c61_anchor_followup,COMBINED,C61,4496,first,loss,S11,496
c61_anchor_followup,COMBINED,C61,4497,second,loss,S11,499
c61_anchor_followup,COMBINED,C61,4498,first,loss,S11,498
c61_anchor_followup,COMBINED,C61,4499,second,win,S11,500
c61_anchor_followup,COMBINED,C61,4500,first,win,S11,501
c61_anchor_followup,COMBINED,C61,4501,second,win,S11,502
c61_anchor_followup,COMBINED,C61,4502,first,loss,S11,503
c61_anchor_followup,COMBINED,C61,4503,second,loss,S11,504
c61_anchor_followup,COMBINED,C61,4504,first,loss,S11,506
c61_anchor_followup,COMBINED,C61,4505,second,win,S11,505
c61_anchor_followup,COMBINED,C61,4506,first,loss,S11,507
c61_anchor_followup,COMBINED,C61,4507,second,loss,S11,508
c61_anchor_followup,COMBINED,C61,4508,first,loss,S11,510
c61_anchor_followup,COMBINED,C61,4509,second,loss,S11,509
c61_anchor_followup,COMBINED,C61,4510,first,loss,S11,511
c61_anchor_followup,COMBINED,C61,4511,second,win,S11,512
c61_anchor_followup,COMBINED,C61,4512,first,loss,S11,513
c61_anchor_followup,COMBINED,C61,4513,second,loss,S11,514
c61_anchor_followup,COMBINED,C61,4514,first,loss,S11,516
c61_anchor_followup,COMBINED,C61,4515,second,win,S11,515
c61_anchor_followup,COMBINED,C61,4516,first,loss,S11,517
c61_anchor_followup,COMBINED,C61,4517,second,loss,S11,518
c61_anchor_followup,COMBINED,C61,4518,first,win,S11,519
c61_anchor_followup,COMBINED,C61,4519,second,loss,S11,521
c61_anchor_followup,COMBINED,C61,4520,first,win,S11,520
c61_anchor_followup,COMBINED,C61,4521,second,loss,S11,522
c61_anchor_followup,COMBINED,C61,4522,first,win,S11,523
c61_anchor_followup,COMBINED,C61,4523,second,loss,S11,524
c61_anchor_followup,COMBINED,C61,4524,first,loss,S11,525
c61_anchor_followup,COMBINED,C61,4525,second,loss,S11,526
c61_anchor_followup,COMBINED,C61,4526,first,loss,S11,527
c61_anchor_followup,COMBINED,C61,4527,second,loss,S11,528
c61_anchor_followup,COMBINED,C61,4528,first,loss,S11,529
c61_anchor_followup,COMBINED,C61,4529,second,win,S11,530
c61_anchor_followup,COMBINED,C61,4530,first,loss,S11,531
c61_anchor_followup,COMBINED,C61,4531,second,loss,S11,532
c61_anchor_followup,COMBINED,C61,4532,first,win,S11,533
c61_anchor_followup,COMBINED,C61,4533,second,win,S11,534
c61_anchor_followup,COMBINED,C61,4534,first,loss,S11,535
c61_anchor_followup,COMBINED,C61,4535,second,win,S11,536
c61_anchor_followup,COMBINED,C61,4536,first,win,S11,537
c61_anchor_followup,COMBINED,C61,4537,second,loss,S11,538
c61_anchor_followup,COMBINED,C61,4538,first,win,S11,540
c61_anchor_followup,COMBINED,C61,4539,second,win,S11,539
c61_anchor_followup,COMBINED,C61,4540,first,win,S11,541
c61_anchor_followup,COMBINED,C61,4541,second,loss,S11,542
c61_anchor_followup,COMBINED,C61,4542,first,loss,S11,543
c61_anchor_followup,COMBINED,C61,4543,second,loss,S11,544
c61_anchor_followup,COMBINED,C61,4544,first,loss,S11,545
c61_anchor_followup,COMBINED,C61,4545,second,loss,S11,547
c61_anchor_followup,COMBINED,C61,4546,first,loss,S11,546
c61_anchor_followup,COMBINED,C61,4547,second,loss,S11,548
c61_anchor_followup,COMBINED,C61,4548,first,loss,S11,549
c61_anchor_followup,COMBINED,C61,4549,second,win,S11,551
c61_anchor_followup,COMBINED,C61,4550,first,win,S11,550
c61_anchor_followup,COMBINED,C61,4551,second,loss,S11,553
c61_anchor_followup,COMBINED,C61,4552,first,loss,S11,552
c61_anchor_followup,COMBINED,C61,4553,second,loss,S11,554
c61_anchor_followup,COMBINED,C61,4554,first,win,S11,555
c61_anchor_followup,COMBINED,C61,4555,second,loss,S11,556
c61_anchor_followup,COMBINED,C61,4556,first,win,S11,557
c61_anchor_followup,COMBINED,C61,4557,second,loss,S11,558
c61_anchor_followup,COMBINED,C61,4558,first,loss,S11,559
c61_anchor_followup,COMBINED,C61,4559,second,loss,S11,560
c61_anchor_followup,COMBINED,C61,4560,first,win,S11,561
c61_anchor_followup,COMBINED,C61,4561,second,loss,S11,562
c61_anchor_followup,COMBINED,C61,4562,first,loss,S11,563
c61_anchor_followup,COMBINED,C61,4563,second,loss,S11,564
c61_anchor_followup,COMBINED,C61,4564,first,win,S11,566
c61_anchor_followup,COMBINED,C61,4565,second,loss,S11,565
c61_anchor_followup,COMBINED,C61,4566,first,loss,S11,567
c61_anchor_followup,COMBINED,C61,4567,second,loss,S11,568
c61_anchor_followup,COMBINED,C61,4568,first,win,S11,569
c61_anchor_followup,COMBINED,C61,4569,second,loss,S11,570
c61_anchor_followup,COMBINED,C61,4570,first,win,S11,571
c61_anchor_followup,COMBINED,C61,4571,second,win,S11,572
c61_anchor_followup,COMBINED,C61,4572,first,win,S11,573
c61_anchor_followup,COMBINED,C61,4573,second,loss,S11,574
c61_anchor_followup,COMBINED,C61,4574,first,loss,S11,575
c61_anchor_followup,COMBINED,C61,4575,second,loss,S11,577
c61_anchor_followup,COMBINED,C61,4576,first,win,S11,576
c61_anchor_followup,COMBINED,C61,4577,second,loss,S11,579
c61_anchor_followup,COMBINED,C61,4578,first,win,S11,578
c61_anchor_followup,COMBINED,C61,4579,second,loss,S11,581
c61_anchor_followup,COMBINED,C61,4580,first,win,S11,580
c61_anchor_followup,COMBINED,C61,4581,second,win,S11,582
c61_anchor_followup,COMBINED,C61,4582,first,loss,S11,583
c61_anchor_followup,COMBINED,C61,4583,second,loss,S11,584
c61_anchor_followup,COMBINED,C61,4584,first,loss,S11,585
c61_anchor_followup,COMBINED,C61,4585,second,loss,S11,586
c61_anchor_followup,COMBINED,C61,4586,first,win,S11,587
c61_anchor_followup,COMBINED,C61,4587,second,loss,S11,588
c61_anchor_followup,COMBINED,C61,4588,first,win,S11,589
c61_anchor_followup,COMBINED,C61,4589,second,win,S11,590
c61_anchor_followup,COMBINED,C61,4590,first,win,S11,591
c61_anchor_followup,COMBINED,C61,4591,second,loss,S11,592
c61_anchor_followup,COMBINED,C61,4592,first,win,S11,593
c61_anchor_followup,COMBINED,C61,4593,second,win,S11,594
c61_anchor_followup,COMBINED,C61,4594,first,loss,S11,595
c61_anchor_followup,COMBINED,C61,4595,second,win,S11,597
c61_anchor_followup,COMBINED,C61,4596,first,win,S11,596
c61_anchor_followup,COMBINED,C61,4597,second,loss,S11,599
c61_anchor_followup,COMBINED,C61,4598,first,win,S11,598
c61_anchor_followup,COMBINED,C61,4599,second,loss,S11,600
c61_anchor_followup,COMBINED,C61,4600,first,loss,S11,601
c61_anchor_followup,COMBINED,C61,4601,second,win,S11,603
c61_anchor_followup,COMBINED,C61,4602,first,loss,S11,602
c61_anchor_followup,COMBINED,C61,4603,second,loss,S11,605
c61_anchor_followup,COMBINED,C61,4604,first,loss,S11,604
c61_anchor_followup,COMBINED,C61,4605,second,win,S11,606
c61_anchor_followup,COMBINED,C61,4606,first,win,S11,607
c61_anchor_followup,COMBINED,C61,4607,second,loss,S11,608
c61_anchor_followup,COMBINED,C61,4608,first,win,S11,609
c61_anchor_followup,COMBINED,C61,4609,second,win,S11,611
c61_anchor_followup,COMBINED,C61,4610,first,win,S11,610
c61_anchor_followup,COMBINED,C61,4611,second,win,S11,612
c61_anchor_followup,COMBINED,C61,4612,first,win,S11,613
c61_anchor_followup,COMBINED,C61,4613,second,loss,S11,614
c61_anchor_followup,COMBINED,C61,4614,first,loss,S11,616
c61_anchor_followup,COMBINED,C61,4615,second,win,S11,615
c61_anchor_followup,COMBINED,C61,4616,first,win,S11,617
c61_anchor_followup,COMBINED,C61,4617,second,loss,S11,619
c61_anchor_followup,COMBINED,C61,4618,first,win,S11,618
c61_anchor_followup,COMBINED,C61,4619,second,win,S11,621
c61_anchor_followup,COMBINED,C61,4620,first,win,S11,620
c61_anchor_followup,COMBINED,C61,4621,second,loss,S11,622
c61_anchor_followup,COMBINED,C61,4622,first,win,S11,623
c61_anchor_followup,COMBINED,C61,4623,second,loss,S11,624
c61_anchor_followup,COMBINED,C61,4624,first,loss,S11,626
c61_anchor_followup,COMBINED,C61,4625,second,win,S11,625
c61_anchor_followup,COMBINED,C61,4626,first,loss,S11,628
c61_anchor_followup,COMBINED,C61,4627,second,win,S11,627
c61_anchor_followup,COMBINED,C61,4628,first,win,S11,630
c61_anchor_followup,COMBINED,C61,4629,second,win,S11,629
c61_anchor_followup,COMBINED,C61,4630,first,loss,S11,631
c61_anchor_followup,COMBINED,C61,4631,second,loss,S11,632
c61_anchor_followup,COMBINED,C61,4632,first,loss,S11,633
c61_anchor_followup,COMBINED,C61,4633,second,win,S11,634
c61_anchor_followup,COMBINED,C61,4634,first,loss,S11,635
c61_anchor_followup,COMBINED,C61,4635,second,loss,S11,636
c61_anchor_followup,COMBINED,C61,4636,first,win,S11,638
c61_anchor_followup,COMBINED,C61,4637,second,loss,S11,637
c61_anchor_followup,COMBINED,C61,4638,first,loss,S11,639
c61_anchor_followup,COMBINED,C61,4639,second,loss,S11,640
c61_anchor_followup,COMBINED,C61,4640,first,win,S11,642
c61_anchor_followup,COMBINED,C61,4641,second,win,S11,641
c61_anchor_followup,COMBINED,C61,4642,first,loss,S11,643
c61_anchor_followup,COMBINED,C61,4643,second,win,S11,644
c61_anchor_followup,COMBINED,C61,4644,first,win,S11,645
c61_anchor_followup,COMBINED,C61,4645,second,loss,S11,646
c61_anchor_followup,COMBINED,C61,4646,first,loss,S11,647
c61_anchor_followup,COMBINED,C61,4647,second,loss,S11,648
c61_anchor_followup,COMBINED,C61,4648,first,loss,S11,650
c61_anchor_followup,COMBINED,C61,4649,second,win,S11,649
c61_anchor_followup,COMBINED,C61,4650,first,win,S11,651
c61_anchor_followup,COMBINED,C61,4651,second,loss,S11,652
c61_anchor_followup,COMBINED,C61,4652,first,win,S11,653
c61_anchor_followup,COMBINED,C61,4653,second,win,S11,654
c61_anchor_followup,COMBINED,C61,4654,first,win,S11,655
c61_anchor_followup,COMBINED,C61,4655,second,win,S11,656
c61_anchor_followup,COMBINED,C61,4656,first,loss,S11,657
c61_anchor_followup,COMBINED,C61,4657,second,win,S11,658
c61_anchor_followup,COMBINED,C61,4658,first,loss,S11,660
c61_anchor_followup,COMBINED,C61,4659,second,loss,S11,659
c61_anchor_followup,COMBINED,C61,4660,first,win,S11,661
c61_anchor_followup,COMBINED,C61,4661,second,win,S11,662
c61_anchor_followup,COMBINED,C61,4662,first,win,S11,663
c61_anchor_followup,COMBINED,C61,4663,second,loss,S11,664
c61_anchor_followup,COMBINED,C61,4664,first,loss,S11,666
c61_anchor_followup,COMBINED,C61,4665,second,loss,S11,665
c61_anchor_followup,COMBINED,C61,4666,first,loss,S11,667
c61_anchor_followup,COMBINED,C61,4667,second,loss,S11,668
c61_anchor_followup,COMBINED,C61,4668,first,win,S11,669
c61_anchor_followup,COMBINED,C61,4669,second,loss,S11,670
c61_anchor_followup,COMBINED,C61,4670,first,win,S11,671
c61_anchor_followup,COMBINED,C61,4671,second,loss,S11,673
c61_anchor_followup,COMBINED,C61,4672,first,win,S11,672
c61_anchor_followup,COMBINED,C61,4673,second,loss,S11,674
c61_anchor_followup,COMBINED,C61,4674,first,loss,S11,675
c61_anchor_followup,COMBINED,C61,4675,second,loss,S11,676
c61_anchor_followup,COMBINED,C61,4676,first,win,S11,677
c61_anchor_followup,COMBINED,C61,4677,second,loss,S11,678
c61_anchor_followup,COMBINED,C61,4678,first,win,S11,679
c61_anchor_followup,COMBINED,C61,4679,second,loss,S11,680
c61_anchor_followup,COMBINED,C61,4680,first,loss,S11,681
c61_anchor_followup,COMBINED,C61,4681,second,loss,S11,682
c61_anchor_followup,COMBINED,C61,4682,first,loss,S11,684
c61_anchor_followup,COMBINED,C61,4683,second,win,S11,683
c61_anchor_followup,COMBINED,C61,4684,first,win,S11,686
c61_anchor_followup,COMBINED,C61,4685,second,loss,S11,685
c61_anchor_followup,COMBINED,C61,4686,first,win,S11,688
c61_anchor_followup,COMBINED,C61,4687,second,loss,S11,687
c61_anchor_followup,COMBINED,C61,4688,first,loss,S11,690
c61_anchor_followup,COMBINED,C61,4689,second,win,S11,689
c61_anchor_followup,COMBINED,C61,4690,first,win,S11,691
c61_anchor_followup,COMBINED,C61,4691,second,loss,S11,692
c61_anchor_followup,COMBINED,C61,4692,first,loss,S11,694
c61_anchor_followup,COMBINED,C61,4693,second,win,S11,693
c61_anchor_followup,COMBINED,C61,4694,first,win,S11,695
c61_anchor_followup,COMBINED,C61,4695,second,loss,S11,696
c61_anchor_followup,COMBINED,C61,4696,first,win,S11,699
c61_anchor_followup,COMBINED,C61,4697,second,loss,S11,697
c61_anchor_followup,COMBINED,C61,4698,first,win,S11,698
c61_anchor_followup,COMBINED,C61,4699,second,loss,S11,700
c61_anchor_followup,COMBINED,C61,4700,first,win,S11,701
c61_anchor_followup,COMBINED,C61,4701,second,loss,S11,702
c61_anchor_followup,COMBINED,C61,4702,first,win,S11,704
c61_anchor_followup,COMBINED,C61,4703,second,win,S11,703
c61_anchor_followup,COMBINED,C61,4704,first,loss,S11,705
c61_anchor_followup,COMBINED,C61,4705,second,win,S11,706
c61_anchor_followup,COMBINED,C61,4706,first,win,S11,707
c61_anchor_followup,COMBINED,C61,4707,second,win,S11,708
c61_anchor_followup,COMBINED,C61,4708,first,win,S11,709
c61_anchor_followup,COMBINED,C61,4709,second,loss,S11,710
c61_anchor_followup,COMBINED,C61,4710,first,loss,S11,712
c61_anchor_followup,COMBINED,C61,4711,second,loss,S11,711
c61_anchor_followup,COMBINED,C61,4712,first,loss,S11,713
c61_anchor_followup,COMBINED,C61,4713,second,loss,S11,714
c61_anchor_followup,COMBINED,C61,4714,first,loss,S11,715
c61_anchor_followup,COMBINED,C61,4715,second,loss,S11,716
c61_anchor_followup,COMBINED,C61,4716,first,loss,S11,718
c61_anchor_followup,COMBINED,C61,4717,second,loss,S11,717
c61_anchor_followup,COMBINED,C61,4718,first,loss,S11,719
c61_anchor_followup,COMBINED,C61,4719,second,win,S11,720
c61_anchor_followup,COMBINED,C61,4720,first,loss,S11,722
c61_anchor_followup,COMBINED,C61,4721,second,loss,S11,721
c61_anchor_followup,COMBINED,C61,4722,first,loss,S11,723
c61_anchor_followup,COMBINED,C61,4723,second,loss,S11,724
c61_anchor_followup,COMBINED,C61,4724,first,win,S11,725
c61_anchor_followup,COMBINED,C61,4725,second,win,S11,727
c61_anchor_followup,COMBINED,C61,4726,first,loss,S11,726
c61_anchor_followup,COMBINED,C61,4727,second,win,S11,729
c61_anchor_followup,COMBINED,C61,4728,first,loss,S11,728
c61_anchor_followup,COMBINED,C61,4729,second,win,S11,730
c61_anchor_followup,COMBINED,C61,4730,first,loss,S11,731
c61_anchor_followup,COMBINED,C61,4731,second,loss,S11,732
c61_anchor_followup,COMBINED,C61,4732,first,loss,S11,733
c61_anchor_followup,COMBINED,C61,4733,second,loss,S11,734
c61_anchor_followup,COMBINED,C61,4734,first,loss,S11,735
c61_anchor_followup,COMBINED,C61,4735,second,win,S11,736
c61_anchor_followup,COMBINED,C61,4736,first,win,S11,737
c61_anchor_followup,COMBINED,C61,4737,second,loss,S11,738
c61_anchor_followup,COMBINED,C61,4738,first,win,S11,739
c61_anchor_followup,COMBINED,C61,4739,second,win,S11,740
c61_anchor_followup,COMBINED,C61,4740,first,loss,S11,742
c61_anchor_followup,COMBINED,C61,4741,second,win,S11,741
c61_anchor_followup,COMBINED,C61,4742,first,win,S11,743
c61_anchor_followup,COMBINED,C61,4743,second,win,S11,744
c61_anchor_followup,COMBINED,C61,4744,first,win,S11,745
c61_anchor_followup,COMBINED,C61,4745,second,loss,S11,746
c61_anchor_followup,COMBINED,C61,4746,first,loss,S11,747
c61_anchor_followup,COMBINED,C61,4747,second,loss,S11,748
c61_anchor_followup,COMBINED,C61,4748,first,loss,S11,749
c61_anchor_followup,COMBINED,C61,4749,second,win,S11,750
c61_anchor_followup,COMBINED,C61,4750,first,loss,S11,751
c61_anchor_followup,COMBINED,C61,4751,second,loss,S11,752
c61_anchor_followup,COMBINED,C61,4752,first,loss,S11,753
c61_anchor_followup,COMBINED,C61,4753,second,win,S11,754
c61_anchor_followup,COMBINED,C61,4754,first,win,S11,755
c61_anchor_followup,COMBINED,C61,4755,second,win,S11,756
c61_anchor_followup,COMBINED,C61,4756,first,loss,S11,757
c61_anchor_followup,COMBINED,C61,4757,second,loss,S11,758
c61_anchor_followup,COMBINED,C61,4758,first,loss,S11,759
c61_anchor_followup,COMBINED,C61,4759,second,loss,S11,760
c61_anchor_followup,COMBINED,C61,4760,first,win,S11,761
c61_anchor_followup,COMBINED,C61,4761,second,loss,S11,763
c61_anchor_followup,COMBINED,C61,4762,first,win,S11,762
c61_anchor_followup,COMBINED,C61,4763,second,loss,S11,764
c61_anchor_followup,COMBINED,C61,4764,first,win,S11,765
c61_anchor_followup,COMBINED,C61,4765,second,loss,S11,766
c61_anchor_followup,COMBINED,C61,4766,first,win,S11,767
c61_anchor_followup,COMBINED,C61,4767,second,loss,S11,768
c61_anchor_followup,COMBINED,C61,4768,first,loss,S11,770
c61_anchor_followup,COMBINED,C61,4769,second,loss,S11,769
c61_anchor_followup,COMBINED,C61,4770,first,win,S11,771
c61_anchor_followup,COMBINED,C61,4771,second,loss,S11,773
c61_anchor_followup,COMBINED,C61,4772,first,loss,S11,772
c61_anchor_followup,COMBINED,C61,4773,second,loss,S11,774
c61_anchor_followup,COMBINED,C61,4774,first,win,S11,775
c61_anchor_followup,COMBINED,C61,4775,second,win,S11,776
c61_anchor_followup,COMBINED,C61,4776,first,win,S11,778
c61_anchor_followup,COMBINED,C61,4777,second,win,S11,777
c61_anchor_followup,COMBINED,C61,4778,first,loss,S11,780
c61_anchor_followup,COMBINED,C61,4779,second,loss,S11,779
c61_anchor_followup,COMBINED,C61,4780,first,win,S11,781
c61_anchor_followup,COMBINED,C61,4781,second,loss,S11,782
c61_anchor_followup,COMBINED,C61,4782,first,loss,S11,784
c61_anchor_followup,COMBINED,C61,4783,second,loss,S11,783
c61_anchor_followup,COMBINED,C61,4784,first,win,S11,785
c61_anchor_followup,COMBINED,C61,4785,second,win,S11,786
c61_anchor_followup,COMBINED,C61,4786,first,win,S11,787
c61_anchor_followup,COMBINED,C61,4787,second,loss,S11,788
c61_anchor_followup,COMBINED,C61,4788,first,loss,S11,790
c61_anchor_followup,COMBINED,C61,4789,second,win,S11,789
c61_anchor_followup,COMBINED,C61,4790,first,loss,S11,791
c61_anchor_followup,COMBINED,C61,4791,second,loss,S11,792
c61_anchor_followup,COMBINED,C61,4792,first,win,S11,793
c61_anchor_followup,COMBINED,C61,4793,second,loss,S11,794
c61_anchor_followup,COMBINED,C61,4794,first,loss,S11,796
c61_anchor_followup,COMBINED,C61,4795,second,loss,S11,795
c61_anchor_followup,COMBINED,C61,4796,first,win,S11,797
c61_anchor_followup,COMBINED,C61,4797,second,win,S11,798
c61_anchor_followup,COMBINED,C61,4798,first,loss,S11,799
c61_anchor_followup,COMBINED,C61,4799,second,loss,S11,800
c61_anchor_followup,COMBINED,C61,4800,first,loss,S11,802
c61_anchor_followup,COMBINED,C61,4801,second,loss,S11,801
c61_anchor_followup,COMBINED,C61,4802,first,loss,S11,803
c61_anchor_followup,COMBINED,C61,4803,second,loss,S11,804
c61_anchor_followup,COMBINED,C61,4804,first,win,S11,805
c61_anchor_followup,COMBINED,C61,4805,second,loss,S11,806
c61_anchor_followup,COMBINED,C61,4806,first,win,S11,808
c61_anchor_followup,COMBINED,C61,4807,second,loss,S11,807
c61_anchor_followup,COMBINED,C61,4808,first,loss,S11,809
c61_anchor_followup,COMBINED,C61,4809,second,loss,S11,810
c61_anchor_followup,COMBINED,C61,4810,first,loss,S11,811
c61_anchor_followup,COMBINED,C61,4811,second,win,S11,812
c61_anchor_followup,COMBINED,C61,4812,first,loss,S11,814
c61_anchor_followup,COMBINED,C61,4813,second,win,S11,813
c61_anchor_followup,COMBINED,C61,4814,first,loss,S11,816
c61_anchor_followup,COMBINED,C61,4815,second,loss,S11,815
c61_anchor_followup,COMBINED,C61,4816,first,win,S11,817
c61_anchor_followup,COMBINED,C61,4817,second,win,S11,818
c61_anchor_followup,COMBINED,C61,4818,first,loss,S11,819
c61_anchor_followup,COMBINED,C61,4819,second,win,S11,820
c61_anchor_followup,COMBINED,C61,4820,first,win,S11,821
c61_anchor_followup,COMBINED,C61,4821,second,loss,S11,822
c61_anchor_followup,COMBINED,C61,4822,first,win,S11,824
c61_anchor_followup,COMBINED,C61,4823,second,win,S11,823
c61_anchor_followup,COMBINED,C61,4824,first,win,S11,825
c61_anchor_followup,COMBINED,C61,4825,second,win,S11,826
c61_anchor_followup,COMBINED,C61,4826,first,loss,S11,827
c61_anchor_followup,COMBINED,C61,4827,second,loss,S11,828
c61_anchor_followup,COMBINED,C61,4828,first,win,S11,829
c61_anchor_followup,COMBINED,C61,4829,second,win,S11,830
c61_anchor_followup,COMBINED,C61,4830,first,loss,S11,831
c61_anchor_followup,COMBINED,C61,4831,second,win,S11,832
c61_anchor_followup,COMBINED,C61,4832,first,win,S11,833
c61_anchor_followup,COMBINED,C61,4833,second,loss,S11,834
c61_anchor_followup,COMBINED,C61,4834,first,win,S11,835
c61_anchor_followup,COMBINED,C61,4835,second,loss,S11,836
c61_anchor_followup,COMBINED,C61,4836,first,win,S11,837
c61_anchor_followup,COMBINED,C61,4837,second,loss,S11,838
c61_anchor_followup,COMBINED,C61,4838,first,loss,S11,839
c61_anchor_followup,COMBINED,C61,4839,second,win,S11,840
c61_anchor_followup,COMBINED,C61,4840,first,win,S11,841
c61_anchor_followup,COMBINED,C61,4841,second,loss,S11,842
c61_anchor_followup,COMBINED,C61,4842,first,loss,S11,843
c61_anchor_followup,COMBINED,C61,4843,second,loss,S11,844
c61_anchor_followup,COMBINED,C61,4844,first,loss,S11,845
c61_anchor_followup,COMBINED,C61,4845,second,loss,S11,846
c61_anchor_followup,COMBINED,C61,4846,first,win,S11,847
c61_anchor_followup,COMBINED,C61,4847,second,win,S11,848
c61_anchor_followup,COMBINED,C61,4848,first,loss,S11,849
c61_anchor_followup,COMBINED,C61,4849,second,loss,S11,850
c61_anchor_followup,COMBINED,C61,4850,first,loss,S11,851
c61_anchor_followup,COMBINED,C61,4851,second,loss,S11,852
c61_anchor_followup,COMBINED,C61,4852,first,loss,S11,853
c61_anchor_followup,COMBINED,C61,4853,second,loss,S11,855
c61_anchor_followup,COMBINED,C61,4854,first,loss,S11,854
c61_anchor_followup,COMBINED,C61,4855,second,loss,S11,857
c61_anchor_followup,COMBINED,C61,4856,first,win,S11,856
c61_anchor_followup,COMBINED,C61,4857,second,loss,S11,858
c61_anchor_followup,COMBINED,C61,4858,first,loss,S11,859
c61_anchor_followup,COMBINED,C61,4859,second,loss,S11,860
c61_anchor_followup,COMBINED,C61,4860,first,win,S11,861
c61_anchor_followup,COMBINED,C61,4861,second,loss,S11,863
c61_anchor_followup,COMBINED,C61,4862,first,win,S11,862
c61_anchor_followup,COMBINED,C61,4863,second,win,S11,864
c61_anchor_followup,COMBINED,C61,4864,first,win,S11,865
c61_anchor_followup,COMBINED,C61,4865,second,loss,S11,866
c61_anchor_followup,COMBINED,C61,4866,first,loss,S11,867
c61_anchor_followup,COMBINED,C61,4867,second,loss,S11,869
c61_anchor_followup,COMBINED,C61,4868,first,loss,S11,868
c61_anchor_followup,COMBINED,C61,4869,second,loss,S11,871
c61_anchor_followup,COMBINED,C61,4870,first,win,S11,870
c61_anchor_followup,COMBINED,C61,4871,second,loss,S11,873
c61_anchor_followup,COMBINED,C61,4872,first,win,S11,872
c61_anchor_followup,COMBINED,C61,4873,second,loss,S11,874
c61_anchor_followup,COMBINED,C61,4874,first,loss,S11,875
c61_anchor_followup,COMBINED,C61,4875,second,loss,S11,876
c61_anchor_followup,COMBINED,C61,4876,first,loss,S11,877
c61_anchor_followup,COMBINED,C61,4877,second,win,S11,878
c61_anchor_followup,COMBINED,C61,4878,first,loss,S11,879
c61_anchor_followup,COMBINED,C61,4879,second,win,S11,880
c61_anchor_followup,COMBINED,C61,4880,first,win,S11,882
c61_anchor_followup,COMBINED,C61,4881,second,loss,S11,881
c61_anchor_followup,COMBINED,C61,4882,first,loss,S11,883
c61_anchor_followup,COMBINED,C61,4883,second,win,S11,884
c61_anchor_followup,COMBINED,C61,4884,first,loss,S11,886
c61_anchor_followup,COMBINED,C61,4885,second,win,S11,885
c61_anchor_followup,COMBINED,C61,4886,first,win,S11,888
c61_anchor_followup,COMBINED,C61,4887,second,loss,S11,887
c61_anchor_followup,COMBINED,C61,4888,first,loss,S11,889
c61_anchor_followup,COMBINED,C61,4889,second,loss,S11,890
c61_anchor_followup,COMBINED,C61,4890,first,win,S11,891
c61_anchor_followup,COMBINED,C61,4891,second,loss,S11,892
c61_anchor_followup,COMBINED,C61,4892,first,loss,S11,893
c61_anchor_followup,COMBINED,C61,4893,second,win,S11,894
c61_anchor_followup,COMBINED,C61,4894,first,loss,S11,895
c61_anchor_followup,COMBINED,C61,4895,second,win,S11,896
c61_anchor_followup,COMBINED,C61,4896,first,win,S11,897
c61_anchor_followup,COMBINED,C61,4897,second,loss,S11,898
c61_anchor_followup,COMBINED,C61,4898,first,loss,S11,900
c61_anchor_followup,COMBINED,C61,4899,second,win,S11,899
c61_anchor_followup,COMBINED,C61,4900,first,win,S11,901
c61_anchor_followup,COMBINED,C61,4901,second,loss,S11,902
c61_anchor_followup,COMBINED,C61,4902,first,loss,S11,903
c61_anchor_followup,COMBINED,C61,4903,second,loss,S11,904
c61_anchor_followup,COMBINED,C61,4904,first,loss,S11,906
c61_anchor_followup,COMBINED,C61,4905,second,win,S11,905
c61_anchor_followup,COMBINED,C61,4906,first,loss,S11,907
c61_anchor_followup,COMBINED,C61,4907,second,loss,S11,908
c61_anchor_followup,COMBINED,C61,4908,first,loss,S11,909
c61_anchor_followup,COMBINED,C61,4909,second,loss,S11,910
c61_anchor_followup,COMBINED,C61,4910,first,loss,S11,911
c61_anchor_followup,COMBINED,C61,4911,second,loss,S11,912
c61_anchor_followup,COMBINED,C61,4912,first,win,S11,913
c61_anchor_followup,COMBINED,C61,4913,second,win,S11,914
c61_anchor_followup,COMBINED,C61,4914,first,loss,S11,916
c61_anchor_followup,COMBINED,C61,4915,second,win,S11,915
c61_anchor_followup,COMBINED,C61,4916,first,loss,S11,918
c61_anchor_followup,COMBINED,C61,4917,second,win,S11,917
c61_anchor_followup,COMBINED,C61,4918,first,win,S11,919
c61_anchor_followup,COMBINED,C61,4919,second,loss,S11,920
c61_anchor_followup,COMBINED,C61,4920,first,loss,S11,921
c61_anchor_followup,COMBINED,C61,4921,second,win,S11,922
c61_anchor_followup,COMBINED,C61,4922,first,win,S11,923
c61_anchor_followup,COMBINED,C61,4923,second,loss,S11,924
c61_anchor_followup,COMBINED,C61,4924,first,win,S11,925
c61_anchor_followup,COMBINED,C61,4925,second,win,S11,927
c61_anchor_followup,COMBINED,C61,4926,first,loss,S11,926
c61_anchor_followup,COMBINED,C61,4927,second,loss,S11,928
c61_anchor_followup,COMBINED,C61,4928,first,loss,S11,929
c61_anchor_followup,COMBINED,C61,4929,second,win,S11,930
c61_anchor_followup,COMBINED,C61,4930,first,win,S11,931
c61_anchor_followup,COMBINED,C61,4931,second,win,S11,932
c61_anchor_followup,COMBINED,C61,4932,first,win,S11,933
c61_anchor_followup,COMBINED,C61,4933,second,win,S11,935
c61_anchor_followup,COMBINED,C61,4934,first,win,S11,934
c61_anchor_followup,COMBINED,C61,4935,second,loss,S11,936
c61_anchor_followup,COMBINED,C61,4936,first,loss,S11,937
c61_anchor_followup,COMBINED,C61,4937,second,win,S11,938
c61_anchor_followup,COMBINED,C61,4938,first,win,S11,939
c61_anchor_followup,COMBINED,C61,4939,second,loss,S11,940
c61_anchor_followup,COMBINED,C61,4940,first,loss,S11,941
c61_anchor_followup,COMBINED,C61,4941,second,win,S11,942
c61_anchor_followup,COMBINED,C61,4942,first,win,S11,943
c61_anchor_followup,COMBINED,C61,4943,second,loss,S11,944
c61_anchor_followup,COMBINED,C61,4944,first,win,S11,945
c61_anchor_followup,COMBINED,C61,4945,second,win,S11,946
c61_anchor_followup,COMBINED,C61,4946,first,win,S11,947
c61_anchor_followup,COMBINED,C61,4947,second,loss,S11,948
c61_anchor_followup,COMBINED,C61,4948,first,win,S11,950
c61_anchor_followup,COMBINED,C61,4949,second,win,S11,949
c61_anchor_followup,COMBINED,C61,4950,first,win,S11,951
c61_anchor_followup,COMBINED,C61,4951,second,loss,S11,952
c61_anchor_followup,COMBINED,C61,4952,first,win,S11,953
c61_anchor_followup,COMBINED,C61,4953,second,loss,S11,954
c61_anchor_followup,COMBINED,C61,4954,first,win,S11,955
c61_anchor_followup,COMBINED,C61,4955,second,win,S11,956
c61_anchor_followup,COMBINED,C61,4956,first,loss,S11,958
c61_anchor_followup,COMBINED,C61,4957,second,win,S11,957
c61_anchor_followup,COMBINED,C61,4958,first,loss,S11,960
c61_anchor_followup,COMBINED,C61,4959,second,loss,S11,959
c61_anchor_followup,COMBINED,C61,4960,first,win,S11,962
c61_anchor_followup,COMBINED,C61,4961,second,loss,S11,961
c61_anchor_followup,COMBINED,C61,4962,first,loss,S11,963
c61_anchor_followup,COMBINED,C61,4963,second,loss,S11,964
c61_anchor_followup,COMBINED,C61,4964,first,win,S11,966
c61_anchor_followup,COMBINED,C61,4965,second,win,S11,965
c61_anchor_followup,COMBINED,C61,4966,first,win,S11,967
c61_anchor_followup,COMBINED,C61,4967,second,win,S11,968
c61_anchor_followup,COMBINED,C61,4968,first,loss,S11,970
c61_anchor_followup,COMBINED,C61,4969,second,win,S11,969
c61_anchor_followup,COMBINED,C61,4970,first,win,S11,971
c61_anchor_followup,COMBINED,C61,4971,second,loss,S11,973
c61_anchor_followup,COMBINED,C61,4972,first,loss,S11,972
c61_anchor_followup,COMBINED,C61,4973,second,loss,S11,974
c61_anchor_followup,COMBINED,C61,4974,first,loss,S11,975
c61_anchor_followup,COMBINED,C61,4975,second,win,S11,976
c61_anchor_followup,COMBINED,C61,4976,first,loss,S11,977
c61_anchor_followup,COMBINED,C61,4977,second,loss,S11,979
c61_anchor_followup,COMBINED,C61,4978,first,win,S11,978
c61_anchor_followup,COMBINED,C61,4979,second,loss,S11,980
c61_anchor_followup,COMBINED,C61,4980,first,win,S11,981
c61_anchor_followup,COMBINED,C61,4981,second,win,S11,982
c61_anchor_followup,COMBINED,C61,4982,first,loss,S11,985
c61_anchor_followup,COMBINED,C61,4983,second,win,S11,983
c61_anchor_followup,COMBINED,C61,4984,first,win,S11,984
c61_anchor_followup,COMBINED,C61,4985,second,loss,S11,987
c61_anchor_followup,COMBINED,C61,4986,first,loss,S11,986
c61_anchor_followup,COMBINED,C61,4987,second,win,S11,988
c61_anchor_followup,COMBINED,C61,4988,first,win,S11,989
c61_anchor_followup,COMBINED,C61,4989,second,loss,S11,990
c61_anchor_followup,COMBINED,C61,4990,first,loss,S11,991
c61_anchor_followup,COMBINED,C61,4991,second,win,S11,992
c61_anchor_followup,COMBINED,C61,4992,first,win,S11,993
c61_anchor_followup,COMBINED,C61,4993,second,loss,S11,994
c61_anchor_followup,COMBINED,C61,4994,first,win,S11,996
c61_anchor_followup,COMBINED,C61,4995,second,win,S11,995
c61_anchor_followup,COMBINED,C61,4996,first,loss,S11,998
c61_anchor_followup,COMBINED,C61,4997,second,win,S11,997
c61_anchor_followup,COMBINED,C61,4998,first,win,S11,999
c61_anchor_followup,COMBINED,C61,4999,second,loss,S11,1000
c61_anchor_followup,COMBINED,C61,5000,first,loss,S11,1002
c61_anchor_followup,COMBINED,C61,5001,second,win,S11,1001
c61_anchor_followup,COMBINED,C61,5002,first,loss,S11,1004
c61_anchor_followup,COMBINED,C61,5003,second,win,S11,1003
c61_anchor_followup,COMBINED,C61,5004,first,loss,S11,1005
c61_anchor_followup,COMBINED,C61,5005,second,win,S11,1006
c61_anchor_followup,COMBINED,C61,5006,first,loss,S11,1007
c61_anchor_followup,COMBINED,C61,5007,second,loss,S11,1008
c61_anchor_followup,COMBINED,C61,5008,first,win,S11,1009
c61_anchor_followup,COMBINED,C61,5009,second,loss,S11,1010
c61_anchor_followup,COMBINED,C61,5010,first,loss,S11,1012
c61_anchor_followup,COMBINED,C61,5011,second,loss,S11,1011
c61_anchor_followup,COMBINED,C61,5012,first,loss,S11,1013
c61_anchor_followup,COMBINED,C61,5013,second,loss,S11,1014
c61_anchor_followup,COMBINED,C61,5014,first,loss,S11,1015
c61_anchor_followup,COMBINED,C61,5015,second,loss,S11,1016
c61_anchor_followup,COMBINED,C61,5016,first,win,S11,1017
c61_anchor_followup,COMBINED,C61,5017,second,loss,S11,1018
c61_anchor_followup,COMBINED,C61,5018,first,win,S11,1019
c61_anchor_followup,COMBINED,C61,5019,second,win,S11,1020
c61_anchor_followup,COMBINED,C61,5020,first,loss,S11,1021
c61_anchor_followup,COMBINED,C61,5021,second,win,S11,1023
c61_anchor_followup,COMBINED,C61,5022,first,win,S11,1022
c61_anchor_followup,COMBINED,C61,5023,second,loss,S11,1024
c61_anchor_followup,COMBINED,C61,5024,first,loss,S11,1026
c61_anchor_followup,COMBINED,C61,5025,second,win,S11,1025
c61_anchor_followup,COMBINED,C61,5026,first,win,S11,1028
c61_anchor_followup,COMBINED,C61,5027,second,loss,S11,1027
c61_anchor_followup,COMBINED,C61,5028,first,loss,S11,1029
c61_anchor_followup,COMBINED,C61,5029,second,loss,S11,1030
c61_anchor_followup,COMBINED,C61,5030,first,loss,S11,1031
c61_anchor_followup,COMBINED,C61,5031,second,win,S11,1032
c61_anchor_followup,COMBINED,C61,5032,first,loss,S11,1033
c61_anchor_followup,COMBINED,C61,5033,second,loss,S11,1034
c61_anchor_followup,COMBINED,C61,5034,first,win,S11,1035
c61_anchor_followup,COMBINED,C61,5035,second,loss,S11,1036
c61_anchor_followup,COMBINED,C61,5036,first,win,S11,1038
c61_anchor_followup,COMBINED,C61,5037,second,win,S11,1037
c61_anchor_followup,COMBINED,C61,5038,first,loss,S11,1040
c61_anchor_followup,COMBINED,C61,5039,second,win,S11,1039
c61_anchor_followup,COMBINED,C61,5040,first,win,S11,1041
c61_anchor_followup,COMBINED,C61,5041,second,loss,S11,1042
c61_anchor_followup,COMBINED,C61,5042,first,win,S11,1043
c61_anchor_followup,COMBINED,C61,5043,second,win,S11,1044
c61_anchor_followup,COMBINED,C61,5044,first,loss,S11,1045
c61_anchor_followup,COMBINED,C61,5045,second,win,S11,1046
c61_anchor_followup,COMBINED,C61,5046,first,loss,S11,1047
c61_anchor_followup,COMBINED,C61,5047,second,win,S11,1048
c61_anchor_followup,COMBINED,C61,5048,first,win,S11,1049
c61_anchor_followup,COMBINED,C61,5049,second,loss,S11,1050
c61_anchor_followup,COMBINED,C61,5050,first,win,S11,1052
c61_anchor_followup,COMBINED,C61,5051,second,loss,S11,1051
c61_anchor_followup,COMBINED,C61,5052,first,win,S11,1053
c61_anchor_followup,COMBINED,C61,5053,second,win,S11,1054
c61_anchor_followup,COMBINED,C61,5054,first,win,S11,1057
c61_anchor_followup,COMBINED,C61,5055,second,win,S11,1055
c61_anchor_followup,COMBINED,C61,5056,first,win,S11,1056
c61_anchor_followup,COMBINED,C61,5057,second,loss,S11,1059
c61_anchor_followup,COMBINED,C61,5058,first,loss,S11,1058
c61_anchor_followup,COMBINED,C61,5059,second,loss,S11,1060
c61_anchor_followup,COMBINED,C61,5060,first,loss,S11,1061
c61_anchor_followup,COMBINED,C61,5061,second,loss,S11,1063
c61_anchor_followup,COMBINED,C61,5062,first,loss,S11,1062
c61_anchor_followup,COMBINED,C61,5063,second,loss,S11,1064
c61_anchor_followup,COMBINED,C61,5064,first,win,S11,1065
c61_anchor_followup,COMBINED,C61,5065,second,loss,S11,1066
c61_anchor_followup,COMBINED,C61,5066,first,win,S11,1067
c61_anchor_followup,COMBINED,C61,5067,second,loss,S11,1068
c61_anchor_followup,COMBINED,C61,5068,first,loss,S11,1070
c61_anchor_followup,COMBINED,C61,5069,second,win,S11,1069
c61_anchor_followup,COMBINED,C61,5070,first,loss,S11,1071
c61_anchor_followup,COMBINED,C61,5071,second,loss,S11,1072
c61_anchor_followup,COMBINED,C61,5072,first,win,S11,1073
c61_anchor_followup,COMBINED,C61,5073,second,loss,S11,1075
c61_anchor_followup,COMBINED,C61,5074,first,win,S11,1074
c61_anchor_followup,COMBINED,C61,5075,second,loss,S11,1076
c61_anchor_followup,COMBINED,C61,5076,first,loss,S11,1077
c61_anchor_followup,COMBINED,C61,5077,second,loss,S11,1078
c61_anchor_followup,COMBINED,C61,5078,first,loss,S11,1079
c61_anchor_followup,COMBINED,C61,5079,second,win,S11,1080
c61_anchor_followup,COMBINED,C61,5080,first,loss,S11,1082
c61_anchor_followup,COMBINED,C61,5081,second,loss,S11,1081
c61_anchor_followup,COMBINED,C61,5082,first,win,S11,1083
c61_anchor_followup,COMBINED,C61,5083,second,loss,S11,1084
c61_anchor_followup,COMBINED,C61,5084,first,loss,S11,1085
c61_anchor_followup,COMBINED,C61,5085,second,win,S11,1086
c61_anchor_followup,COMBINED,C61,5086,first,win,S11,1087
c61_anchor_followup,COMBINED,C61,5087,second,loss,S11,1088
c61_anchor_followup,COMBINED,C61,5088,first,loss,S11,1089
c61_anchor_followup,COMBINED,C61,5089,second,win,S11,1090
c61_anchor_followup,COMBINED,C61,5090,first,loss,S11,1091
c61_anchor_followup,COMBINED,C61,5091,second,win,S11,1092
c61_anchor_followup,COMBINED,C61,5092,first,loss,S11,1093
c61_anchor_followup,COMBINED,C61,5093,second,win,S11,1094
c61_anchor_followup,COMBINED,C61,5094,first,win,S11,1096
c61_anchor_followup,COMBINED,C61,5095,second,win,S11,1095
c61_anchor_followup,COMBINED,C61,5096,first,win,S11,1097
c61_anchor_followup,COMBINED,C61,5097,second,loss,S11,1098
c61_anchor_followup,COMBINED,C61,5098,first,loss,S11,1100
c61_anchor_followup,COMBINED,C61,5099,second,loss,S11,1099
c61_anchor_followup,COMBINED,C61,5100,first,win,S11,1101
c61_anchor_followup,COMBINED,C61,5101,second,loss,S11,1102
c61_anchor_followup,COMBINED,C61,5102,first,win,S11,1104
c61_anchor_followup,COMBINED,C61,5103,second,win,S11,1103
c61_anchor_followup,COMBINED,C61,5104,first,loss,S11,1105
c61_anchor_followup,COMBINED,C61,5105,second,loss,S11,1106
c61_anchor_followup,COMBINED,C61,5106,first,loss,S11,1107
c61_anchor_followup,COMBINED,C61,5107,second,loss,S11,1108
c61_anchor_followup,COMBINED,C61,5108,first,win,S11,1109
c61_anchor_followup,COMBINED,C61,5109,second,win,S11,1110
c61_anchor_followup,COMBINED,C61,5110,first,loss,S11,1111
c61_anchor_followup,COMBINED,C61,5111,second,win,S11,1112
c61_anchor_followup,COMBINED,C61,5112,first,loss,S11,1113
c61_anchor_followup,COMBINED,C61,5113,second,loss,S11,1115
c61_anchor_followup,COMBINED,C61,5114,first,loss,S11,1114
c61_anchor_followup,COMBINED,C61,5115,second,loss,S11,1116
c61_anchor_followup,COMBINED,C61,5116,first,win,S11,1117
c61_anchor_followup,COMBINED,C61,5117,second,loss,S11,1118
c61_anchor_followup,COMBINED,C61,5118,first,loss,S11,1119
c61_anchor_followup,COMBINED,C61,5119,second,win,S11,1120
c61_anchor_followup,COMBINED,C61,5120,first,win,S11,1121
c61_anchor_followup,COMBINED,C61,5121,second,loss,S11,1122
c61_anchor_followup,COMBINED,C61,5122,first,loss,S11,1123
c61_anchor_followup,COMBINED,C61,5123,second,loss,S11,1124
c61_anchor_followup,COMBINED,C61,5124,first,win,S11,1125
c61_anchor_followup,COMBINED,C61,5125,second,win,S11,1127
c61_anchor_followup,COMBINED,C61,5126,first,win,S11,1126
c61_anchor_followup,COMBINED,C61,5127,second,win,S11,1128
c61_anchor_followup,COMBINED,C61,5128,first,loss,S11,1129
c61_anchor_followup,COMBINED,C61,5129,second,loss,S11,1130
c61_anchor_followup,COMBINED,C61,5130,first,win,S11,1131
c61_anchor_followup,COMBINED,C61,5131,second,win,S11,1133
c61_anchor_followup,COMBINED,C61,5132,first,loss,S11,1132
c61_anchor_followup,COMBINED,C61,5133,second,loss,S11,1134
c61_anchor_followup,COMBINED,C61,5134,first,win,S11,1135
c61_anchor_followup,COMBINED,C61,5135,second,loss,S11,1136
c61_anchor_followup,COMBINED,C61,5136,first,loss,S11,1137
c61_anchor_followup,COMBINED,C61,5137,second,loss,S11,1138
c61_anchor_followup,COMBINED,C61,5138,first,win,S11,1139
c61_anchor_followup,COMBINED,C61,5139,second,win,S11,1140
c61_anchor_followup,COMBINED,C61,5140,first,loss,S11,1141
c61_anchor_followup,COMBINED,C61,5141,second,loss,S11,1142
c61_anchor_followup,COMBINED,C61,5142,first,loss,S11,1143
c61_anchor_followup,COMBINED,C61,5143,second,loss,S11,1144
c61_anchor_followup,COMBINED,C61,5144,first,win,S11,1145
c61_anchor_followup,COMBINED,C61,5145,second,loss,S11,1146
c61_anchor_followup,COMBINED,C61,5146,first,win,S11,1149
c61_anchor_followup,COMBINED,C61,5147,second,loss,S11,1147
c61_anchor_followup,COMBINED,C61,5148,first,win,S11,1148
c61_anchor_followup,COMBINED,C61,5149,second,loss,S11,1151
c61_anchor_followup,COMBINED,C61,5150,first,loss,S11,1150
c61_anchor_followup,COMBINED,C61,5151,second,loss,S11,1152
c61_anchor_followup,COMBINED,C61,5152,first,loss,S11,1153
c61_anchor_followup,COMBINED,C61,5153,second,loss,S11,1154
c61_anchor_followup,COMBINED,C61,5154,first,loss,S11,1155
c61_anchor_followup,COMBINED,C61,5155,second,loss,S11,1156
c61_anchor_followup,COMBINED,C61,5156,first,loss,S11,1157
c61_anchor_followup,COMBINED,C61,5157,second,win,S11,1159
c61_anchor_followup,COMBINED,C61,5158,first,win,S11,1158
c61_anchor_followup,COMBINED,C61,5159,second,loss,S11,1160
c61_anchor_followup,COMBINED,C61,5160,first,loss,S11,1162
c61_anchor_followup,COMBINED,C61,5161,second,loss,S11,1161
c61_anchor_followup,COMBINED,C61,5162,first,loss,S11,1163
c61_anchor_followup,COMBINED,C61,5163,second,loss,S11,1164
c61_anchor_followup,COMBINED,C61,5164,first,loss,S11,1165
c61_anchor_followup,COMBINED,C61,5165,second,win,S11,1166
c61_anchor_followup,COMBINED,C61,5166,first,loss,S11,1167
c61_anchor_followup,COMBINED,C61,5167,second,loss,S11,1168
c61_anchor_followup,COMBINED,C61,5168,first,loss,S11,1169
c61_anchor_followup,COMBINED,C61,5169,second,loss,S11,1170
c61_anchor_followup,COMBINED,C61,5170,first,loss,S11,1171
c61_anchor_followup,COMBINED,C61,5171,second,loss,S11,1172
c61_anchor_followup,COMBINED,C61,5172,first,loss,S11,1173
c61_anchor_followup,COMBINED,C61,5173,second,loss,S11,1174
c61_anchor_followup,COMBINED,C61,5174,first,win,S11,1175
c61_anchor_followup,COMBINED,C61,5175,second,loss,S11,1177
c61_anchor_followup,COMBINED,C61,5176,first,loss,S11,1176
c61_anchor_followup,COMBINED,C61,5177,second,loss,S11,1178
c61_anchor_followup,COMBINED,C61,5178,first,win,S11,1180
c61_anchor_followup,COMBINED,C61,5179,second,win,S11,1179
c61_anchor_followup,COMBINED,C61,5180,first,win,S11,1181
c61_anchor_followup,COMBINED,C61,5181,second,win,S11,1182
c61_anchor_followup,COMBINED,C61,5182,first,loss,S11,1183
c61_anchor_followup,COMBINED,C61,5183,second,win,S11,1184
c61_anchor_followup,COMBINED,C61,5184,first,win,S11,1185
c61_anchor_followup,COMBINED,C61,5185,second,loss,S11,1186
c61_anchor_followup,COMBINED,C61,5186,first,loss,S11,1187
c61_anchor_followup,COMBINED,C61,5187,second,loss,S11,1188
c61_anchor_followup,COMBINED,C61,5188,first,win,S11,1189
c61_anchor_followup,COMBINED,C61,5189,second,win,S11,1191
c61_anchor_followup,COMBINED,C61,5190,first,win,S11,1190
c61_anchor_followup,COMBINED,C61,5191,second,loss,S11,1192
c61_anchor_followup,COMBINED,C61,5192,first,loss,S11,1193
c61_anchor_followup,COMBINED,C61,5193,second,loss,S11,1194
c61_anchor_followup,COMBINED,C61,5194,first,loss,S11,1195
c61_anchor_followup,COMBINED,C61,5195,second,loss,S11,1196
c61_anchor_followup,COMBINED,C61,5196,first,win,S11,1197
c61_anchor_followup,COMBINED,C61,5197,second,win,S11,1198
c61_anchor_followup,COMBINED,C61,5198,first,loss,S11,1199
c61_anchor_followup,COMBINED,C61,5199,second,win,S11,1200
c61_anchor_followup,COMBINED,C61,5200,first,win,S11,1201
c61_anchor_followup,COMBINED,C61,5201,second,loss,S11,1203
c61_anchor_followup,COMBINED,C61,5202,first,win,S11,1202
c61_anchor_followup,COMBINED,C61,5203,second,loss,S11,1204
c61_anchor_followup,COMBINED,C61,5204,first,win,S11,1205
c61_anchor_followup,COMBINED,C61,5205,second,win,S11,1206
c61_anchor_followup,COMBINED,C61,5206,first,loss,S11,1207
c61_anchor_followup,COMBINED,C61,5207,second,loss,S11,1209
c61_anchor_followup,COMBINED,C61,5208,first,loss,S11,1208
c61_anchor_followup,COMBINED,C61,5209,second,win,S11,1210
c61_anchor_followup,COMBINED,C61,5210,first,win,S11,1212
c61_anchor_followup,COMBINED,C61,5211,second,win,S11,1211
c61_anchor_followup,COMBINED,C61,5212,first,loss,S11,1214
c61_anchor_followup,COMBINED,C61,5213,second,loss,S11,1213
c61_anchor_followup,COMBINED,C61,5214,first,loss,S11,1215
c61_anchor_followup,COMBINED,C61,5215,second,loss,S11,1216
c61_anchor_followup,COMBINED,C61,5216,first,win,S11,1217
c61_anchor_followup,COMBINED,C61,5217,second,loss,S11,1218
c61_anchor_followup,COMBINED,C61,5218,first,loss,S11,1219
c61_anchor_followup,COMBINED,C61,5219,second,loss,S11,1221
c61_anchor_followup,COMBINED,C61,5220,first,win,S11,1220
c61_anchor_followup,COMBINED,C61,5221,second,loss,S11,1222
c61_anchor_followup,COMBINED,C61,5222,first,win,S11,1223
c61_anchor_followup,COMBINED,C61,5223,second,loss,S11,1224
c61_anchor_followup,COMBINED,C61,5224,first,win,S11,1225
c61_anchor_followup,COMBINED,C61,5225,second,win,S11,1226
c61_anchor_followup,COMBINED,C61,5226,first,win,S11,1227
c61_anchor_followup,COMBINED,C61,5227,second,loss,S11,1228
c61_anchor_followup,COMBINED,C61,5228,first,loss,S11,1229
c61_anchor_followup,COMBINED,C61,5229,second,loss,S11,1231
c61_anchor_followup,COMBINED,C61,5230,first,loss,S11,1230
c61_anchor_followup,COMBINED,C61,5231,second,loss,S11,1232
c61_anchor_followup,COMBINED,C61,5232,first,loss,S11,1233
c61_anchor_followup,COMBINED,C61,5233,second,loss,S11,1234
c61_anchor_followup,COMBINED,C61,5234,first,loss,S11,1235
c61_anchor_followup,COMBINED,C61,5235,second,loss,S11,1236
c61_anchor_followup,COMBINED,C61,5236,first,win,S11,1237
c61_anchor_followup,COMBINED,C61,5237,second,win,S11,1238
c61_anchor_followup,COMBINED,C61,5238,first,loss,S11,1239
c61_anchor_followup,COMBINED,C61,5239,second,loss,S11,1240
c61_anchor_followup,COMBINED,C61,5240,first,loss,S11,1241
c61_anchor_followup,COMBINED,C61,5241,second,loss,S11,1242
c61_anchor_followup,COMBINED,C61,5242,first,win,S11,1243
c61_anchor_followup,COMBINED,C61,5243,second,loss,S11,1245
c61_anchor_followup,COMBINED,C61,5244,first,win,S11,1244
c61_anchor_followup,COMBINED,C61,5245,second,loss,S11,1246
c61_anchor_followup,COMBINED,C61,5246,first,win,S11,1247
c61_anchor_followup,COMBINED,C61,5247,second,loss,S11,1249
c61_anchor_followup,COMBINED,C61,5248,first,win,S11,1248
c61_anchor_followup,COMBINED,C61,5249,second,loss,S11,1250
c61_anchor_followup,COMBINED,C61,5250,first,win,S11,1251
c61_anchor_followup,COMBINED,C61,5251,second,loss,S11,1252
c61_anchor_followup,COMBINED,C61,5252,first,win,S11,1254
c61_anchor_followup,COMBINED,C61,5253,second,win,S11,1253
c61_anchor_followup,COMBINED,C61,5254,first,loss,S11,1255
c61_anchor_followup,COMBINED,C61,5255,second,loss,S11,1256
c61_anchor_followup,COMBINED,C61,5256,first,loss,S11,1257
c61_anchor_followup,COMBINED,C61,5257,second,loss,S11,1258
c61_anchor_followup,COMBINED,C61,5258,first,loss,S11,1261
c61_anchor_followup,COMBINED,C61,5259,second,win,S11,1259
c61_anchor_followup,COMBINED,C61,5260,first,win,S11,1260
c61_anchor_followup,COMBINED,C61,5261,second,loss,S11,1262
c61_anchor_followup,COMBINED,C61,5262,first,win,S11,1263
c61_anchor_followup,COMBINED,C61,5263,second,loss,S11,1264
c61_anchor_followup,COMBINED,C61,5264,first,loss,S11,1265
c61_anchor_followup,COMBINED,C61,5265,second,win,S11,1266
c61_anchor_followup,COMBINED,C61,5266,first,win,S11,1267
c61_anchor_followup,COMBINED,C61,5267,second,loss,S11,1268
c61_anchor_followup,COMBINED,C61,5268,first,loss,S11,1269
c61_anchor_followup,COMBINED,C61,5269,second,loss,S11,1270
c61_anchor_followup,COMBINED,C61,5270,first,win,S11,1271
c61_anchor_followup,COMBINED,C61,5271,second,win,S11,1272
c61_anchor_followup,COMBINED,C61,5272,first,loss,S11,1273
c61_anchor_followup,COMBINED,C61,5273,second,loss,S11,1274
c61_anchor_followup,COMBINED,C61,5274,first,loss,S11,1275
c61_anchor_followup,COMBINED,C61,5275,second,loss,S11,1276
c61_anchor_followup,COMBINED,C61,5276,first,win,S11,1277
c61_anchor_followup,COMBINED,C61,5277,second,win,S11,1278
c61_anchor_followup,COMBINED,C61,5278,first,loss,S11,1279
c61_anchor_followup,COMBINED,C61,5279,second,loss,S11,1280
c61_anchor_followup,COMBINED,C61,5280,first,loss,S11,1281
c61_anchor_followup,COMBINED,C61,5281,second,win,S11,1282
c61_anchor_followup,COMBINED,C61,5282,first,win,S11,1284
c61_anchor_followup,COMBINED,C61,5283,second,loss,S11,1283
c61_anchor_followup,COMBINED,C61,5284,first,win,S11,1285
c61_anchor_followup,COMBINED,C61,5285,second,loss,S11,1286
c61_anchor_followup,COMBINED,C61,5286,first,loss,S11,1287
c61_anchor_followup,COMBINED,C61,5287,second,loss,S11,1288
c61_anchor_followup,COMBINED,C61,5288,first,loss,S11,1289
c61_anchor_followup,COMBINED,C61,5289,second,loss,S11,1290
c61_anchor_followup,COMBINED,C61,5290,first,loss,S11,1291
c61_anchor_followup,COMBINED,C61,5291,second,loss,S11,1292
c61_anchor_followup,COMBINED,C61,5292,first,loss,S11,1293
c61_anchor_followup,COMBINED,C61,5293,second,loss,S11,1295
c61_anchor_followup,COMBINED,C61,5294,first,win,S11,1294
c61_anchor_followup,COMBINED,C61,5295,second,win,S11,1296
c61_anchor_followup,COMBINED,C61,5296,first,loss,S11,1297
c61_anchor_followup,COMBINED,C61,5297,second,loss,S11,1298
c61_anchor_followup,COMBINED,C61,5298,first,loss,S11,1299
c61_anchor_followup,COMBINED,C61,5299,second,loss,S11,1301
c61_anchor_followup,COMBINED,C61,5300,first,loss,S11,1300
c61_anchor_followup,COMBINED,C61,5301,second,win,S11,1302
c61_anchor_followup,COMBINED,C61,5302,first,loss,S11,1303
c61_anchor_followup,COMBINED,C61,5303,second,win,S11,1304
c61_anchor_followup,COMBINED,C61,5304,first,loss,S11,1305
c61_anchor_followup,COMBINED,C61,5305,second,win,S11,1306
c61_anchor_followup,COMBINED,C61,5306,first,win,S11,1307
c61_anchor_followup,COMBINED,C61,5307,second,win,S11,1308
c61_anchor_followup,COMBINED,C61,5308,first,loss,S11,1309
c61_anchor_followup,COMBINED,C61,5309,second,loss,S11,1310
c61_anchor_followup,COMBINED,C61,5310,first,loss,S11,1311
c61_anchor_followup,COMBINED,C61,5311,second,loss,S11,1312
c61_anchor_followup,COMBINED,C61,5312,first,loss,S11,1313
c61_anchor_followup,COMBINED,C61,5313,second,loss,S11,1314
c61_anchor_followup,COMBINED,C61,5314,first,loss,S11,1315
c61_anchor_followup,COMBINED,C61,5315,second,loss,S11,1316
c61_anchor_followup,COMBINED,C61,5316,first,win,S11,1317
c61_anchor_followup,COMBINED,C61,5317,second,win,S11,1318
c61_anchor_followup,COMBINED,C61,5318,first,win,S11,1319
c61_anchor_followup,COMBINED,C61,5319,second,loss,S11,1320
c61_anchor_followup,COMBINED,C61,5320,first,loss,S11,1321
c61_anchor_followup,COMBINED,C61,5321,second,loss,S11,1322
c61_anchor_followup,COMBINED,C61,5322,first,win,S11,1323
c61_anchor_followup,COMBINED,C61,5323,second,draw,S11,1324
c61_anchor_followup,COMBINED,C61,5324,first,loss,S11,1325
c61_anchor_followup,COMBINED,C61,5325,second,loss,S11,1326
c61_anchor_followup,COMBINED,C61,5326,first,loss,S11,1327
c61_anchor_followup,COMBINED,C61,5327,second,loss,S11,1328
c61_anchor_followup,COMBINED,C61,5328,first,loss,S11,1329
c61_anchor_followup,COMBINED,C61,5329,second,loss,S11,1330
c61_anchor_followup,COMBINED,C61,5330,first,loss,S11,1331
c61_anchor_followup,COMBINED,C61,5331,second,loss,S11,1332
c61_anchor_followup,COMBINED,C61,5332,first,loss,S11,1333
c61_anchor_followup,COMBINED,C61,5333,second,loss,S11,1334
c61_anchor_followup,COMBINED,C61,5334,first,loss,S11,1335
c61_anchor_followup,COMBINED,C61,5335,second,loss,S11,1336
c61_anchor_followup,COMBINED,C61,5336,first,win,S11,1337
c61_anchor_followup,COMBINED,C61,5337,second,loss,S11,1338
c61_anchor_followup,COMBINED,C61,5338,first,loss,S11,1339
c61_anchor_followup,COMBINED,C61,5339,second,loss,S11,1340
c61_anchor_followup,COMBINED,C61,5340,first,loss,S11,1341
c61_anchor_followup,COMBINED,C61,5341,second,win,S11,1342
c61_anchor_followup,COMBINED,C61,5342,first,loss,S11,1343
c61_anchor_followup,COMBINED,C61,5343,second,win,S11,1344
c61_anchor_followup,COMBINED,C61,5344,first,loss,S11,1346
c61_anchor_followup,COMBINED,C61,5345,second,win,S11,1345
c61_anchor_followup,COMBINED,C61,5346,first,loss,S11,1347
c61_anchor_followup,COMBINED,C61,5347,second,loss,S11,1348
c61_anchor_followup,COMBINED,C61,5348,first,win,S11,1349
c61_anchor_followup,COMBINED,C61,5349,second,loss,S11,1350
c61_anchor_followup,COMBINED,C61,5350,first,win,S11,1351
c61_anchor_followup,COMBINED,C61,5351,second,win,S11,1352
c61_anchor_followup,COMBINED,C61,5352,first,win,S11,1353
c61_anchor_followup,COMBINED,C61,5353,second,win,S11,1354
c61_anchor_followup,COMBINED,C61,5354,first,loss,S11,1355
c61_anchor_followup,COMBINED,C61,5355,second,loss,S11,1356
c61_anchor_followup,COMBINED,C61,5356,first,loss,S11,1357
c61_anchor_followup,COMBINED,C61,5357,second,win,S11,1359
c61_anchor_followup,COMBINED,C61,5358,first,loss,S11,1358
c61_anchor_followup,COMBINED,C61,5359,second,loss,S11,1361
c61_anchor_followup,COMBINED,C61,5360,first,win,S11,1360
c61_anchor_followup,COMBINED,C61,5361,second,win,S11,1363
c61_anchor_followup,COMBINED,C61,5362,first,loss,S11,1362
c61_anchor_followup,COMBINED,C61,5363,second,win,S11,1365
c61_anchor_followup,COMBINED,C61,5364,first,win,S11,1364
c61_anchor_followup,COMBINED,C61,5365,second,win,S11,1366
c61_anchor_followup,COMBINED,C61,5366,first,win,S11,1367
c61_anchor_followup,COMBINED,C61,5367,second,loss,S11,1369
c61_anchor_followup,COMBINED,C61,5368,first,win,S11,1368
c61_anchor_followup,COMBINED,C61,5369,second,loss,S11,1371
c61_anchor_followup,COMBINED,C61,5370,first,win,S11,1370
c61_anchor_followup,COMBINED,C61,5371,second,win,S11,1372
c61_anchor_followup,COMBINED,C61,5372,first,win,S11,1373
c61_anchor_followup,COMBINED,C61,5373,second,win,S11,1374
c61_anchor_followup,COMBINED,C61,5374,first,win,S11,1375
c61_anchor_followup,COMBINED,C61,5375,second,loss,S11,1376
c61_anchor_followup,COMBINED,C61,5376,first,win,S11,1377
c61_anchor_followup,COMBINED,C61,5377,second,loss,S11,1378
c61_anchor_followup,COMBINED,C61,5378,first,loss,S11,1380
c61_anchor_followup,COMBINED,C61,5379,second,loss,S11,1379
c61_anchor_followup,COMBINED,C61,5380,first,win,S11,1381
c61_anchor_followup,COMBINED,C61,5381,second,win,S11,1382
c61_anchor_followup,COMBINED,C61,5382,first,loss,S11,1383
c61_anchor_followup,COMBINED,C61,5383,second,loss,S11,1384
c61_anchor_followup,COMBINED,C61,5384,first,win,S11,1385
c61_anchor_followup,COMBINED,C61,5385,second,loss,S11,1386
c61_anchor_followup,COMBINED,C61,5386,first,win,S11,1388
c61_anchor_followup,COMBINED,C61,5387,second,win,S11,1387
c61_anchor_followup,COMBINED,C61,5388,first,loss,S11,1390
c61_anchor_followup,COMBINED,C61,5389,second,loss,S11,1389
c61_anchor_followup,COMBINED,C61,5390,first,win,S11,1391
c61_anchor_followup,COMBINED,C61,5391,second,win,S11,1392
c61_anchor_followup,COMBINED,C61,5392,first,loss,S11,1393
c61_anchor_followup,COMBINED,C61,5393,second,win,S11,1394
c61_anchor_followup,COMBINED,C61,5394,first,loss,S11,1395
c61_anchor_followup,COMBINED,C61,5395,second,win,S11,1396
c61_anchor_followup,COMBINED,C61,5396,first,loss,S11,1397
c61_anchor_followup,COMBINED,C61,5397,second,win,S11,1399
c61_anchor_followup,COMBINED,C61,5398,first,win,S11,1398
c61_anchor_followup,COMBINED,C61,5399,second,win,S11,1401
c61_anchor_followup,COMBINED,C61,5400,first,loss,S11,1400
c61_anchor_followup,COMBINED,C61,5401,second,loss,S11,1402
c61_anchor_followup,COMBINED,C61,5402,first,loss,S11,1403
c61_anchor_followup,COMBINED,C61,5403,second,loss,S11,1404
c61_anchor_followup,COMBINED,C61,5404,first,loss,S11,1406
c61_anchor_followup,COMBINED,C61,5405,second,win,S11,1405
c61_anchor_followup,COMBINED,C61,5406,first,win,S11,1408
c61_anchor_followup,COMBINED,C61,5407,second,win,S11,1407
c61_anchor_followup,COMBINED,C61,5408,first,win,S11,1409
c61_anchor_followup,COMBINED,C61,5409,second,loss,S11,1410
c61_anchor_followup,COMBINED,C61,5410,first,loss,S11,1411
c61_anchor_followup,COMBINED,C61,5411,second,win,S11,1413
c61_anchor_followup,COMBINED,C61,5412,first,win,S11,1412
c61_anchor_followup,COMBINED,C61,5413,second,loss,S11,1414
c61_anchor_followup,COMBINED,C61,5414,first,win,S11,1415
c61_anchor_followup,COMBINED,C61,5415,second,loss,S11,1416
c61_anchor_followup,COMBINED,C61,5416,first,win,S11,1417
c61_anchor_followup,COMBINED,C61,5417,second,loss,S11,1418
c61_anchor_followup,COMBINED,C61,5418,first,win,S11,1419
c61_anchor_followup,COMBINED,C61,5419,second,loss,S11,1421
c61_anchor_followup,COMBINED,C61,5420,first,win,S11,1420
c61_anchor_followup,COMBINED,C61,5421,second,loss,S11,1422
c61_anchor_followup,COMBINED,C61,5422,first,loss,S11,1423
c61_anchor_followup,COMBINED,C61,5423,second,loss,S11,1424
c61_anchor_followup,COMBINED,C61,5424,first,win,S11,1425
c61_anchor_followup,COMBINED,C61,5425,second,win,S11,1426
c61_anchor_followup,COMBINED,C61,5426,first,loss,S11,1428
c61_anchor_followup,COMBINED,C61,5427,second,loss,S11,1427
c61_anchor_followup,COMBINED,C61,5428,first,win,S11,1429
c61_anchor_followup,COMBINED,C61,5429,second,loss,S11,1430
c61_anchor_followup,COMBINED,C61,5430,first,loss,S11,1432
c61_anchor_followup,COMBINED,C61,5431,second,win,S11,1431
c61_anchor_followup,COMBINED,C61,5432,first,loss,S11,1434
c61_anchor_followup,COMBINED,C61,5433,second,loss,S11,1433
c61_anchor_followup,COMBINED,C61,5434,first,win,S11,1435
c61_anchor_followup,COMBINED,C61,5435,second,loss,S11,1438
c61_anchor_followup,COMBINED,C61,5436,first,win,S11,1436
c61_anchor_followup,COMBINED,C61,5437,second,win,S11,1437
c61_anchor_followup,COMBINED,C61,5438,first,win,S11,1439
c61_anchor_followup,COMBINED,C61,5439,second,win,S11,1440
c61_anchor_followup,COMBINED,C61,5440,first,win,S11,1441
c61_anchor_followup,COMBINED,C61,5441,second,win,S11,1442
c61_anchor_followup,COMBINED,C61,5442,first,win,S11,1443
c61_anchor_followup,COMBINED,C61,5443,second,loss,S11,1444
c61_anchor_followup,COMBINED,C61,5444,first,loss,S11,1446
c61_anchor_followup,COMBINED,C61,5445,second,win,S11,1445
c61_anchor_followup,COMBINED,C61,5446,first,loss,S11,1447
c61_anchor_followup,COMBINED,C61,5447,second,loss,S11,1448
c61_anchor_followup,COMBINED,C61,5448,first,loss,S11,1449
c61_anchor_followup,COMBINED,C61,5449,second,win,S11,1450
c61_anchor_followup,COMBINED,C61,5450,first,win,S11,1451
c61_anchor_followup,COMBINED,C61,5451,second,win,S11,1452
c61_anchor_followup,COMBINED,C61,5452,first,loss,S11,1453
c61_anchor_followup,COMBINED,C61,5453,second,loss,S11,1454
c61_anchor_followup,COMBINED,C61,5454,first,win,S11,1455
c61_anchor_followup,COMBINED,C61,5455,second,win,S11,1456
c61_anchor_followup,COMBINED,C61,5456,first,loss,S11,1457
c61_anchor_followup,COMBINED,C61,5457,second,loss,S11,1458
c61_anchor_followup,COMBINED,C61,5458,first,loss,S11,1459
c61_anchor_followup,COMBINED,C61,5459,second,win,S11,1460
c61_anchor_followup,COMBINED,C61,5460,first,win,S11,1461
c61_anchor_followup,COMBINED,C61,5461,second,win,S11,1462
c61_anchor_followup,COMBINED,C61,5462,first,loss,S11,1463
c61_anchor_followup,COMBINED,C61,5463,second,win,S11,1464
c61_anchor_followup,COMBINED,C61,5464,first,loss,S11,1465
c61_anchor_followup,COMBINED,C61,5465,second,loss,S11,1466
c61_anchor_followup,COMBINED,C61,5466,first,loss,S11,1467
c61_anchor_followup,COMBINED,C61,5467,second,loss,S11,1468
c61_anchor_followup,COMBINED,C61,5468,first,loss,S11,1470
c61_anchor_followup,COMBINED,C61,5469,second,loss,S11,1469
c61_anchor_followup,COMBINED,C61,5470,first,win,S11,1471
c61_anchor_followup,COMBINED,C61,5471,second,win,S11,1472
c61_anchor_followup,COMBINED,C61,5472,first,win,S11,1474
c61_anchor_followup,COMBINED,C61,5473,second,win,S11,1473
c61_anchor_followup,COMBINED,C61,5474,first,win,S11,1476
c61_anchor_followup,COMBINED,C61,5475,second,loss,S11,1475
c61_anchor_followup,COMBINED,C61,5476,first,win,S11,1477
c61_anchor_followup,COMBINED,C61,5477,second,loss,S11,1478
c61_anchor_followup,COMBINED,C61,5478,first,loss,S11,1480
c61_anchor_followup,COMBINED,C61,5479,second,loss,S11,1479
c61_anchor_followup,COMBINED,C61,5480,first,win,S11,1481
c61_anchor_followup,COMBINED,C61,5481,second,loss,S11,1482
c61_anchor_followup,COMBINED,C61,5482,first,win,S11,1483
c61_anchor_followup,COMBINED,C61,5483,second,win,S11,1484
c61_anchor_followup,COMBINED,C61,5484,first,win,S11,1485
c61_anchor_followup,COMBINED,C61,5485,second,loss,S11,1486
c61_anchor_followup,COMBINED,C61,5486,first,win,S11,1487
c61_anchor_followup,COMBINED,C61,5487,second,win,S11,1488
c61_anchor_followup,COMBINED,C61,5488,first,win,S11,1489
c61_anchor_followup,COMBINED,C61,5489,second,win,S11,1490
c61_anchor_followup,COMBINED,C61,5490,first,win,S11,1491
c61_anchor_followup,COMBINED,C61,5491,second,loss,S11,1493
c61_anchor_followup,COMBINED,C61,5492,first,win,S11,1492
c61_anchor_followup,COMBINED,C61,5493,second,win,S11,1496
c61_anchor_followup,COMBINED,C61,5494,first,loss,S11,1494
c61_anchor_followup,COMBINED,C61,5495,second,loss,S11,1495
c61_anchor_followup,COMBINED,C61,5496,first,win,S11,1497
c61_anchor_followup,COMBINED,C61,5497,second,win,S11,1498
c61_anchor_followup,COMBINED,C61,5498,first,loss,S11,1499
c61_anchor_followup,COMBINED,C61,5499,second,win,S11,1500
c61_anchor_followup,COMBINED,C61,5500,first,loss,S11,1502
c61_anchor_followup,COMBINED,C61,5501,second,loss,S11,1501
c61_anchor_followup,COMBINED,C61,5502,first,win,S11,1504
c61_anchor_followup,COMBINED,C61,5503,second,loss,S11,1503
c61_anchor_followup,COMBINED,C61,5504,first,win,S11,1505
c61_anchor_followup,COMBINED,C61,5505,second,win,S11,1506
c61_anchor_followup,COMBINED,C61,5506,first,win,S11,1508
c61_anchor_followup,COMBINED,C61,5507,second,win,S11,1507
c61_anchor_followup,COMBINED,C61,5508,first,loss,S11,1510
c61_anchor_followup,COMBINED,C61,5509,second,loss,S11,1509
c61_anchor_followup,COMBINED,C61,5510,first,loss,S11,1511
c61_anchor_followup,COMBINED,C61,5511,second,win,S11,1513
c61_anchor_followup,COMBINED,C61,5512,first,loss,S11,1512
c61_anchor_followup,COMBINED,C61,5513,second,loss,S11,1514
c61_anchor_followup,COMBINED,C61,5514,first,win,S11,1515
c61_anchor_followup,COMBINED,C61,5515,second,win,S11,1517
c61_anchor_followup,COMBINED,C61,5516,first,win,S11,1516
c61_anchor_followup,COMBINED,C61,5517,second,loss,S11,1519
c61_anchor_followup,COMBINED,C61,5518,first,win,S11,1518
c61_anchor_followup,COMBINED,C61,5519,second,loss,S11,1521
c61_anchor_followup,COMBINED,C61,5520,first,loss,S11,1520
c61_anchor_followup,COMBINED,C61,5521,second,win,S11,1522
c61_anchor_followup,COMBINED,C61,5522,first,loss,S11,1523
c61_anchor_followup,COMBINED,C61,5523,second,loss,S11,1524
c61_anchor_followup,COMBINED,C61,5524,first,loss,S11,1525
c61_anchor_followup,COMBINED,C61,5525,second,loss,S11,1526
c61_anchor_followup,COMBINED,C61,5526,first,loss,S11,1527
c61_anchor_followup,COMBINED,C61,5527,second,loss,S11,1528
c61_anchor_followup,COMBINED,C61,5528,first,win,S11,1529
c61_anchor_followup,COMBINED,C61,5529,second,win,S11,1531
c61_anchor_followup,COMBINED,C61,5530,first,loss,S11,1530
c61_anchor_followup,COMBINED,C61,5531,second,loss,S11,1532
c61_anchor_followup,COMBINED,C61,5532,first,loss,S11,1533
c61_anchor_followup,COMBINED,C61,5533,second,loss,S11,1534
c61_anchor_followup,COMBINED,C61,5534,first,loss,S11,1535
c61_anchor_followup,COMBINED,C61,5535,second,win,S11,1536
c61_anchor_followup,COMBINED,C61,5536,first,win,S11,1537
c61_anchor_followup,COMBINED,C61,5537,second,loss,S11,1538
c61_anchor_followup,COMBINED,C61,5538,first,win,S11,1539
c61_anchor_followup,COMBINED,C61,5539,second,win,S11,1540
c61_anchor_followup,COMBINED,C61,5540,first,win,S11,1541
c61_anchor_followup,COMBINED,C61,5541,second,loss,S11,1543
c61_anchor_followup,COMBINED,C61,5542,first,loss,S11,1542
c61_anchor_followup,COMBINED,C61,5543,second,win,S11,1545
c61_anchor_followup,COMBINED,C61,5544,first,win,S11,1544
c61_anchor_followup,COMBINED,C61,5545,second,win,S11,1546
c61_anchor_followup,COMBINED,C61,5546,first,loss,S11,1548
c61_anchor_followup,COMBINED,C61,5547,second,win,S11,1547
c61_anchor_followup,COMBINED,C61,5548,first,win,S11,1550
c61_anchor_followup,COMBINED,C61,5549,second,win,S11,1549
c61_anchor_followup,COMBINED,C61,5550,first,loss,S11,1551
c61_anchor_followup,COMBINED,C61,5551,second,loss,S11,1552
c61_anchor_followup,COMBINED,C61,5552,first,loss,S11,1553
c61_anchor_followup,COMBINED,C61,5553,second,loss,S11,1554
c61_anchor_followup,COMBINED,C61,5554,first,loss,S11,1555
c61_anchor_followup,COMBINED,C61,5555,second,win,S11,1556
c61_anchor_followup,COMBINED,C61,5556,first,loss,S11,1557
c61_anchor_followup,COMBINED,C61,5557,second,loss,S11,1558
c61_anchor_followup,COMBINED,C61,5558,first,loss,S11,1559
c61_anchor_followup,COMBINED,C61,5559,second,loss,S11,1561
c61_anchor_followup,COMBINED,C61,5560,first,win,S11,1560
c61_anchor_followup,COMBINED,C61,5561,second,loss,S11,1564
c61_anchor_followup,COMBINED,C61,5562,first,win,S11,1562
c61_anchor_followup,COMBINED,C61,5563,second,win,S11,1563
c61_anchor_followup,COMBINED,C61,5564,first,win,S11,1565
c61_anchor_followup,COMBINED,C61,5565,second,loss,S11,1566
c61_anchor_followup,COMBINED,C61,5566,first,win,S11,1567
c61_anchor_followup,COMBINED,C61,5567,second,win,S11,1568
c61_anchor_followup,COMBINED,C61,5568,first,loss,S11,1570
c61_anchor_followup,COMBINED,C61,5569,second,loss,S11,1569
c61_anchor_followup,COMBINED,C61,5570,first,win,S11,1571
c61_anchor_followup,COMBINED,C61,5571,second,loss,S11,1572
c61_anchor_followup,COMBINED,C61,5572,first,loss,S11,1574
c61_anchor_followup,COMBINED,C61,5573,second,loss,S11,1573
c61_anchor_followup,COMBINED,C61,5574,first,win,S11,1575
c61_anchor_followup,COMBINED,C61,5575,second,win,S11,1576
c61_anchor_followup,COMBINED,C61,5576,first,win,S11,1577
c61_anchor_followup,COMBINED,C61,5577,second,loss,S11,1578
c61_anchor_followup,COMBINED,C61,5578,first,loss,S11,1579
c61_anchor_followup,COMBINED,C61,5579,second,win,S11,1580
c61_anchor_followup,COMBINED,C61,5580,first,loss,S11,1581
c61_anchor_followup,COMBINED,C61,5581,second,loss,S11,1582
c61_anchor_followup,COMBINED,C61,5582,first,loss,S11,1583
c61_anchor_followup,COMBINED,C61,5583,second,win,S11,1585
c61_anchor_followup,COMBINED,C61,5584,first,loss,S11,1584
c61_anchor_followup,COMBINED,C61,5585,second,loss,S11,1586
c61_anchor_followup,COMBINED,C61,5586,first,loss,S11,1588
c61_anchor_followup,COMBINED,C61,5587,second,win,S11,1587
c61_anchor_followup,COMBINED,C61,5588,first,loss,S11,1590
c61_anchor_followup,COMBINED,C61,5589,second,loss,S11,1589
c61_anchor_followup,COMBINED,C61,5590,first,loss,S11,1591
c61_anchor_followup,COMBINED,C61,5591,second,loss,S11,1592
c61_anchor_followup,COMBINED,C61,5592,first,loss,S11,1593
c61_anchor_followup,COMBINED,C61,5593,second,loss,S11,1594
c61_anchor_followup,COMBINED,C61,5594,first,loss,S11,1595
c61_anchor_followup,COMBINED,C61,5595,second,loss,S11,1596
c61_anchor_followup,COMBINED,C61,5596,first,win,S11,1598
c61_anchor_followup,COMBINED,C61,5597,second,win,S11,1597
c61_anchor_followup,COMBINED,C61,5598,first,loss,S11,1599
c61_anchor_followup,COMBINED,C61,5599,second,loss,S11,1600
c61_anchor_followup,COMBINED,C61,5600,first,win,S11,1601
c61_anchor_followup,COMBINED,C61,5601,second,loss,S11,1602
c61_anchor_followup,COMBINED,C61,5602,first,loss,S11,1603
c61_anchor_followup,COMBINED,C61,5603,second,loss,S11,1604
c61_anchor_followup,COMBINED,C61,5604,first,loss,S11,1605
c61_anchor_followup,COMBINED,C61,5605,second,win,S11,1606
c61_anchor_followup,COMBINED,C61,5606,first,win,S11,1607
c61_anchor_followup,COMBINED,C61,5607,second,loss,S11,1608
c61_anchor_followup,COMBINED,C61,5608,first,win,S11,1609
c61_anchor_followup,COMBINED,C61,5609,second,loss,S11,1610
c61_anchor_followup,COMBINED,C61,5610,first,loss,S11,1611
c61_anchor_followup,COMBINED,C61,5611,second,win,S11,1612
c61_anchor_followup,COMBINED,C61,5612,first,loss,S11,1613
c61_anchor_followup,COMBINED,C61,5613,second,loss,S11,1615
c61_anchor_followup,COMBINED,C61,5614,first,loss,S11,1614
c61_anchor_followup,COMBINED,C61,5615,second,win,S11,1616
c61_anchor_followup,COMBINED,C61,5616,first,win,S11,1617
c61_anchor_followup,COMBINED,C61,5617,second,loss,S11,1618
c61_anchor_followup,COMBINED,C61,5618,first,win,S11,1619
c61_anchor_followup,COMBINED,C61,5619,second,loss,S11,1620
c61_anchor_followup,COMBINED,C61,5620,first,loss,S11,1621
c61_anchor_followup,COMBINED,C61,5621,second,loss,S11,1622
c61_anchor_followup,COMBINED,C61,5622,first,loss,S11,1623
c61_anchor_followup,COMBINED,C61,5623,second,win,S11,1625
c61_anchor_followup,COMBINED,C61,5624,first,win,S11,1624
c61_anchor_followup,COMBINED,C61,5625,second,loss,S11,1627
c61_anchor_followup,COMBINED,C61,5626,first,loss,S11,1626
c61_anchor_followup,COMBINED,C61,5627,second,loss,S11,1629
c61_anchor_followup,COMBINED,C61,5628,first,loss,S11,1628
c61_anchor_followup,COMBINED,C61,5629,second,loss,S11,1630
c61_anchor_followup,COMBINED,C61,5630,first,loss,S11,1631
c61_anchor_followup,COMBINED,C61,5631,second,win,S11,1632
c61_anchor_followup,COMBINED,C61,5632,first,win,S11,1633
c61_anchor_followup,COMBINED,C61,5633,second,win,S11,1634
c61_anchor_followup,COMBINED,C61,5634,first,loss,S11,1635
c61_anchor_followup,COMBINED,C61,5635,second,loss,S11,1636
c61_anchor_followup,COMBINED,C61,5636,first,win,S11,1637
c61_anchor_followup,COMBINED,C61,5637,second,loss,S11,1638
c61_anchor_followup,COMBINED,C61,5638,first,win,S11,1639
c61_anchor_followup,COMBINED,C61,5639,second,loss,S11,1640
c61_anchor_followup,COMBINED,C61,5640,first,loss,S11,1641
c61_anchor_followup,COMBINED,C61,5641,second,loss,S11,1643
c61_anchor_followup,COMBINED,C61,5642,first,loss,S11,1642
c61_anchor_followup,COMBINED,C61,5643,second,loss,S11,1644
c61_anchor_followup,COMBINED,C61,5644,first,loss,S11,1646
c61_anchor_followup,COMBINED,C61,5645,second,win,S11,1645
c61_anchor_followup,COMBINED,C61,5646,first,loss,S11,1648
c61_anchor_followup,COMBINED,C61,5647,second,loss,S11,1647
c61_anchor_followup,COMBINED,C61,5648,first,draw,S11,1649
c61_anchor_followup,COMBINED,C61,5649,second,win,S11,1651
c61_anchor_followup,COMBINED,C61,5650,first,win,S11,1650
c61_anchor_followup,COMBINED,C61,5651,second,win,S11,1652
c61_anchor_followup,COMBINED,C61,5652,first,loss,S11,1653
c61_anchor_followup,COMBINED,C61,5653,second,loss,S11,1654
c61_anchor_followup,COMBINED,C61,5654,first,loss,S11,1655
c61_anchor_followup,COMBINED,C61,5655,second,loss,S11,1656
c61_anchor_followup,COMBINED,C61,5656,first,win,S11,1657
c61_anchor_followup,COMBINED,C61,5657,second,loss,S11,1658
c61_anchor_followup,COMBINED,C61,5658,first,win,S11,1659
c61_anchor_followup,COMBINED,C61,5659,second,loss,S11,1661
c61_anchor_followup,COMBINED,C61,5660,first,loss,S11,1660
c61_anchor_followup,COMBINED,C61,5661,second,loss,S11,1663
c61_anchor_followup,COMBINED,C61,5662,first,loss,S11,1662
c61_anchor_followup,COMBINED,C61,5663,second,loss,S11,1664
c61_anchor_followup,COMBINED,C61,5664,first,win,S11,1665
c61_anchor_followup,COMBINED,C61,5665,second,win,S11,1666
c61_anchor_followup,COMBINED,C61,5666,first,win,S11,1667
c61_anchor_followup,COMBINED,C61,5667,second,loss,S11,1669
c61_anchor_followup,COMBINED,C61,5668,first,win,S11,1668
c61_anchor_followup,COMBINED,C61,5669,second,loss,S11,1671
c61_anchor_followup,COMBINED,C61,5670,first,win,S11,1670
c61_anchor_followup,COMBINED,C61,5671,second,win,S11,1672
c61_anchor_followup,COMBINED,C61,5672,first,loss,S11,1674
c61_anchor_followup,COMBINED,C61,5673,second,win,S11,1673
c61_anchor_followup,COMBINED,C61,5674,first,loss,S11,1675
c61_anchor_followup,COMBINED,C61,5675,second,loss,S11,1676
c61_anchor_followup,COMBINED,C61,5676,first,loss,S11,1677
c61_anchor_followup,COMBINED,C61,5677,second,win,S11,1679
c61_anchor_followup,COMBINED,C61,5678,first,win,S11,1678
c61_anchor_followup,COMBINED,C61,5679,second,win,S11,1680
c61_anchor_followup,COMBINED,C61,5680,first,loss,S11,1681
c61_anchor_followup,COMBINED,C61,5681,second,win,S11,1682
c61_anchor_followup,COMBINED,C61,5682,first,loss,S11,1684
c61_anchor_followup,COMBINED,C61,5683,second,loss,S11,1683
c61_anchor_followup,COMBINED,C61,5684,first,win,S11,1685
c61_anchor_followup,COMBINED,C61,5685,second,loss,S11,1686
c61_anchor_followup,COMBINED,C61,5686,first,loss,S11,1687
c61_anchor_followup,COMBINED,C61,5687,second,loss,S11,1688
c61_anchor_followup,COMBINED,C61,5688,first,win,S11,1689
c61_anchor_followup,COMBINED,C61,5689,second,loss,S11,1690
c61_anchor_followup,COMBINED,C61,5690,first,loss,S11,1691
c61_anchor_followup,COMBINED,C61,5691,second,win,S11,1692
c61_anchor_followup,COMBINED,C61,5692,first,loss,S11,1693
c61_anchor_followup,COMBINED,C61,5693,second,loss,S11,1695
c61_anchor_followup,COMBINED,C61,5694,first,win,S11,1694
c61_anchor_followup,COMBINED,C61,5695,second,loss,S11,1696
c61_anchor_followup,COMBINED,C61,5696,first,win,S11,1698
c61_anchor_followup,COMBINED,C61,5697,second,win,S11,1697
c61_anchor_followup,COMBINED,C61,5698,first,loss,S11,1700
c61_anchor_followup,COMBINED,C61,5699,second,win,S11,1699
c61_anchor_followup,COMBINED,C61,5700,first,win,S11,1701
c61_anchor_followup,COMBINED,C61,5701,second,loss,S11,1703
c61_anchor_followup,COMBINED,C61,5702,first,win,S11,1702
c61_anchor_followup,COMBINED,C61,5703,second,loss,S11,1705
c61_anchor_followup,COMBINED,C61,5704,first,loss,S11,1704
c61_anchor_followup,COMBINED,C61,5705,second,loss,S11,1706
c61_anchor_followup,COMBINED,C61,5706,first,win,S11,1707
c61_anchor_followup,COMBINED,C61,5707,second,win,S11,1708
c61_anchor_followup,COMBINED,C61,5708,first,win,S11,1709
c61_anchor_followup,COMBINED,C61,5709,second,win,S11,1710
c61_anchor_followup,COMBINED,C61,5710,first,loss,S11,1711
c61_anchor_followup,COMBINED,C61,5711,second,win,S11,1713
c61_anchor_followup,COMBINED,C61,5712,first,win,S11,1712
c61_anchor_followup,COMBINED,C61,5713,second,win,S11,1715
c61_anchor_followup,COMBINED,C61,5714,first,win,S11,1714
c61_anchor_followup,COMBINED,C61,5715,second,win,S11,1716
c61_anchor_followup,COMBINED,C61,5716,first,win,S11,1717
c61_anchor_followup,COMBINED,C61,5717,second,win,S11,1718
c61_anchor_followup,COMBINED,C61,5718,first,loss,S11,1720
c61_anchor_followup,COMBINED,C61,5719,second,win,S11,1719
c61_anchor_followup,COMBINED,C61,5720,first,win,S11,1721
c61_anchor_followup,COMBINED,C61,5721,second,win,S11,1722
c61_anchor_followup,COMBINED,C61,5722,first,loss,S11,1724
c61_anchor_followup,COMBINED,C61,5723,second,loss,S11,1723
c61_anchor_followup,COMBINED,C61,5724,first,win,S11,1725
c61_anchor_followup,COMBINED,C61,5725,second,loss,S11,1726
c61_anchor_followup,COMBINED,C61,5726,first,loss,S11,1727
c61_anchor_followup,COMBINED,C61,5727,second,win,S11,1728
c61_anchor_followup,COMBINED,C61,5728,first,win,S11,1729
c61_anchor_followup,COMBINED,C61,5729,second,loss,S11,1730
c61_anchor_followup,COMBINED,C61,5730,first,loss,S11,1731
c61_anchor_followup,COMBINED,C61,5731,second,win,S11,1732
c61_anchor_followup,COMBINED,C61,5732,first,win,S11,1733
c61_anchor_followup,COMBINED,C61,5733,second,win,S11,1734
c61_anchor_followup,COMBINED,C61,5734,first,win,S11,1735
c61_anchor_followup,COMBINED,C61,5735,second,win,S11,1736
c61_anchor_followup,COMBINED,C61,5736,first,win,S11,1738
c61_anchor_followup,COMBINED,C61,5737,second,loss,S11,1737
c61_anchor_followup,COMBINED,C61,5738,first,win,S11,1739
c61_anchor_followup,COMBINED,C61,5739,second,loss,S11,1740
c61_anchor_followup,COMBINED,C61,5740,first,loss,S11,1742
c61_anchor_followup,COMBINED,C61,5741,second,win,S11,1741
c61_anchor_followup,COMBINED,C61,5742,first,loss,S11,1743
c61_anchor_followup,COMBINED,C61,5743,second,win,S11,1744
c61_anchor_followup,COMBINED,C61,5744,first,win,S11,1745
c61_anchor_followup,COMBINED,C61,5745,second,loss,S11,1747
c61_anchor_followup,COMBINED,C61,5746,first,win,S11,1746
c61_anchor_followup,COMBINED,C61,5747,second,loss,S11,1749
c61_anchor_followup,COMBINED,C61,5748,first,loss,S11,1748
c61_anchor_followup,COMBINED,C61,5749,second,loss,S11,1750
c61_anchor_followup,COMBINED,C61,5750,first,win,S11,1751
c61_anchor_followup,COMBINED,C61,5751,second,loss,S11,1752
c61_anchor_followup,COMBINED,C61,5752,first,loss,S11,1753
c61_anchor_followup,COMBINED,C61,5753,second,loss,S11,1754
c61_anchor_followup,COMBINED,C61,5754,first,win,S11,1756
c61_anchor_followup,COMBINED,C61,5755,second,win,S11,1755
c61_anchor_followup,COMBINED,C61,5756,first,loss,S11,1758
c61_anchor_followup,COMBINED,C61,5757,second,win,S11,1757
c61_anchor_followup,COMBINED,C61,5758,first,loss,S11,1759
c61_anchor_followup,COMBINED,C61,5759,second,loss,S11,1760
c61_anchor_followup,COMBINED,C61,5760,first,win,S11,1761
c61_anchor_followup,COMBINED,C61,5761,second,win,S11,1762
c61_anchor_followup,COMBINED,C61,5762,first,loss,S11,1763
c61_anchor_followup,COMBINED,C61,5763,second,loss,S11,1764
c61_anchor_followup,COMBINED,C61,5764,first,loss,S11,1765
c61_anchor_followup,COMBINED,C61,5765,second,loss,S11,1766
c61_anchor_followup,COMBINED,C61,5766,first,loss,S11,1767
c61_anchor_followup,COMBINED,C61,5767,second,loss,S11,1768
c61_anchor_followup,COMBINED,C61,5768,first,win,S11,1769
c61_anchor_followup,COMBINED,C61,5769,second,loss,S11,1770
c61_anchor_followup,COMBINED,C61,5770,first,win,S11,1771
c61_anchor_followup,COMBINED,C61,5771,second,win,S11,1772
c61_anchor_followup,COMBINED,C61,5772,first,loss,S11,1774
c61_anchor_followup,COMBINED,C61,5773,second,loss,S11,1773
c61_anchor_followup,COMBINED,C61,5774,first,loss,S11,1775
c61_anchor_followup,COMBINED,C61,5775,second,win,S11,1776
c61_anchor_followup,COMBINED,C61,5776,first,loss,S11,1777
c61_anchor_followup,COMBINED,C61,5777,second,win,S11,1778
c61_anchor_followup,COMBINED,C61,5778,first,loss,S11,1779
c61_anchor_followup,COMBINED,C61,5779,second,loss,S11,1780
c61_anchor_followup,COMBINED,C61,5780,first,win,S11,1781
c61_anchor_followup,COMBINED,C61,5781,second,win,S11,1782
c61_anchor_followup,COMBINED,C61,5782,first,loss,S11,1784
c61_anchor_followup,COMBINED,C61,5783,second,loss,S11,1783
c61_anchor_followup,COMBINED,C61,5784,first,loss,S11,1786
c61_anchor_followup,COMBINED,C61,5785,second,win,S11,1785
c61_anchor_followup,COMBINED,C61,5786,first,win,S11,1787
c61_anchor_followup,COMBINED,C61,5787,second,loss,S11,1788
c61_anchor_followup,COMBINED,C61,5788,first,loss,S11,1789
c61_anchor_followup,COMBINED,C61,5789,second,loss,S11,1791
c61_anchor_followup,COMBINED,C61,5790,first,win,S11,1790
c61_anchor_followup,COMBINED,C61,5791,second,loss,S11,1793
c61_anchor_followup,COMBINED,C61,5792,first,loss,S11,1792
c61_anchor_followup,COMBINED,C61,5793,second,loss,S11,1794
c61_anchor_followup,COMBINED,C61,5794,first,win,S11,1795
c61_anchor_followup,COMBINED,C61,5795,second,loss,S11,1796
c61_anchor_followup,COMBINED,C61,5796,first,win,S11,1797
c61_anchor_followup,COMBINED,C61,5797,second,loss,S11,1798
c61_anchor_followup,COMBINED,C61,5798,first,loss,S11,1800
c61_anchor_followup,COMBINED,C61,5799,second,loss,S11,1799
c61_anchor_followup,COMBINED,C61,5800,first,loss,S11,1801
c61_anchor_followup,COMBINED,C61,5801,second,loss,S11,1802
c61_anchor_followup,COMBINED,C61,5802,first,loss,S11,1803
c61_anchor_followup,COMBINED,C61,5803,second,loss,S11,1805
c61_anchor_followup,COMBINED,C61,5804,first,loss,S11,1804
c61_anchor_followup,COMBINED,C61,5805,second,win,S11,1806
c61_anchor_followup,COMBINED,C61,5806,first,win,S11,1808
c61_anchor_followup,COMBINED,C61,5807,second,loss,S11,1807
c61_anchor_followup,COMBINED,C61,5808,first,win,S11,1809
c61_anchor_followup,COMBINED,C61,5809,second,loss,S11,1810
c61_anchor_followup,COMBINED,C61,5810,first,loss,S11,1811
c61_anchor_followup,COMBINED,C61,5811,second,loss,S11,1813
c61_anchor_followup,COMBINED,C61,5812,first,win,S11,1812
c61_anchor_followup,COMBINED,C61,5813,second,loss,S11,1814
c61_anchor_followup,COMBINED,C61,5814,first,win,S11,1815
c61_anchor_followup,COMBINED,C61,5815,second,win,S11,1816
c61_anchor_followup,COMBINED,C61,5816,first,win,S11,1817
c61_anchor_followup,COMBINED,C61,5817,second,loss,S11,1818
c61_anchor_followup,COMBINED,C61,5818,first,loss,S11,1819
c61_anchor_followup,COMBINED,C61,5819,second,win,S11,1820
c61_anchor_followup,COMBINED,C61,5820,first,loss,S11,1821
c61_anchor_followup,COMBINED,C61,5821,second,loss,S11,1822
c61_anchor_followup,COMBINED,C61,5822,first,loss,S11,1823
c61_anchor_followup,COMBINED,C61,5823,second,loss,S11,1825
c61_anchor_followup,COMBINED,C61,5824,first,win,S11,1824
c61_anchor_followup,COMBINED,C61,5825,second,win,S11,1826
c61_anchor_followup,COMBINED,C61,5826,first,win,S11,1827
c61_anchor_followup,COMBINED,C61,5827,second,loss,S11,1828
c61_anchor_followup,COMBINED,C61,5828,first,loss,S11,1830
c61_anchor_followup,COMBINED,C61,5829,second,loss,S11,1829
c61_anchor_followup,COMBINED,C61,5830,first,win,S11,1831
c61_anchor_followup,COMBINED,C61,5831,second,loss,S11,1833
c61_anchor_followup,COMBINED,C61,5832,first,win,S11,1832
c61_anchor_followup,COMBINED,C61,5833,second,loss,S11,1834
c61_anchor_followup,COMBINED,C61,5834,first,loss,S11,1836
c61_anchor_followup,COMBINED,C61,5835,second,win,S11,1835
c61_anchor_followup,COMBINED,C61,5836,first,loss,S11,1838
c61_anchor_followup,COMBINED,C61,5837,second,win,S11,1837
c61_anchor_followup,COMBINED,C61,5838,first,win,S11,1839
c61_anchor_followup,COMBINED,C61,5839,second,win,S11,1840
c61_anchor_followup,COMBINED,C61,5840,first,win,S11,1841
c61_anchor_followup,COMBINED,C61,5841,second,draw,S11,1843
c61_anchor_followup,COMBINED,C61,5842,first,loss,S11,1842
c61_anchor_followup,COMBINED,C61,5843,second,loss,S11,1844
c61_anchor_followup,COMBINED,C61,5844,first,loss,S11,1845
c61_anchor_followup,COMBINED,C61,5845,second,loss,S11,1847
c61_anchor_followup,COMBINED,C61,5846,first,loss,S11,1846
c61_anchor_followup,COMBINED,C61,5847,second,loss,S11,1848
c61_anchor_followup,COMBINED,C61,5848,first,loss,S11,1849
c61_anchor_followup,COMBINED,C61,5849,second,loss,S11,1850
c61_anchor_followup,COMBINED,C61,5850,first,win,S11,1851
c61_anchor_followup,COMBINED,C61,5851,second,loss,S11,1852
c61_anchor_followup,COMBINED,C61,5852,first,loss,S11,1853
c61_anchor_followup,COMBINED,C61,5853,second,loss,S11,1854
c61_anchor_followup,COMBINED,C61,5854,first,loss,S11,1855
c61_anchor_followup,COMBINED,C61,5855,second,loss,S11,1856
c61_anchor_followup,COMBINED,C61,5856,first,win,S11,1857
c61_anchor_followup,COMBINED,C61,5857,second,win,S11,1858
c61_anchor_followup,COMBINED,C61,5858,first,win,S11,1859
c61_anchor_followup,COMBINED,C61,5859,second,loss,S11,1861
c61_anchor_followup,COMBINED,C61,5860,first,loss,S11,1860
c61_anchor_followup,COMBINED,C61,5861,second,loss,S11,1862
c61_anchor_followup,COMBINED,C61,5862,first,loss,S11,1863
c61_anchor_followup,COMBINED,C61,5863,second,win,S11,1864
c61_anchor_followup,COMBINED,C61,5864,first,win,S11,1865
c61_anchor_followup,COMBINED,C61,5865,second,loss,S11,1867
c61_anchor_followup,COMBINED,C61,5866,first,win,S11,1866
c61_anchor_followup,COMBINED,C61,5867,second,win,S11,1868
c61_anchor_followup,COMBINED,C61,5868,first,loss,S11,1869
c61_anchor_followup,COMBINED,C61,5869,second,loss,S11,1870
c61_anchor_followup,COMBINED,C61,5870,first,loss,S11,1871
c61_anchor_followup,COMBINED,C61,5871,second,loss,S11,1873
c61_anchor_followup,COMBINED,C61,5872,first,win,S11,1872
c61_anchor_followup,COMBINED,C61,5873,second,loss,S11,1874
c61_anchor_followup,COMBINED,C61,5874,first,win,S11,1875
c61_anchor_followup,COMBINED,C61,5875,second,win,S11,1876
c61_anchor_followup,COMBINED,C61,5876,first,win,S11,1877
c61_anchor_followup,COMBINED,C61,5877,second,win,S11,1878
c61_anchor_followup,COMBINED,C61,5878,first,win,S11,1879
c61_anchor_followup,COMBINED,C61,5879,second,loss,S11,1881
c61_anchor_followup,COMBINED,C61,5880,first,win,S11,1880
c61_anchor_followup,COMBINED,C61,5881,second,win,S11,1882
c61_anchor_followup,COMBINED,C61,5882,first,loss,S11,1883
c61_anchor_followup,COMBINED,C61,5883,second,loss,S11,1884
c61_anchor_followup,COMBINED,C61,5884,first,loss,S11,1886
c61_anchor_followup,COMBINED,C61,5885,second,win,S11,1885
c61_anchor_followup,COMBINED,C61,5886,first,loss,S11,1888
c61_anchor_followup,COMBINED,C61,5887,second,win,S11,1887
c61_anchor_followup,COMBINED,C61,5888,first,loss,S11,1889
c61_anchor_followup,COMBINED,C61,5889,second,loss,S11,1890
c61_anchor_followup,COMBINED,C61,5890,first,loss,S11,1892
c61_anchor_followup,COMBINED,C61,5891,second,loss,S11,1891
c61_anchor_followup,COMBINED,C61,5892,first,win,S11,1893
c61_anchor_followup,COMBINED,C61,5893,second,loss,S11,1894
c61_anchor_followup,COMBINED,C61,5894,first,win,S11,1896
c61_anchor_followup,COMBINED,C61,5895,second,loss,S11,1895
c61_anchor_followup,COMBINED,C61,5896,first,win,S11,1897
c61_anchor_followup,COMBINED,C61,5897,second,win,S11,1898
c61_anchor_followup,COMBINED,C61,5898,first,win,S11,1899
c61_anchor_followup,COMBINED,C61,5899,second,loss,S11,1900
c61_anchor_followup,COMBINED,C61,5900,first,loss,S11,1901
c61_anchor_followup,COMBINED,C61,5901,second,loss,S11,1902
c61_anchor_followup,COMBINED,C61,5902,first,win,S11,1903
c61_anchor_followup,COMBINED,C61,5903,second,loss,S11,1904
c61_anchor_followup,COMBINED,C61,5904,first,loss,S11,1905
c61_anchor_followup,COMBINED,C61,5905,second,loss,S11,1906
c61_anchor_followup,COMBINED,C61,5906,first,loss,S11,1908
c61_anchor_followup,COMBINED,C61,5907,second,win,S11,1907
c61_anchor_followup,COMBINED,C61,5908,first,loss,S11,1909
c61_anchor_followup,COMBINED,C61,5909,second,loss,S11,1910
c61_anchor_followup,COMBINED,C61,5910,first,loss,S11,1911
c61_anchor_followup,COMBINED,C61,5911,second,loss,S11,1912
c61_anchor_followup,COMBINED,C61,5912,first,loss,S11,1913
c61_anchor_followup,COMBINED,C61,5913,second,loss,S11,1915
c61_anchor_followup,COMBINED,C61,5914,first,win,S11,1914
c61_anchor_followup,COMBINED,C61,5915,second,loss,S11,1917
c61_anchor_followup,COMBINED,C61,5916,first,win,S11,1916
c61_anchor_followup,COMBINED,C61,5917,second,win,S11,1918
c61_anchor_followup,COMBINED,C61,5918,first,win,S11,1919
c61_anchor_followup,COMBINED,C61,5919,second,loss,S11,1920
c61_anchor_followup,COMBINED,C61,5920,first,loss,S11,1921
c61_anchor_followup,COMBINED,C61,5921,second,win,S11,1922
c61_anchor_followup,COMBINED,C61,5922,first,loss,S11,1923
c61_anchor_followup,COMBINED,C61,5923,second,win,S11,1924
c61_anchor_followup,COMBINED,C61,5924,first,loss,S11,1925
c61_anchor_followup,COMBINED,C61,5925,second,loss,S11,1926
c61_anchor_followup,COMBINED,C61,5926,first,loss,S11,1927
c61_anchor_followup,COMBINED,C61,5927,second,loss,S11,1928
c61_anchor_followup,COMBINED,C61,5928,first,win,S11,1929
c61_anchor_followup,COMBINED,C61,5929,second,win,S11,1930
c61_anchor_followup,COMBINED,C61,5930,first,loss,S11,1931
c61_anchor_followup,COMBINED,C61,5931,second,loss,S11,1932
c61_anchor_followup,COMBINED,C61,5932,first,win,S11,1933
c61_anchor_followup,COMBINED,C61,5933,second,win,S11,1934
c61_anchor_followup,COMBINED,C61,5934,first,loss,S11,1935
c61_anchor_followup,COMBINED,C61,5935,second,loss,S11,1936
c61_anchor_followup,COMBINED,C61,5936,first,win,S11,1937
c61_anchor_followup,COMBINED,C61,5937,second,win,S11,1938
c61_anchor_followup,COMBINED,C61,5938,first,win,S11,1940
c61_anchor_followup,COMBINED,C61,5939,second,loss,S11,1939
c61_anchor_followup,COMBINED,C61,5940,first,loss,S11,1941
c61_anchor_followup,COMBINED,C61,5941,second,loss,S11,1942
c61_anchor_followup,COMBINED,C61,5942,first,loss,S11,1943
c61_anchor_followup,COMBINED,C61,5943,second,win,S11,1944
c61_anchor_followup,COMBINED,C61,5944,first,win,S11,1945
c61_anchor_followup,COMBINED,C61,5945,second,loss,S11,1947
c61_anchor_followup,COMBINED,C61,5946,first,win,S11,1946
c61_anchor_followup,COMBINED,C61,5947,second,loss,S11,1948
c61_anchor_followup,COMBINED,C61,5948,first,loss,S11,1949
c61_anchor_followup,COMBINED,C61,5949,second,win,S11,1950
c61_anchor_followup,COMBINED,C61,5950,first,win,S11,1951
c61_anchor_followup,COMBINED,C61,5951,second,win,S11,1952
c61_anchor_followup,COMBINED,C61,5952,first,win,S11,1953
c61_anchor_followup,COMBINED,C61,5953,second,win,S11,1954
c61_anchor_followup,COMBINED,C61,5954,first,loss,S11,1956
c61_anchor_followup,COMBINED,C61,5955,second,loss,S11,1955
c61_anchor_followup,COMBINED,C61,5956,first,loss,S11,1957
c61_anchor_followup,COMBINED,C61,5957,second,win,S11,1958
c61_anchor_followup,COMBINED,C61,5958,first,win,S11,1960
c61_anchor_followup,COMBINED,C61,5959,second,win,S11,1959
c61_anchor_followup,COMBINED,C61,5960,first,win,S11,1961
c61_anchor_followup,COMBINED,C61,5961,second,loss,S11,1962
c61_anchor_followup,COMBINED,C61,5962,first,loss,S11,1963
c61_anchor_followup,COMBINED,C61,5963,second,win,S11,1964
c61_anchor_followup,COMBINED,C61,5964,first,win,S11,1965
c61_anchor_followup,COMBINED,C61,5965,second,loss,S11,1966
c61_anchor_followup,COMBINED,C61,5966,first,loss,S11,1967
c61_anchor_followup,COMBINED,C61,5967,second,loss,S11,1968
c61_anchor_followup,COMBINED,C61,5968,first,loss,S11,1969
c61_anchor_followup,COMBINED,C61,5969,second,loss,S11,1970
c61_anchor_followup,COMBINED,C61,5970,first,loss,S11,1971
c61_anchor_followup,COMBINED,C61,5971,second,win,S11,1972
c61_anchor_followup,COMBINED,C61,5972,first,win,S11,1973
c61_anchor_followup,COMBINED,C61,5973,second,win,S11,1974
c61_anchor_followup,COMBINED,C61,5974,first,loss,S11,1975
c61_anchor_followup,COMBINED,C61,5975,second,loss,S11,1976
c61_anchor_followup,COMBINED,C61,5976,first,win,S11,1977
c61_anchor_followup,COMBINED,C61,5977,second,loss,S11,1978
c61_anchor_followup,COMBINED,C61,5978,first,loss,S11,1979
c61_anchor_followup,COMBINED,C61,5979,second,loss,S11,1980
c61_anchor_followup,COMBINED,C61,5980,first,loss,S11,1982
c61_anchor_followup,COMBINED,C61,5981,second,loss,S11,1981
c61_anchor_followup,COMBINED,C61,5982,first,win,S11,1983
c61_anchor_followup,COMBINED,C61,5983,second,win,S11,1984
c61_anchor_followup,COMBINED,C61,5984,first,loss,S11,1986
c61_anchor_followup,COMBINED,C61,5985,second,win,S11,1985
c61_anchor_followup,COMBINED,C61,5986,first,win,S11,1989
c61_anchor_followup,COMBINED,C61,5987,second,win,S11,1987
c61_anchor_followup,COMBINED,C61,5988,first,win,S11,1988
c61_anchor_followup,COMBINED,C61,5989,second,loss,S11,1990
c61_anchor_followup,COMBINED,C61,5990,first,loss,S11,1991
c61_anchor_followup,COMBINED,C61,5991,second,loss,S11,1992
c61_anchor_followup,COMBINED,C61,5992,first,loss,S11,1994
c61_anchor_followup,COMBINED,C61,5993,second,loss,S11,1993
c61_anchor_followup,COMBINED,C61,5994,first,win,S11,1995
c61_anchor_followup,COMBINED,C61,5995,second,win,S11,1996
c61_anchor_followup,COMBINED,C61,5996,first,loss,S11,1998
c61_anchor_followup,COMBINED,C61,5997,second,win,S11,1997
c61_anchor_followup,COMBINED,C61,5998,first,loss,S11,1999
c61_anchor_followup,COMBINED,C61,5999,second,loss,S11,2000
c61_anchor_followup,COMBINED,C61,6000,first,win,S11,2001
c61_anchor_followup,COMBINED,C61,6001,second,loss,S11,2002
c61_anchor_followup,COMBINED,C61,6002,first,loss,S11,2003
c61_anchor_followup,COMBINED,C61,6003,second,win,S11,2005
c61_anchor_followup,COMBINED,C61,6004,first,win,S11,2004
c61_anchor_followup,COMBINED,C61,6005,second,loss,S11,2006
c61_anchor_followup,COMBINED,C61,6006,first,loss,S11,2007
c61_anchor_followup,COMBINED,C61,6007,second,win,S11,2008
c61_anchor_followup,COMBINED,C61,6008,first,loss,S11,2009
c61_anchor_followup,COMBINED,C61,6009,second,loss,S11,2010
c61_anchor_followup,COMBINED,C61,6010,first,win,S11,2011
c61_anchor_followup,COMBINED,C61,6011,second,loss,S11,2013
c61_anchor_followup,COMBINED,C61,6012,first,win,S11,2012
c61_anchor_followup,COMBINED,C61,6013,second,loss,S11,2014
c61_anchor_followup,COMBINED,C61,6014,first,loss,S11,2016
c61_anchor_followup,COMBINED,C61,6015,second,win,S11,2015
c61_anchor_followup,COMBINED,C61,6016,first,loss,S11,2017
c61_anchor_followup,COMBINED,C61,6017,second,loss,S11,2019
c61_anchor_followup,COMBINED,C61,6018,first,win,S11,2018
c61_anchor_followup,COMBINED,C61,6019,second,loss,S11,2022
c61_anchor_followup,COMBINED,C61,6020,first,win,S11,2020
c61_anchor_followup,COMBINED,C61,6021,second,win,S11,2021
c61_anchor_followup,COMBINED,C61,6022,first,win,S11,2023
c61_anchor_followup,COMBINED,C61,6023,second,loss,S11,2024
c61_anchor_followup,COMBINED,C61,6024,first,loss,S11,2025
c61_anchor_followup,COMBINED,C61,6025,second,win,S11,2026
c61_anchor_followup,COMBINED,C61,6026,first,loss,S11,2028
c61_anchor_followup,COMBINED,C61,6027,second,win,S11,2027
c61_anchor_followup,COMBINED,C61,6028,first,loss,S11,2029
c61_anchor_followup,COMBINED,C61,6029,second,loss,S11,2030
c61_anchor_followup,COMBINED,C61,6030,first,loss,S11,2031
c61_anchor_followup,COMBINED,C61,6031,second,win,S11,2032
c61_anchor_followup,COMBINED,C61,6032,first,win,S11,2034
c61_anchor_followup,COMBINED,C61,6033,second,loss,S11,2033
c61_anchor_followup,COMBINED,C61,6034,first,win,S11,2035
c61_anchor_followup,COMBINED,C61,6035,second,loss,S11,2036
c61_anchor_followup,COMBINED,C61,6036,first,loss,S11,2037
c61_anchor_followup,COMBINED,C61,6037,second,loss,S11,2038
c61_anchor_followup,COMBINED,C61,6038,first,win,S11,2039
c61_anchor_followup,COMBINED,C61,6039,second,loss,S11,2040
c61_anchor_followup,COMBINED,C61,6040,first,win,S11,2041
c61_anchor_followup,COMBINED,C61,6041,second,loss,S11,2042
c61_anchor_followup,COMBINED,C61,6042,first,win,S11,2043
c61_anchor_followup,COMBINED,C61,6043,second,loss,S11,2044
c61_anchor_followup,COMBINED,C61,6044,first,win,S11,2045
c61_anchor_followup,COMBINED,C61,6045,second,win,S11,2046
c61_anchor_followup,COMBINED,C61,6046,first,loss,S11,2047
c61_anchor_followup,COMBINED,C61,6047,second,loss,S11,2048
c61_anchor_followup,COMBINED,C61,6048,first,loss,S11,2050
c61_anchor_followup,COMBINED,C61,6049,second,loss,S11,2049
c61_anchor_followup,COMBINED,C61,6050,first,loss,S11,2052
c61_anchor_followup,COMBINED,C61,6051,second,loss,S11,2051
c61_anchor_followup,COMBINED,C61,6052,first,win,S11,2053
c61_anchor_followup,COMBINED,C61,6053,second,loss,S11,2054
c61_anchor_followup,COMBINED,C61,6054,first,loss,S11,2055
c61_anchor_followup,COMBINED,C61,6055,second,win,S11,2056
c61_anchor_followup,COMBINED,C61,6056,first,win,S11,2057
c61_anchor_followup,COMBINED,C61,6057,second,win,S11,2059
c61_anchor_followup,COMBINED,C61,6058,first,win,S11,2058
c61_anchor_followup,COMBINED,C61,6059,second,loss,S11,2060
c61_anchor_followup,COMBINED,C61,6060,first,loss,S11,2061
c61_anchor_followup,COMBINED,C61,6061,second,win,S11,2062
c61_anchor_followup,COMBINED,C61,6062,first,win,S11,2063
c61_anchor_followup,COMBINED,C61,6063,second,win,S11,2064
c61_anchor_followup,COMBINED,C61,6064,first,win,S11,2065
c61_anchor_followup,COMBINED,C61,6065,second,loss,S11,2066
c61_anchor_followup,COMBINED,C61,6066,first,win,S11,2067
c61_anchor_followup,COMBINED,C61,6067,second,loss,S11,2068
c61_anchor_followup,COMBINED,C61,6068,first,loss,S11,2069
c61_anchor_followup,COMBINED,C61,6069,second,loss,S11,2070
c61_anchor_followup,COMBINED,C61,6070,first,loss,S11,2071
c61_anchor_followup,COMBINED,C61,6071,second,loss,S11,2072
c61_anchor_followup,COMBINED,C61,6072,first,loss,S11,2073
c61_anchor_followup,COMBINED,C61,6073,second,win,S11,2074
c61_anchor_followup,COMBINED,C61,6074,first,loss,S11,2075
c61_anchor_followup,COMBINED,C61,6075,second,loss,S11,2076
c61_anchor_followup,COMBINED,C61,6076,first,loss,S11,2078
c61_anchor_followup,COMBINED,C61,6077,second,loss,S11,2077
c61_anchor_followup,COMBINED,C61,6078,first,win,S11,2079
c61_anchor_followup,COMBINED,C61,6079,second,loss,S11,2080
c61_anchor_followup,COMBINED,C61,6080,first,win,S11,2081
c61_anchor_followup,COMBINED,C61,6081,second,loss,S11,2082
c61_anchor_followup,COMBINED,C61,6082,first,loss,S11,2083
c61_anchor_followup,COMBINED,C61,6083,second,win,S11,2084
c61_anchor_followup,COMBINED,C61,6084,first,loss,S11,2085
c61_anchor_followup,COMBINED,C61,6085,second,loss,S11,2086
c61_anchor_followup,COMBINED,C61,6086,first,loss,S11,2088
c61_anchor_followup,COMBINED,C61,6087,second,win,S11,2087
c61_anchor_followup,COMBINED,C61,6088,first,loss,S11,2090
c61_anchor_followup,COMBINED,C61,6089,second,loss,S11,2089
c61_anchor_followup,COMBINED,C61,6090,first,win,S11,2091
c61_anchor_followup,COMBINED,C61,6091,second,loss,S11,2092
c61_anchor_followup,COMBINED,C61,6092,first,loss,S11,2093
c61_anchor_followup,COMBINED,C61,6093,second,loss,S11,2095
c61_anchor_followup,COMBINED,C61,6094,first,loss,S11,2094
c61_anchor_followup,COMBINED,C61,6095,second,win,S11,2096
c61_anchor_followup,COMBINED,C61,6096,first,win,S11,2098
c61_anchor_followup,COMBINED,C61,6097,second,loss,S11,2097
c61_anchor_followup,COMBINED,C61,6098,first,loss,S11,2100
c61_anchor_followup,COMBINED,C61,6099,second,loss,S11,2099
c61_anchor_followup,COMBINED,C61,6100,first,loss,S11,2102
c61_anchor_followup,COMBINED,C61,6101,second,loss,S11,2101
c61_anchor_followup,COMBINED,C61,6102,first,win,S11,2103
c61_anchor_followup,COMBINED,C61,6103,second,win,S11,2105
c61_anchor_followup,COMBINED,C61,6104,first,win,S11,2104
c61_anchor_followup,COMBINED,C61,6105,second,loss,S11,2106
c61_anchor_followup,COMBINED,C61,6106,first,loss,S11,2107
c61_anchor_followup,COMBINED,C61,6107,second,win,S11,2109
c61_anchor_followup,COMBINED,C61,6108,first,loss,S11,2108
c61_anchor_followup,COMBINED,C61,6109,second,loss,S11,2110
c61_anchor_followup,COMBINED,C61,6110,first,win,S11,2111
c61_anchor_followup,COMBINED,C61,6111,second,loss,S11,2112
c61_anchor_followup,COMBINED,C61,6112,first,win,S11,2113
c61_anchor_followup,COMBINED,C61,6113,second,loss,S11,2114
c61_anchor_followup,COMBINED,C61,6114,first,win,S11,2115
c61_anchor_followup,COMBINED,C61,6115,second,win,S11,2116
c61_anchor_followup,COMBINED,C61,6116,first,win,S11,2117
c61_anchor_followup,COMBINED,C61,6117,second,loss,S11,2118
c61_anchor_followup,COMBINED,C61,6118,first,win,S11,2119
c61_anchor_followup,COMBINED,C61,6119,second,loss,S11,2120
c61_anchor_followup,COMBINED,C61,6120,first,win,S11,2121
c61_anchor_followup,COMBINED,C61,6121,second,loss,S11,2123
c61_anchor_followup,COMBINED,C61,6122,first,loss,S11,2122
c61_anchor_followup,COMBINED,C61,6123,second,loss,S11,2124
c61_anchor_followup,COMBINED,C61,6124,first,loss,S11,2125
c61_anchor_followup,COMBINED,C61,6125,second,loss,S11,2126
c61_anchor_followup,COMBINED,C61,6126,first,win,S11,2127
c61_anchor_followup,COMBINED,C61,6127,second,loss,S11,2128
c61_anchor_followup,COMBINED,C61,6128,first,loss,S11,2130
c61_anchor_followup,COMBINED,C61,6129,second,loss,S11,2129
c61_anchor_followup,COMBINED,C61,6130,first,loss,S11,2131
c61_anchor_followup,COMBINED,C61,6131,second,loss,S11,2132
c61_anchor_followup,COMBINED,C61,6132,first,win,S11,2134
c61_anchor_followup,COMBINED,C61,6133,second,win,S11,2133
c61_anchor_followup,COMBINED,C61,6134,first,loss,S11,2136
c61_anchor_followup,COMBINED,C61,6135,second,win,S11,2135
c61_anchor_followup,COMBINED,C61,6136,first,loss,S11,2137
c61_anchor_followup,COMBINED,C61,6137,second,loss,S11,2138
c61_anchor_followup,COMBINED,C61,6138,first,win,S11,2139
c61_anchor_followup,COMBINED,C61,6139,second,loss,S11,2140
c61_anchor_followup,COMBINED,C61,6140,first,loss,S11,2142
c61_anchor_followup,COMBINED,C61,6141,second,win,S11,2141
c61_anchor_followup,COMBINED,C61,6142,first,loss,S11,2144
c61_anchor_followup,COMBINED,C61,6143,second,win,S11,2143
c61_anchor_followup,COMBINED,C61,6144,first,win,S11,2145
c61_anchor_followup,COMBINED,C61,6145,second,win,S11,2146
c61_anchor_followup,COMBINED,C61,6146,first,win,S11,2148
c61_anchor_followup,COMBINED,C61,6147,second,win,S11,2147
c61_anchor_followup,COMBINED,C61,6148,first,win,S11,2149
c61_anchor_followup,COMBINED,C61,6149,second,loss,S11,2150
c61_anchor_followup,COMBINED,C61,6150,first,loss,S11,2151
c61_anchor_followup,COMBINED,C61,6151,second,win,S11,2152
c61_anchor_followup,COMBINED,C61,6152,first,loss,S11,2153
c61_anchor_followup,COMBINED,C61,6153,second,win,S11,2154
c61_anchor_followup,COMBINED,C61,6154,first,win,S11,2155
c61_anchor_followup,COMBINED,C61,6155,second,win,S11,2157
c61_anchor_followup,COMBINED,C61,6156,first,win,S11,2156
c61_anchor_followup,COMBINED,C61,6157,second,win,S11,2158
c61_anchor_followup,COMBINED,C61,6158,first,win,S11,2159
c61_anchor_followup,COMBINED,C61,6159,second,loss,S11,2161
c61_anchor_followup,COMBINED,C61,6160,first,win,S11,2160
c61_anchor_followup,COMBINED,C61,6161,second,win,S11,2162
c61_anchor_followup,COMBINED,C61,6162,first,win,S11,2163
c61_anchor_followup,COMBINED,C61,6163,second,win,S11,2165
c61_anchor_followup,COMBINED,C61,6164,first,win,S11,2164
c61_anchor_followup,COMBINED,C61,6165,second,loss,S11,2166
c61_anchor_followup,COMBINED,C61,6166,first,loss,S11,2167
c61_anchor_followup,COMBINED,C61,6167,second,win,S11,2168
c61_anchor_followup,COMBINED,C61,6168,first,loss,S11,2169
c61_anchor_followup,COMBINED,C61,6169,second,loss,S11,2170
c61_anchor_followup,COMBINED,C61,6170,first,loss,S11,2171
c61_anchor_followup,COMBINED,C61,6171,second,win,S11,2172
c61_anchor_followup,COMBINED,C61,6172,first,win,S11,2173
c61_anchor_followup,COMBINED,C61,6173,second,loss,S11,2174
c61_anchor_followup,COMBINED,C61,6174,first,loss,S11,2175
c61_anchor_followup,COMBINED,C61,6175,second,win,S11,2177
c61_anchor_followup,COMBINED,C61,6176,first,win,S11,2176
c61_anchor_followup,COMBINED,C61,6177,second,loss,S11,2178
c61_anchor_followup,COMBINED,C61,6178,first,loss,S11,2180
c61_anchor_followup,COMBINED,C61,6179,second,win,S11,2179
c61_anchor_followup,COMBINED,C61,6180,first,loss,S11,2181
c61_anchor_followup,COMBINED,C61,6181,second,win,S11,2183
c61_anchor_followup,COMBINED,C61,6182,first,win,S11,2182
c61_anchor_followup,COMBINED,C61,6183,second,loss,S11,2185
c61_anchor_followup,COMBINED,C61,6184,first,loss,S11,2184
c61_anchor_followup,COMBINED,C61,6185,second,win,S11,2186
c61_anchor_followup,COMBINED,C61,6186,first,win,S11,2187
c61_anchor_followup,COMBINED,C61,6187,second,loss,S11,2188
c61_anchor_followup,COMBINED,C61,6188,first,win,S11,2189
c61_anchor_followup,COMBINED,C61,6189,second,loss,S11,2190
c61_anchor_followup,COMBINED,C61,6190,first,win,S11,2191
c61_anchor_followup,COMBINED,C61,6191,second,loss,S11,2192
c61_anchor_followup,COMBINED,C61,6192,first,win,S11,2193
c61_anchor_followup,COMBINED,C61,6193,second,win,S11,2194
c61_anchor_followup,COMBINED,C61,6194,first,loss,S11,2195
c61_anchor_followup,COMBINED,C61,6195,second,win,S11,2196
c61_anchor_followup,COMBINED,C61,6196,first,win,S11,2197
c61_anchor_followup,COMBINED,C61,6197,second,win,S11,2198
c61_anchor_followup,COMBINED,C61,6198,first,loss,S11,2199
c61_anchor_followup,COMBINED,C61,6199,second,loss,S11,2200
c61_anchor_followup,COMBINED,C61,6200,first,win,S11,2202
c61_anchor_followup,COMBINED,C61,6201,second,loss,S11,2201
c61_anchor_followup,COMBINED,C61,6202,first,win,S11,2203
c61_anchor_followup,COMBINED,C61,6203,second,win,S11,2204
c61_anchor_followup,COMBINED,C61,6204,first,win,S11,2205
c61_anchor_followup,COMBINED,C61,6205,second,loss,S11,2206
c61_anchor_followup,COMBINED,C61,6206,first,loss,S11,2208
c61_anchor_followup,COMBINED,C61,6207,second,win,S11,2207
c61_anchor_followup,COMBINED,C61,6208,first,loss,S11,2209
c61_anchor_followup,COMBINED,C61,6209,second,loss,S11,2210
c61_anchor_followup,COMBINED,C61,6210,first,loss,S11,2211
c61_anchor_followup,COMBINED,C61,6211,second,win,S11,2212
c61_anchor_followup,COMBINED,C61,6212,first,loss,S11,2214
c61_anchor_followup,COMBINED,C61,6213,second,loss,S11,2213
c61_anchor_followup,COMBINED,C61,6214,first,win,S11,2215
c61_anchor_followup,COMBINED,C61,6215,second,win,S11,2216
c61_anchor_followup,COMBINED,C61,6216,first,loss,S11,2217
c61_anchor_followup,COMBINED,C61,6217,second,draw,S11,2218
c61_anchor_followup,COMBINED,C61,6218,first,loss,S11,2220
c61_anchor_followup,COMBINED,C61,6219,second,loss,S11,2219
c61_anchor_followup,COMBINED,C61,6220,first,win,S11,2222
c61_anchor_followup,COMBINED,C61,6221,second,win,S11,2221
c61_anchor_followup,COMBINED,C61,6222,first,win,S11,2224
c61_anchor_followup,COMBINED,C61,6223,second,loss,S11,2223
c61_anchor_followup,COMBINED,C61,6224,first,loss,S11,2227
c61_anchor_followup,COMBINED,C61,6225,second,loss,S11,2225
c61_anchor_followup,COMBINED,C61,6226,first,win,S11,2226
c61_anchor_followup,COMBINED,C61,6227,second,win,S11,2228
c61_anchor_followup,COMBINED,C61,6228,first,win,S11,2229
c61_anchor_followup,COMBINED,C61,6229,second,loss,S11,2230
c61_anchor_followup,COMBINED,C61,6230,first,loss,S11,2231
c61_anchor_followup,COMBINED,C61,6231,second,loss,S11,2232
c61_anchor_followup,COMBINED,C61,6232,first,win,S11,2233
c61_anchor_followup,COMBINED,C61,6233,second,loss,S11,2234
c61_anchor_followup,COMBINED,C61,6234,first,loss,S11,2235
c61_anchor_followup,COMBINED,C61,6235,second,loss,S11,2236
c61_anchor_followup,COMBINED,C61,6236,first,loss,S11,2238
c61_anchor_followup,COMBINED,C61,6237,second,win,S11,2237
c61_anchor_followup,COMBINED,C61,6238,first,win,S11,2240
c61_anchor_followup,COMBINED,C61,6239,second,loss,S11,2239
c61_anchor_followup,COMBINED,C61,6240,first,win,S11,2241
c61_anchor_followup,COMBINED,C61,6241,second,loss,S11,2242
c61_anchor_followup,COMBINED,C61,6242,first,win,S11,2243
c61_anchor_followup,COMBINED,C61,6243,second,loss,S11,2244
c61_anchor_followup,COMBINED,C61,6244,first,win,S11,2245
c61_anchor_followup,COMBINED,C61,6245,second,win,S11,2246
c61_anchor_followup,COMBINED,C61,6246,first,win,S11,2247
c61_anchor_followup,COMBINED,C61,6247,second,win,S11,2248
c61_anchor_followup,COMBINED,C61,6248,first,win,S11,2249
c61_anchor_followup,COMBINED,C61,6249,second,win,S11,2250
c61_anchor_followup,COMBINED,C61,6250,first,loss,S11,2251
c61_anchor_followup,COMBINED,C61,6251,second,loss,S11,2252
c61_anchor_followup,COMBINED,C61,6252,first,loss,S11,2253
c61_anchor_followup,COMBINED,C61,6253,second,loss,S11,2254
c61_anchor_followup,COMBINED,C61,6254,first,win,S11,2255
c61_anchor_followup,COMBINED,C61,6255,second,loss,S11,2257
c61_anchor_followup,COMBINED,C61,6256,first,win,S11,2256
c61_anchor_followup,COMBINED,C61,6257,second,loss,S11,2258
c61_anchor_followup,COMBINED,C61,6258,first,loss,S11,2259
c61_anchor_followup,COMBINED,C61,6259,second,win,S11,2260
c61_anchor_followup,COMBINED,C61,6260,first,loss,S11,2261
c61_anchor_followup,COMBINED,C61,6261,second,loss,S11,2262
c61_anchor_followup,COMBINED,C61,6262,first,loss,S11,2264
c61_anchor_followup,COMBINED,C61,6263,second,win,S11,2263
c61_anchor_followup,COMBINED,C61,6264,first,win,S11,2266
c61_anchor_followup,COMBINED,C61,6265,second,win,S11,2265
c61_anchor_followup,COMBINED,C61,6266,first,win,S11,2267
c61_anchor_followup,COMBINED,C61,6267,second,loss,S11,2268
c61_anchor_followup,COMBINED,C61,6268,first,win,S11,2269
c61_anchor_followup,COMBINED,C61,6269,second,win,S11,2270
c61_anchor_followup,COMBINED,C61,6270,first,loss,S11,2271
c61_anchor_followup,COMBINED,C61,6271,second,loss,S11,2272
c61_anchor_followup,COMBINED,C61,6272,first,win,S11,2273
c61_anchor_followup,COMBINED,C61,6273,second,loss,S11,2274
c61_anchor_followup,COMBINED,C61,6274,first,loss,S11,2275
c61_anchor_followup,COMBINED,C61,6275,second,loss,S11,2276
c61_anchor_followup,COMBINED,C61,6276,first,loss,S11,2278
c61_anchor_followup,COMBINED,C61,6277,second,loss,S11,2277
c61_anchor_followup,COMBINED,C61,6278,first,loss,S11,2281
c61_anchor_followup,COMBINED,C61,6279,second,win,S11,2279
c61_anchor_followup,COMBINED,C61,6280,first,win,S11,2280
c61_anchor_followup,COMBINED,C61,6281,second,loss,S11,2282
c61_anchor_followup,COMBINED,C61,6282,first,loss,S11,2283
c61_anchor_followup,COMBINED,C61,6283,second,loss,S11,2284
c61_anchor_followup,COMBINED,C61,6284,first,win,S11,2285
c61_anchor_followup,COMBINED,C61,6285,second,win,S11,2286
c61_anchor_followup,COMBINED,C61,6286,first,win,S11,2287
c61_anchor_followup,COMBINED,C61,6287,second,loss,S11,2288
c61_anchor_followup,COMBINED,C61,6288,first,loss,S11,2289
c61_anchor_followup,COMBINED,C61,6289,second,loss,S11,2291
c61_anchor_followup,COMBINED,C61,6290,first,win,S11,2290
c61_anchor_followup,COMBINED,C61,6291,second,win,S11,2293
c61_anchor_followup,COMBINED,C61,6292,first,win,S11,2292
c61_anchor_followup,COMBINED,C61,6293,second,loss,S11,2294
c61_anchor_followup,COMBINED,C61,6294,first,loss,S11,2295
c61_anchor_followup,COMBINED,C61,6295,second,loss,S11,2296
c61_anchor_followup,COMBINED,C61,6296,first,win,S11,2297
c61_anchor_followup,COMBINED,C61,6297,second,win,S11,2298
c61_anchor_followup,COMBINED,C61,6298,first,loss,S11,2300
c61_anchor_followup,COMBINED,C61,6299,second,loss,S11,2299
c61_anchor_followup,COMBINED,C61,6300,first,loss,S11,2301
c61_anchor_followup,COMBINED,C61,6301,second,win,S11,2302
c61_anchor_followup,COMBINED,C61,6302,first,loss,S11,2304
c61_anchor_followup,COMBINED,C61,6303,second,loss,S11,2303
c61_anchor_followup,COMBINED,C61,6304,first,loss,S11,2305
c61_anchor_followup,COMBINED,C61,6305,second,win,S11,2306
c61_anchor_followup,COMBINED,C61,6306,first,win,S11,2307
c61_anchor_followup,COMBINED,C61,6307,second,win,S11,2308
c61_anchor_followup,COMBINED,C61,6308,first,win,S11,2309
c61_anchor_followup,COMBINED,C61,6309,second,loss,S11,2311
c61_anchor_followup,COMBINED,C61,6310,first,win,S11,2310
c61_anchor_followup,COMBINED,C61,6311,second,win,S11,2312
c61_anchor_followup,COMBINED,C61,6312,first,win,S11,2313
c61_anchor_followup,COMBINED,C61,6313,second,loss,S11,2315
c61_anchor_followup,COMBINED,C61,6314,first,loss,S11,2314
c61_anchor_followup,COMBINED,C61,6315,second,win,S11,2316
c61_anchor_followup,COMBINED,C61,6316,first,loss,S11,2318
c61_anchor_followup,COMBINED,C61,6317,second,win,S11,2317
c61_anchor_followup,COMBINED,C61,6318,first,loss,S11,2319
c61_anchor_followup,COMBINED,C61,6319,second,win,S11,2320
c61_anchor_followup,COMBINED,C61,6320,first,win,S11,2321
c61_anchor_followup,COMBINED,C61,6321,second,win,S11,2322
c61_anchor_followup,COMBINED,C61,6322,first,win,S11,2323
c61_anchor_followup,COMBINED,C61,6323,second,loss,S11,2324
c61_anchor_followup,COMBINED,C61,6324,first,loss,S11,2325
c61_anchor_followup,COMBINED,C61,6325,second,win,S11,2326
c61_anchor_followup,COMBINED,C61,6326,first,win,S11,2327
c61_anchor_followup,COMBINED,C61,6327,second,loss,S11,2328
c61_anchor_followup,COMBINED,C61,6328,first,loss,S11,2329
c61_anchor_followup,COMBINED,C61,6329,second,win,S11,2330
c61_anchor_followup,COMBINED,C61,6330,first,loss,S11,2331
c61_anchor_followup,COMBINED,C61,6331,second,loss,S11,2332
c61_anchor_followup,COMBINED,C61,6332,first,win,S11,2333
c61_anchor_followup,COMBINED,C61,6333,second,win,S11,2334
c61_anchor_followup,COMBINED,C61,6334,first,win,S11,2335
c61_anchor_followup,COMBINED,C61,6335,second,win,S11,2336
c61_anchor_followup,COMBINED,C61,6336,first,loss,S11,2337
c61_anchor_followup,COMBINED,C61,6337,second,loss,S11,2338
c61_anchor_followup,COMBINED,C61,6338,first,loss,S11,2339
c61_anchor_followup,COMBINED,C61,6339,second,loss,S11,2340
c61_anchor_followup,COMBINED,C61,6340,first,loss,S11,2341
c61_anchor_followup,COMBINED,C61,6341,second,win,S11,2342
c61_anchor_followup,COMBINED,C61,6342,first,win,S11,2344
c61_anchor_followup,COMBINED,C61,6343,second,win,S11,2343
c61_anchor_followup,COMBINED,C61,6344,first,loss,S11,2346
c61_anchor_followup,COMBINED,C61,6345,second,win,S11,2345
c61_anchor_followup,COMBINED,C61,6346,first,win,S11,2347
c61_anchor_followup,COMBINED,C61,6347,second,win,S11,2348
c61_anchor_followup,COMBINED,C61,6348,first,loss,S11,2349
c61_anchor_followup,COMBINED,C61,6349,second,win,S11,2350
c61_anchor_followup,COMBINED,C61,6350,first,loss,S11,2351
c61_anchor_followup,COMBINED,C61,6351,second,loss,S11,2352
c61_anchor_followup,COMBINED,C61,6352,first,loss,S11,2353
c61_anchor_followup,COMBINED,C61,6353,second,win,S11,2355
c61_anchor_followup,COMBINED,C61,6354,first,win,S11,2354
c61_anchor_followup,COMBINED,C61,6355,second,loss,S11,2356
c61_anchor_followup,COMBINED,C61,6356,first,loss,S11,2357
c61_anchor_followup,COMBINED,C61,6357,second,loss,S11,2358
c61_anchor_followup,COMBINED,C61,6358,first,win,S11,2359
c61_anchor_followup,COMBINED,C61,6359,second,win,S11,2360
c61_anchor_followup,COMBINED,C61,6360,first,loss,S11,2361
c61_anchor_followup,COMBINED,C61,6361,second,loss,S11,2362
c61_anchor_followup,COMBINED,C61,6362,first,loss,S11,2363
c61_anchor_followup,COMBINED,C61,6363,second,loss,S11,2364
c61_anchor_followup,COMBINED,C61,6364,first,win,S11,2366
c61_anchor_followup,COMBINED,C61,6365,second,loss,S11,2365
c61_anchor_followup,COMBINED,C61,6366,first,win,S11,2368
c61_anchor_followup,COMBINED,C61,6367,second,loss,S11,2367
c61_anchor_followup,COMBINED,C61,6368,first,loss,S11,2369
c61_anchor_followup,COMBINED,C61,6369,second,win,S11,2370
c61_anchor_followup,COMBINED,C61,6370,first,loss,S11,2371
c61_anchor_followup,COMBINED,C61,6371,second,win,S11,2372
c61_anchor_followup,COMBINED,C61,6372,first,win,S11,2373
c61_anchor_followup,COMBINED,C61,6373,second,loss,S11,2375
c61_anchor_followup,COMBINED,C61,6374,first,win,S11,2374
c61_anchor_followup,COMBINED,C61,6375,second,loss,S11,2376
c61_anchor_followup,COMBINED,C61,6376,first,win,S11,2377
c61_anchor_followup,COMBINED,C61,6377,second,loss,S11,2378
c61_anchor_followup,COMBINED,C61,6378,first,win,S11,2379
c61_anchor_followup,COMBINED,C61,6379,second,loss,S11,2381
c61_anchor_followup,COMBINED,C61,6380,first,loss,S11,2380
c61_anchor_followup,COMBINED,C61,6381,second,loss,S11,2383
c61_anchor_followup,COMBINED,C61,6382,first,win,S11,2382
c61_anchor_followup,COMBINED,C61,6383,second,loss,S11,2385
c61_anchor_followup,COMBINED,C61,6384,first,win,S11,2384
c61_anchor_followup,COMBINED,C61,6385,second,loss,S11,2386
c61_anchor_followup,COMBINED,C61,6386,first,win,S11,2387
c61_anchor_followup,COMBINED,C61,6387,second,win,S11,2389
c61_anchor_followup,COMBINED,C61,6388,first,loss,S11,2388
c61_anchor_followup,COMBINED,C61,6389,second,win,S11,2390
c61_anchor_followup,COMBINED,C61,6390,first,loss,S11,2391
c61_anchor_followup,COMBINED,C61,6391,second,loss,S11,2393
c61_anchor_followup,COMBINED,C61,6392,first,loss,S11,2392
c61_anchor_followup,COMBINED,C61,6393,second,loss,S11,2395
c61_anchor_followup,COMBINED,C61,6394,first,loss,S11,2394
c61_anchor_followup,COMBINED,C61,6395,second,loss,S11,2396
c61_anchor_followup,COMBINED,C61,6396,first,win,S11,2397
c61_anchor_followup,COMBINED,C61,6397,second,loss,S11,2398
c61_anchor_followup,COMBINED,C61,6398,first,loss,S11,2399
c61_anchor_followup,COMBINED,C61,6399,second,win,S11,2400
c61_anchor_followup,COMBINED,C61,6400,first,loss,S11,2401
c61_anchor_followup,COMBINED,C61,6401,second,win,S11,2402
c61_anchor_followup,COMBINED,C61,6402,first,loss,S11,2403
c61_anchor_followup,COMBINED,C61,6403,second,win,S11,2404
c61_anchor_followup,COMBINED,C61,6404,first,win,S11,2406
c61_anchor_followup,COMBINED,C61,6405,second,loss,S11,2405
c61_anchor_followup,COMBINED,C61,6406,first,loss,S11,2408
c61_anchor_followup,COMBINED,C61,6407,second,loss,S11,2407
c61_anchor_followup,COMBINED,C61,6408,first,loss,S11,2409
c61_anchor_followup,COMBINED,C61,6409,second,loss,S11,2410
c61_anchor_followup,COMBINED,C61,6410,first,win,S11,2411
c61_anchor_followup,COMBINED,C61,6411,second,win,S11,2412
c61_anchor_followup,COMBINED,C61,6412,first,win,S11,2413
c61_anchor_followup,COMBINED,C61,6413,second,loss,S11,2415
c61_anchor_followup,COMBINED,C61,6414,first,win,S11,2414
c61_anchor_followup,COMBINED,C61,6415,second,loss,S11,2416
c61_anchor_followup,COMBINED,C61,6416,first,win,S11,2417
c61_anchor_followup,COMBINED,C61,6417,second,win,S11,2419
c61_anchor_followup,COMBINED,C61,6418,first,win,S11,2418
c61_anchor_followup,COMBINED,C61,6419,second,loss,S11,2420
c61_anchor_followup,COMBINED,C61,6420,first,loss,S11,2422
c61_anchor_followup,COMBINED,C61,6421,second,loss,S11,2421
c61_anchor_followup,COMBINED,C61,6422,first,loss,S11,2423
c61_anchor_followup,COMBINED,C61,6423,second,win,S11,2424
c61_anchor_followup,COMBINED,C61,6424,first,loss,S11,2425
c61_anchor_followup,COMBINED,C61,6425,second,loss,S11,2426
c61_anchor_followup,COMBINED,C61,6426,first,win,S11,2428
c61_anchor_followup,COMBINED,C61,6427,second,loss,S11,2427
c61_anchor_followup,COMBINED,C61,6428,first,loss,S11,2429
c61_anchor_followup,COMBINED,C61,6429,second,win,S11,2430
c61_anchor_followup,COMBINED,C61,6430,first,win,S11,2432
c61_anchor_followup,COMBINED,C61,6431,second,win,S11,2431
c61_anchor_followup,COMBINED,C61,6432,first,win,S11,2435
c61_anchor_followup,COMBINED,C61,6433,second,loss,S11,2433
c61_anchor_followup,COMBINED,C61,6434,first,win,S11,2434
c61_anchor_followup,COMBINED,C61,6435,second,loss,S11,2436
c61_anchor_followup,COMBINED,C61,6436,first,win,S11,2437
c61_anchor_followup,COMBINED,C61,6437,second,win,S11,2438
c61_anchor_followup,COMBINED,C61,6438,first,win,S11,2439
c61_anchor_followup,COMBINED,C61,6439,second,win,S11,2440
c61_anchor_followup,COMBINED,C61,6440,first,loss,S11,2441
c61_anchor_followup,COMBINED,C61,6441,second,loss,S11,2442
c61_anchor_followup,COMBINED,C61,6442,first,loss,S11,2444
c61_anchor_followup,COMBINED,C61,6443,second,loss,S11,2443
c61_anchor_followup,COMBINED,C61,6444,first,win,S11,2445
c61_anchor_followup,COMBINED,C61,6445,second,win,S11,2446
c61_anchor_followup,COMBINED,C61,6446,first,win,S11,2447
c61_anchor_followup,COMBINED,C61,6447,second,loss,S11,2448
c61_anchor_followup,COMBINED,C61,6448,first,win,S11,2449
c61_anchor_followup,COMBINED,C61,6449,second,loss,S11,2450
c61_anchor_followup,COMBINED,C61,6450,first,win,S11,2451
c61_anchor_followup,COMBINED,C61,6451,second,win,S11,2452
c61_anchor_followup,COMBINED,C61,6452,first,loss,S11,2454
c61_anchor_followup,COMBINED,C61,6453,second,loss,S11,2453
c61_anchor_followup,COMBINED,C61,6454,first,loss,S11,2455
c61_anchor_followup,COMBINED,C61,6455,second,loss,S11,2456
c61_anchor_followup,COMBINED,C61,6456,first,win,S11,2457
c61_anchor_followup,COMBINED,C61,6457,second,win,S11,2458
c61_anchor_followup,COMBINED,C61,6458,first,win,S11,2459
c61_anchor_followup,COMBINED,C61,6459,second,win,S11,2460
c61_anchor_followup,COMBINED,C61,6460,first,loss,S11,2461
c61_anchor_followup,COMBINED,C61,6461,second,loss,S11,2462
c61_anchor_followup,COMBINED,C61,6462,first,loss,S11,2464
c61_anchor_followup,COMBINED,C61,6463,second,loss,S11,2463
c61_anchor_followup,COMBINED,C61,6464,first,loss,S11,2465
c61_anchor_followup,COMBINED,C61,6465,second,loss,S11,2467
c61_anchor_followup,COMBINED,C61,6466,first,win,S11,2466
c61_anchor_followup,COMBINED,C61,6467,second,win,S11,2468
c61_anchor_followup,COMBINED,C61,6468,first,win,S11,2469
c61_anchor_followup,COMBINED,C61,6469,second,win,S11,2471
c61_anchor_followup,COMBINED,C61,6470,first,loss,S11,2470
c61_anchor_followup,COMBINED,C61,6471,second,loss,S11,2472
c61_anchor_followup,COMBINED,C61,6472,first,win,S11,2474
c61_anchor_followup,COMBINED,C61,6473,second,loss,S11,2473
c61_anchor_followup,COMBINED,C61,6474,first,win,S11,2475
c61_anchor_followup,COMBINED,C61,6475,second,loss,S11,2476
c61_anchor_followup,COMBINED,C61,6476,first,win,S11,2477
c61_anchor_followup,COMBINED,C61,6477,second,win,S11,2478
c61_anchor_followup,COMBINED,C61,6478,first,loss,S11,2480
c61_anchor_followup,COMBINED,C61,6479,second,win,S11,2479
c61_anchor_followup,COMBINED,C61,6480,first,loss,S11,2481
c61_anchor_followup,COMBINED,C61,6481,second,loss,S11,2482
c61_anchor_followup,COMBINED,C61,6482,first,win,S11,2483
c61_anchor_followup,COMBINED,C61,6483,second,win,S11,2484
c61_anchor_followup,COMBINED,C61,6484,first,loss,S11,2485
c61_anchor_followup,COMBINED,C61,6485,second,loss,S11,2487
c61_anchor_followup,COMBINED,C61,6486,first,loss,S11,2486
c61_anchor_followup,COMBINED,C61,6487,second,loss,S11,2488
c61_anchor_followup,COMBINED,C61,6488,first,loss,S11,2490
c61_anchor_followup,COMBINED,C61,6489,second,loss,S11,2489
c61_anchor_followup,COMBINED,C61,6490,first,win,S11,2491
c61_anchor_followup,COMBINED,C61,6491,second,loss,S11,2492
c61_anchor_followup,COMBINED,C61,6492,first,loss,S11,2493
c61_anchor_followup,COMBINED,C61,6493,second,win,S11,2495
c61_anchor_followup,COMBINED,C61,6494,first,win,S11,2494
c61_anchor_followup,COMBINED,C61,6495,second,win,S11,2496
c61_anchor_followup,COMBINED,C61,6496,first,loss,S11,2497
c61_anchor_followup,COMBINED,C61,6497,second,loss,S11,2498
c61_anchor_followup,COMBINED,C61,6498,first,win,S11,2500
c61_anchor_followup,COMBINED,C61,6499,second,loss,S11,2499
c61_anchor_followup,COMBINED,C61,6500,first,win,S11,2501
c61_anchor_followup,COMBINED,C61,6501,second,win,S11,2502
c61_anchor_followup,COMBINED,C61,6502,first,loss,S11,2503
c61_anchor_followup,COMBINED,C61,6503,second,loss,S11,2504
c61_anchor_followup,COMBINED,C61,6504,first,win,S11,2505
c61_anchor_followup,COMBINED,C61,6505,second,loss,S11,2506
c61_anchor_followup,COMBINED,C61,6506,first,win,S11,2507
c61_anchor_followup,COMBINED,C61,6507,second,win,S11,2509
c61_anchor_followup,COMBINED,C61,6508,first,win,S11,2508
c61_anchor_followup,COMBINED,C61,6509,second,win,S11,2510
c61_anchor_followup,COMBINED,C61,6510,first,loss,S11,2511
c61_anchor_followup,COMBINED,C61,6511,second,loss,S11,2512
c61_anchor_followup,COMBINED,C61,6512,first,win,S11,2513
c61_anchor_followup,COMBINED,C61,6513,second,loss,S11,2514
c61_anchor_followup,COMBINED,C61,6514,first,loss,S11,2515
c61_anchor_followup,COMBINED,C61,6515,second,win,S11,2516
c61_anchor_followup,COMBINED,C61,6516,first,loss,S11,2517
c61_anchor_followup,COMBINED,C61,6517,second,loss,S11,2518
c61_anchor_followup,COMBINED,C61,6518,first,win,S11,2520
c61_anchor_followup,COMBINED,C61,6519,second,win,S11,2519
c61_anchor_followup,COMBINED,C61,6520,first,win,S11,2521
c61_anchor_followup,COMBINED,C61,6521,second,win,S11,2523
c61_anchor_followup,COMBINED,C61,6522,first,win,S11,2522
c61_anchor_followup,COMBINED,C61,6523,second,win,S11,2524
c61_anchor_followup,COMBINED,C61,6524,first,loss,S11,2525
c61_anchor_followup,COMBINED,C61,6525,second,win,S11,2526
c61_anchor_followup,COMBINED,C61,6526,first,win,S11,2527
c61_anchor_followup,COMBINED,C61,6527,second,loss,S11,2528
c61_anchor_followup,COMBINED,C61,6528,first,win,S11,2529
c61_anchor_followup,COMBINED,C61,6529,second,win,S11,2531
c61_anchor_followup,COMBINED,C61,6530,first,win,S11,2530
c61_anchor_followup,COMBINED,C61,6531,second,loss,S11,2532
c61_anchor_followup,COMBINED,C61,6532,first,win,S11,2533
c61_anchor_followup,COMBINED,C61,6533,second,loss,S11,2534
c61_anchor_followup,COMBINED,C61,6534,first,loss,S11,2535
c61_anchor_followup,COMBINED,C61,6535,second,loss,S11,2536
c61_anchor_followup,COMBINED,C61,6536,first,loss,S11,2537
c61_anchor_followup,COMBINED,C61,6537,second,loss,S11,2538
c61_anchor_followup,COMBINED,C61,6538,first,loss,S11,2540
c61_anchor_followup,COMBINED,C61,6539,second,win,S11,2539
c61_anchor_followup,COMBINED,C61,6540,first,win,S11,2541
c61_anchor_followup,COMBINED,C61,6541,second,win,S11,2542
c61_anchor_followup,COMBINED,C61,6542,first,win,S11,2543
c61_anchor_followup,COMBINED,C61,6543,second,win,S11,2544
c61_anchor_followup,COMBINED,C61,6544,first,loss,S11,2546
c61_anchor_followup,COMBINED,C61,6545,second,loss,S11,2545
c61_anchor_followup,COMBINED,C61,6546,first,loss,S11,2548
c61_anchor_followup,COMBINED,C61,6547,second,loss,S11,2547
c61_anchor_followup,COMBINED,C61,6548,first,loss,S11,2550
c61_anchor_followup,COMBINED,C61,6549,second,loss,S11,2549
c61_anchor_followup,COMBINED,C61,6550,first,loss,S11,2551
c61_anchor_followup,COMBINED,C61,6551,second,loss,S11,2552
c61_anchor_followup,COMBINED,C61,6552,first,loss,S11,2554
c61_anchor_followup,COMBINED,C61,6553,second,loss,S11,2553
c61_anchor_followup,COMBINED,C61,6554,first,loss,S11,2555
c61_anchor_followup,COMBINED,C61,6555,second,win,S11,2556
c61_anchor_followup,COMBINED,C61,6556,first,win,S11,2557
c61_anchor_followup,COMBINED,C61,6557,second,loss,S11,2558
c61_anchor_followup,COMBINED,C61,6558,first,win,S11,2559
c61_anchor_followup,COMBINED,C61,6559,second,win,S11,2561
c61_anchor_followup,COMBINED,C61,6560,first,loss,S11,2560
c61_anchor_followup,COMBINED,C61,6561,second,win,S11,2563
c61_anchor_followup,COMBINED,C61,6562,first,win,S11,2562
c61_anchor_followup,COMBINED,C61,6563,second,loss,S11,2564
c61_anchor_followup,COMBINED,C61,6564,first,win,S11,2565
c61_anchor_followup,COMBINED,C61,6565,second,win,S11,2567
c61_anchor_followup,COMBINED,C61,6566,first,loss,S11,2566
c61_anchor_followup,COMBINED,C61,6567,second,win,S11,2568
c61_anchor_followup,COMBINED,C61,6568,first,win,S11,2569
c61_anchor_followup,COMBINED,C61,6569,second,loss,S11,2570
c61_anchor_followup,COMBINED,C61,6570,first,loss,S11,2571
c61_anchor_followup,COMBINED,C61,6571,second,win,S11,2572
c61_anchor_followup,COMBINED,C61,6572,first,win,S11,2573
c61_anchor_followup,COMBINED,C61,6573,second,win,S11,2574
c61_anchor_followup,COMBINED,C61,6574,first,loss,S11,2576
c61_anchor_followup,COMBINED,C61,6575,second,loss,S11,2575
c61_anchor_followup,COMBINED,C61,6576,first,loss,S11,2577
c61_anchor_followup,COMBINED,C61,6577,second,loss,S11,2578
c61_anchor_followup,COMBINED,C61,6578,first,loss,S11,2579
c61_anchor_followup,COMBINED,C61,6579,second,loss,S11,2581
c61_anchor_followup,COMBINED,C61,6580,first,win,S11,2580
c61_anchor_followup,COMBINED,C61,6581,second,loss,S11,2582
c61_anchor_followup,COMBINED,C61,6582,first,win,S11,2583
c61_anchor_followup,COMBINED,C61,6583,second,win,S11,2584
c61_anchor_followup,COMBINED,C61,6584,first,win,S11,2585
c61_anchor_followup,COMBINED,C61,6585,second,loss,S11,2586
c61_anchor_followup,COMBINED,C61,6586,first,win,S11,2587
c61_anchor_followup,COMBINED,C61,6587,second,win,S11,2588
c61_anchor_followup,COMBINED,C61,6588,first,win,S11,2589
c61_anchor_followup,COMBINED,C61,6589,second,loss,S11,2590
c61_anchor_followup,COMBINED,C61,6590,first,win,S11,2591
c61_anchor_followup,COMBINED,C61,6591,second,win,S11,2593
c61_anchor_followup,COMBINED,C61,6592,first,loss,S11,2592
c61_anchor_followup,COMBINED,C61,6593,second,loss,S11,2595
c61_anchor_followup,COMBINED,C61,6594,first,loss,S11,2594
c61_anchor_followup,COMBINED,C61,6595,second,loss,S11,2597
c61_anchor_followup,COMBINED,C61,6596,first,loss,S11,2596
c61_anchor_followup,COMBINED,C61,6597,second,win,S11,2598
c61_anchor_followup,COMBINED,C61,6598,first,win,S11,2599
c61_anchor_followup,COMBINED,C61,6599,second,loss,S11,2600
c61_anchor_followup,COMBINED,C61,6600,first,loss,S11,2602
c61_anchor_followup,COMBINED,C61,6601,second,win,S11,2601
c61_anchor_followup,COMBINED,C61,6602,first,win,S11,2603
c61_anchor_followup,COMBINED,C61,6603,second,loss,S11,2604
c61_anchor_followup,COMBINED,C61,6604,first,loss,S11,2605
c61_anchor_followup,COMBINED,C61,6605,second,win,S11,2606
c61_anchor_followup,COMBINED,C61,6606,first,loss,S11,2607
c61_anchor_followup,COMBINED,C61,6607,second,loss,S11,2608
c61_anchor_followup,COMBINED,C61,6608,first,loss,S11,2609
c61_anchor_followup,COMBINED,C61,6609,second,loss,S11,2610
c61_anchor_followup,COMBINED,C61,6610,first,win,S11,2611
c61_anchor_followup,COMBINED,C61,6611,second,loss,S11,2612
c61_anchor_followup,COMBINED,C61,6612,first,loss,S11,2613
c61_anchor_followup,COMBINED,C61,6613,second,loss,S11,2614
c61_anchor_followup,COMBINED,C61,6614,first,loss,S11,2615
c61_anchor_followup,COMBINED,C61,6615,second,loss,S11,2616
c61_anchor_followup,COMBINED,C61,6616,first,loss,S11,2617
c61_anchor_followup,COMBINED,C61,6617,second,win,S11,2618
c61_anchor_followup,COMBINED,C61,6618,first,win,S11,2619
c61_anchor_followup,COMBINED,C61,6619,second,win,S11,2620
c61_anchor_followup,COMBINED,C61,6620,first,loss,S11,2621
c61_anchor_followup,COMBINED,C61,6621,second,win,S11,2622
c61_anchor_followup,COMBINED,C61,6622,first,win,S11,2623
c61_anchor_followup,COMBINED,C61,6623,second,loss,S11,2624
c61_anchor_followup,COMBINED,C61,6624,first,win,S11,2625
c61_anchor_followup,COMBINED,C61,6625,second,loss,S11,2627
c61_anchor_followup,COMBINED,C61,6626,first,win,S11,2626
c61_anchor_followup,COMBINED,C61,6627,second,loss,S11,2628
c61_anchor_followup,COMBINED,C61,6628,first,loss,S11,2629
c61_anchor_followup,COMBINED,C61,6629,second,loss,S11,2630
c61_anchor_followup,COMBINED,C61,6630,first,win,S11,2631
c61_anchor_followup,COMBINED,C61,6631,second,win,S11,2632
c61_anchor_followup,COMBINED,C61,6632,first,win,S11,2633
c61_anchor_followup,COMBINED,C61,6633,second,loss,S11,2634
c61_anchor_followup,COMBINED,C61,6634,first,win,S11,2635
c61_anchor_followup,COMBINED,C61,6635,second,loss,S11,2636
c61_anchor_followup,COMBINED,C61,6636,first,win,S11,2639
c61_anchor_followup,COMBINED,C61,6637,second,win,S11,2637
c61_anchor_followup,COMBINED,C61,6638,first,loss,S11,2638
c61_anchor_followup,COMBINED,C61,6639,second,loss,S11,2640
c61_anchor_followup,COMBINED,C61,6640,first,win,S11,2641
c61_anchor_followup,COMBINED,C61,6641,second,loss,S11,2642
c61_anchor_followup,COMBINED,C61,6642,first,loss,S11,2643
c61_anchor_followup,COMBINED,C61,6643,second,loss,S11,2644
c61_anchor_followup,COMBINED,C61,6644,first,win,S11,2645
c61_anchor_followup,COMBINED,C61,6645,second,loss,S11,2646
c61_anchor_followup,COMBINED,C61,6646,first,loss,S11,2648
c61_anchor_followup,COMBINED,C61,6647,second,loss,S11,2647
c61_anchor_followup,COMBINED,C61,6648,first,loss,S11,2649
c61_anchor_followup,COMBINED,C61,6649,second,loss,S11,2650
c61_anchor_followup,COMBINED,C61,6650,first,win,S11,2651
c61_anchor_followup,COMBINED,C61,6651,second,win,S11,2653
c61_anchor_followup,COMBINED,C61,6652,first,loss,S11,2652
c61_anchor_followup,COMBINED,C61,6653,second,win,S11,2655
c61_anchor_followup,COMBINED,C61,6654,first,win,S11,2654
c61_anchor_followup,COMBINED,C61,6655,second,win,S11,2657
c61_anchor_followup,COMBINED,C61,6656,first,win,S11,2656
c61_anchor_followup,COMBINED,C61,6657,second,loss,S11,2658
c61_anchor_followup,COMBINED,C61,6658,first,loss,S11,2660
c61_anchor_followup,COMBINED,C61,6659,second,win,S11,2659
c61_anchor_followup,COMBINED,C61,6660,first,win,S11,2661
c61_anchor_followup,COMBINED,C61,6661,second,loss,S11,2662
c61_anchor_followup,COMBINED,C61,6662,first,loss,S11,2664
c61_anchor_followup,COMBINED,C61,6663,second,loss,S11,2663
c61_anchor_followup,COMBINED,C61,6664,first,win,S11,2665
c61_anchor_followup,COMBINED,C61,6665,second,loss,S11,2666
c61_anchor_followup,COMBINED,C61,6666,first,loss,S11,2668
c61_anchor_followup,COMBINED,C61,6667,second,loss,S11,2667
c61_anchor_followup,COMBINED,C61,6668,first,loss,S11,2670
c61_anchor_followup,COMBINED,C61,6669,second,loss,S11,2669
c61_anchor_followup,COMBINED,C61,6670,first,win,S11,2672
c61_anchor_followup,COMBINED,C61,6671,second,win,S11,2671
c61_anchor_followup,COMBINED,C61,6672,first,loss,S11,2674
c61_anchor_followup,COMBINED,C61,6673,second,loss,S11,2673
c61_anchor_followup,COMBINED,C61,6674,first,win,S11,2675
c61_anchor_followup,COMBINED,C61,6675,second,loss,S11,2676
c61_anchor_followup,COMBINED,C61,6676,first,loss,S11,2677
c61_anchor_followup,COMBINED,C61,6677,second,win,S11,2679
c61_anchor_followup,COMBINED,C61,6678,first,win,S11,2678
c61_anchor_followup,COMBINED,C61,6679,second,loss,S11,2680
c61_anchor_followup,COMBINED,C61,6680,first,win,S11,2681
c61_anchor_followup,COMBINED,C61,6681,second,loss,S11,2682
c61_anchor_followup,COMBINED,C61,6682,first,win,S11,2683
c61_anchor_followup,COMBINED,C61,6683,second,win,S11,2684
c61_anchor_followup,COMBINED,C61,6684,first,loss,S11,2685
c61_anchor_followup,COMBINED,C61,6685,second,draw,S11,2686
c61_anchor_followup,COMBINED,C61,6686,first,win,S11,2687
c61_anchor_followup,COMBINED,C61,6687,second,win,S11,2688
c61_anchor_followup,COMBINED,C61,6688,first,loss,S11,2689
c61_anchor_followup,COMBINED,C61,6689,second,win,S11,2690
c61_anchor_followup,COMBINED,C61,6690,first,win,S11,2691
c61_anchor_followup,COMBINED,C61,6691,second,loss,S11,2692
c61_anchor_followup,COMBINED,C61,6692,first,loss,S11,2693
c61_anchor_followup,COMBINED,C61,6693,second,loss,S11,2694
c61_anchor_followup,COMBINED,C61,6694,first,loss,S11,2696
c61_anchor_followup,COMBINED,C61,6695,second,loss,S11,2695
c61_anchor_followup,COMBINED,C61,6696,first,win,S11,2697
c61_anchor_followup,COMBINED,C61,6697,second,win,S11,2699
c61_anchor_followup,COMBINED,C61,6698,first,loss,S11,2698
c61_anchor_followup,COMBINED,C61,6699,second,win,S11,2700
c61_anchor_followup,COMBINED,C61,6700,first,loss,S11,2701
c61_anchor_followup,COMBINED,C61,6701,second,win,S11,2702
c61_anchor_followup,COMBINED,C61,6702,first,win,S11,2703
c61_anchor_followup,COMBINED,C61,6703,second,loss,S11,2704
c61_anchor_followup,COMBINED,C61,6704,first,win,S11,2706
c61_anchor_followup,COMBINED,C61,6705,second,win,S11,2705
c61_anchor_followup,COMBINED,C61,6706,first,loss,S11,2707
c61_anchor_followup,COMBINED,C61,6707,second,win,S11,2708
c61_anchor_followup,COMBINED,C61,6708,first,loss,S11,2709
c61_anchor_followup,COMBINED,C61,6709,second,win,S11,2710
c61_anchor_followup,COMBINED,C61,6710,first,loss,S11,2711
c61_anchor_followup,COMBINED,C61,6711,second,loss,S11,2712
c61_anchor_followup,COMBINED,C61,6712,first,win,S11,2713
c61_anchor_followup,COMBINED,C61,6713,second,loss,S11,2714
c61_anchor_followup,COMBINED,C61,6714,first,win,S11,2715
c61_anchor_followup,COMBINED,C61,6715,second,loss,S11,2716
c61_anchor_followup,COMBINED,C61,6716,first,loss,S11,2717
c61_anchor_followup,COMBINED,C61,6717,second,loss,S11,2718
c61_anchor_followup,COMBINED,C61,6718,first,loss,S11,2719
c61_anchor_followup,COMBINED,C61,6719,second,loss,S11,2720
c61_anchor_followup,COMBINED,C61,6720,first,loss,S11,2721
c61_anchor_followup,COMBINED,C61,6721,second,win,S11,2723
c61_anchor_followup,COMBINED,C61,6722,first,loss,S11,2722
c61_anchor_followup,COMBINED,C61,6723,second,win,S11,2725
c61_anchor_followup,COMBINED,C61,6724,first,loss,S11,2724
c61_anchor_followup,COMBINED,C61,6725,second,loss,S11,2726
c61_anchor_followup,COMBINED,C61,6726,first,win,S11,2727
c61_anchor_followup,COMBINED,C61,6727,second,loss,S11,2728
c61_anchor_followup,COMBINED,C61,6728,first,win,S11,2729
c61_anchor_followup,COMBINED,C61,6729,second,win,S11,2730
c61_anchor_followup,COMBINED,C61,6730,first,win,S11,2731
c61_anchor_followup,COMBINED,C61,6731,second,loss,S11,2732
c61_anchor_followup,COMBINED,C61,6732,first,win,S11,2734
c61_anchor_followup,COMBINED,C61,6733,second,win,S11,2733
c61_anchor_followup,COMBINED,C61,6734,first,win,S11,2735
c61_anchor_followup,COMBINED,C61,6735,second,loss,S11,2736
c61_anchor_followup,COMBINED,C61,6736,first,win,S11,2738
c61_anchor_followup,COMBINED,C61,6737,second,loss,S11,2737
c61_anchor_followup,COMBINED,C61,6738,first,win,S11,2739
c61_anchor_followup,COMBINED,C61,6739,second,win,S11,2740
c61_anchor_followup,COMBINED,C61,6740,first,win,S11,2741
c61_anchor_followup,COMBINED,C61,6741,second,win,S11,2742
c61_anchor_followup,COMBINED,C61,6742,first,loss,S11,2743
c61_anchor_followup,COMBINED,C61,6743,second,loss,S11,2744
c61_anchor_followup,COMBINED,C61,6744,first,win,S11,2745
c61_anchor_followup,COMBINED,C61,6745,second,loss,S11,2746
c61_anchor_followup,COMBINED,C61,6746,first,loss,S11,2747
c61_anchor_followup,COMBINED,C61,6747,second,win,S11,2749
c61_anchor_followup,COMBINED,C61,6748,first,win,S11,2748
c61_anchor_followup,COMBINED,C61,6749,second,win,S11,2751
c61_anchor_followup,COMBINED,C61,6750,first,win,S11,2750
c61_anchor_followup,COMBINED,C61,6751,second,loss,S11,2752
c61_anchor_followup,COMBINED,C61,6752,first,win,S11,2754
c61_anchor_followup,COMBINED,C61,6753,second,loss,S11,2753
c61_anchor_followup,COMBINED,C61,6754,first,win,S11,2755
c61_anchor_followup,COMBINED,C61,6755,second,loss,S11,2756
c61_anchor_followup,COMBINED,C61,6756,first,win,S11,2757
c61_anchor_followup,COMBINED,C61,6757,second,loss,S11,2758
c61_anchor_followup,COMBINED,C61,6758,first,loss,S11,2760
c61_anchor_followup,COMBINED,C61,6759,second,win,S11,2759
c61_anchor_followup,COMBINED,C61,6760,first,win,S11,2761
c61_anchor_followup,COMBINED,C61,6761,second,win,S11,2762
c61_anchor_followup,COMBINED,C61,6762,first,loss,S11,2764
c61_anchor_followup,COMBINED,C61,6763,second,win,S11,2763
c61_anchor_followup,COMBINED,C61,6764,first,loss,S11,2765
c61_anchor_followup,COMBINED,C61,6765,second,win,S11,2766
c61_anchor_followup,COMBINED,C61,6766,first,loss,S11,2767
c61_anchor_followup,COMBINED,C61,6767,second,loss,S11,2768
c61_anchor_followup,COMBINED,C61,6768,first,win,S11,2769
c61_anchor_followup,COMBINED,C61,6769,second,win,S11,2770
c61_anchor_followup,COMBINED,C61,6770,first,loss,S11,2771
c61_anchor_followup,COMBINED,C61,6771,second,win,S11,2773
c61_anchor_followup,COMBINED,C61,6772,first,loss,S11,2772
c61_anchor_followup,COMBINED,C61,6773,second,win,S11,2774
c61_anchor_followup,COMBINED,C61,6774,first,loss,S11,2775
c61_anchor_followup,COMBINED,C61,6775,second,loss,S11,2776
c61_anchor_followup,COMBINED,C61,6776,first,loss,S11,2777
c61_anchor_followup,COMBINED,C61,6777,second,win,S11,2778
c61_anchor_followup,COMBINED,C61,6778,first,loss,S11,2779
c61_anchor_followup,COMBINED,C61,6779,second,win,S11,2780
c61_anchor_followup,COMBINED,C61,6780,first,loss,S11,2781
c61_anchor_followup,COMBINED,C61,6781,second,loss,S11,2782
c61_anchor_followup,COMBINED,C61,6782,first,loss,S11,2783
c61_anchor_followup,COMBINED,C61,6783,second,win,S11,2784
c61_anchor_followup,COMBINED,C61,6784,first,win,S11,2785
c61_anchor_followup,COMBINED,C61,6785,second,loss,S11,2786
c61_anchor_followup,COMBINED,C61,6786,first,win,S11,2787
c61_anchor_followup,COMBINED,C61,6787,second,win,S11,2788
c61_anchor_followup,COMBINED,C61,6788,first,loss,S11,2789
c61_anchor_followup,COMBINED,C61,6789,second,loss,S11,2790
c61_anchor_followup,COMBINED,C61,6790,first,win,S11,2791
c61_anchor_followup,COMBINED,C61,6791,second,loss,S11,2793
c61_anchor_followup,COMBINED,C61,6792,first,win,S11,2792
c61_anchor_followup,COMBINED,C61,6793,second,win,S11,2794
c61_anchor_followup,COMBINED,C61,6794,first,loss,S11,2795
c61_anchor_followup,COMBINED,C61,6795,second,win,S11,2797
c61_anchor_followup,COMBINED,C61,6796,first,win,S11,2796
c61_anchor_followup,COMBINED,C61,6797,second,win,S11,2798
c61_anchor_followup,COMBINED,C61,6798,first,loss,S11,2800
c61_anchor_followup,COMBINED,C61,6799,second,loss,S11,2799
c61_anchor_followup,COMBINED,C61,6800,first,loss,S11,2801
c61_anchor_followup,COMBINED,C61,6801,second,loss,S11,2802
c61_anchor_followup,COMBINED,C61,6802,first,win,S11,2803
c61_anchor_followup,COMBINED,C61,6803,second,win,S11,2804
c61_anchor_followup,COMBINED,C61,6804,first,loss,S11,2805
c61_anchor_followup,COMBINED,C61,6805,second,loss,S11,2807
c61_anchor_followup,COMBINED,C61,6806,first,win,S11,2806
c61_anchor_followup,COMBINED,C61,6807,second,loss,S11,2808
c61_anchor_followup,COMBINED,C61,6808,first,loss,S11,2809
c61_anchor_followup,COMBINED,C61,6809,second,win,S11,2810
c61_anchor_followup,COMBINED,C61,6810,first,loss,S11,2812
c61_anchor_followup,COMBINED,C61,6811,second,win,S11,2811
c61_anchor_followup,COMBINED,C61,6812,first,win,S11,2813
c61_anchor_followup,COMBINED,C61,6813,second,win,S11,2814
c61_anchor_followup,COMBINED,C61,6814,first,loss,S11,2816
c61_anchor_followup,COMBINED,C61,6815,second,win,S11,2815
c61_anchor_followup,COMBINED,C61,6816,first,win,S11,2818
c61_anchor_followup,COMBINED,C61,6817,second,win,S11,2817
c61_anchor_followup,COMBINED,C61,6818,first,win,S11,2819
c61_anchor_followup,COMBINED,C61,6819,second,win,S11,2820
c61_anchor_followup,COMBINED,C61,6820,first,win,S11,2821
c61_anchor_followup,COMBINED,C61,6821,second,win,S11,2823
c61_anchor_followup,COMBINED,C61,6822,first,win,S11,2822
c61_anchor_followup,COMBINED,C61,6823,second,loss,S11,2825
c61_anchor_followup,COMBINED,C61,6824,first,win,S11,2824
c61_anchor_followup,COMBINED,C61,6825,second,win,S11,2827
c61_anchor_followup,COMBINED,C61,6826,first,win,S11,2826
c61_anchor_followup,COMBINED,C61,6827,second,loss,S11,2829
c61_anchor_followup,COMBINED,C61,6828,first,win,S11,2828
c61_anchor_followup,COMBINED,C61,6829,second,loss,S11,2831
c61_anchor_followup,COMBINED,C61,6830,first,win,S11,2830
c61_anchor_followup,COMBINED,C61,6831,second,loss,S11,2832
c61_anchor_followup,COMBINED,C61,6832,first,loss,S11,2834
c61_anchor_followup,COMBINED,C61,6833,second,win,S11,2833
c61_anchor_followup,COMBINED,C61,6834,first,loss,S11,2836
c61_anchor_followup,COMBINED,C61,6835,second,win,S11,2835
c61_anchor_followup,COMBINED,C61,6836,first,loss,S11,2838
c61_anchor_followup,COMBINED,C61,6837,second,loss,S11,2837
c61_anchor_followup,COMBINED,C61,6838,first,win,S11,2839
c61_anchor_followup,COMBINED,C61,6839,second,win,S11,2840
c61_anchor_followup,COMBINED,C61,6840,first,loss,S11,2841
c61_anchor_followup,COMBINED,C61,6841,second,win,S11,2842
c61_anchor_followup,COMBINED,C61,6842,first,loss,S11,2844
c61_anchor_followup,COMBINED,C61,6843,second,loss,S11,2843
c61_anchor_followup,COMBINED,C61,6844,first,win,S11,2845
c61_anchor_followup,COMBINED,C61,6845,second,win,S11,2846
c61_anchor_followup,COMBINED,C61,6846,first,loss,S11,2847
c61_anchor_followup,COMBINED,C61,6847,second,win,S11,2848
c61_anchor_followup,COMBINED,C61,6848,first,loss,S11,2849
c61_anchor_followup,COMBINED,C61,6849,second,win,S11,2850
c61_anchor_followup,COMBINED,C61,6850,first,win,S11,2851
c61_anchor_followup,COMBINED,C61,6851,second,loss,S11,2852
c61_anchor_followup,COMBINED,C61,6852,first,loss,S11,2854
c61_anchor_followup,COMBINED,C61,6853,second,loss,S11,2853
c61_anchor_followup,COMBINED,C61,6854,first,win,S11,2855
c61_anchor_followup,COMBINED,C61,6855,second,loss,S11,2856
c61_anchor_followup,COMBINED,C61,6856,first,loss,S11,2858
c61_anchor_followup,COMBINED,C61,6857,second,loss,S11,2857
c61_anchor_followup,COMBINED,C61,6858,first,loss,S11,2860
c61_anchor_followup,COMBINED,C61,6859,second,loss,S11,2859
c61_anchor_followup,COMBINED,C61,6860,first,loss,S11,2861
c61_anchor_followup,COMBINED,C61,6861,second,loss,S11,2862
c61_anchor_followup,COMBINED,C61,6862,first,loss,S11,2863
c61_anchor_followup,COMBINED,C61,6863,second,loss,S11,2864
c61_anchor_followup,COMBINED,C61,6864,first,loss,S11,2865
c61_anchor_followup,COMBINED,C61,6865,second,loss,S11,2866
c61_anchor_followup,COMBINED,C61,6866,first,win,S11,2867
c61_anchor_followup,COMBINED,C61,6867,second,loss,S11,2868
c61_anchor_followup,COMBINED,C61,6868,first,loss,S11,2870
c61_anchor_followup,COMBINED,C61,6869,second,win,S11,2869
c61_anchor_followup,COMBINED,C61,6870,first,loss,S11,2871
c61_anchor_followup,COMBINED,C61,6871,second,loss,S11,2872
c61_anchor_followup,COMBINED,C61,6872,first,loss,S11,2873
c61_anchor_followup,COMBINED,C61,6873,second,win,S11,2874
c61_anchor_followup,COMBINED,C61,6874,first,loss,S11,2876
c61_anchor_followup,COMBINED,C61,6875,second,win,S11,2875
c61_anchor_followup,COMBINED,C61,6876,first,loss,S11,2877
c61_anchor_followup,COMBINED,C61,6877,second,win,S11,2878
c61_anchor_followup,COMBINED,C61,6878,first,loss,S11,2879
c61_anchor_followup,COMBINED,C61,6879,second,loss,S11,2881
c61_anchor_followup,COMBINED,C61,6880,first,loss,S11,2880
c61_anchor_followup,COMBINED,C61,6881,second,win,S11,2882
c61_anchor_followup,COMBINED,C61,6882,first,loss,S11,2884
c61_anchor_followup,COMBINED,C61,6883,second,loss,S11,2883
c61_anchor_followup,COMBINED,C61,6884,first,loss,S11,2885
c61_anchor_followup,COMBINED,C61,6885,second,win,S11,2886
c61_anchor_followup,COMBINED,C61,6886,first,loss,S11,2888
c61_anchor_followup,COMBINED,C61,6887,second,loss,S11,2887
c61_anchor_followup,COMBINED,C61,6888,first,loss,S11,2889
c61_anchor_followup,COMBINED,C61,6889,second,loss,S11,2890
c61_anchor_followup,COMBINED,C61,6890,first,loss,S11,2891
c61_anchor_followup,COMBINED,C61,6891,second,loss,S11,2892
c61_anchor_followup,COMBINED,C61,6892,first,loss,S11,2893
c61_anchor_followup,COMBINED,C61,6893,second,loss,S11,2894
c61_anchor_followup,COMBINED,C61,6894,first,loss,S11,2895
c61_anchor_followup,COMBINED,C61,6895,second,win,S11,2896
c61_anchor_followup,COMBINED,C61,6896,first,loss,S11,2897
c61_anchor_followup,COMBINED,C61,6897,second,loss,S11,2898
c61_anchor_followup,COMBINED,C61,6898,first,win,S11,2899
c61_anchor_followup,COMBINED,C61,6899,second,loss,S11,2900
c61_anchor_followup,COMBINED,C61,6900,first,loss,S11,2901
c61_anchor_followup,COMBINED,C61,6901,second,loss,S11,2902
c61_anchor_followup,COMBINED,C61,6902,first,loss,S11,2903
c61_anchor_followup,COMBINED,C61,6903,second,win,S11,2904
c61_anchor_followup,COMBINED,C61,6904,first,win,S11,2905
c61_anchor_followup,COMBINED,C61,6905,second,loss,S11,2907
c61_anchor_followup,COMBINED,C61,6906,first,loss,S11,2906
c61_anchor_followup,COMBINED,C61,6907,second,loss,S11,2908
c61_anchor_followup,COMBINED,C61,6908,first,loss,S11,2909
c61_anchor_followup,COMBINED,C61,6909,second,win,S11,2910
c61_anchor_followup,COMBINED,C61,6910,first,loss,S11,2911
c61_anchor_followup,COMBINED,C61,6911,second,win,S11,2912
c61_anchor_followup,COMBINED,C61,6912,first,loss,S11,2913
c61_anchor_followup,COMBINED,C61,6913,second,loss,S11,2914
c61_anchor_followup,COMBINED,C61,6914,first,loss,S11,2915
c61_anchor_followup,COMBINED,C61,6915,second,win,S11,2916
c61_anchor_followup,COMBINED,C61,6916,first,win,S11,2917
c61_anchor_followup,COMBINED,C61,6917,second,loss,S11,2918
c61_anchor_followup,COMBINED,C61,6918,first,win,S11,2919
c61_anchor_followup,COMBINED,C61,6919,second,win,S11,2920
c61_anchor_followup,COMBINED,C61,6920,first,loss,S11,2922
c61_anchor_followup,COMBINED,C61,6921,second,loss,S11,2921
c61_anchor_followup,COMBINED,C61,6922,first,win,S11,2924
c61_anchor_followup,COMBINED,C61,6923,second,loss,S11,2923
c61_anchor_followup,COMBINED,C61,6924,first,loss,S11,2927
c61_anchor_followup,COMBINED,C61,6925,second,win,S11,2925
c61_anchor_followup,COMBINED,C61,6926,first,win,S11,2926
c61_anchor_followup,COMBINED,C61,6927,second,loss,S11,2929
c61_anchor_followup,COMBINED,C61,6928,first,win,S11,2928
c61_anchor_followup,COMBINED,C61,6929,second,loss,S11,2930
c61_anchor_followup,COMBINED,C61,6930,first,win,S11,2931
c61_anchor_followup,COMBINED,C61,6931,second,loss,S11,2932
c61_anchor_followup,COMBINED,C61,6932,first,loss,S11,2934
c61_anchor_followup,COMBINED,C61,6933,second,win,S11,2933
c61_anchor_followup,COMBINED,C61,6934,first,win,S11,2936
c61_anchor_followup,COMBINED,C61,6935,second,loss,S11,2935
c61_anchor_followup,COMBINED,C61,6936,first,win,S11,2937
c61_anchor_followup,COMBINED,C61,6937,second,loss,S11,2938
c61_anchor_followup,COMBINED,C61,6938,first,loss,S11,2939
c61_anchor_followup,COMBINED,C61,6939,second,loss,S11,2940
c61_anchor_followup,COMBINED,C61,6940,first,loss,S11,2941
c61_anchor_followup,COMBINED,C61,6941,second,loss,S11,2942
c61_anchor_followup,COMBINED,C61,6942,first,loss,S11,2944
c61_anchor_followup,COMBINED,C61,6943,second,win,S11,2943
c61_anchor_followup,COMBINED,C61,6944,first,loss,S11,2945
c61_anchor_followup,COMBINED,C61,6945,second,win,S11,2946
c61_anchor_followup,COMBINED,C61,6946,first,win,S11,2947
c61_anchor_followup,COMBINED,C61,6947,second,loss,S11,2948
c61_anchor_followup,COMBINED,C61,6948,first,loss,S11,2949
c61_anchor_followup,COMBINED,C61,6949,second,loss,S11,2950
c61_anchor_followup,COMBINED,C61,6950,first,loss,S11,2951
c61_anchor_followup,COMBINED,C61,6951,second,loss,S11,2952
c61_anchor_followup,COMBINED,C61,6952,first,win,S11,2953
c61_anchor_followup,COMBINED,C61,6953,second,loss,S11,2954
c61_anchor_followup,COMBINED,C61,6954,first,loss,S11,2955
c61_anchor_followup,COMBINED,C61,6955,second,loss,S11,2956
c61_anchor_followup,COMBINED,C61,6956,first,loss,S11,2958
c61_anchor_followup,COMBINED,C61,6957,second,win,S11,2957
c61_anchor_followup,COMBINED,C61,6958,first,loss,S11,2959
c61_anchor_followup,COMBINED,C61,6959,second,win,S11,2960
c61_anchor_followup,COMBINED,C61,6960,first,win,S11,2962
c61_anchor_followup,COMBINED,C61,6961,second,win,S11,2961
c61_anchor_followup,COMBINED,C61,6962,first,loss,S11,2964
c61_anchor_followup,COMBINED,C61,6963,second,loss,S11,2963
c61_anchor_followup,COMBINED,C61,6964,first,win,S11,2966
c61_anchor_followup,COMBINED,C61,6965,second,win,S11,2965
c61_anchor_followup,COMBINED,C61,6966,first,win,S11,2967
c61_anchor_followup,COMBINED,C61,6967,second,win,S11,2968
c61_anchor_followup,COMBINED,C61,6968,first,loss,S11,2970
c61_anchor_followup,COMBINED,C61,6969,second,loss,S11,2969
c61_anchor_followup,COMBINED,C61,6970,first,loss,S11,2971
c61_anchor_followup,COMBINED,C61,6971,second,win,S11,2972
c61_anchor_followup,COMBINED,C61,6972,first,loss,S11,2973
c61_anchor_followup,COMBINED,C61,6973,second,loss,S11,2974
c61_anchor_followup,COMBINED,C61,6974,first,win,S11,2975
c61_anchor_followup,COMBINED,C61,6975,second,win,S11,2977
c61_anchor_followup,COMBINED,C61,6976,first,loss,S11,2976
c61_anchor_followup,COMBINED,C61,6977,second,loss,S11,2979
c61_anchor_followup,COMBINED,C61,6978,first,loss,S11,2978
c61_anchor_followup,COMBINED,C61,6979,second,win,S11,2981
c61_anchor_followup,COMBINED,C61,6980,first,loss,S11,2980
c61_anchor_followup,COMBINED,C61,6981,second,loss,S11,2982
c61_anchor_followup,COMBINED,C61,6982,first,win,S11,2983
c61_anchor_followup,COMBINED,C61,6983,second,win,S11,2985
c61_anchor_followup,COMBINED,C61,6984,first,win,S11,2984
c61_anchor_followup,COMBINED,C61,6985,second,loss,S11,2986
c61_anchor_followup,COMBINED,C61,6986,first,loss,S11,2987
c61_anchor_followup,COMBINED,C61,6987,second,loss,S11,2989
c61_anchor_followup,COMBINED,C61,6988,first,win,S11,2988
c61_anchor_followup,COMBINED,C61,6989,second,loss,S11,2990
c61_anchor_followup,COMBINED,C61,6990,first,win,S11,2992
c61_anchor_followup,COMBINED,C61,6991,second,loss,S11,2991
c61_anchor_followup,COMBINED,C61,6992,first,loss,S11,2993
c61_anchor_followup,COMBINED,C61,6993,second,loss,S11,2994
c61_anchor_followup,COMBINED,C61,6994,first,win,S11,2996
c61_anchor_followup,COMBINED,C61,6995,second,loss,S11,2995
c61_anchor_followup,COMBINED,C61,6996,first,loss,S11,2997
c61_anchor_followup,COMBINED,C61,6997,second,loss,S11,2998
c61_anchor_followup,COMBINED,C61,6998,first,loss,S11,3000
c61_anchor_followup,COMBINED,C61,6999,second,loss,S11,2999
c61_anchor_followup,COMBINED,C61,7000,first,win,S11,3002
c61_anchor_followup,COMBINED,C61,7001,second,loss,S11,3001
c61_anchor_followup,COMBINED,C61,7002,first,loss,S11,3004
c61_anchor_followup,COMBINED,C61,7003,second,loss,S11,3003
c61_anchor_followup,COMBINED,C61,7004,first,win,S11,3005
c61_anchor_followup,COMBINED,C61,7005,second,loss,S11,3006
c61_anchor_followup,COMBINED,C61,7006,first,loss,S11,3007
c61_anchor_followup,COMBINED,C61,7007,second,win,S11,3008
c61_anchor_followup,COMBINED,C61,7008,first,loss,S11,3009
c61_anchor_followup,COMBINED,C61,7009,second,loss,S11,3010
c61_anchor_followup,COMBINED,C61,7010,first,win,S11,3011
c61_anchor_followup,COMBINED,C61,7011,second,loss,S11,3012
c61_anchor_followup,COMBINED,C61,7012,first,loss,S11,3013
c61_anchor_followup,COMBINED,C61,7013,second,loss,S11,3015
c61_anchor_followup,COMBINED,C61,7014,first,win,S11,3014
c61_anchor_followup,COMBINED,C61,7015,second,win,S11,3017
c61_anchor_followup,COMBINED,C61,7016,first,win,S11,3016
c61_anchor_followup,COMBINED,C61,7017,second,loss,S11,3018
c61_anchor_followup,COMBINED,C61,7018,first,loss,S11,3019
c61_anchor_followup,COMBINED,C61,7019,second,loss,S11,3021
c61_anchor_followup,COMBINED,C61,7020,first,win,S11,3020
c61_anchor_followup,COMBINED,C61,7021,second,win,S11,3022
c61_anchor_followup,COMBINED,C61,7022,first,loss,S11,3023
c61_anchor_followup,COMBINED,C61,7023,second,loss,S11,3024
c61_anchor_followup,COMBINED,C61,7024,first,loss,S11,3025
c61_anchor_followup,COMBINED,C61,7025,second,loss,S11,3026
c61_anchor_followup,COMBINED,C61,7026,first,win,S11,3027
c61_anchor_followup,COMBINED,C61,7027,second,win,S11,3028
c61_anchor_followup,COMBINED,C61,7028,first,loss,S11,3029
c61_anchor_followup,COMBINED,C61,7029,second,loss,S11,3030
c61_anchor_followup,COMBINED,C61,7030,first,loss,S11,3032
c61_anchor_followup,COMBINED,C61,7031,second,win,S11,3031
c61_anchor_followup,COMBINED,C61,7032,first,win,S11,3033
c61_anchor_followup,COMBINED,C61,7033,second,win,S11,3034
c61_anchor_followup,COMBINED,C61,7034,first,win,S11,3035
c61_anchor_followup,COMBINED,C61,7035,second,loss,S11,3037
c61_anchor_followup,COMBINED,C61,7036,first,win,S11,3036
c61_anchor_followup,COMBINED,C61,7037,second,loss,S11,3039
c61_anchor_followup,COMBINED,C61,7038,first,win,S11,3038
c61_anchor_followup,COMBINED,C61,7039,second,win,S11,3040
c61_anchor_followup,COMBINED,C61,7040,first,loss,S11,3041
c61_anchor_followup,COMBINED,C61,7041,second,win,S11,3042
c61_anchor_followup,COMBINED,C61,7042,first,win,S11,3043
c61_anchor_followup,COMBINED,C61,7043,second,loss,S11,3044
c61_anchor_followup,COMBINED,C61,7044,first,loss,S11,3046
c61_anchor_followup,COMBINED,C61,7045,second,win,S11,3045
c61_anchor_followup,COMBINED,C61,7046,first,win,S11,3047
c61_anchor_followup,COMBINED,C61,7047,second,loss,S11,3048
c61_anchor_followup,COMBINED,C61,7048,first,loss,S11,3050
c61_anchor_followup,COMBINED,C61,7049,second,loss,S11,3049
c61_anchor_followup,COMBINED,C61,7050,first,win,S11,3051
c61_anchor_followup,COMBINED,C61,7051,second,loss,S11,3052
c61_anchor_followup,COMBINED,C61,7052,first,loss,S11,3053
c61_anchor_followup,COMBINED,C61,7053,second,win,S11,3056
c61_anchor_followup,COMBINED,C61,7054,first,win,S11,3054
c61_anchor_followup,COMBINED,C61,7055,second,loss,S11,3055
c61_anchor_followup,COMBINED,C61,7056,first,loss,S11,3057
c61_anchor_followup,COMBINED,C61,7057,second,loss,S11,3058
c61_anchor_followup,COMBINED,C61,7058,first,win,S11,3059
c61_anchor_followup,COMBINED,C61,7059,second,loss,S11,3061
c61_anchor_followup,COMBINED,C61,7060,first,win,S11,3060
c61_anchor_followup,COMBINED,C61,7061,second,loss,S11,3063
c61_anchor_followup,COMBINED,C61,7062,first,win,S11,3062
c61_anchor_followup,COMBINED,C61,7063,second,win,S11,3064
c61_anchor_followup,COMBINED,C61,7064,first,loss,S11,3065
c61_anchor_followup,COMBINED,C61,7065,second,win,S11,3066
c61_anchor_followup,COMBINED,C61,7066,first,loss,S11,3067
c61_anchor_followup,COMBINED,C61,7067,second,win,S11,3068
c61_anchor_followup,COMBINED,C61,7068,first,win,S11,3069
c61_anchor_followup,COMBINED,C61,7069,second,loss,S11,3070
c61_anchor_followup,COMBINED,C61,7070,first,loss,S11,3071
c61_anchor_followup,COMBINED,C61,7071,second,win,S11,3072
c61_anchor_followup,COMBINED,C61,7072,first,win,S11,3073
c61_anchor_followup,COMBINED,C61,7073,second,loss,S11,3074
c61_anchor_followup,COMBINED,C61,7074,first,loss,S11,3075
c61_anchor_followup,COMBINED,C61,7075,second,win,S11,3076
c61_anchor_followup,COMBINED,C61,7076,first,win,S11,3077
c61_anchor_followup,COMBINED,C61,7077,second,loss,S11,3078
c61_anchor_followup,COMBINED,C61,7078,first,loss,S11,3079
c61_anchor_followup,COMBINED,C61,7079,second,loss,S11,3080
c61_anchor_followup,COMBINED,C61,7080,first,loss,S11,3082
c61_anchor_followup,COMBINED,C61,7081,second,loss,S11,3081
c61_anchor_followup,COMBINED,C61,7082,first,win,S11,3083
c61_anchor_followup,COMBINED,C61,7083,second,win,S11,3084
c61_anchor_followup,COMBINED,C61,7084,first,loss,S11,3085
c61_anchor_followup,COMBINED,C61,7085,second,loss,S11,3087
c61_anchor_followup,COMBINED,C61,7086,first,win,S11,3086
c61_anchor_followup,COMBINED,C61,7087,second,loss,S11,3088
c61_anchor_followup,COMBINED,C61,7088,first,win,S11,3089
c61_anchor_followup,COMBINED,C61,7089,second,win,S11,3090
c61_anchor_followup,COMBINED,C61,7090,first,win,S11,3091
c61_anchor_followup,COMBINED,C61,7091,second,win,S11,3092
c61_anchor_followup,COMBINED,C61,7092,first,win,S11,3094
c61_anchor_followup,COMBINED,C61,7093,second,loss,S11,3093
c61_anchor_followup,COMBINED,C61,7094,first,loss,S11,3096
c61_anchor_followup,COMBINED,C61,7095,second,loss,S11,3095
c61_anchor_followup,COMBINED,C61,7096,first,loss,S11,3097
c61_anchor_followup,COMBINED,C61,7097,second,win,S11,3098
c61_anchor_followup,COMBINED,C61,7098,first,win,S11,3099
c61_anchor_followup,COMBINED,C61,7099,second,loss,S11,3100
c61_anchor_followup,COMBINED,C61,7100,first,loss,S11,3101
c61_anchor_followup,COMBINED,C61,7101,second,loss,S11,3102
c61_anchor_followup,COMBINED,C61,7102,first,loss,S11,3105
c61_anchor_followup,COMBINED,C61,7103,second,win,S11,3103
c61_anchor_followup,COMBINED,C61,7104,first,loss,S11,3104
c61_anchor_followup,COMBINED,C61,7105,second,loss,S11,3108
c61_anchor_followup,COMBINED,C61,7106,first,loss,S11,3106
c61_anchor_followup,COMBINED,C61,7107,second,loss,S11,3107
c61_anchor_followup,COMBINED,C61,7108,first,loss,S11,3110
c61_anchor_followup,COMBINED,C61,7109,second,loss,S11,3109
c61_anchor_followup,COMBINED,C61,7110,first,win,S11,3111
c61_anchor_followup,COMBINED,C61,7111,second,win,S11,3112
c61_anchor_followup,COMBINED,C61,7112,first,win,S11,3113
c61_anchor_followup,COMBINED,C61,7113,second,loss,S11,3114
c61_anchor_followup,COMBINED,C61,7114,first,loss,S11,3116
c61_anchor_followup,COMBINED,C61,7115,second,win,S11,3115
c61_anchor_followup,COMBINED,C61,7116,first,win,S11,3117
c61_anchor_followup,COMBINED,C61,7117,second,loss,S11,3118
c61_anchor_followup,COMBINED,C61,7118,first,win,S11,3119
c61_anchor_followup,COMBINED,C61,7119,second,loss,S11,3120
c61_anchor_followup,COMBINED,C61,7120,first,win,S11,3122
c61_anchor_followup,COMBINED,C61,7121,second,win,S11,3121
c61_anchor_followup,COMBINED,C61,7122,first,win,S11,3123
c61_anchor_followup,COMBINED,C61,7123,second,win,S11,3124
c61_anchor_followup,COMBINED,C61,7124,first,loss,S11,3125
c61_anchor_followup,COMBINED,C61,7125,second,loss,S11,3127
c61_anchor_followup,COMBINED,C61,7126,first,win,S11,3126
c61_anchor_followup,COMBINED,C61,7127,second,win,S11,3129
c61_anchor_followup,COMBINED,C61,7128,first,loss,S11,3128
c61_anchor_followup,COMBINED,C61,7129,second,loss,S11,3131
c61_anchor_followup,COMBINED,C61,7130,first,win,S11,3130
c61_anchor_followup,COMBINED,C61,7131,second,loss,S11,3132
c61_anchor_followup,COMBINED,C61,7132,first,loss,S11,3133
c61_anchor_followup,COMBINED,C61,7133,second,loss,S11,3134
c61_anchor_followup,COMBINED,C61,7134,first,loss,S11,3135
c61_anchor_followup,COMBINED,C61,7135,second,loss,S11,3136
c61_anchor_followup,COMBINED,C61,7136,first,loss,S11,3137
c61_anchor_followup,COMBINED,C61,7137,second,loss,S11,3139
c61_anchor_followup,COMBINED,C61,7138,first,win,S11,3138
c61_anchor_followup,COMBINED,C61,7139,second,win,S11,3140
c61_anchor_followup,COMBINED,C61,7140,first,loss,S11,3141
c61_anchor_followup,COMBINED,C61,7141,second,loss,S11,3142
c61_anchor_followup,COMBINED,C61,7142,first,win,S11,3143
c61_anchor_followup,COMBINED,C61,7143,second,win,S11,3144
c61_anchor_followup,COMBINED,C61,7144,first,win,S11,3145
c61_anchor_followup,COMBINED,C61,7145,second,loss,S11,3146
c61_anchor_followup,COMBINED,C61,7146,first,loss,S11,3147
c61_anchor_followup,COMBINED,C61,7147,second,loss,S11,3148
c61_anchor_followup,COMBINED,C61,7148,first,loss,S11,3149
c61_anchor_followup,COMBINED,C61,7149,second,loss,S11,3150
c61_anchor_followup,COMBINED,C61,7150,first,loss,S11,3151
c61_anchor_followup,COMBINED,C61,7151,second,loss,S11,3152
c61_anchor_followup,COMBINED,C61,7152,first,win,S11,3153
c61_anchor_followup,COMBINED,C61,7153,second,win,S11,3155
c61_anchor_followup,COMBINED,C61,7154,first,loss,S11,3154
c61_anchor_followup,COMBINED,C61,7155,second,loss,S11,3157
c61_anchor_followup,COMBINED,C61,7156,first,loss,S11,3156
c61_anchor_followup,COMBINED,C61,7157,second,win,S11,3158
c61_anchor_followup,COMBINED,C61,7158,first,loss,S11,3159
c61_anchor_followup,COMBINED,C61,7159,second,loss,S11,3160
c61_anchor_followup,COMBINED,C61,7160,first,win,S11,3161
c61_anchor_followup,COMBINED,C61,7161,second,loss,S11,3163
c61_anchor_followup,COMBINED,C61,7162,first,loss,S11,3162
c61_anchor_followup,COMBINED,C61,7163,second,win,S11,3164
c61_anchor_followup,COMBINED,C61,7164,first,loss,S11,3165
c61_anchor_followup,COMBINED,C61,7165,second,win,S11,3166
c61_anchor_followup,COMBINED,C61,7166,first,loss,S11,3167
c61_anchor_followup,COMBINED,C61,7167,second,win,S11,3169
c61_anchor_followup,COMBINED,C61,7168,first,win,S11,3168
c61_anchor_followup,COMBINED,C61,7169,second,win,S11,3170
c61_anchor_followup,COMBINED,C61,7170,first,win,S11,3172
c61_anchor_followup,COMBINED,C61,7171,second,loss,S11,3171
c61_anchor_followup,COMBINED,C61,7172,first,win,S11,3173
c61_anchor_followup,COMBINED,C61,7173,second,loss,S11,3174
c61_anchor_followup,COMBINED,C61,7174,first,loss,S11,3176
c61_anchor_followup,COMBINED,C61,7175,second,loss,S11,3175
c61_anchor_followup,COMBINED,C61,7176,first,loss,S11,3178
c61_anchor_followup,COMBINED,C61,7177,second,win,S11,3177
c61_anchor_followup,COMBINED,C61,7178,first,win,S11,3179
c61_anchor_followup,COMBINED,C61,7179,second,win,S11,3181
c61_anchor_followup,COMBINED,C61,7180,first,loss,S11,3180
c61_anchor_followup,COMBINED,C61,7181,second,win,S11,3183
c61_anchor_followup,COMBINED,C61,7182,first,win,S11,3182
c61_anchor_followup,COMBINED,C61,7183,second,win,S11,3184
c61_anchor_followup,COMBINED,C61,7184,first,loss,S11,3185
c61_anchor_followup,COMBINED,C61,7185,second,loss,S11,3186
c61_anchor_followup,COMBINED,C61,7186,first,loss,S11,3187
c61_anchor_followup,COMBINED,C61,7187,second,loss,S11,3188
c61_anchor_followup,COMBINED,C61,7188,first,loss,S11,3189
c61_anchor_followup,COMBINED,C61,7189,second,win,S11,3190
c61_anchor_followup,COMBINED,C61,7190,first,win,S11,3191
c61_anchor_followup,COMBINED,C61,7191,second,loss,S11,3192
c61_anchor_followup,COMBINED,C61,7192,first,win,S11,3194
c61_anchor_followup,COMBINED,C61,7193,second,win,S11,3193
c61_anchor_followup,COMBINED,C61,7194,first,loss,S11,3195
c61_anchor_followup,COMBINED,C61,7195,second,loss,S11,3196
c61_anchor_followup,COMBINED,C61,7196,first,win,S11,3197
c61_anchor_followup,COMBINED,C61,7197,second,win,S11,3198
c61_anchor_followup,COMBINED,C61,7198,first,loss,S11,3200
c61_anchor_followup,COMBINED,C61,7199,second,loss,S11,3199
c61_anchor_followup,COMBINED,C61,7200,first,loss,S11,3202
c61_anchor_followup,COMBINED,C61,7201,second,loss,S11,3201
c61_anchor_followup,COMBINED,C61,7202,first,loss,S11,3204
c61_anchor_followup,COMBINED,C61,7203,second,loss,S11,3203
c61_anchor_followup,COMBINED,C61,7204,first,loss,S11,3205
c61_anchor_followup,COMBINED,C61,7205,second,win,S11,3206
c61_anchor_followup,COMBINED,C61,7206,first,win,S11,3207
c61_anchor_followup,COMBINED,C61,7207,second,loss,S11,3208
c61_anchor_followup,COMBINED,C61,7208,first,loss,S11,3210
c61_anchor_followup,COMBINED,C61,7209,second,win,S11,3209
c61_anchor_followup,COMBINED,C61,7210,first,win,S11,3211
c61_anchor_followup,COMBINED,C61,7211,second,loss,S11,3212
c61_anchor_followup,COMBINED,C61,7212,first,win,S11,3213
c61_anchor_followup,COMBINED,C61,7213,second,loss,S11,3214
c61_anchor_followup,COMBINED,C61,7214,first,loss,S11,3215
c61_anchor_followup,COMBINED,C61,7215,second,loss,S11,3216
c61_anchor_followup,COMBINED,C61,7216,first,win,S11,3217
c61_anchor_followup,COMBINED,C61,7217,second,loss,S11,3218
c61_anchor_followup,COMBINED,C61,7218,first,loss,S11,3219
c61_anchor_followup,COMBINED,C61,7219,second,win,S11,3220
c61_anchor_followup,COMBINED,C61,7220,first,loss,S11,3221
c61_anchor_followup,COMBINED,C61,7221,second,loss,S11,3222
c61_anchor_followup,COMBINED,C61,7222,first,win,S11,3223
c61_anchor_followup,COMBINED,C61,7223,second,loss,S11,3224
c61_anchor_followup,COMBINED,C61,7224,first,win,S11,3226
c61_anchor_followup,COMBINED,C61,7225,second,loss,S11,3225
c61_anchor_followup,COMBINED,C61,7226,first,loss,S11,3227
c61_anchor_followup,COMBINED,C61,7227,second,loss,S11,3228
c61_anchor_followup,COMBINED,C61,7228,first,loss,S11,3229
c61_anchor_followup,COMBINED,C61,7229,second,loss,S11,3230
c61_anchor_followup,COMBINED,C61,7230,first,win,S11,3231
c61_anchor_followup,COMBINED,C61,7231,second,loss,S11,3234
c61_anchor_followup,COMBINED,C61,7232,first,win,S11,3232
c61_anchor_followup,COMBINED,C61,7233,second,win,S11,3233
c61_anchor_followup,COMBINED,C61,7234,first,win,S11,3236
c61_anchor_followup,COMBINED,C61,7235,second,loss,S11,3235
c61_anchor_followup,COMBINED,C61,7236,first,loss,S11,3237
c61_anchor_followup,COMBINED,C61,7237,second,loss,S11,3238
c61_anchor_followup,COMBINED,C61,7238,first,win,S11,3239
c61_anchor_followup,COMBINED,C61,7239,second,win,S11,3240
c61_anchor_followup,COMBINED,C61,7240,first,loss,S11,3242
c61_anchor_followup,COMBINED,C61,7241,second,loss,S11,3241
c61_anchor_followup,COMBINED,C61,7242,first,loss,S11,3243
c61_anchor_followup,COMBINED,C61,7243,second,win,S11,3244
c61_anchor_followup,COMBINED,C61,7244,first,loss,S11,3246
c61_anchor_followup,COMBINED,C61,7245,second,win,S11,3245
c61_anchor_followup,COMBINED,C61,7246,first,loss,S11,3247
c61_anchor_followup,COMBINED,C61,7247,second,loss,S11,3248
c61_anchor_followup,COMBINED,C61,7248,first,loss,S11,3249
c61_anchor_followup,COMBINED,C61,7249,second,loss,S11,3250
c61_anchor_followup,COMBINED,C61,7250,first,loss,S11,3251
c61_anchor_followup,COMBINED,C61,7251,second,loss,S11,3252
c61_anchor_followup,COMBINED,C61,7252,first,loss,S11,3254
c61_anchor_followup,COMBINED,C61,7253,second,loss,S11,3253
c61_anchor_followup,COMBINED,C61,7254,first,win,S11,3255
c61_anchor_followup,COMBINED,C61,7255,second,loss,S11,3256
c61_anchor_followup,COMBINED,C61,7256,first,win,S11,3258
c61_anchor_followup,COMBINED,C61,7257,second,win,S11,3257
c61_anchor_followup,COMBINED,C61,7258,first,win,S11,3259
c61_anchor_followup,COMBINED,C61,7259,second,loss,S11,3261
c61_anchor_followup,COMBINED,C61,7260,first,loss,S11,3260
c61_anchor_followup,COMBINED,C61,7261,second,loss,S11,3263
c61_anchor_followup,COMBINED,C61,7262,first,win,S11,3262
c61_anchor_followup,COMBINED,C61,7263,second,win,S11,3264
c61_anchor_followup,COMBINED,C61,7264,first,win,S11,3265
c61_anchor_followup,COMBINED,C61,7265,second,loss,S11,3266
c61_anchor_followup,COMBINED,C61,7266,first,win,S11,3267
c61_anchor_followup,COMBINED,C61,7267,second,loss,S11,3269
c61_anchor_followup,COMBINED,C61,7268,first,win,S11,3268
c61_anchor_followup,COMBINED,C61,7269,second,win,S11,3270
c61_anchor_followup,COMBINED,C61,7270,first,loss,S11,3271
c61_anchor_followup,COMBINED,C61,7271,second,loss,S11,3272
c61_anchor_followup,COMBINED,C61,7272,first,win,S11,3273
c61_anchor_followup,COMBINED,C61,7273,second,loss,S11,3274
c61_anchor_followup,COMBINED,C61,7274,first,loss,S11,3275
c61_anchor_followup,COMBINED,C61,7275,second,loss,S11,3276
c61_anchor_followup,COMBINED,C61,7276,first,loss,S11,3277
c61_anchor_followup,COMBINED,C61,7277,second,loss,S11,3279
c61_anchor_followup,COMBINED,C61,7278,first,loss,S11,3278
c61_anchor_followup,COMBINED,C61,7279,second,loss,S11,3281
c61_anchor_followup,COMBINED,C61,7280,first,loss,S11,3280
c61_anchor_followup,COMBINED,C61,7281,second,loss,S11,3283
c61_anchor_followup,COMBINED,C61,7282,first,loss,S11,3282
c61_anchor_followup,COMBINED,C61,7283,second,win,S11,3285
c61_anchor_followup,COMBINED,C61,7284,first,win,S11,3284
c61_anchor_followup,COMBINED,C61,7285,second,loss,S11,3286
c61_anchor_followup,COMBINED,C61,7286,first,loss,S11,3287
c61_anchor_followup,COMBINED,C61,7287,second,loss,S11,3289
c61_anchor_followup,COMBINED,C61,7288,first,loss,S11,3288
c61_anchor_followup,COMBINED,C61,7289,second,loss,S11,3290
c61_anchor_followup,COMBINED,C61,7290,first,win,S11,3291
c61_anchor_followup,COMBINED,C61,7291,second,win,S11,3292
c61_anchor_followup,COMBINED,C61,7292,first,loss,S11,3293
c61_anchor_followup,COMBINED,C61,7293,second,loss,S11,3295
c61_anchor_followup,COMBINED,C61,7294,first,win,S11,3294
c61_anchor_followup,COMBINED,C61,7295,second,loss,S11,3297
c61_anchor_followup,COMBINED,C61,7296,first,loss,S11,3296
c61_anchor_followup,COMBINED,C61,7297,second,loss,S11,3298
c61_anchor_followup,COMBINED,C61,7298,first,win,S11,3299
c61_anchor_followup,COMBINED,C61,7299,second,loss,S11,3301
c61_anchor_followup,COMBINED,C61,7300,first,loss,S11,3300
c61_anchor_followup,COMBINED,C61,7301,second,loss,S11,3303
c61_anchor_followup,COMBINED,C61,7302,first,loss,S11,3302
c61_anchor_followup,COMBINED,C61,7303,second,loss,S11,3304
c61_anchor_followup,COMBINED,C61,7304,first,loss,S11,3306
c61_anchor_followup,COMBINED,C61,7305,second,loss,S11,3305
c61_anchor_followup,COMBINED,C61,7306,first,win,S11,3307
c61_anchor_followup,COMBINED,C61,7307,second,loss,S11,3308
c61_anchor_followup,COMBINED,C61,7308,first,win,S11,3309
c61_anchor_followup,COMBINED,C61,7309,second,win,S11,3310
c61_anchor_followup,COMBINED,C61,7310,first,loss,S11,3311
c61_anchor_followup,COMBINED,C61,7311,second,loss,S11,3313
c61_anchor_followup,COMBINED,C61,7312,first,win,S11,3312
c61_anchor_followup,COMBINED,C61,7313,second,loss,S11,3314
c61_anchor_followup,COMBINED,C61,7314,first,loss,S11,3315
c61_anchor_followup,COMBINED,C61,7315,second,win,S11,3316
c61_anchor_followup,COMBINED,C61,7316,first,loss,S11,3317
c61_anchor_followup,COMBINED,C61,7317,second,loss,S11,3318
c61_anchor_followup,COMBINED,C61,7318,first,win,S11,3319
c61_anchor_followup,COMBINED,C61,7319,second,win,S11,3320
c61_anchor_followup,COMBINED,C61,7320,first,loss,S11,3321
c61_anchor_followup,COMBINED,C61,7321,second,loss,S11,3322
c61_anchor_followup,COMBINED,C61,7322,first,loss,S11,3323
c61_anchor_followup,COMBINED,C61,7323,second,loss,S11,3324
c61_anchor_followup,COMBINED,C61,7324,first,loss,S11,3325
c61_anchor_followup,COMBINED,C61,7325,second,win,S11,3326
c61_anchor_followup,COMBINED,C61,7326,first,loss,S11,3328
c61_anchor_followup,COMBINED,C61,7327,second,win,S11,3327
c61_anchor_followup,COMBINED,C61,7328,first,win,S11,3329
c61_anchor_followup,COMBINED,C61,7329,second,loss,S11,3330
c61_anchor_followup,COMBINED,C61,7330,first,loss,S11,3331
c61_anchor_followup,COMBINED,C61,7331,second,loss,S11,3332
c61_anchor_followup,COMBINED,C61,7332,first,win,S11,3333
c61_anchor_followup,COMBINED,C61,7333,second,win,S11,3335
c61_anchor_followup,COMBINED,C61,7334,first,win,S11,3334
c61_anchor_followup,COMBINED,C61,7335,second,loss,S11,3336
c61_anchor_followup,COMBINED,C61,7336,first,win,S11,3337
c61_anchor_followup,COMBINED,C61,7337,second,loss,S11,3338
c61_anchor_followup,COMBINED,C61,7338,first,win,S11,3339
c61_anchor_followup,COMBINED,C61,7339,second,loss,S11,3340
c61_anchor_followup,COMBINED,C61,7340,first,win,S11,3341
c61_anchor_followup,COMBINED,C61,7341,second,loss,S11,3342
c61_anchor_followup,COMBINED,C61,7342,first,loss,S11,3343
c61_anchor_followup,COMBINED,C61,7343,second,loss,S11,3344
c61_anchor_followup,COMBINED,C61,7344,first,loss,S11,3345
c61_anchor_followup,COMBINED,C61,7345,second,loss,S11,3346
c61_anchor_followup,COMBINED,C61,7346,first,loss,S11,3347
c61_anchor_followup,COMBINED,C61,7347,second,loss,S11,3348
c61_anchor_followup,COMBINED,C61,7348,first,win,S11,3350
c61_anchor_followup,COMBINED,C61,7349,second,loss,S11,3349
c61_anchor_followup,COMBINED,C61,7350,first,loss,S11,3351
c61_anchor_followup,COMBINED,C61,7351,second,win,S11,3352
c61_anchor_followup,COMBINED,C61,7352,first,loss,S11,3353
c61_anchor_followup,COMBINED,C61,7353,second,win,S11,3354
c61_anchor_followup,COMBINED,C61,7354,first,loss,S11,3355
c61_anchor_followup,COMBINED,C61,7355,second,win,S11,3356
c61_anchor_followup,COMBINED,C61,7356,first,win,S11,3357
c61_anchor_followup,COMBINED,C61,7357,second,win,S11,3358
c61_anchor_followup,COMBINED,C61,7358,first,win,S11,3359
c61_anchor_followup,COMBINED,C61,7359,second,loss,S11,3360
c61_anchor_followup,COMBINED,C61,7360,first,loss,S11,3361
c61_anchor_followup,COMBINED,C61,7361,second,loss,S11,3362
c61_anchor_followup,COMBINED,C61,7362,first,win,S11,3363
c61_anchor_followup,COMBINED,C61,7363,second,loss,S11,3364
c61_anchor_followup,COMBINED,C61,7364,first,win,S11,3365
c61_anchor_followup,COMBINED,C61,7365,second,win,S11,3366
c61_anchor_followup,COMBINED,C61,7366,first,loss,S11,3367
c61_anchor_followup,COMBINED,C61,7367,second,loss,S11,3368
c61_anchor_followup,COMBINED,C61,7368,first,win,S11,3369
c61_anchor_followup,COMBINED,C61,7369,second,loss,S11,3370
c61_anchor_followup,COMBINED,C61,7370,first,win,S11,3371
c61_anchor_followup,COMBINED,C61,7371,second,win,S11,3372
c61_anchor_followup,COMBINED,C61,7372,first,loss,S11,3373
c61_anchor_followup,COMBINED,C61,7373,second,win,S11,3374
c61_anchor_followup,COMBINED,C61,7374,first,win,S11,3375
c61_anchor_followup,COMBINED,C61,7375,second,loss,S11,3376
c61_anchor_followup,COMBINED,C61,7376,first,loss,S11,3377
c61_anchor_followup,COMBINED,C61,7377,second,win,S11,3378
c61_anchor_followup,COMBINED,C61,7378,first,loss,S11,3379
c61_anchor_followup,COMBINED,C61,7379,second,win,S11,3380
c61_anchor_followup,COMBINED,C61,7380,first,loss,S11,3382
c61_anchor_followup,COMBINED,C61,7381,second,win,S11,3381
c61_anchor_followup,COMBINED,C61,7382,first,win,S11,3384
c61_anchor_followup,COMBINED,C61,7383,second,win,S11,3383
c61_anchor_followup,COMBINED,C61,7384,first,win,S11,3386
c61_anchor_followup,COMBINED,C61,7385,second,loss,S11,3385
c61_anchor_followup,COMBINED,C61,7386,first,loss,S11,3387
c61_anchor_followup,COMBINED,C61,7387,second,win,S11,3388
c61_anchor_followup,COMBINED,C61,7388,first,win,S11,3389
c61_anchor_followup,COMBINED,C61,7389,second,loss,S11,3390
c61_anchor_followup,COMBINED,C61,7390,first,loss,S11,3391
c61_anchor_followup,COMBINED,C61,7391,second,loss,S11,3392
c61_anchor_followup,COMBINED,C61,7392,first,loss,S11,3394
c61_anchor_followup,COMBINED,C61,7393,second,loss,S11,3393
c61_anchor_followup,COMBINED,C61,7394,first,win,S11,3395
c61_anchor_followup,COMBINED,C61,7395,second,loss,S11,3396
c61_anchor_followup,COMBINED,C61,7396,first,loss,S11,3398
c61_anchor_followup,COMBINED,C61,7397,second,loss,S11,3397
c61_anchor_followup,COMBINED,C61,7398,first,win,S11,3399
c61_anchor_followup,COMBINED,C61,7399,second,loss,S11,3400
c61_anchor_followup,COMBINED,C61,7400,first,win,S11,3401
c61_anchor_followup,COMBINED,C61,7401,second,loss,S11,3402
c61_anchor_followup,COMBINED,C61,7402,first,loss,S11,3403
c61_anchor_followup,COMBINED,C61,7403,second,win,S11,3404
c61_anchor_followup,COMBINED,C61,7404,first,loss,S11,3405
c61_anchor_followup,COMBINED,C61,7405,second,loss,S11,3406
c61_anchor_followup,COMBINED,C61,7406,first,win,S11,3407
c61_anchor_followup,COMBINED,C61,7407,second,loss,S11,3408
c61_anchor_followup,COMBINED,C61,7408,first,win,S11,3409
c61_anchor_followup,COMBINED,C61,7409,second,win,S11,3410
c61_anchor_followup,COMBINED,C61,7410,first,loss,S11,3411
c61_anchor_followup,COMBINED,C61,7411,second,loss,S11,3412
c61_anchor_followup,COMBINED,C61,7412,first,draw,S11,3413
c61_anchor_followup,COMBINED,C61,7413,second,win,S11,3414
c61_anchor_followup,COMBINED,C61,7414,first,loss,S11,3416
c61_anchor_followup,COMBINED,C61,7415,second,loss,S11,3415
c61_anchor_followup,COMBINED,C61,7416,first,win,S11,3418
c61_anchor_followup,COMBINED,C61,7417,second,loss,S11,3417
c61_anchor_followup,COMBINED,C61,7418,first,win,S11,3419
c61_anchor_followup,COMBINED,C61,7419,second,win,S11,3420
c61_anchor_followup,COMBINED,C61,7420,first,win,S11,3421
c61_anchor_followup,COMBINED,C61,7421,second,loss,S11,3422
c61_anchor_followup,COMBINED,C61,7422,first,loss,S11,3423
c61_anchor_followup,COMBINED,C61,7423,second,win,S11,3424
c61_anchor_followup,COMBINED,C61,7424,first,loss,S11,3425
c61_anchor_followup,COMBINED,C61,7425,second,loss,S11,3426
c61_anchor_followup,COMBINED,C61,7426,first,loss,S11,3427
c61_anchor_followup,COMBINED,C61,7427,second,loss,S11,3428
c61_anchor_followup,COMBINED,C61,7428,first,win,S11,3429
c61_anchor_followup,COMBINED,C61,7429,second,win,S11,3430
c61_anchor_followup,COMBINED,C61,7430,first,win,S11,3431
c61_anchor_followup,COMBINED,C61,7431,second,loss,S11,3432
c61_anchor_followup,COMBINED,C61,7432,first,win,S11,3434
c61_anchor_followup,COMBINED,C61,7433,second,win,S11,3433
c61_anchor_followup,COMBINED,C61,7434,first,loss,S11,3436
c61_anchor_followup,COMBINED,C61,7435,second,win,S11,3435
c61_anchor_followup,COMBINED,C61,7436,first,win,S11,3437
c61_anchor_followup,COMBINED,C61,7437,second,win,S11,3438
c61_anchor_followup,COMBINED,C61,7438,first,loss,S11,3440
c61_anchor_followup,COMBINED,C61,7439,second,win,S11,3439
c61_anchor_followup,COMBINED,C61,7440,first,loss,S11,3441
c61_anchor_followup,COMBINED,C61,7441,second,win,S11,3442
c61_anchor_followup,COMBINED,C61,7442,first,loss,S11,3443
c61_anchor_followup,COMBINED,C61,7443,second,win,S11,3444
c61_anchor_followup,COMBINED,C61,7444,first,win,S11,3446
c61_anchor_followup,COMBINED,C61,7445,second,loss,S11,3445
c61_anchor_followup,COMBINED,C61,7446,first,loss,S11,3447
c61_anchor_followup,COMBINED,C61,7447,second,win,S11,3449
c61_anchor_followup,COMBINED,C61,7448,first,win,S11,3448
c61_anchor_followup,COMBINED,C61,7449,second,loss,S11,3451
c61_anchor_followup,COMBINED,C61,7450,first,win,S11,3450
c61_anchor_followup,COMBINED,C61,7451,second,loss,S11,3452
c61_anchor_followup,COMBINED,C61,7452,first,win,S11,3453
c61_anchor_followup,COMBINED,C61,7453,second,win,S11,3454
c61_anchor_followup,COMBINED,C61,7454,first,win,S11,3455
c61_anchor_followup,COMBINED,C61,7455,second,loss,S11,3456
c61_anchor_followup,COMBINED,C61,7456,first,win,S11,3457
c61_anchor_followup,COMBINED,C61,7457,second,loss,S11,3458
c61_anchor_followup,COMBINED,C61,7458,first,loss,S11,3459
c61_anchor_followup,COMBINED,C61,7459,second,loss,S11,3460
c61_anchor_followup,COMBINED,C61,7460,first,loss,S11,3461
c61_anchor_followup,COMBINED,C61,7461,second,win,S11,3462
c61_anchor_followup,COMBINED,C61,7462,first,win,S11,3463
c61_anchor_followup,COMBINED,C61,7463,second,loss,S11,3464
c61_anchor_followup,COMBINED,C61,7464,first,loss,S11,3465
c61_anchor_followup,COMBINED,C61,7465,second,loss,S11,3466
c61_anchor_followup,COMBINED,C61,7466,first,win,S11,3468
c61_anchor_followup,COMBINED,C61,7467,second,loss,S11,3467
c61_anchor_followup,COMBINED,C61,7468,first,loss,S11,3469
c61_anchor_followup,COMBINED,C61,7469,second,loss,S11,3470
c61_anchor_followup,COMBINED,C61,7470,first,win,S11,3471
c61_anchor_followup,COMBINED,C61,7471,second,win,S11,3472
c61_anchor_followup,COMBINED,C61,7472,first,loss,S11,3474
c61_anchor_followup,COMBINED,C61,7473,second,loss,S11,3473
c61_anchor_followup,COMBINED,C61,7474,first,win,S11,3475
c61_anchor_followup,COMBINED,C61,7475,second,win,S11,3477
c61_anchor_followup,COMBINED,C61,7476,first,win,S11,3476
c61_anchor_followup,COMBINED,C61,7477,second,loss,S11,3478
c61_anchor_followup,COMBINED,C61,7478,first,loss,S11,3479
c61_anchor_followup,COMBINED,C61,7479,second,loss,S11,3480
c61_anchor_followup,COMBINED,C61,7480,first,win,S11,3481
c61_anchor_followup,COMBINED,C61,7481,second,win,S11,3482
c61_anchor_followup,COMBINED,C61,7482,first,win,S11,3483
c61_anchor_followup,COMBINED,C61,7483,second,loss,S11,3484
c61_anchor_followup,COMBINED,C61,7484,first,loss,S11,3485
c61_anchor_followup,COMBINED,C61,7485,second,loss,S11,3486
c61_anchor_followup,COMBINED,C61,7486,first,loss,S11,3487
c61_anchor_followup,COMBINED,C61,7487,second,loss,S11,3488
c61_anchor_followup,COMBINED,C61,7488,first,win,S11,3490
c61_anchor_followup,COMBINED,C61,7489,second,loss,S11,3489
c61_anchor_followup,COMBINED,C61,7490,first,loss,S11,3492
c61_anchor_followup,COMBINED,C61,7491,second,win,S11,3491
c61_anchor_followup,COMBINED,C61,7492,first,win,S11,3493
c61_anchor_followup,COMBINED,C61,7493,second,loss,S11,3495
c61_anchor_followup,COMBINED,C61,7494,first,win,S11,3494
c61_anchor_followup,COMBINED,C61,7495,second,loss,S11,3496
c61_anchor_followup,COMBINED,C61,7496,first,loss,S11,3497
c61_anchor_followup,COMBINED,C61,7497,second,loss,S11,3498
c61_anchor_followup,COMBINED,C61,7498,first,loss,S11,3499
c61_anchor_followup,COMBINED,C61,7499,second,win,S11,3500
c61_anchor_followup,COMBINED,C61,7500,first,win,S11,3502
c61_anchor_followup,COMBINED,C61,7501,second,loss,S11,3501
c61_anchor_followup,COMBINED,C61,7502,first,loss,S11,3503
c61_anchor_followup,COMBINED,C61,7503,second,win,S11,3504
c61_anchor_followup,COMBINED,C61,7504,first,win,S11,3505
c61_anchor_followup,COMBINED,C61,7505,second,loss,S11,3506
c61_anchor_followup,COMBINED,C61,7506,first,loss,S11,3507
c61_anchor_followup,COMBINED,C61,7507,second,loss,S11,3508
c61_anchor_followup,COMBINED,C61,7508,first,win,S11,3509
c61_anchor_followup,COMBINED,C61,7509,second,win,S11,3510
c61_anchor_followup,COMBINED,C61,7510,first,loss,S11,3512
c61_anchor_followup,COMBINED,C61,7511,second,win,S11,3511
c61_anchor_followup,COMBINED,C61,7512,first,win,S11,3513
c61_anchor_followup,COMBINED,C61,7513,second,win,S11,3514
c61_anchor_followup,COMBINED,C61,7514,first,win,S11,3515
c61_anchor_followup,COMBINED,C61,7515,second,loss,S11,3516
c61_anchor_followup,COMBINED,C61,7516,first,loss,S11,3517
c61_anchor_followup,COMBINED,C61,7517,second,win,S11,3518
c61_anchor_followup,COMBINED,C61,7518,first,loss,S11,3520
c61_anchor_followup,COMBINED,C61,7519,second,win,S11,3519
c61_anchor_followup,COMBINED,C61,7520,first,loss,S11,3522
c61_anchor_followup,COMBINED,C61,7521,second,win,S11,3521
c61_anchor_followup,COMBINED,C61,7522,first,loss,S11,3523
c61_anchor_followup,COMBINED,C61,7523,second,loss,S11,3524
c61_anchor_followup,COMBINED,C61,7524,first,win,S11,3525
c61_anchor_followup,COMBINED,C61,7525,second,win,S11,3526
c61_anchor_followup,COMBINED,C61,7526,first,win,S11,3527
c61_anchor_followup,COMBINED,C61,7527,second,win,S11,3528
c61_anchor_followup,COMBINED,C61,7528,first,loss,S11,3530
c61_anchor_followup,COMBINED,C61,7529,second,win,S11,3529
c61_anchor_followup,COMBINED,C61,7530,first,win,S11,3531
c61_anchor_followup,COMBINED,C61,7531,second,loss,S11,3532
c61_anchor_followup,COMBINED,C61,7532,first,loss,S11,3533
c61_anchor_followup,COMBINED,C61,7533,second,loss,S11,3534
c61_anchor_followup,COMBINED,C61,7534,first,win,S11,3535
c61_anchor_followup,COMBINED,C61,7535,second,loss,S11,3536
c61_anchor_followup,COMBINED,C61,7536,first,loss,S11,3537
c61_anchor_followup,COMBINED,C61,7537,second,loss,S11,3539
c61_anchor_followup,COMBINED,C61,7538,first,loss,S11,3538
c61_anchor_followup,COMBINED,C61,7539,second,loss,S11,3541
c61_anchor_followup,COMBINED,C61,7540,first,loss,S11,3540
c61_anchor_followup,COMBINED,C61,7541,second,win,S11,3542
c61_anchor_followup,COMBINED,C61,7542,first,loss,S11,3543
c61_anchor_followup,COMBINED,C61,7543,second,win,S11,3544
c61_anchor_followup,COMBINED,C61,7544,first,loss,S11,3546
c61_anchor_followup,COMBINED,C61,7545,second,loss,S11,3545
c61_anchor_followup,COMBINED,C61,7546,first,loss,S11,3547
c61_anchor_followup,COMBINED,C61,7547,second,loss,S11,3548
c61_anchor_followup,COMBINED,C61,7548,first,loss,S11,3549
c61_anchor_followup,COMBINED,C61,7549,second,win,S11,3550
c61_anchor_followup,COMBINED,C61,7550,first,loss,S11,3551
c61_anchor_followup,COMBINED,C61,7551,second,loss,S11,3552
c61_anchor_followup,COMBINED,C61,7552,first,loss,S11,3553
c61_anchor_followup,COMBINED,C61,7553,second,loss,S11,3554
c61_anchor_followup,COMBINED,C61,7554,first,loss,S11,3555
c61_anchor_followup,COMBINED,C61,7555,second,loss,S11,3556
c61_anchor_followup,COMBINED,C61,7556,first,loss,S11,3557
c61_anchor_followup,COMBINED,C61,7557,second,loss,S11,3558
c61_anchor_followup,COMBINED,C61,7558,first,loss,S11,3559
c61_anchor_followup,COMBINED,C61,7559,second,loss,S11,3561
c61_anchor_followup,COMBINED,C61,7560,first,win,S11,3560
c61_anchor_followup,COMBINED,C61,7561,second,win,S11,3562
c61_anchor_followup,COMBINED,C61,7562,first,win,S11,3563
c61_anchor_followup,COMBINED,C61,7563,second,win,S11,3564
c61_anchor_followup,COMBINED,C61,7564,first,loss,S11,3565
c61_anchor_followup,COMBINED,C61,7565,second,loss,S11,3566
c61_anchor_followup,COMBINED,C61,7566,first,win,S11,3567
c61_anchor_followup,COMBINED,C61,7567,second,win,S11,3569
c61_anchor_followup,COMBINED,C61,7568,first,win,S11,3568
c61_anchor_followup,COMBINED,C61,7569,second,loss,S11,3570
c61_anchor_followup,COMBINED,C61,7570,first,loss,S11,3571
c61_anchor_followup,COMBINED,C61,7571,second,win,S11,3572
c61_anchor_followup,COMBINED,C61,7572,first,win,S11,3573
c61_anchor_followup,COMBINED,C61,7573,second,loss,S11,3574
c61_anchor_followup,COMBINED,C61,7574,first,win,S11,3576
c61_anchor_followup,COMBINED,C61,7575,second,win,S11,3575
c61_anchor_followup,COMBINED,C61,7576,first,loss,S11,3577
c61_anchor_followup,COMBINED,C61,7577,second,win,S11,3579
c61_anchor_followup,COMBINED,C61,7578,first,win,S11,3578
c61_anchor_followup,COMBINED,C61,7579,second,loss,S11,3581
c61_anchor_followup,COMBINED,C61,7580,first,win,S11,3580
c61_anchor_followup,COMBINED,C61,7581,second,loss,S11,3582
c61_anchor_followup,COMBINED,C61,7582,first,win,S11,3583
c61_anchor_followup,COMBINED,C61,7583,second,win,S11,3585
c61_anchor_followup,COMBINED,C61,7584,first,loss,S11,3584
c61_anchor_followup,COMBINED,C61,7585,second,loss,S11,3586
c61_anchor_followup,COMBINED,C61,7586,first,loss,S11,3587
c61_anchor_followup,COMBINED,C61,7587,second,win,S11,3588
c61_anchor_followup,COMBINED,C61,7588,first,loss,S11,3589
c61_anchor_followup,COMBINED,C61,7589,second,win,S11,3590
c61_anchor_followup,COMBINED,C61,7590,first,loss,S11,3591
c61_anchor_followup,COMBINED,C61,7591,second,win,S11,3592
c61_anchor_followup,COMBINED,C61,7592,first,win,S11,3593
c61_anchor_followup,COMBINED,C61,7593,second,loss,S11,3595
c61_anchor_followup,COMBINED,C61,7594,first,win,S11,3594
c61_anchor_followup,COMBINED,C61,7595,second,loss,S11,3596
c61_anchor_followup,COMBINED,C61,7596,first,loss,S11,3598
c61_anchor_followup,COMBINED,C61,7597,second,loss,S11,3597
c61_anchor_followup,COMBINED,C61,7598,first,win,S11,3599
c61_anchor_followup,COMBINED,C61,7599,second,loss,S11,3601
c61_anchor_followup,COMBINED,C61,7600,first,win,S11,3600
c61_anchor_followup,COMBINED,C61,7601,second,loss,S11,3602
c61_anchor_followup,COMBINED,C61,7602,first,win,S11,3603
c61_anchor_followup,COMBINED,C61,7603,second,win,S11,3604
c61_anchor_followup,COMBINED,C61,7604,first,loss,S11,3605
c61_anchor_followup,COMBINED,C61,7605,second,loss,S11,3606
c61_anchor_followup,COMBINED,C61,7606,first,loss,S11,3607
c61_anchor_followup,COMBINED,C61,7607,second,loss,S11,3608
c61_anchor_followup,COMBINED,C61,7608,first,win,S11,3609
c61_anchor_followup,COMBINED,C61,7609,second,loss,S11,3610
c61_anchor_followup,COMBINED,C61,7610,first,loss,S11,3611
c61_anchor_followup,COMBINED,C61,7611,second,loss,S11,3613
c61_anchor_followup,COMBINED,C61,7612,first,loss,S11,3612
c61_anchor_followup,COMBINED,C61,7613,second,win,S11,3614
c61_anchor_followup,COMBINED,C61,7614,first,loss,S11,3615
c61_anchor_followup,COMBINED,C61,7615,second,win,S11,3617
c61_anchor_followup,COMBINED,C61,7616,first,win,S11,3616
c61_anchor_followup,COMBINED,C61,7617,second,win,S11,3618
c61_anchor_followup,COMBINED,C61,7618,first,loss,S11,3619
c61_anchor_followup,COMBINED,C61,7619,second,win,S11,3621
c61_anchor_followup,COMBINED,C61,7620,first,win,S11,3620
c61_anchor_followup,COMBINED,C61,7621,second,loss,S11,3622
c61_anchor_followup,COMBINED,C61,7622,first,loss,S11,3623
c61_anchor_followup,COMBINED,C61,7623,second,loss,S11,3624
c61_anchor_followup,COMBINED,C61,7624,first,win,S11,3625
c61_anchor_followup,COMBINED,C61,7625,second,win,S11,3626
c61_anchor_followup,COMBINED,C61,7626,first,loss,S11,3627
c61_anchor_followup,COMBINED,C61,7627,second,win,S11,3628
c61_anchor_followup,COMBINED,C61,7628,first,loss,S11,3629
c61_anchor_followup,COMBINED,C61,7629,second,win,S11,3630
c61_anchor_followup,COMBINED,C61,7630,first,win,S11,3632
c61_anchor_followup,COMBINED,C61,7631,second,win,S11,3631
c61_anchor_followup,COMBINED,C61,7632,first,loss,S11,3633
c61_anchor_followup,COMBINED,C61,7633,second,win,S11,3634
c61_anchor_followup,COMBINED,C61,7634,first,win,S11,3635
c61_anchor_followup,COMBINED,C61,7635,second,loss,S11,3636
c61_anchor_followup,COMBINED,C61,7636,first,win,S11,3637
c61_anchor_followup,COMBINED,C61,7637,second,win,S11,3638
c61_anchor_followup,COMBINED,C61,7638,first,loss,S11,3639
c61_anchor_followup,COMBINED,C61,7639,second,loss,S11,3640
c61_anchor_followup,COMBINED,C61,7640,first,loss,S11,3641
c61_anchor_followup,COMBINED,C61,7641,second,win,S11,3642
c61_anchor_followup,COMBINED,C61,7642,first,loss,S11,3644
c61_anchor_followup,COMBINED,C61,7643,second,win,S11,3643
c61_anchor_followup,COMBINED,C61,7644,first,win,S11,3645
c61_anchor_followup,COMBINED,C61,7645,second,loss,S11,3646
c61_anchor_followup,COMBINED,C61,7646,first,win,S11,3647
c61_anchor_followup,COMBINED,C61,7647,second,loss,S11,3648
c61_anchor_followup,COMBINED,C61,7648,first,win,S11,3649
c61_anchor_followup,COMBINED,C61,7649,second,win,S11,3650
c61_anchor_followup,COMBINED,C61,7650,first,loss,S11,3651
c61_anchor_followup,COMBINED,C61,7651,second,loss,S11,3652
c61_anchor_followup,COMBINED,C61,7652,first,win,S11,3653
c61_anchor_followup,COMBINED,C61,7653,second,loss,S11,3654
c61_anchor_followup,COMBINED,C61,7654,first,win,S11,3656
c61_anchor_followup,COMBINED,C61,7655,second,loss,S11,3655
c61_anchor_followup,COMBINED,C61,7656,first,loss,S11,3657
c61_anchor_followup,COMBINED,C61,7657,second,win,S11,3658
c61_anchor_followup,COMBINED,C61,7658,first,loss,S11,3660
c61_anchor_followup,COMBINED,C61,7659,second,loss,S11,3659
c61_anchor_followup,COMBINED,C61,7660,first,loss,S11,3661
c61_anchor_followup,COMBINED,C61,7661,second,loss,S11,3662
c61_anchor_followup,COMBINED,C61,7662,first,win,S11,3663
c61_anchor_followup,COMBINED,C61,7663,second,win,S11,3664
c61_anchor_followup,COMBINED,C61,7664,first,loss,S11,3665
c61_anchor_followup,COMBINED,C61,7665,second,loss,S11,3666
c61_anchor_followup,COMBINED,C61,7666,first,loss,S11,3667
c61_anchor_followup,COMBINED,C61,7667,second,loss,S11,3669
c61_anchor_followup,COMBINED,C61,7668,first,win,S11,3668
c61_anchor_followup,COMBINED,C61,7669,second,loss,S11,3670
c61_anchor_followup,COMBINED,C61,7670,first,loss,S11,3671
c61_anchor_followup,COMBINED,C61,7671,second,win,S11,3672
c61_anchor_followup,COMBINED,C61,7672,first,win,S11,3674
c61_anchor_followup,COMBINED,C61,7673,second,win,S11,3673
c61_anchor_followup,COMBINED,C61,7674,first,loss,S11,3675
c61_anchor_followup,COMBINED,C61,7675,second,win,S11,3676
c61_anchor_followup,COMBINED,C61,7676,first,loss,S11,3677
c61_anchor_followup,COMBINED,C61,7677,second,win,S11,3678
c61_anchor_followup,COMBINED,C61,7678,first,win,S11,3679
c61_anchor_followup,COMBINED,C61,7679,second,win,S11,3680
c61_anchor_followup,COMBINED,C61,7680,first,win,S11,3681
c61_anchor_followup,COMBINED,C61,7681,second,loss,S11,3682
c61_anchor_followup,COMBINED,C61,7682,first,loss,S11,3684
c61_anchor_followup,COMBINED,C61,7683,second,loss,S11,3683
c61_anchor_followup,COMBINED,C61,7684,first,win,S11,3685
c61_anchor_followup,COMBINED,C61,7685,second,loss,S11,3686
c61_anchor_followup,COMBINED,C61,7686,first,win,S11,3688
c61_anchor_followup,COMBINED,C61,7687,second,loss,S11,3687
c61_anchor_followup,COMBINED,C61,7688,first,win,S11,3689
c61_anchor_followup,COMBINED,C61,7689,second,loss,S11,3691
c61_anchor_followup,COMBINED,C61,7690,first,win,S11,3690
c61_anchor_followup,COMBINED,C61,7691,second,win,S11,3692
c61_anchor_followup,COMBINED,C61,7692,first,win,S11,3693
c61_anchor_followup,COMBINED,C61,7693,second,loss,S11,3694
c61_anchor_followup,COMBINED,C61,7694,first,loss,S11,3695
c61_anchor_followup,COMBINED,C61,7695,second,win,S11,3696
c61_anchor_followup,COMBINED,C61,7696,first,loss,S11,3697
c61_anchor_followup,COMBINED,C61,7697,second,loss,S11,3698
c61_anchor_followup,COMBINED,C61,7698,first,loss,S11,3699
c61_anchor_followup,COMBINED,C61,7699,second,loss,S11,3700
c61_anchor_followup,COMBINED,C61,7700,first,win,S11,3702
c61_anchor_followup,COMBINED,C61,7701,second,win,S11,3701
c61_anchor_followup,COMBINED,C61,7702,first,win,S11,3703
c61_anchor_followup,COMBINED,C61,7703,second,loss,S11,3704
c61_anchor_followup,COMBINED,C61,7704,first,win,S11,3706
c61_anchor_followup,COMBINED,C61,7705,second,loss,S11,3705
c61_anchor_followup,COMBINED,C61,7706,first,loss,S11,3707
c61_anchor_followup,COMBINED,C61,7707,second,loss,S11,3710
c61_anchor_followup,COMBINED,C61,7708,first,win,S11,3708
c61_anchor_followup,COMBINED,C61,7709,second,loss,S11,3709
c61_anchor_followup,COMBINED,C61,7710,first,loss,S11,3712
c61_anchor_followup,COMBINED,C61,7711,second,win,S11,3711
c61_anchor_followup,COMBINED,C61,7712,first,win,S11,3713
c61_anchor_followup,COMBINED,C61,7713,second,loss,S11,3714
c61_anchor_followup,COMBINED,C61,7714,first,win,S11,3715
c61_anchor_followup,COMBINED,C61,7715,second,win,S11,3716
c61_anchor_followup,COMBINED,C61,7716,first,win,S11,3717
c61_anchor_followup,COMBINED,C61,7717,second,loss,S11,3718
c61_anchor_followup,COMBINED,C61,7718,first,win,S11,3719
c61_anchor_followup,COMBINED,C61,7719,second,loss,S11,3720
c61_anchor_followup,COMBINED,C61,7720,first,loss,S11,3721
c61_anchor_followup,COMBINED,C61,7721,second,win,S11,3722
c61_anchor_followup,COMBINED,C61,7722,first,loss,S11,3723
c61_anchor_followup,COMBINED,C61,7723,second,loss,S11,3725
c61_anchor_followup,COMBINED,C61,7724,first,win,S11,3724
c61_anchor_followup,COMBINED,C61,7725,second,win,S11,3726
c61_anchor_followup,COMBINED,C61,7726,first,loss,S11,3727
c61_anchor_followup,COMBINED,C61,7727,second,loss,S11,3728
c61_anchor_followup,COMBINED,C61,7728,first,win,S11,3729
c61_anchor_followup,COMBINED,C61,7729,second,loss,S11,3730
c61_anchor_followup,COMBINED,C61,7730,first,loss,S11,3732
c61_anchor_followup,COMBINED,C61,7731,second,loss,S11,3731
c61_anchor_followup,COMBINED,C61,7732,first,loss,S11,3733
c61_anchor_followup,COMBINED,C61,7733,second,loss,S11,3734
c61_anchor_followup,COMBINED,C61,7734,first,loss,S11,3735
c61_anchor_followup,COMBINED,C61,7735,second,win,S11,3736
c61_anchor_followup,COMBINED,C61,7736,first,loss,S11,3738
c61_anchor_followup,COMBINED,C61,7737,second,loss,S11,3737
c61_anchor_followup,COMBINED,C61,7738,first,win,S11,3739
c61_anchor_followup,COMBINED,C61,7739,second,loss,S11,3740
c61_anchor_followup,COMBINED,C61,7740,first,loss,S11,3741
c61_anchor_followup,COMBINED,C61,7741,second,win,S11,3742
c61_anchor_followup,COMBINED,C61,7742,first,loss,S11,3743
c61_anchor_followup,COMBINED,C61,7743,second,loss,S11,3744
c61_anchor_followup,COMBINED,C61,7744,first,loss,S11,3745
c61_anchor_followup,COMBINED,C61,7745,second,loss,S11,3746
c61_anchor_followup,COMBINED,C61,7746,first,win,S11,3748
c61_anchor_followup,COMBINED,C61,7747,second,win,S11,3747
c61_anchor_followup,COMBINED,C61,7748,first,loss,S11,3750
c61_anchor_followup,COMBINED,C61,7749,second,win,S11,3749
c61_anchor_followup,COMBINED,C61,7750,first,loss,S11,3751
c61_anchor_followup,COMBINED,C61,7751,second,win,S11,3752
c61_anchor_followup,COMBINED,C61,7752,first,loss,S11,3753
c61_anchor_followup,COMBINED,C61,7753,second,loss,S11,3755
c61_anchor_followup,COMBINED,C61,7754,first,win,S11,3754
c61_anchor_followup,COMBINED,C61,7755,second,win,S11,3757
c61_anchor_followup,COMBINED,C61,7756,first,loss,S11,3756
c61_anchor_followup,COMBINED,C61,7757,second,win,S11,3758
c61_anchor_followup,COMBINED,C61,7758,first,win,S11,3760
c61_anchor_followup,COMBINED,C61,7759,second,win,S11,3759
c61_anchor_followup,COMBINED,C61,7760,first,win,S11,3761
c61_anchor_followup,COMBINED,C61,7761,second,win,S11,3762
c61_anchor_followup,COMBINED,C61,7762,first,loss,S11,3764
c61_anchor_followup,COMBINED,C61,7763,second,loss,S11,3763
c61_anchor_followup,COMBINED,C61,7764,first,win,S11,3765
c61_anchor_followup,COMBINED,C61,7765,second,win,S11,3766
c61_anchor_followup,COMBINED,C61,7766,first,win,S11,3767
c61_anchor_followup,COMBINED,C61,7767,second,loss,S11,3768
c61_anchor_followup,COMBINED,C61,7768,first,loss,S11,3769
c61_anchor_followup,COMBINED,C61,7769,second,win,S11,3770
c61_anchor_followup,COMBINED,C61,7770,first,loss,S11,3771
c61_anchor_followup,COMBINED,C61,7771,second,win,S11,3772
c61_anchor_followup,COMBINED,C61,7772,first,loss,S11,3773
c61_anchor_followup,COMBINED,C61,7773,second,loss,S11,3774
c61_anchor_followup,COMBINED,C61,7774,first,win,S11,3775
c61_anchor_followup,COMBINED,C61,7775,second,win,S11,3776
c61_anchor_followup,COMBINED,C61,7776,first,loss,S11,3778
c61_anchor_followup,COMBINED,C61,7777,second,loss,S11,3777
c61_anchor_followup,COMBINED,C61,7778,first,loss,S11,3780
c61_anchor_followup,COMBINED,C61,7779,second,loss,S11,3779
c61_anchor_followup,COMBINED,C61,7780,first,loss,S11,3781
c61_anchor_followup,COMBINED,C61,7781,second,loss,S11,3782
c61_anchor_followup,COMBINED,C61,7782,first,win,S11,3784
c61_anchor_followup,COMBINED,C61,7783,second,win,S11,3783
c61_anchor_followup,COMBINED,C61,7784,first,win,S11,3785
c61_anchor_followup,COMBINED,C61,7785,second,win,S11,3786
c61_anchor_followup,COMBINED,C61,7786,first,win,S11,3787
c61_anchor_followup,COMBINED,C61,7787,second,win,S11,3788
c61_anchor_followup,COMBINED,C61,7788,first,win,S11,3789
c61_anchor_followup,COMBINED,C61,7789,second,win,S11,3790
c61_anchor_followup,COMBINED,C61,7790,first,loss,S11,3792
c61_anchor_followup,COMBINED,C61,7791,second,win,S11,3791
c61_anchor_followup,COMBINED,C61,7792,first,loss,S11,3793
c61_anchor_followup,COMBINED,C61,7793,second,loss,S11,3794
c61_anchor_followup,COMBINED,C61,7794,first,loss,S11,3795
c61_anchor_followup,COMBINED,C61,7795,second,win,S11,3796
c61_anchor_followup,COMBINED,C61,7796,first,loss,S11,3797
c61_anchor_followup,COMBINED,C61,7797,second,loss,S11,3798
c61_anchor_followup,COMBINED,C61,7798,first,loss,S11,3799
c61_anchor_followup,COMBINED,C61,7799,second,loss,S11,3800
c61_anchor_followup,COMBINED,C61,7800,first,loss,S11,3801
c61_anchor_followup,COMBINED,C61,7801,second,win,S11,3802
c61_anchor_followup,COMBINED,C61,7802,first,loss,S11,3804
c61_anchor_followup,COMBINED,C61,7803,second,win,S11,3803
c61_anchor_followup,COMBINED,C61,7804,first,loss,S11,3805
c61_anchor_followup,COMBINED,C61,7805,second,win,S11,3806
c61_anchor_followup,COMBINED,C61,7806,first,loss,S11,3807
c61_anchor_followup,COMBINED,C61,7807,second,win,S11,3808
c61_anchor_followup,COMBINED,C61,7808,first,win,S11,3809
c61_anchor_followup,COMBINED,C61,7809,second,loss,S11,3810
c61_anchor_followup,COMBINED,C61,7810,first,win,S11,3811
c61_anchor_followup,COMBINED,C61,7811,second,loss,S11,3812
c61_anchor_followup,COMBINED,C61,7812,first,win,S11,3813
c61_anchor_followup,COMBINED,C61,7813,second,draw,S11,3814
c61_anchor_followup,COMBINED,C61,7814,first,win,S11,3815
c61_anchor_followup,COMBINED,C61,7815,second,loss,S11,3816
c61_anchor_followup,COMBINED,C61,7816,first,win,S11,3818
c61_anchor_followup,COMBINED,C61,7817,second,loss,S11,3817
c61_anchor_followup,COMBINED,C61,7818,first,win,S11,3819
c61_anchor_followup,COMBINED,C61,7819,second,win,S11,3821
c61_anchor_followup,COMBINED,C61,7820,first,loss,S11,3820
c61_anchor_followup,COMBINED,C61,7821,second,loss,S11,3823
c61_anchor_followup,COMBINED,C61,7822,first,win,S11,3822
c61_anchor_followup,COMBINED,C61,7823,second,loss,S11,3824
c61_anchor_followup,COMBINED,C61,7824,first,win,S11,3825
c61_anchor_followup,COMBINED,C61,7825,second,win,S11,3826
c61_anchor_followup,COMBINED,C61,7826,first,loss,S11,3827
c61_anchor_followup,COMBINED,C61,7827,second,loss,S11,3828
c61_anchor_followup,COMBINED,C61,7828,first,win,S11,3829
c61_anchor_followup,COMBINED,C61,7829,second,win,S11,3830
c61_anchor_followup,COMBINED,C61,7830,first,loss,S11,3831
c61_anchor_followup,COMBINED,C61,7831,second,loss,S11,3832
c61_anchor_followup,COMBINED,C61,7832,first,loss,S11,3834
c61_anchor_followup,COMBINED,C61,7833,second,loss,S11,3833
c61_anchor_followup,COMBINED,C61,7834,first,win,S11,3835
c61_anchor_followup,COMBINED,C61,7835,second,win,S11,3837
c61_anchor_followup,COMBINED,C61,7836,first,win,S11,3836
c61_anchor_followup,COMBINED,C61,7837,second,loss,S11,3838
c61_anchor_followup,COMBINED,C61,7838,first,loss,S11,3839
c61_anchor_followup,COMBINED,C61,7839,second,win,S11,3840
c61_anchor_followup,COMBINED,C61,7840,first,loss,S11,3842
c61_anchor_followup,COMBINED,C61,7841,second,win,S11,3841
c61_anchor_followup,COMBINED,C61,7842,first,loss,S11,3843
c61_anchor_followup,COMBINED,C61,7843,second,loss,S11,3845
c61_anchor_followup,COMBINED,C61,7844,first,win,S11,3844
c61_anchor_followup,COMBINED,C61,7845,second,loss,S11,3846
c61_anchor_followup,COMBINED,C61,7846,first,loss,S11,3847
c61_anchor_followup,COMBINED,C61,7847,second,loss,S11,3848
c61_anchor_followup,COMBINED,C61,7848,first,loss,S11,3849
c61_anchor_followup,COMBINED,C61,7849,second,loss,S11,3850
c61_anchor_followup,COMBINED,C61,7850,first,loss,S11,3851
c61_anchor_followup,COMBINED,C61,7851,second,loss,S11,3852
c61_anchor_followup,COMBINED,C61,7852,first,loss,S11,3854
c61_anchor_followup,COMBINED,C61,7853,second,win,S11,3853
c61_anchor_followup,COMBINED,C61,7854,first,loss,S11,3855
c61_anchor_followup,COMBINED,C61,7855,second,loss,S11,3856
c61_anchor_followup,COMBINED,C61,7856,first,loss,S11,3857
c61_anchor_followup,COMBINED,C61,7857,second,win,S11,3858
c61_anchor_followup,COMBINED,C61,7858,first,loss,S11,3860
c61_anchor_followup,COMBINED,C61,7859,second,loss,S11,3859
c61_anchor_followup,COMBINED,C61,7860,first,win,S11,3861
c61_anchor_followup,COMBINED,C61,7861,second,loss,S11,3862
c61_anchor_followup,COMBINED,C61,7862,first,loss,S11,3863
c61_anchor_followup,COMBINED,C61,7863,second,loss,S11,3864
c61_anchor_followup,COMBINED,C61,7864,first,loss,S11,3865
c61_anchor_followup,COMBINED,C61,7865,second,loss,S11,3867
c61_anchor_followup,COMBINED,C61,7866,first,win,S11,3866
c61_anchor_followup,COMBINED,C61,7867,second,win,S11,3868
c61_anchor_followup,COMBINED,C61,7868,first,win,S11,3869
c61_anchor_followup,COMBINED,C61,7869,second,win,S11,3870
c61_anchor_followup,COMBINED,C61,7870,first,win,S11,3871
c61_anchor_followup,COMBINED,C61,7871,second,loss,S11,3872
c61_anchor_followup,COMBINED,C61,7872,first,loss,S11,3873
c61_anchor_followup,COMBINED,C61,7873,second,win,S11,3875
c61_anchor_followup,COMBINED,C61,7874,first,win,S11,3874
c61_anchor_followup,COMBINED,C61,7875,second,win,S11,3877
c61_anchor_followup,COMBINED,C61,7876,first,win,S11,3876
c61_anchor_followup,COMBINED,C61,7877,second,win,S11,3878
c61_anchor_followup,COMBINED,C61,7878,first,win,S11,3880
c61_anchor_followup,COMBINED,C61,7879,second,win,S11,3879
c61_anchor_followup,COMBINED,C61,7880,first,loss,S11,3882
c61_anchor_followup,COMBINED,C61,7881,second,loss,S11,3881
c61_anchor_followup,COMBINED,C61,7882,first,win,S11,3883
c61_anchor_followup,COMBINED,C61,7883,second,loss,S11,3884
c61_anchor_followup,COMBINED,C61,7884,first,win,S11,3885
c61_anchor_followup,COMBINED,C61,7885,second,loss,S11,3886
c61_anchor_followup,COMBINED,C61,7886,first,loss,S11,3887
c61_anchor_followup,COMBINED,C61,7887,second,loss,S11,3888
c61_anchor_followup,COMBINED,C61,7888,first,loss,S11,3889
c61_anchor_followup,COMBINED,C61,7889,second,loss,S11,3890
c61_anchor_followup,COMBINED,C61,7890,first,loss,S11,3891
c61_anchor_followup,COMBINED,C61,7891,second,win,S11,3892
c61_anchor_followup,COMBINED,C61,7892,first,win,S11,3893
c61_anchor_followup,COMBINED,C61,7893,second,loss,S11,3894
c61_anchor_followup,COMBINED,C61,7894,first,win,S11,3895
c61_anchor_followup,COMBINED,C61,7895,second,loss,S11,3896
c61_anchor_followup,COMBINED,C61,7896,first,loss,S11,3897
c61_anchor_followup,COMBINED,C61,7897,second,win,S11,3898
c61_anchor_followup,COMBINED,C61,7898,first,win,S11,3899
c61_anchor_followup,COMBINED,C61,7899,second,win,S11,3900
c61_anchor_followup,COMBINED,C61,7900,first,loss,S11,3901
c61_anchor_followup,COMBINED,C61,7901,second,win,S11,3902
c61_anchor_followup,COMBINED,C61,7902,first,loss,S11,3903
c61_anchor_followup,COMBINED,C61,7903,second,win,S11,3904
c61_anchor_followup,COMBINED,C61,7904,first,loss,S11,3905
c61_anchor_followup,COMBINED,C61,7905,second,win,S11,3906
c61_anchor_followup,COMBINED,C61,7906,first,win,S11,3907
c61_anchor_followup,COMBINED,C61,7907,second,loss,S11,3908
c61_anchor_followup,COMBINED,C61,7908,first,win,S11,3909
c61_anchor_followup,COMBINED,C61,7909,second,win,S11,3910
c61_anchor_followup,COMBINED,C61,7910,first,win,S11,3911
c61_anchor_followup,COMBINED,C61,7911,second,loss,S11,3913
c61_anchor_followup,COMBINED,C61,7912,first,loss,S11,3912
c61_anchor_followup,COMBINED,C61,7913,second,loss,S11,3914
c61_anchor_followup,COMBINED,C61,7914,first,loss,S11,3915
c61_anchor_followup,COMBINED,C61,7915,second,loss,S11,3916
c61_anchor_followup,COMBINED,C61,7916,first,loss,S11,3917
c61_anchor_followup,COMBINED,C61,7917,second,win,S11,3918
c61_anchor_followup,COMBINED,C61,7918,first,win,S11,3919
c61_anchor_followup,COMBINED,C61,7919,second,win,S11,3920
c61_anchor_followup,COMBINED,C61,7920,first,loss,S11,3921
c61_anchor_followup,COMBINED,C61,7921,second,loss,S11,3922
c61_anchor_followup,COMBINED,C61,7922,first,win,S11,3924
c61_anchor_followup,COMBINED,C61,7923,second,win,S11,3923
c61_anchor_followup,COMBINED,C61,7924,first,win,S11,3925
c61_anchor_followup,COMBINED,C61,7925,second,win,S11,3926
c61_anchor_followup,COMBINED,C61,7926,first,win,S11,3927
c61_anchor_followup,COMBINED,C61,7927,second,win,S11,3928
c61_anchor_followup,COMBINED,C61,7928,first,win,S11,3929
c61_anchor_followup,COMBINED,C61,7929,second,win,S11,3931
c61_anchor_followup,COMBINED,C61,7930,first,win,S11,3930
c61_anchor_followup,COMBINED,C61,7931,second,loss,S11,3932
c61_anchor_followup,COMBINED,C61,7932,first,win,S11,3933
c61_anchor_followup,COMBINED,C61,7933,second,loss,S11,3934
c61_anchor_followup,COMBINED,C61,7934,first,loss,S11,3935
c61_anchor_followup,COMBINED,C61,7935,second,loss,S11,3936
c61_anchor_followup,COMBINED,C61,7936,first,loss,S11,3937
c61_anchor_followup,COMBINED,C61,7937,second,loss,S11,3938
c61_anchor_followup,COMBINED,C61,7938,first,loss,S11,3939
c61_anchor_followup,COMBINED,C61,7939,second,loss,S11,3940
c61_anchor_followup,COMBINED,C61,7940,first,loss,S11,3942
c61_anchor_followup,COMBINED,C61,7941,second,loss,S11,3941
c61_anchor_followup,COMBINED,C61,7942,first,loss,S11,3943
c61_anchor_followup,COMBINED,C61,7943,second,loss,S11,3945
c61_anchor_followup,COMBINED,C61,7944,first,loss,S11,3944
c61_anchor_followup,COMBINED,C61,7945,second,loss,S11,3946
c61_anchor_followup,COMBINED,C61,7946,first,loss,S11,3947
c61_anchor_followup,COMBINED,C61,7947,second,loss,S11,3948
c61_anchor_followup,COMBINED,C61,7948,first,loss,S11,3949
c61_anchor_followup,COMBINED,C61,7949,second,win,S11,3950
c61_anchor_followup,COMBINED,C61,7950,first,loss,S11,3952
c61_anchor_followup,COMBINED,C61,7951,second,loss,S11,3951
c61_anchor_followup,COMBINED,C61,7952,first,win,S11,3953
c61_anchor_followup,COMBINED,C61,7953,second,win,S11,3955
c61_anchor_followup,COMBINED,C61,7954,first,win,S11,3954
c61_anchor_followup,COMBINED,C61,7955,second,loss,S11,3956
c61_anchor_followup,COMBINED,C61,7956,first,loss,S11,3958
c61_anchor_followup,COMBINED,C61,7957,second,win,S11,3957
c61_anchor_followup,COMBINED,C61,7958,first,win,S11,3960
c61_anchor_followup,COMBINED,C61,7959,second,loss,S11,3959
c61_anchor_followup,COMBINED,C61,7960,first,win,S11,3961
c61_anchor_followup,COMBINED,C61,7961,second,loss,S11,3962
c61_anchor_followup,COMBINED,C61,7962,first,loss,S11,3963
c61_anchor_followup,COMBINED,C61,7963,second,loss,S11,3964
c61_anchor_followup,COMBINED,C61,7964,first,win,S11,3965
c61_anchor_followup,COMBINED,C61,7965,second,loss,S11,3966
c61_anchor_followup,COMBINED,C61,7966,first,win,S11,3967
c61_anchor_followup,COMBINED,C61,7967,second,loss,S11,3969
c61_anchor_followup,COMBINED,C61,7968,first,loss,S11,3968
c61_anchor_followup,COMBINED,C61,7969,second,loss,S11,3970
c61_anchor_followup,COMBINED,C61,7970,first,loss,S11,3971
c61_anchor_followup,COMBINED,C61,7971,second,loss,S11,3972
c61_anchor_followup,COMBINED,C61,7972,first,loss,S11,3973
c61_anchor_followup,COMBINED,C61,7973,second,loss,S11,3974
c61_anchor_followup,COMBINED,C61,7974,first,loss,S11,3975
c61_anchor_followup,COMBINED,C61,7975,second,win,S11,3976
c61_anchor_followup,COMBINED,C61,7976,first,loss,S11,3977
c61_anchor_followup,COMBINED,C61,7977,second,loss,S11,3978
c61_anchor_followup,COMBINED,C61,7978,first,win,S11,3979
c61_anchor_followup,COMBINED,C61,7979,second,loss,S11,3980
c61_anchor_followup,COMBINED,C61,7980,first,loss,S11,3982
c61_anchor_followup,COMBINED,C61,7981,second,win,S11,3981
c61_anchor_followup,COMBINED,C61,7982,first,loss,S11,3983
c61_anchor_followup,COMBINED,C61,7983,second,win,S11,3984
c61_anchor_followup,COMBINED,C61,7984,first,win,S11,3985
c61_anchor_followup,COMBINED,C61,7985,second,loss,S11,3986
c61_anchor_followup,COMBINED,C61,7986,first,loss,S11,3987
c61_anchor_followup,COMBINED,C61,7987,second,loss,S11,3988
c61_anchor_followup,COMBINED,C61,7988,first,loss,S11,3989
c61_anchor_followup,COMBINED,C61,7989,second,win,S11,3990
c61_anchor_followup,COMBINED,C61,7990,first,loss,S11,3992
c61_anchor_followup,COMBINED,C61,7991,second,win,S11,3991
c61_anchor_followup,COMBINED,C61,7992,first,loss,S11,3993
c61_anchor_followup,COMBINED,C61,7993,second,loss,S11,3994
c61_anchor_followup,COMBINED,C61,7994,first,loss,S11,3995
c61_anchor_followup,COMBINED,C61,7995,second,win,S11,3996
c61_anchor_followup,COMBINED,C61,7996,first,win,S11,3997
c61_anchor_followup,COMBINED,C61,7997,second,loss,S11,3999
c61_anchor_followup,COMBINED,C61,7998,first,win,S11,3998
c61_anchor_followup,COMBINED,C61,7999,second,loss,S11,4000
