run,arm,opponent_id,game_index,seat,outcome,source_id,source_record
seven_opponent_panel,BASELINE,P01,0,first,loss,S12,2
seven_opponent_panel,BASELINE,P01,1,second,loss,S12,5
seven_opponent_panel,BASELINE,P01,2,first,win,S12,4
seven_opponent_panel,BASELINE,P01,3,second,loss,S12,3
seven_opponent_panel,BASELINE,P01,4,first,loss,S12,6
seven_opponent_panel,BASELINE,P01,5,second,win,S12,8
seven_opponent_panel,BASELINE,P01,6,first,loss,S12,7
seven_opponent_panel,BASELINE,P01,7,second,loss,S12,10
seven_opponent_panel,BASELINE,P01,8,first,win,S12,9
seven_opponent_panel,BASELINE,P01,9,second,win,S12,12
seven_opponent_panel,BASELINE,P01,10,first,win,S12,11
seven_opponent_panel,BASELINE,P01,11,second,win,S12,13
seven_opponent_panel,BASELINE,P01,12,first,win,S12,14
seven_opponent_panel,BASELINE,P01,13,second,win,S12,15
seven_opponent_panel,BASELINE,P01,14,first,loss,S12,16
seven_opponent_panel,BASELINE,P01,15,second,loss,S12,17
seven_opponent_panel,BASELINE,P01,16,first,loss,S12,18
seven_opponent_panel,BASELINE,P01,17,second,loss,S12,20
seven_opponent_panel,BASELINE,P01,18,first,win,S12,19
seven_opponent_panel,BASELINE,P01,19,second,loss,S12,21
seven_opponent_panel,BASELINE,P01,20,first,loss,S12,22
seven_opponent_panel,BASELINE,P01,21,second,loss,S12,24
seven_opponent_panel,BASELINE,P01,22,first,win,S12,23
seven_opponent_panel,BASELINE,P01,23,second,loss,S12,26
seven_opponent_panel,BASELINE,P01,24,first,loss,S12,25
seven_opponent_panel,BASELINE,P01,25,second,loss,S12,27
seven_opponent_panel,BASELINE,P01,26,first,loss,S12,29
seven_opponent_panel,BASELINE,P01,27,second,loss,S12,28
seven_opponent_panel,BASELINE,P01,28,first,loss,S12,30
seven_opponent_panel,BASELINE,P01,29,second,loss,S12,32
seven_opponent_panel,BASELINE,P01,30,first,loss,S12,34
seven_opponent_panel,BASELINE,P01,31,second,win,S12,31
seven_opponent_panel,BASELINE,P01,32,first,loss,S12,33
seven_opponent_panel,BASELINE,P01,33,second,loss,S12,35
seven_opponent_panel,BASELINE,P01,34,first,loss,S12,37
seven_opponent_panel,BASELINE,P01,35,second,loss,S12,38
seven_opponent_panel,BASELINE,P01,36,first,loss,S12,36
seven_opponent_panel,BASELINE,P01,37,second,win,S12,39
seven_opponent_panel,BASELINE,P01,38,first,win,S12,41
seven_opponent_panel,BASELINE,P01,39,second,win,S12,40
seven_opponent_panel,BASELINE,P01,40,first,loss,S12,42
seven_opponent_panel,BASELINE,P01,41,second,loss,S12,46
seven_opponent_panel,BASELINE,P01,42,first,loss,S12,43
seven_opponent_panel,BASELINE,P01,43,second,loss,S12,44
seven_opponent_panel,BASELINE,P01,44,first,win,S12,45
seven_opponent_panel,BASELINE,P01,45,second,loss,S12,47
seven_opponent_panel,BASELINE,P01,46,first,win,S12,48
seven_opponent_panel,BASELINE,P01,47,second,loss,S12,51
seven_opponent_panel,BASELINE,P01,48,first,loss,S12,49
seven_opponent_panel,BASELINE,P01,49,second,loss,S12,50
seven_opponent_panel,BASELINE,P01,50,first,win,S12,53
seven_opponent_panel,BASELINE,P01,51,second,loss,S12,55
seven_opponent_panel,BASELINE,P01,52,first,win,S12,52
seven_opponent_panel,BASELINE,P01,53,second,loss,S12,54
seven_opponent_panel,BASELINE,P01,54,first,win,S12,56
seven_opponent_panel,BASELINE,P01,55,second,loss,S12,57
seven_opponent_panel,BASELINE,P01,56,first,loss,S12,58
seven_opponent_panel,BASELINE,P01,57,second,loss,S12,59
seven_opponent_panel,BASELINE,P01,58,first,win,S12,61
seven_opponent_panel,BASELINE,P01,59,second,loss,S12,62
seven_opponent_panel,BASELINE,P01,60,first,win,S12,60
seven_opponent_panel,BASELINE,P01,61,second,win,S12,63
seven_opponent_panel,BASELINE,P01,62,first,loss,S12,65
seven_opponent_panel,BASELINE,P01,63,second,loss,S12,64
seven_opponent_panel,BASELINE,P01,64,first,loss,S12,66
seven_opponent_panel,BASELINE,P01,65,second,win,S12,67
seven_opponent_panel,BASELINE,P01,66,first,win,S12,68
seven_opponent_panel,BASELINE,P01,67,second,loss,S12,69
seven_opponent_panel,BASELINE,P01,68,first,win,S12,70
seven_opponent_panel,BASELINE,P01,69,second,win,S12,72
seven_opponent_panel,BASELINE,P01,70,first,win,S12,71
seven_opponent_panel,BASELINE,P01,71,second,loss,S12,73
seven_opponent_panel,BASELINE,P01,72,first,loss,S12,74
seven_opponent_panel,BASELINE,P01,73,second,win,S12,77
seven_opponent_panel,BASELINE,P01,74,first,loss,S12,75
seven_opponent_panel,BASELINE,P01,75,second,loss,S12,76
seven_opponent_panel,BASELINE,P01,76,first,win,S12,80
seven_opponent_panel,BASELINE,P01,77,second,loss,S12,79
seven_opponent_panel,BASELINE,P01,78,first,win,S12,78
seven_opponent_panel,BASELINE,P01,79,second,win,S12,83
seven_opponent_panel,BASELINE,P01,80,first,win,S12,81
seven_opponent_panel,BASELINE,P01,81,second,win,S12,82
seven_opponent_panel,BASELINE,P01,82,first,loss,S12,85
seven_opponent_panel,BASELINE,P01,83,second,loss,S12,84
seven_opponent_panel,BASELINE,P01,84,first,loss,S12,87
seven_opponent_panel,BASELINE,P01,85,second,win,S12,86
seven_opponent_panel,BASELINE,P01,86,first,win,S12,89
seven_opponent_panel,BASELINE,P01,87,second,win,S12,88
seven_opponent_panel,BASELINE,P01,88,first,loss,S12,90
seven_opponent_panel,BASELINE,P01,89,second,win,S12,91
seven_opponent_panel,BASELINE,P01,90,first,win,S12,92
seven_opponent_panel,BASELINE,P01,91,second,loss,S12,93
seven_opponent_panel,BASELINE,P01,92,first,loss,S12,96
seven_opponent_panel,BASELINE,P01,93,second,win,S12,95
seven_opponent_panel,BASELINE,P01,94,first,win,S12,94
seven_opponent_panel,BASELINE,P01,95,second,loss,S12,97
seven_opponent_panel,BASELINE,P01,96,first,win,S12,99
seven_opponent_panel,BASELINE,P01,97,second,win,S12,98
seven_opponent_panel,BASELINE,P01,98,first,win,S12,100
seven_opponent_panel,BASELINE,P01,99,second,loss,S12,101
seven_opponent_panel,BASELINE,P01,100,first,loss,S12,103
seven_opponent_panel,BASELINE,P01,101,second,loss,S12,102
seven_opponent_panel,BASELINE,P01,102,first,loss,S12,104
seven_opponent_panel,BASELINE,P01,103,second,win,S12,107
seven_opponent_panel,BASELINE,P01,104,first,win,S12,105
seven_opponent_panel,BASELINE,P01,105,second,loss,S12,106
seven_opponent_panel,BASELINE,P01,106,first,loss,S12,109
seven_opponent_panel,BASELINE,P01,107,second,loss,S12,108
seven_opponent_panel,BASELINE,P01,108,first,loss,S12,111
seven_opponent_panel,BASELINE,P01,109,second,loss,S12,110
seven_opponent_panel,BASELINE,P01,110,first,loss,S12,113
seven_opponent_panel,BASELINE,P01,111,second,win,S12,115
seven_opponent_panel,BASELINE,P01,112,first,loss,S12,112
seven_opponent_panel,BASELINE,P01,113,second,win,S12,114
seven_opponent_panel,BASELINE,P01,114,first,win,S12,118
seven_opponent_panel,BASELINE,P01,115,second,loss,S12,117
seven_opponent_panel,BASELINE,P01,116,first,win,S12,116
seven_opponent_panel,BASELINE,P01,117,second,loss,S12,119
seven_opponent_panel,BASELINE,P01,118,first,win,S12,120
seven_opponent_panel,BASELINE,P01,119,second,loss,S12,122
seven_opponent_panel,BASELINE,P01,120,first,loss,S12,121
seven_opponent_panel,BASELINE,P01,121,second,loss,S12,123
seven_opponent_panel,BASELINE,P01,122,first,loss,S12,126
seven_opponent_panel,BASELINE,P01,123,second,loss,S12,125
seven_opponent_panel,BASELINE,P01,124,first,win,S12,124
seven_opponent_panel,BASELINE,P01,125,second,loss,S12,129
seven_opponent_panel,BASELINE,P01,126,first,win,S12,128
seven_opponent_panel,BASELINE,P01,127,second,win,S12,127
seven_opponent_panel,BASELINE,P01,128,first,win,S12,131
seven_opponent_panel,BASELINE,P01,129,second,win,S12,130
seven_opponent_panel,BASELINE,P01,130,first,loss,S12,133
seven_opponent_panel,BASELINE,P01,131,second,win,S12,132
seven_opponent_panel,BASELINE,P01,132,first,loss,S12,135
seven_opponent_panel,BASELINE,P01,133,second,loss,S12,134
seven_opponent_panel,BASELINE,P01,134,first,win,S12,138
seven_opponent_panel,BASELINE,P01,135,second,loss,S12,137
seven_opponent_panel,BASELINE,P01,136,first,win,S12,136
seven_opponent_panel,BASELINE,P01,137,second,loss,S12,139
seven_opponent_panel,BASELINE,P01,138,first,loss,S12,141
seven_opponent_panel,BASELINE,P01,139,second,win,S12,140
seven_opponent_panel,BASELINE,P01,140,first,loss,S12,142
seven_opponent_panel,BASELINE,P01,141,second,loss,S12,144
seven_opponent_panel,BASELINE,P01,142,first,loss,S12,143
seven_opponent_panel,BASELINE,P01,143,second,loss,S12,145
seven_opponent_panel,BASELINE,P01,144,first,win,S12,146
seven_opponent_panel,BASELINE,P01,145,second,loss,S12,148
seven_opponent_panel,BASELINE,P01,146,first,loss,S12,150
seven_opponent_panel,BASELINE,P01,147,second,win,S12,147
seven_opponent_panel,BASELINE,P01,148,first,win,S12,152
seven_opponent_panel,BASELINE,P01,149,second,win,S12,149
seven_opponent_panel,BASELINE,P01,150,first,loss,S12,155
seven_opponent_panel,BASELINE,P01,151,second,win,S12,151
seven_opponent_panel,BASELINE,P01,152,first,loss,S12,154
seven_opponent_panel,BASELINE,P01,153,second,loss,S12,153
seven_opponent_panel,BASELINE,P01,154,first,win,S12,157
seven_opponent_panel,BASELINE,P01,155,second,loss,S12,156
seven_opponent_panel,BASELINE,P01,156,first,loss,S12,160
seven_opponent_panel,BASELINE,P01,157,second,win,S12,158
seven_opponent_panel,BASELINE,P01,158,first,loss,S12,162
seven_opponent_panel,BASELINE,P01,159,second,win,S12,159
seven_opponent_panel,BASELINE,P01,160,first,loss,S12,161
seven_opponent_panel,BASELINE,P01,161,second,loss,S12,163
seven_opponent_panel,BASELINE,P01,162,first,loss,S12,164
seven_opponent_panel,BASELINE,P01,163,second,loss,S12,166
seven_opponent_panel,BASELINE,P01,164,first,loss,S12,165
seven_opponent_panel,BASELINE,P01,165,second,loss,S12,167
seven_opponent_panel,BASELINE,P01,166,first,loss,S12,170
seven_opponent_panel,BASELINE,P01,167,second,loss,S12,168
seven_opponent_panel,BASELINE,P01,168,first,loss,S12,171
seven_opponent_panel,BASELINE,P01,169,second,win,S12,169
seven_opponent_panel,BASELINE,P01,170,first,win,S12,172
seven_opponent_panel,BASELINE,P01,171,second,win,S12,174
seven_opponent_panel,BASELINE,P01,172,first,loss,S12,173
seven_opponent_panel,BASELINE,P01,173,second,loss,S12,177
seven_opponent_panel,BASELINE,P01,174,first,loss,S12,175
seven_opponent_panel,BASELINE,P01,175,second,loss,S12,176
seven_opponent_panel,BASELINE,P01,176,first,loss,S12,178
seven_opponent_panel,BASELINE,P01,177,second,loss,S12,180
seven_opponent_panel,BASELINE,P01,178,first,win,S12,179
seven_opponent_panel,BASELINE,P01,179,second,win,S12,181
seven_opponent_panel,BASELINE,P01,180,first,loss,S12,182
seven_opponent_panel,BASELINE,P01,181,second,win,S12,183
seven_opponent_panel,BASELINE,P01,182,first,win,S12,184
seven_opponent_panel,BASELINE,P01,183,second,win,S12,185
seven_opponent_panel,BASELINE,P01,184,first,loss,S12,186
seven_opponent_panel,BASELINE,P01,185,second,loss,S12,187
seven_opponent_panel,BASELINE,P01,186,first,loss,S12,188
seven_opponent_panel,BASELINE,P01,187,second,loss,S12,189
seven_opponent_panel,BASELINE,P01,188,first,win,S12,191
seven_opponent_panel,BASELINE,P01,189,second,loss,S12,190
seven_opponent_panel,BASELINE,P01,190,first,loss,S12,192
seven_opponent_panel,BASELINE,P01,191,second,loss,S12,193
seven_opponent_panel,BASELINE,P01,192,first,loss,S12,194
seven_opponent_panel,BASELINE,P01,193,second,loss,S12,195
seven_opponent_panel,BASELINE,P01,194,first,loss,S12,196
seven_opponent_panel,BASELINE,P01,195,second,loss,S12,198
seven_opponent_panel,BASELINE,P01,196,first,loss,S12,197
seven_opponent_panel,BASELINE,P01,197,second,loss,S12,199
seven_opponent_panel,BASELINE,P01,198,first,loss,S12,201
seven_opponent_panel,BASELINE,P01,199,second,loss,S12,200
seven_opponent_panel,BASELINE,P01,200,first,loss,S12,202
seven_opponent_panel,BASELINE,P01,201,second,win,S12,203
seven_opponent_panel,BASELINE,P01,202,first,loss,S12,204
seven_opponent_panel,BASELINE,P01,203,second,win,S12,205
seven_opponent_panel,BASELINE,P01,204,first,win,S12,207
seven_opponent_panel,BASELINE,P01,205,second,loss,S12,206
seven_opponent_panel,BASELINE,P01,206,first,loss,S12,208
seven_opponent_panel,BASELINE,P01,207,second,loss,S12,211
seven_opponent_panel,BASELINE,P01,208,first,loss,S12,210
seven_opponent_panel,BASELINE,P01,209,second,win,S12,209
seven_opponent_panel,BASELINE,P01,210,first,win,S12,215
seven_opponent_panel,BASELINE,P01,211,second,loss,S12,212
seven_opponent_panel,BASELINE,P01,212,first,loss,S12,213
seven_opponent_panel,BASELINE,P01,213,second,loss,S12,214
seven_opponent_panel,BASELINE,P01,214,first,win,S12,216
seven_opponent_panel,BASELINE,P01,215,second,win,S12,217
seven_opponent_panel,BASELINE,P01,216,first,win,S12,218
seven_opponent_panel,BASELINE,P01,217,second,loss,S12,220
seven_opponent_panel,BASELINE,P01,218,first,loss,S12,219
seven_opponent_panel,BASELINE,P01,219,second,loss,S12,221
seven_opponent_panel,BASELINE,P01,220,first,loss,S12,222
seven_opponent_panel,BASELINE,P01,221,second,loss,S12,223
seven_opponent_panel,BASELINE,P01,222,first,loss,S12,225
seven_opponent_panel,BASELINE,P01,223,second,loss,S12,224
seven_opponent_panel,BASELINE,P01,224,first,loss,S12,226
seven_opponent_panel,BASELINE,P01,225,second,loss,S12,227
seven_opponent_panel,BASELINE,P01,226,first,loss,S12,228
seven_opponent_panel,BASELINE,P01,227,second,loss,S12,229
seven_opponent_panel,BASELINE,P01,228,first,loss,S12,231
seven_opponent_panel,BASELINE,P01,229,second,loss,S12,230
seven_opponent_panel,BASELINE,P01,230,first,loss,S12,234
seven_opponent_panel,BASELINE,P01,231,second,loss,S12,233
seven_opponent_panel,BASELINE,P01,232,first,loss,S12,232
seven_opponent_panel,BASELINE,P01,233,second,loss,S12,236
seven_opponent_panel,BASELINE,P01,234,first,win,S12,237
seven_opponent_panel,BASELINE,P01,235,second,win,S12,235
seven_opponent_panel,BASELINE,P01,236,first,loss,S12,238
seven_opponent_panel,BASELINE,P01,237,second,loss,S12,240
seven_opponent_panel,BASELINE,P01,238,first,loss,S12,239
seven_opponent_panel,BASELINE,P01,239,second,loss,S12,242
seven_opponent_panel,BASELINE,P01,240,first,win,S12,244
seven_opponent_panel,BASELINE,P01,241,second,win,S12,241
seven_opponent_panel,BASELINE,P01,242,first,win,S12,243
seven_opponent_panel,BASELINE,P01,243,second,loss,S12,245
seven_opponent_panel,BASELINE,P01,244,first,loss,S12,246
seven_opponent_panel,BASELINE,P01,245,second,loss,S12,247
seven_opponent_panel,BASELINE,P01,246,first,win,S12,249
seven_opponent_panel,BASELINE,P01,247,second,win,S12,248
seven_opponent_panel,BASELINE,P01,248,first,win,S12,251
seven_opponent_panel,BASELINE,P01,249,second,win,S12,250
seven_opponent_panel,BASELINE,P01,250,first,win,S12,252
seven_opponent_panel,BASELINE,P01,251,second,win,S12,253
seven_opponent_panel,BASELINE,P01,252,first,loss,S12,255
seven_opponent_panel,BASELINE,P01,253,second,loss,S12,254
seven_opponent_panel,BASELINE,P01,254,first,loss,S12,256
seven_opponent_panel,BASELINE,P01,255,second,win,S12,258
seven_opponent_panel,BASELINE,P01,256,first,loss,S12,257
seven_opponent_panel,BASELINE,P01,257,second,loss,S12,259
seven_opponent_panel,BASELINE,P01,258,first,win,S12,261
seven_opponent_panel,BASELINE,P01,259,second,win,S12,260
seven_opponent_panel,BASELINE,P01,260,first,loss,S12,264
seven_opponent_panel,BASELINE,P01,261,second,win,S12,263
seven_opponent_panel,BASELINE,P01,262,first,win,S12,262
seven_opponent_panel,BASELINE,P01,263,second,loss,S12,266
seven_opponent_panel,BASELINE,P01,264,first,loss,S12,265
seven_opponent_panel,BASELINE,P01,265,second,loss,S12,267
seven_opponent_panel,BASELINE,P01,266,first,win,S12,268
seven_opponent_panel,BASELINE,P01,267,second,win,S12,269
seven_opponent_panel,BASELINE,P01,268,first,loss,S12,272
seven_opponent_panel,BASELINE,P01,269,second,loss,S12,270
seven_opponent_panel,BASELINE,P01,270,first,win,S12,271
seven_opponent_panel,BASELINE,P01,271,second,loss,S12,273
seven_opponent_panel,BASELINE,P01,272,first,win,S12,276
seven_opponent_panel,BASELINE,P01,273,second,win,S12,274
seven_opponent_panel,BASELINE,P01,274,first,loss,S12,275
seven_opponent_panel,BASELINE,P01,275,second,loss,S12,278
seven_opponent_panel,BASELINE,P01,276,first,loss,S12,277
seven_opponent_panel,BASELINE,P01,277,second,loss,S12,280
seven_opponent_panel,BASELINE,P01,278,first,loss,S12,279
seven_opponent_panel,BASELINE,P01,279,second,win,S12,281
seven_opponent_panel,BASELINE,P01,280,first,win,S12,282
seven_opponent_panel,BASELINE,P01,281,second,loss,S12,284
seven_opponent_panel,BASELINE,P01,282,first,loss,S12,285
seven_opponent_panel,BASELINE,P01,283,second,win,S12,283
seven_opponent_panel,BASELINE,P01,284,first,loss,S12,287
seven_opponent_panel,BASELINE,P01,285,second,loss,S12,288
seven_opponent_panel,BASELINE,P01,286,first,win,S12,286
seven_opponent_panel,BASELINE,P01,287,second,win,S12,291
seven_opponent_panel,BASELINE,P01,288,first,loss,S12,289
seven_opponent_panel,BASELINE,P01,289,second,loss,S12,290
seven_opponent_panel,BASELINE,P01,290,first,loss,S12,293
seven_opponent_panel,BASELINE,P01,291,second,loss,S12,295
seven_opponent_panel,BASELINE,P01,292,first,win,S12,292
seven_opponent_panel,BASELINE,P01,293,second,loss,S12,297
seven_opponent_panel,BASELINE,P01,294,first,loss,S12,294
seven_opponent_panel,BASELINE,P01,295,second,loss,S12,296
seven_opponent_panel,BASELINE,P01,296,first,loss,S12,298
seven_opponent_panel,BASELINE,P01,297,second,win,S12,300
seven_opponent_panel,BASELINE,P01,298,first,win,S12,299
seven_opponent_panel,BASELINE,P01,299,second,loss,S12,301
seven_opponent_panel,BASELINE,P01,300,first,loss,S12,304
seven_opponent_panel,BASELINE,P01,301,second,loss,S12,302
seven_opponent_panel,BASELINE,P01,302,first,loss,S12,303
seven_opponent_panel,BASELINE,P01,303,second,loss,S12,305
seven_opponent_panel,BASELINE,P01,304,first,loss,S12,309
seven_opponent_panel,BASELINE,P01,305,second,loss,S12,306
seven_opponent_panel,BASELINE,P01,306,first,loss,S12,308
seven_opponent_panel,BASELINE,P01,307,second,win,S12,307
seven_opponent_panel,BASELINE,P01,308,first,win,S12,310
seven_opponent_panel,BASELINE,P01,309,second,loss,S12,312
seven_opponent_panel,BASELINE,P01,310,first,loss,S12,311
seven_opponent_panel,BASELINE,P01,311,second,win,S12,313
seven_opponent_panel,BASELINE,P01,312,first,win,S12,316
seven_opponent_panel,BASELINE,P01,313,second,loss,S12,315
seven_opponent_panel,BASELINE,P01,314,first,win,S12,314
seven_opponent_panel,BASELINE,P01,315,second,loss,S12,317
seven_opponent_panel,BASELINE,P01,316,first,loss,S12,319
seven_opponent_panel,BASELINE,P01,317,second,loss,S12,318
seven_opponent_panel,BASELINE,P01,318,first,win,S12,320
seven_opponent_panel,BASELINE,P01,319,second,loss,S12,321
seven_opponent_panel,BASELINE,P01,320,first,loss,S12,322
seven_opponent_panel,BASELINE,P01,321,second,win,S12,324
seven_opponent_panel,BASELINE,P01,322,first,win,S12,323
seven_opponent_panel,BASELINE,P01,323,second,loss,S12,326
seven_opponent_panel,BASELINE,P01,324,first,loss,S12,327
seven_opponent_panel,BASELINE,P01,325,second,loss,S12,325
seven_opponent_panel,BASELINE,P01,326,first,loss,S12,328
seven_opponent_panel,BASELINE,P01,327,second,loss,S12,329
seven_opponent_panel,BASELINE,P01,328,first,loss,S12,330
seven_opponent_panel,BASELINE,P01,329,second,loss,S12,331
seven_opponent_panel,BASELINE,P01,330,first,win,S12,333
seven_opponent_panel,BASELINE,P01,331,second,loss,S12,332
seven_opponent_panel,BASELINE,P01,332,first,loss,S12,335
seven_opponent_panel,BASELINE,P01,333,second,loss,S12,334
seven_opponent_panel,BASELINE,P01,334,first,win,S12,336
seven_opponent_panel,BASELINE,P01,335,second,win,S12,338
seven_opponent_panel,BASELINE,P01,336,first,win,S12,339
seven_opponent_panel,BASELINE,P01,337,second,loss,S12,337
seven_opponent_panel,BASELINE,P01,338,first,loss,S12,340
seven_opponent_panel,BASELINE,P01,339,second,win,S12,341
seven_opponent_panel,BASELINE,P01,340,first,loss,S12,344
seven_opponent_panel,BASELINE,P01,341,second,loss,S12,342
seven_opponent_panel,BASELINE,P01,342,first,win,S12,343
seven_opponent_panel,BASELINE,P01,343,second,win,S12,346
seven_opponent_panel,BASELINE,P01,344,first,win,S12,347
seven_opponent_panel,BASELINE,P01,345,second,loss,S12,345
seven_opponent_panel,BASELINE,P01,346,first,loss,S12,349
seven_opponent_panel,BASELINE,P01,347,second,loss,S12,348
seven_opponent_panel,BASELINE,P01,348,first,loss,S12,350
seven_opponent_panel,BASELINE,P01,349,second,win,S12,352
seven_opponent_panel,BASELINE,P01,350,first,win,S12,354
seven_opponent_panel,BASELINE,P01,351,second,win,S12,351
seven_opponent_panel,BASELINE,P01,352,first,win,S12,357
seven_opponent_panel,BASELINE,P01,353,second,win,S12,353
seven_opponent_panel,BASELINE,P01,354,first,loss,S12,355
seven_opponent_panel,BASELINE,P01,355,second,win,S12,358
seven_opponent_panel,BASELINE,P01,356,first,win,S12,356
seven_opponent_panel,BASELINE,P01,357,second,loss,S12,361
seven_opponent_panel,BASELINE,P01,358,first,win,S12,359
seven_opponent_panel,BASELINE,P01,359,second,loss,S12,360
seven_opponent_panel,BASELINE,P01,360,first,win,S12,362
seven_opponent_panel,BASELINE,P01,361,second,loss,S12,364
seven_opponent_panel,BASELINE,P01,362,first,loss,S12,363
seven_opponent_panel,BASELINE,P01,363,second,loss,S12,365
seven_opponent_panel,BASELINE,P01,364,first,loss,S12,366
seven_opponent_panel,BASELINE,P01,365,second,loss,S12,368
seven_opponent_panel,BASELINE,P01,366,first,loss,S12,367
seven_opponent_panel,BASELINE,P01,367,second,loss,S12,369
seven_opponent_panel,BASELINE,P01,368,first,loss,S12,370
seven_opponent_panel,BASELINE,P01,369,second,win,S12,371
seven_opponent_panel,BASELINE,P01,370,first,loss,S12,372
seven_opponent_panel,BASELINE,P01,371,second,win,S12,374
seven_opponent_panel,BASELINE,P01,372,first,loss,S12,375
seven_opponent_panel,BASELINE,P01,373,second,loss,S12,373
seven_opponent_panel,BASELINE,P01,374,first,loss,S12,377
seven_opponent_panel,BASELINE,P01,375,second,loss,S12,376
seven_opponent_panel,BASELINE,P01,376,first,loss,S12,379
seven_opponent_panel,BASELINE,P01,377,second,loss,S12,378
seven_opponent_panel,BASELINE,P01,378,first,loss,S12,380
seven_opponent_panel,BASELINE,P01,379,second,win,S12,382
seven_opponent_panel,BASELINE,P01,380,first,win,S12,381
seven_opponent_panel,BASELINE,P01,381,second,win,S12,383
seven_opponent_panel,BASELINE,P01,382,first,win,S12,384
seven_opponent_panel,BASELINE,P01,383,second,win,S12,385
seven_opponent_panel,BASELINE,P01,384,first,loss,S12,387
seven_opponent_panel,BASELINE,P01,385,second,loss,S12,389
seven_opponent_panel,BASELINE,P01,386,first,win,S12,386
seven_opponent_panel,BASELINE,P01,387,second,loss,S12,388
seven_opponent_panel,BASELINE,P01,388,first,loss,S12,391
seven_opponent_panel,BASELINE,P01,389,second,loss,S12,392
seven_opponent_panel,BASELINE,P01,390,first,loss,S12,390
seven_opponent_panel,BASELINE,P01,391,second,loss,S12,394
seven_opponent_panel,BASELINE,P01,392,first,loss,S12,395
seven_opponent_panel,BASELINE,P01,393,second,win,S12,393
seven_opponent_panel,BASELINE,P01,394,first,loss,S12,396
seven_opponent_panel,BASELINE,P01,395,second,loss,S12,398
seven_opponent_panel,BASELINE,P01,396,first,loss,S12,397
seven_opponent_panel,BASELINE,P01,397,second,loss,S12,399
seven_opponent_panel,BASELINE,P01,398,first,win,S12,400
seven_opponent_panel,BASELINE,P01,399,second,loss,S12,401
seven_opponent_panel,BASELINE,P01,400,first,loss,S12,402
seven_opponent_panel,BASELINE,P01,401,second,win,S12,403
seven_opponent_panel,BASELINE,P01,402,first,win,S12,404
seven_opponent_panel,BASELINE,P01,403,second,loss,S12,405
seven_opponent_panel,BASELINE,P01,404,first,loss,S12,406
seven_opponent_panel,BASELINE,P01,405,second,win,S12,407
seven_opponent_panel,BASELINE,P01,406,first,loss,S12,408
seven_opponent_panel,BASELINE,P01,407,second,loss,S12,409
seven_opponent_panel,BASELINE,P01,408,first,loss,S12,410
seven_opponent_panel,BASELINE,P01,409,second,loss,S12,411
seven_opponent_panel,BASELINE,P01,410,first,loss,S12,412
seven_opponent_panel,BASELINE,P01,411,second,loss,S12,413
seven_opponent_panel,BASELINE,P01,412,first,win,S12,415
seven_opponent_panel,BASELINE,P01,413,second,loss,S12,414
seven_opponent_panel,BASELINE,P01,414,first,win,S12,418
seven_opponent_panel,BASELINE,P01,415,second,win,S12,417
seven_opponent_panel,BASELINE,P01,416,first,loss,S12,416
seven_opponent_panel,BASELINE,P01,417,second,loss,S12,420
seven_opponent_panel,BASELINE,P01,418,first,loss,S12,421
seven_opponent_panel,BASELINE,P01,419,second,win,S12,419
seven_opponent_panel,BASELINE,P01,420,first,loss,S12,424
seven_opponent_panel,BASELINE,P01,421,second,loss,S12,422
seven_opponent_panel,BASELINE,P01,422,first,win,S12,423
seven_opponent_panel,BASELINE,P01,423,second,loss,S12,425
seven_opponent_panel,BASELINE,P01,424,first,win,S12,427
seven_opponent_panel,BASELINE,P01,425,second,win,S12,426
seven_opponent_panel,BASELINE,P01,426,first,loss,S12,430
seven_opponent_panel,BASELINE,P01,427,second,win,S12,429
seven_opponent_panel,BASELINE,P01,428,first,win,S12,428
seven_opponent_panel,BASELINE,P01,429,second,loss,S12,431
seven_opponent_panel,BASELINE,P01,430,first,loss,S12,432
seven_opponent_panel,BASELINE,P01,431,second,loss,S12,433
seven_opponent_panel,BASELINE,P01,432,first,win,S12,435
seven_opponent_panel,BASELINE,P01,433,second,win,S12,434
seven_opponent_panel,BASELINE,P01,434,first,loss,S12,437
seven_opponent_panel,BASELINE,P01,435,second,win,S12,436
seven_opponent_panel,BASELINE,P01,436,first,loss,S12,438
seven_opponent_panel,BASELINE,P01,437,second,loss,S12,439
seven_opponent_panel,BASELINE,P01,438,first,loss,S12,440
seven_opponent_panel,BASELINE,P01,439,second,loss,S12,441
seven_opponent_panel,BASELINE,P01,440,first,win,S12,442
seven_opponent_panel,BASELINE,P01,441,second,loss,S12,443
seven_opponent_panel,BASELINE,P01,442,first,win,S12,447
seven_opponent_panel,BASELINE,P01,443,second,loss,S12,444
seven_opponent_panel,BASELINE,P01,444,first,loss,S12,445
seven_opponent_panel,BASELINE,P01,445,second,loss,S12,446
seven_opponent_panel,BASELINE,P01,446,first,loss,S12,448
seven_opponent_panel,BASELINE,P01,447,second,loss,S12,450
seven_opponent_panel,BASELINE,P01,448,first,loss,S12,449
seven_opponent_panel,BASELINE,P01,449,second,loss,S12,452
seven_opponent_panel,BASELINE,P01,450,first,loss,S12,453
seven_opponent_panel,BASELINE,P01,451,second,win,S12,451
seven_opponent_panel,BASELINE,P01,452,first,loss,S12,455
seven_opponent_panel,BASELINE,P01,453,second,loss,S12,454
seven_opponent_panel,BASELINE,P01,454,first,loss,S12,458
seven_opponent_panel,BASELINE,P01,455,second,win,S12,456
seven_opponent_panel,BASELINE,P01,456,first,loss,S12,457
seven_opponent_panel,BASELINE,P01,457,second,win,S12,459
seven_opponent_panel,BASELINE,P01,458,first,win,S12,461
seven_opponent_panel,BASELINE,P01,459,second,loss,S12,460
seven_opponent_panel,BASELINE,P01,460,first,loss,S12,463
seven_opponent_panel,BASELINE,P01,461,second,win,S12,466
seven_opponent_panel,BASELINE,P01,462,first,win,S12,462
seven_opponent_panel,BASELINE,P01,463,second,loss,S12,464
seven_opponent_panel,BASELINE,P01,464,first,loss,S12,465
seven_opponent_panel,BASELINE,P01,465,second,loss,S12,467
seven_opponent_panel,BASELINE,P01,466,first,loss,S12,468
seven_opponent_panel,BASELINE,P01,467,second,loss,S12,469
seven_opponent_panel,BASELINE,P01,468,first,loss,S12,470
seven_opponent_panel,BASELINE,P01,469,second,loss,S12,473
seven_opponent_panel,BASELINE,P01,470,first,win,S12,472
seven_opponent_panel,BASELINE,P01,471,second,loss,S12,471
seven_opponent_panel,BASELINE,P01,472,first,loss,S12,474
seven_opponent_panel,BASELINE,P01,473,second,loss,S12,475
seven_opponent_panel,BASELINE,P01,474,first,loss,S12,476
seven_opponent_panel,BASELINE,P01,475,second,loss,S12,477
seven_opponent_panel,BASELINE,P01,476,first,win,S12,479
seven_opponent_panel,BASELINE,P01,477,second,win,S12,483
seven_opponent_panel,BASELINE,P01,478,first,win,S12,478
seven_opponent_panel,BASELINE,P01,479,second,loss,S12,481
seven_opponent_panel,BASELINE,P01,480,first,loss,S12,480
seven_opponent_panel,BASELINE,P01,481,second,win,S12,482
seven_opponent_panel,BASELINE,P01,482,first,loss,S12,485
seven_opponent_panel,BASELINE,P01,483,second,win,S12,484
seven_opponent_panel,BASELINE,P01,484,first,loss,S12,486
seven_opponent_panel,BASELINE,P01,485,second,loss,S12,487
seven_opponent_panel,BASELINE,P01,486,first,win,S12,488
seven_opponent_panel,BASELINE,P01,487,second,loss,S12,490
seven_opponent_panel,BASELINE,P01,488,first,loss,S12,491
seven_opponent_panel,BASELINE,P01,489,second,win,S12,489
seven_opponent_panel,BASELINE,P01,490,first,loss,S12,492
seven_opponent_panel,BASELINE,P01,491,second,win,S12,493
seven_opponent_panel,BASELINE,P01,492,first,loss,S12,494
seven_opponent_panel,BASELINE,P01,493,second,loss,S12,495
seven_opponent_panel,BASELINE,P01,494,first,win,S12,496
seven_opponent_panel,BASELINE,P01,495,second,win,S12,497
seven_opponent_panel,BASELINE,P01,496,first,loss,S12,499
seven_opponent_panel,BASELINE,P01,497,second,loss,S12,498
seven_opponent_panel,BASELINE,P01,498,first,win,S12,500
seven_opponent_panel,BASELINE,P01,499,second,win,S12,501
seven_opponent_panel,BASELINE,P01,500,first,loss,S12,502
seven_opponent_panel,BASELINE,P01,501,second,win,S12,504
seven_opponent_panel,BASELINE,P01,502,first,win,S12,503
seven_opponent_panel,BASELINE,P01,503,second,loss,S12,505
seven_opponent_panel,BASELINE,P01,504,first,loss,S12,506
seven_opponent_panel,BASELINE,P01,505,second,win,S12,507
seven_opponent_panel,BASELINE,P01,506,first,loss,S12,509
seven_opponent_panel,BASELINE,P01,507,second,win,S12,510
seven_opponent_panel,BASELINE,P01,508,first,loss,S12,508
seven_opponent_panel,BASELINE,P01,509,second,loss,S12,512
seven_opponent_panel,BASELINE,P01,510,first,loss,S12,513
seven_opponent_panel,BASELINE,P01,511,second,win,S12,511
seven_opponent_panel,BASELINE,P01,512,first,win,S12,515
seven_opponent_panel,BASELINE,P01,513,second,win,S12,514
seven_opponent_panel,BASELINE,P01,514,first,loss,S12,518
seven_opponent_panel,BASELINE,P01,515,second,loss,S12,516
seven_opponent_panel,BASELINE,P01,516,first,win,S12,517
seven_opponent_panel,BASELINE,P01,517,second,loss,S12,519
seven_opponent_panel,BASELINE,P01,518,first,loss,S12,521
seven_opponent_panel,BASELINE,P01,519,second,loss,S12,520
seven_opponent_panel,BASELINE,P01,520,first,loss,S12,525
seven_opponent_panel,BASELINE,P01,521,second,loss,S12,523
seven_opponent_panel,BASELINE,P01,522,first,win,S12,522
seven_opponent_panel,BASELINE,P01,523,second,loss,S12,524
seven_opponent_panel,BASELINE,P01,524,first,loss,S12,526
seven_opponent_panel,BASELINE,P01,525,second,win,S12,527
seven_opponent_panel,BASELINE,P01,526,first,win,S12,528
seven_opponent_panel,BASELINE,P01,527,second,loss,S12,530
seven_opponent_panel,BASELINE,P01,528,first,loss,S12,529
seven_opponent_panel,BASELINE,P01,529,second,loss,S12,531
seven_opponent_panel,BASELINE,P01,530,first,loss,S12,534
seven_opponent_panel,BASELINE,P01,531,second,win,S12,533
seven_opponent_panel,BASELINE,P01,532,first,loss,S12,532
seven_opponent_panel,BASELINE,P01,533,second,loss,S12,537
seven_opponent_panel,BASELINE,P01,534,first,loss,S12,535
seven_opponent_panel,BASELINE,P01,535,second,loss,S12,536
seven_opponent_panel,BASELINE,P01,536,first,loss,S12,538
seven_opponent_panel,BASELINE,P01,537,second,loss,S12,542
seven_opponent_panel,BASELINE,P01,538,first,loss,S12,539
seven_opponent_panel,BASELINE,P01,539,second,loss,S12,540
seven_opponent_panel,BASELINE,P01,540,first,loss,S12,541
seven_opponent_panel,BASELINE,P01,541,second,loss,S12,543
seven_opponent_panel,BASELINE,P01,542,first,loss,S12,544
seven_opponent_panel,BASELINE,P01,543,second,win,S12,545
seven_opponent_panel,BASELINE,P01,544,first,loss,S12,546
seven_opponent_panel,BASELINE,P01,545,second,win,S12,547
seven_opponent_panel,BASELINE,P01,546,first,win,S12,549
seven_opponent_panel,BASELINE,P01,547,second,loss,S12,548
seven_opponent_panel,BASELINE,P01,548,first,win,S12,550
seven_opponent_panel,BASELINE,P01,549,second,win,S12,552
seven_opponent_panel,BASELINE,P01,550,first,loss,S12,553
seven_opponent_panel,BASELINE,P01,551,second,win,S12,551
seven_opponent_panel,BASELINE,P01,552,first,loss,S12,554
seven_opponent_panel,BASELINE,P01,553,second,loss,S12,557
seven_opponent_panel,BASELINE,P01,554,first,loss,S12,555
seven_opponent_panel,BASELINE,P01,555,second,loss,S12,556
seven_opponent_panel,BASELINE,P01,556,first,win,S12,561
seven_opponent_panel,BASELINE,P01,557,second,loss,S12,558
seven_opponent_panel,BASELINE,P01,558,first,loss,S12,559
seven_opponent_panel,BASELINE,P01,559,second,win,S12,560
seven_opponent_panel,BASELINE,P01,560,first,loss,S12,566
seven_opponent_panel,BASELINE,P01,561,second,loss,S12,562
seven_opponent_panel,BASELINE,P01,562,first,win,S12,564
seven_opponent_panel,BASELINE,P01,563,second,win,S12,563
seven_opponent_panel,BASELINE,P01,564,first,win,S12,565
seven_opponent_panel,BASELINE,P01,565,second,loss,S12,567
seven_opponent_panel,BASELINE,P01,566,first,win,S12,568
seven_opponent_panel,BASELINE,P01,567,second,loss,S12,569
seven_opponent_panel,BASELINE,P01,568,first,loss,S12,570
seven_opponent_panel,BASELINE,P01,569,second,loss,S12,571
seven_opponent_panel,BASELINE,P01,570,first,loss,S12,572
seven_opponent_panel,BASELINE,P01,571,second,loss,S12,575
seven_opponent_panel,BASELINE,P01,572,first,win,S12,573
seven_opponent_panel,BASELINE,P01,573,second,loss,S12,574
seven_opponent_panel,BASELINE,P01,574,first,win,S12,577
seven_opponent_panel,BASELINE,P01,575,second,win,S12,576
seven_opponent_panel,BASELINE,P01,576,first,win,S12,579
seven_opponent_panel,BASELINE,P01,577,second,loss,S12,578
seven_opponent_panel,BASELINE,P01,578,first,loss,S12,580
seven_opponent_panel,BASELINE,P01,579,second,loss,S12,581
seven_opponent_panel,BASELINE,P01,580,first,win,S12,582
seven_opponent_panel,BASELINE,P01,581,second,loss,S12,583
seven_opponent_panel,BASELINE,P01,582,first,win,S12,585
seven_opponent_panel,BASELINE,P01,583,second,loss,S12,584
seven_opponent_panel,BASELINE,P01,584,first,win,S12,586
seven_opponent_panel,BASELINE,P01,585,second,loss,S12,588
seven_opponent_panel,BASELINE,P01,586,first,win,S12,587
seven_opponent_panel,BASELINE,P01,587,second,win,S12,591
seven_opponent_panel,BASELINE,P01,588,first,loss,S12,590
seven_opponent_panel,BASELINE,P01,589,second,loss,S12,589
seven_opponent_panel,BASELINE,P01,590,first,win,S12,592
seven_opponent_panel,BASELINE,P01,591,second,loss,S12,593
seven_opponent_panel,BASELINE,P01,592,first,win,S12,594
seven_opponent_panel,BASELINE,P01,593,second,loss,S12,597
seven_opponent_panel,BASELINE,P01,594,first,loss,S12,595
seven_opponent_panel,BASELINE,P01,595,second,loss,S12,596
seven_opponent_panel,BASELINE,P01,596,first,loss,S12,599
seven_opponent_panel,BASELINE,P01,597,second,loss,S12,600
seven_opponent_panel,BASELINE,P01,598,first,win,S12,598
seven_opponent_panel,BASELINE,P01,599,second,loss,S12,601
seven_opponent_panel,BASELINE,P02,0,first,loss,S12,1803
seven_opponent_panel,BASELINE,P02,1,second,loss,S12,1802
seven_opponent_panel,BASELINE,P02,2,first,loss,S12,1804
seven_opponent_panel,BASELINE,P02,3,second,loss,S12,1805
seven_opponent_panel,BASELINE,P02,4,first,loss,S12,1807
seven_opponent_panel,BASELINE,P02,5,second,loss,S12,1808
seven_opponent_panel,BASELINE,P02,6,first,win,S12,1806
seven_opponent_panel,BASELINE,P02,7,second,loss,S12,1809
seven_opponent_panel,BASELINE,P02,8,first,loss,S12,1810
seven_opponent_panel,BASELINE,P02,9,second,win,S12,1812
seven_opponent_panel,BASELINE,P02,10,first,loss,S12,1811
seven_opponent_panel,BASELINE,P02,11,second,loss,S12,1813
seven_opponent_panel,BASELINE,P02,12,first,loss,S12,1815
seven_opponent_panel,BASELINE,P02,13,second,loss,S12,1816
seven_opponent_panel,BASELINE,P02,14,first,loss,S12,1814
seven_opponent_panel,BASELINE,P02,15,second,win,S12,1817
seven_opponent_panel,BASELINE,P02,16,first,loss,S12,1818
seven_opponent_panel,BASELINE,P02,17,second,loss,S12,1821
seven_opponent_panel,BASELINE,P02,18,first,loss,S12,1819
seven_opponent_panel,BASELINE,P02,19,second,loss,S12,1820
seven_opponent_panel,BASELINE,P02,20,first,loss,S12,1823
seven_opponent_panel,BASELINE,P02,21,second,loss,S12,1824
seven_opponent_panel,BASELINE,P02,22,first,loss,S12,1822
seven_opponent_panel,BASELINE,P02,23,second,loss,S12,1833
seven_opponent_panel,BASELINE,P02,24,first,loss,S12,1825
seven_opponent_panel,BASELINE,P02,25,second,loss,S12,1828
seven_opponent_panel,BASELINE,P02,26,first,loss,S12,1826
seven_opponent_panel,BASELINE,P02,27,second,win,S12,1827
seven_opponent_panel,BASELINE,P02,28,first,loss,S12,1831
seven_opponent_panel,BASELINE,P02,29,second,win,S12,1829
seven_opponent_panel,BASELINE,P02,30,first,win,S12,1830
seven_opponent_panel,BASELINE,P02,31,second,loss,S12,1832
seven_opponent_panel,BASELINE,P02,32,first,loss,S12,1836
seven_opponent_panel,BASELINE,P02,33,second,win,S12,1834
seven_opponent_panel,BASELINE,P02,34,first,loss,S12,1835
seven_opponent_panel,BASELINE,P02,35,second,loss,S12,1837
seven_opponent_panel,BASELINE,P02,36,first,loss,S12,1838
seven_opponent_panel,BASELINE,P02,37,second,loss,S12,1839
seven_opponent_panel,BASELINE,P02,38,first,loss,S12,1842
seven_opponent_panel,BASELINE,P02,39,second,win,S12,1840
seven_opponent_panel,BASELINE,P02,40,first,loss,S12,1841
seven_opponent_panel,BASELINE,P02,41,second,win,S12,1843
seven_opponent_panel,BASELINE,P02,42,first,loss,S12,1845
seven_opponent_panel,BASELINE,P02,43,second,loss,S12,1844
seven_opponent_panel,BASELINE,P02,44,first,loss,S12,1846
seven_opponent_panel,BASELINE,P02,45,second,win,S12,1848
seven_opponent_panel,BASELINE,P02,46,first,loss,S12,1851
seven_opponent_panel,BASELINE,P02,47,second,win,S12,1847
seven_opponent_panel,BASELINE,P02,48,first,loss,S12,1855
seven_opponent_panel,BASELINE,P02,49,second,win,S12,1849
seven_opponent_panel,BASELINE,P02,50,first,loss,S12,1850
seven_opponent_panel,BASELINE,P02,51,second,loss,S12,1853
seven_opponent_panel,BASELINE,P02,52,first,win,S12,1852
seven_opponent_panel,BASELINE,P02,53,second,loss,S12,1854
seven_opponent_panel,BASELINE,P02,54,first,loss,S12,1856
seven_opponent_panel,BASELINE,P02,55,second,loss,S12,1857
seven_opponent_panel,BASELINE,P02,56,first,loss,S12,1858
seven_opponent_panel,BASELINE,P02,57,second,loss,S12,1859
seven_opponent_panel,BASELINE,P02,58,first,loss,S12,1862
seven_opponent_panel,BASELINE,P02,59,second,loss,S12,1861
seven_opponent_panel,BASELINE,P02,60,first,win,S12,1860
seven_opponent_panel,BASELINE,P02,61,second,loss,S12,1865
seven_opponent_panel,BASELINE,P02,62,first,loss,S12,1863
seven_opponent_panel,BASELINE,P02,63,second,loss,S12,1866
seven_opponent_panel,BASELINE,P02,64,first,win,S12,1864
seven_opponent_panel,BASELINE,P02,65,second,loss,S12,1867
seven_opponent_panel,BASELINE,P02,66,first,loss,S12,1870
seven_opponent_panel,BASELINE,P02,67,second,loss,S12,1869
seven_opponent_panel,BASELINE,P02,68,first,win,S12,1868
seven_opponent_panel,BASELINE,P02,69,second,loss,S12,1872
seven_opponent_panel,BASELINE,P02,70,first,win,S12,1871
seven_opponent_panel,BASELINE,P02,71,second,loss,S12,1875
seven_opponent_panel,BASELINE,P02,72,first,loss,S12,1873
seven_opponent_panel,BASELINE,P02,73,second,loss,S12,1874
seven_opponent_panel,BASELINE,P02,74,first,loss,S12,1876
seven_opponent_panel,BASELINE,P02,75,second,win,S12,1878
seven_opponent_panel,BASELINE,P02,76,first,win,S12,1879
seven_opponent_panel,BASELINE,P02,77,second,win,S12,1877
seven_opponent_panel,BASELINE,P02,78,first,loss,S12,1880
seven_opponent_panel,BASELINE,P02,79,second,loss,S12,1882
seven_opponent_panel,BASELINE,P02,80,first,loss,S12,1883
seven_opponent_panel,BASELINE,P02,81,second,loss,S12,1881
seven_opponent_panel,BASELINE,P02,82,first,loss,S12,1884
seven_opponent_panel,BASELINE,P02,83,second,loss,S12,1888
seven_opponent_panel,BASELINE,P02,84,first,loss,S12,1885
seven_opponent_panel,BASELINE,P02,85,second,loss,S12,1886
seven_opponent_panel,BASELINE,P02,86,first,loss,S12,1887
seven_opponent_panel,BASELINE,P02,87,second,loss,S12,1890
seven_opponent_panel,BASELINE,P02,88,first,loss,S12,1891
seven_opponent_panel,BASELINE,P02,89,second,win,S12,1889
seven_opponent_panel,BASELINE,P02,90,first,loss,S12,1894
seven_opponent_panel,BASELINE,P02,91,second,loss,S12,1892
seven_opponent_panel,BASELINE,P02,92,first,loss,S12,1893
seven_opponent_panel,BASELINE,P02,93,second,loss,S12,1895
seven_opponent_panel,BASELINE,P02,94,first,win,S12,1896
seven_opponent_panel,BASELINE,P02,95,second,loss,S12,1897
seven_opponent_panel,BASELINE,P02,96,first,loss,S12,1898
seven_opponent_panel,BASELINE,P02,97,second,loss,S12,1899
seven_opponent_panel,BASELINE,P02,98,first,loss,S12,1900
seven_opponent_panel,BASELINE,P02,99,second,loss,S12,1901
seven_opponent_panel,BASELINE,P02,100,first,loss,S12,1904
seven_opponent_panel,BASELINE,P02,101,second,win,S12,1902
seven_opponent_panel,BASELINE,P02,102,first,win,S12,1903
seven_opponent_panel,BASELINE,P02,103,second,loss,S12,1905
seven_opponent_panel,BASELINE,P02,104,first,loss,S12,1907
seven_opponent_panel,BASELINE,P02,105,second,loss,S12,1906
seven_opponent_panel,BASELINE,P02,106,first,loss,S12,1908
seven_opponent_panel,BASELINE,P02,107,second,loss,S12,1910
seven_opponent_panel,BASELINE,P02,108,first,win,S12,1909
seven_opponent_panel,BASELINE,P02,109,second,loss,S12,1912
seven_opponent_panel,BASELINE,P02,110,first,loss,S12,1911
seven_opponent_panel,BASELINE,P02,111,second,loss,S12,1914
seven_opponent_panel,BASELINE,P02,112,first,win,S12,1913
seven_opponent_panel,BASELINE,P02,113,second,loss,S12,1915
seven_opponent_panel,BASELINE,P02,114,first,loss,S12,1916
seven_opponent_panel,BASELINE,P02,115,second,loss,S12,1917
seven_opponent_panel,BASELINE,P02,116,first,loss,S12,1919
seven_opponent_panel,BASELINE,P02,117,second,loss,S12,1920
seven_opponent_panel,BASELINE,P02,118,first,win,S12,1918
seven_opponent_panel,BASELINE,P02,119,second,loss,S12,1921
seven_opponent_panel,BASELINE,P02,120,first,loss,S12,1923
seven_opponent_panel,BASELINE,P02,121,second,loss,S12,1922
seven_opponent_panel,BASELINE,P02,122,first,loss,S12,1926
seven_opponent_panel,BASELINE,P02,123,second,loss,S12,1925
seven_opponent_panel,BASELINE,P02,124,first,loss,S12,1924
seven_opponent_panel,BASELINE,P02,125,second,loss,S12,1929
seven_opponent_panel,BASELINE,P02,126,first,loss,S12,1928
seven_opponent_panel,BASELINE,P02,127,second,loss,S12,1927
seven_opponent_panel,BASELINE,P02,128,first,loss,S12,1930
seven_opponent_panel,BASELINE,P02,129,second,loss,S12,1932
seven_opponent_panel,BASELINE,P02,130,first,loss,S12,1931
seven_opponent_panel,BASELINE,P02,131,second,loss,S12,1933
seven_opponent_panel,BASELINE,P02,132,first,loss,S12,1935
seven_opponent_panel,BASELINE,P02,133,second,loss,S12,1934
seven_opponent_panel,BASELINE,P02,134,first,loss,S12,1937
seven_opponent_panel,BASELINE,P02,135,second,win,S12,1938
seven_opponent_panel,BASELINE,P02,136,first,win,S12,1936
seven_opponent_panel,BASELINE,P02,137,second,win,S12,1942
seven_opponent_panel,BASELINE,P02,138,first,loss,S12,1939
seven_opponent_panel,BASELINE,P02,139,second,loss,S12,1940
seven_opponent_panel,BASELINE,P02,140,first,loss,S12,1941
seven_opponent_panel,BASELINE,P02,141,second,loss,S12,1946
seven_opponent_panel,BASELINE,P02,142,first,loss,S12,1945
seven_opponent_panel,BASELINE,P02,143,second,win,S12,1943
seven_opponent_panel,BASELINE,P02,144,first,win,S12,1944
seven_opponent_panel,BASELINE,P02,145,second,loss,S12,1947
seven_opponent_panel,BASELINE,P02,146,first,loss,S12,1950
seven_opponent_panel,BASELINE,P02,147,second,win,S12,1949
seven_opponent_panel,BASELINE,P02,148,first,loss,S12,1948
seven_opponent_panel,BASELINE,P02,149,second,win,S12,1951
seven_opponent_panel,BASELINE,P02,150,first,loss,S12,1954
seven_opponent_panel,BASELINE,P02,151,second,loss,S12,1952
seven_opponent_panel,BASELINE,P02,152,first,loss,S12,1953
seven_opponent_panel,BASELINE,P02,153,second,win,S12,1955
seven_opponent_panel,BASELINE,P02,154,first,loss,S12,1956
seven_opponent_panel,BASELINE,P02,155,second,loss,S12,1957
seven_opponent_panel,BASELINE,P02,156,first,loss,S12,1959
seven_opponent_panel,BASELINE,P02,157,second,loss,S12,1958
seven_opponent_panel,BASELINE,P02,158,first,loss,S12,1960
seven_opponent_panel,BASELINE,P02,159,second,loss,S12,1962
seven_opponent_panel,BASELINE,P02,160,first,loss,S12,1963
seven_opponent_panel,BASELINE,P02,161,second,win,S12,1961
seven_opponent_panel,BASELINE,P02,162,first,loss,S12,1964
seven_opponent_panel,BASELINE,P02,163,second,loss,S12,1965
seven_opponent_panel,BASELINE,P02,164,first,loss,S12,1967
seven_opponent_panel,BASELINE,P02,165,second,loss,S12,1966
seven_opponent_panel,BASELINE,P02,166,first,loss,S12,1970
seven_opponent_panel,BASELINE,P02,167,second,loss,S12,1968
seven_opponent_panel,BASELINE,P02,168,first,loss,S12,1969
seven_opponent_panel,BASELINE,P02,169,second,loss,S12,1971
seven_opponent_panel,BASELINE,P02,170,first,loss,S12,1972
seven_opponent_panel,BASELINE,P02,171,second,loss,S12,1973
seven_opponent_panel,BASELINE,P02,172,first,loss,S12,1976
seven_opponent_panel,BASELINE,P02,173,second,loss,S12,1974
seven_opponent_panel,BASELINE,P02,174,first,win,S12,1975
seven_opponent_panel,BASELINE,P02,175,second,win,S12,1978
seven_opponent_panel,BASELINE,P02,176,first,loss,S12,1980
seven_opponent_panel,BASELINE,P02,177,second,win,S12,1977
seven_opponent_panel,BASELINE,P02,178,first,loss,S12,1979
seven_opponent_panel,BASELINE,P02,179,second,loss,S12,1981
seven_opponent_panel,BASELINE,P02,180,first,loss,S12,1983
seven_opponent_panel,BASELINE,P02,181,second,loss,S12,1982
seven_opponent_panel,BASELINE,P02,182,first,loss,S12,1986
seven_opponent_panel,BASELINE,P02,183,second,loss,S12,1984
seven_opponent_panel,BASELINE,P02,184,first,loss,S12,1985
seven_opponent_panel,BASELINE,P02,185,second,loss,S12,1991
seven_opponent_panel,BASELINE,P02,186,first,win,S12,1987
seven_opponent_panel,BASELINE,P02,187,second,loss,S12,1992
seven_opponent_panel,BASELINE,P02,188,first,win,S12,1988
seven_opponent_panel,BASELINE,P02,189,second,loss,S12,1989
seven_opponent_panel,BASELINE,P02,190,first,win,S12,1990
seven_opponent_panel,BASELINE,P02,191,second,loss,S12,1994
seven_opponent_panel,BASELINE,P02,192,first,loss,S12,1993
seven_opponent_panel,BASELINE,P02,193,second,loss,S12,1995
seven_opponent_panel,BASELINE,P02,194,first,loss,S12,1997
seven_opponent_panel,BASELINE,P02,195,second,loss,S12,1998
seven_opponent_panel,BASELINE,P02,196,first,loss,S12,1996
seven_opponent_panel,BASELINE,P02,197,second,loss,S12,1999
seven_opponent_panel,BASELINE,P02,198,first,loss,S12,2001
seven_opponent_panel,BASELINE,P02,199,second,loss,S12,2003
seven_opponent_panel,BASELINE,P02,200,first,loss,S12,2000
seven_opponent_panel,BASELINE,P02,201,second,win,S12,2002
seven_opponent_panel,BASELINE,P02,202,first,win,S12,2007
seven_opponent_panel,BASELINE,P02,203,second,win,S12,2004
seven_opponent_panel,BASELINE,P02,204,first,loss,S12,2006
seven_opponent_panel,BASELINE,P02,205,second,loss,S12,2005
seven_opponent_panel,BASELINE,P02,206,first,loss,S12,2010
seven_opponent_panel,BASELINE,P02,207,second,loss,S12,2009
seven_opponent_panel,BASELINE,P02,208,first,win,S12,2008
seven_opponent_panel,BASELINE,P02,209,second,loss,S12,2012
seven_opponent_panel,BASELINE,P02,210,first,loss,S12,2011
seven_opponent_panel,BASELINE,P02,211,second,loss,S12,2014
seven_opponent_panel,BASELINE,P02,212,first,loss,S12,2013
seven_opponent_panel,BASELINE,P02,213,second,loss,S12,2015
seven_opponent_panel,BASELINE,P02,214,first,loss,S12,2016
seven_opponent_panel,BASELINE,P02,215,second,loss,S12,2017
seven_opponent_panel,BASELINE,P02,216,first,win,S12,2018
seven_opponent_panel,BASELINE,P02,217,second,loss,S12,2019
seven_opponent_panel,BASELINE,P02,218,first,loss,S12,2020
seven_opponent_panel,BASELINE,P02,219,second,loss,S12,2022
seven_opponent_panel,BASELINE,P02,220,first,win,S12,2023
seven_opponent_panel,BASELINE,P02,221,second,win,S12,2021
seven_opponent_panel,BASELINE,P02,222,first,loss,S12,2025
seven_opponent_panel,BASELINE,P02,223,second,win,S12,2024
seven_opponent_panel,BASELINE,P02,224,first,loss,S12,2027
seven_opponent_panel,BASELINE,P02,225,second,loss,S12,2026
seven_opponent_panel,BASELINE,P02,226,first,loss,S12,2028
seven_opponent_panel,BASELINE,P02,227,second,loss,S12,2029
seven_opponent_panel,BASELINE,P02,228,first,loss,S12,2030
seven_opponent_panel,BASELINE,P02,229,second,loss,S12,2032
seven_opponent_panel,BASELINE,P02,230,first,loss,S12,2036
seven_opponent_panel,BASELINE,P02,231,second,win,S12,2031
seven_opponent_panel,BASELINE,P02,232,first,loss,S12,2035
seven_opponent_panel,BASELINE,P02,233,second,win,S12,2033
seven_opponent_panel,BASELINE,P02,234,first,loss,S12,2034
seven_opponent_panel,BASELINE,P02,235,second,loss,S12,2037
seven_opponent_panel,BASELINE,P02,236,first,loss,S12,2038
seven_opponent_panel,BASELINE,P02,237,second,loss,S12,2039
seven_opponent_panel,BASELINE,P02,238,first,loss,S12,2040
seven_opponent_panel,BASELINE,P02,239,second,loss,S12,2041
seven_opponent_panel,BASELINE,P02,240,first,loss,S12,2042
seven_opponent_panel,BASELINE,P02,241,second,loss,S12,2044
seven_opponent_panel,BASELINE,P02,242,first,loss,S12,2043
seven_opponent_panel,BASELINE,P02,243,second,loss,S12,2046
seven_opponent_panel,BASELINE,P02,244,first,win,S12,2045
seven_opponent_panel,BASELINE,P02,245,second,loss,S12,2047
seven_opponent_panel,BASELINE,P02,246,first,loss,S12,2049
seven_opponent_panel,BASELINE,P02,247,second,loss,S12,2048
seven_opponent_panel,BASELINE,P02,248,first,loss,S12,2050
seven_opponent_panel,BASELINE,P02,249,second,loss,S12,2051
seven_opponent_panel,BASELINE,P02,250,first,loss,S12,2053
seven_opponent_panel,BASELINE,P02,251,second,loss,S12,2052
seven_opponent_panel,BASELINE,P02,252,first,loss,S12,2054
seven_opponent_panel,BASELINE,P02,253,second,loss,S12,2056
seven_opponent_panel,BASELINE,P02,254,first,loss,S12,2055
seven_opponent_panel,BASELINE,P02,255,second,loss,S12,2057
seven_opponent_panel,BASELINE,P02,256,first,loss,S12,2058
seven_opponent_panel,BASELINE,P02,257,second,loss,S12,2060
seven_opponent_panel,BASELINE,P02,258,first,loss,S12,2059
seven_opponent_panel,BASELINE,P02,259,second,win,S12,2062
seven_opponent_panel,BASELINE,P02,260,first,loss,S12,2064
seven_opponent_panel,BASELINE,P02,261,second,win,S12,2061
seven_opponent_panel,BASELINE,P02,262,first,loss,S12,2063
seven_opponent_panel,BASELINE,P02,263,second,loss,S12,2065
seven_opponent_panel,BASELINE,P02,264,first,loss,S12,2067
seven_opponent_panel,BASELINE,P02,265,second,loss,S12,2066
seven_opponent_panel,BASELINE,P02,266,first,loss,S12,2068
seven_opponent_panel,BASELINE,P02,267,second,loss,S12,2069
seven_opponent_panel,BASELINE,P02,268,first,loss,S12,2071
seven_opponent_panel,BASELINE,P02,269,second,loss,S12,2070
seven_opponent_panel,BASELINE,P02,270,first,loss,S12,2072
seven_opponent_panel,BASELINE,P02,271,second,loss,S12,2073
seven_opponent_panel,BASELINE,P02,272,first,loss,S12,2074
seven_opponent_panel,BASELINE,P02,273,second,loss,S12,2075
seven_opponent_panel,BASELINE,P02,274,first,loss,S12,2076
seven_opponent_panel,BASELINE,P02,275,second,loss,S12,2078
seven_opponent_panel,BASELINE,P02,276,first,loss,S12,2079
seven_opponent_panel,BASELINE,P02,277,second,win,S12,2077
seven_opponent_panel,BASELINE,P02,278,first,loss,S12,2082
seven_opponent_panel,BASELINE,P02,279,second,loss,S12,2080
seven_opponent_panel,BASELINE,P02,280,first,loss,S12,2081
seven_opponent_panel,BASELINE,P02,281,second,loss,S12,2083
seven_opponent_panel,BASELINE,P02,282,first,loss,S12,2084
seven_opponent_panel,BASELINE,P02,283,second,loss,S12,2085
seven_opponent_panel,BASELINE,P02,284,first,loss,S12,2086
seven_opponent_panel,BASELINE,P02,285,second,win,S12,2087
seven_opponent_panel,BASELINE,P02,286,first,loss,S12,2089
seven_opponent_panel,BASELINE,P02,287,second,loss,S12,2088
seven_opponent_panel,BASELINE,P02,288,first,loss,S12,2090
seven_opponent_panel,BASELINE,P02,289,second,loss,S12,2091
seven_opponent_panel,BASELINE,P02,290,first,win,S12,2092
seven_opponent_panel,BASELINE,P02,291,second,loss,S12,2093
seven_opponent_panel,BASELINE,P02,292,first,win,S12,2094
seven_opponent_panel,BASELINE,P02,293,second,loss,S12,2098
seven_opponent_panel,BASELINE,P02,294,first,loss,S12,2096
seven_opponent_panel,BASELINE,P02,295,second,loss,S12,2095
seven_opponent_panel,BASELINE,P02,296,first,loss,S12,2097
seven_opponent_panel,BASELINE,P02,297,second,loss,S12,2102
seven_opponent_panel,BASELINE,P02,298,first,loss,S12,2099
seven_opponent_panel,BASELINE,P02,299,second,loss,S12,2101
seven_opponent_panel,BASELINE,P02,300,first,win,S12,2100
seven_opponent_panel,BASELINE,P02,301,second,loss,S12,2103
seven_opponent_panel,BASELINE,P02,302,first,loss,S12,2104
seven_opponent_panel,BASELINE,P02,303,second,loss,S12,2105
seven_opponent_panel,BASELINE,P02,304,first,loss,S12,2106
seven_opponent_panel,BASELINE,P02,305,second,loss,S12,2107
seven_opponent_panel,BASELINE,P02,306,first,loss,S12,2108
seven_opponent_panel,BASELINE,P02,307,second,loss,S12,2110
seven_opponent_panel,BASELINE,P02,308,first,loss,S12,2112
seven_opponent_panel,BASELINE,P02,309,second,win,S12,2109
seven_opponent_panel,BASELINE,P02,310,first,win,S12,2111
seven_opponent_panel,BASELINE,P02,311,second,win,S12,2113
seven_opponent_panel,BASELINE,P02,312,first,loss,S12,2114
seven_opponent_panel,BASELINE,P02,313,second,loss,S12,2116
seven_opponent_panel,BASELINE,P02,314,first,win,S12,2115
seven_opponent_panel,BASELINE,P02,315,second,loss,S12,2117
seven_opponent_panel,BASELINE,P02,316,first,loss,S12,2122
seven_opponent_panel,BASELINE,P02,317,second,loss,S12,2120
seven_opponent_panel,BASELINE,P02,318,first,loss,S12,2118
seven_opponent_panel,BASELINE,P02,319,second,win,S12,2119
seven_opponent_panel,BASELINE,P02,320,first,loss,S12,2126
seven_opponent_panel,BASELINE,P02,321,second,loss,S12,2121
seven_opponent_panel,BASELINE,P02,322,first,loss,S12,2123
seven_opponent_panel,BASELINE,P02,323,second,loss,S12,2124
seven_opponent_panel,BASELINE,P02,324,first,loss,S12,2125
seven_opponent_panel,BASELINE,P02,325,second,win,S12,2127
seven_opponent_panel,BASELINE,P02,326,first,loss,S12,2128
seven_opponent_panel,BASELINE,P02,327,second,loss,S12,2129
seven_opponent_panel,BASELINE,P02,328,first,loss,S12,2133
seven_opponent_panel,BASELINE,P02,329,second,loss,S12,2131
seven_opponent_panel,BASELINE,P02,330,first,win,S12,2130
seven_opponent_panel,BASELINE,P02,331,second,win,S12,2132
seven_opponent_panel,BASELINE,P02,332,first,loss,S12,2136
seven_opponent_panel,BASELINE,P02,333,second,win,S12,2134
seven_opponent_panel,BASELINE,P02,334,first,loss,S12,2135
seven_opponent_panel,BASELINE,P02,335,second,loss,S12,2137
seven_opponent_panel,BASELINE,P02,336,first,loss,S12,2138
seven_opponent_panel,BASELINE,P02,337,second,loss,S12,2139
seven_opponent_panel,BASELINE,P02,338,first,loss,S12,2140
seven_opponent_panel,BASELINE,P02,339,second,loss,S12,2141
seven_opponent_panel,BASELINE,P02,340,first,loss,S12,2142
seven_opponent_panel,BASELINE,P02,341,second,loss,S12,2144
seven_opponent_panel,BASELINE,P02,342,first,loss,S12,2143
seven_opponent_panel,BASELINE,P02,343,second,loss,S12,2145
seven_opponent_panel,BASELINE,P02,344,first,loss,S12,2146
seven_opponent_panel,BASELINE,P02,345,second,loss,S12,2147
seven_opponent_panel,BASELINE,P02,346,first,loss,S12,2150
seven_opponent_panel,BASELINE,P02,347,second,loss,S12,2148
seven_opponent_panel,BASELINE,P02,348,first,loss,S12,2149
seven_opponent_panel,BASELINE,P02,349,second,loss,S12,2152
seven_opponent_panel,BASELINE,P02,350,first,win,S12,2151
seven_opponent_panel,BASELINE,P02,351,second,loss,S12,2154
seven_opponent_panel,BASELINE,P02,352,first,loss,S12,2153
seven_opponent_panel,BASELINE,P02,353,second,loss,S12,2155
seven_opponent_panel,BASELINE,P02,354,first,loss,S12,2156
seven_opponent_panel,BASELINE,P02,355,second,loss,S12,2157
seven_opponent_panel,BASELINE,P02,356,first,loss,S12,2159
seven_opponent_panel,BASELINE,P02,357,second,loss,S12,2160
seven_opponent_panel,BASELINE,P02,358,first,win,S12,2158
seven_opponent_panel,BASELINE,P02,359,second,loss,S12,2161
seven_opponent_panel,BASELINE,P02,360,first,loss,S12,2162
seven_opponent_panel,BASELINE,P02,361,second,loss,S12,2165
seven_opponent_panel,BASELINE,P02,362,first,loss,S12,2164
seven_opponent_panel,BASELINE,P02,363,second,loss,S12,2163
seven_opponent_panel,BASELINE,P02,364,first,loss,S12,2167
seven_opponent_panel,BASELINE,P02,365,second,loss,S12,2168
seven_opponent_panel,BASELINE,P02,366,first,loss,S12,2166
seven_opponent_panel,BASELINE,P02,367,second,loss,S12,2169
seven_opponent_panel,BASELINE,P02,368,first,loss,S12,2171
seven_opponent_panel,BASELINE,P02,369,second,loss,S12,2170
seven_opponent_panel,BASELINE,P02,370,first,loss,S12,2173
seven_opponent_panel,BASELINE,P02,371,second,loss,S12,2174
seven_opponent_panel,BASELINE,P02,372,first,loss,S12,2172
seven_opponent_panel,BASELINE,P02,373,second,loss,S12,2175
seven_opponent_panel,BASELINE,P02,374,first,loss,S12,2176
seven_opponent_panel,BASELINE,P02,375,second,loss,S12,2179
seven_opponent_panel,BASELINE,P02,376,first,loss,S12,2178
seven_opponent_panel,BASELINE,P02,377,second,win,S12,2177
seven_opponent_panel,BASELINE,P02,378,first,loss,S12,2182
seven_opponent_panel,BASELINE,P02,379,second,loss,S12,2180
seven_opponent_panel,BASELINE,P02,380,first,loss,S12,2181
seven_opponent_panel,BASELINE,P02,381,second,loss,S12,2184
seven_opponent_panel,BASELINE,P02,382,first,loss,S12,2183
seven_opponent_panel,BASELINE,P02,383,second,loss,S12,2185
seven_opponent_panel,BASELINE,P02,384,first,loss,S12,2186
seven_opponent_panel,BASELINE,P02,385,second,loss,S12,2187
seven_opponent_panel,BASELINE,P02,386,first,loss,S12,2188
seven_opponent_panel,BASELINE,P02,387,second,loss,S12,2189
seven_opponent_panel,BASELINE,P02,388,first,loss,S12,2191
seven_opponent_panel,BASELINE,P02,389,second,loss,S12,2190
seven_opponent_panel,BASELINE,P02,390,first,loss,S12,2192
seven_opponent_panel,BASELINE,P02,391,second,loss,S12,2193
seven_opponent_panel,BASELINE,P02,392,first,loss,S12,2197
seven_opponent_panel,BASELINE,P02,393,second,loss,S12,2194
seven_opponent_panel,BASELINE,P02,394,first,loss,S12,2195
seven_opponent_panel,BASELINE,P02,395,second,win,S12,2196
seven_opponent_panel,BASELINE,P02,396,first,loss,S12,2198
seven_opponent_panel,BASELINE,P02,397,second,loss,S12,2201
seven_opponent_panel,BASELINE,P02,398,first,loss,S12,2199
seven_opponent_panel,BASELINE,P02,399,second,loss,S12,2202
seven_opponent_panel,BASELINE,P02,400,first,loss,S12,2200
seven_opponent_panel,BASELINE,P02,401,second,loss,S12,2204
seven_opponent_panel,BASELINE,P02,402,first,loss,S12,2203
seven_opponent_panel,BASELINE,P02,403,second,win,S12,2206
seven_opponent_panel,BASELINE,P02,404,first,loss,S12,2205
seven_opponent_panel,BASELINE,P02,405,second,loss,S12,2207
seven_opponent_panel,BASELINE,P02,406,first,win,S12,2208
seven_opponent_panel,BASELINE,P02,407,second,loss,S12,2211
seven_opponent_panel,BASELINE,P02,408,first,loss,S12,2212
seven_opponent_panel,BASELINE,P02,409,second,win,S12,2209
seven_opponent_panel,BASELINE,P02,410,first,loss,S12,2210
seven_opponent_panel,BASELINE,P02,411,second,win,S12,2213
seven_opponent_panel,BASELINE,P02,412,first,loss,S12,2214
seven_opponent_panel,BASELINE,P02,413,second,loss,S12,2215
seven_opponent_panel,BASELINE,P02,414,first,loss,S12,2216
seven_opponent_panel,BASELINE,P02,415,second,loss,S12,2217
seven_opponent_panel,BASELINE,P02,416,first,loss,S12,2218
seven_opponent_panel,BASELINE,P02,417,second,loss,S12,2220
seven_opponent_panel,BASELINE,P02,418,first,loss,S12,2221
seven_opponent_panel,BASELINE,P02,419,second,win,S12,2219
seven_opponent_panel,BASELINE,P02,420,first,loss,S12,2222
seven_opponent_panel,BASELINE,P02,421,second,loss,S12,2223
seven_opponent_panel,BASELINE,P02,422,first,win,S12,2225
seven_opponent_panel,BASELINE,P02,423,second,loss,S12,2227
seven_opponent_panel,BASELINE,P02,424,first,loss,S12,2224
seven_opponent_panel,BASELINE,P02,425,second,win,S12,2226
seven_opponent_panel,BASELINE,P02,426,first,loss,S12,2228
seven_opponent_panel,BASELINE,P02,427,second,loss,S12,2230
seven_opponent_panel,BASELINE,P02,428,first,loss,S12,2232
seven_opponent_panel,BASELINE,P02,429,second,win,S12,2229
seven_opponent_panel,BASELINE,P02,430,first,win,S12,2233
seven_opponent_panel,BASELINE,P02,431,second,loss,S12,2231
seven_opponent_panel,BASELINE,P02,432,first,loss,S12,2235
seven_opponent_panel,BASELINE,P02,433,second,loss,S12,2234
seven_opponent_panel,BASELINE,P02,434,first,win,S12,2236
seven_opponent_panel,BASELINE,P02,435,second,loss,S12,2237
seven_opponent_panel,BASELINE,P02,436,first,win,S12,2238
seven_opponent_panel,BASELINE,P02,437,second,loss,S12,2240
seven_opponent_panel,BASELINE,P02,438,first,loss,S12,2239
seven_opponent_panel,BASELINE,P02,439,second,win,S12,2242
seven_opponent_panel,BASELINE,P02,440,first,loss,S12,2243
seven_opponent_panel,BASELINE,P02,441,second,win,S12,2241
seven_opponent_panel,BASELINE,P02,442,first,loss,S12,2244
seven_opponent_panel,BASELINE,P02,443,second,win,S12,2245
seven_opponent_panel,BASELINE,P02,444,first,loss,S12,2247
seven_opponent_panel,BASELINE,P02,445,second,loss,S12,2246
seven_opponent_panel,BASELINE,P02,446,first,win,S12,2250
seven_opponent_panel,BASELINE,P02,447,second,loss,S12,2249
seven_opponent_panel,BASELINE,P02,448,first,loss,S12,2248
seven_opponent_panel,BASELINE,P02,449,second,win,S12,2251
seven_opponent_panel,BASELINE,P02,450,first,loss,S12,2253
seven_opponent_panel,BASELINE,P02,451,second,win,S12,2252
seven_opponent_panel,BASELINE,P02,452,first,win,S12,2254
seven_opponent_panel,BASELINE,P02,453,second,loss,S12,2257
seven_opponent_panel,BASELINE,P02,454,first,win,S12,2255
seven_opponent_panel,BASELINE,P02,455,second,win,S12,2258
seven_opponent_panel,BASELINE,P02,456,first,win,S12,2256
seven_opponent_panel,BASELINE,P02,457,second,loss,S12,2260
seven_opponent_panel,BASELINE,P02,458,first,loss,S12,2259
seven_opponent_panel,BASELINE,P02,459,second,loss,S12,2262
seven_opponent_panel,BASELINE,P02,460,first,loss,S12,2263
seven_opponent_panel,BASELINE,P02,461,second,loss,S12,2261
seven_opponent_panel,BASELINE,P02,462,first,loss,S12,2264
seven_opponent_panel,BASELINE,P02,463,second,loss,S12,2265
seven_opponent_panel,BASELINE,P02,464,first,loss,S12,2268
seven_opponent_panel,BASELINE,P02,465,second,loss,S12,2267
seven_opponent_panel,BASELINE,P02,466,first,loss,S12,2266
seven_opponent_panel,BASELINE,P02,467,second,loss,S12,2270
seven_opponent_panel,BASELINE,P02,468,first,loss,S12,2272
seven_opponent_panel,BASELINE,P02,469,second,win,S12,2269
seven_opponent_panel,BASELINE,P02,470,first,loss,S12,2271
seven_opponent_panel,BASELINE,P02,471,second,loss,S12,2275
seven_opponent_panel,BASELINE,P02,472,first,win,S12,2274
seven_opponent_panel,BASELINE,P02,473,second,win,S12,2273
seven_opponent_panel,BASELINE,P02,474,first,loss,S12,2276
seven_opponent_panel,BASELINE,P02,475,second,loss,S12,2277
seven_opponent_panel,BASELINE,P02,476,first,loss,S12,2278
seven_opponent_panel,BASELINE,P02,477,second,loss,S12,2279
seven_opponent_panel,BASELINE,P02,478,first,loss,S12,2282
seven_opponent_panel,BASELINE,P02,479,second,win,S12,2280
seven_opponent_panel,BASELINE,P02,480,first,win,S12,2281
seven_opponent_panel,BASELINE,P02,481,second,loss,S12,2283
seven_opponent_panel,BASELINE,P02,482,first,loss,S12,2285
seven_opponent_panel,BASELINE,P02,483,second,loss,S12,2284
seven_opponent_panel,BASELINE,P02,484,first,loss,S12,2288
seven_opponent_panel,BASELINE,P02,485,second,loss,S12,2286
seven_opponent_panel,BASELINE,P02,486,first,loss,S12,2287
seven_opponent_panel,BASELINE,P02,487,second,loss,S12,2289
seven_opponent_panel,BASELINE,P02,488,first,loss,S12,2292
seven_opponent_panel,BASELINE,P02,489,second,loss,S12,2290
seven_opponent_panel,BASELINE,P02,490,first,loss,S12,2291
seven_opponent_panel,BASELINE,P02,491,second,win,S12,2293
seven_opponent_panel,BASELINE,P02,492,first,loss,S12,2294
seven_opponent_panel,BASELINE,P02,493,second,loss,S12,2299
seven_opponent_panel,BASELINE,P02,494,first,loss,S12,2298
seven_opponent_panel,BASELINE,P02,495,second,loss,S12,2295
seven_opponent_panel,BASELINE,P02,496,first,win,S12,2296
seven_opponent_panel,BASELINE,P02,497,second,loss,S12,2297
seven_opponent_panel,BASELINE,P02,498,first,win,S12,2300
seven_opponent_panel,BASELINE,P02,499,second,win,S12,2303
seven_opponent_panel,BASELINE,P02,500,first,loss,S12,2301
seven_opponent_panel,BASELINE,P02,501,second,loss,S12,2302
seven_opponent_panel,BASELINE,P02,502,first,loss,S12,2304
seven_opponent_panel,BASELINE,P02,503,second,win,S12,2306
seven_opponent_panel,BASELINE,P02,504,first,win,S12,2305
seven_opponent_panel,BASELINE,P02,505,second,loss,S12,2309
seven_opponent_panel,BASELINE,P02,506,first,win,S12,2307
seven_opponent_panel,BASELINE,P02,507,second,loss,S12,2308
seven_opponent_panel,BASELINE,P02,508,first,win,S12,2311
seven_opponent_panel,BASELINE,P02,509,second,loss,S12,2310
seven_opponent_panel,BASELINE,P02,510,first,loss,S12,2312
seven_opponent_panel,BASELINE,P02,511,second,loss,S12,2313
seven_opponent_panel,BASELINE,P02,512,first,loss,S12,2315
seven_opponent_panel,BASELINE,P02,513,second,loss,S12,2316
seven_opponent_panel,BASELINE,P02,514,first,win,S12,2314
seven_opponent_panel,BASELINE,P02,515,second,loss,S12,2318
seven_opponent_panel,BASELINE,P02,516,first,loss,S12,2317
seven_opponent_panel,BASELINE,P02,517,second,loss,S12,2319
seven_opponent_panel,BASELINE,P02,518,first,loss,S12,2320
seven_opponent_panel,BASELINE,P02,519,second,loss,S12,2323
seven_opponent_panel,BASELINE,P02,520,first,loss,S12,2321
seven_opponent_panel,BASELINE,P02,521,second,loss,S12,2322
seven_opponent_panel,BASELINE,P02,522,first,loss,S12,2326
seven_opponent_panel,BASELINE,P02,523,second,loss,S12,2325
seven_opponent_panel,BASELINE,P02,524,first,loss,S12,2324
seven_opponent_panel,BASELINE,P02,525,second,loss,S12,2328
seven_opponent_panel,BASELINE,P02,526,first,loss,S12,2327
seven_opponent_panel,BASELINE,P02,527,second,loss,S12,2329
seven_opponent_panel,BASELINE,P02,528,first,loss,S12,2331
seven_opponent_panel,BASELINE,P02,529,second,loss,S12,2330
seven_opponent_panel,BASELINE,P02,530,first,loss,S12,2332
seven_opponent_panel,BASELINE,P02,531,second,loss,S12,2333
seven_opponent_panel,BASELINE,P02,532,first,loss,S12,2334
seven_opponent_panel,BASELINE,P02,533,second,loss,S12,2336
seven_opponent_panel,BASELINE,P02,534,first,win,S12,2335
seven_opponent_panel,BASELINE,P02,535,second,loss,S12,2339
seven_opponent_panel,BASELINE,P02,536,first,loss,S12,2337
seven_opponent_panel,BASELINE,P02,537,second,loss,S12,2340
seven_opponent_panel,BASELINE,P02,538,first,loss,S12,2338
seven_opponent_panel,BASELINE,P02,539,second,loss,S12,2341
seven_opponent_panel,BASELINE,P02,540,first,loss,S12,2342
seven_opponent_panel,BASELINE,P02,541,second,loss,S12,2343
seven_opponent_panel,BASELINE,P02,542,first,loss,S12,2346
seven_opponent_panel,BASELINE,P02,543,second,loss,S12,2344
seven_opponent_panel,BASELINE,P02,544,first,loss,S12,2345
seven_opponent_panel,BASELINE,P02,545,second,loss,S12,2351
seven_opponent_panel,BASELINE,P02,546,first,loss,S12,2350
seven_opponent_panel,BASELINE,P02,547,second,win,S12,2347
seven_opponent_panel,BASELINE,P02,548,first,loss,S12,2348
seven_opponent_panel,BASELINE,P02,549,second,win,S12,2349
seven_opponent_panel,BASELINE,P02,550,first,loss,S12,2354
seven_opponent_panel,BASELINE,P02,551,second,loss,S12,2353
seven_opponent_panel,BASELINE,P02,552,first,win,S12,2352
seven_opponent_panel,BASELINE,P02,553,second,win,S12,2356
seven_opponent_panel,BASELINE,P02,554,first,loss,S12,2355
seven_opponent_panel,BASELINE,P02,555,second,loss,S12,2357
seven_opponent_panel,BASELINE,P02,556,first,win,S12,2358
seven_opponent_panel,BASELINE,P02,557,second,loss,S12,2359
seven_opponent_panel,BASELINE,P02,558,first,loss,S12,2360
seven_opponent_panel,BASELINE,P02,559,second,loss,S12,2363
seven_opponent_panel,BASELINE,P02,560,first,loss,S12,2362
seven_opponent_panel,BASELINE,P02,561,second,loss,S12,2361
seven_opponent_panel,BASELINE,P02,562,first,loss,S12,2365
seven_opponent_panel,BASELINE,P02,563,second,win,S12,2364
seven_opponent_panel,BASELINE,P02,564,first,loss,S12,2366
seven_opponent_panel,BASELINE,P02,565,second,loss,S12,2367
seven_opponent_panel,BASELINE,P02,566,first,loss,S12,2368
seven_opponent_panel,BASELINE,P02,567,second,loss,S12,2369
seven_opponent_panel,BASELINE,P02,568,first,loss,S12,2370
seven_opponent_panel,BASELINE,P02,569,second,win,S12,2371
seven_opponent_panel,BASELINE,P02,570,first,win,S12,2373
seven_opponent_panel,BASELINE,P02,571,second,loss,S12,2372
seven_opponent_panel,BASELINE,P02,572,first,loss,S12,2374
seven_opponent_panel,BASELINE,P02,573,second,loss,S12,2376
seven_opponent_panel,BASELINE,P02,574,first,win,S12,2375
seven_opponent_panel,BASELINE,P02,575,second,win,S12,2377
seven_opponent_panel,BASELINE,P02,576,first,loss,S12,2378
seven_opponent_panel,BASELINE,P02,577,second,loss,S12,2380
seven_opponent_panel,BASELINE,P02,578,first,win,S12,2379
seven_opponent_panel,BASELINE,P02,579,second,loss,S12,2383
seven_opponent_panel,BASELINE,P02,580,first,loss,S12,2381
seven_opponent_panel,BASELINE,P02,581,second,win,S12,2382
seven_opponent_panel,BASELINE,P02,582,first,loss,S12,2384
seven_opponent_panel,BASELINE,P02,583,second,loss,S12,2385
seven_opponent_panel,BASELINE,P02,584,first,loss,S12,2386
seven_opponent_panel,BASELINE,P02,585,second,loss,S12,2388
seven_opponent_panel,BASELINE,P02,586,first,loss,S12,2389
seven_opponent_panel,BASELINE,P02,587,second,win,S12,2387
seven_opponent_panel,BASELINE,P02,588,first,loss,S12,2391
seven_opponent_panel,BASELINE,P02,589,second,win,S12,2390
seven_opponent_panel,BASELINE,P02,590,first,loss,S12,2392
seven_opponent_panel,BASELINE,P02,591,second,win,S12,2393
seven_opponent_panel,BASELINE,P02,592,first,loss,S12,2394
seven_opponent_panel,BASELINE,P02,593,second,loss,S12,2397
seven_opponent_panel,BASELINE,P02,594,first,loss,S12,2395
seven_opponent_panel,BASELINE,P02,595,second,loss,S12,2396
seven_opponent_panel,BASELINE,P02,596,first,loss,S12,2399
seven_opponent_panel,BASELINE,P02,597,second,loss,S12,2403
seven_opponent_panel,BASELINE,P02,598,first,loss,S12,2398
seven_opponent_panel,BASELINE,P02,599,second,loss,S12,2409
seven_opponent_panel,BASELINE,P03,0,first,loss,S12,2400
seven_opponent_panel,BASELINE,P03,1,second,loss,S12,2401
seven_opponent_panel,BASELINE,P03,2,first,loss,S12,2402
seven_opponent_panel,BASELINE,P03,3,second,win,S12,2404
seven_opponent_panel,BASELINE,P03,4,first,win,S12,2405
seven_opponent_panel,BASELINE,P03,5,second,loss,S12,2406
seven_opponent_panel,BASELINE,P03,6,first,loss,S12,2407
seven_opponent_panel,BASELINE,P03,7,second,win,S12,2408
seven_opponent_panel,BASELINE,P03,8,first,loss,S12,2410
seven_opponent_panel,BASELINE,P03,9,second,loss,S12,2411
seven_opponent_panel,BASELINE,P03,10,first,loss,S12,2412
seven_opponent_panel,BASELINE,P03,11,second,win,S12,2413
seven_opponent_panel,BASELINE,P03,12,first,win,S12,2414
seven_opponent_panel,BASELINE,P03,13,second,loss,S12,2415
seven_opponent_panel,BASELINE,P03,14,first,loss,S12,2416
seven_opponent_panel,BASELINE,P03,15,second,loss,S12,2417
seven_opponent_panel,BASELINE,P03,16,first,loss,S12,2418
seven_opponent_panel,BASELINE,P03,17,second,win,S12,2419
seven_opponent_panel,BASELINE,P03,18,first,loss,S12,2420
seven_opponent_panel,BASELINE,P03,19,second,loss,S12,2421
seven_opponent_panel,BASELINE,P03,20,first,loss,S12,2422
seven_opponent_panel,BASELINE,P03,21,second,win,S12,2423
seven_opponent_panel,BASELINE,P03,22,first,win,S12,2425
seven_opponent_panel,BASELINE,P03,23,second,loss,S12,2424
seven_opponent_panel,BASELINE,P03,24,first,loss,S12,2426
seven_opponent_panel,BASELINE,P03,25,second,loss,S12,2429
seven_opponent_panel,BASELINE,P03,26,first,win,S12,2427
seven_opponent_panel,BASELINE,P03,27,second,win,S12,2428
seven_opponent_panel,BASELINE,P03,28,first,win,S12,2430
seven_opponent_panel,BASELINE,P03,29,second,win,S12,2432
seven_opponent_panel,BASELINE,P03,30,first,loss,S12,2431
seven_opponent_panel,BASELINE,P03,31,second,win,S12,2433
seven_opponent_panel,BASELINE,P03,32,first,win,S12,2434
seven_opponent_panel,BASELINE,P03,33,second,win,S12,2435
seven_opponent_panel,BASELINE,P03,34,first,loss,S12,2436
seven_opponent_panel,BASELINE,P03,35,second,win,S12,2437
seven_opponent_panel,BASELINE,P03,36,first,loss,S12,2438
seven_opponent_panel,BASELINE,P03,37,second,win,S12,2439
seven_opponent_panel,BASELINE,P03,38,first,loss,S12,2441
seven_opponent_panel,BASELINE,P03,39,second,loss,S12,2440
seven_opponent_panel,BASELINE,P03,40,first,win,S12,2442
seven_opponent_panel,BASELINE,P03,41,second,win,S12,2443
seven_opponent_panel,BASELINE,P03,42,first,loss,S12,2444
seven_opponent_panel,BASELINE,P03,43,second,loss,S12,2445
seven_opponent_panel,BASELINE,P03,44,first,loss,S12,2446
seven_opponent_panel,BASELINE,P03,45,second,loss,S12,2447
seven_opponent_panel,BASELINE,P03,46,first,loss,S12,2448
seven_opponent_panel,BASELINE,P03,47,second,loss,S12,2449
seven_opponent_panel,BASELINE,P03,48,first,win,S12,2450
seven_opponent_panel,BASELINE,P03,49,second,loss,S12,2451
seven_opponent_panel,BASELINE,P03,50,first,loss,S12,2452
seven_opponent_panel,BASELINE,P03,51,second,win,S12,2453
seven_opponent_panel,BASELINE,P03,52,first,loss,S12,2454
seven_opponent_panel,BASELINE,P03,53,second,win,S12,2456
seven_opponent_panel,BASELINE,P03,54,first,win,S12,2455
seven_opponent_panel,BASELINE,P03,55,second,loss,S12,2458
seven_opponent_panel,BASELINE,P03,56,first,loss,S12,2457
seven_opponent_panel,BASELINE,P03,57,second,win,S12,2459
seven_opponent_panel,BASELINE,P03,58,first,loss,S12,2460
seven_opponent_panel,BASELINE,P03,59,second,win,S12,2461
seven_opponent_panel,BASELINE,P03,60,first,loss,S12,2462
seven_opponent_panel,BASELINE,P03,61,second,win,S12,2463
seven_opponent_panel,BASELINE,P03,62,first,loss,S12,2464
seven_opponent_panel,BASELINE,P03,63,second,loss,S12,2465
seven_opponent_panel,BASELINE,P03,64,first,loss,S12,2466
seven_opponent_panel,BASELINE,P03,65,second,win,S12,2467
seven_opponent_panel,BASELINE,P03,66,first,loss,S12,2468
seven_opponent_panel,BASELINE,P03,67,second,loss,S12,2469
seven_opponent_panel,BASELINE,P03,68,first,loss,S12,2470
seven_opponent_panel,BASELINE,P03,69,second,loss,S12,2471
seven_opponent_panel,BASELINE,P03,70,first,loss,S12,2472
seven_opponent_panel,BASELINE,P03,71,second,win,S12,2473
seven_opponent_panel,BASELINE,P03,72,first,loss,S12,2474
seven_opponent_panel,BASELINE,P03,73,second,loss,S12,2475
seven_opponent_panel,BASELINE,P03,74,first,loss,S12,2476
seven_opponent_panel,BASELINE,P03,75,second,loss,S12,2477
seven_opponent_panel,BASELINE,P03,76,first,loss,S12,2479
seven_opponent_panel,BASELINE,P03,77,second,loss,S12,2478
seven_opponent_panel,BASELINE,P03,78,first,win,S12,2480
seven_opponent_panel,BASELINE,P03,79,second,loss,S12,2481
seven_opponent_panel,BASELINE,P03,80,first,loss,S12,2482
seven_opponent_panel,BASELINE,P03,81,second,win,S12,2483
seven_opponent_panel,BASELINE,P03,82,first,win,S12,2484
seven_opponent_panel,BASELINE,P03,83,second,loss,S12,2486
seven_opponent_panel,BASELINE,P03,84,first,win,S12,2485
seven_opponent_panel,BASELINE,P03,85,second,loss,S12,2487
seven_opponent_panel,BASELINE,P03,86,first,loss,S12,2489
seven_opponent_panel,BASELINE,P03,87,second,win,S12,2488
seven_opponent_panel,BASELINE,P03,88,first,win,S12,2490
seven_opponent_panel,BASELINE,P03,89,second,win,S12,2492
seven_opponent_panel,BASELINE,P03,90,first,loss,S12,2491
seven_opponent_panel,BASELINE,P03,91,second,loss,S12,2493
seven_opponent_panel,BASELINE,P03,92,first,win,S12,2495
seven_opponent_panel,BASELINE,P03,93,second,loss,S12,2494
seven_opponent_panel,BASELINE,P03,94,first,loss,S12,2496
seven_opponent_panel,BASELINE,P03,95,second,loss,S12,2498
seven_opponent_panel,BASELINE,P03,96,first,loss,S12,2497
seven_opponent_panel,BASELINE,P03,97,second,loss,S12,2499
seven_opponent_panel,BASELINE,P03,98,first,loss,S12,2501
seven_opponent_panel,BASELINE,P03,99,second,win,S12,2500
seven_opponent_panel,BASELINE,P03,100,first,loss,S12,2503
seven_opponent_panel,BASELINE,P03,101,second,loss,S12,2504
seven_opponent_panel,BASELINE,P03,102,first,win,S12,2502
seven_opponent_panel,BASELINE,P03,103,second,win,S12,2505
seven_opponent_panel,BASELINE,P03,104,first,loss,S12,2507
seven_opponent_panel,BASELINE,P03,105,second,win,S12,2506
seven_opponent_panel,BASELINE,P03,106,first,loss,S12,2509
seven_opponent_panel,BASELINE,P03,107,second,loss,S12,2508
seven_opponent_panel,BASELINE,P03,108,first,win,S12,2510
seven_opponent_panel,BASELINE,P03,109,second,win,S12,2512
seven_opponent_panel,BASELINE,P03,110,first,win,S12,2511
seven_opponent_panel,BASELINE,P03,111,second,loss,S12,2513
seven_opponent_panel,BASELINE,P03,112,first,loss,S12,2515
seven_opponent_panel,BASELINE,P03,113,second,loss,S12,2514
seven_opponent_panel,BASELINE,P03,114,first,loss,S12,2516
seven_opponent_panel,BASELINE,P03,115,second,win,S12,2517
seven_opponent_panel,BASELINE,P03,116,first,loss,S12,2518
seven_opponent_panel,BASELINE,P03,117,second,loss,S12,2519
seven_opponent_panel,BASELINE,P03,118,first,win,S12,2520
seven_opponent_panel,BASELINE,P03,119,second,loss,S12,2521
seven_opponent_panel,BASELINE,P03,120,first,loss,S12,2522
seven_opponent_panel,BASELINE,P03,121,second,loss,S12,2524
seven_opponent_panel,BASELINE,P03,122,first,win,S12,2523
seven_opponent_panel,BASELINE,P03,123,second,loss,S12,2525
seven_opponent_panel,BASELINE,P03,124,first,loss,S12,2526
seven_opponent_panel,BASELINE,P03,125,second,loss,S12,2527
seven_opponent_panel,BASELINE,P03,126,first,loss,S12,2528
seven_opponent_panel,BASELINE,P03,127,second,win,S12,2529
seven_opponent_panel,BASELINE,P03,128,first,loss,S12,2530
seven_opponent_panel,BASELINE,P03,129,second,win,S12,2531
seven_opponent_panel,BASELINE,P03,130,first,loss,S12,2532
seven_opponent_panel,BASELINE,P03,131,second,loss,S12,2533
seven_opponent_panel,BASELINE,P03,132,first,win,S12,2534
seven_opponent_panel,BASELINE,P03,133,second,win,S12,2535
seven_opponent_panel,BASELINE,P03,134,first,win,S12,2536
seven_opponent_panel,BASELINE,P03,135,second,loss,S12,2537
seven_opponent_panel,BASELINE,P03,136,first,win,S12,2538
seven_opponent_panel,BASELINE,P03,137,second,loss,S12,2539
seven_opponent_panel,BASELINE,P03,138,first,win,S12,2540
seven_opponent_panel,BASELINE,P03,139,second,loss,S12,2541
seven_opponent_panel,BASELINE,P03,140,first,loss,S12,2542
seven_opponent_panel,BASELINE,P03,141,second,loss,S12,2543
seven_opponent_panel,BASELINE,P03,142,first,win,S12,2544
seven_opponent_panel,BASELINE,P03,143,second,loss,S12,2545
seven_opponent_panel,BASELINE,P03,144,first,loss,S12,2546
seven_opponent_panel,BASELINE,P03,145,second,win,S12,2547
seven_opponent_panel,BASELINE,P03,146,first,win,S12,2548
seven_opponent_panel,BASELINE,P03,147,second,win,S12,2549
seven_opponent_panel,BASELINE,P03,148,first,loss,S12,2550
seven_opponent_panel,BASELINE,P03,149,second,win,S12,2551
seven_opponent_panel,BASELINE,P03,150,first,loss,S12,2552
seven_opponent_panel,BASELINE,P03,151,second,loss,S12,2553
seven_opponent_panel,BASELINE,P03,152,first,loss,S12,2554
seven_opponent_panel,BASELINE,P03,153,second,loss,S12,2555
seven_opponent_panel,BASELINE,P03,154,first,loss,S12,2556
seven_opponent_panel,BASELINE,P03,155,second,win,S12,2557
seven_opponent_panel,BASELINE,P03,156,first,loss,S12,2558
seven_opponent_panel,BASELINE,P03,157,second,win,S12,2559
seven_opponent_panel,BASELINE,P03,158,first,loss,S12,2560
seven_opponent_panel,BASELINE,P03,159,second,loss,S12,2561
seven_opponent_panel,BASELINE,P03,160,first,loss,S12,2562
seven_opponent_panel,BASELINE,P03,161,second,win,S12,2563
seven_opponent_panel,BASELINE,P03,162,first,loss,S12,2564
seven_opponent_panel,BASELINE,P03,163,second,loss,S12,2565
seven_opponent_panel,BASELINE,P03,164,first,loss,S12,2566
seven_opponent_panel,BASELINE,P03,165,second,loss,S12,2567
seven_opponent_panel,BASELINE,P03,166,first,loss,S12,2568
seven_opponent_panel,BASELINE,P03,167,second,loss,S12,2569
seven_opponent_panel,BASELINE,P03,168,first,win,S12,2570
seven_opponent_panel,BASELINE,P03,169,second,win,S12,2571
seven_opponent_panel,BASELINE,P03,170,first,loss,S12,2572
seven_opponent_panel,BASELINE,P03,171,second,loss,S12,2573
seven_opponent_panel,BASELINE,P03,172,first,win,S12,2574
seven_opponent_panel,BASELINE,P03,173,second,loss,S12,2575
seven_opponent_panel,BASELINE,P03,174,first,loss,S12,2576
seven_opponent_panel,BASELINE,P03,175,second,loss,S12,2577
seven_opponent_panel,BASELINE,P03,176,first,win,S12,2578
seven_opponent_panel,BASELINE,P03,177,second,loss,S12,2579
seven_opponent_panel,BASELINE,P03,178,first,loss,S12,2580
seven_opponent_panel,BASELINE,P03,179,second,loss,S12,2581
seven_opponent_panel,BASELINE,P03,180,first,loss,S12,2582
seven_opponent_panel,BASELINE,P03,181,second,win,S12,2583
seven_opponent_panel,BASELINE,P03,182,first,loss,S12,2584
seven_opponent_panel,BASELINE,P03,183,second,loss,S12,2585
seven_opponent_panel,BASELINE,P03,184,first,loss,S12,2586
seven_opponent_panel,BASELINE,P03,185,second,loss,S12,2587
seven_opponent_panel,BASELINE,P03,186,first,loss,S12,2588
seven_opponent_panel,BASELINE,P03,187,second,loss,S12,2590
seven_opponent_panel,BASELINE,P03,188,first,loss,S12,2589
seven_opponent_panel,BASELINE,P03,189,second,loss,S12,2591
seven_opponent_panel,BASELINE,P03,190,first,win,S12,2592
seven_opponent_panel,BASELINE,P03,191,second,loss,S12,2593
seven_opponent_panel,BASELINE,P03,192,first,loss,S12,2594
seven_opponent_panel,BASELINE,P03,193,second,loss,S12,2596
seven_opponent_panel,BASELINE,P03,194,first,loss,S12,2595
seven_opponent_panel,BASELINE,P03,195,second,loss,S12,2597
seven_opponent_panel,BASELINE,P03,196,first,loss,S12,2598
seven_opponent_panel,BASELINE,P03,197,second,win,S12,2599
seven_opponent_panel,BASELINE,P03,198,first,win,S12,2600
seven_opponent_panel,BASELINE,P03,199,second,loss,S12,2601
seven_opponent_panel,BASELINE,P03,200,first,loss,S12,2602
seven_opponent_panel,BASELINE,P03,201,second,loss,S12,2603
seven_opponent_panel,BASELINE,P03,202,first,loss,S12,2604
seven_opponent_panel,BASELINE,P03,203,second,win,S12,2605
seven_opponent_panel,BASELINE,P03,204,first,loss,S12,2606
seven_opponent_panel,BASELINE,P03,205,second,loss,S12,2607
seven_opponent_panel,BASELINE,P03,206,first,loss,S12,2608
seven_opponent_panel,BASELINE,P03,207,second,loss,S12,2609
seven_opponent_panel,BASELINE,P03,208,first,loss,S12,2610
seven_opponent_panel,BASELINE,P03,209,second,loss,S12,2611
seven_opponent_panel,BASELINE,P03,210,first,loss,S12,2612
seven_opponent_panel,BASELINE,P03,211,second,loss,S12,2614
seven_opponent_panel,BASELINE,P03,212,first,loss,S12,2613
seven_opponent_panel,BASELINE,P03,213,second,loss,S12,2615
seven_opponent_panel,BASELINE,P03,214,first,win,S12,2616
seven_opponent_panel,BASELINE,P03,215,second,loss,S12,2617
seven_opponent_panel,BASELINE,P03,216,first,win,S12,2618
seven_opponent_panel,BASELINE,P03,217,second,loss,S12,2619
seven_opponent_panel,BASELINE,P03,218,first,loss,S12,2620
seven_opponent_panel,BASELINE,P03,219,second,win,S12,2621
seven_opponent_panel,BASELINE,P03,220,first,win,S12,2622
seven_opponent_panel,BASELINE,P03,221,second,loss,S12,2623
seven_opponent_panel,BASELINE,P03,222,first,loss,S12,2624
seven_opponent_panel,BASELINE,P03,223,second,loss,S12,2625
seven_opponent_panel,BASELINE,P03,224,first,loss,S12,2626
seven_opponent_panel,BASELINE,P03,225,second,win,S12,2627
seven_opponent_panel,BASELINE,P03,226,first,loss,S12,2628
seven_opponent_panel,BASELINE,P03,227,second,win,S12,2629
seven_opponent_panel,BASELINE,P03,228,first,win,S12,2630
seven_opponent_panel,BASELINE,P03,229,second,loss,S12,2631
seven_opponent_panel,BASELINE,P03,230,first,win,S12,2632
seven_opponent_panel,BASELINE,P03,231,second,loss,S12,2633
seven_opponent_panel,BASELINE,P03,232,first,loss,S12,2634
seven_opponent_panel,BASELINE,P03,233,second,win,S12,2635
seven_opponent_panel,BASELINE,P03,234,first,loss,S12,2636
seven_opponent_panel,BASELINE,P03,235,second,loss,S12,2637
seven_opponent_panel,BASELINE,P03,236,first,win,S12,2638
seven_opponent_panel,BASELINE,P03,237,second,loss,S12,2639
seven_opponent_panel,BASELINE,P03,238,first,win,S12,2640
seven_opponent_panel,BASELINE,P03,239,second,loss,S12,2641
seven_opponent_panel,BASELINE,P03,240,first,win,S12,2642
seven_opponent_panel,BASELINE,P03,241,second,loss,S12,2643
seven_opponent_panel,BASELINE,P03,242,first,loss,S12,2644
seven_opponent_panel,BASELINE,P03,243,second,loss,S12,2645
seven_opponent_panel,BASELINE,P03,244,first,loss,S12,2646
seven_opponent_panel,BASELINE,P03,245,second,win,S12,2647
seven_opponent_panel,BASELINE,P03,246,first,loss,S12,2648
seven_opponent_panel,BASELINE,P03,247,second,win,S12,2649
seven_opponent_panel,BASELINE,P03,248,first,loss,S12,2650
seven_opponent_panel,BASELINE,P03,249,second,loss,S12,2651
seven_opponent_panel,BASELINE,P03,250,first,loss,S12,2652
seven_opponent_panel,BASELINE,P03,251,second,loss,S12,2653
seven_opponent_panel,BASELINE,P03,252,first,win,S12,2654
seven_opponent_panel,BASELINE,P03,253,second,win,S12,2655
seven_opponent_panel,BASELINE,P03,254,first,win,S12,2656
seven_opponent_panel,BASELINE,P03,255,second,win,S12,2657
seven_opponent_panel,BASELINE,P03,256,first,win,S12,2658
seven_opponent_panel,BASELINE,P03,257,second,loss,S12,2659
seven_opponent_panel,BASELINE,P03,258,first,loss,S12,2660
seven_opponent_panel,BASELINE,P03,259,second,win,S12,2661
seven_opponent_panel,BASELINE,P03,260,first,loss,S12,2662
seven_opponent_panel,BASELINE,P03,261,second,loss,S12,2663
seven_opponent_panel,BASELINE,P03,262,first,loss,S12,2664
seven_opponent_panel,BASELINE,P03,263,second,loss,S12,2665
seven_opponent_panel,BASELINE,P03,264,first,loss,S12,2666
seven_opponent_panel,BASELINE,P03,265,second,loss,S12,2667
seven_opponent_panel,BASELINE,P03,266,first,loss,S12,2668
seven_opponent_panel,BASELINE,P03,267,second,win,S12,2669
seven_opponent_panel,BASELINE,P03,268,first,loss,S12,2671
seven_opponent_panel,BASELINE,P03,269,second,win,S12,2670
seven_opponent_panel,BASELINE,P03,270,first,loss,S12,2672
seven_opponent_panel,BASELINE,P03,271,second,win,S12,2673
seven_opponent_panel,BASELINE,P03,272,first,win,S12,2674
seven_opponent_panel,BASELINE,P03,273,second,loss,S12,2675
seven_opponent_panel,BASELINE,P03,274,first,win,S12,2676
seven_opponent_panel,BASELINE,P03,275,second,loss,S12,2677
seven_opponent_panel,BASELINE,P03,276,first,loss,S12,2678
seven_opponent_panel,BASELINE,P03,277,second,loss,S12,2679
seven_opponent_panel,BASELINE,P03,278,first,win,S12,2680
seven_opponent_panel,BASELINE,P03,279,second,loss,S12,2681
seven_opponent_panel,BASELINE,P03,280,first,loss,S12,2682
seven_opponent_panel,BASELINE,P03,281,second,loss,S12,2683
seven_opponent_panel,BASELINE,P03,282,first,loss,S12,2684
seven_opponent_panel,BASELINE,P03,283,second,loss,S12,2685
seven_opponent_panel,BASELINE,P03,284,first,loss,S12,2686
seven_opponent_panel,BASELINE,P03,285,second,loss,S12,2687
seven_opponent_panel,BASELINE,P03,286,first,loss,S12,2689
seven_opponent_panel,BASELINE,P03,287,second,loss,S12,2688
seven_opponent_panel,BASELINE,P03,288,first,loss,S12,2690
seven_opponent_panel,BASELINE,P03,289,second,loss,S12,2692
seven_opponent_panel,BASELINE,P03,290,first,loss,S12,2691
seven_opponent_panel,BASELINE,P03,291,second,loss,S12,2693
seven_opponent_panel,BASELINE,P03,292,first,win,S12,2694
seven_opponent_panel,BASELINE,P03,293,second,loss,S12,2695
seven_opponent_panel,BASELINE,P03,294,first,loss,S12,2696
seven_opponent_panel,BASELINE,P03,295,second,loss,S12,2697
seven_opponent_panel,BASELINE,P03,296,first,loss,S12,2698
seven_opponent_panel,BASELINE,P03,297,second,win,S12,2699
seven_opponent_panel,BASELINE,P03,298,first,loss,S12,2700
seven_opponent_panel,BASELINE,P03,299,second,win,S12,2701
seven_opponent_panel,BASELINE,P03,300,first,loss,S12,2702
seven_opponent_panel,BASELINE,P03,301,second,win,S12,2703
seven_opponent_panel,BASELINE,P03,302,first,loss,S12,2704
seven_opponent_panel,BASELINE,P03,303,second,win,S12,2705
seven_opponent_panel,BASELINE,P03,304,first,loss,S12,2706
seven_opponent_panel,BASELINE,P03,305,second,loss,S12,2707
seven_opponent_panel,BASELINE,P03,306,first,loss,S12,2708
seven_opponent_panel,BASELINE,P03,307,second,loss,S12,2709
seven_opponent_panel,BASELINE,P03,308,first,loss,S12,2710
seven_opponent_panel,BASELINE,P03,309,second,loss,S12,2711
seven_opponent_panel,BASELINE,P03,310,first,win,S12,2712
seven_opponent_panel,BASELINE,P03,311,second,win,S12,2713
seven_opponent_panel,BASELINE,P03,312,first,loss,S12,2714
seven_opponent_panel,BASELINE,P03,313,second,loss,S12,2715
seven_opponent_panel,BASELINE,P03,314,first,loss,S12,2716
seven_opponent_panel,BASELINE,P03,315,second,win,S12,2717
seven_opponent_panel,BASELINE,P03,316,first,loss,S12,2718
seven_opponent_panel,BASELINE,P03,317,second,win,S12,2719
seven_opponent_panel,BASELINE,P03,318,first,loss,S12,2720
seven_opponent_panel,BASELINE,P03,319,second,loss,S12,2721
seven_opponent_panel,BASELINE,P03,320,first,loss,S12,2722
seven_opponent_panel,BASELINE,P03,321,second,win,S12,2723
seven_opponent_panel,BASELINE,P03,322,first,loss,S12,2724
seven_opponent_panel,BASELINE,P03,323,second,loss,S12,2725
seven_opponent_panel,BASELINE,P03,324,first,loss,S12,2726
seven_opponent_panel,BASELINE,P03,325,second,win,S12,2727
seven_opponent_panel,BASELINE,P03,326,first,loss,S12,2728
seven_opponent_panel,BASELINE,P03,327,second,loss,S12,2729
seven_opponent_panel,BASELINE,P03,328,first,loss,S12,2730
seven_opponent_panel,BASELINE,P03,329,second,loss,S12,2731
seven_opponent_panel,BASELINE,P03,330,first,win,S12,2732
seven_opponent_panel,BASELINE,P03,331,second,loss,S12,2733
seven_opponent_panel,BASELINE,P03,332,first,loss,S12,2734
seven_opponent_panel,BASELINE,P03,333,second,loss,S12,2735
seven_opponent_panel,BASELINE,P03,334,first,win,S12,2736
seven_opponent_panel,BASELINE,P03,335,second,win,S12,2737
seven_opponent_panel,BASELINE,P03,336,first,win,S12,2738
seven_opponent_panel,BASELINE,P03,337,second,loss,S12,2739
seven_opponent_panel,BASELINE,P03,338,first,win,S12,2740
seven_opponent_panel,BASELINE,P03,339,second,loss,S12,2741
seven_opponent_panel,BASELINE,P03,340,first,win,S12,2742
seven_opponent_panel,BASELINE,P03,341,second,loss,S12,2743
seven_opponent_panel,BASELINE,P03,342,first,loss,S12,2744
seven_opponent_panel,BASELINE,P03,343,second,win,S12,2746
seven_opponent_panel,BASELINE,P03,344,first,loss,S12,2745
seven_opponent_panel,BASELINE,P03,345,second,loss,S12,2747
seven_opponent_panel,BASELINE,P03,346,first,win,S12,2749
seven_opponent_panel,BASELINE,P03,347,second,win,S12,2748
seven_opponent_panel,BASELINE,P03,348,first,win,S12,2750
seven_opponent_panel,BASELINE,P03,349,second,loss,S12,2751
seven_opponent_panel,BASELINE,P03,350,first,loss,S12,2752
seven_opponent_panel,BASELINE,P03,351,second,loss,S12,2753
seven_opponent_panel,BASELINE,P03,352,first,win,S12,2754
seven_opponent_panel,BASELINE,P03,353,second,loss,S12,2755
seven_opponent_panel,BASELINE,P03,354,first,loss,S12,2756
seven_opponent_panel,BASELINE,P03,355,second,loss,S12,2757
seven_opponent_panel,BASELINE,P03,356,first,loss,S12,2758
seven_opponent_panel,BASELINE,P03,357,second,loss,S12,2759
seven_opponent_panel,BASELINE,P03,358,first,loss,S12,2761
seven_opponent_panel,BASELINE,P03,359,second,loss,S12,2760
seven_opponent_panel,BASELINE,P03,360,first,loss,S12,2762
seven_opponent_panel,BASELINE,P03,361,second,loss,S12,2764
seven_opponent_panel,BASELINE,P03,362,first,loss,S12,2763
seven_opponent_panel,BASELINE,P03,363,second,win,S12,2765
seven_opponent_panel,BASELINE,P03,364,first,loss,S12,2767
seven_opponent_panel,BASELINE,P03,365,second,loss,S12,2766
seven_opponent_panel,BASELINE,P03,366,first,loss,S12,2768
seven_opponent_panel,BASELINE,P03,367,second,loss,S12,2770
seven_opponent_panel,BASELINE,P03,368,first,win,S12,2769
seven_opponent_panel,BASELINE,P03,369,second,win,S12,2771
seven_opponent_panel,BASELINE,P03,370,first,win,S12,2772
seven_opponent_panel,BASELINE,P03,371,second,loss,S12,2773
seven_opponent_panel,BASELINE,P03,372,first,loss,S12,2774
seven_opponent_panel,BASELINE,P03,373,second,win,S12,2775
seven_opponent_panel,BASELINE,P03,374,first,loss,S12,2776
seven_opponent_panel,BASELINE,P03,375,second,loss,S12,2777
seven_opponent_panel,BASELINE,P03,376,first,loss,S12,2778
seven_opponent_panel,BASELINE,P03,377,second,win,S12,2779
seven_opponent_panel,BASELINE,P03,378,first,win,S12,2780
seven_opponent_panel,BASELINE,P03,379,second,loss,S12,2781
seven_opponent_panel,BASELINE,P03,380,first,win,S12,2782
seven_opponent_panel,BASELINE,P03,381,second,loss,S12,2783
seven_opponent_panel,BASELINE,P03,382,first,win,S12,2784
seven_opponent_panel,BASELINE,P03,383,second,loss,S12,2785
seven_opponent_panel,BASELINE,P03,384,first,loss,S12,2786
seven_opponent_panel,BASELINE,P03,385,second,win,S12,2787
seven_opponent_panel,BASELINE,P03,386,first,loss,S12,2788
seven_opponent_panel,BASELINE,P03,387,second,loss,S12,2789
seven_opponent_panel,BASELINE,P03,388,first,loss,S12,2790
seven_opponent_panel,BASELINE,P03,389,second,loss,S12,2791
seven_opponent_panel,BASELINE,P03,390,first,loss,S12,2792
seven_opponent_panel,BASELINE,P03,391,second,loss,S12,2793
seven_opponent_panel,BASELINE,P03,392,first,loss,S12,2794
seven_opponent_panel,BASELINE,P03,393,second,win,S12,2795
seven_opponent_panel,BASELINE,P03,394,first,loss,S12,2797
seven_opponent_panel,BASELINE,P03,395,second,loss,S12,2796
seven_opponent_panel,BASELINE,P03,396,first,loss,S12,2798
seven_opponent_panel,BASELINE,P03,397,second,loss,S12,2800
seven_opponent_panel,BASELINE,P03,398,first,loss,S12,2799
seven_opponent_panel,BASELINE,P03,399,second,loss,S12,2801
seven_opponent_panel,BASELINE,P03,400,first,loss,S12,2802
seven_opponent_panel,BASELINE,P03,401,second,loss,S12,2803
seven_opponent_panel,BASELINE,P03,402,first,loss,S12,2804
seven_opponent_panel,BASELINE,P03,403,second,loss,S12,2805
seven_opponent_panel,BASELINE,P03,404,first,loss,S12,2806
seven_opponent_panel,BASELINE,P03,405,second,win,S12,2807
seven_opponent_panel,BASELINE,P03,406,first,loss,S12,2809
seven_opponent_panel,BASELINE,P03,407,second,win,S12,2808
seven_opponent_panel,BASELINE,P03,408,first,loss,S12,2810
seven_opponent_panel,BASELINE,P03,409,second,loss,S12,2811
seven_opponent_panel,BASELINE,P03,410,first,win,S12,2812
seven_opponent_panel,BASELINE,P03,411,second,loss,S12,2813
seven_opponent_panel,BASELINE,P03,412,first,loss,S12,2814
seven_opponent_panel,BASELINE,P03,413,second,loss,S12,2815
seven_opponent_panel,BASELINE,P03,414,first,loss,S12,2816
seven_opponent_panel,BASELINE,P03,415,second,loss,S12,2817
seven_opponent_panel,BASELINE,P03,416,first,loss,S12,2818
seven_opponent_panel,BASELINE,P03,417,second,win,S12,2819
seven_opponent_panel,BASELINE,P03,418,first,loss,S12,2820
seven_opponent_panel,BASELINE,P03,419,second,loss,S12,2821
seven_opponent_panel,BASELINE,P03,420,first,win,S12,2822
seven_opponent_panel,BASELINE,P03,421,second,win,S12,2823
seven_opponent_panel,BASELINE,P03,422,first,loss,S12,2824
seven_opponent_panel,BASELINE,P03,423,second,loss,S12,2825
seven_opponent_panel,BASELINE,P03,424,first,win,S12,2827
seven_opponent_panel,BASELINE,P03,425,second,win,S12,2826
seven_opponent_panel,BASELINE,P03,426,first,loss,S12,2828
seven_opponent_panel,BASELINE,P03,427,second,loss,S12,2829
seven_opponent_panel,BASELINE,P03,428,first,win,S12,2830
seven_opponent_panel,BASELINE,P03,429,second,loss,S12,2831
seven_opponent_panel,BASELINE,P03,430,first,loss,S12,2833
seven_opponent_panel,BASELINE,P03,431,second,win,S12,2832
seven_opponent_panel,BASELINE,P03,432,first,loss,S12,2834
seven_opponent_panel,BASELINE,P03,433,second,loss,S12,2835
seven_opponent_panel,BASELINE,P03,434,first,loss,S12,2836
seven_opponent_panel,BASELINE,P03,435,second,loss,S12,2837
seven_opponent_panel,BASELINE,P03,436,first,loss,S12,2838
seven_opponent_panel,BASELINE,P03,437,second,win,S12,2839
seven_opponent_panel,BASELINE,P03,438,first,loss,S12,2840
seven_opponent_panel,BASELINE,P03,439,second,win,S12,2842
seven_opponent_panel,BASELINE,P03,440,first,win,S12,2841
seven_opponent_panel,BASELINE,P03,441,second,loss,S12,2843
seven_opponent_panel,BASELINE,P03,442,first,win,S12,2844
seven_opponent_panel,BASELINE,P03,443,second,win,S12,2845
seven_opponent_panel,BASELINE,P03,444,first,loss,S12,2846
seven_opponent_panel,BASELINE,P03,445,second,loss,S12,2847
seven_opponent_panel,BASELINE,P03,446,first,loss,S12,2849
seven_opponent_panel,BASELINE,P03,447,second,loss,S12,2848
seven_opponent_panel,BASELINE,P03,448,first,loss,S12,2850
seven_opponent_panel,BASELINE,P03,449,second,loss,S12,2852
seven_opponent_panel,BASELINE,P03,450,first,loss,S12,2851
seven_opponent_panel,BASELINE,P03,451,second,win,S12,2853
seven_opponent_panel,BASELINE,P03,452,first,loss,S12,2854
seven_opponent_panel,BASELINE,P03,453,second,loss,S12,2855
seven_opponent_panel,BASELINE,P03,454,first,loss,S12,2856
seven_opponent_panel,BASELINE,P03,455,second,win,S12,2857
seven_opponent_panel,BASELINE,P03,456,first,loss,S12,2858
seven_opponent_panel,BASELINE,P03,457,second,loss,S12,2859
seven_opponent_panel,BASELINE,P03,458,first,loss,S12,2860
seven_opponent_panel,BASELINE,P03,459,second,loss,S12,2861
seven_opponent_panel,BASELINE,P03,460,first,loss,S12,2863
seven_opponent_panel,BASELINE,P03,461,second,win,S12,2862
seven_opponent_panel,BASELINE,P03,462,first,loss,S12,2864
seven_opponent_panel,BASELINE,P03,463,second,loss,S12,2865
seven_opponent_panel,BASELINE,P03,464,first,win,S12,2866
seven_opponent_panel,BASELINE,P03,465,second,loss,S12,2867
seven_opponent_panel,BASELINE,P03,466,first,loss,S12,2870
seven_opponent_panel,BASELINE,P03,467,second,loss,S12,2868
seven_opponent_panel,BASELINE,P03,468,first,win,S12,2869
seven_opponent_panel,BASELINE,P03,469,second,loss,S12,2872
seven_opponent_panel,BASELINE,P03,470,first,win,S12,2871
seven_opponent_panel,BASELINE,P03,471,second,loss,S12,2873
seven_opponent_panel,BASELINE,P03,472,first,loss,S12,2875
seven_opponent_panel,BASELINE,P03,473,second,loss,S12,2874
seven_opponent_panel,BASELINE,P03,474,first,win,S12,2876
seven_opponent_panel,BASELINE,P03,475,second,loss,S12,2878
seven_opponent_panel,BASELINE,P03,476,first,loss,S12,2877
seven_opponent_panel,BASELINE,P03,477,second,win,S12,2879
seven_opponent_panel,BASELINE,P03,478,first,loss,S12,2882
seven_opponent_panel,BASELINE,P03,479,second,loss,S12,2880
seven_opponent_panel,BASELINE,P03,480,first,loss,S12,2881
seven_opponent_panel,BASELINE,P03,481,second,win,S12,2883
seven_opponent_panel,BASELINE,P03,482,first,loss,S12,2885
seven_opponent_panel,BASELINE,P03,483,second,win,S12,2884
seven_opponent_panel,BASELINE,P03,484,first,loss,S12,2886
seven_opponent_panel,BASELINE,P03,485,second,win,S12,2887
seven_opponent_panel,BASELINE,P03,486,first,loss,S12,2888
seven_opponent_panel,BASELINE,P03,487,second,win,S12,2889
seven_opponent_panel,BASELINE,P03,488,first,loss,S12,2890
seven_opponent_panel,BASELINE,P03,489,second,win,S12,2891
seven_opponent_panel,BASELINE,P03,490,first,win,S12,2892
seven_opponent_panel,BASELINE,P03,491,second,loss,S12,2893
seven_opponent_panel,BASELINE,P03,492,first,win,S12,2894
seven_opponent_panel,BASELINE,P03,493,second,win,S12,2895
seven_opponent_panel,BASELINE,P03,494,first,win,S12,2896
seven_opponent_panel,BASELINE,P03,495,second,loss,S12,2897
seven_opponent_panel,BASELINE,P03,496,first,win,S12,2898
seven_opponent_panel,BASELINE,P03,497,second,loss,S12,2899
seven_opponent_panel,BASELINE,P03,498,first,loss,S12,2900
seven_opponent_panel,BASELINE,P03,499,second,win,S12,2901
seven_opponent_panel,BASELINE,P03,500,first,loss,S12,2902
seven_opponent_panel,BASELINE,P03,501,second,loss,S12,2903
seven_opponent_panel,BASELINE,P03,502,first,loss,S12,2904
seven_opponent_panel,BASELINE,P03,503,second,loss,S12,2906
seven_opponent_panel,BASELINE,P03,504,first,loss,S12,2905
seven_opponent_panel,BASELINE,P03,505,second,win,S12,2907
seven_opponent_panel,BASELINE,P03,506,first,loss,S12,2908
seven_opponent_panel,BASELINE,P03,507,second,loss,S12,2909
seven_opponent_panel,BASELINE,P03,508,first,loss,S12,2910
seven_opponent_panel,BASELINE,P03,509,second,loss,S12,2911
seven_opponent_panel,BASELINE,P03,510,first,loss,S12,2912
seven_opponent_panel,BASELINE,P03,511,second,win,S12,2913
seven_opponent_panel,BASELINE,P03,512,first,loss,S12,2914
seven_opponent_panel,BASELINE,P03,513,second,loss,S12,2915
seven_opponent_panel,BASELINE,P03,514,first,win,S12,2916
seven_opponent_panel,BASELINE,P03,515,second,loss,S12,2917
seven_opponent_panel,BASELINE,P03,516,first,win,S12,2918
seven_opponent_panel,BASELINE,P03,517,second,loss,S12,2919
seven_opponent_panel,BASELINE,P03,518,first,win,S12,2920
seven_opponent_panel,BASELINE,P03,519,second,loss,S12,2921
seven_opponent_panel,BASELINE,P03,520,first,win,S12,2922
seven_opponent_panel,BASELINE,P03,521,second,loss,S12,2923
seven_opponent_panel,BASELINE,P03,522,first,loss,S12,2924
seven_opponent_panel,BASELINE,P03,523,second,win,S12,2925
seven_opponent_panel,BASELINE,P03,524,first,win,S12,2926
seven_opponent_panel,BASELINE,P03,525,second,win,S12,2927
seven_opponent_panel,BASELINE,P03,526,first,loss,S12,2928
seven_opponent_panel,BASELINE,P03,527,second,loss,S12,2929
seven_opponent_panel,BASELINE,P03,528,first,loss,S12,2930
seven_opponent_panel,BASELINE,P03,529,second,loss,S12,2931
seven_opponent_panel,BASELINE,P03,530,first,loss,S12,2932
seven_opponent_panel,BASELINE,P03,531,second,win,S12,2933
seven_opponent_panel,BASELINE,P03,532,first,loss,S12,2934
seven_opponent_panel,BASELINE,P03,533,second,win,S12,2936
seven_opponent_panel,BASELINE,P03,534,first,loss,S12,2935
seven_opponent_panel,BASELINE,P03,535,second,loss,S12,2937
seven_opponent_panel,BASELINE,P03,536,first,win,S12,2938
seven_opponent_panel,BASELINE,P03,537,second,loss,S12,2939
seven_opponent_panel,BASELINE,P03,538,first,loss,S12,2940
seven_opponent_panel,BASELINE,P03,539,second,loss,S12,2941
seven_opponent_panel,BASELINE,P03,540,first,loss,S12,2942
seven_opponent_panel,BASELINE,P03,541,second,loss,S12,2943
seven_opponent_panel,BASELINE,P03,542,first,loss,S12,2944
seven_opponent_panel,BASELINE,P03,543,second,loss,S12,2945
seven_opponent_panel,BASELINE,P03,544,first,win,S12,2946
seven_opponent_panel,BASELINE,P03,545,second,loss,S12,2947
seven_opponent_panel,BASELINE,P03,546,first,win,S12,2948
seven_opponent_panel,BASELINE,P03,547,second,loss,S12,2949
seven_opponent_panel,BASELINE,P03,548,first,loss,S12,2950
seven_opponent_panel,BASELINE,P03,549,second,loss,S12,2951
seven_opponent_panel,BASELINE,P03,550,first,loss,S12,2952
seven_opponent_panel,BASELINE,P03,551,second,loss,S12,2953
seven_opponent_panel,BASELINE,P03,552,first,loss,S12,2954
seven_opponent_panel,BASELINE,P03,553,second,win,S12,2955
seven_opponent_panel,BASELINE,P03,554,first,loss,S12,2956
seven_opponent_panel,BASELINE,P03,555,second,win,S12,2957
seven_opponent_panel,BASELINE,P03,556,first,win,S12,2958
seven_opponent_panel,BASELINE,P03,557,second,loss,S12,2959
seven_opponent_panel,BASELINE,P03,558,first,loss,S12,2960
seven_opponent_panel,BASELINE,P03,559,second,win,S12,2961
seven_opponent_panel,BASELINE,P03,560,first,win,S12,2962
seven_opponent_panel,BASELINE,P03,561,second,win,S12,2963
seven_opponent_panel,BASELINE,P03,562,first,loss,S12,2964
seven_opponent_panel,BASELINE,P03,563,second,loss,S12,2965
seven_opponent_panel,BASELINE,P03,564,first,loss,S12,2966
seven_opponent_panel,BASELINE,P03,565,second,loss,S12,2967
seven_opponent_panel,BASELINE,P03,566,first,loss,S12,2968
seven_opponent_panel,BASELINE,P03,567,second,loss,S12,2969
seven_opponent_panel,BASELINE,P03,568,first,loss,S12,2970
seven_opponent_panel,BASELINE,P03,569,second,loss,S12,2971
seven_opponent_panel,BASELINE,P03,570,first,loss,S12,2972
seven_opponent_panel,BASELINE,P03,571,second,loss,S12,2973
seven_opponent_panel,BASELINE,P03,572,first,loss,S12,2974
seven_opponent_panel,BASELINE,P03,573,second,loss,S12,2975
seven_opponent_panel,BASELINE,P03,574,first,loss,S12,2977
seven_opponent_panel,BASELINE,P03,575,second,loss,S12,2976
seven_opponent_panel,BASELINE,P03,576,first,loss,S12,2978
seven_opponent_panel,BASELINE,P03,577,second,win,S12,2980
seven_opponent_panel,BASELINE,P03,578,first,win,S12,2979
seven_opponent_panel,BASELINE,P03,579,second,win,S12,2981
seven_opponent_panel,BASELINE,P03,580,first,loss,S12,2982
seven_opponent_panel,BASELINE,P03,581,second,win,S12,2983
seven_opponent_panel,BASELINE,P03,582,first,loss,S12,2984
seven_opponent_panel,BASELINE,P03,583,second,win,S12,2985
seven_opponent_panel,BASELINE,P03,584,first,loss,S12,2986
seven_opponent_panel,BASELINE,P03,585,second,win,S12,2987
seven_opponent_panel,BASELINE,P03,586,first,loss,S12,2989
seven_opponent_panel,BASELINE,P03,587,second,win,S12,2988
seven_opponent_panel,BASELINE,P03,588,first,loss,S12,2991
seven_opponent_panel,BASELINE,P03,589,second,win,S12,2990
seven_opponent_panel,BASELINE,P03,590,first,win,S12,2992
seven_opponent_panel,BASELINE,P03,591,second,loss,S12,2993
seven_opponent_panel,BASELINE,P03,592,first,loss,S12,2994
seven_opponent_panel,BASELINE,P03,593,second,win,S12,2995
seven_opponent_panel,BASELINE,P03,594,first,loss,S12,2997
seven_opponent_panel,BASELINE,P03,595,second,win,S12,2996
seven_opponent_panel,BASELINE,P03,596,first,loss,S12,2998
seven_opponent_panel,BASELINE,P03,597,second,loss,S12,3001
seven_opponent_panel,BASELINE,P03,598,first,win,S12,2999
seven_opponent_panel,BASELINE,P03,599,second,loss,S12,3000
seven_opponent_panel,BASELINE,P04,0,first,loss,S12,3002
seven_opponent_panel,BASELINE,P04,1,second,loss,S12,3003
seven_opponent_panel,BASELINE,P04,2,first,loss,S12,3004
seven_opponent_panel,BASELINE,P04,3,second,win,S12,3005
seven_opponent_panel,BASELINE,P04,4,first,loss,S12,3006
seven_opponent_panel,BASELINE,P04,5,second,loss,S12,3007
seven_opponent_panel,BASELINE,P04,6,first,win,S12,3008
seven_opponent_panel,BASELINE,P04,7,second,win,S12,3009
seven_opponent_panel,BASELINE,P04,8,first,loss,S12,3010
seven_opponent_panel,BASELINE,P04,9,second,loss,S12,3011
seven_opponent_panel,BASELINE,P04,10,first,win,S12,3012
seven_opponent_panel,BASELINE,P04,11,second,loss,S12,3013
seven_opponent_panel,BASELINE,P04,12,first,loss,S12,3014
seven_opponent_panel,BASELINE,P04,13,second,loss,S12,3015
seven_opponent_panel,BASELINE,P04,14,first,loss,S12,3016
seven_opponent_panel,BASELINE,P04,15,second,loss,S12,3017
seven_opponent_panel,BASELINE,P04,16,first,win,S12,3018
seven_opponent_panel,BASELINE,P04,17,second,loss,S12,3019
seven_opponent_panel,BASELINE,P04,18,first,loss,S12,3020
seven_opponent_panel,BASELINE,P04,19,second,loss,S12,3021
seven_opponent_panel,BASELINE,P04,20,first,win,S12,3022
seven_opponent_panel,BASELINE,P04,21,second,win,S12,3023
seven_opponent_panel,BASELINE,P04,22,first,win,S12,3024
seven_opponent_panel,BASELINE,P04,23,second,loss,S12,3025
seven_opponent_panel,BASELINE,P04,24,first,win,S12,3026
seven_opponent_panel,BASELINE,P04,25,second,win,S12,3027
seven_opponent_panel,BASELINE,P04,26,first,win,S12,3028
seven_opponent_panel,BASELINE,P04,27,second,loss,S12,3029
seven_opponent_panel,BASELINE,P04,28,first,loss,S12,3030
seven_opponent_panel,BASELINE,P04,29,second,loss,S12,3031
seven_opponent_panel,BASELINE,P04,30,first,loss,S12,3033
seven_opponent_panel,BASELINE,P04,31,second,loss,S12,3032
seven_opponent_panel,BASELINE,P04,32,first,win,S12,3034
seven_opponent_panel,BASELINE,P04,33,second,loss,S12,3036
seven_opponent_panel,BASELINE,P04,34,first,win,S12,3035
seven_opponent_panel,BASELINE,P04,35,second,win,S12,3037
seven_opponent_panel,BASELINE,P04,36,first,loss,S12,3039
seven_opponent_panel,BASELINE,P04,37,second,win,S12,3038
seven_opponent_panel,BASELINE,P04,38,first,loss,S12,3040
seven_opponent_panel,BASELINE,P04,39,second,win,S12,3042
seven_opponent_panel,BASELINE,P04,40,first,win,S12,3041
seven_opponent_panel,BASELINE,P04,41,second,loss,S12,3043
seven_opponent_panel,BASELINE,P04,42,first,loss,S12,3045
seven_opponent_panel,BASELINE,P04,43,second,loss,S12,3044
seven_opponent_panel,BASELINE,P04,44,first,loss,S12,3046
seven_opponent_panel,BASELINE,P04,45,second,win,S12,3047
seven_opponent_panel,BASELINE,P04,46,first,loss,S12,3048
seven_opponent_panel,BASELINE,P04,47,second,win,S12,3049
seven_opponent_panel,BASELINE,P04,48,first,win,S12,3050
seven_opponent_panel,BASELINE,P04,49,second,loss,S12,3051
seven_opponent_panel,BASELINE,P04,50,first,loss,S12,3052
seven_opponent_panel,BASELINE,P04,51,second,loss,S12,3053
seven_opponent_panel,BASELINE,P04,52,first,loss,S12,3054
seven_opponent_panel,BASELINE,P04,53,second,loss,S12,3055
seven_opponent_panel,BASELINE,P04,54,first,loss,S12,3056
seven_opponent_panel,BASELINE,P04,55,second,loss,S12,3057
seven_opponent_panel,BASELINE,P04,56,first,loss,S12,3058
seven_opponent_panel,BASELINE,P04,57,second,loss,S12,3059
seven_opponent_panel,BASELINE,P04,58,first,loss,S12,3060
seven_opponent_panel,BASELINE,P04,59,second,loss,S12,3061
seven_opponent_panel,BASELINE,P04,60,first,loss,S12,3063
seven_opponent_panel,BASELINE,P04,61,second,loss,S12,3062
seven_opponent_panel,BASELINE,P04,62,first,win,S12,3064
seven_opponent_panel,BASELINE,P04,63,second,win,S12,3066
seven_opponent_panel,BASELINE,P04,64,first,win,S12,3065
seven_opponent_panel,BASELINE,P04,65,second,loss,S12,3067
seven_opponent_panel,BASELINE,P04,66,first,loss,S12,3069
seven_opponent_panel,BASELINE,P04,67,second,loss,S12,3068
seven_opponent_panel,BASELINE,P04,68,first,loss,S12,3070
seven_opponent_panel,BASELINE,P04,69,second,loss,S12,3072
seven_opponent_panel,BASELINE,P04,70,first,loss,S12,3071
seven_opponent_panel,BASELINE,P04,71,second,loss,S12,3073
seven_opponent_panel,BASELINE,P04,72,first,win,S12,3074
seven_opponent_panel,BASELINE,P04,73,second,loss,S12,3075
seven_opponent_panel,BASELINE,P04,74,first,loss,S12,3076
seven_opponent_panel,BASELINE,P04,75,second,win,S12,3077
seven_opponent_panel,BASELINE,P04,76,first,loss,S12,3078
seven_opponent_panel,BASELINE,P04,77,second,loss,S12,3079
seven_opponent_panel,BASELINE,P04,78,first,win,S12,3080
seven_opponent_panel,BASELINE,P04,79,second,loss,S12,3081
seven_opponent_panel,BASELINE,P04,80,first,loss,S12,3082
seven_opponent_panel,BASELINE,P04,81,second,loss,S12,3083
seven_opponent_panel,BASELINE,P04,82,first,loss,S12,3084
seven_opponent_panel,BASELINE,P04,83,second,win,S12,3085
seven_opponent_panel,BASELINE,P04,84,first,win,S12,3086
seven_opponent_panel,BASELINE,P04,85,second,loss,S12,3087
seven_opponent_panel,BASELINE,P04,86,first,win,S12,3088
seven_opponent_panel,BASELINE,P04,87,second,loss,S12,3089
seven_opponent_panel,BASELINE,P04,88,first,win,S12,3090
seven_opponent_panel,BASELINE,P04,89,second,loss,S12,3091
seven_opponent_panel,BASELINE,P04,90,first,loss,S12,3092
seven_opponent_panel,BASELINE,P04,91,second,win,S12,3093
seven_opponent_panel,BASELINE,P04,92,first,win,S12,3094
seven_opponent_panel,BASELINE,P04,93,second,win,S12,3096
seven_opponent_panel,BASELINE,P04,94,first,win,S12,3095
seven_opponent_panel,BASELINE,P04,95,second,loss,S12,3097
seven_opponent_panel,BASELINE,P04,96,first,loss,S12,3098
seven_opponent_panel,BASELINE,P04,97,second,win,S12,3099
seven_opponent_panel,BASELINE,P04,98,first,loss,S12,3100
seven_opponent_panel,BASELINE,P04,99,second,loss,S12,3102
seven_opponent_panel,BASELINE,P04,100,first,loss,S12,3101
seven_opponent_panel,BASELINE,P04,101,second,win,S12,3103
seven_opponent_panel,BASELINE,P04,102,first,loss,S12,3104
seven_opponent_panel,BASELINE,P04,103,second,loss,S12,3105
seven_opponent_panel,BASELINE,P04,104,first,loss,S12,3106
seven_opponent_panel,BASELINE,P04,105,second,loss,S12,3108
seven_opponent_panel,BASELINE,P04,106,first,loss,S12,3107
seven_opponent_panel,BASELINE,P04,107,second,loss,S12,3109
seven_opponent_panel,BASELINE,P04,108,first,loss,S12,3110
seven_opponent_panel,BASELINE,P04,109,second,loss,S12,3111
seven_opponent_panel,BASELINE,P04,110,first,loss,S12,3112
seven_opponent_panel,BASELINE,P04,111,second,loss,S12,3113
seven_opponent_panel,BASELINE,P04,112,first,loss,S12,3114
seven_opponent_panel,BASELINE,P04,113,second,loss,S12,3115
seven_opponent_panel,BASELINE,P04,114,first,loss,S12,3116
seven_opponent_panel,BASELINE,P04,115,second,win,S12,3117
seven_opponent_panel,BASELINE,P04,116,first,win,S12,3118
seven_opponent_panel,BASELINE,P04,117,second,win,S12,3119
seven_opponent_panel,BASELINE,P04,118,first,loss,S12,3120
seven_opponent_panel,BASELINE,P04,119,second,win,S12,3121
seven_opponent_panel,BASELINE,P04,120,first,loss,S12,3123
seven_opponent_panel,BASELINE,P04,121,second,loss,S12,3122
seven_opponent_panel,BASELINE,P04,122,first,loss,S12,3124
seven_opponent_panel,BASELINE,P04,123,second,loss,S12,3125
seven_opponent_panel,BASELINE,P04,124,first,loss,S12,3126
seven_opponent_panel,BASELINE,P04,125,second,loss,S12,3127
seven_opponent_panel,BASELINE,P04,126,first,win,S12,3128
seven_opponent_panel,BASELINE,P04,127,second,win,S12,3129
seven_opponent_panel,BASELINE,P04,128,first,win,S12,3130
seven_opponent_panel,BASELINE,P04,129,second,loss,S12,3132
seven_opponent_panel,BASELINE,P04,130,first,loss,S12,3131
seven_opponent_panel,BASELINE,P04,131,second,loss,S12,3133
seven_opponent_panel,BASELINE,P04,132,first,loss,S12,3135
seven_opponent_panel,BASELINE,P04,133,second,win,S12,3134
seven_opponent_panel,BASELINE,P04,134,first,loss,S12,3136
seven_opponent_panel,BASELINE,P04,135,second,loss,S12,3137
seven_opponent_panel,BASELINE,P04,136,first,loss,S12,3138
seven_opponent_panel,BASELINE,P04,137,second,loss,S12,3139
seven_opponent_panel,BASELINE,P04,138,first,loss,S12,3140
seven_opponent_panel,BASELINE,P04,139,second,win,S12,3141
seven_opponent_panel,BASELINE,P04,140,first,loss,S12,3142
seven_opponent_panel,BASELINE,P04,141,second,loss,S12,3143
seven_opponent_panel,BASELINE,P04,142,first,loss,S12,3144
seven_opponent_panel,BASELINE,P04,143,second,loss,S12,3145
seven_opponent_panel,BASELINE,P04,144,first,loss,S12,3146
seven_opponent_panel,BASELINE,P04,145,second,loss,S12,3147
seven_opponent_panel,BASELINE,P04,146,first,loss,S12,3148
seven_opponent_panel,BASELINE,P04,147,second,loss,S12,3149
seven_opponent_panel,BASELINE,P04,148,first,loss,S12,3150
seven_opponent_panel,BASELINE,P04,149,second,loss,S12,3151
seven_opponent_panel,BASELINE,P04,150,first,loss,S12,3153
seven_opponent_panel,BASELINE,P04,151,second,win,S12,3152
seven_opponent_panel,BASELINE,P04,152,first,win,S12,3154
seven_opponent_panel,BASELINE,P04,153,second,loss,S12,3156
seven_opponent_panel,BASELINE,P04,154,first,win,S12,3157
seven_opponent_panel,BASELINE,P04,155,second,win,S12,3155
seven_opponent_panel,BASELINE,P04,156,first,loss,S12,3159
seven_opponent_panel,BASELINE,P04,157,second,loss,S12,3160
seven_opponent_panel,BASELINE,P04,158,first,win,S12,3158
seven_opponent_panel,BASELINE,P04,159,second,win,S12,3163
seven_opponent_panel,BASELINE,P04,160,first,loss,S12,3161
seven_opponent_panel,BASELINE,P04,161,second,win,S12,3162
seven_opponent_panel,BASELINE,P04,162,first,loss,S12,3165
seven_opponent_panel,BASELINE,P04,163,second,loss,S12,3164
seven_opponent_panel,BASELINE,P04,164,first,win,S12,3166
seven_opponent_panel,BASELINE,P04,165,second,win,S12,3168
seven_opponent_panel,BASELINE,P04,166,first,loss,S12,3167
seven_opponent_panel,BASELINE,P04,167,second,loss,S12,3169
seven_opponent_panel,BASELINE,P04,168,first,loss,S12,3171
seven_opponent_panel,BASELINE,P04,169,second,loss,S12,3170
seven_opponent_panel,BASELINE,P04,170,first,loss,S12,3172
seven_opponent_panel,BASELINE,P04,171,second,loss,S12,3173
seven_opponent_panel,BASELINE,P04,172,first,loss,S12,3175
seven_opponent_panel,BASELINE,P04,173,second,loss,S12,3174
seven_opponent_panel,BASELINE,P04,174,first,loss,S12,3176
seven_opponent_panel,BASELINE,P04,175,second,loss,S12,3177
seven_opponent_panel,BASELINE,P04,176,first,win,S12,3178
seven_opponent_panel,BASELINE,P04,177,second,loss,S12,3179
seven_opponent_panel,BASELINE,P04,178,first,loss,S12,3180
seven_opponent_panel,BASELINE,P04,179,second,loss,S12,3181
seven_opponent_panel,BASELINE,P04,180,first,loss,S12,3182
seven_opponent_panel,BASELINE,P04,181,second,loss,S12,3183
seven_opponent_panel,BASELINE,P04,182,first,loss,S12,3184
seven_opponent_panel,BASELINE,P04,183,second,loss,S12,3185
seven_opponent_panel,BASELINE,P04,184,first,loss,S12,3186
seven_opponent_panel,BASELINE,P04,185,second,loss,S12,3187
seven_opponent_panel,BASELINE,P04,186,first,loss,S12,3188
seven_opponent_panel,BASELINE,P04,187,second,loss,S12,3189
seven_opponent_panel,BASELINE,P04,188,first,loss,S12,3190
seven_opponent_panel,BASELINE,P04,189,second,loss,S12,3191
seven_opponent_panel,BASELINE,P04,190,first,win,S12,3193
seven_opponent_panel,BASELINE,P04,191,second,loss,S12,3192
seven_opponent_panel,BASELINE,P04,192,first,win,S12,3194
seven_opponent_panel,BASELINE,P04,193,second,loss,S12,3195
seven_opponent_panel,BASELINE,P04,194,first,loss,S12,3196
seven_opponent_panel,BASELINE,P04,195,second,win,S12,3197
seven_opponent_panel,BASELINE,P04,196,first,win,S12,3198
seven_opponent_panel,BASELINE,P04,197,second,loss,S12,3199
seven_opponent_panel,BASELINE,P04,198,first,loss,S12,3200
seven_opponent_panel,BASELINE,P04,199,second,win,S12,3201
seven_opponent_panel,BASELINE,P04,200,first,loss,S12,3202
seven_opponent_panel,BASELINE,P04,201,second,loss,S12,3203
seven_opponent_panel,BASELINE,P04,202,first,loss,S12,3204
seven_opponent_panel,BASELINE,P04,203,second,loss,S12,3205
seven_opponent_panel,BASELINE,P04,204,first,loss,S12,3206
seven_opponent_panel,BASELINE,P04,205,second,loss,S12,3207
seven_opponent_panel,BASELINE,P04,206,first,win,S12,3208
seven_opponent_panel,BASELINE,P04,207,second,loss,S12,3209
seven_opponent_panel,BASELINE,P04,208,first,win,S12,3210
seven_opponent_panel,BASELINE,P04,209,second,loss,S12,3211
seven_opponent_panel,BASELINE,P04,210,first,loss,S12,3212
seven_opponent_panel,BASELINE,P04,211,second,win,S12,3213
seven_opponent_panel,BASELINE,P04,212,first,win,S12,3214
seven_opponent_panel,BASELINE,P04,213,second,win,S12,3216
seven_opponent_panel,BASELINE,P04,214,first,win,S12,3215
seven_opponent_panel,BASELINE,P04,215,second,loss,S12,3217
seven_opponent_panel,BASELINE,P04,216,first,win,S12,3218
seven_opponent_panel,BASELINE,P04,217,second,loss,S12,3219
seven_opponent_panel,BASELINE,P04,218,first,loss,S12,3220
seven_opponent_panel,BASELINE,P04,219,second,win,S12,3222
seven_opponent_panel,BASELINE,P04,220,first,win,S12,3221
seven_opponent_panel,BASELINE,P04,221,second,loss,S12,3223
seven_opponent_panel,BASELINE,P04,222,first,loss,S12,3224
seven_opponent_panel,BASELINE,P04,223,second,loss,S12,3225
seven_opponent_panel,BASELINE,P04,224,first,loss,S12,3226
seven_opponent_panel,BASELINE,P04,225,second,loss,S12,3227
seven_opponent_panel,BASELINE,P04,226,first,loss,S12,3228
seven_opponent_panel,BASELINE,P04,227,second,loss,S12,3229
seven_opponent_panel,BASELINE,P04,228,first,win,S12,3230
seven_opponent_panel,BASELINE,P04,229,second,win,S12,3231
seven_opponent_panel,BASELINE,P04,230,first,loss,S12,3232
seven_opponent_panel,BASELINE,P04,231,second,loss,S12,3233
seven_opponent_panel,BASELINE,P04,232,first,win,S12,3234
seven_opponent_panel,BASELINE,P04,233,second,loss,S12,3235
seven_opponent_panel,BASELINE,P04,234,first,win,S12,3236
seven_opponent_panel,BASELINE,P04,235,second,loss,S12,3237
seven_opponent_panel,BASELINE,P04,236,first,win,S12,3238
seven_opponent_panel,BASELINE,P04,237,second,loss,S12,3239
seven_opponent_panel,BASELINE,P04,238,first,win,S12,3240
seven_opponent_panel,BASELINE,P04,239,second,win,S12,3241
seven_opponent_panel,BASELINE,P04,240,first,loss,S12,3242
seven_opponent_panel,BASELINE,P04,241,second,loss,S12,3243
seven_opponent_panel,BASELINE,P04,242,first,win,S12,3244
seven_opponent_panel,BASELINE,P04,243,second,win,S12,3245
seven_opponent_panel,BASELINE,P04,244,first,loss,S12,3246
seven_opponent_panel,BASELINE,P04,245,second,loss,S12,3247
seven_opponent_panel,BASELINE,P04,246,first,loss,S12,3248
seven_opponent_panel,BASELINE,P04,247,second,win,S12,3249
seven_opponent_panel,BASELINE,P04,248,first,win,S12,3250
seven_opponent_panel,BASELINE,P04,249,second,loss,S12,3251
seven_opponent_panel,BASELINE,P04,250,first,win,S12,3252
seven_opponent_panel,BASELINE,P04,251,second,loss,S12,3253
seven_opponent_panel,BASELINE,P04,252,first,loss,S12,3254
seven_opponent_panel,BASELINE,P04,253,second,loss,S12,3255
seven_opponent_panel,BASELINE,P04,254,first,loss,S12,3256
seven_opponent_panel,BASELINE,P04,255,second,win,S12,3258
seven_opponent_panel,BASELINE,P04,256,first,win,S12,3257
seven_opponent_panel,BASELINE,P04,257,second,loss,S12,3259
seven_opponent_panel,BASELINE,P04,258,first,loss,S12,3261
seven_opponent_panel,BASELINE,P04,259,second,win,S12,3260
seven_opponent_panel,BASELINE,P04,260,first,loss,S12,3262
seven_opponent_panel,BASELINE,P04,261,second,loss,S12,3263
seven_opponent_panel,BASELINE,P04,262,first,loss,S12,3264
seven_opponent_panel,BASELINE,P04,263,second,loss,S12,3265
seven_opponent_panel,BASELINE,P04,264,first,loss,S12,3267
seven_opponent_panel,BASELINE,P04,265,second,win,S12,3266
seven_opponent_panel,BASELINE,P04,266,first,win,S12,3268
seven_opponent_panel,BASELINE,P04,267,second,loss,S12,3269
seven_opponent_panel,BASELINE,P04,268,first,loss,S12,3270
seven_opponent_panel,BASELINE,P04,269,second,win,S12,3271
seven_opponent_panel,BASELINE,P04,270,first,win,S12,3272
seven_opponent_panel,BASELINE,P04,271,second,win,S12,3273
seven_opponent_panel,BASELINE,P04,272,first,loss,S12,3274
seven_opponent_panel,BASELINE,P04,273,second,win,S12,3275
seven_opponent_panel,BASELINE,P04,274,first,win,S12,3276
seven_opponent_panel,BASELINE,P04,275,second,loss,S12,3277
seven_opponent_panel,BASELINE,P04,276,first,loss,S12,3279
seven_opponent_panel,BASELINE,P04,277,second,loss,S12,3278
seven_opponent_panel,BASELINE,P04,278,first,win,S12,3280
seven_opponent_panel,BASELINE,P04,279,second,loss,S12,3282
seven_opponent_panel,BASELINE,P04,280,first,loss,S12,3281
seven_opponent_panel,BASELINE,P04,281,second,win,S12,3283
seven_opponent_panel,BASELINE,P04,282,first,win,S12,3284
seven_opponent_panel,BASELINE,P04,283,second,win,S12,3285
seven_opponent_panel,BASELINE,P04,284,first,loss,S12,3286
seven_opponent_panel,BASELINE,P04,285,second,win,S12,3287
seven_opponent_panel,BASELINE,P04,286,first,loss,S12,3288
seven_opponent_panel,BASELINE,P04,287,second,win,S12,3289
seven_opponent_panel,BASELINE,P04,288,first,loss,S12,3290
seven_opponent_panel,BASELINE,P04,289,second,loss,S12,3291
seven_opponent_panel,BASELINE,P04,290,first,loss,S12,3292
seven_opponent_panel,BASELINE,P04,291,second,loss,S12,3293
seven_opponent_panel,BASELINE,P04,292,first,win,S12,3294
seven_opponent_panel,BASELINE,P04,293,second,win,S12,3295
seven_opponent_panel,BASELINE,P04,294,first,loss,S12,3296
seven_opponent_panel,BASELINE,P04,295,second,loss,S12,3297
seven_opponent_panel,BASELINE,P04,296,first,loss,S12,3298
seven_opponent_panel,BASELINE,P04,297,second,loss,S12,3299
seven_opponent_panel,BASELINE,P04,298,first,loss,S12,3300
seven_opponent_panel,BASELINE,P04,299,second,loss,S12,3301
seven_opponent_panel,BASELINE,P04,300,first,loss,S12,3302
seven_opponent_panel,BASELINE,P04,301,second,win,S12,3303
seven_opponent_panel,BASELINE,P04,302,first,win,S12,3304
seven_opponent_panel,BASELINE,P04,303,second,loss,S12,3305
seven_opponent_panel,BASELINE,P04,304,first,loss,S12,3306
seven_opponent_panel,BASELINE,P04,305,second,loss,S12,3307
seven_opponent_panel,BASELINE,P04,306,first,loss,S12,3308
seven_opponent_panel,BASELINE,P04,307,second,loss,S12,3309
seven_opponent_panel,BASELINE,P04,308,first,loss,S12,3310
seven_opponent_panel,BASELINE,P04,309,second,win,S12,3311
seven_opponent_panel,BASELINE,P04,310,first,loss,S12,3312
seven_opponent_panel,BASELINE,P04,311,second,loss,S12,3313
seven_opponent_panel,BASELINE,P04,312,first,loss,S12,3314
seven_opponent_panel,BASELINE,P04,313,second,loss,S12,3315
seven_opponent_panel,BASELINE,P04,314,first,loss,S12,3316
seven_opponent_panel,BASELINE,P04,315,second,loss,S12,3317
seven_opponent_panel,BASELINE,P04,316,first,loss,S12,3318
seven_opponent_panel,BASELINE,P04,317,second,loss,S12,3319
seven_opponent_panel,BASELINE,P04,318,first,win,S12,3320
seven_opponent_panel,BASELINE,P04,319,second,win,S12,3321
seven_opponent_panel,BASELINE,P04,320,first,loss,S12,3322
seven_opponent_panel,BASELINE,P04,321,second,loss,S12,3323
seven_opponent_panel,BASELINE,P04,322,first,win,S12,3324
seven_opponent_panel,BASELINE,P04,323,second,loss,S12,3325
seven_opponent_panel,BASELINE,P04,324,first,win,S12,3326
seven_opponent_panel,BASELINE,P04,325,second,win,S12,3327
seven_opponent_panel,BASELINE,P04,326,first,loss,S12,3328
seven_opponent_panel,BASELINE,P04,327,second,win,S12,3329
seven_opponent_panel,BASELINE,P04,328,first,loss,S12,3330
seven_opponent_panel,BASELINE,P04,329,second,loss,S12,3331
seven_opponent_panel,BASELINE,P04,330,first,win,S12,3332
seven_opponent_panel,BASELINE,P04,331,second,win,S12,3333
seven_opponent_panel,BASELINE,P04,332,first,win,S12,3334
seven_opponent_panel,BASELINE,P04,333,second,loss,S12,3335
seven_opponent_panel,BASELINE,P04,334,first,win,S12,3336
seven_opponent_panel,BASELINE,P04,335,second,loss,S12,3337
seven_opponent_panel,BASELINE,P04,336,first,loss,S12,3338
seven_opponent_panel,BASELINE,P04,337,second,win,S12,3339
seven_opponent_panel,BASELINE,P04,338,first,loss,S12,3340
seven_opponent_panel,BASELINE,P04,339,second,loss,S12,3341
seven_opponent_panel,BASELINE,P04,340,first,loss,S12,3342
seven_opponent_panel,BASELINE,P04,341,second,loss,S12,3343
seven_opponent_panel,BASELINE,P04,342,first,loss,S12,3344
seven_opponent_panel,BASELINE,P04,343,second,loss,S12,3345
seven_opponent_panel,BASELINE,P04,344,first,loss,S12,3346
seven_opponent_panel,BASELINE,P04,345,second,win,S12,3347
seven_opponent_panel,BASELINE,P04,346,first,loss,S12,3348
seven_opponent_panel,BASELINE,P04,347,second,loss,S12,3349
seven_opponent_panel,BASELINE,P04,348,first,loss,S12,3350
seven_opponent_panel,BASELINE,P04,349,second,win,S12,3351
seven_opponent_panel,BASELINE,P04,350,first,loss,S12,3352
seven_opponent_panel,BASELINE,P04,351,second,loss,S12,3354
seven_opponent_panel,BASELINE,P04,352,first,win,S12,3353
seven_opponent_panel,BASELINE,P04,353,second,loss,S12,3355
seven_opponent_panel,BASELINE,P04,354,first,loss,S12,3356
seven_opponent_panel,BASELINE,P04,355,second,win,S12,3357
seven_opponent_panel,BASELINE,P04,356,first,loss,S12,3358
seven_opponent_panel,BASELINE,P04,357,second,loss,S12,3359
seven_opponent_panel,BASELINE,P04,358,first,loss,S12,3360
seven_opponent_panel,BASELINE,P04,359,second,loss,S12,3361
seven_opponent_panel,BASELINE,P04,360,first,win,S12,3362
seven_opponent_panel,BASELINE,P04,361,second,loss,S12,3363
seven_opponent_panel,BASELINE,P04,362,first,loss,S12,3364
seven_opponent_panel,BASELINE,P04,363,second,loss,S12,3366
seven_opponent_panel,BASELINE,P04,364,first,loss,S12,3365
seven_opponent_panel,BASELINE,P04,365,second,loss,S12,3367
seven_opponent_panel,BASELINE,P04,366,first,loss,S12,3368
seven_opponent_panel,BASELINE,P04,367,second,loss,S12,3369
seven_opponent_panel,BASELINE,P04,368,first,win,S12,3370
seven_opponent_panel,BASELINE,P04,369,second,loss,S12,3371
seven_opponent_panel,BASELINE,P04,370,first,loss,S12,3372
seven_opponent_panel,BASELINE,P04,371,second,loss,S12,3373
seven_opponent_panel,BASELINE,P04,372,first,loss,S12,3374
seven_opponent_panel,BASELINE,P04,373,second,loss,S12,3375
seven_opponent_panel,BASELINE,P04,374,first,win,S12,3376
seven_opponent_panel,BASELINE,P04,375,second,loss,S12,3377
seven_opponent_panel,BASELINE,P04,376,first,loss,S12,3378
seven_opponent_panel,BASELINE,P04,377,second,loss,S12,3379
seven_opponent_panel,BASELINE,P04,378,first,loss,S12,3380
seven_opponent_panel,BASELINE,P04,379,second,loss,S12,3381
seven_opponent_panel,BASELINE,P04,380,first,loss,S12,3382
seven_opponent_panel,BASELINE,P04,381,second,win,S12,3383
seven_opponent_panel,BASELINE,P04,382,first,loss,S12,3384
seven_opponent_panel,BASELINE,P04,383,second,loss,S12,3385
seven_opponent_panel,BASELINE,P04,384,first,win,S12,3386
seven_opponent_panel,BASELINE,P04,385,second,loss,S12,3387
seven_opponent_panel,BASELINE,P04,386,first,loss,S12,3388
seven_opponent_panel,BASELINE,P04,387,second,win,S12,3389
seven_opponent_panel,BASELINE,P04,388,first,loss,S12,3390
seven_opponent_panel,BASELINE,P04,389,second,win,S12,3391
seven_opponent_panel,BASELINE,P04,390,first,loss,S12,3392
seven_opponent_panel,BASELINE,P04,391,second,loss,S12,3393
seven_opponent_panel,BASELINE,P04,392,first,loss,S12,3394
seven_opponent_panel,BASELINE,P04,393,second,loss,S12,3395
seven_opponent_panel,BASELINE,P04,394,first,win,S12,3396
seven_opponent_panel,BASELINE,P04,395,second,loss,S12,3397
seven_opponent_panel,BASELINE,P04,396,first,win,S12,3398
seven_opponent_panel,BASELINE,P04,397,second,loss,S12,3399
seven_opponent_panel,BASELINE,P04,398,first,loss,S12,3400
seven_opponent_panel,BASELINE,P04,399,second,win,S12,3401
seven_opponent_panel,BASELINE,P04,400,first,loss,S12,3402
seven_opponent_panel,BASELINE,P04,401,second,loss,S12,3403
seven_opponent_panel,BASELINE,P04,402,first,loss,S12,3404
seven_opponent_panel,BASELINE,P04,403,second,loss,S12,3405
seven_opponent_panel,BASELINE,P04,404,first,loss,S12,3406
seven_opponent_panel,BASELINE,P04,405,second,loss,S12,3407
seven_opponent_panel,BASELINE,P04,406,first,loss,S12,3408
seven_opponent_panel,BASELINE,P04,407,second,win,S12,3409
seven_opponent_panel,BASELINE,P04,408,first,loss,S12,3410
seven_opponent_panel,BASELINE,P04,409,second,loss,S12,3411
seven_opponent_panel,BASELINE,P04,410,first,win,S12,3412
seven_opponent_panel,BASELINE,P04,411,second,win,S12,3413
seven_opponent_panel,BASELINE,P04,412,first,loss,S12,3414
seven_opponent_panel,BASELINE,P04,413,second,win,S12,3415
seven_opponent_panel,BASELINE,P04,414,first,loss,S12,3416
seven_opponent_panel,BASELINE,P04,415,second,loss,S12,3417
seven_opponent_panel,BASELINE,P04,416,first,loss,S12,3418
seven_opponent_panel,BASELINE,P04,417,second,loss,S12,3419
seven_opponent_panel,BASELINE,P04,418,first,loss,S12,3421
seven_opponent_panel,BASELINE,P04,419,second,loss,S12,3420
seven_opponent_panel,BASELINE,P04,420,first,loss,S12,3422
seven_opponent_panel,BASELINE,P04,421,second,loss,S12,3424
seven_opponent_panel,BASELINE,P04,422,first,loss,S12,3423
seven_opponent_panel,BASELINE,P04,423,second,win,S12,3426
seven_opponent_panel,BASELINE,P04,424,first,win,S12,3427
seven_opponent_panel,BASELINE,P04,425,second,win,S12,3425
seven_opponent_panel,BASELINE,P04,426,first,win,S12,3428
seven_opponent_panel,BASELINE,P04,427,second,win,S12,3430
seven_opponent_panel,BASELINE,P04,428,first,loss,S12,3429
seven_opponent_panel,BASELINE,P04,429,second,loss,S12,3431
seven_opponent_panel,BASELINE,P04,430,first,loss,S12,3433
seven_opponent_panel,BASELINE,P04,431,second,loss,S12,3432
seven_opponent_panel,BASELINE,P04,432,first,loss,S12,3434
seven_opponent_panel,BASELINE,P04,433,second,win,S12,3436
seven_opponent_panel,BASELINE,P04,434,first,loss,S12,3435
seven_opponent_panel,BASELINE,P04,435,second,win,S12,3437
seven_opponent_panel,BASELINE,P04,436,first,loss,S12,3439
seven_opponent_panel,BASELINE,P04,437,second,win,S12,3438
seven_opponent_panel,BASELINE,P04,438,first,win,S12,3440
seven_opponent_panel,BASELINE,P04,439,second,loss,S12,3441
seven_opponent_panel,BASELINE,P04,440,first,loss,S12,3442
seven_opponent_panel,BASELINE,P04,441,second,win,S12,3443
seven_opponent_panel,BASELINE,P04,442,first,loss,S12,3444
seven_opponent_panel,BASELINE,P04,443,second,loss,S12,3445
seven_opponent_panel,BASELINE,P04,444,first,loss,S12,3446
seven_opponent_panel,BASELINE,P04,445,second,win,S12,3447
seven_opponent_panel,BASELINE,P04,446,first,loss,S12,3448
seven_opponent_panel,BASELINE,P04,447,second,loss,S12,3449
seven_opponent_panel,BASELINE,P04,448,first,loss,S12,3450
seven_opponent_panel,BASELINE,P04,449,second,loss,S12,3451
seven_opponent_panel,BASELINE,P04,450,first,win,S12,3452
seven_opponent_panel,BASELINE,P04,451,second,loss,S12,3453
seven_opponent_panel,BASELINE,P04,452,first,win,S12,3454
seven_opponent_panel,BASELINE,P04,453,second,loss,S12,3455
seven_opponent_panel,BASELINE,P04,454,first,loss,S12,3456
seven_opponent_panel,BASELINE,P04,455,second,loss,S12,3457
seven_opponent_panel,BASELINE,P04,456,first,loss,S12,3458
seven_opponent_panel,BASELINE,P04,457,second,loss,S12,3460
seven_opponent_panel,BASELINE,P04,458,first,win,S12,3459
seven_opponent_panel,BASELINE,P04,459,second,loss,S12,3461
seven_opponent_panel,BASELINE,P04,460,first,loss,S12,3462
seven_opponent_panel,BASELINE,P04,461,second,loss,S12,3463
seven_opponent_panel,BASELINE,P04,462,first,loss,S12,3465
seven_opponent_panel,BASELINE,P04,463,second,loss,S12,3466
seven_opponent_panel,BASELINE,P04,464,first,win,S12,3464
seven_opponent_panel,BASELINE,P04,465,second,loss,S12,3469
seven_opponent_panel,BASELINE,P04,466,first,win,S12,3468
seven_opponent_panel,BASELINE,P04,467,second,win,S12,3467
seven_opponent_panel,BASELINE,P04,468,first,loss,S12,3470
seven_opponent_panel,BASELINE,P04,469,second,win,S12,3471
seven_opponent_panel,BASELINE,P04,470,first,loss,S12,3472
seven_opponent_panel,BASELINE,P04,471,second,win,S12,3474
seven_opponent_panel,BASELINE,P04,472,first,loss,S12,3475
seven_opponent_panel,BASELINE,P04,473,second,loss,S12,3473
seven_opponent_panel,BASELINE,P04,474,first,win,S12,3476
seven_opponent_panel,BASELINE,P04,475,second,loss,S12,3478
seven_opponent_panel,BASELINE,P04,476,first,loss,S12,3477
seven_opponent_panel,BASELINE,P04,477,second,loss,S12,3479
seven_opponent_panel,BASELINE,P04,478,first,loss,S12,3480
seven_opponent_panel,BASELINE,P04,479,second,loss,S12,3481
seven_opponent_panel,BASELINE,P04,480,first,win,S12,3482
seven_opponent_panel,BASELINE,P04,481,second,loss,S12,3483
seven_opponent_panel,BASELINE,P04,482,first,loss,S12,3484
seven_opponent_panel,BASELINE,P04,483,second,win,S12,3485
seven_opponent_panel,BASELINE,P04,484,first,loss,S12,3486
seven_opponent_panel,BASELINE,P04,485,second,loss,S12,3487
seven_opponent_panel,BASELINE,P04,486,first,loss,S12,3488
seven_opponent_panel,BASELINE,P04,487,second,loss,S12,3489
seven_opponent_panel,BASELINE,P04,488,first,win,S12,3490
seven_opponent_panel,BASELINE,P04,489,second,loss,S12,3491
seven_opponent_panel,BASELINE,P04,490,first,loss,S12,3492
seven_opponent_panel,BASELINE,P04,491,second,win,S12,3493
seven_opponent_panel,BASELINE,P04,492,first,win,S12,3494
seven_opponent_panel,BASELINE,P04,493,second,loss,S12,3495
seven_opponent_panel,BASELINE,P04,494,first,win,S12,3496
seven_opponent_panel,BASELINE,P04,495,second,loss,S12,3497
seven_opponent_panel,BASELINE,P04,496,first,loss,S12,3498
seven_opponent_panel,BASELINE,P04,497,second,loss,S12,3499
seven_opponent_panel,BASELINE,P04,498,first,win,S12,3500
seven_opponent_panel,BASELINE,P04,499,second,loss,S12,3501
seven_opponent_panel,BASELINE,P04,500,first,loss,S12,3502
seven_opponent_panel,BASELINE,P04,501,second,win,S12,3503
seven_opponent_panel,BASELINE,P04,502,first,loss,S12,3504
seven_opponent_panel,BASELINE,P04,503,second,loss,S12,3505
seven_opponent_panel,BASELINE,P04,504,first,win,S12,3506
seven_opponent_panel,BASELINE,P04,505,second,loss,S12,3508
seven_opponent_panel,BASELINE,P04,506,first,win,S12,3507
seven_opponent_panel,BASELINE,P04,507,second,loss,S12,3509
seven_opponent_panel,BASELINE,P04,508,first,loss,S12,3511
seven_opponent_panel,BASELINE,P04,509,second,win,S12,3510
seven_opponent_panel,BASELINE,P04,510,first,loss,S12,3512
seven_opponent_panel,BASELINE,P04,511,second,win,S12,3513
seven_opponent_panel,BASELINE,P04,512,first,win,S12,3514
seven_opponent_panel,BASELINE,P04,513,second,loss,S12,3515
seven_opponent_panel,BASELINE,P04,514,first,win,S12,3516
seven_opponent_panel,BASELINE,P04,515,second,loss,S12,3517
seven_opponent_panel,BASELINE,P04,516,first,loss,S12,3519
seven_opponent_panel,BASELINE,P04,517,second,loss,S12,3518
seven_opponent_panel,BASELINE,P04,518,first,loss,S12,3520
seven_opponent_panel,BASELINE,P04,519,second,loss,S12,3521
seven_opponent_panel,BASELINE,P04,520,first,loss,S12,3522
seven_opponent_panel,BASELINE,P04,521,second,loss,S12,3523
seven_opponent_panel,BASELINE,P04,522,first,loss,S12,3524
seven_opponent_panel,BASELINE,P04,523,second,loss,S12,3525
seven_opponent_panel,BASELINE,P04,524,first,loss,S12,3526
seven_opponent_panel,BASELINE,P04,525,second,loss,S12,3528
seven_opponent_panel,BASELINE,P04,526,first,loss,S12,3527
seven_opponent_panel,BASELINE,P04,527,second,win,S12,3529
seven_opponent_panel,BASELINE,P04,528,first,loss,S12,3530
seven_opponent_panel,BASELINE,P04,529,second,win,S12,3532
seven_opponent_panel,BASELINE,P04,530,first,loss,S12,3531
seven_opponent_panel,BASELINE,P04,531,second,loss,S12,3534
seven_opponent_panel,BASELINE,P04,532,first,win,S12,3533
seven_opponent_panel,BASELINE,P04,533,second,loss,S12,3535
seven_opponent_panel,BASELINE,P04,534,first,loss,S12,3537
seven_opponent_panel,BASELINE,P04,535,second,win,S12,3536
seven_opponent_panel,BASELINE,P04,536,first,loss,S12,3538
seven_opponent_panel,BASELINE,P04,537,second,loss,S12,3539
seven_opponent_panel,BASELINE,P04,538,first,loss,S12,3540
seven_opponent_panel,BASELINE,P04,539,second,loss,S12,3541
seven_opponent_panel,BASELINE,P04,540,first,loss,S12,3542
seven_opponent_panel,BASELINE,P04,541,second,loss,S12,3543
seven_opponent_panel,BASELINE,P04,542,first,loss,S12,3544
seven_opponent_panel,BASELINE,P04,543,second,loss,S12,3545
seven_opponent_panel,BASELINE,P04,544,first,loss,S12,3546
seven_opponent_panel,BASELINE,P04,545,second,loss,S12,3547
seven_opponent_panel,BASELINE,P04,546,first,loss,S12,3548
seven_opponent_panel,BASELINE,P04,547,second,loss,S12,3549
seven_opponent_panel,BASELINE,P04,548,first,loss,S12,3550
seven_opponent_panel,BASELINE,P04,549,second,loss,S12,3552
seven_opponent_panel,BASELINE,P04,550,first,loss,S12,3551
seven_opponent_panel,BASELINE,P04,551,second,loss,S12,3553
seven_opponent_panel,BASELINE,P04,552,first,loss,S12,3554
seven_opponent_panel,BASELINE,P04,553,second,loss,S12,3555
seven_opponent_panel,BASELINE,P04,554,first,win,S12,3556
seven_opponent_panel,BASELINE,P04,555,second,loss,S12,3557
seven_opponent_panel,BASELINE,P04,556,first,win,S12,3558
seven_opponent_panel,BASELINE,P04,557,second,win,S12,3559
seven_opponent_panel,BASELINE,P04,558,first,win,S12,3560
seven_opponent_panel,BASELINE,P04,559,second,loss,S12,3561
seven_opponent_panel,BASELINE,P04,560,first,win,S12,3562
seven_opponent_panel,BASELINE,P04,561,second,win,S12,3563
seven_opponent_panel,BASELINE,P04,562,first,loss,S12,3565
seven_opponent_panel,BASELINE,P04,563,second,loss,S12,3564
seven_opponent_panel,BASELINE,P04,564,first,loss,S12,3566
seven_opponent_panel,BASELINE,P04,565,second,loss,S12,3567
seven_opponent_panel,BASELINE,P04,566,first,loss,S12,3568
seven_opponent_panel,BASELINE,P04,567,second,loss,S12,3569
seven_opponent_panel,BASELINE,P04,568,first,win,S12,3571
seven_opponent_panel,BASELINE,P04,569,second,loss,S12,3570
seven_opponent_panel,BASELINE,P04,570,first,loss,S12,3573
seven_opponent_panel,BASELINE,P04,571,second,win,S12,3574
seven_opponent_panel,BASELINE,P04,572,first,loss,S12,3572
seven_opponent_panel,BASELINE,P04,573,second,win,S12,3575
seven_opponent_panel,BASELINE,P04,574,first,loss,S12,3577
seven_opponent_panel,BASELINE,P04,575,second,loss,S12,3576
seven_opponent_panel,BASELINE,P04,576,first,loss,S12,3578
seven_opponent_panel,BASELINE,P04,577,second,win,S12,3579
seven_opponent_panel,BASELINE,P04,578,first,win,S12,3580
seven_opponent_panel,BASELINE,P04,579,second,loss,S12,3583
seven_opponent_panel,BASELINE,P04,580,first,loss,S12,3582
seven_opponent_panel,BASELINE,P04,581,second,win,S12,3581
seven_opponent_panel,BASELINE,P04,582,first,loss,S12,3584
seven_opponent_panel,BASELINE,P04,583,second,win,S12,3586
seven_opponent_panel,BASELINE,P04,584,first,loss,S12,3585
seven_opponent_panel,BASELINE,P04,585,second,loss,S12,3587
seven_opponent_panel,BASELINE,P04,586,first,loss,S12,3588
seven_opponent_panel,BASELINE,P04,587,second,loss,S12,3589
seven_opponent_panel,BASELINE,P04,588,first,win,S12,3590
seven_opponent_panel,BASELINE,P04,589,second,loss,S12,3592
seven_opponent_panel,BASELINE,P04,590,first,loss,S12,3591
seven_opponent_panel,BASELINE,P04,591,second,loss,S12,3595
seven_opponent_panel,BASELINE,P04,592,first,loss,S12,3594
seven_opponent_panel,BASELINE,P04,593,second,win,S12,3593
seven_opponent_panel,BASELINE,P04,594,first,loss,S12,3598
seven_opponent_panel,BASELINE,P04,595,second,loss,S12,3597
seven_opponent_panel,BASELINE,P04,596,first,loss,S12,3596
seven_opponent_panel,BASELINE,P04,597,second,win,S12,3600
seven_opponent_panel,BASELINE,P04,598,first,win,S12,3599
seven_opponent_panel,BASELINE,P04,599,second,loss,S12,3601
seven_opponent_panel,BASELINE,P05,0,first,loss,S12,3603
seven_opponent_panel,BASELINE,P05,1,second,win,S12,3602
seven_opponent_panel,BASELINE,P05,2,first,loss,S12,3604
seven_opponent_panel,BASELINE,P05,3,second,win,S12,3605
seven_opponent_panel,BASELINE,P05,4,first,loss,S12,3606
seven_opponent_panel,BASELINE,P05,5,second,win,S12,3607
seven_opponent_panel,BASELINE,P05,6,first,win,S12,3608
seven_opponent_panel,BASELINE,P05,7,second,loss,S12,3609
seven_opponent_panel,BASELINE,P05,8,first,win,S12,3610
seven_opponent_panel,BASELINE,P05,9,second,win,S12,3611
seven_opponent_panel,BASELINE,P05,10,first,win,S12,3612
seven_opponent_panel,BASELINE,P05,11,second,loss,S12,3613
seven_opponent_panel,BASELINE,P05,12,first,loss,S12,3615
seven_opponent_panel,BASELINE,P05,13,second,win,S12,3614
seven_opponent_panel,BASELINE,P05,14,first,win,S12,3616
seven_opponent_panel,BASELINE,P05,15,second,win,S12,3617
seven_opponent_panel,BASELINE,P05,16,first,win,S12,3619
seven_opponent_panel,BASELINE,P05,17,second,win,S12,3618
seven_opponent_panel,BASELINE,P05,18,first,win,S12,3620
seven_opponent_panel,BASELINE,P05,19,second,win,S12,3622
seven_opponent_panel,BASELINE,P05,20,first,win,S12,3621
seven_opponent_panel,BASELINE,P05,21,second,win,S12,3623
seven_opponent_panel,BASELINE,P05,22,first,win,S12,3625
seven_opponent_panel,BASELINE,P05,23,second,win,S12,3624
seven_opponent_panel,BASELINE,P05,24,first,win,S12,3627
seven_opponent_panel,BASELINE,P05,25,second,win,S12,3626
seven_opponent_panel,BASELINE,P05,26,first,win,S12,3628
seven_opponent_panel,BASELINE,P05,27,second,loss,S12,3629
seven_opponent_panel,BASELINE,P05,28,first,win,S12,3631
seven_opponent_panel,BASELINE,P05,29,second,win,S12,3630
seven_opponent_panel,BASELINE,P05,30,first,loss,S12,3633
seven_opponent_panel,BASELINE,P05,31,second,win,S12,3632
seven_opponent_panel,BASELINE,P05,32,first,win,S12,3634
seven_opponent_panel,BASELINE,P05,33,second,win,S12,3636
seven_opponent_panel,BASELINE,P05,34,first,win,S12,3637
seven_opponent_panel,BASELINE,P05,35,second,win,S12,3635
seven_opponent_panel,BASELINE,P05,36,first,win,S12,3638
seven_opponent_panel,BASELINE,P05,37,second,win,S12,3639
seven_opponent_panel,BASELINE,P05,38,first,win,S12,3640
seven_opponent_panel,BASELINE,P05,39,second,win,S12,3643
seven_opponent_panel,BASELINE,P05,40,first,win,S12,3642
seven_opponent_panel,BASELINE,P05,41,second,win,S12,3641
seven_opponent_panel,BASELINE,P05,42,first,win,S12,3644
seven_opponent_panel,BASELINE,P05,43,second,win,S12,3645
seven_opponent_panel,BASELINE,P05,44,first,win,S12,3646
seven_opponent_panel,BASELINE,P05,45,second,win,S12,3648
seven_opponent_panel,BASELINE,P05,46,first,win,S12,3647
seven_opponent_panel,BASELINE,P05,47,second,win,S12,3649
seven_opponent_panel,BASELINE,P05,48,first,win,S12,3652
seven_opponent_panel,BASELINE,P05,49,second,win,S12,3651
seven_opponent_panel,BASELINE,P05,50,first,win,S12,3650
seven_opponent_panel,BASELINE,P05,51,second,win,S12,3653
seven_opponent_panel,BASELINE,P05,52,first,win,S12,3654
seven_opponent_panel,BASELINE,P05,53,second,win,S12,3655
seven_opponent_panel,BASELINE,P05,54,first,win,S12,3656
seven_opponent_panel,BASELINE,P05,55,second,win,S12,3657
seven_opponent_panel,BASELINE,P05,56,first,loss,S12,3658
seven_opponent_panel,BASELINE,P05,57,second,loss,S12,3660
seven_opponent_panel,BASELINE,P05,58,first,win,S12,3661
seven_opponent_panel,BASELINE,P05,59,second,win,S12,3659
seven_opponent_panel,BASELINE,P05,60,first,win,S12,3662
seven_opponent_panel,BASELINE,P05,61,second,win,S12,3663
seven_opponent_panel,BASELINE,P05,62,first,win,S12,3664
seven_opponent_panel,BASELINE,P05,63,second,win,S12,3667
seven_opponent_panel,BASELINE,P05,64,first,win,S12,3665
seven_opponent_panel,BASELINE,P05,65,second,win,S12,3666
seven_opponent_panel,BASELINE,P05,66,first,win,S12,3669
seven_opponent_panel,BASELINE,P05,67,second,win,S12,3668
seven_opponent_panel,BASELINE,P05,68,first,win,S12,3670
seven_opponent_panel,BASELINE,P05,69,second,win,S12,3672
seven_opponent_panel,BASELINE,P05,70,first,win,S12,3671
seven_opponent_panel,BASELINE,P05,71,second,win,S12,3673
seven_opponent_panel,BASELINE,P05,72,first,win,S12,3676
seven_opponent_panel,BASELINE,P05,73,second,win,S12,3675
seven_opponent_panel,BASELINE,P05,74,first,win,S12,3674
seven_opponent_panel,BASELINE,P05,75,second,win,S12,3678
seven_opponent_panel,BASELINE,P05,76,first,win,S12,3679
seven_opponent_panel,BASELINE,P05,77,second,win,S12,3677
seven_opponent_panel,BASELINE,P05,78,first,win,S12,3681
seven_opponent_panel,BASELINE,P05,79,second,win,S12,3680
seven_opponent_panel,BASELINE,P05,80,first,win,S12,3682
seven_opponent_panel,BASELINE,P05,81,second,win,S12,3683
seven_opponent_panel,BASELINE,P05,82,first,win,S12,3684
seven_opponent_panel,BASELINE,P05,83,second,win,S12,3685
seven_opponent_panel,BASELINE,P05,84,first,loss,S12,3688
seven_opponent_panel,BASELINE,P05,85,second,win,S12,3686
seven_opponent_panel,BASELINE,P05,86,first,win,S12,3687
seven_opponent_panel,BASELINE,P05,87,second,win,S12,3689
seven_opponent_panel,BASELINE,P05,88,first,win,S12,3690
seven_opponent_panel,BASELINE,P05,89,second,win,S12,3691
seven_opponent_panel,BASELINE,P05,90,first,loss,S12,3692
seven_opponent_panel,BASELINE,P05,91,second,win,S12,3693
seven_opponent_panel,BASELINE,P05,92,first,win,S12,3694
seven_opponent_panel,BASELINE,P05,93,second,win,S12,3695
seven_opponent_panel,BASELINE,P05,94,first,win,S12,3696
seven_opponent_panel,BASELINE,P05,95,second,win,S12,3697
seven_opponent_panel,BASELINE,P05,96,first,win,S12,3698
seven_opponent_panel,BASELINE,P05,97,second,loss,S12,3699
seven_opponent_panel,BASELINE,P05,98,first,win,S12,3700
seven_opponent_panel,BASELINE,P05,99,second,win,S12,3701
seven_opponent_panel,BASELINE,P05,100,first,win,S12,3703
seven_opponent_panel,BASELINE,P05,101,second,win,S12,3702
seven_opponent_panel,BASELINE,P05,102,first,win,S12,3704
seven_opponent_panel,BASELINE,P05,103,second,loss,S12,3705
seven_opponent_panel,BASELINE,P05,104,first,loss,S12,3706
seven_opponent_panel,BASELINE,P05,105,second,win,S12,3707
seven_opponent_panel,BASELINE,P05,106,first,win,S12,3708
seven_opponent_panel,BASELINE,P05,107,second,win,S12,3709
seven_opponent_panel,BASELINE,P05,108,first,win,S12,3710
seven_opponent_panel,BASELINE,P05,109,second,win,S12,3711
seven_opponent_panel,BASELINE,P05,110,first,loss,S12,3712
seven_opponent_panel,BASELINE,P05,111,second,win,S12,3713
seven_opponent_panel,BASELINE,P05,112,first,win,S12,3714
seven_opponent_panel,BASELINE,P05,113,second,win,S12,3715
seven_opponent_panel,BASELINE,P05,114,first,win,S12,3716
seven_opponent_panel,BASELINE,P05,115,second,win,S12,3717
seven_opponent_panel,BASELINE,P05,116,first,win,S12,3718
seven_opponent_panel,BASELINE,P05,117,second,win,S12,3719
seven_opponent_panel,BASELINE,P05,118,first,win,S12,3720
seven_opponent_panel,BASELINE,P05,119,second,win,S12,3721
seven_opponent_panel,BASELINE,P05,120,first,win,S12,3722
seven_opponent_panel,BASELINE,P05,121,second,win,S12,3723
seven_opponent_panel,BASELINE,P05,122,first,loss,S12,3724
seven_opponent_panel,BASELINE,P05,123,second,loss,S12,3725
seven_opponent_panel,BASELINE,P05,124,first,win,S12,3726
seven_opponent_panel,BASELINE,P05,125,second,win,S12,3727
seven_opponent_panel,BASELINE,P05,126,first,win,S12,3729
seven_opponent_panel,BASELINE,P05,127,second,win,S12,3728
seven_opponent_panel,BASELINE,P05,128,first,win,S12,3730
seven_opponent_panel,BASELINE,P05,129,second,win,S12,3732
seven_opponent_panel,BASELINE,P05,130,first,win,S12,3731
seven_opponent_panel,BASELINE,P05,131,second,win,S12,3733
seven_opponent_panel,BASELINE,P05,132,first,win,S12,3734
seven_opponent_panel,BASELINE,P05,133,second,win,S12,3735
seven_opponent_panel,BASELINE,P05,134,first,loss,S12,3736
seven_opponent_panel,BASELINE,P05,135,second,win,S12,3738
seven_opponent_panel,BASELINE,P05,136,first,win,S12,3737
seven_opponent_panel,BASELINE,P05,137,second,win,S12,3739
seven_opponent_panel,BASELINE,P05,138,first,win,S12,3740
seven_opponent_panel,BASELINE,P05,139,second,win,S12,3741
seven_opponent_panel,BASELINE,P05,140,first,win,S12,3742
seven_opponent_panel,BASELINE,P05,141,second,win,S12,3743
seven_opponent_panel,BASELINE,P05,142,first,win,S12,3744
seven_opponent_panel,BASELINE,P05,143,second,win,S12,3746
seven_opponent_panel,BASELINE,P05,144,first,win,S12,3745
seven_opponent_panel,BASELINE,P05,145,second,win,S12,3747
seven_opponent_panel,BASELINE,P05,146,first,win,S12,3750
seven_opponent_panel,BASELINE,P05,147,second,win,S12,3749
seven_opponent_panel,BASELINE,P05,148,first,win,S12,3748
seven_opponent_panel,BASELINE,P05,149,second,win,S12,3751
seven_opponent_panel,BASELINE,P05,150,first,loss,S12,3753
seven_opponent_panel,BASELINE,P05,151,second,win,S12,3752
seven_opponent_panel,BASELINE,P05,152,first,win,S12,3754
seven_opponent_panel,BASELINE,P05,153,second,win,S12,3755
seven_opponent_panel,BASELINE,P05,154,first,win,S12,3756
seven_opponent_panel,BASELINE,P05,155,second,win,S12,3757
seven_opponent_panel,BASELINE,P05,156,first,loss,S12,3758
seven_opponent_panel,BASELINE,P05,157,second,win,S12,3759
seven_opponent_panel,BASELINE,P05,158,first,win,S12,3760
seven_opponent_panel,BASELINE,P05,159,second,loss,S12,3761
seven_opponent_panel,BASELINE,P05,160,first,win,S12,3762
seven_opponent_panel,BASELINE,P05,161,second,win,S12,3765
seven_opponent_panel,BASELINE,P05,162,first,win,S12,3764
seven_opponent_panel,BASELINE,P05,163,second,win,S12,3763
seven_opponent_panel,BASELINE,P05,164,first,win,S12,3766
seven_opponent_panel,BASELINE,P05,165,second,win,S12,3767
seven_opponent_panel,BASELINE,P05,166,first,win,S12,3768
seven_opponent_panel,BASELINE,P05,167,second,win,S12,3771
seven_opponent_panel,BASELINE,P05,168,first,win,S12,3769
seven_opponent_panel,BASELINE,P05,169,second,win,S12,3770
seven_opponent_panel,BASELINE,P05,170,first,win,S12,3773
seven_opponent_panel,BASELINE,P05,171,second,win,S12,3772
seven_opponent_panel,BASELINE,P05,172,first,win,S12,3774
seven_opponent_panel,BASELINE,P05,173,second,win,S12,3777
seven_opponent_panel,BASELINE,P05,174,first,win,S12,3775
seven_opponent_panel,BASELINE,P05,175,second,win,S12,3776
seven_opponent_panel,BASELINE,P05,176,first,win,S12,3779
seven_opponent_panel,BASELINE,P05,177,second,win,S12,3778
seven_opponent_panel,BASELINE,P05,178,first,loss,S12,3780
seven_opponent_panel,BASELINE,P05,179,second,win,S12,3782
seven_opponent_panel,BASELINE,P05,180,first,win,S12,3781
seven_opponent_panel,BASELINE,P05,181,second,win,S12,3783
seven_opponent_panel,BASELINE,P05,182,first,win,S12,3784
seven_opponent_panel,BASELINE,P05,183,second,loss,S12,3785
seven_opponent_panel,BASELINE,P05,184,first,win,S12,3786
seven_opponent_panel,BASELINE,P05,185,second,win,S12,3787
seven_opponent_panel,BASELINE,P05,186,first,win,S12,3788
seven_opponent_panel,BASELINE,P05,187,second,win,S12,3789
seven_opponent_panel,BASELINE,P05,188,first,loss,S12,3792
seven_opponent_panel,BASELINE,P05,189,second,win,S12,3790
seven_opponent_panel,BASELINE,P05,190,first,win,S12,3791
seven_opponent_panel,BASELINE,P05,191,second,win,S12,3793
seven_opponent_panel,BASELINE,P05,192,first,win,S12,3795
seven_opponent_panel,BASELINE,P05,193,second,win,S12,3794
seven_opponent_panel,BASELINE,P05,194,first,win,S12,3797
seven_opponent_panel,BASELINE,P05,195,second,win,S12,3796
seven_opponent_panel,BASELINE,P05,196,first,win,S12,3798
seven_opponent_panel,BASELINE,P05,197,second,win,S12,3799
seven_opponent_panel,BASELINE,P05,198,first,win,S12,3800
seven_opponent_panel,BASELINE,P05,199,second,win,S12,3801
seven_opponent_panel,BASELINE,P05,200,first,win,S12,3803
seven_opponent_panel,BASELINE,P05,201,second,loss,S12,3804
seven_opponent_panel,BASELINE,P05,202,first,win,S12,3802
seven_opponent_panel,BASELINE,P05,203,second,loss,S12,3807
seven_opponent_panel,BASELINE,P05,204,first,win,S12,3805
seven_opponent_panel,BASELINE,P05,205,second,loss,S12,3806
seven_opponent_panel,BASELINE,P05,206,first,win,S12,3809
seven_opponent_panel,BASELINE,P05,207,second,win,S12,3808
seven_opponent_panel,BASELINE,P05,208,first,win,S12,3810
seven_opponent_panel,BASELINE,P05,209,second,win,S12,3811
seven_opponent_panel,BASELINE,P05,210,first,win,S12,3813
seven_opponent_panel,BASELINE,P05,211,second,win,S12,3812
seven_opponent_panel,BASELINE,P05,212,first,win,S12,3814
seven_opponent_panel,BASELINE,P05,213,second,win,S12,3815
seven_opponent_panel,BASELINE,P05,214,first,win,S12,3816
seven_opponent_panel,BASELINE,P05,215,second,win,S12,3818
seven_opponent_panel,BASELINE,P05,216,first,win,S12,3817
seven_opponent_panel,BASELINE,P05,217,second,win,S12,3819
seven_opponent_panel,BASELINE,P05,218,first,win,S12,3820
seven_opponent_panel,BASELINE,P05,219,second,loss,S12,3821
seven_opponent_panel,BASELINE,P05,220,first,win,S12,3822
seven_opponent_panel,BASELINE,P05,221,second,win,S12,3823
seven_opponent_panel,BASELINE,P05,222,first,loss,S12,3824
seven_opponent_panel,BASELINE,P05,223,second,loss,S12,3825
seven_opponent_panel,BASELINE,P05,224,first,win,S12,3826
seven_opponent_panel,BASELINE,P05,225,second,win,S12,3827
seven_opponent_panel,BASELINE,P05,226,first,win,S12,3828
seven_opponent_panel,BASELINE,P05,227,second,win,S12,3829
seven_opponent_panel,BASELINE,P05,228,first,win,S12,3830
seven_opponent_panel,BASELINE,P05,229,second,win,S12,3831
seven_opponent_panel,BASELINE,P05,230,first,win,S12,3832
seven_opponent_panel,BASELINE,P05,231,second,win,S12,3833
seven_opponent_panel,BASELINE,P05,232,first,win,S12,3834
seven_opponent_panel,BASELINE,P05,233,second,win,S12,3835
seven_opponent_panel,BASELINE,P05,234,first,win,S12,3836
seven_opponent_panel,BASELINE,P05,235,second,loss,S12,3837
seven_opponent_panel,BASELINE,P05,236,first,win,S12,3838
seven_opponent_panel,BASELINE,P05,237,second,win,S12,3839
seven_opponent_panel,BASELINE,P05,238,first,win,S12,3840
seven_opponent_panel,BASELINE,P05,239,second,win,S12,3841
seven_opponent_panel,BASELINE,P05,240,first,win,S12,3842
seven_opponent_panel,BASELINE,P05,241,second,win,S12,3843
seven_opponent_panel,BASELINE,P05,242,first,win,S12,3844
seven_opponent_panel,BASELINE,P05,243,second,win,S12,3845
seven_opponent_panel,BASELINE,P05,244,first,win,S12,3846
seven_opponent_panel,BASELINE,P05,245,second,win,S12,3847
seven_opponent_panel,BASELINE,P05,246,first,win,S12,3848
seven_opponent_panel,BASELINE,P05,247,second,win,S12,3849
seven_opponent_panel,BASELINE,P05,248,first,loss,S12,3850
seven_opponent_panel,BASELINE,P05,249,second,loss,S12,3851
seven_opponent_panel,BASELINE,P05,250,first,win,S12,3852
seven_opponent_panel,BASELINE,P05,251,second,win,S12,3853
seven_opponent_panel,BASELINE,P05,252,first,win,S12,3854
seven_opponent_panel,BASELINE,P05,253,second,win,S12,3855
seven_opponent_panel,BASELINE,P05,254,first,win,S12,3856
seven_opponent_panel,BASELINE,P05,255,second,win,S12,3857
seven_opponent_panel,BASELINE,P05,256,first,win,S12,3858
seven_opponent_panel,BASELINE,P05,257,second,win,S12,3859
seven_opponent_panel,BASELINE,P05,258,first,win,S12,3860
seven_opponent_panel,BASELINE,P05,259,second,win,S12,3861
seven_opponent_panel,BASELINE,P05,260,first,loss,S12,3862
seven_opponent_panel,BASELINE,P05,261,second,win,S12,3863
seven_opponent_panel,BASELINE,P05,262,first,win,S12,3864
seven_opponent_panel,BASELINE,P05,263,second,win,S12,3865
seven_opponent_panel,BASELINE,P05,264,first,win,S12,3866
seven_opponent_panel,BASELINE,P05,265,second,loss,S12,3867
seven_opponent_panel,BASELINE,P05,266,first,win,S12,3868
seven_opponent_panel,BASELINE,P05,267,second,win,S12,3869
seven_opponent_panel,BASELINE,P05,268,first,loss,S12,3870
seven_opponent_panel,BASELINE,P05,269,second,win,S12,3871
seven_opponent_panel,BASELINE,P05,270,first,win,S12,3872
seven_opponent_panel,BASELINE,P05,271,second,loss,S12,3873
seven_opponent_panel,BASELINE,P05,272,first,win,S12,3874
seven_opponent_panel,BASELINE,P05,273,second,win,S12,3875
seven_opponent_panel,BASELINE,P05,274,first,win,S12,3876
seven_opponent_panel,BASELINE,P05,275,second,win,S12,3877
seven_opponent_panel,BASELINE,P05,276,first,loss,S12,3878
seven_opponent_panel,BASELINE,P05,277,second,win,S12,3879
seven_opponent_panel,BASELINE,P05,278,first,win,S12,3880
seven_opponent_panel,BASELINE,P05,279,second,win,S12,3881
seven_opponent_panel,BASELINE,P05,280,first,win,S12,3882
seven_opponent_panel,BASELINE,P05,281,second,loss,S12,3883
seven_opponent_panel,BASELINE,P05,282,first,win,S12,3884
seven_opponent_panel,BASELINE,P05,283,second,win,S12,3885
seven_opponent_panel,BASELINE,P05,284,first,win,S12,3886
seven_opponent_panel,BASELINE,P05,285,second,win,S12,3887
seven_opponent_panel,BASELINE,P05,286,first,loss,S12,3888
seven_opponent_panel,BASELINE,P05,287,second,loss,S12,3889
seven_opponent_panel,BASELINE,P05,288,first,win,S12,3890
seven_opponent_panel,BASELINE,P05,289,second,loss,S12,3891
seven_opponent_panel,BASELINE,P05,290,first,win,S12,3892
seven_opponent_panel,BASELINE,P05,291,second,win,S12,3893
seven_opponent_panel,BASELINE,P05,292,first,win,S12,3894
seven_opponent_panel,BASELINE,P05,293,second,win,S12,3895
seven_opponent_panel,BASELINE,P05,294,first,win,S12,3896
seven_opponent_panel,BASELINE,P05,295,second,win,S12,3897
seven_opponent_panel,BASELINE,P05,296,first,win,S12,3898
seven_opponent_panel,BASELINE,P05,297,second,win,S12,3899
seven_opponent_panel,BASELINE,P05,298,first,loss,S12,3901
seven_opponent_panel,BASELINE,P05,299,second,win,S12,3900
seven_opponent_panel,BASELINE,P05,300,first,win,S12,3902
seven_opponent_panel,BASELINE,P05,301,second,loss,S12,3903
seven_opponent_panel,BASELINE,P05,302,first,loss,S12,3904
seven_opponent_panel,BASELINE,P05,303,second,win,S12,3905
seven_opponent_panel,BASELINE,P05,304,first,loss,S12,3907
seven_opponent_panel,BASELINE,P05,305,second,win,S12,3906
seven_opponent_panel,BASELINE,P05,306,first,win,S12,3908
seven_opponent_panel,BASELINE,P05,307,second,win,S12,3909
seven_opponent_panel,BASELINE,P05,308,first,win,S12,3910
seven_opponent_panel,BASELINE,P05,309,second,loss,S12,3911
seven_opponent_panel,BASELINE,P05,310,first,win,S12,3913
seven_opponent_panel,BASELINE,P05,311,second,win,S12,3912
seven_opponent_panel,BASELINE,P05,312,first,win,S12,3914
seven_opponent_panel,BASELINE,P05,313,second,win,S12,3915
seven_opponent_panel,BASELINE,P05,314,first,win,S12,3916
seven_opponent_panel,BASELINE,P05,315,second,win,S12,3917
seven_opponent_panel,BASELINE,P05,316,first,win,S12,3918
seven_opponent_panel,BASELINE,P05,317,second,win,S12,3919
seven_opponent_panel,BASELINE,P05,318,first,win,S12,3920
seven_opponent_panel,BASELINE,P05,319,second,win,S12,3921
seven_opponent_panel,BASELINE,P05,320,first,win,S12,3922
seven_opponent_panel,BASELINE,P05,321,second,win,S12,3923
seven_opponent_panel,BASELINE,P05,322,first,win,S12,3924
seven_opponent_panel,BASELINE,P05,323,second,loss,S12,3926
seven_opponent_panel,BASELINE,P05,324,first,win,S12,3925
seven_opponent_panel,BASELINE,P05,325,second,win,S12,3927
seven_opponent_panel,BASELINE,P05,326,first,win,S12,3928
seven_opponent_panel,BASELINE,P05,327,second,win,S12,3929
seven_opponent_panel,BASELINE,P05,328,first,win,S12,3930
seven_opponent_panel,BASELINE,P05,329,second,win,S12,3931
seven_opponent_panel,BASELINE,P05,330,first,win,S12,3932
seven_opponent_panel,BASELINE,P05,331,second,win,S12,3933
seven_opponent_panel,BASELINE,P05,332,first,win,S12,3934
seven_opponent_panel,BASELINE,P05,333,second,win,S12,3935
seven_opponent_panel,BASELINE,P05,334,first,win,S12,3938
seven_opponent_panel,BASELINE,P05,335,second,win,S12,3937
seven_opponent_panel,BASELINE,P05,336,first,win,S12,3936
seven_opponent_panel,BASELINE,P05,337,second,win,S12,3939
seven_opponent_panel,BASELINE,P05,338,first,win,S12,3941
seven_opponent_panel,BASELINE,P05,339,second,win,S12,3940
seven_opponent_panel,BASELINE,P05,340,first,win,S12,3942
seven_opponent_panel,BASELINE,P05,341,second,loss,S12,3943
seven_opponent_panel,BASELINE,P05,342,first,loss,S12,3944
seven_opponent_panel,BASELINE,P05,343,second,win,S12,3947
seven_opponent_panel,BASELINE,P05,344,first,win,S12,3945
seven_opponent_panel,BASELINE,P05,345,second,win,S12,3946
seven_opponent_panel,BASELINE,P05,346,first,win,S12,3948
seven_opponent_panel,BASELINE,P05,347,second,win,S12,3949
seven_opponent_panel,BASELINE,P05,348,first,win,S12,3950
seven_opponent_panel,BASELINE,P05,349,second,win,S12,3951
seven_opponent_panel,BASELINE,P05,350,first,loss,S12,3952
seven_opponent_panel,BASELINE,P05,351,second,win,S12,3953
seven_opponent_panel,BASELINE,P05,352,first,win,S12,3955
seven_opponent_panel,BASELINE,P05,353,second,win,S12,3954
seven_opponent_panel,BASELINE,P05,354,first,win,S12,3956
seven_opponent_panel,BASELINE,P05,355,second,win,S12,3959
seven_opponent_panel,BASELINE,P05,356,first,win,S12,3957
seven_opponent_panel,BASELINE,P05,357,second,win,S12,3958
seven_opponent_panel,BASELINE,P05,358,first,win,S12,3960
seven_opponent_panel,BASELINE,P05,359,second,loss,S12,3961
seven_opponent_panel,BASELINE,P05,360,first,win,S12,3962
seven_opponent_panel,BASELINE,P05,361,second,win,S12,3963
seven_opponent_panel,BASELINE,P05,362,first,win,S12,3964
seven_opponent_panel,BASELINE,P05,363,second,win,S12,3965
seven_opponent_panel,BASELINE,P05,364,first,win,S12,3966
seven_opponent_panel,BASELINE,P05,365,second,win,S12,3967
seven_opponent_panel,BASELINE,P05,366,first,win,S12,3968
seven_opponent_panel,BASELINE,P05,367,second,win,S12,3969
seven_opponent_panel,BASELINE,P05,368,first,win,S12,3970
seven_opponent_panel,BASELINE,P05,369,second,win,S12,3971
seven_opponent_panel,BASELINE,P05,370,first,win,S12,3972
seven_opponent_panel,BASELINE,P05,371,second,win,S12,3973
seven_opponent_panel,BASELINE,P05,372,first,win,S12,3974
seven_opponent_panel,BASELINE,P05,373,second,win,S12,3975
seven_opponent_panel,BASELINE,P05,374,first,win,S12,3976
seven_opponent_panel,BASELINE,P05,375,second,win,S12,3977
seven_opponent_panel,BASELINE,P05,376,first,win,S12,3978
seven_opponent_panel,BASELINE,P05,377,second,win,S12,3979
seven_opponent_panel,BASELINE,P05,378,first,win,S12,3980
seven_opponent_panel,BASELINE,P05,379,second,win,S12,3981
seven_opponent_panel,BASELINE,P05,380,first,win,S12,3982
seven_opponent_panel,BASELINE,P05,381,second,win,S12,3983
seven_opponent_panel,BASELINE,P05,382,first,win,S12,3984
seven_opponent_panel,BASELINE,P05,383,second,loss,S12,3985
seven_opponent_panel,BASELINE,P05,384,first,win,S12,3986
seven_opponent_panel,BASELINE,P05,385,second,win,S12,3987
seven_opponent_panel,BASELINE,P05,386,first,loss,S12,3988
seven_opponent_panel,BASELINE,P05,387,second,loss,S12,3989
seven_opponent_panel,BASELINE,P05,388,first,win,S12,3990
seven_opponent_panel,BASELINE,P05,389,second,win,S12,3991
seven_opponent_panel,BASELINE,P05,390,first,win,S12,3992
seven_opponent_panel,BASELINE,P05,391,second,win,S12,3994
seven_opponent_panel,BASELINE,P05,392,first,win,S12,3995
seven_opponent_panel,BASELINE,P05,393,second,win,S12,3993
seven_opponent_panel,BASELINE,P05,394,first,win,S12,3996
seven_opponent_panel,BASELINE,P05,395,second,win,S12,3998
seven_opponent_panel,BASELINE,P05,396,first,win,S12,3997
seven_opponent_panel,BASELINE,P05,397,second,win,S12,3999
seven_opponent_panel,BASELINE,P05,398,first,win,S12,4001
seven_opponent_panel,BASELINE,P05,399,second,win,S12,4000
seven_opponent_panel,BASELINE,P05,400,first,win,S12,4002
seven_opponent_panel,BASELINE,P05,401,second,win,S12,4003
seven_opponent_panel,BASELINE,P05,402,first,win,S12,4004
seven_opponent_panel,BASELINE,P05,403,second,loss,S12,4005
seven_opponent_panel,BASELINE,P05,404,first,win,S12,4006
seven_opponent_panel,BASELINE,P05,405,second,win,S12,4007
seven_opponent_panel,BASELINE,P05,406,first,win,S12,4008
seven_opponent_panel,BASELINE,P05,407,second,loss,S12,4009
seven_opponent_panel,BASELINE,P05,408,first,win,S12,4010
seven_opponent_panel,BASELINE,P05,409,second,win,S12,4011
seven_opponent_panel,BASELINE,P05,410,first,win,S12,4012
seven_opponent_panel,BASELINE,P05,411,second,win,S12,4013
seven_opponent_panel,BASELINE,P05,412,first,win,S12,4014
seven_opponent_panel,BASELINE,P05,413,second,win,S12,4015
seven_opponent_panel,BASELINE,P05,414,first,win,S12,4016
seven_opponent_panel,BASELINE,P05,415,second,win,S12,4017
seven_opponent_panel,BASELINE,P05,416,first,win,S12,4019
seven_opponent_panel,BASELINE,P05,417,second,win,S12,4018
seven_opponent_panel,BASELINE,P05,418,first,win,S12,4020
seven_opponent_panel,BASELINE,P05,419,second,win,S12,4021
seven_opponent_panel,BASELINE,P05,420,first,win,S12,4022
seven_opponent_panel,BASELINE,P05,421,second,win,S12,4023
seven_opponent_panel,BASELINE,P05,422,first,win,S12,4024
seven_opponent_panel,BASELINE,P05,423,second,win,S12,4025
seven_opponent_panel,BASELINE,P05,424,first,win,S12,4026
seven_opponent_panel,BASELINE,P05,425,second,win,S12,4027
seven_opponent_panel,BASELINE,P05,426,first,loss,S12,4028
seven_opponent_panel,BASELINE,P05,427,second,win,S12,4029
seven_opponent_panel,BASELINE,P05,428,first,win,S12,4030
seven_opponent_panel,BASELINE,P05,429,second,win,S12,4031
seven_opponent_panel,BASELINE,P05,430,first,win,S12,4032
seven_opponent_panel,BASELINE,P05,431,second,loss,S12,4033
seven_opponent_panel,BASELINE,P05,432,first,win,S12,4034
seven_opponent_panel,BASELINE,P05,433,second,win,S12,4036
seven_opponent_panel,BASELINE,P05,434,first,win,S12,4035
seven_opponent_panel,BASELINE,P05,435,second,win,S12,4037
seven_opponent_panel,BASELINE,P05,436,first,win,S12,4038
seven_opponent_panel,BASELINE,P05,437,second,win,S12,4039
seven_opponent_panel,BASELINE,P05,438,first,win,S12,4040
seven_opponent_panel,BASELINE,P05,439,second,win,S12,4041
seven_opponent_panel,BASELINE,P05,440,first,win,S12,4042
seven_opponent_panel,BASELINE,P05,441,second,win,S12,4043
seven_opponent_panel,BASELINE,P05,442,first,loss,S12,4044
seven_opponent_panel,BASELINE,P05,443,second,win,S12,4046
seven_opponent_panel,BASELINE,P05,444,first,win,S12,4045
seven_opponent_panel,BASELINE,P05,445,second,win,S12,4047
seven_opponent_panel,BASELINE,P05,446,first,win,S12,4048
seven_opponent_panel,BASELINE,P05,447,second,loss,S12,4049
seven_opponent_panel,BASELINE,P05,448,first,loss,S12,4050
seven_opponent_panel,BASELINE,P05,449,second,win,S12,4051
seven_opponent_panel,BASELINE,P05,450,first,win,S12,4052
seven_opponent_panel,BASELINE,P05,451,second,win,S12,4053
seven_opponent_panel,BASELINE,P05,452,first,win,S12,4054
seven_opponent_panel,BASELINE,P05,453,second,win,S12,4055
seven_opponent_panel,BASELINE,P05,454,first,win,S12,4056
seven_opponent_panel,BASELINE,P05,455,second,win,S12,4057
seven_opponent_panel,BASELINE,P05,456,first,win,S12,4058
seven_opponent_panel,BASELINE,P05,457,second,win,S12,4060
seven_opponent_panel,BASELINE,P05,458,first,win,S12,4059
seven_opponent_panel,BASELINE,P05,459,second,win,S12,4061
seven_opponent_panel,BASELINE,P05,460,first,win,S12,4062
seven_opponent_panel,BASELINE,P05,461,second,win,S12,4063
seven_opponent_panel,BASELINE,P05,462,first,win,S12,4064
seven_opponent_panel,BASELINE,P05,463,second,win,S12,4066
seven_opponent_panel,BASELINE,P05,464,first,win,S12,4065
seven_opponent_panel,BASELINE,P05,465,second,win,S12,4067
seven_opponent_panel,BASELINE,P05,466,first,win,S12,4069
seven_opponent_panel,BASELINE,P05,467,second,win,S12,4068
seven_opponent_panel,BASELINE,P05,468,first,win,S12,4070
seven_opponent_panel,BASELINE,P05,469,second,win,S12,4071
seven_opponent_panel,BASELINE,P05,470,first,win,S12,4072
seven_opponent_panel,BASELINE,P05,471,second,win,S12,4073
seven_opponent_panel,BASELINE,P05,472,first,win,S12,4074
seven_opponent_panel,BASELINE,P05,473,second,win,S12,4075
seven_opponent_panel,BASELINE,P05,474,first,win,S12,4076
seven_opponent_panel,BASELINE,P05,475,second,win,S12,4078
seven_opponent_panel,BASELINE,P05,476,first,win,S12,4077
seven_opponent_panel,BASELINE,P05,477,second,win,S12,4079
seven_opponent_panel,BASELINE,P05,478,first,loss,S12,4080
seven_opponent_panel,BASELINE,P05,479,second,loss,S12,4082
seven_opponent_panel,BASELINE,P05,480,first,win,S12,4081
seven_opponent_panel,BASELINE,P05,481,second,win,S12,4084
seven_opponent_panel,BASELINE,P05,482,first,win,S12,4085
seven_opponent_panel,BASELINE,P05,483,second,win,S12,4083
seven_opponent_panel,BASELINE,P05,484,first,win,S12,4086
seven_opponent_panel,BASELINE,P05,485,second,win,S12,4088
seven_opponent_panel,BASELINE,P05,486,first,win,S12,4087
seven_opponent_panel,BASELINE,P05,487,second,win,S12,4091
seven_opponent_panel,BASELINE,P05,488,first,win,S12,4090
seven_opponent_panel,BASELINE,P05,489,second,win,S12,4089
seven_opponent_panel,BASELINE,P05,490,first,loss,S12,4092
seven_opponent_panel,BASELINE,P05,491,second,win,S12,4093
seven_opponent_panel,BASELINE,P05,492,first,win,S12,4094
seven_opponent_panel,BASELINE,P05,493,second,win,S12,4095
seven_opponent_panel,BASELINE,P05,494,first,win,S12,4096
seven_opponent_panel,BASELINE,P05,495,second,win,S12,4097
seven_opponent_panel,BASELINE,P05,496,first,win,S12,4098
seven_opponent_panel,BASELINE,P05,497,second,win,S12,4099
seven_opponent_panel,BASELINE,P05,498,first,win,S12,4100
seven_opponent_panel,BASELINE,P05,499,second,win,S12,4103
seven_opponent_panel,BASELINE,P05,500,first,loss,S12,4101
seven_opponent_panel,BASELINE,P05,501,second,win,S12,4102
seven_opponent_panel,BASELINE,P05,502,first,win,S12,4105
seven_opponent_panel,BASELINE,P05,503,second,win,S12,4104
seven_opponent_panel,BASELINE,P05,504,first,win,S12,4106
seven_opponent_panel,BASELINE,P05,505,second,win,S12,4107
seven_opponent_panel,BASELINE,P05,506,first,loss,S12,4108
seven_opponent_panel,BASELINE,P05,507,second,win,S12,4109
seven_opponent_panel,BASELINE,P05,508,first,win,S12,4110
seven_opponent_panel,BASELINE,P05,509,second,win,S12,4111
seven_opponent_panel,BASELINE,P05,510,first,win,S12,4112
seven_opponent_panel,BASELINE,P05,511,second,win,S12,4113
seven_opponent_panel,BASELINE,P05,512,first,loss,S12,4114
seven_opponent_panel,BASELINE,P05,513,second,win,S12,4115
seven_opponent_panel,BASELINE,P05,514,first,win,S12,4116
seven_opponent_panel,BASELINE,P05,515,second,loss,S12,4117
seven_opponent_panel,BASELINE,P05,516,first,win,S12,4118
seven_opponent_panel,BASELINE,P05,517,second,win,S12,4119
seven_opponent_panel,BASELINE,P05,518,first,win,S12,4121
seven_opponent_panel,BASELINE,P05,519,second,win,S12,4120
seven_opponent_panel,BASELINE,P05,520,first,win,S12,4122
seven_opponent_panel,BASELINE,P05,521,second,win,S12,4123
seven_opponent_panel,BASELINE,P05,522,first,win,S12,4124
seven_opponent_panel,BASELINE,P05,523,second,win,S12,4126
seven_opponent_panel,BASELINE,P05,524,first,win,S12,4125
seven_opponent_panel,BASELINE,P05,525,second,win,S12,4127
seven_opponent_panel,BASELINE,P05,526,first,win,S12,4129
seven_opponent_panel,BASELINE,P05,527,second,loss,S12,4130
seven_opponent_panel,BASELINE,P05,528,first,win,S12,4128
seven_opponent_panel,BASELINE,P05,529,second,loss,S12,4131
seven_opponent_panel,BASELINE,P05,530,first,win,S12,4132
seven_opponent_panel,BASELINE,P05,531,second,win,S12,4133
seven_opponent_panel,BASELINE,P05,532,first,win,S12,4134
seven_opponent_panel,BASELINE,P05,533,second,win,S12,4136
seven_opponent_panel,BASELINE,P05,534,first,win,S12,4135
seven_opponent_panel,BASELINE,P05,535,second,win,S12,4137
seven_opponent_panel,BASELINE,P05,536,first,loss,S12,4139
seven_opponent_panel,BASELINE,P05,537,second,win,S12,4138
seven_opponent_panel,BASELINE,P05,538,first,loss,S12,4140
seven_opponent_panel,BASELINE,P05,539,second,loss,S12,4141
seven_opponent_panel,BASELINE,P05,540,first,win,S12,4142
seven_opponent_panel,BASELINE,P05,541,second,win,S12,4144
seven_opponent_panel,BASELINE,P05,542,first,win,S12,4143
seven_opponent_panel,BASELINE,P05,543,second,win,S12,4145
seven_opponent_panel,BASELINE,P05,544,first,win,S12,4147
seven_opponent_panel,BASELINE,P05,545,second,win,S12,4146
seven_opponent_panel,BASELINE,P05,546,first,win,S12,4148
seven_opponent_panel,BASELINE,P05,547,second,win,S12,4149
seven_opponent_panel,BASELINE,P05,548,first,win,S12,4150
seven_opponent_panel,BASELINE,P05,549,second,win,S12,4151
seven_opponent_panel,BASELINE,P05,550,first,win,S12,4153
seven_opponent_panel,BASELINE,P05,551,second,win,S12,4152
seven_opponent_panel,BASELINE,P05,552,first,win,S12,4154
seven_opponent_panel,BASELINE,P05,553,second,win,S12,4155
seven_opponent_panel,BASELINE,P05,554,first,win,S12,4156
seven_opponent_panel,BASELINE,P05,555,second,loss,S12,4157
seven_opponent_panel,BASELINE,P05,556,first,win,S12,4158
seven_opponent_panel,BASELINE,P05,557,second,win,S12,4159
seven_opponent_panel,BASELINE,P05,558,first,loss,S12,4160
seven_opponent_panel,BASELINE,P05,559,second,win,S12,4161
seven_opponent_panel,BASELINE,P05,560,first,win,S12,4162
seven_opponent_panel,BASELINE,P05,561,second,win,S12,4163
seven_opponent_panel,BASELINE,P05,562,first,win,S12,4164
seven_opponent_panel,BASELINE,P05,563,second,win,S12,4165
seven_opponent_panel,BASELINE,P05,564,first,loss,S12,4166
seven_opponent_panel,BASELINE,P05,565,second,win,S12,4167
seven_opponent_panel,BASELINE,P05,566,first,win,S12,4168
seven_opponent_panel,BASELINE,P05,567,second,win,S12,4169
seven_opponent_panel,BASELINE,P05,568,first,win,S12,4170
seven_opponent_panel,BASELINE,P05,569,second,win,S12,4171
seven_opponent_panel,BASELINE,P05,570,first,win,S12,4172
seven_opponent_panel,BASELINE,P05,571,second,win,S12,4173
seven_opponent_panel,BASELINE,P05,572,first,win,S12,4174
seven_opponent_panel,BASELINE,P05,573,second,win,S12,4175
seven_opponent_panel,BASELINE,P05,574,first,win,S12,4177
seven_opponent_panel,BASELINE,P05,575,second,win,S12,4176
seven_opponent_panel,BASELINE,P05,576,first,win,S12,4178
seven_opponent_panel,BASELINE,P05,577,second,win,S12,4179
seven_opponent_panel,BASELINE,P05,578,first,win,S12,4180
seven_opponent_panel,BASELINE,P05,579,second,loss,S12,4181
seven_opponent_panel,BASELINE,P05,580,first,win,S12,4183
seven_opponent_panel,BASELINE,P05,581,second,loss,S12,4182
seven_opponent_panel,BASELINE,P05,582,first,win,S12,4184
seven_opponent_panel,BASELINE,P05,583,second,win,S12,4185
seven_opponent_panel,BASELINE,P05,584,first,win,S12,4186
seven_opponent_panel,BASELINE,P05,585,second,win,S12,4187
seven_opponent_panel,BASELINE,P05,586,first,loss,S12,4189
seven_opponent_panel,BASELINE,P05,587,second,win,S12,4188
seven_opponent_panel,BASELINE,P05,588,first,win,S12,4190
seven_opponent_panel,BASELINE,P05,589,second,win,S12,4191
seven_opponent_panel,BASELINE,P05,590,first,loss,S12,4192
seven_opponent_panel,BASELINE,P05,591,second,win,S12,4193
seven_opponent_panel,BASELINE,P05,592,first,win,S12,4194
seven_opponent_panel,BASELINE,P05,593,second,win,S12,4196
seven_opponent_panel,BASELINE,P05,594,first,win,S12,4195
seven_opponent_panel,BASELINE,P05,595,second,win,S12,4197
seven_opponent_panel,BASELINE,P05,596,first,win,S12,4198
seven_opponent_panel,BASELINE,P05,597,second,win,S12,4199
seven_opponent_panel,BASELINE,P05,598,first,win,S12,4201
seven_opponent_panel,BASELINE,P05,599,second,win,S12,4200
seven_opponent_panel,BASELINE,P06,0,first,win,S12,1201
seven_opponent_panel,BASELINE,P06,1,second,win,S12,1202
seven_opponent_panel,BASELINE,P06,2,first,win,S12,1203
seven_opponent_panel,BASELINE,P06,3,second,win,S12,1204
seven_opponent_panel,BASELINE,P06,4,first,win,S12,1205
seven_opponent_panel,BASELINE,P06,5,second,win,S12,1206
seven_opponent_panel,BASELINE,P06,6,first,win,S12,1207
seven_opponent_panel,BASELINE,P06,7,second,loss,S12,1209
seven_opponent_panel,BASELINE,P06,8,first,win,S12,1210
seven_opponent_panel,BASELINE,P06,9,second,win,S12,1211
seven_opponent_panel,BASELINE,P06,10,first,win,S12,1212
seven_opponent_panel,BASELINE,P06,11,second,win,S12,1213
seven_opponent_panel,BASELINE,P06,12,first,win,S12,1214
seven_opponent_panel,BASELINE,P06,13,second,loss,S12,1215
seven_opponent_panel,BASELINE,P06,14,first,win,S12,1216
seven_opponent_panel,BASELINE,P06,15,second,win,S12,1217
seven_opponent_panel,BASELINE,P06,16,first,loss,S12,1219
seven_opponent_panel,BASELINE,P06,17,second,loss,S12,1218
seven_opponent_panel,BASELINE,P06,18,first,loss,S12,1220
seven_opponent_panel,BASELINE,P06,19,second,win,S12,1222
seven_opponent_panel,BASELINE,P06,20,first,win,S12,1221
seven_opponent_panel,BASELINE,P06,21,second,loss,S12,1225
seven_opponent_panel,BASELINE,P06,22,first,win,S12,1224
seven_opponent_panel,BASELINE,P06,23,second,win,S12,1223
seven_opponent_panel,BASELINE,P06,24,first,loss,S12,1227
seven_opponent_panel,BASELINE,P06,25,second,win,S12,1226
seven_opponent_panel,BASELINE,P06,26,first,win,S12,1228
seven_opponent_panel,BASELINE,P06,27,second,loss,S12,1230
seven_opponent_panel,BASELINE,P06,28,first,win,S12,1229
seven_opponent_panel,BASELINE,P06,29,second,win,S12,1231
seven_opponent_panel,BASELINE,P06,30,first,win,S12,1232
seven_opponent_panel,BASELINE,P06,31,second,loss,S12,1233
seven_opponent_panel,BASELINE,P06,32,first,win,S12,1234
seven_opponent_panel,BASELINE,P06,33,second,win,S12,1235
seven_opponent_panel,BASELINE,P06,34,first,win,S12,1236
seven_opponent_panel,BASELINE,P06,35,second,win,S12,1237
seven_opponent_panel,BASELINE,P06,36,first,loss,S12,1239
seven_opponent_panel,BASELINE,P06,37,second,win,S12,1238
seven_opponent_panel,BASELINE,P06,38,first,win,S12,1240
seven_opponent_panel,BASELINE,P06,39,second,win,S12,1241
seven_opponent_panel,BASELINE,P06,40,first,loss,S12,1242
seven_opponent_panel,BASELINE,P06,41,second,win,S12,1243
seven_opponent_panel,BASELINE,P06,42,first,win,S12,1244
seven_opponent_panel,BASELINE,P06,43,second,win,S12,1245
seven_opponent_panel,BASELINE,P06,44,first,win,S12,1246
seven_opponent_panel,BASELINE,P06,45,second,win,S12,1247
seven_opponent_panel,BASELINE,P06,46,first,win,S12,1248
seven_opponent_panel,BASELINE,P06,47,second,loss,S12,1249
seven_opponent_panel,BASELINE,P06,48,first,win,S12,1250
seven_opponent_panel,BASELINE,P06,49,second,win,S12,1251
seven_opponent_panel,BASELINE,P06,50,first,win,S12,1252
seven_opponent_panel,BASELINE,P06,51,second,win,S12,1253
seven_opponent_panel,BASELINE,P06,52,first,loss,S12,1254
seven_opponent_panel,BASELINE,P06,53,second,win,S12,1255
seven_opponent_panel,BASELINE,P06,54,first,win,S12,1256
seven_opponent_panel,BASELINE,P06,55,second,win,S12,1257
seven_opponent_panel,BASELINE,P06,56,first,win,S12,1258
seven_opponent_panel,BASELINE,P06,57,second,win,S12,1259
seven_opponent_panel,BASELINE,P06,58,first,win,S12,1261
seven_opponent_panel,BASELINE,P06,59,second,win,S12,1260
seven_opponent_panel,BASELINE,P06,60,first,win,S12,1262
seven_opponent_panel,BASELINE,P06,61,second,win,S12,1263
seven_opponent_panel,BASELINE,P06,62,first,win,S12,1264
seven_opponent_panel,BASELINE,P06,63,second,loss,S12,1266
seven_opponent_panel,BASELINE,P06,64,first,loss,S12,1265
seven_opponent_panel,BASELINE,P06,65,second,loss,S12,1267
seven_opponent_panel,BASELINE,P06,66,first,win,S12,1269
seven_opponent_panel,BASELINE,P06,67,second,win,S12,1268
seven_opponent_panel,BASELINE,P06,68,first,win,S12,1270
seven_opponent_panel,BASELINE,P06,69,second,win,S12,1272
seven_opponent_panel,BASELINE,P06,70,first,win,S12,1273
seven_opponent_panel,BASELINE,P06,71,second,win,S12,1271
seven_opponent_panel,BASELINE,P06,72,first,win,S12,1274
seven_opponent_panel,BASELINE,P06,73,second,loss,S12,1276
seven_opponent_panel,BASELINE,P06,74,first,win,S12,1275
seven_opponent_panel,BASELINE,P06,75,second,win,S12,1277
seven_opponent_panel,BASELINE,P06,76,first,win,S12,1278
seven_opponent_panel,BASELINE,P06,77,second,win,S12,1279
seven_opponent_panel,BASELINE,P06,78,first,win,S12,1280
seven_opponent_panel,BASELINE,P06,79,second,win,S12,1281
seven_opponent_panel,BASELINE,P06,80,first,win,S12,1282
seven_opponent_panel,BASELINE,P06,81,second,loss,S12,1283
seven_opponent_panel,BASELINE,P06,82,first,win,S12,1284
seven_opponent_panel,BASELINE,P06,83,second,win,S12,1285
seven_opponent_panel,BASELINE,P06,84,first,win,S12,1286
seven_opponent_panel,BASELINE,P06,85,second,win,S12,1287
seven_opponent_panel,BASELINE,P06,86,first,win,S12,1288
seven_opponent_panel,BASELINE,P06,87,second,loss,S12,1290
seven_opponent_panel,BASELINE,P06,88,first,win,S12,1289
seven_opponent_panel,BASELINE,P06,89,second,win,S12,1291
seven_opponent_panel,BASELINE,P06,90,first,loss,S12,1292
seven_opponent_panel,BASELINE,P06,91,second,win,S12,1293
seven_opponent_panel,BASELINE,P06,92,first,win,S12,1294
seven_opponent_panel,BASELINE,P06,93,second,loss,S12,1296
seven_opponent_panel,BASELINE,P06,94,first,win,S12,1295
seven_opponent_panel,BASELINE,P06,95,second,win,S12,1297
seven_opponent_panel,BASELINE,P06,96,first,win,S12,1298
seven_opponent_panel,BASELINE,P06,97,second,loss,S12,1300
seven_opponent_panel,BASELINE,P06,98,first,win,S12,1299
seven_opponent_panel,BASELINE,P06,99,second,win,S12,1302
seven_opponent_panel,BASELINE,P06,100,first,win,S12,1301
seven_opponent_panel,BASELINE,P06,101,second,win,S12,1303
seven_opponent_panel,BASELINE,P06,102,first,win,S12,1305
seven_opponent_panel,BASELINE,P06,103,second,win,S12,1304
seven_opponent_panel,BASELINE,P06,104,first,loss,S12,1306
seven_opponent_panel,BASELINE,P06,105,second,win,S12,1307
seven_opponent_panel,BASELINE,P06,106,first,win,S12,1308
seven_opponent_panel,BASELINE,P06,107,second,win,S12,1309
seven_opponent_panel,BASELINE,P06,108,first,win,S12,1310
seven_opponent_panel,BASELINE,P06,109,second,win,S12,1311
seven_opponent_panel,BASELINE,P06,110,first,win,S12,1312
seven_opponent_panel,BASELINE,P06,111,second,win,S12,1313
seven_opponent_panel,BASELINE,P06,112,first,win,S12,1314
seven_opponent_panel,BASELINE,P06,113,second,win,S12,1315
seven_opponent_panel,BASELINE,P06,114,first,loss,S12,1316
seven_opponent_panel,BASELINE,P06,115,second,win,S12,1317
seven_opponent_panel,BASELINE,P06,116,first,win,S12,1318
seven_opponent_panel,BASELINE,P06,117,second,win,S12,1319
seven_opponent_panel,BASELINE,P06,118,first,win,S12,1321
seven_opponent_panel,BASELINE,P06,119,second,win,S12,1320
seven_opponent_panel,BASELINE,P06,120,first,win,S12,1322
seven_opponent_panel,BASELINE,P06,121,second,loss,S12,1324
seven_opponent_panel,BASELINE,P06,122,first,win,S12,1323
seven_opponent_panel,BASELINE,P06,123,second,loss,S12,1325
seven_opponent_panel,BASELINE,P06,124,first,win,S12,1326
seven_opponent_panel,BASELINE,P06,125,second,win,S12,1327
seven_opponent_panel,BASELINE,P06,126,first,win,S12,1328
seven_opponent_panel,BASELINE,P06,127,second,win,S12,1329
seven_opponent_panel,BASELINE,P06,128,first,win,S12,1330
seven_opponent_panel,BASELINE,P06,129,second,loss,S12,1331
seven_opponent_panel,BASELINE,P06,130,first,win,S12,1333
seven_opponent_panel,BASELINE,P06,131,second,win,S12,1332
seven_opponent_panel,BASELINE,P06,132,first,loss,S12,1336
seven_opponent_panel,BASELINE,P06,133,second,win,S12,1334
seven_opponent_panel,BASELINE,P06,134,first,win,S12,1335
seven_opponent_panel,BASELINE,P06,135,second,win,S12,1337
seven_opponent_panel,BASELINE,P06,136,first,win,S12,1338
seven_opponent_panel,BASELINE,P06,137,second,win,S12,1339
seven_opponent_panel,BASELINE,P06,138,first,win,S12,1340
seven_opponent_panel,BASELINE,P06,139,second,win,S12,1341
seven_opponent_panel,BASELINE,P06,140,first,loss,S12,1342
seven_opponent_panel,BASELINE,P06,141,second,win,S12,1343
seven_opponent_panel,BASELINE,P06,142,first,loss,S12,1344
seven_opponent_panel,BASELINE,P06,143,second,win,S12,1345
seven_opponent_panel,BASELINE,P06,144,first,win,S12,1346
seven_opponent_panel,BASELINE,P06,145,second,loss,S12,1347
seven_opponent_panel,BASELINE,P06,146,first,win,S12,1348
seven_opponent_panel,BASELINE,P06,147,second,win,S12,1349
seven_opponent_panel,BASELINE,P06,148,first,win,S12,1350
seven_opponent_panel,BASELINE,P06,149,second,win,S12,1351
seven_opponent_panel,BASELINE,P06,150,first,win,S12,1352
seven_opponent_panel,BASELINE,P06,151,second,win,S12,1353
seven_opponent_panel,BASELINE,P06,152,first,win,S12,1354
seven_opponent_panel,BASELINE,P06,153,second,win,S12,1355
seven_opponent_panel,BASELINE,P06,154,first,win,S12,1356
seven_opponent_panel,BASELINE,P06,155,second,loss,S12,1357
seven_opponent_panel,BASELINE,P06,156,first,win,S12,1358
seven_opponent_panel,BASELINE,P06,157,second,loss,S12,1360
seven_opponent_panel,BASELINE,P06,158,first,win,S12,1359
seven_opponent_panel,BASELINE,P06,159,second,loss,S12,1361
seven_opponent_panel,BASELINE,P06,160,first,loss,S12,1362
seven_opponent_panel,BASELINE,P06,161,second,win,S12,1363
seven_opponent_panel,BASELINE,P06,162,first,win,S12,1364
seven_opponent_panel,BASELINE,P06,163,second,loss,S12,1365
seven_opponent_panel,BASELINE,P06,164,first,win,S12,1366
seven_opponent_panel,BASELINE,P06,165,second,win,S12,1367
seven_opponent_panel,BASELINE,P06,166,first,win,S12,1368
seven_opponent_panel,BASELINE,P06,167,second,win,S12,1369
seven_opponent_panel,BASELINE,P06,168,first,win,S12,1370
seven_opponent_panel,BASELINE,P06,169,second,win,S12,1371
seven_opponent_panel,BASELINE,P06,170,first,win,S12,1372
seven_opponent_panel,BASELINE,P06,171,second,win,S12,1373
seven_opponent_panel,BASELINE,P06,172,first,win,S12,1374
seven_opponent_panel,BASELINE,P06,173,second,win,S12,1375
seven_opponent_panel,BASELINE,P06,174,first,win,S12,1376
seven_opponent_panel,BASELINE,P06,175,second,win,S12,1377
seven_opponent_panel,BASELINE,P06,176,first,win,S12,1378
seven_opponent_panel,BASELINE,P06,177,second,loss,S12,1379
seven_opponent_panel,BASELINE,P06,178,first,win,S12,1380
seven_opponent_panel,BASELINE,P06,179,second,win,S12,1381
seven_opponent_panel,BASELINE,P06,180,first,win,S12,1382
seven_opponent_panel,BASELINE,P06,181,second,win,S12,1383
seven_opponent_panel,BASELINE,P06,182,first,win,S12,1384
seven_opponent_panel,BASELINE,P06,183,second,win,S12,1385
seven_opponent_panel,BASELINE,P06,184,first,win,S12,1386
seven_opponent_panel,BASELINE,P06,185,second,win,S12,1387
seven_opponent_panel,BASELINE,P06,186,first,win,S12,1388
seven_opponent_panel,BASELINE,P06,187,second,win,S12,1389
seven_opponent_panel,BASELINE,P06,188,first,win,S12,1390
seven_opponent_panel,BASELINE,P06,189,second,win,S12,1391
seven_opponent_panel,BASELINE,P06,190,first,win,S12,1392
seven_opponent_panel,BASELINE,P06,191,second,win,S12,1393
seven_opponent_panel,BASELINE,P06,192,first,win,S12,1394
seven_opponent_panel,BASELINE,P06,193,second,win,S12,1395
seven_opponent_panel,BASELINE,P06,194,first,win,S12,1396
seven_opponent_panel,BASELINE,P06,195,second,win,S12,1397
seven_opponent_panel,BASELINE,P06,196,first,win,S12,1398
seven_opponent_panel,BASELINE,P06,197,second,win,S12,1399
seven_opponent_panel,BASELINE,P06,198,first,win,S12,1400
seven_opponent_panel,BASELINE,P06,199,second,win,S12,1401
seven_opponent_panel,BASELINE,P06,200,first,win,S12,1402
seven_opponent_panel,BASELINE,P06,201,second,win,S12,1403
seven_opponent_panel,BASELINE,P06,202,first,win,S12,1404
seven_opponent_panel,BASELINE,P06,203,second,win,S12,1405
seven_opponent_panel,BASELINE,P06,204,first,win,S12,1406
seven_opponent_panel,BASELINE,P06,205,second,win,S12,1407
seven_opponent_panel,BASELINE,P06,206,first,win,S12,1408
seven_opponent_panel,BASELINE,P06,207,second,win,S12,1409
seven_opponent_panel,BASELINE,P06,208,first,win,S12,1410
seven_opponent_panel,BASELINE,P06,209,second,win,S12,1411
seven_opponent_panel,BASELINE,P06,210,first,loss,S12,1412
seven_opponent_panel,BASELINE,P06,211,second,win,S12,1413
seven_opponent_panel,BASELINE,P06,212,first,win,S12,1414
seven_opponent_panel,BASELINE,P06,213,second,win,S12,1415
seven_opponent_panel,BASELINE,P06,214,first,win,S12,1416
seven_opponent_panel,BASELINE,P06,215,second,win,S12,1417
seven_opponent_panel,BASELINE,P06,216,first,loss,S12,1418
seven_opponent_panel,BASELINE,P06,217,second,win,S12,1419
seven_opponent_panel,BASELINE,P06,218,first,win,S12,1420
seven_opponent_panel,BASELINE,P06,219,second,loss,S12,1421
seven_opponent_panel,BASELINE,P06,220,first,win,S12,1422
seven_opponent_panel,BASELINE,P06,221,second,win,S12,1423
seven_opponent_panel,BASELINE,P06,222,first,win,S12,1424
seven_opponent_panel,BASELINE,P06,223,second,win,S12,1425
seven_opponent_panel,BASELINE,P06,224,first,loss,S12,1426
seven_opponent_panel,BASELINE,P06,225,second,win,S12,1427
seven_opponent_panel,BASELINE,P06,226,first,win,S12,1428
seven_opponent_panel,BASELINE,P06,227,second,win,S12,1429
seven_opponent_panel,BASELINE,P06,228,first,win,S12,1430
seven_opponent_panel,BASELINE,P06,229,second,win,S12,1431
seven_opponent_panel,BASELINE,P06,230,first,win,S12,1432
seven_opponent_panel,BASELINE,P06,231,second,win,S12,1433
seven_opponent_panel,BASELINE,P06,232,first,win,S12,1434
seven_opponent_panel,BASELINE,P06,233,second,win,S12,1435
seven_opponent_panel,BASELINE,P06,234,first,win,S12,1436
seven_opponent_panel,BASELINE,P06,235,second,win,S12,1437
seven_opponent_panel,BASELINE,P06,236,first,win,S12,1438
seven_opponent_panel,BASELINE,P06,237,second,win,S12,1439
seven_opponent_panel,BASELINE,P06,238,first,win,S12,1440
seven_opponent_panel,BASELINE,P06,239,second,win,S12,1441
seven_opponent_panel,BASELINE,P06,240,first,win,S12,1442
seven_opponent_panel,BASELINE,P06,241,second,loss,S12,1443
seven_opponent_panel,BASELINE,P06,242,first,win,S12,1444
seven_opponent_panel,BASELINE,P06,243,second,win,S12,1445
seven_opponent_panel,BASELINE,P06,244,first,win,S12,1446
seven_opponent_panel,BASELINE,P06,245,second,win,S12,1447
seven_opponent_panel,BASELINE,P06,246,first,win,S12,1448
seven_opponent_panel,BASELINE,P06,247,second,win,S12,1449
seven_opponent_panel,BASELINE,P06,248,first,loss,S12,1450
seven_opponent_panel,BASELINE,P06,249,second,win,S12,1451
seven_opponent_panel,BASELINE,P06,250,first,win,S12,1452
seven_opponent_panel,BASELINE,P06,251,second,loss,S12,1453
seven_opponent_panel,BASELINE,P06,252,first,win,S12,1454
seven_opponent_panel,BASELINE,P06,253,second,win,S12,1455
seven_opponent_panel,BASELINE,P06,254,first,win,S12,1456
seven_opponent_panel,BASELINE,P06,255,second,win,S12,1457
seven_opponent_panel,BASELINE,P06,256,first,win,S12,1458
seven_opponent_panel,BASELINE,P06,257,second,win,S12,1459
seven_opponent_panel,BASELINE,P06,258,first,win,S12,1460
seven_opponent_panel,BASELINE,P06,259,second,win,S12,1461
seven_opponent_panel,BASELINE,P06,260,first,win,S12,1462
seven_opponent_panel,BASELINE,P06,261,second,win,S12,1463
seven_opponent_panel,BASELINE,P06,262,first,win,S12,1464
seven_opponent_panel,BASELINE,P06,263,second,win,S12,1465
seven_opponent_panel,BASELINE,P06,264,first,win,S12,1466
seven_opponent_panel,BASELINE,P06,265,second,win,S12,1467
seven_opponent_panel,BASELINE,P06,266,first,win,S12,1468
seven_opponent_panel,BASELINE,P06,267,second,win,S12,1469
seven_opponent_panel,BASELINE,P06,268,first,win,S12,1470
seven_opponent_panel,BASELINE,P06,269,second,win,S12,1471
seven_opponent_panel,BASELINE,P06,270,first,win,S12,1472
seven_opponent_panel,BASELINE,P06,271,second,win,S12,1474
seven_opponent_panel,BASELINE,P06,272,first,win,S12,1473
seven_opponent_panel,BASELINE,P06,273,second,win,S12,1475
seven_opponent_panel,BASELINE,P06,274,first,win,S12,1476
seven_opponent_panel,BASELINE,P06,275,second,win,S12,1477
seven_opponent_panel,BASELINE,P06,276,first,win,S12,1478
seven_opponent_panel,BASELINE,P06,277,second,win,S12,1479
seven_opponent_panel,BASELINE,P06,278,first,win,S12,1480
seven_opponent_panel,BASELINE,P06,279,second,win,S12,1481
seven_opponent_panel,BASELINE,P06,280,first,win,S12,1482
seven_opponent_panel,BASELINE,P06,281,second,win,S12,1483
seven_opponent_panel,BASELINE,P06,282,first,win,S12,1484
seven_opponent_panel,BASELINE,P06,283,second,win,S12,1485
seven_opponent_panel,BASELINE,P06,284,first,loss,S12,1486
seven_opponent_panel,BASELINE,P06,285,second,win,S12,1488
seven_opponent_panel,BASELINE,P06,286,first,win,S12,1487
seven_opponent_panel,BASELINE,P06,287,second,win,S12,1489
seven_opponent_panel,BASELINE,P06,288,first,win,S12,1490
seven_opponent_panel,BASELINE,P06,289,second,loss,S12,1491
seven_opponent_panel,BASELINE,P06,290,first,win,S12,1492
seven_opponent_panel,BASELINE,P06,291,second,win,S12,1493
seven_opponent_panel,BASELINE,P06,292,first,win,S12,1494
seven_opponent_panel,BASELINE,P06,293,second,win,S12,1495
seven_opponent_panel,BASELINE,P06,294,first,loss,S12,1496
seven_opponent_panel,BASELINE,P06,295,second,win,S12,1497
seven_opponent_panel,BASELINE,P06,296,first,win,S12,1498
seven_opponent_panel,BASELINE,P06,297,second,win,S12,1500
seven_opponent_panel,BASELINE,P06,298,first,win,S12,1499
seven_opponent_panel,BASELINE,P06,299,second,win,S12,1501
seven_opponent_panel,BASELINE,P06,300,first,win,S12,1502
seven_opponent_panel,BASELINE,P06,301,second,win,S12,1503
seven_opponent_panel,BASELINE,P06,302,first,win,S12,1504
seven_opponent_panel,BASELINE,P06,303,second,win,S12,1506
seven_opponent_panel,BASELINE,P06,304,first,win,S12,1505
seven_opponent_panel,BASELINE,P06,305,second,loss,S12,1507
seven_opponent_panel,BASELINE,P06,306,first,win,S12,1509
seven_opponent_panel,BASELINE,P06,307,second,win,S12,1508
seven_opponent_panel,BASELINE,P06,308,first,loss,S12,1512
seven_opponent_panel,BASELINE,P06,309,second,win,S12,1510
seven_opponent_panel,BASELINE,P06,310,first,win,S12,1511
seven_opponent_panel,BASELINE,P06,311,second,win,S12,1513
seven_opponent_panel,BASELINE,P06,312,first,loss,S12,1515
seven_opponent_panel,BASELINE,P06,313,second,win,S12,1514
seven_opponent_panel,BASELINE,P06,314,first,win,S12,1516
seven_opponent_panel,BASELINE,P06,315,second,win,S12,1517
seven_opponent_panel,BASELINE,P06,316,first,win,S12,1518
seven_opponent_panel,BASELINE,P06,317,second,win,S12,1519
seven_opponent_panel,BASELINE,P06,318,first,loss,S12,1521
seven_opponent_panel,BASELINE,P06,319,second,win,S12,1520
seven_opponent_panel,BASELINE,P06,320,first,win,S12,1522
seven_opponent_panel,BASELINE,P06,321,second,win,S12,1523
seven_opponent_panel,BASELINE,P06,322,first,win,S12,1524
seven_opponent_panel,BASELINE,P06,323,second,win,S12,1525
seven_opponent_panel,BASELINE,P06,324,first,win,S12,1526
seven_opponent_panel,BASELINE,P06,325,second,win,S12,1527
seven_opponent_panel,BASELINE,P06,326,first,win,S12,1528
seven_opponent_panel,BASELINE,P06,327,second,win,S12,1529
seven_opponent_panel,BASELINE,P06,328,first,win,S12,1530
seven_opponent_panel,BASELINE,P06,329,second,win,S12,1531
seven_opponent_panel,BASELINE,P06,330,first,win,S12,1533
seven_opponent_panel,BASELINE,P06,331,second,win,S12,1532
seven_opponent_panel,BASELINE,P06,332,first,win,S12,1534
seven_opponent_panel,BASELINE,P06,333,second,win,S12,1535
seven_opponent_panel,BASELINE,P06,334,first,win,S12,1536
seven_opponent_panel,BASELINE,P06,335,second,win,S12,1537
seven_opponent_panel,BASELINE,P06,336,first,win,S12,1538
seven_opponent_panel,BASELINE,P06,337,second,win,S12,1539
seven_opponent_panel,BASELINE,P06,338,first,win,S12,1540
seven_opponent_panel,BASELINE,P06,339,second,win,S12,1541
seven_opponent_panel,BASELINE,P06,340,first,loss,S12,1542
seven_opponent_panel,BASELINE,P06,341,second,win,S12,1543
seven_opponent_panel,BASELINE,P06,342,first,loss,S12,1544
seven_opponent_panel,BASELINE,P06,343,second,loss,S12,1545
seven_opponent_panel,BASELINE,P06,344,first,win,S12,1546
seven_opponent_panel,BASELINE,P06,345,second,loss,S12,1547
seven_opponent_panel,BASELINE,P06,346,first,win,S12,1548
seven_opponent_panel,BASELINE,P06,347,second,loss,S12,1549
seven_opponent_panel,BASELINE,P06,348,first,win,S12,1550
seven_opponent_panel,BASELINE,P06,349,second,win,S12,1551
seven_opponent_panel,BASELINE,P06,350,first,win,S12,1552
seven_opponent_panel,BASELINE,P06,351,second,win,S12,1553
seven_opponent_panel,BASELINE,P06,352,first,win,S12,1554
seven_opponent_panel,BASELINE,P06,353,second,win,S12,1555
seven_opponent_panel,BASELINE,P06,354,first,loss,S12,1557
seven_opponent_panel,BASELINE,P06,355,second,win,S12,1556
seven_opponent_panel,BASELINE,P06,356,first,win,S12,1558
seven_opponent_panel,BASELINE,P06,357,second,win,S12,1560
seven_opponent_panel,BASELINE,P06,358,first,win,S12,1559
seven_opponent_panel,BASELINE,P06,359,second,win,S12,1561
seven_opponent_panel,BASELINE,P06,360,first,win,S12,1563
seven_opponent_panel,BASELINE,P06,361,second,win,S12,1562
seven_opponent_panel,BASELINE,P06,362,first,win,S12,1564
seven_opponent_panel,BASELINE,P06,363,second,win,S12,1565
seven_opponent_panel,BASELINE,P06,364,first,win,S12,1566
seven_opponent_panel,BASELINE,P06,365,second,win,S12,1568
seven_opponent_panel,BASELINE,P06,366,first,win,S12,1569
seven_opponent_panel,BASELINE,P06,367,second,win,S12,1567
seven_opponent_panel,BASELINE,P06,368,first,win,S12,1570
seven_opponent_panel,BASELINE,P06,369,second,loss,S12,1571
seven_opponent_panel,BASELINE,P06,370,first,win,S12,1572
seven_opponent_panel,BASELINE,P06,371,second,win,S12,1573
seven_opponent_panel,BASELINE,P06,372,first,win,S12,1574
seven_opponent_panel,BASELINE,P06,373,second,win,S12,1575
seven_opponent_panel,BASELINE,P06,374,first,win,S12,1577
seven_opponent_panel,BASELINE,P06,375,second,win,S12,1576
seven_opponent_panel,BASELINE,P06,376,first,win,S12,1578
seven_opponent_panel,BASELINE,P06,377,second,win,S12,1580
seven_opponent_panel,BASELINE,P06,378,first,win,S12,1579
seven_opponent_panel,BASELINE,P06,379,second,win,S12,1581
seven_opponent_panel,BASELINE,P06,380,first,loss,S12,1584
seven_opponent_panel,BASELINE,P06,381,second,win,S12,1582
seven_opponent_panel,BASELINE,P06,382,first,win,S12,1583
seven_opponent_panel,BASELINE,P06,383,second,win,S12,1585
seven_opponent_panel,BASELINE,P06,384,first,win,S12,1586
seven_opponent_panel,BASELINE,P06,385,second,win,S12,1587
seven_opponent_panel,BASELINE,P06,386,first,win,S12,1588
seven_opponent_panel,BASELINE,P06,387,second,win,S12,1589
seven_opponent_panel,BASELINE,P06,388,first,win,S12,1590
seven_opponent_panel,BASELINE,P06,389,second,win,S12,1591
seven_opponent_panel,BASELINE,P06,390,first,win,S12,1592
seven_opponent_panel,BASELINE,P06,391,second,win,S12,1593
seven_opponent_panel,BASELINE,P06,392,first,win,S12,1594
seven_opponent_panel,BASELINE,P06,393,second,win,S12,1596
seven_opponent_panel,BASELINE,P06,394,first,win,S12,1595
seven_opponent_panel,BASELINE,P06,395,second,win,S12,1597
seven_opponent_panel,BASELINE,P06,396,first,win,S12,1599
seven_opponent_panel,BASELINE,P06,397,second,win,S12,1598
seven_opponent_panel,BASELINE,P06,398,first,win,S12,1600
seven_opponent_panel,BASELINE,P06,399,second,loss,S12,1602
seven_opponent_panel,BASELINE,P06,400,first,win,S12,1601
seven_opponent_panel,BASELINE,P06,401,second,win,S12,1603
seven_opponent_panel,BASELINE,P06,402,first,win,S12,1605
seven_opponent_panel,BASELINE,P06,403,second,win,S12,1604
seven_opponent_panel,BASELINE,P06,404,first,win,S12,1606
seven_opponent_panel,BASELINE,P06,405,second,win,S12,1607
seven_opponent_panel,BASELINE,P06,406,first,win,S12,1608
seven_opponent_panel,BASELINE,P06,407,second,win,S12,1609
seven_opponent_panel,BASELINE,P06,408,first,win,S12,1610
seven_opponent_panel,BASELINE,P06,409,second,win,S12,1611
seven_opponent_panel,BASELINE,P06,410,first,win,S12,1612
seven_opponent_panel,BASELINE,P06,411,second,win,S12,1614
seven_opponent_panel,BASELINE,P06,412,first,win,S12,1613
seven_opponent_panel,BASELINE,P06,413,second,win,S12,1615
seven_opponent_panel,BASELINE,P06,414,first,win,S12,1616
seven_opponent_panel,BASELINE,P06,415,second,win,S12,1617
seven_opponent_panel,BASELINE,P06,416,first,win,S12,1618
seven_opponent_panel,BASELINE,P06,417,second,win,S12,1619
seven_opponent_panel,BASELINE,P06,418,first,win,S12,1620
seven_opponent_panel,BASELINE,P06,419,second,win,S12,1621
seven_opponent_panel,BASELINE,P06,420,first,loss,S12,1622
seven_opponent_panel,BASELINE,P06,421,second,win,S12,1623
seven_opponent_panel,BASELINE,P06,422,first,win,S12,1624
seven_opponent_panel,BASELINE,P06,423,second,win,S12,1626
seven_opponent_panel,BASELINE,P06,424,first,win,S12,1625
seven_opponent_panel,BASELINE,P06,425,second,loss,S12,1627
seven_opponent_panel,BASELINE,P06,426,first,win,S12,1628
seven_opponent_panel,BASELINE,P06,427,second,win,S12,1629
seven_opponent_panel,BASELINE,P06,428,first,win,S12,1630
seven_opponent_panel,BASELINE,P06,429,second,win,S12,1631
seven_opponent_panel,BASELINE,P06,430,first,win,S12,1632
seven_opponent_panel,BASELINE,P06,431,second,win,S12,1633
seven_opponent_panel,BASELINE,P06,432,first,win,S12,1634
seven_opponent_panel,BASELINE,P06,433,second,win,S12,1635
seven_opponent_panel,BASELINE,P06,434,first,win,S12,1636
seven_opponent_panel,BASELINE,P06,435,second,win,S12,1637
seven_opponent_panel,BASELINE,P06,436,first,win,S12,1638
seven_opponent_panel,BASELINE,P06,437,second,win,S12,1639
seven_opponent_panel,BASELINE,P06,438,first,win,S12,1640
seven_opponent_panel,BASELINE,P06,439,second,win,S12,1641
seven_opponent_panel,BASELINE,P06,440,first,loss,S12,1642
seven_opponent_panel,BASELINE,P06,441,second,win,S12,1644
seven_opponent_panel,BASELINE,P06,442,first,win,S12,1643
seven_opponent_panel,BASELINE,P06,443,second,win,S12,1645
seven_opponent_panel,BASELINE,P06,444,first,win,S12,1647
seven_opponent_panel,BASELINE,P06,445,second,win,S12,1646
seven_opponent_panel,BASELINE,P06,446,first,win,S12,1648
seven_opponent_panel,BASELINE,P06,447,second,win,S12,1649
seven_opponent_panel,BASELINE,P06,448,first,win,S12,1650
seven_opponent_panel,BASELINE,P06,449,second,win,S12,1651
seven_opponent_panel,BASELINE,P06,450,first,loss,S12,1653
seven_opponent_panel,BASELINE,P06,451,second,win,S12,1652
seven_opponent_panel,BASELINE,P06,452,first,loss,S12,1655
seven_opponent_panel,BASELINE,P06,453,second,win,S12,1654
seven_opponent_panel,BASELINE,P06,454,first,win,S12,1656
seven_opponent_panel,BASELINE,P06,455,second,win,S12,1657
seven_opponent_panel,BASELINE,P06,456,first,win,S12,1658
seven_opponent_panel,BASELINE,P06,457,second,win,S12,1659
seven_opponent_panel,BASELINE,P06,458,first,win,S12,1661
seven_opponent_panel,BASELINE,P06,459,second,win,S12,1660
seven_opponent_panel,BASELINE,P06,460,first,win,S12,1662
seven_opponent_panel,BASELINE,P06,461,second,win,S12,1663
seven_opponent_panel,BASELINE,P06,462,first,win,S12,1664
seven_opponent_panel,BASELINE,P06,463,second,win,S12,1665
seven_opponent_panel,BASELINE,P06,464,first,win,S12,1666
seven_opponent_panel,BASELINE,P06,465,second,win,S12,1667
seven_opponent_panel,BASELINE,P06,466,first,win,S12,1668
seven_opponent_panel,BASELINE,P06,467,second,win,S12,1669
seven_opponent_panel,BASELINE,P06,468,first,win,S12,1670
seven_opponent_panel,BASELINE,P06,469,second,win,S12,1671
seven_opponent_panel,BASELINE,P06,470,first,win,S12,1672
seven_opponent_panel,BASELINE,P06,471,second,win,S12,1673
seven_opponent_panel,BASELINE,P06,472,first,win,S12,1674
seven_opponent_panel,BASELINE,P06,473,second,win,S12,1675
seven_opponent_panel,BASELINE,P06,474,first,win,S12,1676
seven_opponent_panel,BASELINE,P06,475,second,win,S12,1677
seven_opponent_panel,BASELINE,P06,476,first,win,S12,1678
seven_opponent_panel,BASELINE,P06,477,second,draw,S12,1680
seven_opponent_panel,BASELINE,P06,478,first,win,S12,1679
seven_opponent_panel,BASELINE,P06,479,second,win,S12,1681
seven_opponent_panel,BASELINE,P06,480,first,win,S12,1682
seven_opponent_panel,BASELINE,P06,481,second,win,S12,1683
seven_opponent_panel,BASELINE,P06,482,first,win,S12,1684
seven_opponent_panel,BASELINE,P06,483,second,win,S12,1685
seven_opponent_panel,BASELINE,P06,484,first,win,S12,1686
seven_opponent_panel,BASELINE,P06,485,second,loss,S12,1687
seven_opponent_panel,BASELINE,P06,486,first,win,S12,1688
seven_opponent_panel,BASELINE,P06,487,second,win,S12,1689
seven_opponent_panel,BASELINE,P06,488,first,win,S12,1690
seven_opponent_panel,BASELINE,P06,489,second,win,S12,1691
seven_opponent_panel,BASELINE,P06,490,first,win,S12,1692
seven_opponent_panel,BASELINE,P06,491,second,win,S12,1693
seven_opponent_panel,BASELINE,P06,492,first,win,S12,1694
seven_opponent_panel,BASELINE,P06,493,second,win,S12,1695
seven_opponent_panel,BASELINE,P06,494,first,win,S12,1697
seven_opponent_panel,BASELINE,P06,495,second,win,S12,1696
seven_opponent_panel,BASELINE,P06,496,first,win,S12,1698
seven_opponent_panel,BASELINE,P06,497,second,win,S12,1700
seven_opponent_panel,BASELINE,P06,498,first,win,S12,1699
seven_opponent_panel,BASELINE,P06,499,second,win,S12,1701
seven_opponent_panel,BASELINE,P06,500,first,win,S12,1702
seven_opponent_panel,BASELINE,P06,501,second,win,S12,1703
seven_opponent_panel,BASELINE,P06,502,first,win,S12,1704
seven_opponent_panel,BASELINE,P06,503,second,win,S12,1705
seven_opponent_panel,BASELINE,P06,504,first,win,S12,1706
seven_opponent_panel,BASELINE,P06,505,second,win,S12,1707
seven_opponent_panel,BASELINE,P06,506,first,loss,S12,1708
seven_opponent_panel,BASELINE,P06,507,second,win,S12,1709
seven_opponent_panel,BASELINE,P06,508,first,win,S12,1710
seven_opponent_panel,BASELINE,P06,509,second,win,S12,1712
seven_opponent_panel,BASELINE,P06,510,first,win,S12,1711
seven_opponent_panel,BASELINE,P06,511,second,win,S12,1713
seven_opponent_panel,BASELINE,P06,512,first,win,S12,1714
seven_opponent_panel,BASELINE,P06,513,second,loss,S12,1715
seven_opponent_panel,BASELINE,P06,514,first,win,S12,1716
seven_opponent_panel,BASELINE,P06,515,second,win,S12,1717
seven_opponent_panel,BASELINE,P06,516,first,loss,S12,1718
seven_opponent_panel,BASELINE,P06,517,second,loss,S12,1719
seven_opponent_panel,BASELINE,P06,518,first,win,S12,1720
seven_opponent_panel,BASELINE,P06,519,second,win,S12,1721
seven_opponent_panel,BASELINE,P06,520,first,win,S12,1722
seven_opponent_panel,BASELINE,P06,521,second,win,S12,1723
seven_opponent_panel,BASELINE,P06,522,first,win,S12,1724
seven_opponent_panel,BASELINE,P06,523,second,win,S12,1725
seven_opponent_panel,BASELINE,P06,524,first,win,S12,1726
seven_opponent_panel,BASELINE,P06,525,second,loss,S12,1727
seven_opponent_panel,BASELINE,P06,526,first,win,S12,1728
seven_opponent_panel,BASELINE,P06,527,second,win,S12,1729
seven_opponent_panel,BASELINE,P06,528,first,win,S12,1730
seven_opponent_panel,BASELINE,P06,529,second,win,S12,1731
seven_opponent_panel,BASELINE,P06,530,first,loss,S12,1733
seven_opponent_panel,BASELINE,P06,531,second,win,S12,1732
seven_opponent_panel,BASELINE,P06,532,first,loss,S12,1734
seven_opponent_panel,BASELINE,P06,533,second,win,S12,1735
seven_opponent_panel,BASELINE,P06,534,first,win,S12,1736
seven_opponent_panel,BASELINE,P06,535,second,win,S12,1737
seven_opponent_panel,BASELINE,P06,536,first,win,S12,1740
seven_opponent_panel,BASELINE,P06,537,second,win,S12,1739
seven_opponent_panel,BASELINE,P06,538,first,win,S12,1738
seven_opponent_panel,BASELINE,P06,539,second,win,S12,1743
seven_opponent_panel,BASELINE,P06,540,first,win,S12,1741
seven_opponent_panel,BASELINE,P06,541,second,win,S12,1742
seven_opponent_panel,BASELINE,P06,542,first,win,S12,1745
seven_opponent_panel,BASELINE,P06,543,second,win,S12,1746
seven_opponent_panel,BASELINE,P06,544,first,win,S12,1744
seven_opponent_panel,BASELINE,P06,545,second,win,S12,1747
seven_opponent_panel,BASELINE,P06,546,first,loss,S12,1748
seven_opponent_panel,BASELINE,P06,547,second,loss,S12,1749
seven_opponent_panel,BASELINE,P06,548,first,loss,S12,1752
seven_opponent_panel,BASELINE,P06,549,second,win,S12,1750
seven_opponent_panel,BASELINE,P06,550,first,win,S12,1751
seven_opponent_panel,BASELINE,P06,551,second,win,S12,1753
seven_opponent_panel,BASELINE,P06,552,first,loss,S12,1755
seven_opponent_panel,BASELINE,P06,553,second,win,S12,1754
seven_opponent_panel,BASELINE,P06,554,first,win,S12,1756
seven_opponent_panel,BASELINE,P06,555,second,loss,S12,1757
seven_opponent_panel,BASELINE,P06,556,first,win,S12,1758
seven_opponent_panel,BASELINE,P06,557,second,win,S12,1759
seven_opponent_panel,BASELINE,P06,558,first,win,S12,1760
seven_opponent_panel,BASELINE,P06,559,second,win,S12,1761
seven_opponent_panel,BASELINE,P06,560,first,win,S12,1762
seven_opponent_panel,BASELINE,P06,561,second,win,S12,1764
seven_opponent_panel,BASELINE,P06,562,first,win,S12,1763
seven_opponent_panel,BASELINE,P06,563,second,win,S12,1765
seven_opponent_panel,BASELINE,P06,564,first,loss,S12,1767
seven_opponent_panel,BASELINE,P06,565,second,win,S12,1766
seven_opponent_panel,BASELINE,P06,566,first,win,S12,1768
seven_opponent_panel,BASELINE,P06,567,second,win,S12,1770
seven_opponent_panel,BASELINE,P06,568,first,win,S12,1769
seven_opponent_panel,BASELINE,P06,569,second,win,S12,1771
seven_opponent_panel,BASELINE,P06,570,first,win,S12,1773
seven_opponent_panel,BASELINE,P06,571,second,loss,S12,1772
seven_opponent_panel,BASELINE,P06,572,first,win,S12,1774
seven_opponent_panel,BASELINE,P06,573,second,loss,S12,1775
seven_opponent_panel,BASELINE,P06,574,first,loss,S12,1776
seven_opponent_panel,BASELINE,P06,575,second,win,S12,1777
seven_opponent_panel,BASELINE,P06,576,first,loss,S12,1779
seven_opponent_panel,BASELINE,P06,577,second,win,S12,1778
seven_opponent_panel,BASELINE,P06,578,first,loss,S12,1780
seven_opponent_panel,BASELINE,P06,579,second,win,S12,1781
seven_opponent_panel,BASELINE,P06,580,first,win,S12,1782
seven_opponent_panel,BASELINE,P06,581,second,win,S12,1783
seven_opponent_panel,BASELINE,P06,582,first,loss,S12,1785
seven_opponent_panel,BASELINE,P06,583,second,win,S12,1784
seven_opponent_panel,BASELINE,P06,584,first,win,S12,1786
seven_opponent_panel,BASELINE,P06,585,second,win,S12,1787
seven_opponent_panel,BASELINE,P06,586,first,win,S12,1788
seven_opponent_panel,BASELINE,P06,587,second,loss,S12,1789
seven_opponent_panel,BASELINE,P06,588,first,win,S12,1790
seven_opponent_panel,BASELINE,P06,589,second,win,S12,1791
seven_opponent_panel,BASELINE,P06,590,first,win,S12,1793
seven_opponent_panel,BASELINE,P06,591,second,win,S12,1794
seven_opponent_panel,BASELINE,P06,592,first,win,S12,1792
seven_opponent_panel,BASELINE,P06,593,second,win,S12,1796
seven_opponent_panel,BASELINE,P06,594,first,loss,S12,1797
seven_opponent_panel,BASELINE,P06,595,second,win,S12,1795
seven_opponent_panel,BASELINE,P06,596,first,win,S12,1798
seven_opponent_panel,BASELINE,P06,597,second,win,S12,1799
seven_opponent_panel,BASELINE,P06,598,first,win,S12,1800
seven_opponent_panel,BASELINE,P06,599,second,loss,S12,1801
seven_opponent_panel,BASELINE,P07,0,first,loss,S12,602
seven_opponent_panel,BASELINE,P07,1,second,win,S12,603
seven_opponent_panel,BASELINE,P07,2,first,loss,S12,604
seven_opponent_panel,BASELINE,P07,3,second,loss,S12,605
seven_opponent_panel,BASELINE,P07,4,first,win,S12,606
seven_opponent_panel,BASELINE,P07,5,second,loss,S12,607
seven_opponent_panel,BASELINE,P07,6,first,loss,S12,608
seven_opponent_panel,BASELINE,P07,7,second,loss,S12,609
seven_opponent_panel,BASELINE,P07,8,first,win,S12,610
seven_opponent_panel,BASELINE,P07,9,second,loss,S12,611
seven_opponent_panel,BASELINE,P07,10,first,win,S12,612
seven_opponent_panel,BASELINE,P07,11,second,win,S12,613
seven_opponent_panel,BASELINE,P07,12,first,loss,S12,614
seven_opponent_panel,BASELINE,P07,13,second,win,S12,615
seven_opponent_panel,BASELINE,P07,14,first,loss,S12,616
seven_opponent_panel,BASELINE,P07,15,second,win,S12,617
seven_opponent_panel,BASELINE,P07,16,first,win,S12,618
seven_opponent_panel,BASELINE,P07,17,second,loss,S12,619
seven_opponent_panel,BASELINE,P07,18,first,win,S12,620
seven_opponent_panel,BASELINE,P07,19,second,win,S12,621
seven_opponent_panel,BASELINE,P07,20,first,loss,S12,622
seven_opponent_panel,BASELINE,P07,21,second,loss,S12,623
seven_opponent_panel,BASELINE,P07,22,first,loss,S12,624
seven_opponent_panel,BASELINE,P07,23,second,win,S12,625
seven_opponent_panel,BASELINE,P07,24,first,win,S12,626
seven_opponent_panel,BASELINE,P07,25,second,loss,S12,627
seven_opponent_panel,BASELINE,P07,26,first,win,S12,628
seven_opponent_panel,BASELINE,P07,27,second,loss,S12,629
seven_opponent_panel,BASELINE,P07,28,first,win,S12,630
seven_opponent_panel,BASELINE,P07,29,second,win,S12,631
seven_opponent_panel,BASELINE,P07,30,first,win,S12,632
seven_opponent_panel,BASELINE,P07,31,second,win,S12,633
seven_opponent_panel,BASELINE,P07,32,first,loss,S12,634
seven_opponent_panel,BASELINE,P07,33,second,win,S12,635
seven_opponent_panel,BASELINE,P07,34,first,win,S12,636
seven_opponent_panel,BASELINE,P07,35,second,win,S12,637
seven_opponent_panel,BASELINE,P07,36,first,win,S12,638
seven_opponent_panel,BASELINE,P07,37,second,loss,S12,639
seven_opponent_panel,BASELINE,P07,38,first,loss,S12,640
seven_opponent_panel,BASELINE,P07,39,second,win,S12,641
seven_opponent_panel,BASELINE,P07,40,first,loss,S12,642
seven_opponent_panel,BASELINE,P07,41,second,win,S12,643
seven_opponent_panel,BASELINE,P07,42,first,loss,S12,644
seven_opponent_panel,BASELINE,P07,43,second,win,S12,645
seven_opponent_panel,BASELINE,P07,44,first,loss,S12,646
seven_opponent_panel,BASELINE,P07,45,second,win,S12,647
seven_opponent_panel,BASELINE,P07,46,first,win,S12,648
seven_opponent_panel,BASELINE,P07,47,second,win,S12,649
seven_opponent_panel,BASELINE,P07,48,first,loss,S12,650
seven_opponent_panel,BASELINE,P07,49,second,win,S12,651
seven_opponent_panel,BASELINE,P07,50,first,loss,S12,653
seven_opponent_panel,BASELINE,P07,51,second,win,S12,652
seven_opponent_panel,BASELINE,P07,52,first,win,S12,654
seven_opponent_panel,BASELINE,P07,53,second,win,S12,655
seven_opponent_panel,BASELINE,P07,54,first,loss,S12,656
seven_opponent_panel,BASELINE,P07,55,second,win,S12,657
seven_opponent_panel,BASELINE,P07,56,first,win,S12,658
seven_opponent_panel,BASELINE,P07,57,second,loss,S12,659
seven_opponent_panel,BASELINE,P07,58,first,win,S12,660
seven_opponent_panel,BASELINE,P07,59,second,win,S12,661
seven_opponent_panel,BASELINE,P07,60,first,win,S12,662
seven_opponent_panel,BASELINE,P07,61,second,win,S12,663
seven_opponent_panel,BASELINE,P07,62,first,win,S12,664
seven_opponent_panel,BASELINE,P07,63,second,win,S12,665
seven_opponent_panel,BASELINE,P07,64,first,win,S12,666
seven_opponent_panel,BASELINE,P07,65,second,win,S12,667
seven_opponent_panel,BASELINE,P07,66,first,win,S12,668
seven_opponent_panel,BASELINE,P07,67,second,loss,S12,669
seven_opponent_panel,BASELINE,P07,68,first,loss,S12,670
seven_opponent_panel,BASELINE,P07,69,second,win,S12,671
seven_opponent_panel,BASELINE,P07,70,first,win,S12,672
seven_opponent_panel,BASELINE,P07,71,second,win,S12,673
seven_opponent_panel,BASELINE,P07,72,first,win,S12,674
seven_opponent_panel,BASELINE,P07,73,second,loss,S12,675
seven_opponent_panel,BASELINE,P07,74,first,win,S12,676
seven_opponent_panel,BASELINE,P07,75,second,win,S12,677
seven_opponent_panel,BASELINE,P07,76,first,loss,S12,678
seven_opponent_panel,BASELINE,P07,77,second,win,S12,679
seven_opponent_panel,BASELINE,P07,78,first,loss,S12,680
seven_opponent_panel,BASELINE,P07,79,second,win,S12,681
seven_opponent_panel,BASELINE,P07,80,first,loss,S12,682
seven_opponent_panel,BASELINE,P07,81,second,win,S12,683
seven_opponent_panel,BASELINE,P07,82,first,loss,S12,684
seven_opponent_panel,BASELINE,P07,83,second,win,S12,685
seven_opponent_panel,BASELINE,P07,84,first,loss,S12,686
seven_opponent_panel,BASELINE,P07,85,second,loss,S12,687
seven_opponent_panel,BASELINE,P07,86,first,win,S12,688
seven_opponent_panel,BASELINE,P07,87,second,loss,S12,689
seven_opponent_panel,BASELINE,P07,88,first,win,S12,690
seven_opponent_panel,BASELINE,P07,89,second,loss,S12,691
seven_opponent_panel,BASELINE,P07,90,first,win,S12,692
seven_opponent_panel,BASELINE,P07,91,second,win,S12,693
seven_opponent_panel,BASELINE,P07,92,first,loss,S12,694
seven_opponent_panel,BASELINE,P07,93,second,loss,S12,695
seven_opponent_panel,BASELINE,P07,94,first,win,S12,696
seven_opponent_panel,BASELINE,P07,95,second,win,S12,697
seven_opponent_panel,BASELINE,P07,96,first,win,S12,698
seven_opponent_panel,BASELINE,P07,97,second,win,S12,699
seven_opponent_panel,BASELINE,P07,98,first,loss,S12,700
seven_opponent_panel,BASELINE,P07,99,second,win,S12,701
seven_opponent_panel,BASELINE,P07,100,first,win,S12,702
seven_opponent_panel,BASELINE,P07,101,second,win,S12,703
seven_opponent_panel,BASELINE,P07,102,first,win,S12,704
seven_opponent_panel,BASELINE,P07,103,second,win,S12,705
seven_opponent_panel,BASELINE,P07,104,first,loss,S12,706
seven_opponent_panel,BASELINE,P07,105,second,win,S12,707
seven_opponent_panel,BASELINE,P07,106,first,loss,S12,708
seven_opponent_panel,BASELINE,P07,107,second,loss,S12,709
seven_opponent_panel,BASELINE,P07,108,first,loss,S12,710
seven_opponent_panel,BASELINE,P07,109,second,win,S12,711
seven_opponent_panel,BASELINE,P07,110,first,loss,S12,712
seven_opponent_panel,BASELINE,P07,111,second,win,S12,713
seven_opponent_panel,BASELINE,P07,112,first,win,S12,714
seven_opponent_panel,BASELINE,P07,113,second,loss,S12,715
seven_opponent_panel,BASELINE,P07,114,first,loss,S12,716
seven_opponent_panel,BASELINE,P07,115,second,loss,S12,717
seven_opponent_panel,BASELINE,P07,116,first,loss,S12,718
seven_opponent_panel,BASELINE,P07,117,second,win,S12,719
seven_opponent_panel,BASELINE,P07,118,first,win,S12,720
seven_opponent_panel,BASELINE,P07,119,second,loss,S12,721
seven_opponent_panel,BASELINE,P07,120,first,win,S12,722
seven_opponent_panel,BASELINE,P07,121,second,win,S12,723
seven_opponent_panel,BASELINE,P07,122,first,loss,S12,725
seven_opponent_panel,BASELINE,P07,123,second,win,S12,724
seven_opponent_panel,BASELINE,P07,124,first,win,S12,726
seven_opponent_panel,BASELINE,P07,125,second,loss,S12,728
seven_opponent_panel,BASELINE,P07,126,first,win,S12,727
seven_opponent_panel,BASELINE,P07,127,second,loss,S12,729
seven_opponent_panel,BASELINE,P07,128,first,win,S12,730
seven_opponent_panel,BASELINE,P07,129,second,win,S12,731
seven_opponent_panel,BASELINE,P07,130,first,win,S12,732
seven_opponent_panel,BASELINE,P07,131,second,loss,S12,733
seven_opponent_panel,BASELINE,P07,132,first,win,S12,734
seven_opponent_panel,BASELINE,P07,133,second,loss,S12,735
seven_opponent_panel,BASELINE,P07,134,first,loss,S12,736
seven_opponent_panel,BASELINE,P07,135,second,loss,S12,737
seven_opponent_panel,BASELINE,P07,136,first,win,S12,738
seven_opponent_panel,BASELINE,P07,137,second,win,S12,740
seven_opponent_panel,BASELINE,P07,138,first,win,S12,739
seven_opponent_panel,BASELINE,P07,139,second,win,S12,741
seven_opponent_panel,BASELINE,P07,140,first,win,S12,742
seven_opponent_panel,BASELINE,P07,141,second,loss,S12,743
seven_opponent_panel,BASELINE,P07,142,first,win,S12,744
seven_opponent_panel,BASELINE,P07,143,second,win,S12,745
seven_opponent_panel,BASELINE,P07,144,first,win,S12,746
seven_opponent_panel,BASELINE,P07,145,second,win,S12,747
seven_opponent_panel,BASELINE,P07,146,first,loss,S12,748
seven_opponent_panel,BASELINE,P07,147,second,loss,S12,749
seven_opponent_panel,BASELINE,P07,148,first,win,S12,750
seven_opponent_panel,BASELINE,P07,149,second,loss,S12,752
seven_opponent_panel,BASELINE,P07,150,first,win,S12,751
seven_opponent_panel,BASELINE,P07,151,second,loss,S12,753
seven_opponent_panel,BASELINE,P07,152,first,loss,S12,754
seven_opponent_panel,BASELINE,P07,153,second,win,S12,755
seven_opponent_panel,BASELINE,P07,154,first,loss,S12,756
seven_opponent_panel,BASELINE,P07,155,second,draw,S12,757
seven_opponent_panel,BASELINE,P07,156,first,loss,S12,758
seven_opponent_panel,BASELINE,P07,157,second,loss,S12,759
seven_opponent_panel,BASELINE,P07,158,first,win,S12,760
seven_opponent_panel,BASELINE,P07,159,second,win,S12,761
seven_opponent_panel,BASELINE,P07,160,first,win,S12,762
seven_opponent_panel,BASELINE,P07,161,second,loss,S12,763
seven_opponent_panel,BASELINE,P07,162,first,loss,S12,764
seven_opponent_panel,BASELINE,P07,163,second,loss,S12,765
seven_opponent_panel,BASELINE,P07,164,first,win,S12,766
seven_opponent_panel,BASELINE,P07,165,second,loss,S12,767
seven_opponent_panel,BASELINE,P07,166,first,win,S12,768
seven_opponent_panel,BASELINE,P07,167,second,loss,S12,770
seven_opponent_panel,BASELINE,P07,168,first,loss,S12,769
seven_opponent_panel,BASELINE,P07,169,second,win,S12,771
seven_opponent_panel,BASELINE,P07,170,first,loss,S12,772
seven_opponent_panel,BASELINE,P07,171,second,win,S12,773
seven_opponent_panel,BASELINE,P07,172,first,win,S12,774
seven_opponent_panel,BASELINE,P07,173,second,loss,S12,775
seven_opponent_panel,BASELINE,P07,174,first,win,S12,776
seven_opponent_panel,BASELINE,P07,175,second,win,S12,777
seven_opponent_panel,BASELINE,P07,176,first,win,S12,779
seven_opponent_panel,BASELINE,P07,177,second,loss,S12,778
seven_opponent_panel,BASELINE,P07,178,first,win,S12,780
seven_opponent_panel,BASELINE,P07,179,second,win,S12,781
seven_opponent_panel,BASELINE,P07,180,first,win,S12,782
seven_opponent_panel,BASELINE,P07,181,second,loss,S12,783
seven_opponent_panel,BASELINE,P07,182,first,loss,S12,784
seven_opponent_panel,BASELINE,P07,183,second,win,S12,785
seven_opponent_panel,BASELINE,P07,184,first,win,S12,786
seven_opponent_panel,BASELINE,P07,185,second,loss,S12,787
seven_opponent_panel,BASELINE,P07,186,first,loss,S12,788
seven_opponent_panel,BASELINE,P07,187,second,loss,S12,789
seven_opponent_panel,BASELINE,P07,188,first,loss,S12,790
seven_opponent_panel,BASELINE,P07,189,second,win,S12,791
seven_opponent_panel,BASELINE,P07,190,first,win,S12,792
seven_opponent_panel,BASELINE,P07,191,second,win,S12,793
seven_opponent_panel,BASELINE,P07,192,first,loss,S12,794
seven_opponent_panel,BASELINE,P07,193,second,win,S12,795
seven_opponent_panel,BASELINE,P07,194,first,win,S12,796
seven_opponent_panel,BASELINE,P07,195,second,win,S12,797
seven_opponent_panel,BASELINE,P07,196,first,loss,S12,798
seven_opponent_panel,BASELINE,P07,197,second,win,S12,799
seven_opponent_panel,BASELINE,P07,198,first,loss,S12,800
seven_opponent_panel,BASELINE,P07,199,second,loss,S12,801
seven_opponent_panel,BASELINE,P07,200,first,win,S12,802
seven_opponent_panel,BASELINE,P07,201,second,win,S12,803
seven_opponent_panel,BASELINE,P07,202,first,win,S12,804
seven_opponent_panel,BASELINE,P07,203,second,win,S12,805
seven_opponent_panel,BASELINE,P07,204,first,win,S12,806
seven_opponent_panel,BASELINE,P07,205,second,win,S12,807
seven_opponent_panel,BASELINE,P07,206,first,win,S12,808
seven_opponent_panel,BASELINE,P07,207,second,win,S12,809
seven_opponent_panel,BASELINE,P07,208,first,win,S12,810
seven_opponent_panel,BASELINE,P07,209,second,win,S12,812
seven_opponent_panel,BASELINE,P07,210,first,win,S12,811
seven_opponent_panel,BASELINE,P07,211,second,loss,S12,813
seven_opponent_panel,BASELINE,P07,212,first,win,S12,814
seven_opponent_panel,BASELINE,P07,213,second,loss,S12,815
seven_opponent_panel,BASELINE,P07,214,first,loss,S12,816
seven_opponent_panel,BASELINE,P07,215,second,win,S12,817
seven_opponent_panel,BASELINE,P07,216,first,loss,S12,818
seven_opponent_panel,BASELINE,P07,217,second,loss,S12,819
seven_opponent_panel,BASELINE,P07,218,first,loss,S12,820
seven_opponent_panel,BASELINE,P07,219,second,win,S12,821
seven_opponent_panel,BASELINE,P07,220,first,loss,S12,822
seven_opponent_panel,BASELINE,P07,221,second,loss,S12,823
seven_opponent_panel,BASELINE,P07,222,first,loss,S12,824
seven_opponent_panel,BASELINE,P07,223,second,loss,S12,825
seven_opponent_panel,BASELINE,P07,224,first,win,S12,826
seven_opponent_panel,BASELINE,P07,225,second,loss,S12,827
seven_opponent_panel,BASELINE,P07,226,first,win,S12,828
seven_opponent_panel,BASELINE,P07,227,second,loss,S12,829
seven_opponent_panel,BASELINE,P07,228,first,loss,S12,830
seven_opponent_panel,BASELINE,P07,229,second,loss,S12,831
seven_opponent_panel,BASELINE,P07,230,first,win,S12,832
seven_opponent_panel,BASELINE,P07,231,second,loss,S12,833
seven_opponent_panel,BASELINE,P07,232,first,win,S12,834
seven_opponent_panel,BASELINE,P07,233,second,loss,S12,835
seven_opponent_panel,BASELINE,P07,234,first,win,S12,836
seven_opponent_panel,BASELINE,P07,235,second,win,S12,837
seven_opponent_panel,BASELINE,P07,236,first,win,S12,838
seven_opponent_panel,BASELINE,P07,237,second,loss,S12,839
seven_opponent_panel,BASELINE,P07,238,first,loss,S12,840
seven_opponent_panel,BASELINE,P07,239,second,loss,S12,841
seven_opponent_panel,BASELINE,P07,240,first,loss,S12,842
seven_opponent_panel,BASELINE,P07,241,second,loss,S12,843
seven_opponent_panel,BASELINE,P07,242,first,loss,S12,844
seven_opponent_panel,BASELINE,P07,243,second,win,S12,845
seven_opponent_panel,BASELINE,P07,244,first,win,S12,846
seven_opponent_panel,BASELINE,P07,245,second,loss,S12,847
seven_opponent_panel,BASELINE,P07,246,first,win,S12,848
seven_opponent_panel,BASELINE,P07,247,second,loss,S12,849
seven_opponent_panel,BASELINE,P07,248,first,loss,S12,850
seven_opponent_panel,BASELINE,P07,249,second,loss,S12,851
seven_opponent_panel,BASELINE,P07,250,first,win,S12,852
seven_opponent_panel,BASELINE,P07,251,second,win,S12,853
seven_opponent_panel,BASELINE,P07,252,first,win,S12,854
seven_opponent_panel,BASELINE,P07,253,second,win,S12,855
seven_opponent_panel,BASELINE,P07,254,first,win,S12,856
seven_opponent_panel,BASELINE,P07,255,second,win,S12,857
seven_opponent_panel,BASELINE,P07,256,first,draw,S12,858
seven_opponent_panel,BASELINE,P07,257,second,win,S12,859
seven_opponent_panel,BASELINE,P07,258,first,win,S12,861
seven_opponent_panel,BASELINE,P07,259,second,loss,S12,860
seven_opponent_panel,BASELINE,P07,260,first,loss,S12,863
seven_opponent_panel,BASELINE,P07,261,second,loss,S12,864
seven_opponent_panel,BASELINE,P07,262,first,win,S12,862
seven_opponent_panel,BASELINE,P07,263,second,win,S12,865
seven_opponent_panel,BASELINE,P07,264,first,win,S12,866
seven_opponent_panel,BASELINE,P07,265,second,win,S12,867
seven_opponent_panel,BASELINE,P07,266,first,loss,S12,869
seven_opponent_panel,BASELINE,P07,267,second,win,S12,868
seven_opponent_panel,BASELINE,P07,268,first,loss,S12,870
seven_opponent_panel,BASELINE,P07,269,second,win,S12,871
seven_opponent_panel,BASELINE,P07,270,first,win,S12,872
seven_opponent_panel,BASELINE,P07,271,second,loss,S12,873
seven_opponent_panel,BASELINE,P07,272,first,loss,S12,874
seven_opponent_panel,BASELINE,P07,273,second,loss,S12,876
seven_opponent_panel,BASELINE,P07,274,first,loss,S12,875
seven_opponent_panel,BASELINE,P07,275,second,loss,S12,877
seven_opponent_panel,BASELINE,P07,276,first,win,S12,878
seven_opponent_panel,BASELINE,P07,277,second,win,S12,879
seven_opponent_panel,BASELINE,P07,278,first,loss,S12,881
seven_opponent_panel,BASELINE,P07,279,second,loss,S12,880
seven_opponent_panel,BASELINE,P07,280,first,loss,S12,882
seven_opponent_panel,BASELINE,P07,281,second,win,S12,883
seven_opponent_panel,BASELINE,P07,282,first,loss,S12,884
seven_opponent_panel,BASELINE,P07,283,second,loss,S12,885
seven_opponent_panel,BASELINE,P07,284,first,win,S12,886
seven_opponent_panel,BASELINE,P07,285,second,loss,S12,887
seven_opponent_panel,BASELINE,P07,286,first,loss,S12,888
seven_opponent_panel,BASELINE,P07,287,second,win,S12,889
seven_opponent_panel,BASELINE,P07,288,first,win,S12,890
seven_opponent_panel,BASELINE,P07,289,second,win,S12,891
seven_opponent_panel,BASELINE,P07,290,first,win,S12,892
seven_opponent_panel,BASELINE,P07,291,second,win,S12,894
seven_opponent_panel,BASELINE,P07,292,first,win,S12,893
seven_opponent_panel,BASELINE,P07,293,second,win,S12,895
seven_opponent_panel,BASELINE,P07,294,first,loss,S12,896
seven_opponent_panel,BASELINE,P07,295,second,win,S12,897
seven_opponent_panel,BASELINE,P07,296,first,win,S12,898
seven_opponent_panel,BASELINE,P07,297,second,win,S12,899
seven_opponent_panel,BASELINE,P07,298,first,win,S12,900
seven_opponent_panel,BASELINE,P07,299,second,win,S12,901
seven_opponent_panel,BASELINE,P07,300,first,win,S12,903
seven_opponent_panel,BASELINE,P07,301,second,loss,S12,902
seven_opponent_panel,BASELINE,P07,302,first,win,S12,904
seven_opponent_panel,BASELINE,P07,303,second,win,S12,905
seven_opponent_panel,BASELINE,P07,304,first,win,S12,906
seven_opponent_panel,BASELINE,P07,305,second,win,S12,907
seven_opponent_panel,BASELINE,P07,306,first,loss,S12,908
seven_opponent_panel,BASELINE,P07,307,second,win,S12,909
seven_opponent_panel,BASELINE,P07,308,first,loss,S12,910
seven_opponent_panel,BASELINE,P07,309,second,loss,S12,912
seven_opponent_panel,BASELINE,P07,310,first,loss,S12,911
seven_opponent_panel,BASELINE,P07,311,second,loss,S12,913
seven_opponent_panel,BASELINE,P07,312,first,loss,S12,915
seven_opponent_panel,BASELINE,P07,313,second,win,S12,914
seven_opponent_panel,BASELINE,P07,314,first,win,S12,916
seven_opponent_panel,BASELINE,P07,315,second,loss,S12,917
seven_opponent_panel,BASELINE,P07,316,first,loss,S12,918
seven_opponent_panel,BASELINE,P07,317,second,win,S12,919
seven_opponent_panel,BASELINE,P07,318,first,win,S12,920
seven_opponent_panel,BASELINE,P07,319,second,loss,S12,921
seven_opponent_panel,BASELINE,P07,320,first,win,S12,922
seven_opponent_panel,BASELINE,P07,321,second,loss,S12,923
seven_opponent_panel,BASELINE,P07,322,first,win,S12,924
seven_opponent_panel,BASELINE,P07,323,second,loss,S12,925
seven_opponent_panel,BASELINE,P07,324,first,loss,S12,926
seven_opponent_panel,BASELINE,P07,325,second,win,S12,927
seven_opponent_panel,BASELINE,P07,326,first,win,S12,928
seven_opponent_panel,BASELINE,P07,327,second,win,S12,929
seven_opponent_panel,BASELINE,P07,328,first,win,S12,930
seven_opponent_panel,BASELINE,P07,329,second,win,S12,931
seven_opponent_panel,BASELINE,P07,330,first,win,S12,932
seven_opponent_panel,BASELINE,P07,331,second,loss,S12,933
seven_opponent_panel,BASELINE,P07,332,first,win,S12,934
seven_opponent_panel,BASELINE,P07,333,second,win,S12,936
seven_opponent_panel,BASELINE,P07,334,first,win,S12,935
seven_opponent_panel,BASELINE,P07,335,second,win,S12,937
seven_opponent_panel,BASELINE,P07,336,first,win,S12,938
seven_opponent_panel,BASELINE,P07,337,second,loss,S12,939
seven_opponent_panel,BASELINE,P07,338,first,win,S12,940
seven_opponent_panel,BASELINE,P07,339,second,loss,S12,941
seven_opponent_panel,BASELINE,P07,340,first,win,S12,942
seven_opponent_panel,BASELINE,P07,341,second,win,S12,943
seven_opponent_panel,BASELINE,P07,342,first,loss,S12,944
seven_opponent_panel,BASELINE,P07,343,second,loss,S12,945
seven_opponent_panel,BASELINE,P07,344,first,win,S12,946
seven_opponent_panel,BASELINE,P07,345,second,win,S12,947
seven_opponent_panel,BASELINE,P07,346,first,loss,S12,948
seven_opponent_panel,BASELINE,P07,347,second,win,S12,949
seven_opponent_panel,BASELINE,P07,348,first,loss,S12,950
seven_opponent_panel,BASELINE,P07,349,second,loss,S12,951
seven_opponent_panel,BASELINE,P07,350,first,win,S12,952
seven_opponent_panel,BASELINE,P07,351,second,loss,S12,953
seven_opponent_panel,BASELINE,P07,352,first,win,S12,954
seven_opponent_panel,BASELINE,P07,353,second,loss,S12,955
seven_opponent_panel,BASELINE,P07,354,first,loss,S12,956
seven_opponent_panel,BASELINE,P07,355,second,win,S12,957
seven_opponent_panel,BASELINE,P07,356,first,loss,S12,958
seven_opponent_panel,BASELINE,P07,357,second,win,S12,959
seven_opponent_panel,BASELINE,P07,358,first,loss,S12,960
seven_opponent_panel,BASELINE,P07,359,second,win,S12,961
seven_opponent_panel,BASELINE,P07,360,first,win,S12,962
seven_opponent_panel,BASELINE,P07,361,second,win,S12,963
seven_opponent_panel,BASELINE,P07,362,first,loss,S12,964
seven_opponent_panel,BASELINE,P07,363,second,win,S12,965
seven_opponent_panel,BASELINE,P07,364,first,loss,S12,966
seven_opponent_panel,BASELINE,P07,365,second,win,S12,967
seven_opponent_panel,BASELINE,P07,366,first,loss,S12,968
seven_opponent_panel,BASELINE,P07,367,second,win,S12,969
seven_opponent_panel,BASELINE,P07,368,first,loss,S12,970
seven_opponent_panel,BASELINE,P07,369,second,loss,S12,971
seven_opponent_panel,BASELINE,P07,370,first,win,S12,972
seven_opponent_panel,BASELINE,P07,371,second,loss,S12,973
seven_opponent_panel,BASELINE,P07,372,first,win,S12,974
seven_opponent_panel,BASELINE,P07,373,second,win,S12,975
seven_opponent_panel,BASELINE,P07,374,first,win,S12,976
seven_opponent_panel,BASELINE,P07,375,second,loss,S12,978
seven_opponent_panel,BASELINE,P07,376,first,win,S12,977
seven_opponent_panel,BASELINE,P07,377,second,loss,S12,979
seven_opponent_panel,BASELINE,P07,378,first,win,S12,981
seven_opponent_panel,BASELINE,P07,379,second,win,S12,980
seven_opponent_panel,BASELINE,P07,380,first,win,S12,982
seven_opponent_panel,BASELINE,P07,381,second,win,S12,984
seven_opponent_panel,BASELINE,P07,382,first,win,S12,983
seven_opponent_panel,BASELINE,P07,383,second,win,S12,985
seven_opponent_panel,BASELINE,P07,384,first,win,S12,987
seven_opponent_panel,BASELINE,P07,385,second,win,S12,986
seven_opponent_panel,BASELINE,P07,386,first,win,S12,988
seven_opponent_panel,BASELINE,P07,387,second,win,S12,989
seven_opponent_panel,BASELINE,P07,388,first,loss,S12,990
seven_opponent_panel,BASELINE,P07,389,second,loss,S12,991
seven_opponent_panel,BASELINE,P07,390,first,win,S12,992
seven_opponent_panel,BASELINE,P07,391,second,win,S12,993
seven_opponent_panel,BASELINE,P07,392,first,win,S12,994
seven_opponent_panel,BASELINE,P07,393,second,loss,S12,995
seven_opponent_panel,BASELINE,P07,394,first,loss,S12,996
seven_opponent_panel,BASELINE,P07,395,second,win,S12,997
seven_opponent_panel,BASELINE,P07,396,first,win,S12,998
seven_opponent_panel,BASELINE,P07,397,second,loss,S12,999
seven_opponent_panel,BASELINE,P07,398,first,loss,S12,1000
seven_opponent_panel,BASELINE,P07,399,second,loss,S12,1001
seven_opponent_panel,BASELINE,P07,400,first,win,S12,1002
seven_opponent_panel,BASELINE,P07,401,second,win,S12,1003
seven_opponent_panel,BASELINE,P07,402,first,loss,S12,1004
seven_opponent_panel,BASELINE,P07,403,second,loss,S12,1005
seven_opponent_panel,BASELINE,P07,404,first,win,S12,1006
seven_opponent_panel,BASELINE,P07,405,second,win,S12,1007
seven_opponent_panel,BASELINE,P07,406,first,win,S12,1008
seven_opponent_panel,BASELINE,P07,407,second,win,S12,1009
seven_opponent_panel,BASELINE,P07,408,first,win,S12,1010
seven_opponent_panel,BASELINE,P07,409,second,win,S12,1011
seven_opponent_panel,BASELINE,P07,410,first,loss,S12,1012
seven_opponent_panel,BASELINE,P07,411,second,loss,S12,1013
seven_opponent_panel,BASELINE,P07,412,first,win,S12,1014
seven_opponent_panel,BASELINE,P07,413,second,win,S12,1015
seven_opponent_panel,BASELINE,P07,414,first,win,S12,1016
seven_opponent_panel,BASELINE,P07,415,second,win,S12,1017
seven_opponent_panel,BASELINE,P07,416,first,win,S12,1018
seven_opponent_panel,BASELINE,P07,417,second,loss,S12,1019
seven_opponent_panel,BASELINE,P07,418,first,win,S12,1020
seven_opponent_panel,BASELINE,P07,419,second,loss,S12,1022
seven_opponent_panel,BASELINE,P07,420,first,win,S12,1021
seven_opponent_panel,BASELINE,P07,421,second,loss,S12,1023
seven_opponent_panel,BASELINE,P07,422,first,win,S12,1024
seven_opponent_panel,BASELINE,P07,423,second,loss,S12,1025
seven_opponent_panel,BASELINE,P07,424,first,win,S12,1026
seven_opponent_panel,BASELINE,P07,425,second,loss,S12,1027
seven_opponent_panel,BASELINE,P07,426,first,loss,S12,1028
seven_opponent_panel,BASELINE,P07,427,second,loss,S12,1029
seven_opponent_panel,BASELINE,P07,428,first,win,S12,1030
seven_opponent_panel,BASELINE,P07,429,second,loss,S12,1031
seven_opponent_panel,BASELINE,P07,430,first,win,S12,1032
seven_opponent_panel,BASELINE,P07,431,second,win,S12,1033
seven_opponent_panel,BASELINE,P07,432,first,loss,S12,1034
seven_opponent_panel,BASELINE,P07,433,second,loss,S12,1035
seven_opponent_panel,BASELINE,P07,434,first,loss,S12,1036
seven_opponent_panel,BASELINE,P07,435,second,loss,S12,1037
seven_opponent_panel,BASELINE,P07,436,first,win,S12,1038
seven_opponent_panel,BASELINE,P07,437,second,loss,S12,1039
seven_opponent_panel,BASELINE,P07,438,first,win,S12,1040
seven_opponent_panel,BASELINE,P07,439,second,win,S12,1041
seven_opponent_panel,BASELINE,P07,440,first,win,S12,1042
seven_opponent_panel,BASELINE,P07,441,second,win,S12,1043
seven_opponent_panel,BASELINE,P07,442,first,loss,S12,1044
seven_opponent_panel,BASELINE,P07,443,second,loss,S12,1045
seven_opponent_panel,BASELINE,P07,444,first,win,S12,1046
seven_opponent_panel,BASELINE,P07,445,second,loss,S12,1047
seven_opponent_panel,BASELINE,P07,446,first,win,S12,1048
seven_opponent_panel,BASELINE,P07,447,second,loss,S12,1049
seven_opponent_panel,BASELINE,P07,448,first,loss,S12,1050
seven_opponent_panel,BASELINE,P07,449,second,loss,S12,1051
seven_opponent_panel,BASELINE,P07,450,first,win,S12,1052
seven_opponent_panel,BASELINE,P07,451,second,loss,S12,1053
seven_opponent_panel,BASELINE,P07,452,first,win,S12,1054
seven_opponent_panel,BASELINE,P07,453,second,win,S12,1055
seven_opponent_panel,BASELINE,P07,454,first,win,S12,1056
seven_opponent_panel,BASELINE,P07,455,second,win,S12,1057
seven_opponent_panel,BASELINE,P07,456,first,loss,S12,1058
seven_opponent_panel,BASELINE,P07,457,second,loss,S12,1059
seven_opponent_panel,BASELINE,P07,458,first,win,S12,1060
seven_opponent_panel,BASELINE,P07,459,second,win,S12,1061
seven_opponent_panel,BASELINE,P07,460,first,win,S12,1062
seven_opponent_panel,BASELINE,P07,461,second,win,S12,1063
seven_opponent_panel,BASELINE,P07,462,first,win,S12,1064
seven_opponent_panel,BASELINE,P07,463,second,win,S12,1065
seven_opponent_panel,BASELINE,P07,464,first,loss,S12,1066
seven_opponent_panel,BASELINE,P07,465,second,loss,S12,1067
seven_opponent_panel,BASELINE,P07,466,first,loss,S12,1068
seven_opponent_panel,BASELINE,P07,467,second,win,S12,1069
seven_opponent_panel,BASELINE,P07,468,first,loss,S12,1070
seven_opponent_panel,BASELINE,P07,469,second,win,S12,1071
seven_opponent_panel,BASELINE,P07,470,first,win,S12,1072
seven_opponent_panel,BASELINE,P07,471,second,win,S12,1073
seven_opponent_panel,BASELINE,P07,472,first,win,S12,1074
seven_opponent_panel,BASELINE,P07,473,second,win,S12,1075
seven_opponent_panel,BASELINE,P07,474,first,loss,S12,1076
seven_opponent_panel,BASELINE,P07,475,second,win,S12,1077
seven_opponent_panel,BASELINE,P07,476,first,win,S12,1078
seven_opponent_panel,BASELINE,P07,477,second,win,S12,1079
seven_opponent_panel,BASELINE,P07,478,first,win,S12,1080
seven_opponent_panel,BASELINE,P07,479,second,loss,S12,1081
seven_opponent_panel,BASELINE,P07,480,first,loss,S12,1082
seven_opponent_panel,BASELINE,P07,481,second,win,S12,1083
seven_opponent_panel,BASELINE,P07,482,first,win,S12,1084
seven_opponent_panel,BASELINE,P07,483,second,win,S12,1085
seven_opponent_panel,BASELINE,P07,484,first,loss,S12,1086
seven_opponent_panel,BASELINE,P07,485,second,loss,S12,1087
seven_opponent_panel,BASELINE,P07,486,first,loss,S12,1088
seven_opponent_panel,BASELINE,P07,487,second,win,S12,1089
seven_opponent_panel,BASELINE,P07,488,first,win,S12,1090
seven_opponent_panel,BASELINE,P07,489,second,win,S12,1091
seven_opponent_panel,BASELINE,P07,490,first,win,S12,1092
seven_opponent_panel,BASELINE,P07,491,second,win,S12,1093
seven_opponent_panel,BASELINE,P07,492,first,loss,S12,1094
seven_opponent_panel,BASELINE,P07,493,second,win,S12,1095
seven_opponent_panel,BASELINE,P07,494,first,win,S12,1096
seven_opponent_panel,BASELINE,P07,495,second,win,S12,1097
seven_opponent_panel,BASELINE,P07,496,first,win,S12,1098
seven_opponent_panel,BASELINE,P07,497,second,loss,S12,1099
seven_opponent_panel,BASELINE,P07,498,first,loss,S12,1100
seven_opponent_panel,BASELINE,P07,499,second,win,S12,1101
seven_opponent_panel,BASELINE,P07,500,first,win,S12,1102
seven_opponent_panel,BASELINE,P07,501,second,win,S12,1103
seven_opponent_panel,BASELINE,P07,502,first,loss,S12,1104
seven_opponent_panel,BASELINE,P07,503,second,win,S12,1105
seven_opponent_panel,BASELINE,P07,504,first,win,S12,1106
seven_opponent_panel,BASELINE,P07,505,second,win,S12,1107
seven_opponent_panel,BASELINE,P07,506,first,win,S12,1108
seven_opponent_panel,BASELINE,P07,507,second,win,S12,1109
seven_opponent_panel,BASELINE,P07,508,first,win,S12,1110
seven_opponent_panel,BASELINE,P07,509,second,win,S12,1111
seven_opponent_panel,BASELINE,P07,510,first,win,S12,1112
seven_opponent_panel,BASELINE,P07,511,second,win,S12,1113
seven_opponent_panel,BASELINE,P07,512,first,win,S12,1114
seven_opponent_panel,BASELINE,P07,513,second,loss,S12,1115
seven_opponent_panel,BASELINE,P07,514,first,loss,S12,1116
seven_opponent_panel,BASELINE,P07,515,second,loss,S12,1117
seven_opponent_panel,BASELINE,P07,516,first,win,S12,1118
seven_opponent_panel,BASELINE,P07,517,second,win,S12,1119
seven_opponent_panel,BASELINE,P07,518,first,win,S12,1120
seven_opponent_panel,BASELINE,P07,519,second,win,S12,1121
seven_opponent_panel,BASELINE,P07,520,first,draw,S12,1122
seven_opponent_panel,BASELINE,P07,521,second,win,S12,1123
seven_opponent_panel,BASELINE,P07,522,first,loss,S12,1124
seven_opponent_panel,BASELINE,P07,523,second,loss,S12,1125
seven_opponent_panel,BASELINE,P07,524,first,win,S12,1126
seven_opponent_panel,BASELINE,P07,525,second,loss,S12,1127
seven_opponent_panel,BASELINE,P07,526,first,loss,S12,1128
seven_opponent_panel,BASELINE,P07,527,second,loss,S12,1129
seven_opponent_panel,BASELINE,P07,528,first,win,S12,1130
seven_opponent_panel,BASELINE,P07,529,second,win,S12,1131
seven_opponent_panel,BASELINE,P07,530,first,win,S12,1132
seven_opponent_panel,BASELINE,P07,531,second,win,S12,1133
seven_opponent_panel,BASELINE,P07,532,first,win,S12,1134
seven_opponent_panel,BASELINE,P07,533,second,win,S12,1135
seven_opponent_panel,BASELINE,P07,534,first,win,S12,1136
seven_opponent_panel,BASELINE,P07,535,second,win,S12,1137
seven_opponent_panel,BASELINE,P07,536,first,win,S12,1138
seven_opponent_panel,BASELINE,P07,537,second,win,S12,1139
seven_opponent_panel,BASELINE,P07,538,first,loss,S12,1140
seven_opponent_panel,BASELINE,P07,539,second,loss,S12,1141
seven_opponent_panel,BASELINE,P07,540,first,win,S12,1142
seven_opponent_panel,BASELINE,P07,541,second,win,S12,1143
seven_opponent_panel,BASELINE,P07,542,first,loss,S12,1144
seven_opponent_panel,BASELINE,P07,543,second,loss,S12,1146
seven_opponent_panel,BASELINE,P07,544,first,win,S12,1145
seven_opponent_panel,BASELINE,P07,545,second,loss,S12,1147
seven_opponent_panel,BASELINE,P07,546,first,win,S12,1148
seven_opponent_panel,BASELINE,P07,547,second,loss,S12,1149
seven_opponent_panel,BASELINE,P07,548,first,loss,S12,1150
seven_opponent_panel,BASELINE,P07,549,second,win,S12,1151
seven_opponent_panel,BASELINE,P07,550,first,win,S12,1152
seven_opponent_panel,BASELINE,P07,551,second,loss,S12,1153
seven_opponent_panel,BASELINE,P07,552,first,loss,S12,1154
seven_opponent_panel,BASELINE,P07,553,second,loss,S12,1155
seven_opponent_panel,BASELINE,P07,554,first,win,S12,1156
seven_opponent_panel,BASELINE,P07,555,second,win,S12,1158
seven_opponent_panel,BASELINE,P07,556,first,win,S12,1157
seven_opponent_panel,BASELINE,P07,557,second,win,S12,1159
seven_opponent_panel,BASELINE,P07,558,first,loss,S12,1160
seven_opponent_panel,BASELINE,P07,559,second,loss,S12,1161
seven_opponent_panel,BASELINE,P07,560,first,loss,S12,1162
seven_opponent_panel,BASELINE,P07,561,second,win,S12,1163
seven_opponent_panel,BASELINE,P07,562,first,loss,S12,1164
seven_opponent_panel,BASELINE,P07,563,second,loss,S12,1165
seven_opponent_panel,BASELINE,P07,564,first,win,S12,1166
seven_opponent_panel,BASELINE,P07,565,second,win,S12,1167
seven_opponent_panel,BASELINE,P07,566,first,loss,S12,1168
seven_opponent_panel,BASELINE,P07,567,second,win,S12,1170
seven_opponent_panel,BASELINE,P07,568,first,win,S12,1169
seven_opponent_panel,BASELINE,P07,569,second,loss,S12,1171
seven_opponent_panel,BASELINE,P07,570,first,loss,S12,1172
seven_opponent_panel,BASELINE,P07,571,second,win,S12,1173
seven_opponent_panel,BASELINE,P07,572,first,win,S12,1174
seven_opponent_panel,BASELINE,P07,573,second,loss,S12,1175
seven_opponent_panel,BASELINE,P07,574,first,loss,S12,1176
seven_opponent_panel,BASELINE,P07,575,second,win,S12,1177
seven_opponent_panel,BASELINE,P07,576,first,win,S12,1178
seven_opponent_panel,BASELINE,P07,577,second,loss,S12,1179
seven_opponent_panel,BASELINE,P07,578,first,loss,S12,1180
seven_opponent_panel,BASELINE,P07,579,second,loss,S12,1181
seven_opponent_panel,BASELINE,P07,580,first,loss,S12,1182
seven_opponent_panel,BASELINE,P07,581,second,win,S12,1183
seven_opponent_panel,BASELINE,P07,582,first,win,S12,1184
seven_opponent_panel,BASELINE,P07,583,second,loss,S12,1185
seven_opponent_panel,BASELINE,P07,584,first,win,S12,1186
seven_opponent_panel,BASELINE,P07,585,second,win,S12,1187
seven_opponent_panel,BASELINE,P07,586,first,win,S12,1188
seven_opponent_panel,BASELINE,P07,587,second,win,S12,1189
seven_opponent_panel,BASELINE,P07,588,first,win,S12,1190
seven_opponent_panel,BASELINE,P07,589,second,win,S12,1191
seven_opponent_panel,BASELINE,P07,590,first,win,S12,1192
seven_opponent_panel,BASELINE,P07,591,second,loss,S12,1193
seven_opponent_panel,BASELINE,P07,592,first,loss,S12,1194
seven_opponent_panel,BASELINE,P07,593,second,win,S12,1195
seven_opponent_panel,BASELINE,P07,594,first,loss,S12,1196
seven_opponent_panel,BASELINE,P07,595,second,win,S12,1197
seven_opponent_panel,BASELINE,P07,596,first,win,S12,1198
seven_opponent_panel,BASELINE,P07,597,second,win,S12,1199
seven_opponent_panel,BASELINE,P07,598,first,win,S12,1200
seven_opponent_panel,BASELINE,P07,599,second,win,S12,1208
seven_opponent_panel,COMBINED,P01,0,first,win,S12,4204
seven_opponent_panel,COMBINED,P01,1,second,loss,S12,4202
seven_opponent_panel,COMBINED,P01,2,first,win,S12,4203
seven_opponent_panel,COMBINED,P01,3,second,loss,S12,4206
seven_opponent_panel,COMBINED,P01,4,first,loss,S12,4205
seven_opponent_panel,COMBINED,P01,5,second,win,S12,4207
seven_opponent_panel,COMBINED,P01,6,first,loss,S12,4208
seven_opponent_panel,COMBINED,P01,7,second,win,S12,4209
seven_opponent_panel,COMBINED,P01,8,first,win,S12,4210
seven_opponent_panel,COMBINED,P01,9,second,loss,S12,4213
seven_opponent_panel,COMBINED,P01,10,first,win,S12,4211
seven_opponent_panel,COMBINED,P01,11,second,win,S12,4212
seven_opponent_panel,COMBINED,P01,12,first,loss,S12,4214
seven_opponent_panel,COMBINED,P01,13,second,loss,S12,4215
seven_opponent_panel,COMBINED,P01,14,first,loss,S12,4216
seven_opponent_panel,COMBINED,P01,15,second,loss,S12,4218
seven_opponent_panel,COMBINED,P01,16,first,loss,S12,4217
seven_opponent_panel,COMBINED,P01,17,second,loss,S12,4220
seven_opponent_panel,COMBINED,P01,18,first,win,S12,4219
seven_opponent_panel,COMBINED,P01,19,second,win,S12,4223
seven_opponent_panel,COMBINED,P01,20,first,win,S12,4221
seven_opponent_panel,COMBINED,P01,21,second,win,S12,4222
seven_opponent_panel,COMBINED,P01,22,first,win,S12,4225
seven_opponent_panel,COMBINED,P01,23,second,win,S12,4226
seven_opponent_panel,COMBINED,P01,24,first,win,S12,4224
seven_opponent_panel,COMBINED,P01,25,second,win,S12,4228
seven_opponent_panel,COMBINED,P01,26,first,loss,S12,4227
seven_opponent_panel,COMBINED,P01,27,second,win,S12,4230
seven_opponent_panel,COMBINED,P01,28,first,win,S12,4231
seven_opponent_panel,COMBINED,P01,29,second,loss,S12,4229
seven_opponent_panel,COMBINED,P01,30,first,win,S12,4234
seven_opponent_panel,COMBINED,P01,31,second,loss,S12,4232
seven_opponent_panel,COMBINED,P01,32,first,win,S12,4233
seven_opponent_panel,COMBINED,P01,33,second,loss,S12,4235
seven_opponent_panel,COMBINED,P01,34,first,win,S12,4236
seven_opponent_panel,COMBINED,P01,35,second,win,S12,4237
seven_opponent_panel,COMBINED,P01,36,first,win,S12,4238
seven_opponent_panel,COMBINED,P01,37,second,win,S12,4242
seven_opponent_panel,COMBINED,P01,38,first,loss,S12,4240
seven_opponent_panel,COMBINED,P01,39,second,win,S12,4239
seven_opponent_panel,COMBINED,P01,40,first,loss,S12,4243
seven_opponent_panel,COMBINED,P01,41,second,loss,S12,4241
seven_opponent_panel,COMBINED,P01,42,first,win,S12,4244
seven_opponent_panel,COMBINED,P01,43,second,win,S12,4245
seven_opponent_panel,COMBINED,P01,44,first,loss,S12,4246
seven_opponent_panel,COMBINED,P01,45,second,win,S12,4247
seven_opponent_panel,COMBINED,P01,46,first,loss,S12,4249
seven_opponent_panel,COMBINED,P01,47,second,win,S12,4250
seven_opponent_panel,COMBINED,P01,48,first,win,S12,4248
seven_opponent_panel,COMBINED,P01,49,second,loss,S12,4252
seven_opponent_panel,COMBINED,P01,50,first,win,S12,4251
seven_opponent_panel,COMBINED,P01,51,second,loss,S12,4253
seven_opponent_panel,COMBINED,P01,52,first,loss,S12,4255
seven_opponent_panel,COMBINED,P01,53,second,loss,S12,4254
seven_opponent_panel,COMBINED,P01,54,first,win,S12,4256
seven_opponent_panel,COMBINED,P01,55,second,loss,S12,4258
seven_opponent_panel,COMBINED,P01,56,first,win,S12,4257
seven_opponent_panel,COMBINED,P01,57,second,win,S12,4260
seven_opponent_panel,COMBINED,P01,58,first,loss,S12,4261
seven_opponent_panel,COMBINED,P01,59,second,win,S12,4259
seven_opponent_panel,COMBINED,P01,60,first,win,S12,4262
seven_opponent_panel,COMBINED,P01,61,second,win,S12,4263
seven_opponent_panel,COMBINED,P01,62,first,loss,S12,4264
seven_opponent_panel,COMBINED,P01,63,second,win,S12,4266
seven_opponent_panel,COMBINED,P01,64,first,win,S12,4265
seven_opponent_panel,COMBINED,P01,65,second,loss,S12,4267
seven_opponent_panel,COMBINED,P01,66,first,win,S12,4268
seven_opponent_panel,COMBINED,P01,67,second,loss,S12,4270
seven_opponent_panel,COMBINED,P01,68,first,loss,S12,4269
seven_opponent_panel,COMBINED,P01,69,second,win,S12,4271
seven_opponent_panel,COMBINED,P01,70,first,win,S12,4273
seven_opponent_panel,COMBINED,P01,71,second,loss,S12,4272
seven_opponent_panel,COMBINED,P01,72,first,win,S12,4276
seven_opponent_panel,COMBINED,P01,73,second,loss,S12,4278
seven_opponent_panel,COMBINED,P01,74,first,win,S12,4274
seven_opponent_panel,COMBINED,P01,75,second,win,S12,4275
seven_opponent_panel,COMBINED,P01,76,first,win,S12,4277
seven_opponent_panel,COMBINED,P01,77,second,win,S12,4281
seven_opponent_panel,COMBINED,P01,78,first,loss,S12,4280
seven_opponent_panel,COMBINED,P01,79,second,win,S12,4279
seven_opponent_panel,COMBINED,P01,80,first,win,S12,4282
seven_opponent_panel,COMBINED,P01,81,second,loss,S12,4284
seven_opponent_panel,COMBINED,P01,82,first,loss,S12,4283
seven_opponent_panel,COMBINED,P01,83,second,loss,S12,4285
seven_opponent_panel,COMBINED,P01,84,first,win,S12,4286
seven_opponent_panel,COMBINED,P01,85,second,loss,S12,4287
seven_opponent_panel,COMBINED,P01,86,first,loss,S12,4289
seven_opponent_panel,COMBINED,P01,87,second,win,S12,4290
seven_opponent_panel,COMBINED,P01,88,first,win,S12,4288
seven_opponent_panel,COMBINED,P01,89,second,loss,S12,4292
seven_opponent_panel,COMBINED,P01,90,first,loss,S12,4291
seven_opponent_panel,COMBINED,P01,91,second,win,S12,4293
seven_opponent_panel,COMBINED,P01,92,first,win,S12,4294
seven_opponent_panel,COMBINED,P01,93,second,win,S12,4295
seven_opponent_panel,COMBINED,P01,94,first,loss,S12,4297
seven_opponent_panel,COMBINED,P01,95,second,loss,S12,4298
seven_opponent_panel,COMBINED,P01,96,first,loss,S12,4296
seven_opponent_panel,COMBINED,P01,97,second,win,S12,4299
seven_opponent_panel,COMBINED,P01,98,first,loss,S12,4302
seven_opponent_panel,COMBINED,P01,99,second,loss,S12,4300
seven_opponent_panel,COMBINED,P01,100,first,win,S12,4301
seven_opponent_panel,COMBINED,P01,101,second,loss,S12,4304
seven_opponent_panel,COMBINED,P01,102,first,win,S12,4303
seven_opponent_panel,COMBINED,P01,103,second,win,S12,4307
seven_opponent_panel,COMBINED,P01,104,first,win,S12,4306
seven_opponent_panel,COMBINED,P01,105,second,win,S12,4305
seven_opponent_panel,COMBINED,P01,106,first,win,S12,4308
seven_opponent_panel,COMBINED,P01,107,second,loss,S12,4309
seven_opponent_panel,COMBINED,P01,108,first,loss,S12,4312
seven_opponent_panel,COMBINED,P01,109,second,loss,S12,4311
seven_opponent_panel,COMBINED,P01,110,first,win,S12,4310
seven_opponent_panel,COMBINED,P01,111,second,loss,S12,4314
seven_opponent_panel,COMBINED,P01,112,first,win,S12,4315
seven_opponent_panel,COMBINED,P01,113,second,loss,S12,4313
seven_opponent_panel,COMBINED,P01,114,first,win,S12,4316
seven_opponent_panel,COMBINED,P01,115,second,loss,S12,4317
seven_opponent_panel,COMBINED,P01,116,first,loss,S12,4319
seven_opponent_panel,COMBINED,P01,117,second,loss,S12,4318
seven_opponent_panel,COMBINED,P01,118,first,win,S12,4320
seven_opponent_panel,COMBINED,P01,119,second,win,S12,4321
seven_opponent_panel,COMBINED,P01,120,first,loss,S12,4324
seven_opponent_panel,COMBINED,P01,121,second,win,S12,4322
seven_opponent_panel,COMBINED,P01,122,first,win,S12,4323
seven_opponent_panel,COMBINED,P01,123,second,loss,S12,4326
seven_opponent_panel,COMBINED,P01,124,first,win,S12,4325
seven_opponent_panel,COMBINED,P01,125,second,loss,S12,4329
seven_opponent_panel,COMBINED,P01,126,first,loss,S12,4327
seven_opponent_panel,COMBINED,P01,127,second,loss,S12,4330
seven_opponent_panel,COMBINED,P01,128,first,win,S12,4328
seven_opponent_panel,COMBINED,P01,129,second,win,S12,4331
seven_opponent_panel,COMBINED,P01,130,first,loss,S12,4332
seven_opponent_panel,COMBINED,P01,131,second,win,S12,4333
seven_opponent_panel,COMBINED,P01,132,first,loss,S12,4334
seven_opponent_panel,COMBINED,P01,133,second,loss,S12,4336
seven_opponent_panel,COMBINED,P01,134,first,win,S12,4338
seven_opponent_panel,COMBINED,P01,135,second,win,S12,4335
seven_opponent_panel,COMBINED,P01,136,first,win,S12,4339
seven_opponent_panel,COMBINED,P01,137,second,loss,S12,4337
seven_opponent_panel,COMBINED,P01,138,first,win,S12,4341
seven_opponent_panel,COMBINED,P01,139,second,loss,S12,4340
seven_opponent_panel,COMBINED,P01,140,first,loss,S12,4342
seven_opponent_panel,COMBINED,P01,141,second,loss,S12,4343
seven_opponent_panel,COMBINED,P01,142,first,loss,S12,4344
seven_opponent_panel,COMBINED,P01,143,second,loss,S12,4346
seven_opponent_panel,COMBINED,P01,144,first,loss,S12,4347
seven_opponent_panel,COMBINED,P01,145,second,win,S12,4345
seven_opponent_panel,COMBINED,P01,146,first,loss,S12,4348
seven_opponent_panel,COMBINED,P01,147,second,loss,S12,4351
seven_opponent_panel,COMBINED,P01,148,first,win,S12,4349
seven_opponent_panel,COMBINED,P01,149,second,win,S12,4350
seven_opponent_panel,COMBINED,P01,150,first,loss,S12,4352
seven_opponent_panel,COMBINED,P01,151,second,win,S12,4356
seven_opponent_panel,COMBINED,P01,152,first,loss,S12,4354
seven_opponent_panel,COMBINED,P01,153,second,win,S12,4353
seven_opponent_panel,COMBINED,P01,154,first,loss,S12,4357
seven_opponent_panel,COMBINED,P01,155,second,win,S12,4355
seven_opponent_panel,COMBINED,P01,156,first,win,S12,4358
seven_opponent_panel,COMBINED,P01,157,second,loss,S12,4362
seven_opponent_panel,COMBINED,P01,158,first,draw,S12,4360
seven_opponent_panel,COMBINED,P01,159,second,loss,S12,4359
seven_opponent_panel,COMBINED,P01,160,first,win,S12,4361
seven_opponent_panel,COMBINED,P01,161,second,loss,S12,4366
seven_opponent_panel,COMBINED,P01,162,first,win,S12,4363
seven_opponent_panel,COMBINED,P01,163,second,win,S12,4365
seven_opponent_panel,COMBINED,P01,164,first,win,S12,4364
seven_opponent_panel,COMBINED,P01,165,second,win,S12,4367
seven_opponent_panel,COMBINED,P01,166,first,loss,S12,4369
seven_opponent_panel,COMBINED,P01,167,second,win,S12,4368
seven_opponent_panel,COMBINED,P01,168,first,win,S12,4371
seven_opponent_panel,COMBINED,P01,169,second,loss,S12,4370
seven_opponent_panel,COMBINED,P01,170,first,win,S12,4372
seven_opponent_panel,COMBINED,P01,171,second,loss,S12,4373
seven_opponent_panel,COMBINED,P01,172,first,loss,S12,4374
seven_opponent_panel,COMBINED,P01,173,second,loss,S12,4375
seven_opponent_panel,COMBINED,P01,174,first,win,S12,4377
seven_opponent_panel,COMBINED,P01,175,second,loss,S12,4376
seven_opponent_panel,COMBINED,P01,176,first,win,S12,4378
seven_opponent_panel,COMBINED,P01,177,second,win,S12,4380
seven_opponent_panel,COMBINED,P01,178,first,win,S12,4379
seven_opponent_panel,COMBINED,P01,179,second,win,S12,4382
seven_opponent_panel,COMBINED,P01,180,first,win,S12,4384
seven_opponent_panel,COMBINED,P01,181,second,win,S12,4381
seven_opponent_panel,COMBINED,P01,182,first,win,S12,4383
seven_opponent_panel,COMBINED,P01,183,second,loss,S12,4385
seven_opponent_panel,COMBINED,P01,184,first,win,S12,4388
seven_opponent_panel,COMBINED,P01,185,second,win,S12,4386
seven_opponent_panel,COMBINED,P01,186,first,win,S12,4389
seven_opponent_panel,COMBINED,P01,187,second,win,S12,4387
seven_opponent_panel,COMBINED,P01,188,first,win,S12,4391
seven_opponent_panel,COMBINED,P01,189,second,win,S12,4390
seven_opponent_panel,COMBINED,P01,190,first,loss,S12,4393
seven_opponent_panel,COMBINED,P01,191,second,win,S12,4392
seven_opponent_panel,COMBINED,P01,192,first,loss,S12,4395
seven_opponent_panel,COMBINED,P01,193,second,loss,S12,4394
seven_opponent_panel,COMBINED,P01,194,first,loss,S12,4398
seven_opponent_panel,COMBINED,P01,195,second,win,S12,4396
seven_opponent_panel,COMBINED,P01,196,first,win,S12,4399
seven_opponent_panel,COMBINED,P01,197,second,win,S12,4397
seven_opponent_panel,COMBINED,P01,198,first,loss,S12,4401
seven_opponent_panel,COMBINED,P01,199,second,loss,S12,4403
seven_opponent_panel,COMBINED,P01,200,first,loss,S12,4400
seven_opponent_panel,COMBINED,P01,201,second,loss,S12,4404
seven_opponent_panel,COMBINED,P01,202,first,win,S12,4402
seven_opponent_panel,COMBINED,P01,203,second,win,S12,4405
seven_opponent_panel,COMBINED,P01,204,first,loss,S12,4407
seven_opponent_panel,COMBINED,P01,205,second,loss,S12,4406
seven_opponent_panel,COMBINED,P01,206,first,win,S12,4409
seven_opponent_panel,COMBINED,P01,207,second,win,S12,4412
seven_opponent_panel,COMBINED,P01,208,first,loss,S12,4408
seven_opponent_panel,COMBINED,P01,209,second,win,S12,4411
seven_opponent_panel,COMBINED,P01,210,first,win,S12,4410
seven_opponent_panel,COMBINED,P01,211,second,win,S12,4413
seven_opponent_panel,COMBINED,P01,212,first,loss,S12,4414
seven_opponent_panel,COMBINED,P01,213,second,loss,S12,4416
seven_opponent_panel,COMBINED,P01,214,first,loss,S12,4415
seven_opponent_panel,COMBINED,P01,215,second,loss,S12,4420
seven_opponent_panel,COMBINED,P01,216,first,loss,S12,4417
seven_opponent_panel,COMBINED,P01,217,second,win,S12,4418
seven_opponent_panel,COMBINED,P01,218,first,win,S12,4419
seven_opponent_panel,COMBINED,P01,219,second,win,S12,4421
seven_opponent_panel,COMBINED,P01,220,first,win,S12,4422
seven_opponent_panel,COMBINED,P01,221,second,loss,S12,4425
seven_opponent_panel,COMBINED,P01,222,first,win,S12,4423
seven_opponent_panel,COMBINED,P01,223,second,loss,S12,4427
seven_opponent_panel,COMBINED,P01,224,first,win,S12,4424
seven_opponent_panel,COMBINED,P01,225,second,loss,S12,4428
seven_opponent_panel,COMBINED,P01,226,first,win,S12,4426
seven_opponent_panel,COMBINED,P01,227,second,win,S12,4429
seven_opponent_panel,COMBINED,P01,228,first,win,S12,4431
seven_opponent_panel,COMBINED,P01,229,second,loss,S12,4432
seven_opponent_panel,COMBINED,P01,230,first,loss,S12,4430
seven_opponent_panel,COMBINED,P01,231,second,win,S12,4434
seven_opponent_panel,COMBINED,P01,232,first,win,S12,4433
seven_opponent_panel,COMBINED,P01,233,second,loss,S12,4437
seven_opponent_panel,COMBINED,P01,234,first,win,S12,4436
seven_opponent_panel,COMBINED,P01,235,second,win,S12,4435
seven_opponent_panel,COMBINED,P01,236,first,win,S12,4438
seven_opponent_panel,COMBINED,P01,237,second,loss,S12,4439
seven_opponent_panel,COMBINED,P01,238,first,loss,S12,4441
seven_opponent_panel,COMBINED,P01,239,second,win,S12,4440
seven_opponent_panel,COMBINED,P01,240,first,loss,S12,4442
seven_opponent_panel,COMBINED,P01,241,second,loss,S12,4446
seven_opponent_panel,COMBINED,P01,242,first,loss,S12,4444
seven_opponent_panel,COMBINED,P01,243,second,win,S12,4443
seven_opponent_panel,COMBINED,P01,244,first,loss,S12,4447
seven_opponent_panel,COMBINED,P01,245,second,loss,S12,4445
seven_opponent_panel,COMBINED,P01,246,first,loss,S12,4449
seven_opponent_panel,COMBINED,P01,247,second,win,S12,4451
seven_opponent_panel,COMBINED,P01,248,first,win,S12,4448
seven_opponent_panel,COMBINED,P01,249,second,win,S12,4450
seven_opponent_panel,COMBINED,P01,250,first,loss,S12,4453
seven_opponent_panel,COMBINED,P01,251,second,loss,S12,4455
seven_opponent_panel,COMBINED,P01,252,first,win,S12,4452
seven_opponent_panel,COMBINED,P01,253,second,loss,S12,4454
seven_opponent_panel,COMBINED,P01,254,first,win,S12,4457
seven_opponent_panel,COMBINED,P01,255,second,loss,S12,4458
seven_opponent_panel,COMBINED,P01,256,first,win,S12,4456
seven_opponent_panel,COMBINED,P01,257,second,loss,S12,4461
seven_opponent_panel,COMBINED,P01,258,first,loss,S12,4460
seven_opponent_panel,COMBINED,P01,259,second,loss,S12,4459
seven_opponent_panel,COMBINED,P01,260,first,win,S12,4464
seven_opponent_panel,COMBINED,P01,261,second,win,S12,4462
seven_opponent_panel,COMBINED,P01,262,first,win,S12,4465
seven_opponent_panel,COMBINED,P01,263,second,win,S12,4463
seven_opponent_panel,COMBINED,P01,264,first,win,S12,4466
seven_opponent_panel,COMBINED,P01,265,second,loss,S12,4467
seven_opponent_panel,COMBINED,P01,266,first,loss,S12,4469
seven_opponent_panel,COMBINED,P01,267,second,win,S12,4468
seven_opponent_panel,COMBINED,P01,268,first,loss,S12,4471
seven_opponent_panel,COMBINED,P01,269,second,win,S12,4470
seven_opponent_panel,COMBINED,P01,270,first,win,S12,4473
seven_opponent_panel,COMBINED,P01,271,second,win,S12,4472
seven_opponent_panel,COMBINED,P01,272,first,loss,S12,4474
seven_opponent_panel,COMBINED,P01,273,second,loss,S12,4475
seven_opponent_panel,COMBINED,P01,274,first,loss,S12,4476
seven_opponent_panel,COMBINED,P01,275,second,loss,S12,4478
seven_opponent_panel,COMBINED,P01,276,first,loss,S12,4477
seven_opponent_panel,COMBINED,P01,277,second,win,S12,4479
seven_opponent_panel,COMBINED,P01,278,first,loss,S12,4481
seven_opponent_panel,COMBINED,P01,279,second,win,S12,4482
seven_opponent_panel,COMBINED,P01,280,first,win,S12,4480
seven_opponent_panel,COMBINED,P01,281,second,loss,S12,4486
seven_opponent_panel,COMBINED,P01,282,first,win,S12,4485
seven_opponent_panel,COMBINED,P01,283,second,loss,S12,4483
seven_opponent_panel,COMBINED,P01,284,first,win,S12,4484
seven_opponent_panel,COMBINED,P01,285,second,win,S12,4488
seven_opponent_panel,COMBINED,P01,286,first,win,S12,4489
seven_opponent_panel,COMBINED,P01,287,second,win,S12,4487
seven_opponent_panel,COMBINED,P01,288,first,win,S12,4490
seven_opponent_panel,COMBINED,P01,289,second,loss,S12,4491
seven_opponent_panel,COMBINED,P01,290,first,win,S12,4492
seven_opponent_panel,COMBINED,P01,291,second,win,S12,4493
seven_opponent_panel,COMBINED,P01,292,first,win,S12,4494
seven_opponent_panel,COMBINED,P01,293,second,win,S12,4496
seven_opponent_panel,COMBINED,P01,294,first,loss,S12,4498
seven_opponent_panel,COMBINED,P01,295,second,win,S12,4495
seven_opponent_panel,COMBINED,P01,296,first,win,S12,4497
seven_opponent_panel,COMBINED,P01,297,second,win,S12,4499
seven_opponent_panel,COMBINED,P01,298,first,win,S12,4500
seven_opponent_panel,COMBINED,P01,299,second,loss,S12,4501
seven_opponent_panel,COMBINED,P01,300,first,win,S12,4504
seven_opponent_panel,COMBINED,P01,301,second,loss,S12,4503
seven_opponent_panel,COMBINED,P01,302,first,loss,S12,4502
seven_opponent_panel,COMBINED,P01,303,second,win,S12,4507
seven_opponent_panel,COMBINED,P01,304,first,win,S12,4506
seven_opponent_panel,COMBINED,P01,305,second,win,S12,4505
seven_opponent_panel,COMBINED,P01,306,first,win,S12,4514
seven_opponent_panel,COMBINED,P01,307,second,win,S12,4510
seven_opponent_panel,COMBINED,P01,308,first,loss,S12,4508
seven_opponent_panel,COMBINED,P01,309,second,win,S12,4509
seven_opponent_panel,COMBINED,P01,310,first,win,S12,4511
seven_opponent_panel,COMBINED,P01,311,second,win,S12,4516
seven_opponent_panel,COMBINED,P01,312,first,win,S12,4512
seven_opponent_panel,COMBINED,P01,313,second,win,S12,4513
seven_opponent_panel,COMBINED,P01,314,first,loss,S12,4518
seven_opponent_panel,COMBINED,P01,315,second,win,S12,4515
seven_opponent_panel,COMBINED,P01,316,first,win,S12,4517
seven_opponent_panel,COMBINED,P01,317,second,loss,S12,4520
seven_opponent_panel,COMBINED,P01,318,first,loss,S12,4521
seven_opponent_panel,COMBINED,P01,319,second,win,S12,4519
seven_opponent_panel,COMBINED,P01,320,first,win,S12,4522
seven_opponent_panel,COMBINED,P01,321,second,win,S12,4524
seven_opponent_panel,COMBINED,P01,322,first,loss,S12,4523
seven_opponent_panel,COMBINED,P01,323,second,win,S12,4526
seven_opponent_panel,COMBINED,P01,324,first,win,S12,4525
seven_opponent_panel,COMBINED,P01,325,second,win,S12,4527
seven_opponent_panel,COMBINED,P01,326,first,loss,S12,4530
seven_opponent_panel,COMBINED,P01,327,second,win,S12,4529
seven_opponent_panel,COMBINED,P01,328,first,win,S12,4528
seven_opponent_panel,COMBINED,P01,329,second,loss,S12,4532
seven_opponent_panel,COMBINED,P01,330,first,win,S12,4531
seven_opponent_panel,COMBINED,P01,331,second,loss,S12,4534
seven_opponent_panel,COMBINED,P01,332,first,loss,S12,4536
seven_opponent_panel,COMBINED,P01,333,second,win,S12,4533
seven_opponent_panel,COMBINED,P01,334,first,loss,S12,4535
seven_opponent_panel,COMBINED,P01,335,second,loss,S12,4538
seven_opponent_panel,COMBINED,P01,336,first,loss,S12,4539
seven_opponent_panel,COMBINED,P01,337,second,loss,S12,4537
seven_opponent_panel,COMBINED,P01,338,first,win,S12,4540
seven_opponent_panel,COMBINED,P01,339,second,loss,S12,4542
seven_opponent_panel,COMBINED,P01,340,first,win,S12,4541
seven_opponent_panel,COMBINED,P01,341,second,win,S12,4543
seven_opponent_panel,COMBINED,P01,342,first,win,S12,4544
seven_opponent_panel,COMBINED,P01,343,second,win,S12,4545
seven_opponent_panel,COMBINED,P01,344,first,loss,S12,4547
seven_opponent_panel,COMBINED,P01,345,second,win,S12,4546
seven_opponent_panel,COMBINED,P01,346,first,win,S12,4549
seven_opponent_panel,COMBINED,P01,347,second,win,S12,4548
seven_opponent_panel,COMBINED,P01,348,first,loss,S12,4551
seven_opponent_panel,COMBINED,P01,349,second,loss,S12,4553
seven_opponent_panel,COMBINED,P01,350,first,win,S12,4550
seven_opponent_panel,COMBINED,P01,351,second,loss,S12,4555
seven_opponent_panel,COMBINED,P01,352,first,win,S12,4552
seven_opponent_panel,COMBINED,P01,353,second,win,S12,4556
seven_opponent_panel,COMBINED,P01,354,first,loss,S12,4554
seven_opponent_panel,COMBINED,P01,355,second,win,S12,4557
seven_opponent_panel,COMBINED,P01,356,first,win,S12,4558
seven_opponent_panel,COMBINED,P01,357,second,win,S12,4561
seven_opponent_panel,COMBINED,P01,358,first,win,S12,4559
seven_opponent_panel,COMBINED,P01,359,second,loss,S12,4563
seven_opponent_panel,COMBINED,P01,360,first,win,S12,4560
seven_opponent_panel,COMBINED,P01,361,second,win,S12,4562
seven_opponent_panel,COMBINED,P01,362,first,win,S12,4564
seven_opponent_panel,COMBINED,P01,363,second,loss,S12,4565
seven_opponent_panel,COMBINED,P01,364,first,win,S12,4567
seven_opponent_panel,COMBINED,P01,365,second,win,S12,4566
seven_opponent_panel,COMBINED,P01,366,first,win,S12,4569
seven_opponent_panel,COMBINED,P01,367,second,loss,S12,4568
seven_opponent_panel,COMBINED,P01,368,first,draw,S12,4570
seven_opponent_panel,COMBINED,P01,369,second,loss,S12,4571
seven_opponent_panel,COMBINED,P01,370,first,win,S12,4573
seven_opponent_panel,COMBINED,P01,371,second,win,S12,4572
seven_opponent_panel,COMBINED,P01,372,first,loss,S12,4574
seven_opponent_panel,COMBINED,P01,373,second,loss,S12,4578
seven_opponent_panel,COMBINED,P01,374,first,win,S12,4576
seven_opponent_panel,COMBINED,P01,375,second,win,S12,4575
seven_opponent_panel,COMBINED,P01,376,first,loss,S12,4577
seven_opponent_panel,COMBINED,P01,377,second,loss,S12,4580
seven_opponent_panel,COMBINED,P01,378,first,win,S12,4579
seven_opponent_panel,COMBINED,P01,379,second,loss,S12,4581
seven_opponent_panel,COMBINED,P01,380,first,loss,S12,4585
seven_opponent_panel,COMBINED,P01,381,second,loss,S12,4582
seven_opponent_panel,COMBINED,P01,382,first,win,S12,4583
seven_opponent_panel,COMBINED,P01,383,second,win,S12,4584
seven_opponent_panel,COMBINED,P01,384,first,win,S12,4587
seven_opponent_panel,COMBINED,P01,385,second,loss,S12,4588
seven_opponent_panel,COMBINED,P01,386,first,win,S12,4586
seven_opponent_panel,COMBINED,P01,387,second,win,S12,4590
seven_opponent_panel,COMBINED,P01,388,first,win,S12,4589
seven_opponent_panel,COMBINED,P01,389,second,loss,S12,4595
seven_opponent_panel,COMBINED,P01,390,first,win,S12,4591
seven_opponent_panel,COMBINED,P01,391,second,win,S12,4592
seven_opponent_panel,COMBINED,P01,392,first,win,S12,4594
seven_opponent_panel,COMBINED,P01,393,second,win,S12,4593
seven_opponent_panel,COMBINED,P01,394,first,loss,S12,4596
seven_opponent_panel,COMBINED,P01,395,second,win,S12,4597
seven_opponent_panel,COMBINED,P01,396,first,win,S12,4599
seven_opponent_panel,COMBINED,P01,397,second,loss,S12,4601
seven_opponent_panel,COMBINED,P01,398,first,win,S12,4598
seven_opponent_panel,COMBINED,P01,399,second,win,S12,4600
seven_opponent_panel,COMBINED,P01,400,first,loss,S12,4603
seven_opponent_panel,COMBINED,P01,401,second,win,S12,4604
seven_opponent_panel,COMBINED,P01,402,first,win,S12,4602
seven_opponent_panel,COMBINED,P01,403,second,loss,S12,4608
seven_opponent_panel,COMBINED,P01,404,first,loss,S12,4605
seven_opponent_panel,COMBINED,P01,405,second,loss,S12,4607
seven_opponent_panel,COMBINED,P01,406,first,win,S12,4606
seven_opponent_panel,COMBINED,P01,407,second,win,S12,4609
seven_opponent_panel,COMBINED,P01,408,first,loss,S12,4610
seven_opponent_panel,COMBINED,P01,409,second,loss,S12,4611
seven_opponent_panel,COMBINED,P01,410,first,loss,S12,4613
seven_opponent_panel,COMBINED,P01,411,second,win,S12,4612
seven_opponent_panel,COMBINED,P01,412,first,loss,S12,4616
seven_opponent_panel,COMBINED,P01,413,second,loss,S12,4614
seven_opponent_panel,COMBINED,P01,414,first,win,S12,4615
seven_opponent_panel,COMBINED,P01,415,second,loss,S12,4618
seven_opponent_panel,COMBINED,P01,416,first,win,S12,4617
seven_opponent_panel,COMBINED,P01,417,second,win,S12,4619
seven_opponent_panel,COMBINED,P01,418,first,win,S12,4620
seven_opponent_panel,COMBINED,P01,419,second,loss,S12,4621
seven_opponent_panel,COMBINED,P01,420,first,win,S12,4623
seven_opponent_panel,COMBINED,P01,421,second,loss,S12,4622
seven_opponent_panel,COMBINED,P01,422,first,loss,S12,4625
seven_opponent_panel,COMBINED,P01,423,second,win,S12,4624
seven_opponent_panel,COMBINED,P01,424,first,loss,S12,4627
seven_opponent_panel,COMBINED,P01,425,second,loss,S12,4629
seven_opponent_panel,COMBINED,P01,426,first,win,S12,4626
seven_opponent_panel,COMBINED,P01,427,second,loss,S12,4628
seven_opponent_panel,COMBINED,P01,428,first,win,S12,4630
seven_opponent_panel,COMBINED,P01,429,second,win,S12,4632
seven_opponent_panel,COMBINED,P01,430,first,win,S12,4634
seven_opponent_panel,COMBINED,P01,431,second,win,S12,4631
seven_opponent_panel,COMBINED,P01,432,first,loss,S12,4633
seven_opponent_panel,COMBINED,P01,433,second,loss,S12,4635
seven_opponent_panel,COMBINED,P01,434,first,win,S12,4637
seven_opponent_panel,COMBINED,P01,435,second,loss,S12,4636
seven_opponent_panel,COMBINED,P01,436,first,win,S12,4638
seven_opponent_panel,COMBINED,P01,437,second,win,S12,4640
seven_opponent_panel,COMBINED,P01,438,first,loss,S12,4643
seven_opponent_panel,COMBINED,P01,439,second,win,S12,4639
seven_opponent_panel,COMBINED,P01,440,first,loss,S12,4641
seven_opponent_panel,COMBINED,P01,441,second,win,S12,4642
seven_opponent_panel,COMBINED,P01,442,first,win,S12,4645
seven_opponent_panel,COMBINED,P01,443,second,win,S12,4644
seven_opponent_panel,COMBINED,P01,444,first,win,S12,4648
seven_opponent_panel,COMBINED,P01,445,second,win,S12,4646
seven_opponent_panel,COMBINED,P01,446,first,loss,S12,4647
seven_opponent_panel,COMBINED,P01,447,second,win,S12,4649
seven_opponent_panel,COMBINED,P01,448,first,loss,S12,4650
seven_opponent_panel,COMBINED,P01,449,second,win,S12,4651
seven_opponent_panel,COMBINED,P01,450,first,win,S12,4653
seven_opponent_panel,COMBINED,P01,451,second,win,S12,4654
seven_opponent_panel,COMBINED,P01,452,first,loss,S12,4652
seven_opponent_panel,COMBINED,P01,453,second,loss,S12,4656
seven_opponent_panel,COMBINED,P01,454,first,win,S12,4655
seven_opponent_panel,COMBINED,P01,455,second,win,S12,4658
seven_opponent_panel,COMBINED,P01,456,first,loss,S12,4661
seven_opponent_panel,COMBINED,P01,457,second,loss,S12,4657
seven_opponent_panel,COMBINED,P01,458,first,win,S12,4659
seven_opponent_panel,COMBINED,P01,459,second,win,S12,4660
seven_opponent_panel,COMBINED,P01,460,first,win,S12,4662
seven_opponent_panel,COMBINED,P01,461,second,win,S12,4664
seven_opponent_panel,COMBINED,P01,462,first,win,S12,4663
seven_opponent_panel,COMBINED,P01,463,second,win,S12,4665
seven_opponent_panel,COMBINED,P01,464,first,loss,S12,4666
seven_opponent_panel,COMBINED,P01,465,second,loss,S12,4668
seven_opponent_panel,COMBINED,P01,466,first,loss,S12,4667
seven_opponent_panel,COMBINED,P01,467,second,win,S12,4669
seven_opponent_panel,COMBINED,P01,468,first,win,S12,4674
seven_opponent_panel,COMBINED,P01,469,second,loss,S12,4671
seven_opponent_panel,COMBINED,P01,470,first,loss,S12,4670
seven_opponent_panel,COMBINED,P01,471,second,loss,S12,4675
seven_opponent_panel,COMBINED,P01,472,first,win,S12,4672
seven_opponent_panel,COMBINED,P01,473,second,win,S12,4673
seven_opponent_panel,COMBINED,P01,474,first,win,S12,4678
seven_opponent_panel,COMBINED,P01,475,second,loss,S12,4676
seven_opponent_panel,COMBINED,P01,476,first,win,S12,4680
seven_opponent_panel,COMBINED,P01,477,second,win,S12,4677
seven_opponent_panel,COMBINED,P01,478,first,win,S12,4679
seven_opponent_panel,COMBINED,P01,479,second,win,S12,4681
seven_opponent_panel,COMBINED,P01,480,first,win,S12,4682
seven_opponent_panel,COMBINED,P01,481,second,loss,S12,4683
seven_opponent_panel,COMBINED,P01,482,first,loss,S12,4686
seven_opponent_panel,COMBINED,P01,483,second,loss,S12,4684
seven_opponent_panel,COMBINED,P01,484,first,loss,S12,4685
seven_opponent_panel,COMBINED,P01,485,second,win,S12,4687
seven_opponent_panel,COMBINED,P01,486,first,loss,S12,4688
seven_opponent_panel,COMBINED,P01,487,second,win,S12,4689
seven_opponent_panel,COMBINED,P01,488,first,win,S12,4691
seven_opponent_panel,COMBINED,P01,489,second,win,S12,4690
seven_opponent_panel,COMBINED,P01,490,first,win,S12,4692
seven_opponent_panel,COMBINED,P01,491,second,win,S12,4694
seven_opponent_panel,COMBINED,P01,492,first,loss,S12,4696
seven_opponent_panel,COMBINED,P01,493,second,win,S12,4693
seven_opponent_panel,COMBINED,P01,494,first,loss,S12,4697
seven_opponent_panel,COMBINED,P01,495,second,win,S12,4695
seven_opponent_panel,COMBINED,P01,496,first,loss,S12,4699
seven_opponent_panel,COMBINED,P01,497,second,win,S12,4698
seven_opponent_panel,COMBINED,P01,498,first,win,S12,4702
seven_opponent_panel,COMBINED,P01,499,second,win,S12,4700
seven_opponent_panel,COMBINED,P01,500,first,win,S12,4701
seven_opponent_panel,COMBINED,P01,501,second,win,S12,4704
seven_opponent_panel,COMBINED,P01,502,first,win,S12,4703
seven_opponent_panel,COMBINED,P01,503,second,win,S12,4705
seven_opponent_panel,COMBINED,P01,504,first,loss,S12,4707
seven_opponent_panel,COMBINED,P01,505,second,win,S12,4706
seven_opponent_panel,COMBINED,P01,506,first,loss,S12,4708
seven_opponent_panel,COMBINED,P01,507,second,loss,S12,4709
seven_opponent_panel,COMBINED,P01,508,first,win,S12,4710
seven_opponent_panel,COMBINED,P01,509,second,win,S12,4711
seven_opponent_panel,COMBINED,P01,510,first,loss,S12,4715
seven_opponent_panel,COMBINED,P01,511,second,win,S12,4712
seven_opponent_panel,COMBINED,P01,512,first,win,S12,4714
seven_opponent_panel,COMBINED,P01,513,second,win,S12,4713
seven_opponent_panel,COMBINED,P01,514,first,win,S12,4717
seven_opponent_panel,COMBINED,P01,515,second,win,S12,4716
seven_opponent_panel,COMBINED,P01,516,first,win,S12,4720
seven_opponent_panel,COMBINED,P01,517,second,win,S12,4718
seven_opponent_panel,COMBINED,P01,518,first,loss,S12,4719
seven_opponent_panel,COMBINED,P01,519,second,win,S12,4722
seven_opponent_panel,COMBINED,P01,520,first,win,S12,4725
seven_opponent_panel,COMBINED,P01,521,second,win,S12,4721
seven_opponent_panel,COMBINED,P01,522,first,loss,S12,4723
seven_opponent_panel,COMBINED,P01,523,second,win,S12,4724
seven_opponent_panel,COMBINED,P01,524,first,loss,S12,4726
seven_opponent_panel,COMBINED,P01,525,second,win,S12,4727
seven_opponent_panel,COMBINED,P01,526,first,loss,S12,4728
seven_opponent_panel,COMBINED,P01,527,second,loss,S12,4729
seven_opponent_panel,COMBINED,P01,528,first,loss,S12,4730
seven_opponent_panel,COMBINED,P01,529,second,win,S12,4731
seven_opponent_panel,COMBINED,P01,530,first,win,S12,4732
seven_opponent_panel,COMBINED,P01,531,second,loss,S12,4734
seven_opponent_panel,COMBINED,P01,532,first,win,S12,4735
seven_opponent_panel,COMBINED,P01,533,second,win,S12,4733
seven_opponent_panel,COMBINED,P01,534,first,loss,S12,4737
seven_opponent_panel,COMBINED,P01,535,second,loss,S12,4736
seven_opponent_panel,COMBINED,P01,536,first,win,S12,4739
seven_opponent_panel,COMBINED,P01,537,second,win,S12,4738
seven_opponent_panel,COMBINED,P01,538,first,win,S12,4740
seven_opponent_panel,COMBINED,P01,539,second,loss,S12,4741
seven_opponent_panel,COMBINED,P01,540,first,loss,S12,4743
seven_opponent_panel,COMBINED,P01,541,second,win,S12,4742
seven_opponent_panel,COMBINED,P01,542,first,win,S12,4744
seven_opponent_panel,COMBINED,P01,543,second,draw,S12,4746
seven_opponent_panel,COMBINED,P01,544,first,win,S12,4748
seven_opponent_panel,COMBINED,P01,545,second,loss,S12,4745
seven_opponent_panel,COMBINED,P01,546,first,loss,S12,4749
seven_opponent_panel,COMBINED,P01,547,second,win,S12,4747
seven_opponent_panel,COMBINED,P01,548,first,loss,S12,4751
seven_opponent_panel,COMBINED,P01,549,second,loss,S12,4752
seven_opponent_panel,COMBINED,P01,550,first,win,S12,4750
seven_opponent_panel,COMBINED,P01,551,second,loss,S12,4753
seven_opponent_panel,COMBINED,P01,552,first,loss,S12,4756
seven_opponent_panel,COMBINED,P01,553,second,win,S12,4754
seven_opponent_panel,COMBINED,P01,554,first,win,S12,4757
seven_opponent_panel,COMBINED,P01,555,second,win,S12,4755
seven_opponent_panel,COMBINED,P01,556,first,loss,S12,4759
seven_opponent_panel,COMBINED,P01,557,second,loss,S12,4758
seven_opponent_panel,COMBINED,P01,558,first,loss,S12,4760
seven_opponent_panel,COMBINED,P01,559,second,win,S12,4762
seven_opponent_panel,COMBINED,P01,560,first,win,S12,4763
seven_opponent_panel,COMBINED,P01,561,second,win,S12,4761
seven_opponent_panel,COMBINED,P01,562,first,win,S12,4765
seven_opponent_panel,COMBINED,P01,563,second,win,S12,4766
seven_opponent_panel,COMBINED,P01,564,first,win,S12,4764
seven_opponent_panel,COMBINED,P01,565,second,win,S12,4767
seven_opponent_panel,COMBINED,P01,566,first,loss,S12,4768
seven_opponent_panel,COMBINED,P01,567,second,win,S12,4769
seven_opponent_panel,COMBINED,P01,568,first,win,S12,4771
seven_opponent_panel,COMBINED,P01,569,second,loss,S12,4774
seven_opponent_panel,COMBINED,P01,570,first,win,S12,4770
seven_opponent_panel,COMBINED,P01,571,second,win,S12,4772
seven_opponent_panel,COMBINED,P01,572,first,win,S12,4773
seven_opponent_panel,COMBINED,P01,573,second,loss,S12,4776
seven_opponent_panel,COMBINED,P01,574,first,loss,S12,4775
seven_opponent_panel,COMBINED,P01,575,second,loss,S12,4778
seven_opponent_panel,COMBINED,P01,576,first,win,S12,4777
seven_opponent_panel,COMBINED,P01,577,second,loss,S12,4780
seven_opponent_panel,COMBINED,P01,578,first,win,S12,4779
seven_opponent_panel,COMBINED,P01,579,second,loss,S12,4781
seven_opponent_panel,COMBINED,P01,580,first,loss,S12,4782
seven_opponent_panel,COMBINED,P01,581,second,loss,S12,4783
seven_opponent_panel,COMBINED,P01,582,first,win,S12,4784
seven_opponent_panel,COMBINED,P01,583,second,loss,S12,4785
seven_opponent_panel,COMBINED,P01,584,first,loss,S12,4789
seven_opponent_panel,COMBINED,P01,585,second,loss,S12,4786
seven_opponent_panel,COMBINED,P01,586,first,win,S12,4787
seven_opponent_panel,COMBINED,P01,587,second,win,S12,4788
seven_opponent_panel,COMBINED,P01,588,first,loss,S12,4793
seven_opponent_panel,COMBINED,P01,589,second,loss,S12,4791
seven_opponent_panel,COMBINED,P01,590,first,loss,S12,4790
seven_opponent_panel,COMBINED,P01,591,second,win,S12,4792
seven_opponent_panel,COMBINED,P01,592,first,loss,S12,4794
seven_opponent_panel,COMBINED,P01,593,second,win,S12,4797
seven_opponent_panel,COMBINED,P01,594,first,loss,S12,4795
seven_opponent_panel,COMBINED,P01,595,second,win,S12,4796
seven_opponent_panel,COMBINED,P01,596,first,win,S12,4800
seven_opponent_panel,COMBINED,P01,597,second,loss,S12,4798
seven_opponent_panel,COMBINED,P01,598,first,win,S12,4799
seven_opponent_panel,COMBINED,P01,599,second,loss,S12,4801
seven_opponent_panel,COMBINED,P02,0,first,win,S12,6002
seven_opponent_panel,COMBINED,P02,1,second,loss,S12,6003
seven_opponent_panel,COMBINED,P02,2,first,loss,S12,6005
seven_opponent_panel,COMBINED,P02,3,second,loss,S12,6004
seven_opponent_panel,COMBINED,P02,4,first,win,S12,6006
seven_opponent_panel,COMBINED,P02,5,second,loss,S12,6010
seven_opponent_panel,COMBINED,P02,6,first,win,S12,6008
seven_opponent_panel,COMBINED,P02,7,second,win,S12,6007
seven_opponent_panel,COMBINED,P02,8,first,loss,S12,6011
seven_opponent_panel,COMBINED,P02,9,second,win,S12,6009
seven_opponent_panel,COMBINED,P02,10,first,win,S12,6013
seven_opponent_panel,COMBINED,P02,11,second,loss,S12,6012
seven_opponent_panel,COMBINED,P02,12,first,loss,S12,6014
seven_opponent_panel,COMBINED,P02,13,second,loss,S12,6016
seven_opponent_panel,COMBINED,P02,14,first,win,S12,6019
seven_opponent_panel,COMBINED,P02,15,second,win,S12,6015
seven_opponent_panel,COMBINED,P02,16,first,loss,S12,6017
seven_opponent_panel,COMBINED,P02,17,second,loss,S12,6018
seven_opponent_panel,COMBINED,P02,18,first,loss,S12,6022
seven_opponent_panel,COMBINED,P02,19,second,loss,S12,6020
seven_opponent_panel,COMBINED,P02,20,first,loss,S12,6021
seven_opponent_panel,COMBINED,P02,21,second,loss,S12,6026
seven_opponent_panel,COMBINED,P02,22,first,loss,S12,6024
seven_opponent_panel,COMBINED,P02,23,second,win,S12,6023
seven_opponent_panel,COMBINED,P02,24,first,loss,S12,6025
seven_opponent_panel,COMBINED,P02,25,second,win,S12,6027
seven_opponent_panel,COMBINED,P02,26,first,win,S12,6031
seven_opponent_panel,COMBINED,P02,27,second,win,S12,6030
seven_opponent_panel,COMBINED,P02,28,first,loss,S12,6028
seven_opponent_panel,COMBINED,P02,29,second,win,S12,6029
seven_opponent_panel,COMBINED,P02,30,first,win,S12,6032
seven_opponent_panel,COMBINED,P02,31,second,loss,S12,6035
seven_opponent_panel,COMBINED,P02,32,first,loss,S12,6033
seven_opponent_panel,COMBINED,P02,33,second,win,S12,6034
seven_opponent_panel,COMBINED,P02,34,first,loss,S12,6038
seven_opponent_panel,COMBINED,P02,35,second,win,S12,6036
seven_opponent_panel,COMBINED,P02,36,first,loss,S12,6037
seven_opponent_panel,COMBINED,P02,37,second,loss,S12,6039
seven_opponent_panel,COMBINED,P02,38,first,loss,S12,6041
seven_opponent_panel,COMBINED,P02,39,second,loss,S12,6040
seven_opponent_panel,COMBINED,P02,40,first,loss,S12,6042
seven_opponent_panel,COMBINED,P02,41,second,loss,S12,6044
seven_opponent_panel,COMBINED,P02,42,first,loss,S12,6046
seven_opponent_panel,COMBINED,P02,43,second,win,S12,6043
seven_opponent_panel,COMBINED,P02,44,first,loss,S12,6045
seven_opponent_panel,COMBINED,P02,45,second,loss,S12,6048
seven_opponent_panel,COMBINED,P02,46,first,draw,S12,6051
seven_opponent_panel,COMBINED,P02,47,second,win,S12,6047
seven_opponent_panel,COMBINED,P02,48,first,loss,S12,6050
seven_opponent_panel,COMBINED,P02,49,second,win,S12,6049
seven_opponent_panel,COMBINED,P02,50,first,loss,S12,6052
seven_opponent_panel,COMBINED,P02,51,second,loss,S12,6055
seven_opponent_panel,COMBINED,P02,52,first,win,S12,6053
seven_opponent_panel,COMBINED,P02,53,second,loss,S12,6054
seven_opponent_panel,COMBINED,P02,54,first,loss,S12,6056
seven_opponent_panel,COMBINED,P02,55,second,loss,S12,6058
seven_opponent_panel,COMBINED,P02,56,first,loss,S12,6057
seven_opponent_panel,COMBINED,P02,57,second,loss,S12,6059
seven_opponent_panel,COMBINED,P02,58,first,loss,S12,6060
seven_opponent_panel,COMBINED,P02,59,second,win,S12,6063
seven_opponent_panel,COMBINED,P02,60,first,loss,S12,6061
seven_opponent_panel,COMBINED,P02,61,second,win,S12,6062
seven_opponent_panel,COMBINED,P02,62,first,loss,S12,6064
seven_opponent_panel,COMBINED,P02,63,second,win,S12,6066
seven_opponent_panel,COMBINED,P02,64,first,win,S12,6065
seven_opponent_panel,COMBINED,P02,65,second,loss,S12,6068
seven_opponent_panel,COMBINED,P02,66,first,win,S12,6067
seven_opponent_panel,COMBINED,P02,67,second,win,S12,6069
seven_opponent_panel,COMBINED,P02,68,first,loss,S12,6071
seven_opponent_panel,COMBINED,P02,69,second,loss,S12,6070
seven_opponent_panel,COMBINED,P02,70,first,loss,S12,6072
seven_opponent_panel,COMBINED,P02,71,second,loss,S12,6073
seven_opponent_panel,COMBINED,P02,72,first,loss,S12,6074
seven_opponent_panel,COMBINED,P02,73,second,loss,S12,6076
seven_opponent_panel,COMBINED,P02,74,first,win,S12,6075
seven_opponent_panel,COMBINED,P02,75,second,win,S12,6077
seven_opponent_panel,COMBINED,P02,76,first,loss,S12,6080
seven_opponent_panel,COMBINED,P02,77,second,loss,S12,6078
seven_opponent_panel,COMBINED,P02,78,first,loss,S12,6083
seven_opponent_panel,COMBINED,P02,79,second,loss,S12,6079
seven_opponent_panel,COMBINED,P02,80,first,win,S12,6081
seven_opponent_panel,COMBINED,P02,81,second,win,S12,6082
seven_opponent_panel,COMBINED,P02,82,first,loss,S12,6086
seven_opponent_panel,COMBINED,P02,83,second,win,S12,6084
seven_opponent_panel,COMBINED,P02,84,first,loss,S12,6089
seven_opponent_panel,COMBINED,P02,85,second,win,S12,6085
seven_opponent_panel,COMBINED,P02,86,first,loss,S12,6090
seven_opponent_panel,COMBINED,P02,87,second,win,S12,6087
seven_opponent_panel,COMBINED,P02,88,first,win,S12,6088
seven_opponent_panel,COMBINED,P02,89,second,win,S12,6092
seven_opponent_panel,COMBINED,P02,90,first,win,S12,6091
seven_opponent_panel,COMBINED,P02,91,second,loss,S12,6095
seven_opponent_panel,COMBINED,P02,92,first,loss,S12,6093
seven_opponent_panel,COMBINED,P02,93,second,loss,S12,6094
seven_opponent_panel,COMBINED,P02,94,first,win,S12,6098
seven_opponent_panel,COMBINED,P02,95,second,win,S12,6097
seven_opponent_panel,COMBINED,P02,96,first,win,S12,6096
seven_opponent_panel,COMBINED,P02,97,second,draw,S12,6100
seven_opponent_panel,COMBINED,P02,98,first,win,S12,6099
seven_opponent_panel,COMBINED,P02,99,second,loss,S12,6101
seven_opponent_panel,COMBINED,P02,100,first,loss,S12,6104
seven_opponent_panel,COMBINED,P02,101,second,loss,S12,6103
seven_opponent_panel,COMBINED,P02,102,first,win,S12,6102
seven_opponent_panel,COMBINED,P02,103,second,win,S12,6105
seven_opponent_panel,COMBINED,P02,104,first,loss,S12,6106
seven_opponent_panel,COMBINED,P02,105,second,win,S12,6107
seven_opponent_panel,COMBINED,P02,106,first,loss,S12,6108
seven_opponent_panel,COMBINED,P02,107,second,loss,S12,6110
seven_opponent_panel,COMBINED,P02,108,first,loss,S12,6109
seven_opponent_panel,COMBINED,P02,109,second,loss,S12,6112
seven_opponent_panel,COMBINED,P02,110,first,loss,S12,6111
seven_opponent_panel,COMBINED,P02,111,second,loss,S12,6115
seven_opponent_panel,COMBINED,P02,112,first,win,S12,6113
seven_opponent_panel,COMBINED,P02,113,second,loss,S12,6114
seven_opponent_panel,COMBINED,P02,114,first,win,S12,6118
seven_opponent_panel,COMBINED,P02,115,second,loss,S12,6116
seven_opponent_panel,COMBINED,P02,116,first,loss,S12,6117
seven_opponent_panel,COMBINED,P02,117,second,loss,S12,6120
seven_opponent_panel,COMBINED,P02,118,first,win,S12,6119
seven_opponent_panel,COMBINED,P02,119,second,loss,S12,6121
seven_opponent_panel,COMBINED,P02,120,first,loss,S12,6122
seven_opponent_panel,COMBINED,P02,121,second,loss,S12,6124
seven_opponent_panel,COMBINED,P02,122,first,loss,S12,6123
seven_opponent_panel,COMBINED,P02,123,second,loss,S12,6125
seven_opponent_panel,COMBINED,P02,124,first,loss,S12,6126
seven_opponent_panel,COMBINED,P02,125,second,loss,S12,6127
seven_opponent_panel,COMBINED,P02,126,first,loss,S12,6128
seven_opponent_panel,COMBINED,P02,127,second,loss,S12,6129
seven_opponent_panel,COMBINED,P02,128,first,loss,S12,6131
seven_opponent_panel,COMBINED,P02,129,second,loss,S12,6133
seven_opponent_panel,COMBINED,P02,130,first,loss,S12,6130
seven_opponent_panel,COMBINED,P02,131,second,win,S12,6132
seven_opponent_panel,COMBINED,P02,132,first,win,S12,6138
seven_opponent_panel,COMBINED,P02,133,second,win,S12,6134
seven_opponent_panel,COMBINED,P02,134,first,loss,S12,6137
seven_opponent_panel,COMBINED,P02,135,second,loss,S12,6135
seven_opponent_panel,COMBINED,P02,136,first,win,S12,6136
seven_opponent_panel,COMBINED,P02,137,second,loss,S12,6139
seven_opponent_panel,COMBINED,P02,138,first,loss,S12,6140
seven_opponent_panel,COMBINED,P02,139,second,loss,S12,6141
seven_opponent_panel,COMBINED,P02,140,first,win,S12,6143
seven_opponent_panel,COMBINED,P02,141,second,loss,S12,6142
seven_opponent_panel,COMBINED,P02,142,first,loss,S12,6144
seven_opponent_panel,COMBINED,P02,143,second,win,S12,6146
seven_opponent_panel,COMBINED,P02,144,first,loss,S12,6149
seven_opponent_panel,COMBINED,P02,145,second,loss,S12,6145
seven_opponent_panel,COMBINED,P02,146,first,loss,S12,6148
seven_opponent_panel,COMBINED,P02,147,second,win,S12,6147
seven_opponent_panel,COMBINED,P02,148,first,win,S12,6150
seven_opponent_panel,COMBINED,P02,149,second,win,S12,6152
seven_opponent_panel,COMBINED,P02,150,first,loss,S12,6153
seven_opponent_panel,COMBINED,P02,151,second,loss,S12,6151
seven_opponent_panel,COMBINED,P02,152,first,loss,S12,6154
seven_opponent_panel,COMBINED,P02,153,second,win,S12,6156
seven_opponent_panel,COMBINED,P02,154,first,loss,S12,6155
seven_opponent_panel,COMBINED,P02,155,second,loss,S12,6157
seven_opponent_panel,COMBINED,P02,156,first,loss,S12,6158
seven_opponent_panel,COMBINED,P02,157,second,win,S12,6159
seven_opponent_panel,COMBINED,P02,158,first,loss,S12,6161
seven_opponent_panel,COMBINED,P02,159,second,loss,S12,6160
seven_opponent_panel,COMBINED,P02,160,first,loss,S12,6164
seven_opponent_panel,COMBINED,P02,161,second,loss,S12,6163
seven_opponent_panel,COMBINED,P02,162,first,win,S12,6162
seven_opponent_panel,COMBINED,P02,163,second,loss,S12,6165
seven_opponent_panel,COMBINED,P02,164,first,win,S12,6169
seven_opponent_panel,COMBINED,P02,165,second,win,S12,6166
seven_opponent_panel,COMBINED,P02,166,first,win,S12,6167
seven_opponent_panel,COMBINED,P02,167,second,loss,S12,6168
seven_opponent_panel,COMBINED,P02,168,first,loss,S12,6170
seven_opponent_panel,COMBINED,P02,169,second,loss,S12,6171
seven_opponent_panel,COMBINED,P02,170,first,win,S12,6172
seven_opponent_panel,COMBINED,P02,171,second,loss,S12,6173
seven_opponent_panel,COMBINED,P02,172,first,loss,S12,6174
seven_opponent_panel,COMBINED,P02,173,second,loss,S12,6175
seven_opponent_panel,COMBINED,P02,174,first,loss,S12,6177
seven_opponent_panel,COMBINED,P02,175,second,win,S12,6176
seven_opponent_panel,COMBINED,P02,176,first,win,S12,6179
seven_opponent_panel,COMBINED,P02,177,second,loss,S12,6178
seven_opponent_panel,COMBINED,P02,178,first,loss,S12,6180
seven_opponent_panel,COMBINED,P02,179,second,loss,S12,6181
seven_opponent_panel,COMBINED,P02,180,first,loss,S12,6182
seven_opponent_panel,COMBINED,P02,181,second,loss,S12,6184
seven_opponent_panel,COMBINED,P02,182,first,win,S12,6186
seven_opponent_panel,COMBINED,P02,183,second,loss,S12,6183
seven_opponent_panel,COMBINED,P02,184,first,win,S12,6185
seven_opponent_panel,COMBINED,P02,185,second,loss,S12,6188
seven_opponent_panel,COMBINED,P02,186,first,loss,S12,6187
seven_opponent_panel,COMBINED,P02,187,second,win,S12,6190
seven_opponent_panel,COMBINED,P02,188,first,loss,S12,6192
seven_opponent_panel,COMBINED,P02,189,second,win,S12,6189
seven_opponent_panel,COMBINED,P02,190,first,loss,S12,6194
seven_opponent_panel,COMBINED,P02,191,second,win,S12,6191
seven_opponent_panel,COMBINED,P02,192,first,win,S12,6193
seven_opponent_panel,COMBINED,P02,193,second,win,S12,6195
seven_opponent_panel,COMBINED,P02,194,first,loss,S12,6197
seven_opponent_panel,COMBINED,P02,195,second,loss,S12,6196
seven_opponent_panel,COMBINED,P02,196,first,loss,S12,6199
seven_opponent_panel,COMBINED,P02,197,second,win,S12,6198
seven_opponent_panel,COMBINED,P02,198,first,win,S12,6201
seven_opponent_panel,COMBINED,P02,199,second,loss,S12,6202
seven_opponent_panel,COMBINED,P02,200,first,loss,S12,6200
seven_opponent_panel,COMBINED,P02,201,second,loss,S12,6203
seven_opponent_panel,COMBINED,P02,202,first,loss,S12,6204
seven_opponent_panel,COMBINED,P02,203,second,loss,S12,6205
seven_opponent_panel,COMBINED,P02,204,first,loss,S12,6206
seven_opponent_panel,COMBINED,P02,205,second,win,S12,6207
seven_opponent_panel,COMBINED,P02,206,first,loss,S12,6209
seven_opponent_panel,COMBINED,P02,207,second,win,S12,6208
seven_opponent_panel,COMBINED,P02,208,first,loss,S12,6210
seven_opponent_panel,COMBINED,P02,209,second,win,S12,6212
seven_opponent_panel,COMBINED,P02,210,first,loss,S12,6211
seven_opponent_panel,COMBINED,P02,211,second,win,S12,6214
seven_opponent_panel,COMBINED,P02,212,first,loss,S12,6213
seven_opponent_panel,COMBINED,P02,213,second,loss,S12,6218
seven_opponent_panel,COMBINED,P02,214,first,win,S12,6215
seven_opponent_panel,COMBINED,P02,215,second,loss,S12,6217
seven_opponent_panel,COMBINED,P02,216,first,loss,S12,6216
seven_opponent_panel,COMBINED,P02,217,second,loss,S12,6220
seven_opponent_panel,COMBINED,P02,218,first,loss,S12,6219
seven_opponent_panel,COMBINED,P02,219,second,loss,S12,6222
seven_opponent_panel,COMBINED,P02,220,first,win,S12,6221
seven_opponent_panel,COMBINED,P02,221,second,loss,S12,6224
seven_opponent_panel,COMBINED,P02,222,first,loss,S12,6223
seven_opponent_panel,COMBINED,P02,223,second,loss,S12,6225
seven_opponent_panel,COMBINED,P02,224,first,loss,S12,6228
seven_opponent_panel,COMBINED,P02,225,second,loss,S12,6229
seven_opponent_panel,COMBINED,P02,226,first,win,S12,6226
seven_opponent_panel,COMBINED,P02,227,second,win,S12,6227
seven_opponent_panel,COMBINED,P02,228,first,loss,S12,6232
seven_opponent_panel,COMBINED,P02,229,second,win,S12,6234
seven_opponent_panel,COMBINED,P02,230,first,win,S12,6230
seven_opponent_panel,COMBINED,P02,231,second,win,S12,6231
seven_opponent_panel,COMBINED,P02,232,first,loss,S12,6233
seven_opponent_panel,COMBINED,P02,233,second,win,S12,6235
seven_opponent_panel,COMBINED,P02,234,first,win,S12,6237
seven_opponent_panel,COMBINED,P02,235,second,loss,S12,6236
seven_opponent_panel,COMBINED,P02,236,first,loss,S12,6238
seven_opponent_panel,COMBINED,P02,237,second,loss,S12,6239
seven_opponent_panel,COMBINED,P02,238,first,loss,S12,6241
seven_opponent_panel,COMBINED,P02,239,second,loss,S12,6242
seven_opponent_panel,COMBINED,P02,240,first,win,S12,6240
seven_opponent_panel,COMBINED,P02,241,second,loss,S12,6244
seven_opponent_panel,COMBINED,P02,242,first,loss,S12,6245
seven_opponent_panel,COMBINED,P02,243,second,win,S12,6243
seven_opponent_panel,COMBINED,P02,244,first,loss,S12,6249
seven_opponent_panel,COMBINED,P02,245,second,loss,S12,6247
seven_opponent_panel,COMBINED,P02,246,first,loss,S12,6246
seven_opponent_panel,COMBINED,P02,247,second,loss,S12,6250
seven_opponent_panel,COMBINED,P02,248,first,win,S12,6248
seven_opponent_panel,COMBINED,P02,249,second,loss,S12,6252
seven_opponent_panel,COMBINED,P02,250,first,win,S12,6251
seven_opponent_panel,COMBINED,P02,251,second,loss,S12,6257
seven_opponent_panel,COMBINED,P02,252,first,win,S12,6254
seven_opponent_panel,COMBINED,P02,253,second,win,S12,6253
seven_opponent_panel,COMBINED,P02,254,first,win,S12,6256
seven_opponent_panel,COMBINED,P02,255,second,win,S12,6255
seven_opponent_panel,COMBINED,P02,256,first,loss,S12,6258
seven_opponent_panel,COMBINED,P02,257,second,loss,S12,6259
seven_opponent_panel,COMBINED,P02,258,first,loss,S12,6261
seven_opponent_panel,COMBINED,P02,259,second,win,S12,6262
seven_opponent_panel,COMBINED,P02,260,first,win,S12,6260
seven_opponent_panel,COMBINED,P02,261,second,loss,S12,6264
seven_opponent_panel,COMBINED,P02,262,first,loss,S12,6263
seven_opponent_panel,COMBINED,P02,263,second,loss,S12,6265
seven_opponent_panel,COMBINED,P02,264,first,loss,S12,6268
seven_opponent_panel,COMBINED,P02,265,second,loss,S12,6267
seven_opponent_panel,COMBINED,P02,266,first,loss,S12,6266
seven_opponent_panel,COMBINED,P02,267,second,loss,S12,6271
seven_opponent_panel,COMBINED,P02,268,first,loss,S12,6269
seven_opponent_panel,COMBINED,P02,269,second,loss,S12,6272
seven_opponent_panel,COMBINED,P02,270,first,win,S12,6270
seven_opponent_panel,COMBINED,P02,271,second,win,S12,6273
seven_opponent_panel,COMBINED,P02,272,first,win,S12,6277
seven_opponent_panel,COMBINED,P02,273,second,loss,S12,6274
seven_opponent_panel,COMBINED,P02,274,first,loss,S12,6275
seven_opponent_panel,COMBINED,P02,275,second,loss,S12,6278
seven_opponent_panel,COMBINED,P02,276,first,win,S12,6276
seven_opponent_panel,COMBINED,P02,277,second,loss,S12,6279
seven_opponent_panel,COMBINED,P02,278,first,loss,S12,6280
seven_opponent_panel,COMBINED,P02,279,second,win,S12,6281
seven_opponent_panel,COMBINED,P02,280,first,win,S12,6282
seven_opponent_panel,COMBINED,P02,281,second,loss,S12,6283
seven_opponent_panel,COMBINED,P02,282,first,loss,S12,6285
seven_opponent_panel,COMBINED,P02,283,second,loss,S12,6284
seven_opponent_panel,COMBINED,P02,284,first,loss,S12,6286
seven_opponent_panel,COMBINED,P02,285,second,loss,S12,6287
seven_opponent_panel,COMBINED,P02,286,first,loss,S12,6288
seven_opponent_panel,COMBINED,P02,287,second,loss,S12,6291
seven_opponent_panel,COMBINED,P02,288,first,loss,S12,6289
seven_opponent_panel,COMBINED,P02,289,second,loss,S12,6290
seven_opponent_panel,COMBINED,P02,290,first,loss,S12,6293
seven_opponent_panel,COMBINED,P02,291,second,win,S12,6294
seven_opponent_panel,COMBINED,P02,292,first,win,S12,6292
seven_opponent_panel,COMBINED,P02,293,second,win,S12,6295
seven_opponent_panel,COMBINED,P02,294,first,loss,S12,6296
seven_opponent_panel,COMBINED,P02,295,second,loss,S12,6297
seven_opponent_panel,COMBINED,P02,296,first,loss,S12,6298
seven_opponent_panel,COMBINED,P02,297,second,loss,S12,6299
seven_opponent_panel,COMBINED,P02,298,first,loss,S12,6301
seven_opponent_panel,COMBINED,P02,299,second,loss,S12,6300
seven_opponent_panel,COMBINED,P02,300,first,loss,S12,6303
seven_opponent_panel,COMBINED,P02,301,second,win,S12,6302
seven_opponent_panel,COMBINED,P02,302,first,win,S12,6306
seven_opponent_panel,COMBINED,P02,303,second,loss,S12,6305
seven_opponent_panel,COMBINED,P02,304,first,win,S12,6304
seven_opponent_panel,COMBINED,P02,305,second,loss,S12,6307
seven_opponent_panel,COMBINED,P02,306,first,loss,S12,6308
seven_opponent_panel,COMBINED,P02,307,second,win,S12,6311
seven_opponent_panel,COMBINED,P02,308,first,win,S12,6309
seven_opponent_panel,COMBINED,P02,309,second,loss,S12,6312
seven_opponent_panel,COMBINED,P02,310,first,win,S12,6310
seven_opponent_panel,COMBINED,P02,311,second,loss,S12,6315
seven_opponent_panel,COMBINED,P02,312,first,loss,S12,6314
seven_opponent_panel,COMBINED,P02,313,second,win,S12,6313
seven_opponent_panel,COMBINED,P02,314,first,loss,S12,6316
seven_opponent_panel,COMBINED,P02,315,second,win,S12,6317
seven_opponent_panel,COMBINED,P02,316,first,loss,S12,6318
seven_opponent_panel,COMBINED,P02,317,second,win,S12,6319
seven_opponent_panel,COMBINED,P02,318,first,loss,S12,6321
seven_opponent_panel,COMBINED,P02,319,second,win,S12,6322
seven_opponent_panel,COMBINED,P02,320,first,win,S12,6320
seven_opponent_panel,COMBINED,P02,321,second,loss,S12,6328
seven_opponent_panel,COMBINED,P02,322,first,loss,S12,6325
seven_opponent_panel,COMBINED,P02,323,second,loss,S12,6323
seven_opponent_panel,COMBINED,P02,324,first,win,S12,6324
seven_opponent_panel,COMBINED,P02,325,second,win,S12,6326
seven_opponent_panel,COMBINED,P02,326,first,loss,S12,6331
seven_opponent_panel,COMBINED,P02,327,second,loss,S12,6327
seven_opponent_panel,COMBINED,P02,328,first,loss,S12,6330
seven_opponent_panel,COMBINED,P02,329,second,win,S12,6329
seven_opponent_panel,COMBINED,P02,330,first,loss,S12,6333
seven_opponent_panel,COMBINED,P02,331,second,win,S12,6332
seven_opponent_panel,COMBINED,P02,332,first,loss,S12,6335
seven_opponent_panel,COMBINED,P02,333,second,loss,S12,6334
seven_opponent_panel,COMBINED,P02,334,first,loss,S12,6339
seven_opponent_panel,COMBINED,P02,335,second,loss,S12,6337
seven_opponent_panel,COMBINED,P02,336,first,loss,S12,6336
seven_opponent_panel,COMBINED,P02,337,second,win,S12,6338
seven_opponent_panel,COMBINED,P02,338,first,win,S12,6340
seven_opponent_panel,COMBINED,P02,339,second,win,S12,6341
seven_opponent_panel,COMBINED,P02,340,first,loss,S12,6342
seven_opponent_panel,COMBINED,P02,341,second,win,S12,6345
seven_opponent_panel,COMBINED,P02,342,first,loss,S12,6344
seven_opponent_panel,COMBINED,P02,343,second,win,S12,6343
seven_opponent_panel,COMBINED,P02,344,first,loss,S12,6348
seven_opponent_panel,COMBINED,P02,345,second,win,S12,6347
seven_opponent_panel,COMBINED,P02,346,first,loss,S12,6346
seven_opponent_panel,COMBINED,P02,347,second,loss,S12,6350
seven_opponent_panel,COMBINED,P02,348,first,win,S12,6351
seven_opponent_panel,COMBINED,P02,349,second,win,S12,6349
seven_opponent_panel,COMBINED,P02,350,first,win,S12,6352
seven_opponent_panel,COMBINED,P02,351,second,loss,S12,6353
seven_opponent_panel,COMBINED,P02,352,first,loss,S12,6356
seven_opponent_panel,COMBINED,P02,353,second,loss,S12,6354
seven_opponent_panel,COMBINED,P02,354,first,loss,S12,6355
seven_opponent_panel,COMBINED,P02,355,second,loss,S12,6358
seven_opponent_panel,COMBINED,P02,356,first,win,S12,6360
seven_opponent_panel,COMBINED,P02,357,second,win,S12,6357
seven_opponent_panel,COMBINED,P02,358,first,loss,S12,6361
seven_opponent_panel,COMBINED,P02,359,second,win,S12,6359
seven_opponent_panel,COMBINED,P02,360,first,win,S12,6362
seven_opponent_panel,COMBINED,P02,361,second,win,S12,6363
seven_opponent_panel,COMBINED,P02,362,first,loss,S12,6365
seven_opponent_panel,COMBINED,P02,363,second,loss,S12,6364
seven_opponent_panel,COMBINED,P02,364,first,loss,S12,6366
seven_opponent_panel,COMBINED,P02,365,second,win,S12,6367
seven_opponent_panel,COMBINED,P02,366,first,win,S12,6369
seven_opponent_panel,COMBINED,P02,367,second,loss,S12,6368
seven_opponent_panel,COMBINED,P02,368,first,loss,S12,6370
seven_opponent_panel,COMBINED,P02,369,second,loss,S12,6371
seven_opponent_panel,COMBINED,P02,370,first,win,S12,6372
seven_opponent_panel,COMBINED,P02,371,second,loss,S12,6373
seven_opponent_panel,COMBINED,P02,372,first,loss,S12,6377
seven_opponent_panel,COMBINED,P02,373,second,loss,S12,6375
seven_opponent_panel,COMBINED,P02,374,first,win,S12,6374
seven_opponent_panel,COMBINED,P02,375,second,loss,S12,6378
seven_opponent_panel,COMBINED,P02,376,first,loss,S12,6376
seven_opponent_panel,COMBINED,P02,377,second,loss,S12,6380
seven_opponent_panel,COMBINED,P02,378,first,loss,S12,6384
seven_opponent_panel,COMBINED,P02,379,second,win,S12,6379
seven_opponent_panel,COMBINED,P02,380,first,loss,S12,6381
seven_opponent_panel,COMBINED,P02,381,second,win,S12,6382
seven_opponent_panel,COMBINED,P02,382,first,win,S12,6383
seven_opponent_panel,COMBINED,P02,383,second,loss,S12,6385
seven_opponent_panel,COMBINED,P02,384,first,loss,S12,6387
seven_opponent_panel,COMBINED,P02,385,second,win,S12,6386
seven_opponent_panel,COMBINED,P02,386,first,win,S12,6389
seven_opponent_panel,COMBINED,P02,387,second,loss,S12,6391
seven_opponent_panel,COMBINED,P02,388,first,win,S12,6388
seven_opponent_panel,COMBINED,P02,389,second,loss,S12,6392
seven_opponent_panel,COMBINED,P02,390,first,win,S12,6390
seven_opponent_panel,COMBINED,P02,391,second,loss,S12,6393
seven_opponent_panel,COMBINED,P02,392,first,loss,S12,6395
seven_opponent_panel,COMBINED,P02,393,second,win,S12,6394
seven_opponent_panel,COMBINED,P02,394,first,loss,S12,6396
seven_opponent_panel,COMBINED,P02,395,second,loss,S12,6397
seven_opponent_panel,COMBINED,P02,396,first,loss,S12,6398
seven_opponent_panel,COMBINED,P02,397,second,loss,S12,6399
seven_opponent_panel,COMBINED,P02,398,first,loss,S12,6401
seven_opponent_panel,COMBINED,P02,399,second,loss,S12,6400
seven_opponent_panel,COMBINED,P02,400,first,loss,S12,6402
seven_opponent_panel,COMBINED,P02,401,second,loss,S12,6405
seven_opponent_panel,COMBINED,P02,402,first,win,S12,6403
seven_opponent_panel,COMBINED,P02,403,second,loss,S12,6406
seven_opponent_panel,COMBINED,P02,404,first,loss,S12,6404
seven_opponent_panel,COMBINED,P02,405,second,win,S12,6408
seven_opponent_panel,COMBINED,P02,406,first,loss,S12,6407
seven_opponent_panel,COMBINED,P02,407,second,loss,S12,6410
seven_opponent_panel,COMBINED,P02,408,first,loss,S12,6409
seven_opponent_panel,COMBINED,P02,409,second,win,S12,6411
seven_opponent_panel,COMBINED,P02,410,first,win,S12,6412
seven_opponent_panel,COMBINED,P02,411,second,win,S12,6413
seven_opponent_panel,COMBINED,P02,412,first,loss,S12,6417
seven_opponent_panel,COMBINED,P02,413,second,win,S12,6416
seven_opponent_panel,COMBINED,P02,414,first,win,S12,6414
seven_opponent_panel,COMBINED,P02,415,second,loss,S12,6415
seven_opponent_panel,COMBINED,P02,416,first,loss,S12,6418
seven_opponent_panel,COMBINED,P02,417,second,loss,S12,6421
seven_opponent_panel,COMBINED,P02,418,first,loss,S12,6420
seven_opponent_panel,COMBINED,P02,419,second,win,S12,6419
seven_opponent_panel,COMBINED,P02,420,first,win,S12,6423
seven_opponent_panel,COMBINED,P02,421,second,loss,S12,6422
seven_opponent_panel,COMBINED,P02,422,first,loss,S12,6424
seven_opponent_panel,COMBINED,P02,423,second,win,S12,6425
seven_opponent_panel,COMBINED,P02,424,first,loss,S12,6427
seven_opponent_panel,COMBINED,P02,425,second,loss,S12,6426
seven_opponent_panel,COMBINED,P02,426,first,loss,S12,6428
seven_opponent_panel,COMBINED,P02,427,second,loss,S12,6429
seven_opponent_panel,COMBINED,P02,428,first,loss,S12,6430
seven_opponent_panel,COMBINED,P02,429,second,win,S12,6432
seven_opponent_panel,COMBINED,P02,430,first,win,S12,6431
seven_opponent_panel,COMBINED,P02,431,second,win,S12,6433
seven_opponent_panel,COMBINED,P02,432,first,win,S12,6435
seven_opponent_panel,COMBINED,P02,433,second,win,S12,6434
seven_opponent_panel,COMBINED,P02,434,first,loss,S12,6436
seven_opponent_panel,COMBINED,P02,435,second,loss,S12,6437
seven_opponent_panel,COMBINED,P02,436,first,loss,S12,6438
seven_opponent_panel,COMBINED,P02,437,second,win,S12,6439
seven_opponent_panel,COMBINED,P02,438,first,win,S12,6440
seven_opponent_panel,COMBINED,P02,439,second,loss,S12,6441
seven_opponent_panel,COMBINED,P02,440,first,loss,S12,6442
seven_opponent_panel,COMBINED,P02,441,second,win,S12,6443
seven_opponent_panel,COMBINED,P02,442,first,win,S12,6444
seven_opponent_panel,COMBINED,P02,443,second,loss,S12,6445
seven_opponent_panel,COMBINED,P02,444,first,win,S12,6447
seven_opponent_panel,COMBINED,P02,445,second,loss,S12,6446
seven_opponent_panel,COMBINED,P02,446,first,win,S12,6449
seven_opponent_panel,COMBINED,P02,447,second,win,S12,6448
seven_opponent_panel,COMBINED,P02,448,first,loss,S12,6450
seven_opponent_panel,COMBINED,P02,449,second,win,S12,6451
seven_opponent_panel,COMBINED,P02,450,first,loss,S12,6452
seven_opponent_panel,COMBINED,P02,451,second,loss,S12,6453
seven_opponent_panel,COMBINED,P02,452,first,win,S12,6454
seven_opponent_panel,COMBINED,P02,453,second,win,S12,6456
seven_opponent_panel,COMBINED,P02,454,first,win,S12,6455
seven_opponent_panel,COMBINED,P02,455,second,loss,S12,6457
seven_opponent_panel,COMBINED,P02,456,first,loss,S12,6458
seven_opponent_panel,COMBINED,P02,457,second,loss,S12,6459
seven_opponent_panel,COMBINED,P02,458,first,win,S12,6460
seven_opponent_panel,COMBINED,P02,459,second,loss,S12,6462
seven_opponent_panel,COMBINED,P02,460,first,loss,S12,6463
seven_opponent_panel,COMBINED,P02,461,second,win,S12,6461
seven_opponent_panel,COMBINED,P02,462,first,win,S12,6464
seven_opponent_panel,COMBINED,P02,463,second,loss,S12,6467
seven_opponent_panel,COMBINED,P02,464,first,loss,S12,6466
seven_opponent_panel,COMBINED,P02,465,second,loss,S12,6465
seven_opponent_panel,COMBINED,P02,466,first,loss,S12,6468
seven_opponent_panel,COMBINED,P02,467,second,loss,S12,6470
seven_opponent_panel,COMBINED,P02,468,first,loss,S12,6469
seven_opponent_panel,COMBINED,P02,469,second,loss,S12,6472
seven_opponent_panel,COMBINED,P02,470,first,loss,S12,6474
seven_opponent_panel,COMBINED,P02,471,second,win,S12,6471
seven_opponent_panel,COMBINED,P02,472,first,win,S12,6473
seven_opponent_panel,COMBINED,P02,473,second,loss,S12,6475
seven_opponent_panel,COMBINED,P02,474,first,loss,S12,6476
seven_opponent_panel,COMBINED,P02,475,second,loss,S12,6479
seven_opponent_panel,COMBINED,P02,476,first,loss,S12,6478
seven_opponent_panel,COMBINED,P02,477,second,win,S12,6477
seven_opponent_panel,COMBINED,P02,478,first,loss,S12,6481
seven_opponent_panel,COMBINED,P02,479,second,loss,S12,6482
seven_opponent_panel,COMBINED,P02,480,first,win,S12,6480
seven_opponent_panel,COMBINED,P02,481,second,loss,S12,6483
seven_opponent_panel,COMBINED,P02,482,first,win,S12,6485
seven_opponent_panel,COMBINED,P02,483,second,win,S12,6484
seven_opponent_panel,COMBINED,P02,484,first,loss,S12,6488
seven_opponent_panel,COMBINED,P02,485,second,loss,S12,6489
seven_opponent_panel,COMBINED,P02,486,first,win,S12,6486
seven_opponent_panel,COMBINED,P02,487,second,win,S12,6487
seven_opponent_panel,COMBINED,P02,488,first,loss,S12,6490
seven_opponent_panel,COMBINED,P02,489,second,win,S12,6493
seven_opponent_panel,COMBINED,P02,490,first,draw,S12,6491
seven_opponent_panel,COMBINED,P02,491,second,loss,S12,6494
seven_opponent_panel,COMBINED,P02,492,first,win,S12,6492
seven_opponent_panel,COMBINED,P02,493,second,loss,S12,6495
seven_opponent_panel,COMBINED,P02,494,first,loss,S12,6496
seven_opponent_panel,COMBINED,P02,495,second,loss,S12,6498
seven_opponent_panel,COMBINED,P02,496,first,win,S12,6497
seven_opponent_panel,COMBINED,P02,497,second,loss,S12,6499
seven_opponent_panel,COMBINED,P02,498,first,loss,S12,6500
seven_opponent_panel,COMBINED,P02,499,second,loss,S12,6501
seven_opponent_panel,COMBINED,P02,500,first,loss,S12,6502
seven_opponent_panel,COMBINED,P02,501,second,loss,S12,6505
seven_opponent_panel,COMBINED,P02,502,first,win,S12,6506
seven_opponent_panel,COMBINED,P02,503,second,loss,S12,6503
seven_opponent_panel,COMBINED,P02,504,first,win,S12,6504
seven_opponent_panel,COMBINED,P02,505,second,win,S12,6508
seven_opponent_panel,COMBINED,P02,506,first,win,S12,6509
seven_opponent_panel,COMBINED,P02,507,second,loss,S12,6507
seven_opponent_panel,COMBINED,P02,508,first,loss,S12,6510
seven_opponent_panel,COMBINED,P02,509,second,loss,S12,6511
seven_opponent_panel,COMBINED,P02,510,first,loss,S12,6513
seven_opponent_panel,COMBINED,P02,511,second,win,S12,6512
seven_opponent_panel,COMBINED,P02,512,first,win,S12,6514
seven_opponent_panel,COMBINED,P02,513,second,win,S12,6517
seven_opponent_panel,COMBINED,P02,514,first,win,S12,6515
seven_opponent_panel,COMBINED,P02,515,second,loss,S12,6518
seven_opponent_panel,COMBINED,P02,516,first,loss,S12,6516
seven_opponent_panel,COMBINED,P02,517,second,win,S12,6519
seven_opponent_panel,COMBINED,P02,518,first,win,S12,6520
seven_opponent_panel,COMBINED,P02,519,second,win,S12,6522
seven_opponent_panel,COMBINED,P02,520,first,loss,S12,6521
seven_opponent_panel,COMBINED,P02,521,second,win,S12,6524
seven_opponent_panel,COMBINED,P02,522,first,win,S12,6528
seven_opponent_panel,COMBINED,P02,523,second,win,S12,6523
seven_opponent_panel,COMBINED,P02,524,first,loss,S12,6529
seven_opponent_panel,COMBINED,P02,525,second,win,S12,6525
seven_opponent_panel,COMBINED,P02,526,first,loss,S12,6526
seven_opponent_panel,COMBINED,P02,527,second,win,S12,6527
seven_opponent_panel,COMBINED,P02,528,first,win,S12,6532
seven_opponent_panel,COMBINED,P02,529,second,loss,S12,6531
seven_opponent_panel,COMBINED,P02,530,first,loss,S12,6530
seven_opponent_panel,COMBINED,P02,531,second,win,S12,6537
seven_opponent_panel,COMBINED,P02,532,first,win,S12,6534
seven_opponent_panel,COMBINED,P02,533,second,win,S12,6533
seven_opponent_panel,COMBINED,P02,534,first,win,S12,6536
seven_opponent_panel,COMBINED,P02,535,second,win,S12,6535
seven_opponent_panel,COMBINED,P02,536,first,loss,S12,6542
seven_opponent_panel,COMBINED,P02,537,second,win,S12,6538
seven_opponent_panel,COMBINED,P02,538,first,win,S12,6539
seven_opponent_panel,COMBINED,P02,539,second,loss,S12,6540
seven_opponent_panel,COMBINED,P02,540,first,loss,S12,6543
seven_opponent_panel,COMBINED,P02,541,second,win,S12,6541
seven_opponent_panel,COMBINED,P02,542,first,win,S12,6544
seven_opponent_panel,COMBINED,P02,543,second,loss,S12,6547
seven_opponent_panel,COMBINED,P02,544,first,loss,S12,6548
seven_opponent_panel,COMBINED,P02,545,second,win,S12,6545
seven_opponent_panel,COMBINED,P02,546,first,win,S12,6546
seven_opponent_panel,COMBINED,P02,547,second,loss,S12,6550
seven_opponent_panel,COMBINED,P02,548,first,loss,S12,6551
seven_opponent_panel,COMBINED,P02,549,second,win,S12,6549
seven_opponent_panel,COMBINED,P02,550,first,win,S12,6553
seven_opponent_panel,COMBINED,P02,551,second,loss,S12,6552
seven_opponent_panel,COMBINED,P02,552,first,loss,S12,6554
seven_opponent_panel,COMBINED,P02,553,second,loss,S12,6555
seven_opponent_panel,COMBINED,P02,554,first,loss,S12,6556
seven_opponent_panel,COMBINED,P02,555,second,loss,S12,6559
seven_opponent_panel,COMBINED,P02,556,first,win,S12,6557
seven_opponent_panel,COMBINED,P02,557,second,loss,S12,6558
seven_opponent_panel,COMBINED,P02,558,first,loss,S12,6561
seven_opponent_panel,COMBINED,P02,559,second,loss,S12,6560
seven_opponent_panel,COMBINED,P02,560,first,win,S12,6562
seven_opponent_panel,COMBINED,P02,561,second,win,S12,6563
seven_opponent_panel,COMBINED,P02,562,first,loss,S12,6565
seven_opponent_panel,COMBINED,P02,563,second,win,S12,6566
seven_opponent_panel,COMBINED,P02,564,first,win,S12,6564
seven_opponent_panel,COMBINED,P02,565,second,loss,S12,6567
seven_opponent_panel,COMBINED,P02,566,first,loss,S12,6568
seven_opponent_panel,COMBINED,P02,567,second,loss,S12,6569
seven_opponent_panel,COMBINED,P02,568,first,loss,S12,6570
seven_opponent_panel,COMBINED,P02,569,second,win,S12,6571
seven_opponent_panel,COMBINED,P02,570,first,win,S12,6572
seven_opponent_panel,COMBINED,P02,571,second,loss,S12,6573
seven_opponent_panel,COMBINED,P02,572,first,loss,S12,6576
seven_opponent_panel,COMBINED,P02,573,second,win,S12,6574
seven_opponent_panel,COMBINED,P02,574,first,win,S12,6575
seven_opponent_panel,COMBINED,P02,575,second,win,S12,6577
seven_opponent_panel,COMBINED,P02,576,first,win,S12,6578
seven_opponent_panel,COMBINED,P02,577,second,loss,S12,6580
seven_opponent_panel,COMBINED,P02,578,first,loss,S12,6582
seven_opponent_panel,COMBINED,P02,579,second,win,S12,6579
seven_opponent_panel,COMBINED,P02,580,first,loss,S12,6581
seven_opponent_panel,COMBINED,P02,581,second,loss,S12,6584
seven_opponent_panel,COMBINED,P02,582,first,loss,S12,6586
seven_opponent_panel,COMBINED,P02,583,second,win,S12,6583
seven_opponent_panel,COMBINED,P02,584,first,win,S12,6585
seven_opponent_panel,COMBINED,P02,585,second,loss,S12,6587
seven_opponent_panel,COMBINED,P02,586,first,win,S12,6589
seven_opponent_panel,COMBINED,P02,587,second,win,S12,6588
seven_opponent_panel,COMBINED,P02,588,first,loss,S12,6590
seven_opponent_panel,COMBINED,P02,589,second,loss,S12,6591
seven_opponent_panel,COMBINED,P02,590,first,loss,S12,6592
seven_opponent_panel,COMBINED,P02,591,second,loss,S12,6593
seven_opponent_panel,COMBINED,P02,592,first,loss,S12,6597
seven_opponent_panel,COMBINED,P02,593,second,loss,S12,6594
seven_opponent_panel,COMBINED,P02,594,first,win,S12,6595
seven_opponent_panel,COMBINED,P02,595,second,loss,S12,6596
seven_opponent_panel,COMBINED,P02,596,first,loss,S12,6599
seven_opponent_panel,COMBINED,P02,597,second,win,S12,6603
seven_opponent_panel,COMBINED,P02,598,first,win,S12,6598
seven_opponent_panel,COMBINED,P02,599,second,loss,S12,6606
seven_opponent_panel,COMBINED,P03,0,first,loss,S12,6600
seven_opponent_panel,COMBINED,P03,1,second,loss,S12,6601
seven_opponent_panel,COMBINED,P03,2,first,loss,S12,6602
seven_opponent_panel,COMBINED,P03,3,second,win,S12,6604
seven_opponent_panel,COMBINED,P03,4,first,loss,S12,6605
seven_opponent_panel,COMBINED,P03,5,second,loss,S12,6608
seven_opponent_panel,COMBINED,P03,6,first,loss,S12,6607
seven_opponent_panel,COMBINED,P03,7,second,win,S12,6609
seven_opponent_panel,COMBINED,P03,8,first,win,S12,6611
seven_opponent_panel,COMBINED,P03,9,second,loss,S12,6610
seven_opponent_panel,COMBINED,P03,10,first,loss,S12,6612
seven_opponent_panel,COMBINED,P03,11,second,win,S12,6613
seven_opponent_panel,COMBINED,P03,12,first,loss,S12,6614
seven_opponent_panel,COMBINED,P03,13,second,loss,S12,6615
seven_opponent_panel,COMBINED,P03,14,first,loss,S12,6616
seven_opponent_panel,COMBINED,P03,15,second,loss,S12,6617
seven_opponent_panel,COMBINED,P03,16,first,loss,S12,6618
seven_opponent_panel,COMBINED,P03,17,second,loss,S12,6619
seven_opponent_panel,COMBINED,P03,18,first,loss,S12,6620
seven_opponent_panel,COMBINED,P03,19,second,win,S12,6621
seven_opponent_panel,COMBINED,P03,20,first,win,S12,6622
seven_opponent_panel,COMBINED,P03,21,second,loss,S12,6623
seven_opponent_panel,COMBINED,P03,22,first,loss,S12,6624
seven_opponent_panel,COMBINED,P03,23,second,loss,S12,6625
seven_opponent_panel,COMBINED,P03,24,first,loss,S12,6626
seven_opponent_panel,COMBINED,P03,25,second,loss,S12,6627
seven_opponent_panel,COMBINED,P03,26,first,win,S12,6628
seven_opponent_panel,COMBINED,P03,27,second,loss,S12,6629
seven_opponent_panel,COMBINED,P03,28,first,loss,S12,6630
seven_opponent_panel,COMBINED,P03,29,second,loss,S12,6631
seven_opponent_panel,COMBINED,P03,30,first,win,S12,6632
seven_opponent_panel,COMBINED,P03,31,second,loss,S12,6633
seven_opponent_panel,COMBINED,P03,32,first,loss,S12,6634
seven_opponent_panel,COMBINED,P03,33,second,loss,S12,6635
seven_opponent_panel,COMBINED,P03,34,first,loss,S12,6636
seven_opponent_panel,COMBINED,P03,35,second,loss,S12,6637
seven_opponent_panel,COMBINED,P03,36,first,loss,S12,6638
seven_opponent_panel,COMBINED,P03,37,second,loss,S12,6639
seven_opponent_panel,COMBINED,P03,38,first,loss,S12,6641
seven_opponent_panel,COMBINED,P03,39,second,win,S12,6640
seven_opponent_panel,COMBINED,P03,40,first,win,S12,6642
seven_opponent_panel,COMBINED,P03,41,second,loss,S12,6643
seven_opponent_panel,COMBINED,P03,42,first,win,S12,6644
seven_opponent_panel,COMBINED,P03,43,second,win,S12,6645
seven_opponent_panel,COMBINED,P03,44,first,loss,S12,6646
seven_opponent_panel,COMBINED,P03,45,second,loss,S12,6647
seven_opponent_panel,COMBINED,P03,46,first,loss,S12,6648
seven_opponent_panel,COMBINED,P03,47,second,loss,S12,6650
seven_opponent_panel,COMBINED,P03,48,first,loss,S12,6649
seven_opponent_panel,COMBINED,P03,49,second,loss,S12,6652
seven_opponent_panel,COMBINED,P03,50,first,win,S12,6651
seven_opponent_panel,COMBINED,P03,51,second,win,S12,6653
seven_opponent_panel,COMBINED,P03,52,first,loss,S12,6654
seven_opponent_panel,COMBINED,P03,53,second,win,S12,6655
seven_opponent_panel,COMBINED,P03,54,first,loss,S12,6656
seven_opponent_panel,COMBINED,P03,55,second,loss,S12,6657
seven_opponent_panel,COMBINED,P03,56,first,loss,S12,6659
seven_opponent_panel,COMBINED,P03,57,second,loss,S12,6658
seven_opponent_panel,COMBINED,P03,58,first,loss,S12,6660
seven_opponent_panel,COMBINED,P03,59,second,loss,S12,6662
seven_opponent_panel,COMBINED,P03,60,first,loss,S12,6661
seven_opponent_panel,COMBINED,P03,61,second,win,S12,6663
seven_opponent_panel,COMBINED,P03,62,first,loss,S12,6665
seven_opponent_panel,COMBINED,P03,63,second,win,S12,6664
seven_opponent_panel,COMBINED,P03,64,first,loss,S12,6666
seven_opponent_panel,COMBINED,P03,65,second,loss,S12,6667
seven_opponent_panel,COMBINED,P03,66,first,win,S12,6668
seven_opponent_panel,COMBINED,P03,67,second,loss,S12,6669
seven_opponent_panel,COMBINED,P03,68,first,loss,S12,6670
seven_opponent_panel,COMBINED,P03,69,second,win,S12,6671
seven_opponent_panel,COMBINED,P03,70,first,loss,S12,6672
seven_opponent_panel,COMBINED,P03,71,second,win,S12,6674
seven_opponent_panel,COMBINED,P03,72,first,loss,S12,6673
seven_opponent_panel,COMBINED,P03,73,second,loss,S12,6675
seven_opponent_panel,COMBINED,P03,74,first,win,S12,6676
seven_opponent_panel,COMBINED,P03,75,second,win,S12,6677
seven_opponent_panel,COMBINED,P03,76,first,loss,S12,6678
seven_opponent_panel,COMBINED,P03,77,second,loss,S12,6680
seven_opponent_panel,COMBINED,P03,78,first,win,S12,6679
seven_opponent_panel,COMBINED,P03,79,second,win,S12,6681
seven_opponent_panel,COMBINED,P03,80,first,loss,S12,6683
seven_opponent_panel,COMBINED,P03,81,second,loss,S12,6682
seven_opponent_panel,COMBINED,P03,82,first,loss,S12,6684
seven_opponent_panel,COMBINED,P03,83,second,loss,S12,6686
seven_opponent_panel,COMBINED,P03,84,first,loss,S12,6685
seven_opponent_panel,COMBINED,P03,85,second,loss,S12,6687
seven_opponent_panel,COMBINED,P03,86,first,loss,S12,6688
seven_opponent_panel,COMBINED,P03,87,second,loss,S12,6689
seven_opponent_panel,COMBINED,P03,88,first,loss,S12,6690
seven_opponent_panel,COMBINED,P03,89,second,loss,S12,6691
seven_opponent_panel,COMBINED,P03,90,first,loss,S12,6692
seven_opponent_panel,COMBINED,P03,91,second,loss,S12,6694
seven_opponent_panel,COMBINED,P03,92,first,loss,S12,6693
seven_opponent_panel,COMBINED,P03,93,second,win,S12,6695
seven_opponent_panel,COMBINED,P03,94,first,loss,S12,6696
seven_opponent_panel,COMBINED,P03,95,second,win,S12,6697
seven_opponent_panel,COMBINED,P03,96,first,loss,S12,6698
seven_opponent_panel,COMBINED,P03,97,second,win,S12,6699
seven_opponent_panel,COMBINED,P03,98,first,loss,S12,6700
seven_opponent_panel,COMBINED,P03,99,second,loss,S12,6701
seven_opponent_panel,COMBINED,P03,100,first,win,S12,6702
seven_opponent_panel,COMBINED,P03,101,second,loss,S12,6703
seven_opponent_panel,COMBINED,P03,102,first,loss,S12,6704
seven_opponent_panel,COMBINED,P03,103,second,loss,S12,6705
seven_opponent_panel,COMBINED,P03,104,first,win,S12,6707
seven_opponent_panel,COMBINED,P03,105,second,loss,S12,6706
seven_opponent_panel,COMBINED,P03,106,first,win,S12,6709
seven_opponent_panel,COMBINED,P03,107,second,loss,S12,6710
seven_opponent_panel,COMBINED,P03,108,first,loss,S12,6708
seven_opponent_panel,COMBINED,P03,109,second,loss,S12,6712
seven_opponent_panel,COMBINED,P03,110,first,loss,S12,6713
seven_opponent_panel,COMBINED,P03,111,second,win,S12,6711
seven_opponent_panel,COMBINED,P03,112,first,win,S12,6715
seven_opponent_panel,COMBINED,P03,113,second,win,S12,6714
seven_opponent_panel,COMBINED,P03,114,first,loss,S12,6716
seven_opponent_panel,COMBINED,P03,115,second,loss,S12,6717
seven_opponent_panel,COMBINED,P03,116,first,win,S12,6718
seven_opponent_panel,COMBINED,P03,117,second,loss,S12,6719
seven_opponent_panel,COMBINED,P03,118,first,loss,S12,6720
seven_opponent_panel,COMBINED,P03,119,second,loss,S12,6721
seven_opponent_panel,COMBINED,P03,120,first,loss,S12,6722
seven_opponent_panel,COMBINED,P03,121,second,loss,S12,6723
seven_opponent_panel,COMBINED,P03,122,first,loss,S12,6724
seven_opponent_panel,COMBINED,P03,123,second,win,S12,6725
seven_opponent_panel,COMBINED,P03,124,first,win,S12,6726
seven_opponent_panel,COMBINED,P03,125,second,loss,S12,6728
seven_opponent_panel,COMBINED,P03,126,first,loss,S12,6727
seven_opponent_panel,COMBINED,P03,127,second,loss,S12,6729
seven_opponent_panel,COMBINED,P03,128,first,loss,S12,6731
seven_opponent_panel,COMBINED,P03,129,second,win,S12,6730
seven_opponent_panel,COMBINED,P03,130,first,loss,S12,6733
seven_opponent_panel,COMBINED,P03,131,second,loss,S12,6734
seven_opponent_panel,COMBINED,P03,132,first,win,S12,6732
seven_opponent_panel,COMBINED,P03,133,second,win,S12,6735
seven_opponent_panel,COMBINED,P03,134,first,loss,S12,6736
seven_opponent_panel,COMBINED,P03,135,second,win,S12,6737
seven_opponent_panel,COMBINED,P03,136,first,win,S12,6740
seven_opponent_panel,COMBINED,P03,137,second,win,S12,6739
seven_opponent_panel,COMBINED,P03,138,first,win,S12,6738
seven_opponent_panel,COMBINED,P03,139,second,loss,S12,6741
seven_opponent_panel,COMBINED,P03,140,first,loss,S12,6743
seven_opponent_panel,COMBINED,P03,141,second,loss,S12,6742
seven_opponent_panel,COMBINED,P03,142,first,loss,S12,6744
seven_opponent_panel,COMBINED,P03,143,second,win,S12,6745
seven_opponent_panel,COMBINED,P03,144,first,win,S12,6746
seven_opponent_panel,COMBINED,P03,145,second,loss,S12,6749
seven_opponent_panel,COMBINED,P03,146,first,win,S12,6748
seven_opponent_panel,COMBINED,P03,147,second,win,S12,6747
seven_opponent_panel,COMBINED,P03,148,first,loss,S12,6751
seven_opponent_panel,COMBINED,P03,149,second,loss,S12,6750
seven_opponent_panel,COMBINED,P03,150,first,loss,S12,6752
seven_opponent_panel,COMBINED,P03,151,second,loss,S12,6754
seven_opponent_panel,COMBINED,P03,152,first,win,S12,6753
seven_opponent_panel,COMBINED,P03,153,second,loss,S12,6755
seven_opponent_panel,COMBINED,P03,154,first,loss,S12,6756
seven_opponent_panel,COMBINED,P03,155,second,loss,S12,6757
seven_opponent_panel,COMBINED,P03,156,first,win,S12,6758
seven_opponent_panel,COMBINED,P03,157,second,loss,S12,6760
seven_opponent_panel,COMBINED,P03,158,first,win,S12,6759
seven_opponent_panel,COMBINED,P03,159,second,loss,S12,6761
seven_opponent_panel,COMBINED,P03,160,first,win,S12,6762
seven_opponent_panel,COMBINED,P03,161,second,loss,S12,6763
seven_opponent_panel,COMBINED,P03,162,first,loss,S12,6764
seven_opponent_panel,COMBINED,P03,163,second,win,S12,6765
seven_opponent_panel,COMBINED,P03,164,first,loss,S12,6766
seven_opponent_panel,COMBINED,P03,165,second,loss,S12,6767
seven_opponent_panel,COMBINED,P03,166,first,win,S12,6769
seven_opponent_panel,COMBINED,P03,167,second,loss,S12,6768
seven_opponent_panel,COMBINED,P03,168,first,loss,S12,6770
seven_opponent_panel,COMBINED,P03,169,second,loss,S12,6771
seven_opponent_panel,COMBINED,P03,170,first,win,S12,6772
seven_opponent_panel,COMBINED,P03,171,second,loss,S12,6773
seven_opponent_panel,COMBINED,P03,172,first,win,S12,6774
seven_opponent_panel,COMBINED,P03,173,second,loss,S12,6775
seven_opponent_panel,COMBINED,P03,174,first,loss,S12,6776
seven_opponent_panel,COMBINED,P03,175,second,win,S12,6777
seven_opponent_panel,COMBINED,P03,176,first,win,S12,6778
seven_opponent_panel,COMBINED,P03,177,second,loss,S12,6779
seven_opponent_panel,COMBINED,P03,178,first,loss,S12,6780
seven_opponent_panel,COMBINED,P03,179,second,loss,S12,6781
seven_opponent_panel,COMBINED,P03,180,first,win,S12,6782
seven_opponent_panel,COMBINED,P03,181,second,loss,S12,6783
seven_opponent_panel,COMBINED,P03,182,first,win,S12,6784
seven_opponent_panel,COMBINED,P03,183,second,loss,S12,6785
seven_opponent_panel,COMBINED,P03,184,first,loss,S12,6786
seven_opponent_panel,COMBINED,P03,185,second,win,S12,6787
seven_opponent_panel,COMBINED,P03,186,first,win,S12,6788
seven_opponent_panel,COMBINED,P03,187,second,loss,S12,6789
seven_opponent_panel,COMBINED,P03,188,first,win,S12,6790
seven_opponent_panel,COMBINED,P03,189,second,loss,S12,6791
seven_opponent_panel,COMBINED,P03,190,first,win,S12,6792
seven_opponent_panel,COMBINED,P03,191,second,loss,S12,6793
seven_opponent_panel,COMBINED,P03,192,first,loss,S12,6794
seven_opponent_panel,COMBINED,P03,193,second,loss,S12,6795
seven_opponent_panel,COMBINED,P03,194,first,loss,S12,6796
seven_opponent_panel,COMBINED,P03,195,second,loss,S12,6797
seven_opponent_panel,COMBINED,P03,196,first,win,S12,6798
seven_opponent_panel,COMBINED,P03,197,second,loss,S12,6799
seven_opponent_panel,COMBINED,P03,198,first,win,S12,6800
seven_opponent_panel,COMBINED,P03,199,second,loss,S12,6801
seven_opponent_panel,COMBINED,P03,200,first,win,S12,6802
seven_opponent_panel,COMBINED,P03,201,second,loss,S12,6803
seven_opponent_panel,COMBINED,P03,202,first,win,S12,6804
seven_opponent_panel,COMBINED,P03,203,second,loss,S12,6805
seven_opponent_panel,COMBINED,P03,204,first,loss,S12,6806
seven_opponent_panel,COMBINED,P03,205,second,loss,S12,6807
seven_opponent_panel,COMBINED,P03,206,first,loss,S12,6809
seven_opponent_panel,COMBINED,P03,207,second,win,S12,6808
seven_opponent_panel,COMBINED,P03,208,first,loss,S12,6810
seven_opponent_panel,COMBINED,P03,209,second,loss,S12,6811
seven_opponent_panel,COMBINED,P03,210,first,loss,S12,6812
seven_opponent_panel,COMBINED,P03,211,second,loss,S12,6813
seven_opponent_panel,COMBINED,P03,212,first,loss,S12,6814
seven_opponent_panel,COMBINED,P03,213,second,loss,S12,6815
seven_opponent_panel,COMBINED,P03,214,first,loss,S12,6816
seven_opponent_panel,COMBINED,P03,215,second,win,S12,6818
seven_opponent_panel,COMBINED,P03,216,first,win,S12,6817
seven_opponent_panel,COMBINED,P03,217,second,win,S12,6819
seven_opponent_panel,COMBINED,P03,218,first,win,S12,6820
seven_opponent_panel,COMBINED,P03,219,second,win,S12,6821
seven_opponent_panel,COMBINED,P03,220,first,loss,S12,6822
seven_opponent_panel,COMBINED,P03,221,second,loss,S12,6823
seven_opponent_panel,COMBINED,P03,222,first,loss,S12,6824
seven_opponent_panel,COMBINED,P03,223,second,win,S12,6825
seven_opponent_panel,COMBINED,P03,224,first,win,S12,6826
seven_opponent_panel,COMBINED,P03,225,second,loss,S12,6827
seven_opponent_panel,COMBINED,P03,226,first,loss,S12,6828
seven_opponent_panel,COMBINED,P03,227,second,loss,S12,6829
seven_opponent_panel,COMBINED,P03,228,first,loss,S12,6830
seven_opponent_panel,COMBINED,P03,229,second,win,S12,6831
seven_opponent_panel,COMBINED,P03,230,first,loss,S12,6832
seven_opponent_panel,COMBINED,P03,231,second,loss,S12,6833
seven_opponent_panel,COMBINED,P03,232,first,win,S12,6834
seven_opponent_panel,COMBINED,P03,233,second,win,S12,6835
seven_opponent_panel,COMBINED,P03,234,first,win,S12,6836
seven_opponent_panel,COMBINED,P03,235,second,loss,S12,6837
seven_opponent_panel,COMBINED,P03,236,first,loss,S12,6839
seven_opponent_panel,COMBINED,P03,237,second,win,S12,6838
seven_opponent_panel,COMBINED,P03,238,first,loss,S12,6840
seven_opponent_panel,COMBINED,P03,239,second,loss,S12,6841
seven_opponent_panel,COMBINED,P03,240,first,loss,S12,6842
seven_opponent_panel,COMBINED,P03,241,second,loss,S12,6843
seven_opponent_panel,COMBINED,P03,242,first,loss,S12,6845
seven_opponent_panel,COMBINED,P03,243,second,win,S12,6844
seven_opponent_panel,COMBINED,P03,244,first,loss,S12,6847
seven_opponent_panel,COMBINED,P03,245,second,win,S12,6846
seven_opponent_panel,COMBINED,P03,246,first,loss,S12,6848
seven_opponent_panel,COMBINED,P03,247,second,win,S12,6849
seven_opponent_panel,COMBINED,P03,248,first,loss,S12,6850
seven_opponent_panel,COMBINED,P03,249,second,loss,S12,6851
seven_opponent_panel,COMBINED,P03,250,first,loss,S12,6853
seven_opponent_panel,COMBINED,P03,251,second,win,S12,6852
seven_opponent_panel,COMBINED,P03,252,first,win,S12,6854
seven_opponent_panel,COMBINED,P03,253,second,win,S12,6857
seven_opponent_panel,COMBINED,P03,254,first,loss,S12,6856
seven_opponent_panel,COMBINED,P03,255,second,win,S12,6855
seven_opponent_panel,COMBINED,P03,256,first,loss,S12,6858
seven_opponent_panel,COMBINED,P03,257,second,win,S12,6860
seven_opponent_panel,COMBINED,P03,258,first,loss,S12,6859
seven_opponent_panel,COMBINED,P03,259,second,win,S12,6861
seven_opponent_panel,COMBINED,P03,260,first,loss,S12,6863
seven_opponent_panel,COMBINED,P03,261,second,win,S12,6862
seven_opponent_panel,COMBINED,P03,262,first,loss,S12,6864
seven_opponent_panel,COMBINED,P03,263,second,loss,S12,6866
seven_opponent_panel,COMBINED,P03,264,first,win,S12,6865
seven_opponent_panel,COMBINED,P03,265,second,win,S12,6867
seven_opponent_panel,COMBINED,P03,266,first,loss,S12,6869
seven_opponent_panel,COMBINED,P03,267,second,loss,S12,6868
seven_opponent_panel,COMBINED,P03,268,first,loss,S12,6870
seven_opponent_panel,COMBINED,P03,269,second,loss,S12,6872
seven_opponent_panel,COMBINED,P03,270,first,loss,S12,6871
seven_opponent_panel,COMBINED,P03,271,second,loss,S12,6874
seven_opponent_panel,COMBINED,P03,272,first,loss,S12,6873
seven_opponent_panel,COMBINED,P03,273,second,loss,S12,6875
seven_opponent_panel,COMBINED,P03,274,first,win,S12,6877
seven_opponent_panel,COMBINED,P03,275,second,win,S12,6876
seven_opponent_panel,COMBINED,P03,276,first,win,S12,6878
seven_opponent_panel,COMBINED,P03,277,second,win,S12,6879
seven_opponent_panel,COMBINED,P03,278,first,loss,S12,6880
seven_opponent_panel,COMBINED,P03,279,second,loss,S12,6881
seven_opponent_panel,COMBINED,P03,280,first,loss,S12,6882
seven_opponent_panel,COMBINED,P03,281,second,win,S12,6883
seven_opponent_panel,COMBINED,P03,282,first,loss,S12,6884
seven_opponent_panel,COMBINED,P03,283,second,loss,S12,6885
seven_opponent_panel,COMBINED,P03,284,first,loss,S12,6886
seven_opponent_panel,COMBINED,P03,285,second,win,S12,6887
seven_opponent_panel,COMBINED,P03,286,first,win,S12,6888
seven_opponent_panel,COMBINED,P03,287,second,loss,S12,6889
seven_opponent_panel,COMBINED,P03,288,first,loss,S12,6890
seven_opponent_panel,COMBINED,P03,289,second,loss,S12,6891
seven_opponent_panel,COMBINED,P03,290,first,loss,S12,6892
seven_opponent_panel,COMBINED,P03,291,second,loss,S12,6893
seven_opponent_panel,COMBINED,P03,292,first,win,S12,6894
seven_opponent_panel,COMBINED,P03,293,second,win,S12,6895
seven_opponent_panel,COMBINED,P03,294,first,win,S12,6896
seven_opponent_panel,COMBINED,P03,295,second,loss,S12,6898
seven_opponent_panel,COMBINED,P03,296,first,win,S12,6897
seven_opponent_panel,COMBINED,P03,297,second,loss,S12,6899
seven_opponent_panel,COMBINED,P03,298,first,loss,S12,6900
seven_opponent_panel,COMBINED,P03,299,second,loss,S12,6901
seven_opponent_panel,COMBINED,P03,300,first,loss,S12,6902
seven_opponent_panel,COMBINED,P03,301,second,win,S12,6903
seven_opponent_panel,COMBINED,P03,302,first,win,S12,6904
seven_opponent_panel,COMBINED,P03,303,second,loss,S12,6905
seven_opponent_panel,COMBINED,P03,304,first,loss,S12,6907
seven_opponent_panel,COMBINED,P03,305,second,win,S12,6906
seven_opponent_panel,COMBINED,P03,306,first,loss,S12,6908
seven_opponent_panel,COMBINED,P03,307,second,loss,S12,6909
seven_opponent_panel,COMBINED,P03,308,first,win,S12,6910
seven_opponent_panel,COMBINED,P03,309,second,win,S12,6911
seven_opponent_panel,COMBINED,P03,310,first,win,S12,6912
seven_opponent_panel,COMBINED,P03,311,second,loss,S12,6913
seven_opponent_panel,COMBINED,P03,312,first,loss,S12,6914
seven_opponent_panel,COMBINED,P03,313,second,loss,S12,6916
seven_opponent_panel,COMBINED,P03,314,first,win,S12,6915
seven_opponent_panel,COMBINED,P03,315,second,loss,S12,6917
seven_opponent_panel,COMBINED,P03,316,first,loss,S12,6919
seven_opponent_panel,COMBINED,P03,317,second,loss,S12,6918
seven_opponent_panel,COMBINED,P03,318,first,loss,S12,6920
seven_opponent_panel,COMBINED,P03,319,second,win,S12,6921
seven_opponent_panel,COMBINED,P03,320,first,loss,S12,6922
seven_opponent_panel,COMBINED,P03,321,second,loss,S12,6923
seven_opponent_panel,COMBINED,P03,322,first,loss,S12,6924
seven_opponent_panel,COMBINED,P03,323,second,loss,S12,6925
seven_opponent_panel,COMBINED,P03,324,first,win,S12,6926
seven_opponent_panel,COMBINED,P03,325,second,loss,S12,6928
seven_opponent_panel,COMBINED,P03,326,first,win,S12,6927
seven_opponent_panel,COMBINED,P03,327,second,loss,S12,6929
seven_opponent_panel,COMBINED,P03,328,first,loss,S12,6930
seven_opponent_panel,COMBINED,P03,329,second,loss,S12,6931
seven_opponent_panel,COMBINED,P03,330,first,loss,S12,6932
seven_opponent_panel,COMBINED,P03,331,second,win,S12,6933
seven_opponent_panel,COMBINED,P03,332,first,loss,S12,6934
seven_opponent_panel,COMBINED,P03,333,second,win,S12,6935
seven_opponent_panel,COMBINED,P03,334,first,win,S12,6936
seven_opponent_panel,COMBINED,P03,335,second,loss,S12,6937
seven_opponent_panel,COMBINED,P03,336,first,loss,S12,6938
seven_opponent_panel,COMBINED,P03,337,second,loss,S12,6939
seven_opponent_panel,COMBINED,P03,338,first,loss,S12,6940
seven_opponent_panel,COMBINED,P03,339,second,loss,S12,6941
seven_opponent_panel,COMBINED,P03,340,first,loss,S12,6942
seven_opponent_panel,COMBINED,P03,341,second,win,S12,6943
seven_opponent_panel,COMBINED,P03,342,first,win,S12,6944
seven_opponent_panel,COMBINED,P03,343,second,loss,S12,6945
seven_opponent_panel,COMBINED,P03,344,first,win,S12,6946
seven_opponent_panel,COMBINED,P03,345,second,win,S12,6947
seven_opponent_panel,COMBINED,P03,346,first,win,S12,6948
seven_opponent_panel,COMBINED,P03,347,second,loss,S12,6949
seven_opponent_panel,COMBINED,P03,348,first,loss,S12,6950
seven_opponent_panel,COMBINED,P03,349,second,loss,S12,6951
seven_opponent_panel,COMBINED,P03,350,first,loss,S12,6952
seven_opponent_panel,COMBINED,P03,351,second,win,S12,6953
seven_opponent_panel,COMBINED,P03,352,first,loss,S12,6954
seven_opponent_panel,COMBINED,P03,353,second,loss,S12,6955
seven_opponent_panel,COMBINED,P03,354,first,loss,S12,6956
seven_opponent_panel,COMBINED,P03,355,second,loss,S12,6957
seven_opponent_panel,COMBINED,P03,356,first,loss,S12,6958
seven_opponent_panel,COMBINED,P03,357,second,loss,S12,6959
seven_opponent_panel,COMBINED,P03,358,first,loss,S12,6960
seven_opponent_panel,COMBINED,P03,359,second,loss,S12,6962
seven_opponent_panel,COMBINED,P03,360,first,loss,S12,6961
seven_opponent_panel,COMBINED,P03,361,second,win,S12,6963
seven_opponent_panel,COMBINED,P03,362,first,win,S12,6964
seven_opponent_panel,COMBINED,P03,363,second,win,S12,6965
seven_opponent_panel,COMBINED,P03,364,first,loss,S12,6966
seven_opponent_panel,COMBINED,P03,365,second,loss,S12,6967
seven_opponent_panel,COMBINED,P03,366,first,loss,S12,6968
seven_opponent_panel,COMBINED,P03,367,second,loss,S12,6969
seven_opponent_panel,COMBINED,P03,368,first,win,S12,6970
seven_opponent_panel,COMBINED,P03,369,second,win,S12,6971
seven_opponent_panel,COMBINED,P03,370,first,loss,S12,6972
seven_opponent_panel,COMBINED,P03,371,second,loss,S12,6973
seven_opponent_panel,COMBINED,P03,372,first,win,S12,6974
seven_opponent_panel,COMBINED,P03,373,second,loss,S12,6975
seven_opponent_panel,COMBINED,P03,374,first,loss,S12,6976
seven_opponent_panel,COMBINED,P03,375,second,win,S12,6977
seven_opponent_panel,COMBINED,P03,376,first,loss,S12,6978
seven_opponent_panel,COMBINED,P03,377,second,win,S12,6979
seven_opponent_panel,COMBINED,P03,378,first,loss,S12,6980
seven_opponent_panel,COMBINED,P03,379,second,loss,S12,6982
seven_opponent_panel,COMBINED,P03,380,first,loss,S12,6981
seven_opponent_panel,COMBINED,P03,381,second,loss,S12,6983
seven_opponent_panel,COMBINED,P03,382,first,loss,S12,6984
seven_opponent_panel,COMBINED,P03,383,second,loss,S12,6985
seven_opponent_panel,COMBINED,P03,384,first,win,S12,6986
seven_opponent_panel,COMBINED,P03,385,second,loss,S12,6987
seven_opponent_panel,COMBINED,P03,386,first,win,S12,6988
seven_opponent_panel,COMBINED,P03,387,second,loss,S12,6989
seven_opponent_panel,COMBINED,P03,388,first,loss,S12,6990
seven_opponent_panel,COMBINED,P03,389,second,loss,S12,6991
seven_opponent_panel,COMBINED,P03,390,first,win,S12,6992
seven_opponent_panel,COMBINED,P03,391,second,loss,S12,6993
seven_opponent_panel,COMBINED,P03,392,first,loss,S12,6994
seven_opponent_panel,COMBINED,P03,393,second,win,S12,6995
seven_opponent_panel,COMBINED,P03,394,first,win,S12,6998
seven_opponent_panel,COMBINED,P03,395,second,win,S12,6997
seven_opponent_panel,COMBINED,P03,396,first,loss,S12,6996
seven_opponent_panel,COMBINED,P03,397,second,loss,S12,7000
seven_opponent_panel,COMBINED,P03,398,first,loss,S12,6999
seven_opponent_panel,COMBINED,P03,399,second,loss,S12,7001
seven_opponent_panel,COMBINED,P03,400,first,loss,S12,7002
seven_opponent_panel,COMBINED,P03,401,second,loss,S12,7003
seven_opponent_panel,COMBINED,P03,402,first,loss,S12,7004
seven_opponent_panel,COMBINED,P03,403,second,loss,S12,7005
seven_opponent_panel,COMBINED,P03,404,first,loss,S12,7006
seven_opponent_panel,COMBINED,P03,405,second,win,S12,7007
seven_opponent_panel,COMBINED,P03,406,first,loss,S12,7008
seven_opponent_panel,COMBINED,P03,407,second,loss,S12,7010
seven_opponent_panel,COMBINED,P03,408,first,loss,S12,7009
seven_opponent_panel,COMBINED,P03,409,second,win,S12,7011
seven_opponent_panel,COMBINED,P03,410,first,loss,S12,7013
seven_opponent_panel,COMBINED,P03,411,second,loss,S12,7012
seven_opponent_panel,COMBINED,P03,412,first,loss,S12,7014
seven_opponent_panel,COMBINED,P03,413,second,loss,S12,7015
seven_opponent_panel,COMBINED,P03,414,first,loss,S12,7016
seven_opponent_panel,COMBINED,P03,415,second,win,S12,7017
seven_opponent_panel,COMBINED,P03,416,first,loss,S12,7019
seven_opponent_panel,COMBINED,P03,417,second,loss,S12,7018
seven_opponent_panel,COMBINED,P03,418,first,loss,S12,7020
seven_opponent_panel,COMBINED,P03,419,second,loss,S12,7022
seven_opponent_panel,COMBINED,P03,420,first,loss,S12,7021
seven_opponent_panel,COMBINED,P03,421,second,win,S12,7023
seven_opponent_panel,COMBINED,P03,422,first,win,S12,7024
seven_opponent_panel,COMBINED,P03,423,second,loss,S12,7025
seven_opponent_panel,COMBINED,P03,424,first,win,S12,7026
seven_opponent_panel,COMBINED,P03,425,second,loss,S12,7027
seven_opponent_panel,COMBINED,P03,426,first,loss,S12,7028
seven_opponent_panel,COMBINED,P03,427,second,loss,S12,7029
seven_opponent_panel,COMBINED,P03,428,first,loss,S12,7030
seven_opponent_panel,COMBINED,P03,429,second,loss,S12,7031
seven_opponent_panel,COMBINED,P03,430,first,win,S12,7032
seven_opponent_panel,COMBINED,P03,431,second,loss,S12,7033
seven_opponent_panel,COMBINED,P03,432,first,loss,S12,7034
seven_opponent_panel,COMBINED,P03,433,second,loss,S12,7035
seven_opponent_panel,COMBINED,P03,434,first,win,S12,7037
seven_opponent_panel,COMBINED,P03,435,second,loss,S12,7036
seven_opponent_panel,COMBINED,P03,436,first,loss,S12,7038
seven_opponent_panel,COMBINED,P03,437,second,loss,S12,7039
seven_opponent_panel,COMBINED,P03,438,first,loss,S12,7040
seven_opponent_panel,COMBINED,P03,439,second,loss,S12,7041
seven_opponent_panel,COMBINED,P03,440,first,loss,S12,7042
seven_opponent_panel,COMBINED,P03,441,second,win,S12,7043
seven_opponent_panel,COMBINED,P03,442,first,loss,S12,7044
seven_opponent_panel,COMBINED,P03,443,second,win,S12,7045
seven_opponent_panel,COMBINED,P03,444,first,loss,S12,7046
seven_opponent_panel,COMBINED,P03,445,second,loss,S12,7047
seven_opponent_panel,COMBINED,P03,446,first,loss,S12,7048
seven_opponent_panel,COMBINED,P03,447,second,win,S12,7049
seven_opponent_panel,COMBINED,P03,448,first,loss,S12,7050
seven_opponent_panel,COMBINED,P03,449,second,loss,S12,7052
seven_opponent_panel,COMBINED,P03,450,first,loss,S12,7051
seven_opponent_panel,COMBINED,P03,451,second,loss,S12,7053
seven_opponent_panel,COMBINED,P03,452,first,loss,S12,7054
seven_opponent_panel,COMBINED,P03,453,second,win,S12,7055
seven_opponent_panel,COMBINED,P03,454,first,loss,S12,7056
seven_opponent_panel,COMBINED,P03,455,second,loss,S12,7057
seven_opponent_panel,COMBINED,P03,456,first,loss,S12,7058
seven_opponent_panel,COMBINED,P03,457,second,loss,S12,7059
seven_opponent_panel,COMBINED,P03,458,first,win,S12,7060
seven_opponent_panel,COMBINED,P03,459,second,loss,S12,7061
seven_opponent_panel,COMBINED,P03,460,first,loss,S12,7062
seven_opponent_panel,COMBINED,P03,461,second,loss,S12,7063
seven_opponent_panel,COMBINED,P03,462,first,win,S12,7064
seven_opponent_panel,COMBINED,P03,463,second,win,S12,7065
seven_opponent_panel,COMBINED,P03,464,first,win,S12,7066
seven_opponent_panel,COMBINED,P03,465,second,loss,S12,7067
seven_opponent_panel,COMBINED,P03,466,first,loss,S12,7068
seven_opponent_panel,COMBINED,P03,467,second,win,S12,7070
seven_opponent_panel,COMBINED,P03,468,first,win,S12,7069
seven_opponent_panel,COMBINED,P03,469,second,loss,S12,7071
seven_opponent_panel,COMBINED,P03,470,first,win,S12,7072
seven_opponent_panel,COMBINED,P03,471,second,win,S12,7073
seven_opponent_panel,COMBINED,P03,472,first,win,S12,7074
seven_opponent_panel,COMBINED,P03,473,second,loss,S12,7076
seven_opponent_panel,COMBINED,P03,474,first,win,S12,7075
seven_opponent_panel,COMBINED,P03,475,second,loss,S12,7077
seven_opponent_panel,COMBINED,P03,476,first,loss,S12,7079
seven_opponent_panel,COMBINED,P03,477,second,win,S12,7078
seven_opponent_panel,COMBINED,P03,478,first,loss,S12,7080
seven_opponent_panel,COMBINED,P03,479,second,loss,S12,7081
seven_opponent_panel,COMBINED,P03,480,first,loss,S12,7082
seven_opponent_panel,COMBINED,P03,481,second,loss,S12,7083
seven_opponent_panel,COMBINED,P03,482,first,loss,S12,7084
seven_opponent_panel,COMBINED,P03,483,second,loss,S12,7085
seven_opponent_panel,COMBINED,P03,484,first,loss,S12,7086
seven_opponent_panel,COMBINED,P03,485,second,win,S12,7087
seven_opponent_panel,COMBINED,P03,486,first,loss,S12,7088
seven_opponent_panel,COMBINED,P03,487,second,loss,S12,7089
seven_opponent_panel,COMBINED,P03,488,first,loss,S12,7090
seven_opponent_panel,COMBINED,P03,489,second,loss,S12,7091
seven_opponent_panel,COMBINED,P03,490,first,loss,S12,7092
seven_opponent_panel,COMBINED,P03,491,second,win,S12,7093
seven_opponent_panel,COMBINED,P03,492,first,win,S12,7094
seven_opponent_panel,COMBINED,P03,493,second,win,S12,7095
seven_opponent_panel,COMBINED,P03,494,first,loss,S12,7096
seven_opponent_panel,COMBINED,P03,495,second,win,S12,7097
seven_opponent_panel,COMBINED,P03,496,first,loss,S12,7098
seven_opponent_panel,COMBINED,P03,497,second,loss,S12,7099
seven_opponent_panel,COMBINED,P03,498,first,win,S12,7100
seven_opponent_panel,COMBINED,P03,499,second,win,S12,7101
seven_opponent_panel,COMBINED,P03,500,first,loss,S12,7102
seven_opponent_panel,COMBINED,P03,501,second,loss,S12,7103
seven_opponent_panel,COMBINED,P03,502,first,win,S12,7104
seven_opponent_panel,COMBINED,P03,503,second,loss,S12,7106
seven_opponent_panel,COMBINED,P03,504,first,loss,S12,7105
seven_opponent_panel,COMBINED,P03,505,second,loss,S12,7107
seven_opponent_panel,COMBINED,P03,506,first,loss,S12,7108
seven_opponent_panel,COMBINED,P03,507,second,win,S12,7109
seven_opponent_panel,COMBINED,P03,508,first,loss,S12,7110
seven_opponent_panel,COMBINED,P03,509,second,win,S12,7111
seven_opponent_panel,COMBINED,P03,510,first,loss,S12,7112
seven_opponent_panel,COMBINED,P03,511,second,loss,S12,7113
seven_opponent_panel,COMBINED,P03,512,first,win,S12,7114
seven_opponent_panel,COMBINED,P03,513,second,loss,S12,7115
seven_opponent_panel,COMBINED,P03,514,first,loss,S12,7116
seven_opponent_panel,COMBINED,P03,515,second,loss,S12,7117
seven_opponent_panel,COMBINED,P03,516,first,loss,S12,7118
seven_opponent_panel,COMBINED,P03,517,second,loss,S12,7119
seven_opponent_panel,COMBINED,P03,518,first,loss,S12,7120
seven_opponent_panel,COMBINED,P03,519,second,loss,S12,7121
seven_opponent_panel,COMBINED,P03,520,first,win,S12,7122
seven_opponent_panel,COMBINED,P03,521,second,loss,S12,7124
seven_opponent_panel,COMBINED,P03,522,first,win,S12,7123
seven_opponent_panel,COMBINED,P03,523,second,loss,S12,7125
seven_opponent_panel,COMBINED,P03,524,first,win,S12,7126
seven_opponent_panel,COMBINED,P03,525,second,win,S12,7127
seven_opponent_panel,COMBINED,P03,526,first,loss,S12,7128
seven_opponent_panel,COMBINED,P03,527,second,loss,S12,7129
seven_opponent_panel,COMBINED,P03,528,first,loss,S12,7130
seven_opponent_panel,COMBINED,P03,529,second,win,S12,7131
seven_opponent_panel,COMBINED,P03,530,first,loss,S12,7132
seven_opponent_panel,COMBINED,P03,531,second,win,S12,7133
seven_opponent_panel,COMBINED,P03,532,first,loss,S12,7134
seven_opponent_panel,COMBINED,P03,533,second,win,S12,7135
seven_opponent_panel,COMBINED,P03,534,first,loss,S12,7136
seven_opponent_panel,COMBINED,P03,535,second,loss,S12,7137
seven_opponent_panel,COMBINED,P03,536,first,win,S12,7138
seven_opponent_panel,COMBINED,P03,537,second,loss,S12,7139
seven_opponent_panel,COMBINED,P03,538,first,loss,S12,7140
seven_opponent_panel,COMBINED,P03,539,second,loss,S12,7141
seven_opponent_panel,COMBINED,P03,540,first,win,S12,7142
seven_opponent_panel,COMBINED,P03,541,second,loss,S12,7143
seven_opponent_panel,COMBINED,P03,542,first,win,S12,7144
seven_opponent_panel,COMBINED,P03,543,second,win,S12,7145
seven_opponent_panel,COMBINED,P03,544,first,loss,S12,7146
seven_opponent_panel,COMBINED,P03,545,second,loss,S12,7147
seven_opponent_panel,COMBINED,P03,546,first,loss,S12,7148
seven_opponent_panel,COMBINED,P03,547,second,loss,S12,7149
seven_opponent_panel,COMBINED,P03,548,first,win,S12,7150
seven_opponent_panel,COMBINED,P03,549,second,loss,S12,7151
seven_opponent_panel,COMBINED,P03,550,first,win,S12,7152
seven_opponent_panel,COMBINED,P03,551,second,win,S12,7154
seven_opponent_panel,COMBINED,P03,552,first,win,S12,7153
seven_opponent_panel,COMBINED,P03,553,second,win,S12,7155
seven_opponent_panel,COMBINED,P03,554,first,loss,S12,7157
seven_opponent_panel,COMBINED,P03,555,second,loss,S12,7156
seven_opponent_panel,COMBINED,P03,556,first,loss,S12,7158
seven_opponent_panel,COMBINED,P03,557,second,win,S12,7159
seven_opponent_panel,COMBINED,P03,558,first,loss,S12,7160
seven_opponent_panel,COMBINED,P03,559,second,loss,S12,7161
seven_opponent_panel,COMBINED,P03,560,first,win,S12,7162
seven_opponent_panel,COMBINED,P03,561,second,loss,S12,7163
seven_opponent_panel,COMBINED,P03,562,first,win,S12,7164
seven_opponent_panel,COMBINED,P03,563,second,win,S12,7165
seven_opponent_panel,COMBINED,P03,564,first,loss,S12,7166
seven_opponent_panel,COMBINED,P03,565,second,loss,S12,7167
seven_opponent_panel,COMBINED,P03,566,first,loss,S12,7170
seven_opponent_panel,COMBINED,P03,567,second,loss,S12,7169
seven_opponent_panel,COMBINED,P03,568,first,loss,S12,7168
seven_opponent_panel,COMBINED,P03,569,second,win,S12,7171
seven_opponent_panel,COMBINED,P03,570,first,loss,S12,7172
seven_opponent_panel,COMBINED,P03,571,second,loss,S12,7173
seven_opponent_panel,COMBINED,P03,572,first,loss,S12,7174
seven_opponent_panel,COMBINED,P03,573,second,loss,S12,7175
seven_opponent_panel,COMBINED,P03,574,first,win,S12,7176
seven_opponent_panel,COMBINED,P03,575,second,loss,S12,7177
seven_opponent_panel,COMBINED,P03,576,first,loss,S12,7178
seven_opponent_panel,COMBINED,P03,577,second,win,S12,7179
seven_opponent_panel,COMBINED,P03,578,first,loss,S12,7180
seven_opponent_panel,COMBINED,P03,579,second,loss,S12,7181
seven_opponent_panel,COMBINED,P03,580,first,win,S12,7182
seven_opponent_panel,COMBINED,P03,581,second,loss,S12,7183
seven_opponent_panel,COMBINED,P03,582,first,loss,S12,7184
seven_opponent_panel,COMBINED,P03,583,second,win,S12,7185
seven_opponent_panel,COMBINED,P03,584,first,win,S12,7186
seven_opponent_panel,COMBINED,P03,585,second,loss,S12,7187
seven_opponent_panel,COMBINED,P03,586,first,loss,S12,7188
seven_opponent_panel,COMBINED,P03,587,second,loss,S12,7190
seven_opponent_panel,COMBINED,P03,588,first,loss,S12,7189
seven_opponent_panel,COMBINED,P03,589,second,loss,S12,7191
seven_opponent_panel,COMBINED,P03,590,first,loss,S12,7192
seven_opponent_panel,COMBINED,P03,591,second,loss,S12,7194
seven_opponent_panel,COMBINED,P03,592,first,win,S12,7193
seven_opponent_panel,COMBINED,P03,593,second,loss,S12,7195
seven_opponent_panel,COMBINED,P03,594,first,win,S12,7197
seven_opponent_panel,COMBINED,P03,595,second,win,S12,7196
seven_opponent_panel,COMBINED,P03,596,first,loss,S12,7198
seven_opponent_panel,COMBINED,P03,597,second,loss,S12,7200
seven_opponent_panel,COMBINED,P03,598,first,loss,S12,7199
seven_opponent_panel,COMBINED,P03,599,second,loss,S12,7203
seven_opponent_panel,COMBINED,P04,0,first,loss,S12,7201
seven_opponent_panel,COMBINED,P04,1,second,win,S12,7202
seven_opponent_panel,COMBINED,P04,2,first,loss,S12,7204
seven_opponent_panel,COMBINED,P04,3,second,loss,S12,7205
seven_opponent_panel,COMBINED,P04,4,first,loss,S12,7206
seven_opponent_panel,COMBINED,P04,5,second,win,S12,7207
seven_opponent_panel,COMBINED,P04,6,first,loss,S12,7208
seven_opponent_panel,COMBINED,P04,7,second,loss,S12,7209
seven_opponent_panel,COMBINED,P04,8,first,win,S12,7210
seven_opponent_panel,COMBINED,P04,9,second,loss,S12,7211
seven_opponent_panel,COMBINED,P04,10,first,loss,S12,7212
seven_opponent_panel,COMBINED,P04,11,second,win,S12,7213
seven_opponent_panel,COMBINED,P04,12,first,loss,S12,7214
seven_opponent_panel,COMBINED,P04,13,second,win,S12,7215
seven_opponent_panel,COMBINED,P04,14,first,win,S12,7216
seven_opponent_panel,COMBINED,P04,15,second,loss,S12,7217
seven_opponent_panel,COMBINED,P04,16,first,win,S12,7218
seven_opponent_panel,COMBINED,P04,17,second,loss,S12,7219
seven_opponent_panel,COMBINED,P04,18,first,loss,S12,7220
seven_opponent_panel,COMBINED,P04,19,second,win,S12,7221
seven_opponent_panel,COMBINED,P04,20,first,loss,S12,7222
seven_opponent_panel,COMBINED,P04,21,second,win,S12,7223
seven_opponent_panel,COMBINED,P04,22,first,win,S12,7224
seven_opponent_panel,COMBINED,P04,23,second,loss,S12,7225
seven_opponent_panel,COMBINED,P04,24,first,loss,S12,7226
seven_opponent_panel,COMBINED,P04,25,second,loss,S12,7227
seven_opponent_panel,COMBINED,P04,26,first,loss,S12,7228
seven_opponent_panel,COMBINED,P04,27,second,loss,S12,7229
seven_opponent_panel,COMBINED,P04,28,first,loss,S12,7230
seven_opponent_panel,COMBINED,P04,29,second,loss,S12,7231
seven_opponent_panel,COMBINED,P04,30,first,loss,S12,7232
seven_opponent_panel,COMBINED,P04,31,second,loss,S12,7233
seven_opponent_panel,COMBINED,P04,32,first,win,S12,7234
seven_opponent_panel,COMBINED,P04,33,second,loss,S12,7235
seven_opponent_panel,COMBINED,P04,34,first,loss,S12,7236
seven_opponent_panel,COMBINED,P04,35,second,loss,S12,7238
seven_opponent_panel,COMBINED,P04,36,first,win,S12,7237
seven_opponent_panel,COMBINED,P04,37,second,loss,S12,7239
seven_opponent_panel,COMBINED,P04,38,first,loss,S12,7241
seven_opponent_panel,COMBINED,P04,39,second,loss,S12,7240
seven_opponent_panel,COMBINED,P04,40,first,loss,S12,7242
seven_opponent_panel,COMBINED,P04,41,second,loss,S12,7243
seven_opponent_panel,COMBINED,P04,42,first,loss,S12,7244
seven_opponent_panel,COMBINED,P04,43,second,loss,S12,7245
seven_opponent_panel,COMBINED,P04,44,first,loss,S12,7247
seven_opponent_panel,COMBINED,P04,45,second,win,S12,7246
seven_opponent_panel,COMBINED,P04,46,first,loss,S12,7248
seven_opponent_panel,COMBINED,P04,47,second,loss,S12,7249
seven_opponent_panel,COMBINED,P04,48,first,loss,S12,7250
seven_opponent_panel,COMBINED,P04,49,second,win,S12,7251
seven_opponent_panel,COMBINED,P04,50,first,loss,S12,7253
seven_opponent_panel,COMBINED,P04,51,second,win,S12,7252
seven_opponent_panel,COMBINED,P04,52,first,win,S12,7254
seven_opponent_panel,COMBINED,P04,53,second,win,S12,7255
seven_opponent_panel,COMBINED,P04,54,first,win,S12,7256
seven_opponent_panel,COMBINED,P04,55,second,loss,S12,7257
seven_opponent_panel,COMBINED,P04,56,first,loss,S12,7258
seven_opponent_panel,COMBINED,P04,57,second,loss,S12,7259
seven_opponent_panel,COMBINED,P04,58,first,loss,S12,7260
seven_opponent_panel,COMBINED,P04,59,second,loss,S12,7261
seven_opponent_panel,COMBINED,P04,60,first,loss,S12,7262
seven_opponent_panel,COMBINED,P04,61,second,loss,S12,7263
seven_opponent_panel,COMBINED,P04,62,first,loss,S12,7264
seven_opponent_panel,COMBINED,P04,63,second,loss,S12,7265
seven_opponent_panel,COMBINED,P04,64,first,loss,S12,7266
seven_opponent_panel,COMBINED,P04,65,second,win,S12,7267
seven_opponent_panel,COMBINED,P04,66,first,loss,S12,7268
seven_opponent_panel,COMBINED,P04,67,second,loss,S12,7269
seven_opponent_panel,COMBINED,P04,68,first,loss,S12,7270
seven_opponent_panel,COMBINED,P04,69,second,win,S12,7271
seven_opponent_panel,COMBINED,P04,70,first,loss,S12,7272
seven_opponent_panel,COMBINED,P04,71,second,loss,S12,7273
seven_opponent_panel,COMBINED,P04,72,first,win,S12,7274
seven_opponent_panel,COMBINED,P04,73,second,loss,S12,7275
seven_opponent_panel,COMBINED,P04,74,first,win,S12,7276
seven_opponent_panel,COMBINED,P04,75,second,loss,S12,7277
seven_opponent_panel,COMBINED,P04,76,first,win,S12,7278
seven_opponent_panel,COMBINED,P04,77,second,loss,S12,7279
seven_opponent_panel,COMBINED,P04,78,first,loss,S12,7281
seven_opponent_panel,COMBINED,P04,79,second,loss,S12,7280
seven_opponent_panel,COMBINED,P04,80,first,loss,S12,7282
seven_opponent_panel,COMBINED,P04,81,second,loss,S12,7283
seven_opponent_panel,COMBINED,P04,82,first,loss,S12,7284
seven_opponent_panel,COMBINED,P04,83,second,win,S12,7285
seven_opponent_panel,COMBINED,P04,84,first,loss,S12,7286
seven_opponent_panel,COMBINED,P04,85,second,loss,S12,7287
seven_opponent_panel,COMBINED,P04,86,first,loss,S12,7288
seven_opponent_panel,COMBINED,P04,87,second,loss,S12,7289
seven_opponent_panel,COMBINED,P04,88,first,loss,S12,7290
seven_opponent_panel,COMBINED,P04,89,second,loss,S12,7291
seven_opponent_panel,COMBINED,P04,90,first,loss,S12,7293
seven_opponent_panel,COMBINED,P04,91,second,loss,S12,7292
seven_opponent_panel,COMBINED,P04,92,first,win,S12,7294
seven_opponent_panel,COMBINED,P04,93,second,loss,S12,7296
seven_opponent_panel,COMBINED,P04,94,first,win,S12,7295
seven_opponent_panel,COMBINED,P04,95,second,loss,S12,7297
seven_opponent_panel,COMBINED,P04,96,first,loss,S12,7299
seven_opponent_panel,COMBINED,P04,97,second,win,S12,7298
seven_opponent_panel,COMBINED,P04,98,first,win,S12,7300
seven_opponent_panel,COMBINED,P04,99,second,loss,S12,7301
seven_opponent_panel,COMBINED,P04,100,first,loss,S12,7302
seven_opponent_panel,COMBINED,P04,101,second,loss,S12,7303
seven_opponent_panel,COMBINED,P04,102,first,win,S12,7305
seven_opponent_panel,COMBINED,P04,103,second,win,S12,7304
seven_opponent_panel,COMBINED,P04,104,first,win,S12,7306
seven_opponent_panel,COMBINED,P04,105,second,loss,S12,7308
seven_opponent_panel,COMBINED,P04,106,first,win,S12,7307
seven_opponent_panel,COMBINED,P04,107,second,loss,S12,7309
seven_opponent_panel,COMBINED,P04,108,first,loss,S12,7311
seven_opponent_panel,COMBINED,P04,109,second,loss,S12,7310
seven_opponent_panel,COMBINED,P04,110,first,loss,S12,7312
seven_opponent_panel,COMBINED,P04,111,second,win,S12,7313
seven_opponent_panel,COMBINED,P04,112,first,loss,S12,7314
seven_opponent_panel,COMBINED,P04,113,second,win,S12,7315
seven_opponent_panel,COMBINED,P04,114,first,loss,S12,7316
seven_opponent_panel,COMBINED,P04,115,second,win,S12,7317
seven_opponent_panel,COMBINED,P04,116,first,loss,S12,7318
seven_opponent_panel,COMBINED,P04,117,second,loss,S12,7319
seven_opponent_panel,COMBINED,P04,118,first,loss,S12,7320
seven_opponent_panel,COMBINED,P04,119,second,loss,S12,7321
seven_opponent_panel,COMBINED,P04,120,first,win,S12,7323
seven_opponent_panel,COMBINED,P04,121,second,win,S12,7322
seven_opponent_panel,COMBINED,P04,122,first,loss,S12,7324
seven_opponent_panel,COMBINED,P04,123,second,loss,S12,7326
seven_opponent_panel,COMBINED,P04,124,first,loss,S12,7325
seven_opponent_panel,COMBINED,P04,125,second,loss,S12,7327
seven_opponent_panel,COMBINED,P04,126,first,win,S12,7329
seven_opponent_panel,COMBINED,P04,127,second,win,S12,7328
seven_opponent_panel,COMBINED,P04,128,first,win,S12,7330
seven_opponent_panel,COMBINED,P04,129,second,win,S12,7332
seven_opponent_panel,COMBINED,P04,130,first,win,S12,7331
seven_opponent_panel,COMBINED,P04,131,second,loss,S12,7333
seven_opponent_panel,COMBINED,P04,132,first,win,S12,7334
seven_opponent_panel,COMBINED,P04,133,second,loss,S12,7335
seven_opponent_panel,COMBINED,P04,134,first,loss,S12,7336
seven_opponent_panel,COMBINED,P04,135,second,loss,S12,7337
seven_opponent_panel,COMBINED,P04,136,first,loss,S12,7338
seven_opponent_panel,COMBINED,P04,137,second,loss,S12,7339
seven_opponent_panel,COMBINED,P04,138,first,loss,S12,7340
seven_opponent_panel,COMBINED,P04,139,second,loss,S12,7341
seven_opponent_panel,COMBINED,P04,140,first,loss,S12,7342
seven_opponent_panel,COMBINED,P04,141,second,loss,S12,7344
seven_opponent_panel,COMBINED,P04,142,first,loss,S12,7343
seven_opponent_panel,COMBINED,P04,143,second,loss,S12,7345
seven_opponent_panel,COMBINED,P04,144,first,loss,S12,7347
seven_opponent_panel,COMBINED,P04,145,second,loss,S12,7346
seven_opponent_panel,COMBINED,P04,146,first,win,S12,7348
seven_opponent_panel,COMBINED,P04,147,second,win,S12,7349
seven_opponent_panel,COMBINED,P04,148,first,win,S12,7350
seven_opponent_panel,COMBINED,P04,149,second,loss,S12,7351
seven_opponent_panel,COMBINED,P04,150,first,loss,S12,7353
seven_opponent_panel,COMBINED,P04,151,second,loss,S12,7352
seven_opponent_panel,COMBINED,P04,152,first,loss,S12,7354
seven_opponent_panel,COMBINED,P04,153,second,win,S12,7355
seven_opponent_panel,COMBINED,P04,154,first,loss,S12,7356
seven_opponent_panel,COMBINED,P04,155,second,loss,S12,7357
seven_opponent_panel,COMBINED,P04,156,first,win,S12,7358
seven_opponent_panel,COMBINED,P04,157,second,loss,S12,7359
seven_opponent_panel,COMBINED,P04,158,first,win,S12,7360
seven_opponent_panel,COMBINED,P04,159,second,loss,S12,7361
seven_opponent_panel,COMBINED,P04,160,first,loss,S12,7362
seven_opponent_panel,COMBINED,P04,161,second,loss,S12,7363
seven_opponent_panel,COMBINED,P04,162,first,win,S12,7364
seven_opponent_panel,COMBINED,P04,163,second,loss,S12,7365
seven_opponent_panel,COMBINED,P04,164,first,loss,S12,7366
seven_opponent_panel,COMBINED,P04,165,second,win,S12,7367
seven_opponent_panel,COMBINED,P04,166,first,loss,S12,7368
seven_opponent_panel,COMBINED,P04,167,second,loss,S12,7369
seven_opponent_panel,COMBINED,P04,168,first,loss,S12,7370
seven_opponent_panel,COMBINED,P04,169,second,loss,S12,7371
seven_opponent_panel,COMBINED,P04,170,first,loss,S12,7372
seven_opponent_panel,COMBINED,P04,171,second,win,S12,7373
seven_opponent_panel,COMBINED,P04,172,first,win,S12,7374
seven_opponent_panel,COMBINED,P04,173,second,win,S12,7375
seven_opponent_panel,COMBINED,P04,174,first,win,S12,7376
seven_opponent_panel,COMBINED,P04,175,second,loss,S12,7377
seven_opponent_panel,COMBINED,P04,176,first,loss,S12,7378
seven_opponent_panel,COMBINED,P04,177,second,loss,S12,7379
seven_opponent_panel,COMBINED,P04,178,first,loss,S12,7380
seven_opponent_panel,COMBINED,P04,179,second,win,S12,7381
seven_opponent_panel,COMBINED,P04,180,first,loss,S12,7382
seven_opponent_panel,COMBINED,P04,181,second,loss,S12,7383
seven_opponent_panel,COMBINED,P04,182,first,win,S12,7384
seven_opponent_panel,COMBINED,P04,183,second,win,S12,7385
seven_opponent_panel,COMBINED,P04,184,first,win,S12,7386
seven_opponent_panel,COMBINED,P04,185,second,loss,S12,7387
seven_opponent_panel,COMBINED,P04,186,first,loss,S12,7388
seven_opponent_panel,COMBINED,P04,187,second,loss,S12,7389
seven_opponent_panel,COMBINED,P04,188,first,loss,S12,7390
seven_opponent_panel,COMBINED,P04,189,second,loss,S12,7391
seven_opponent_panel,COMBINED,P04,190,first,win,S12,7392
seven_opponent_panel,COMBINED,P04,191,second,loss,S12,7393
seven_opponent_panel,COMBINED,P04,192,first,loss,S12,7394
seven_opponent_panel,COMBINED,P04,193,second,win,S12,7395
seven_opponent_panel,COMBINED,P04,194,first,loss,S12,7396
seven_opponent_panel,COMBINED,P04,195,second,win,S12,7397
seven_opponent_panel,COMBINED,P04,196,first,loss,S12,7398
seven_opponent_panel,COMBINED,P04,197,second,win,S12,7399
seven_opponent_panel,COMBINED,P04,198,first,loss,S12,7400
seven_opponent_panel,COMBINED,P04,199,second,loss,S12,7401
seven_opponent_panel,COMBINED,P04,200,first,win,S12,7402
seven_opponent_panel,COMBINED,P04,201,second,win,S12,7403
seven_opponent_panel,COMBINED,P04,202,first,loss,S12,7404
seven_opponent_panel,COMBINED,P04,203,second,loss,S12,7405
seven_opponent_panel,COMBINED,P04,204,first,win,S12,7406
seven_opponent_panel,COMBINED,P04,205,second,loss,S12,7407
seven_opponent_panel,COMBINED,P04,206,first,win,S12,7408
seven_opponent_panel,COMBINED,P04,207,second,loss,S12,7409
seven_opponent_panel,COMBINED,P04,208,first,win,S12,7410
seven_opponent_panel,COMBINED,P04,209,second,loss,S12,7412
seven_opponent_panel,COMBINED,P04,210,first,win,S12,7411
seven_opponent_panel,COMBINED,P04,211,second,win,S12,7413
seven_opponent_panel,COMBINED,P04,212,first,win,S12,7414
seven_opponent_panel,COMBINED,P04,213,second,loss,S12,7415
seven_opponent_panel,COMBINED,P04,214,first,loss,S12,7416
seven_opponent_panel,COMBINED,P04,215,second,win,S12,7417
seven_opponent_panel,COMBINED,P04,216,first,loss,S12,7418
seven_opponent_panel,COMBINED,P04,217,second,loss,S12,7419
seven_opponent_panel,COMBINED,P04,218,first,win,S12,7420
seven_opponent_panel,COMBINED,P04,219,second,loss,S12,7421
seven_opponent_panel,COMBINED,P04,220,first,loss,S12,7422
seven_opponent_panel,COMBINED,P04,221,second,loss,S12,7423
seven_opponent_panel,COMBINED,P04,222,first,loss,S12,7424
seven_opponent_panel,COMBINED,P04,223,second,win,S12,7425
seven_opponent_panel,COMBINED,P04,224,first,loss,S12,7426
seven_opponent_panel,COMBINED,P04,225,second,win,S12,7427
seven_opponent_panel,COMBINED,P04,226,first,loss,S12,7428
seven_opponent_panel,COMBINED,P04,227,second,loss,S12,7429
seven_opponent_panel,COMBINED,P04,228,first,loss,S12,7430
seven_opponent_panel,COMBINED,P04,229,second,loss,S12,7431
seven_opponent_panel,COMBINED,P04,230,first,loss,S12,7432
seven_opponent_panel,COMBINED,P04,231,second,loss,S12,7433
seven_opponent_panel,COMBINED,P04,232,first,win,S12,7434
seven_opponent_panel,COMBINED,P04,233,second,loss,S12,7435
seven_opponent_panel,COMBINED,P04,234,first,loss,S12,7436
seven_opponent_panel,COMBINED,P04,235,second,loss,S12,7437
seven_opponent_panel,COMBINED,P04,236,first,loss,S12,7438
seven_opponent_panel,COMBINED,P04,237,second,win,S12,7440
seven_opponent_panel,COMBINED,P04,238,first,win,S12,7439
seven_opponent_panel,COMBINED,P04,239,second,loss,S12,7441
seven_opponent_panel,COMBINED,P04,240,first,loss,S12,7442
seven_opponent_panel,COMBINED,P04,241,second,loss,S12,7443
seven_opponent_panel,COMBINED,P04,242,first,loss,S12,7444
seven_opponent_panel,COMBINED,P04,243,second,loss,S12,7445
seven_opponent_panel,COMBINED,P04,244,first,loss,S12,7446
seven_opponent_panel,COMBINED,P04,245,second,loss,S12,7447
seven_opponent_panel,COMBINED,P04,246,first,loss,S12,7448
seven_opponent_panel,COMBINED,P04,247,second,loss,S12,7449
seven_opponent_panel,COMBINED,P04,248,first,loss,S12,7450
seven_opponent_panel,COMBINED,P04,249,second,loss,S12,7451
seven_opponent_panel,COMBINED,P04,250,first,win,S12,7452
seven_opponent_panel,COMBINED,P04,251,second,loss,S12,7453
seven_opponent_panel,COMBINED,P04,252,first,loss,S12,7454
seven_opponent_panel,COMBINED,P04,253,second,win,S12,7455
seven_opponent_panel,COMBINED,P04,254,first,loss,S12,7456
seven_opponent_panel,COMBINED,P04,255,second,loss,S12,7458
seven_opponent_panel,COMBINED,P04,256,first,loss,S12,7457
seven_opponent_panel,COMBINED,P04,257,second,loss,S12,7459
seven_opponent_panel,COMBINED,P04,258,first,loss,S12,7461
seven_opponent_panel,COMBINED,P04,259,second,loss,S12,7460
seven_opponent_panel,COMBINED,P04,260,first,win,S12,7462
seven_opponent_panel,COMBINED,P04,261,second,win,S12,7463
seven_opponent_panel,COMBINED,P04,262,first,loss,S12,7464
seven_opponent_panel,COMBINED,P04,263,second,loss,S12,7465
seven_opponent_panel,COMBINED,P04,264,first,loss,S12,7466
seven_opponent_panel,COMBINED,P04,265,second,win,S12,7467
seven_opponent_panel,COMBINED,P04,266,first,win,S12,7468
seven_opponent_panel,COMBINED,P04,267,second,win,S12,7470
seven_opponent_panel,COMBINED,P04,268,first,loss,S12,7469
seven_opponent_panel,COMBINED,P04,269,second,loss,S12,7471
seven_opponent_panel,COMBINED,P04,270,first,win,S12,7473
seven_opponent_panel,COMBINED,P04,271,second,loss,S12,7472
seven_opponent_panel,COMBINED,P04,272,first,loss,S12,7474
seven_opponent_panel,COMBINED,P04,273,second,loss,S12,7475
seven_opponent_panel,COMBINED,P04,274,first,loss,S12,7476
seven_opponent_panel,COMBINED,P04,275,second,loss,S12,7477
seven_opponent_panel,COMBINED,P04,276,first,loss,S12,7478
seven_opponent_panel,COMBINED,P04,277,second,win,S12,7479
seven_opponent_panel,COMBINED,P04,278,first,win,S12,7480
seven_opponent_panel,COMBINED,P04,279,second,loss,S12,7481
seven_opponent_panel,COMBINED,P04,280,first,win,S12,7482
seven_opponent_panel,COMBINED,P04,281,second,win,S12,7483
seven_opponent_panel,COMBINED,P04,282,first,loss,S12,7484
seven_opponent_panel,COMBINED,P04,283,second,win,S12,7485
seven_opponent_panel,COMBINED,P04,284,first,loss,S12,7486
seven_opponent_panel,COMBINED,P04,285,second,loss,S12,7487
seven_opponent_panel,COMBINED,P04,286,first,loss,S12,7488
seven_opponent_panel,COMBINED,P04,287,second,loss,S12,7489
seven_opponent_panel,COMBINED,P04,288,first,win,S12,7491
seven_opponent_panel,COMBINED,P04,289,second,win,S12,7490
seven_opponent_panel,COMBINED,P04,290,first,loss,S12,7492
seven_opponent_panel,COMBINED,P04,291,second,loss,S12,7494
seven_opponent_panel,COMBINED,P04,292,first,loss,S12,7493
seven_opponent_panel,COMBINED,P04,293,second,win,S12,7495
seven_opponent_panel,COMBINED,P04,294,first,win,S12,7496
seven_opponent_panel,COMBINED,P04,295,second,win,S12,7497
seven_opponent_panel,COMBINED,P04,296,first,loss,S12,7498
seven_opponent_panel,COMBINED,P04,297,second,loss,S12,7499
seven_opponent_panel,COMBINED,P04,298,first,loss,S12,7500
seven_opponent_panel,COMBINED,P04,299,second,loss,S12,7501
seven_opponent_panel,COMBINED,P04,300,first,loss,S12,7502
seven_opponent_panel,COMBINED,P04,301,second,loss,S12,7503
seven_opponent_panel,COMBINED,P04,302,first,win,S12,7504
seven_opponent_panel,COMBINED,P04,303,second,loss,S12,7505
seven_opponent_panel,COMBINED,P04,304,first,loss,S12,7506
seven_opponent_panel,COMBINED,P04,305,second,loss,S12,7507
seven_opponent_panel,COMBINED,P04,306,first,loss,S12,7508
seven_opponent_panel,COMBINED,P04,307,second,win,S12,7509
seven_opponent_panel,COMBINED,P04,308,first,loss,S12,7510
seven_opponent_panel,COMBINED,P04,309,second,loss,S12,7511
seven_opponent_panel,COMBINED,P04,310,first,loss,S12,7512
seven_opponent_panel,COMBINED,P04,311,second,loss,S12,7513
seven_opponent_panel,COMBINED,P04,312,first,loss,S12,7514
seven_opponent_panel,COMBINED,P04,313,second,loss,S12,7515
seven_opponent_panel,COMBINED,P04,314,first,loss,S12,7516
seven_opponent_panel,COMBINED,P04,315,second,win,S12,7517
seven_opponent_panel,COMBINED,P04,316,first,loss,S12,7518
seven_opponent_panel,COMBINED,P04,317,second,loss,S12,7519
seven_opponent_panel,COMBINED,P04,318,first,loss,S12,7520
seven_opponent_panel,COMBINED,P04,319,second,loss,S12,7521
seven_opponent_panel,COMBINED,P04,320,first,loss,S12,7522
seven_opponent_panel,COMBINED,P04,321,second,loss,S12,7523
seven_opponent_panel,COMBINED,P04,322,first,loss,S12,7524
seven_opponent_panel,COMBINED,P04,323,second,win,S12,7525
seven_opponent_panel,COMBINED,P04,324,first,loss,S12,7527
seven_opponent_panel,COMBINED,P04,325,second,loss,S12,7526
seven_opponent_panel,COMBINED,P04,326,first,win,S12,7528
seven_opponent_panel,COMBINED,P04,327,second,loss,S12,7529
seven_opponent_panel,COMBINED,P04,328,first,win,S12,7530
seven_opponent_panel,COMBINED,P04,329,second,win,S12,7531
seven_opponent_panel,COMBINED,P04,330,first,win,S12,7534
seven_opponent_panel,COMBINED,P04,331,second,loss,S12,7533
seven_opponent_panel,COMBINED,P04,332,first,loss,S12,7532
seven_opponent_panel,COMBINED,P04,333,second,loss,S12,7536
seven_opponent_panel,COMBINED,P04,334,first,win,S12,7535
seven_opponent_panel,COMBINED,P04,335,second,loss,S12,7537
seven_opponent_panel,COMBINED,P04,336,first,loss,S12,7539
seven_opponent_panel,COMBINED,P04,337,second,loss,S12,7538
seven_opponent_panel,COMBINED,P04,338,first,loss,S12,7540
seven_opponent_panel,COMBINED,P04,339,second,win,S12,7541
seven_opponent_panel,COMBINED,P04,340,first,win,S12,7542
seven_opponent_panel,COMBINED,P04,341,second,loss,S12,7543
seven_opponent_panel,COMBINED,P04,342,first,win,S12,7545
seven_opponent_panel,COMBINED,P04,343,second,loss,S12,7544
seven_opponent_panel,COMBINED,P04,344,first,loss,S12,7546
seven_opponent_panel,COMBINED,P04,345,second,loss,S12,7548
seven_opponent_panel,COMBINED,P04,346,first,win,S12,7547
seven_opponent_panel,COMBINED,P04,347,second,loss,S12,7549
seven_opponent_panel,COMBINED,P04,348,first,win,S12,7550
seven_opponent_panel,COMBINED,P04,349,second,loss,S12,7551
seven_opponent_panel,COMBINED,P04,350,first,loss,S12,7552
seven_opponent_panel,COMBINED,P04,351,second,win,S12,7554
seven_opponent_panel,COMBINED,P04,352,first,win,S12,7553
seven_opponent_panel,COMBINED,P04,353,second,loss,S12,7555
seven_opponent_panel,COMBINED,P04,354,first,loss,S12,7557
seven_opponent_panel,COMBINED,P04,355,second,loss,S12,7556
seven_opponent_panel,COMBINED,P04,356,first,win,S12,7558
seven_opponent_panel,COMBINED,P04,357,second,loss,S12,7560
seven_opponent_panel,COMBINED,P04,358,first,loss,S12,7559
seven_opponent_panel,COMBINED,P04,359,second,loss,S12,7561
seven_opponent_panel,COMBINED,P04,360,first,win,S12,7563
seven_opponent_panel,COMBINED,P04,361,second,win,S12,7562
seven_opponent_panel,COMBINED,P04,362,first,win,S12,7564
seven_opponent_panel,COMBINED,P04,363,second,loss,S12,7566
seven_opponent_panel,COMBINED,P04,364,first,win,S12,7565
seven_opponent_panel,COMBINED,P04,365,second,win,S12,7567
seven_opponent_panel,COMBINED,P04,366,first,loss,S12,7568
seven_opponent_panel,COMBINED,P04,367,second,loss,S12,7569
seven_opponent_panel,COMBINED,P04,368,first,win,S12,7570
seven_opponent_panel,COMBINED,P04,369,second,loss,S12,7571
seven_opponent_panel,COMBINED,P04,370,first,win,S12,7572
seven_opponent_panel,COMBINED,P04,371,second,loss,S12,7573
seven_opponent_panel,COMBINED,P04,372,first,loss,S12,7574
seven_opponent_panel,COMBINED,P04,373,second,win,S12,7575
seven_opponent_panel,COMBINED,P04,374,first,win,S12,7576
seven_opponent_panel,COMBINED,P04,375,second,loss,S12,7577
seven_opponent_panel,COMBINED,P04,376,first,win,S12,7578
seven_opponent_panel,COMBINED,P04,377,second,loss,S12,7579
seven_opponent_panel,COMBINED,P04,378,first,win,S12,7580
seven_opponent_panel,COMBINED,P04,379,second,win,S12,7581
seven_opponent_panel,COMBINED,P04,380,first,loss,S12,7582
seven_opponent_panel,COMBINED,P04,381,second,loss,S12,7583
seven_opponent_panel,COMBINED,P04,382,first,loss,S12,7585
seven_opponent_panel,COMBINED,P04,383,second,win,S12,7584
seven_opponent_panel,COMBINED,P04,384,first,loss,S12,7586
seven_opponent_panel,COMBINED,P04,385,second,loss,S12,7587
seven_opponent_panel,COMBINED,P04,386,first,win,S12,7588
seven_opponent_panel,COMBINED,P04,387,second,win,S12,7589
seven_opponent_panel,COMBINED,P04,388,first,win,S12,7590
seven_opponent_panel,COMBINED,P04,389,second,loss,S12,7591
seven_opponent_panel,COMBINED,P04,390,first,loss,S12,7592
seven_opponent_panel,COMBINED,P04,391,second,loss,S12,7594
seven_opponent_panel,COMBINED,P04,392,first,win,S12,7593
seven_opponent_panel,COMBINED,P04,393,second,win,S12,7595
seven_opponent_panel,COMBINED,P04,394,first,loss,S12,7597
seven_opponent_panel,COMBINED,P04,395,second,loss,S12,7596
seven_opponent_panel,COMBINED,P04,396,first,loss,S12,7598
seven_opponent_panel,COMBINED,P04,397,second,loss,S12,7599
seven_opponent_panel,COMBINED,P04,398,first,loss,S12,7600
seven_opponent_panel,COMBINED,P04,399,second,win,S12,7601
seven_opponent_panel,COMBINED,P04,400,first,loss,S12,7602
seven_opponent_panel,COMBINED,P04,401,second,loss,S12,7603
seven_opponent_panel,COMBINED,P04,402,first,loss,S12,7604
seven_opponent_panel,COMBINED,P04,403,second,loss,S12,7605
seven_opponent_panel,COMBINED,P04,404,first,loss,S12,7606
seven_opponent_panel,COMBINED,P04,405,second,loss,S12,7607
seven_opponent_panel,COMBINED,P04,406,first,loss,S12,7608
seven_opponent_panel,COMBINED,P04,407,second,loss,S12,7609
seven_opponent_panel,COMBINED,P04,408,first,loss,S12,7610
seven_opponent_panel,COMBINED,P04,409,second,loss,S12,7611
seven_opponent_panel,COMBINED,P04,410,first,loss,S12,7612
seven_opponent_panel,COMBINED,P04,411,second,loss,S12,7613
seven_opponent_panel,COMBINED,P04,412,first,loss,S12,7614
seven_opponent_panel,COMBINED,P04,413,second,loss,S12,7615
seven_opponent_panel,COMBINED,P04,414,first,win,S12,7616
seven_opponent_panel,COMBINED,P04,415,second,loss,S12,7617
seven_opponent_panel,COMBINED,P04,416,first,loss,S12,7618
seven_opponent_panel,COMBINED,P04,417,second,loss,S12,7619
seven_opponent_panel,COMBINED,P04,418,first,loss,S12,7620
seven_opponent_panel,COMBINED,P04,419,second,loss,S12,7621
seven_opponent_panel,COMBINED,P04,420,first,win,S12,7622
seven_opponent_panel,COMBINED,P04,421,second,loss,S12,7624
seven_opponent_panel,COMBINED,P04,422,first,win,S12,7623
seven_opponent_panel,COMBINED,P04,423,second,win,S12,7625
seven_opponent_panel,COMBINED,P04,424,first,loss,S12,7626
seven_opponent_panel,COMBINED,P04,425,second,loss,S12,7627
seven_opponent_panel,COMBINED,P04,426,first,loss,S12,7628
seven_opponent_panel,COMBINED,P04,427,second,win,S12,7629
seven_opponent_panel,COMBINED,P04,428,first,win,S12,7630
seven_opponent_panel,COMBINED,P04,429,second,loss,S12,7631
seven_opponent_panel,COMBINED,P04,430,first,win,S12,7632
seven_opponent_panel,COMBINED,P04,431,second,loss,S12,7633
seven_opponent_panel,COMBINED,P04,432,first,loss,S12,7634
seven_opponent_panel,COMBINED,P04,433,second,loss,S12,7635
seven_opponent_panel,COMBINED,P04,434,first,loss,S12,7636
seven_opponent_panel,COMBINED,P04,435,second,loss,S12,7637
seven_opponent_panel,COMBINED,P04,436,first,loss,S12,7638
seven_opponent_panel,COMBINED,P04,437,second,loss,S12,7639
seven_opponent_panel,COMBINED,P04,438,first,loss,S12,7640
seven_opponent_panel,COMBINED,P04,439,second,loss,S12,7642
seven_opponent_panel,COMBINED,P04,440,first,win,S12,7641
seven_opponent_panel,COMBINED,P04,441,second,loss,S12,7643
seven_opponent_panel,COMBINED,P04,442,first,loss,S12,7644
seven_opponent_panel,COMBINED,P04,443,second,loss,S12,7645
seven_opponent_panel,COMBINED,P04,444,first,loss,S12,7646
seven_opponent_panel,COMBINED,P04,445,second,loss,S12,7648
seven_opponent_panel,COMBINED,P04,446,first,win,S12,7647
seven_opponent_panel,COMBINED,P04,447,second,loss,S12,7649
seven_opponent_panel,COMBINED,P04,448,first,loss,S12,7650
seven_opponent_panel,COMBINED,P04,449,second,loss,S12,7651
seven_opponent_panel,COMBINED,P04,450,first,win,S12,7652
seven_opponent_panel,COMBINED,P04,451,second,loss,S12,7653
seven_opponent_panel,COMBINED,P04,452,first,win,S12,7654
seven_opponent_panel,COMBINED,P04,453,second,loss,S12,7655
seven_opponent_panel,COMBINED,P04,454,first,loss,S12,7656
seven_opponent_panel,COMBINED,P04,455,second,loss,S12,7657
seven_opponent_panel,COMBINED,P04,456,first,loss,S12,7658
seven_opponent_panel,COMBINED,P04,457,second,loss,S12,7659
seven_opponent_panel,COMBINED,P04,458,first,loss,S12,7660
seven_opponent_panel,COMBINED,P04,459,second,win,S12,7661
seven_opponent_panel,COMBINED,P04,460,first,win,S12,7662
seven_opponent_panel,COMBINED,P04,461,second,win,S12,7663
seven_opponent_panel,COMBINED,P04,462,first,loss,S12,7664
seven_opponent_panel,COMBINED,P04,463,second,loss,S12,7666
seven_opponent_panel,COMBINED,P04,464,first,loss,S12,7665
seven_opponent_panel,COMBINED,P04,465,second,loss,S12,7667
seven_opponent_panel,COMBINED,P04,466,first,loss,S12,7668
seven_opponent_panel,COMBINED,P04,467,second,loss,S12,7669
seven_opponent_panel,COMBINED,P04,468,first,loss,S12,7670
seven_opponent_panel,COMBINED,P04,469,second,win,S12,7671
seven_opponent_panel,COMBINED,P04,470,first,win,S12,7672
seven_opponent_panel,COMBINED,P04,471,second,loss,S12,7674
seven_opponent_panel,COMBINED,P04,472,first,win,S12,7673
seven_opponent_panel,COMBINED,P04,473,second,loss,S12,7675
seven_opponent_panel,COMBINED,P04,474,first,loss,S12,7676
seven_opponent_panel,COMBINED,P04,475,second,loss,S12,7677
seven_opponent_panel,COMBINED,P04,476,first,loss,S12,7678
seven_opponent_panel,COMBINED,P04,477,second,win,S12,7679
seven_opponent_panel,COMBINED,P04,478,first,win,S12,7680
seven_opponent_panel,COMBINED,P04,479,second,win,S12,7681
seven_opponent_panel,COMBINED,P04,480,first,loss,S12,7683
seven_opponent_panel,COMBINED,P04,481,second,loss,S12,7682
seven_opponent_panel,COMBINED,P04,482,first,loss,S12,7684
seven_opponent_panel,COMBINED,P04,483,second,loss,S12,7685
seven_opponent_panel,COMBINED,P04,484,first,loss,S12,7686
seven_opponent_panel,COMBINED,P04,485,second,loss,S12,7687
seven_opponent_panel,COMBINED,P04,486,first,loss,S12,7688
seven_opponent_panel,COMBINED,P04,487,second,win,S12,7689
seven_opponent_panel,COMBINED,P04,488,first,loss,S12,7690
seven_opponent_panel,COMBINED,P04,489,second,win,S12,7691
seven_opponent_panel,COMBINED,P04,490,first,loss,S12,7692
seven_opponent_panel,COMBINED,P04,491,second,win,S12,7693
seven_opponent_panel,COMBINED,P04,492,first,loss,S12,7694
seven_opponent_panel,COMBINED,P04,493,second,loss,S12,7695
seven_opponent_panel,COMBINED,P04,494,first,loss,S12,7696
seven_opponent_panel,COMBINED,P04,495,second,loss,S12,7697
seven_opponent_panel,COMBINED,P04,496,first,loss,S12,7698
seven_opponent_panel,COMBINED,P04,497,second,loss,S12,7699
seven_opponent_panel,COMBINED,P04,498,first,loss,S12,7700
seven_opponent_panel,COMBINED,P04,499,second,loss,S12,7701
seven_opponent_panel,COMBINED,P04,500,first,win,S12,7702
seven_opponent_panel,COMBINED,P04,501,second,loss,S12,7703
seven_opponent_panel,COMBINED,P04,502,first,win,S12,7704
seven_opponent_panel,COMBINED,P04,503,second,loss,S12,7705
seven_opponent_panel,COMBINED,P04,504,first,win,S12,7707
seven_opponent_panel,COMBINED,P04,505,second,win,S12,7706
seven_opponent_panel,COMBINED,P04,506,first,win,S12,7708
seven_opponent_panel,COMBINED,P04,507,second,loss,S12,7709
seven_opponent_panel,COMBINED,P04,508,first,win,S12,7710
seven_opponent_panel,COMBINED,P04,509,second,loss,S12,7711
seven_opponent_panel,COMBINED,P04,510,first,loss,S12,7712
seven_opponent_panel,COMBINED,P04,511,second,loss,S12,7713
seven_opponent_panel,COMBINED,P04,512,first,win,S12,7714
seven_opponent_panel,COMBINED,P04,513,second,win,S12,7716
seven_opponent_panel,COMBINED,P04,514,first,loss,S12,7715
seven_opponent_panel,COMBINED,P04,515,second,loss,S12,7717
seven_opponent_panel,COMBINED,P04,516,first,loss,S12,7719
seven_opponent_panel,COMBINED,P04,517,second,loss,S12,7718
seven_opponent_panel,COMBINED,P04,518,first,loss,S12,7720
seven_opponent_panel,COMBINED,P04,519,second,loss,S12,7721
seven_opponent_panel,COMBINED,P04,520,first,loss,S12,7722
seven_opponent_panel,COMBINED,P04,521,second,win,S12,7723
seven_opponent_panel,COMBINED,P04,522,first,loss,S12,7724
seven_opponent_panel,COMBINED,P04,523,second,win,S12,7725
seven_opponent_panel,COMBINED,P04,524,first,loss,S12,7726
seven_opponent_panel,COMBINED,P04,525,second,loss,S12,7727
seven_opponent_panel,COMBINED,P04,526,first,win,S12,7728
seven_opponent_panel,COMBINED,P04,527,second,loss,S12,7729
seven_opponent_panel,COMBINED,P04,528,first,win,S12,7730
seven_opponent_panel,COMBINED,P04,529,second,loss,S12,7731
seven_opponent_panel,COMBINED,P04,530,first,win,S12,7732
seven_opponent_panel,COMBINED,P04,531,second,loss,S12,7733
seven_opponent_panel,COMBINED,P04,532,first,win,S12,7734
seven_opponent_panel,COMBINED,P04,533,second,loss,S12,7735
seven_opponent_panel,COMBINED,P04,534,first,loss,S12,7736
seven_opponent_panel,COMBINED,P04,535,second,win,S12,7737
seven_opponent_panel,COMBINED,P04,536,first,win,S12,7738
seven_opponent_panel,COMBINED,P04,537,second,loss,S12,7739
seven_opponent_panel,COMBINED,P04,538,first,win,S12,7740
seven_opponent_panel,COMBINED,P04,539,second,loss,S12,7741
seven_opponent_panel,COMBINED,P04,540,first,win,S12,7742
seven_opponent_panel,COMBINED,P04,541,second,loss,S12,7743
seven_opponent_panel,COMBINED,P04,542,first,loss,S12,7744
seven_opponent_panel,COMBINED,P04,543,second,loss,S12,7745
seven_opponent_panel,COMBINED,P04,544,first,loss,S12,7746
seven_opponent_panel,COMBINED,P04,545,second,win,S12,7747
seven_opponent_panel,COMBINED,P04,546,first,loss,S12,7748
seven_opponent_panel,COMBINED,P04,547,second,loss,S12,7749
seven_opponent_panel,COMBINED,P04,548,first,loss,S12,7750
seven_opponent_panel,COMBINED,P04,549,second,loss,S12,7751
seven_opponent_panel,COMBINED,P04,550,first,loss,S12,7752
seven_opponent_panel,COMBINED,P04,551,second,loss,S12,7753
seven_opponent_panel,COMBINED,P04,552,first,win,S12,7754
seven_opponent_panel,COMBINED,P04,553,second,loss,S12,7756
seven_opponent_panel,COMBINED,P04,554,first,loss,S12,7755
seven_opponent_panel,COMBINED,P04,555,second,loss,S12,7757
seven_opponent_panel,COMBINED,P04,556,first,loss,S12,7758
seven_opponent_panel,COMBINED,P04,557,second,win,S12,7759
seven_opponent_panel,COMBINED,P04,558,first,loss,S12,7760
seven_opponent_panel,COMBINED,P04,559,second,loss,S12,7761
seven_opponent_panel,COMBINED,P04,560,first,loss,S12,7762
seven_opponent_panel,COMBINED,P04,561,second,win,S12,7763
seven_opponent_panel,COMBINED,P04,562,first,win,S12,7764
seven_opponent_panel,COMBINED,P04,563,second,loss,S12,7765
seven_opponent_panel,COMBINED,P04,564,first,win,S12,7766
seven_opponent_panel,COMBINED,P04,565,second,loss,S12,7767
seven_opponent_panel,COMBINED,P04,566,first,win,S12,7768
seven_opponent_panel,COMBINED,P04,567,second,loss,S12,7769
seven_opponent_panel,COMBINED,P04,568,first,loss,S12,7770
seven_opponent_panel,COMBINED,P04,569,second,loss,S12,7771
seven_opponent_panel,COMBINED,P04,570,first,loss,S12,7772
seven_opponent_panel,COMBINED,P04,571,second,loss,S12,7774
seven_opponent_panel,COMBINED,P04,572,first,loss,S12,7773
seven_opponent_panel,COMBINED,P04,573,second,loss,S12,7775
seven_opponent_panel,COMBINED,P04,574,first,win,S12,7776
seven_opponent_panel,COMBINED,P04,575,second,loss,S12,7777
seven_opponent_panel,COMBINED,P04,576,first,loss,S12,7778
seven_opponent_panel,COMBINED,P04,577,second,win,S12,7779
seven_opponent_panel,COMBINED,P04,578,first,loss,S12,7780
seven_opponent_panel,COMBINED,P04,579,second,win,S12,7781
seven_opponent_panel,COMBINED,P04,580,first,loss,S12,7783
seven_opponent_panel,COMBINED,P04,581,second,win,S12,7782
seven_opponent_panel,COMBINED,P04,582,first,loss,S12,7784
seven_opponent_panel,COMBINED,P04,583,second,loss,S12,7785
seven_opponent_panel,COMBINED,P04,584,first,loss,S12,7786
seven_opponent_panel,COMBINED,P04,585,second,loss,S12,7788
seven_opponent_panel,COMBINED,P04,586,first,loss,S12,7787
seven_opponent_panel,COMBINED,P04,587,second,loss,S12,7789
seven_opponent_panel,COMBINED,P04,588,first,win,S12,7790
seven_opponent_panel,COMBINED,P04,589,second,loss,S12,7791
seven_opponent_panel,COMBINED,P04,590,first,loss,S12,7792
seven_opponent_panel,COMBINED,P04,591,second,loss,S12,7794
seven_opponent_panel,COMBINED,P04,592,first,loss,S12,7795
seven_opponent_panel,COMBINED,P04,593,second,win,S12,7793
seven_opponent_panel,COMBINED,P04,594,first,win,S12,7796
seven_opponent_panel,COMBINED,P04,595,second,loss,S12,7798
seven_opponent_panel,COMBINED,P04,596,first,loss,S12,7797
seven_opponent_panel,COMBINED,P04,597,second,win,S12,7799
seven_opponent_panel,COMBINED,P04,598,first,loss,S12,7800
seven_opponent_panel,COMBINED,P04,599,second,loss,S12,7801
seven_opponent_panel,COMBINED,P05,0,first,win,S12,7802
seven_opponent_panel,COMBINED,P05,1,second,loss,S12,7804
seven_opponent_panel,COMBINED,P05,2,first,win,S12,7803
seven_opponent_panel,COMBINED,P05,3,second,win,S12,7806
seven_opponent_panel,COMBINED,P05,4,first,win,S12,7805
seven_opponent_panel,COMBINED,P05,5,second,win,S12,7807
seven_opponent_panel,COMBINED,P05,6,first,win,S12,7810
seven_opponent_panel,COMBINED,P05,7,second,win,S12,7809
seven_opponent_panel,COMBINED,P05,8,first,win,S12,7808
seven_opponent_panel,COMBINED,P05,9,second,win,S12,7812
seven_opponent_panel,COMBINED,P05,10,first,win,S12,7811
seven_opponent_panel,COMBINED,P05,11,second,win,S12,7813
seven_opponent_panel,COMBINED,P05,12,first,win,S12,7814
seven_opponent_panel,COMBINED,P05,13,second,win,S12,7816
seven_opponent_panel,COMBINED,P05,14,first,win,S12,7815
seven_opponent_panel,COMBINED,P05,15,second,win,S12,7817
seven_opponent_panel,COMBINED,P05,16,first,win,S12,7818
seven_opponent_panel,COMBINED,P05,17,second,win,S12,7819
seven_opponent_panel,COMBINED,P05,18,first,win,S12,7820
seven_opponent_panel,COMBINED,P05,19,second,win,S12,7822
seven_opponent_panel,COMBINED,P05,20,first,win,S12,7821
seven_opponent_panel,COMBINED,P05,21,second,loss,S12,7823
seven_opponent_panel,COMBINED,P05,22,first,loss,S12,7825
seven_opponent_panel,COMBINED,P05,23,second,win,S12,7824
seven_opponent_panel,COMBINED,P05,24,first,win,S12,7826
seven_opponent_panel,COMBINED,P05,25,second,win,S12,7827
seven_opponent_panel,COMBINED,P05,26,first,win,S12,7828
seven_opponent_panel,COMBINED,P05,27,second,win,S12,7829
seven_opponent_panel,COMBINED,P05,28,first,win,S12,7830
seven_opponent_panel,COMBINED,P05,29,second,win,S12,7831
seven_opponent_panel,COMBINED,P05,30,first,win,S12,7832
seven_opponent_panel,COMBINED,P05,31,second,win,S12,7833
seven_opponent_panel,COMBINED,P05,32,first,win,S12,7834
seven_opponent_panel,COMBINED,P05,33,second,win,S12,7836
seven_opponent_panel,COMBINED,P05,34,first,win,S12,7835
seven_opponent_panel,COMBINED,P05,35,second,loss,S12,7837
seven_opponent_panel,COMBINED,P05,36,first,win,S12,7838
seven_opponent_panel,COMBINED,P05,37,second,win,S12,7839
seven_opponent_panel,COMBINED,P05,38,first,win,S12,7840
seven_opponent_panel,COMBINED,P05,39,second,win,S12,7842
seven_opponent_panel,COMBINED,P05,40,first,win,S12,7841
seven_opponent_panel,COMBINED,P05,41,second,win,S12,7843
seven_opponent_panel,COMBINED,P05,42,first,win,S12,7845
seven_opponent_panel,COMBINED,P05,43,second,win,S12,7844
seven_opponent_panel,COMBINED,P05,44,first,win,S12,7846
seven_opponent_panel,COMBINED,P05,45,second,win,S12,7847
seven_opponent_panel,COMBINED,P05,46,first,win,S12,7848
seven_opponent_panel,COMBINED,P05,47,second,loss,S12,7849
seven_opponent_panel,COMBINED,P05,48,first,win,S12,7850
seven_opponent_panel,COMBINED,P05,49,second,win,S12,7851
seven_opponent_panel,COMBINED,P05,50,first,win,S12,7852
seven_opponent_panel,COMBINED,P05,51,second,win,S12,7853
seven_opponent_panel,COMBINED,P05,52,first,win,S12,7854
seven_opponent_panel,COMBINED,P05,53,second,win,S12,7855
seven_opponent_panel,COMBINED,P05,54,first,win,S12,7856
seven_opponent_panel,COMBINED,P05,55,second,win,S12,7857
seven_opponent_panel,COMBINED,P05,56,first,win,S12,7858
seven_opponent_panel,COMBINED,P05,57,second,win,S12,7859
seven_opponent_panel,COMBINED,P05,58,first,win,S12,7860
seven_opponent_panel,COMBINED,P05,59,second,loss,S12,7861
seven_opponent_panel,COMBINED,P05,60,first,win,S12,7862
seven_opponent_panel,COMBINED,P05,61,second,win,S12,7863
seven_opponent_panel,COMBINED,P05,62,first,loss,S12,7864
seven_opponent_panel,COMBINED,P05,63,second,win,S12,7865
seven_opponent_panel,COMBINED,P05,64,first,win,S12,7866
seven_opponent_panel,COMBINED,P05,65,second,win,S12,7867
seven_opponent_panel,COMBINED,P05,66,first,win,S12,7868
seven_opponent_panel,COMBINED,P05,67,second,win,S12,7869
seven_opponent_panel,COMBINED,P05,68,first,win,S12,7870
seven_opponent_panel,COMBINED,P05,69,second,win,S12,7871
seven_opponent_panel,COMBINED,P05,70,first,win,S12,7872
seven_opponent_panel,COMBINED,P05,71,second,win,S12,7873
seven_opponent_panel,COMBINED,P05,72,first,win,S12,7874
seven_opponent_panel,COMBINED,P05,73,second,win,S12,7875
seven_opponent_panel,COMBINED,P05,74,first,win,S12,7876
seven_opponent_panel,COMBINED,P05,75,second,win,S12,7878
seven_opponent_panel,COMBINED,P05,76,first,win,S12,7877
seven_opponent_panel,COMBINED,P05,77,second,win,S12,7879
seven_opponent_panel,COMBINED,P05,78,first,win,S12,7881
seven_opponent_panel,COMBINED,P05,79,second,win,S12,7880
seven_opponent_panel,COMBINED,P05,80,first,win,S12,7882
seven_opponent_panel,COMBINED,P05,81,second,loss,S12,7883
seven_opponent_panel,COMBINED,P05,82,first,win,S12,7885
seven_opponent_panel,COMBINED,P05,83,second,win,S12,7884
seven_opponent_panel,COMBINED,P05,84,first,win,S12,7886
seven_opponent_panel,COMBINED,P05,85,second,loss,S12,7888
seven_opponent_panel,COMBINED,P05,86,first,win,S12,7887
seven_opponent_panel,COMBINED,P05,87,second,win,S12,7890
seven_opponent_panel,COMBINED,P05,88,first,win,S12,7889
seven_opponent_panel,COMBINED,P05,89,second,win,S12,7891
seven_opponent_panel,COMBINED,P05,90,first,loss,S12,7893
seven_opponent_panel,COMBINED,P05,91,second,win,S12,7892
seven_opponent_panel,COMBINED,P05,92,first,win,S12,7894
seven_opponent_panel,COMBINED,P05,93,second,win,S12,7895
seven_opponent_panel,COMBINED,P05,94,first,loss,S12,7896
seven_opponent_panel,COMBINED,P05,95,second,win,S12,7897
seven_opponent_panel,COMBINED,P05,96,first,win,S12,7898
seven_opponent_panel,COMBINED,P05,97,second,win,S12,7899
seven_opponent_panel,COMBINED,P05,98,first,win,S12,7900
seven_opponent_panel,COMBINED,P05,99,second,win,S12,7901
seven_opponent_panel,COMBINED,P05,100,first,win,S12,7902
seven_opponent_panel,COMBINED,P05,101,second,win,S12,7903
seven_opponent_panel,COMBINED,P05,102,first,win,S12,7904
seven_opponent_panel,COMBINED,P05,103,second,win,S12,7905
seven_opponent_panel,COMBINED,P05,104,first,loss,S12,7906
seven_opponent_panel,COMBINED,P05,105,second,win,S12,7907
seven_opponent_panel,COMBINED,P05,106,first,win,S12,7908
seven_opponent_panel,COMBINED,P05,107,second,win,S12,7909
seven_opponent_panel,COMBINED,P05,108,first,win,S12,7910
seven_opponent_panel,COMBINED,P05,109,second,win,S12,7911
seven_opponent_panel,COMBINED,P05,110,first,win,S12,7912
seven_opponent_panel,COMBINED,P05,111,second,win,S12,7913
seven_opponent_panel,COMBINED,P05,112,first,win,S12,7914
seven_opponent_panel,COMBINED,P05,113,second,win,S12,7915
seven_opponent_panel,COMBINED,P05,114,first,win,S12,7916
seven_opponent_panel,COMBINED,P05,115,second,win,S12,7917
seven_opponent_panel,COMBINED,P05,116,first,win,S12,7918
seven_opponent_panel,COMBINED,P05,117,second,win,S12,7919
seven_opponent_panel,COMBINED,P05,118,first,win,S12,7920
seven_opponent_panel,COMBINED,P05,119,second,win,S12,7921
seven_opponent_panel,COMBINED,P05,120,first,loss,S12,7922
seven_opponent_panel,COMBINED,P05,121,second,win,S12,7924
seven_opponent_panel,COMBINED,P05,122,first,win,S12,7923
seven_opponent_panel,COMBINED,P05,123,second,loss,S12,7925
seven_opponent_panel,COMBINED,P05,124,first,win,S12,7926
seven_opponent_panel,COMBINED,P05,125,second,win,S12,7927
seven_opponent_panel,COMBINED,P05,126,first,win,S12,7928
seven_opponent_panel,COMBINED,P05,127,second,win,S12,7929
seven_opponent_panel,COMBINED,P05,128,first,win,S12,7930
seven_opponent_panel,COMBINED,P05,129,second,loss,S12,7931
seven_opponent_panel,COMBINED,P05,130,first,win,S12,7932
seven_opponent_panel,COMBINED,P05,131,second,win,S12,7933
seven_opponent_panel,COMBINED,P05,132,first,win,S12,7936
seven_opponent_panel,COMBINED,P05,133,second,win,S12,7934
seven_opponent_panel,COMBINED,P05,134,first,win,S12,7935
seven_opponent_panel,COMBINED,P05,135,second,loss,S12,7939
seven_opponent_panel,COMBINED,P05,136,first,loss,S12,7938
seven_opponent_panel,COMBINED,P05,137,second,win,S12,7937
seven_opponent_panel,COMBINED,P05,138,first,win,S12,7940
seven_opponent_panel,COMBINED,P05,139,second,win,S12,7941
seven_opponent_panel,COMBINED,P05,140,first,loss,S12,7942
seven_opponent_panel,COMBINED,P05,141,second,win,S12,7943
seven_opponent_panel,COMBINED,P05,142,first,win,S12,7944
seven_opponent_panel,COMBINED,P05,143,second,win,S12,7945
seven_opponent_panel,COMBINED,P05,144,first,win,S12,7947
seven_opponent_panel,COMBINED,P05,145,second,win,S12,7946
seven_opponent_panel,COMBINED,P05,146,first,loss,S12,7948
seven_opponent_panel,COMBINED,P05,147,second,loss,S12,7949
seven_opponent_panel,COMBINED,P05,148,first,win,S12,7950
seven_opponent_panel,COMBINED,P05,149,second,win,S12,7951
seven_opponent_panel,COMBINED,P05,150,first,win,S12,7953
seven_opponent_panel,COMBINED,P05,151,second,win,S12,7952
seven_opponent_panel,COMBINED,P05,152,first,win,S12,7954
seven_opponent_panel,COMBINED,P05,153,second,win,S12,7956
seven_opponent_panel,COMBINED,P05,154,first,win,S12,7955
seven_opponent_panel,COMBINED,P05,155,second,win,S12,7957
seven_opponent_panel,COMBINED,P05,156,first,win,S12,7958
seven_opponent_panel,COMBINED,P05,157,second,win,S12,7959
seven_opponent_panel,COMBINED,P05,158,first,win,S12,7960
seven_opponent_panel,COMBINED,P05,159,second,win,S12,7961
seven_opponent_panel,COMBINED,P05,160,first,win,S12,7962
seven_opponent_panel,COMBINED,P05,161,second,win,S12,7963
seven_opponent_panel,COMBINED,P05,162,first,win,S12,7964
seven_opponent_panel,COMBINED,P05,163,second,loss,S12,7965
seven_opponent_panel,COMBINED,P05,164,first,win,S12,7966
seven_opponent_panel,COMBINED,P05,165,second,win,S12,7967
seven_opponent_panel,COMBINED,P05,166,first,loss,S12,7968
seven_opponent_panel,COMBINED,P05,167,second,win,S12,7969
seven_opponent_panel,COMBINED,P05,168,first,win,S12,7970
seven_opponent_panel,COMBINED,P05,169,second,win,S12,7971
seven_opponent_panel,COMBINED,P05,170,first,win,S12,7972
seven_opponent_panel,COMBINED,P05,171,second,win,S12,7973
seven_opponent_panel,COMBINED,P05,172,first,win,S12,7974
seven_opponent_panel,COMBINED,P05,173,second,loss,S12,7975
seven_opponent_panel,COMBINED,P05,174,first,win,S12,7976
seven_opponent_panel,COMBINED,P05,175,second,win,S12,7977
seven_opponent_panel,COMBINED,P05,176,first,win,S12,7978
seven_opponent_panel,COMBINED,P05,177,second,win,S12,7979
seven_opponent_panel,COMBINED,P05,178,first,win,S12,7980
seven_opponent_panel,COMBINED,P05,179,second,win,S12,7981
seven_opponent_panel,COMBINED,P05,180,first,win,S12,7982
seven_opponent_panel,COMBINED,P05,181,second,win,S12,7983
seven_opponent_panel,COMBINED,P05,182,first,win,S12,7984
seven_opponent_panel,COMBINED,P05,183,second,loss,S12,7985
seven_opponent_panel,COMBINED,P05,184,first,win,S12,7986
seven_opponent_panel,COMBINED,P05,185,second,win,S12,7987
seven_opponent_panel,COMBINED,P05,186,first,win,S12,7988
seven_opponent_panel,COMBINED,P05,187,second,win,S12,7989
seven_opponent_panel,COMBINED,P05,188,first,win,S12,7990
seven_opponent_panel,COMBINED,P05,189,second,win,S12,7991
seven_opponent_panel,COMBINED,P05,190,first,win,S12,7992
seven_opponent_panel,COMBINED,P05,191,second,win,S12,7993
seven_opponent_panel,COMBINED,P05,192,first,loss,S12,7995
seven_opponent_panel,COMBINED,P05,193,second,win,S12,7994
seven_opponent_panel,COMBINED,P05,194,first,win,S12,7996
seven_opponent_panel,COMBINED,P05,195,second,loss,S12,7997
seven_opponent_panel,COMBINED,P05,196,first,loss,S12,7998
seven_opponent_panel,COMBINED,P05,197,second,win,S12,7999
seven_opponent_panel,COMBINED,P05,198,first,win,S12,8000
seven_opponent_panel,COMBINED,P05,199,second,win,S12,8001
seven_opponent_panel,COMBINED,P05,200,first,win,S12,8002
seven_opponent_panel,COMBINED,P05,201,second,win,S12,8003
seven_opponent_panel,COMBINED,P05,202,first,loss,S12,8004
seven_opponent_panel,COMBINED,P05,203,second,win,S12,8005
seven_opponent_panel,COMBINED,P05,204,first,win,S12,8006
seven_opponent_panel,COMBINED,P05,205,second,win,S12,8007
seven_opponent_panel,COMBINED,P05,206,first,win,S12,8008
seven_opponent_panel,COMBINED,P05,207,second,win,S12,8009
seven_opponent_panel,COMBINED,P05,208,first,win,S12,8010
seven_opponent_panel,COMBINED,P05,209,second,win,S12,8011
seven_opponent_panel,COMBINED,P05,210,first,win,S12,8012
seven_opponent_panel,COMBINED,P05,211,second,win,S12,8013
seven_opponent_panel,COMBINED,P05,212,first,win,S12,8014
seven_opponent_panel,COMBINED,P05,213,second,win,S12,8015
seven_opponent_panel,COMBINED,P05,214,first,loss,S12,8016
seven_opponent_panel,COMBINED,P05,215,second,win,S12,8017
seven_opponent_panel,COMBINED,P05,216,first,win,S12,8018
seven_opponent_panel,COMBINED,P05,217,second,win,S12,8019
seven_opponent_panel,COMBINED,P05,218,first,win,S12,8020
seven_opponent_panel,COMBINED,P05,219,second,win,S12,8021
seven_opponent_panel,COMBINED,P05,220,first,win,S12,8022
seven_opponent_panel,COMBINED,P05,221,second,win,S12,8023
seven_opponent_panel,COMBINED,P05,222,first,win,S12,8025
seven_opponent_panel,COMBINED,P05,223,second,win,S12,8024
seven_opponent_panel,COMBINED,P05,224,first,win,S12,8026
seven_opponent_panel,COMBINED,P05,225,second,win,S12,8028
seven_opponent_panel,COMBINED,P05,226,first,win,S12,8027
seven_opponent_panel,COMBINED,P05,227,second,win,S12,8029
seven_opponent_panel,COMBINED,P05,228,first,win,S12,8030
seven_opponent_panel,COMBINED,P05,229,second,win,S12,8031
seven_opponent_panel,COMBINED,P05,230,first,win,S12,8032
seven_opponent_panel,COMBINED,P05,231,second,win,S12,8033
seven_opponent_panel,COMBINED,P05,232,first,loss,S12,8034
seven_opponent_panel,COMBINED,P05,233,second,win,S12,8035
seven_opponent_panel,COMBINED,P05,234,first,win,S12,8036
seven_opponent_panel,COMBINED,P05,235,second,win,S12,8037
seven_opponent_panel,COMBINED,P05,236,first,win,S12,8038
seven_opponent_panel,COMBINED,P05,237,second,win,S12,8039
seven_opponent_panel,COMBINED,P05,238,first,win,S12,8040
seven_opponent_panel,COMBINED,P05,239,second,win,S12,8041
seven_opponent_panel,COMBINED,P05,240,first,win,S12,8042
seven_opponent_panel,COMBINED,P05,241,second,win,S12,8043
seven_opponent_panel,COMBINED,P05,242,first,win,S12,8044
seven_opponent_panel,COMBINED,P05,243,second,win,S12,8045
seven_opponent_panel,COMBINED,P05,244,first,win,S12,8046
seven_opponent_panel,COMBINED,P05,245,second,win,S12,8047
seven_opponent_panel,COMBINED,P05,246,first,win,S12,8048
seven_opponent_panel,COMBINED,P05,247,second,loss,S12,8049
seven_opponent_panel,COMBINED,P05,248,first,win,S12,8050
seven_opponent_panel,COMBINED,P05,249,second,win,S12,8051
seven_opponent_panel,COMBINED,P05,250,first,win,S12,8052
seven_opponent_panel,COMBINED,P05,251,second,win,S12,8053
seven_opponent_panel,COMBINED,P05,252,first,loss,S12,8054
seven_opponent_panel,COMBINED,P05,253,second,win,S12,8055
seven_opponent_panel,COMBINED,P05,254,first,win,S12,8056
seven_opponent_panel,COMBINED,P05,255,second,loss,S12,8057
seven_opponent_panel,COMBINED,P05,256,first,win,S12,8058
seven_opponent_panel,COMBINED,P05,257,second,win,S12,8059
seven_opponent_panel,COMBINED,P05,258,first,win,S12,8060
seven_opponent_panel,COMBINED,P05,259,second,win,S12,8061
seven_opponent_panel,COMBINED,P05,260,first,win,S12,8062
seven_opponent_panel,COMBINED,P05,261,second,win,S12,8063
seven_opponent_panel,COMBINED,P05,262,first,loss,S12,8064
seven_opponent_panel,COMBINED,P05,263,second,win,S12,8065
seven_opponent_panel,COMBINED,P05,264,first,loss,S12,8066
seven_opponent_panel,COMBINED,P05,265,second,loss,S12,8068
seven_opponent_panel,COMBINED,P05,266,first,win,S12,8067
seven_opponent_panel,COMBINED,P05,267,second,win,S12,8069
seven_opponent_panel,COMBINED,P05,268,first,loss,S12,8070
seven_opponent_panel,COMBINED,P05,269,second,win,S12,8071
seven_opponent_panel,COMBINED,P05,270,first,win,S12,8072
seven_opponent_panel,COMBINED,P05,271,second,loss,S12,8074
seven_opponent_panel,COMBINED,P05,272,first,win,S12,8073
seven_opponent_panel,COMBINED,P05,273,second,win,S12,8075
seven_opponent_panel,COMBINED,P05,274,first,win,S12,8077
seven_opponent_panel,COMBINED,P05,275,second,win,S12,8076
seven_opponent_panel,COMBINED,P05,276,first,win,S12,8078
seven_opponent_panel,COMBINED,P05,277,second,win,S12,8079
seven_opponent_panel,COMBINED,P05,278,first,win,S12,8080
seven_opponent_panel,COMBINED,P05,279,second,win,S12,8081
seven_opponent_panel,COMBINED,P05,280,first,win,S12,8083
seven_opponent_panel,COMBINED,P05,281,second,win,S12,8082
seven_opponent_panel,COMBINED,P05,282,first,win,S12,8084
seven_opponent_panel,COMBINED,P05,283,second,win,S12,8085
seven_opponent_panel,COMBINED,P05,284,first,win,S12,8086
seven_opponent_panel,COMBINED,P05,285,second,win,S12,8087
seven_opponent_panel,COMBINED,P05,286,first,win,S12,8088
seven_opponent_panel,COMBINED,P05,287,second,win,S12,8089
seven_opponent_panel,COMBINED,P05,288,first,win,S12,8090
seven_opponent_panel,COMBINED,P05,289,second,win,S12,8092
seven_opponent_panel,COMBINED,P05,290,first,win,S12,8091
seven_opponent_panel,COMBINED,P05,291,second,win,S12,8093
seven_opponent_panel,COMBINED,P05,292,first,loss,S12,8094
seven_opponent_panel,COMBINED,P05,293,second,win,S12,8096
seven_opponent_panel,COMBINED,P05,294,first,win,S12,8095
seven_opponent_panel,COMBINED,P05,295,second,win,S12,8097
seven_opponent_panel,COMBINED,P05,296,first,win,S12,8098
seven_opponent_panel,COMBINED,P05,297,second,win,S12,8099
seven_opponent_panel,COMBINED,P05,298,first,win,S12,8100
seven_opponent_panel,COMBINED,P05,299,second,win,S12,8101
seven_opponent_panel,COMBINED,P05,300,first,win,S12,8102
seven_opponent_panel,COMBINED,P05,301,second,win,S12,8104
seven_opponent_panel,COMBINED,P05,302,first,loss,S12,8105
seven_opponent_panel,COMBINED,P05,303,second,win,S12,8103
seven_opponent_panel,COMBINED,P05,304,first,win,S12,8107
seven_opponent_panel,COMBINED,P05,305,second,win,S12,8106
seven_opponent_panel,COMBINED,P05,306,first,win,S12,8108
seven_opponent_panel,COMBINED,P05,307,second,win,S12,8109
seven_opponent_panel,COMBINED,P05,308,first,loss,S12,8110
seven_opponent_panel,COMBINED,P05,309,second,win,S12,8111
seven_opponent_panel,COMBINED,P05,310,first,win,S12,8112
seven_opponent_panel,COMBINED,P05,311,second,win,S12,8113
seven_opponent_panel,COMBINED,P05,312,first,win,S12,8114
seven_opponent_panel,COMBINED,P05,313,second,win,S12,8116
seven_opponent_panel,COMBINED,P05,314,first,win,S12,8115
seven_opponent_panel,COMBINED,P05,315,second,win,S12,8117
seven_opponent_panel,COMBINED,P05,316,first,win,S12,8118
seven_opponent_panel,COMBINED,P05,317,second,loss,S12,8119
seven_opponent_panel,COMBINED,P05,318,first,win,S12,8120
seven_opponent_panel,COMBINED,P05,319,second,win,S12,8123
seven_opponent_panel,COMBINED,P05,320,first,win,S12,8122
seven_opponent_panel,COMBINED,P05,321,second,win,S12,8121
seven_opponent_panel,COMBINED,P05,322,first,win,S12,8125
seven_opponent_panel,COMBINED,P05,323,second,win,S12,8126
seven_opponent_panel,COMBINED,P05,324,first,win,S12,8124
seven_opponent_panel,COMBINED,P05,325,second,loss,S12,8129
seven_opponent_panel,COMBINED,P05,326,first,win,S12,8127
seven_opponent_panel,COMBINED,P05,327,second,loss,S12,8128
seven_opponent_panel,COMBINED,P05,328,first,win,S12,8130
seven_opponent_panel,COMBINED,P05,329,second,win,S12,8131
seven_opponent_panel,COMBINED,P05,330,first,win,S12,8132
seven_opponent_panel,COMBINED,P05,331,second,win,S12,8133
seven_opponent_panel,COMBINED,P05,332,first,win,S12,8134
seven_opponent_panel,COMBINED,P05,333,second,win,S12,8135
seven_opponent_panel,COMBINED,P05,334,first,win,S12,8136
seven_opponent_panel,COMBINED,P05,335,second,loss,S12,8138
seven_opponent_panel,COMBINED,P05,336,first,win,S12,8137
seven_opponent_panel,COMBINED,P05,337,second,win,S12,8139
seven_opponent_panel,COMBINED,P05,338,first,win,S12,8140
seven_opponent_panel,COMBINED,P05,339,second,loss,S12,8141
seven_opponent_panel,COMBINED,P05,340,first,win,S12,8143
seven_opponent_panel,COMBINED,P05,341,second,win,S12,8144
seven_opponent_panel,COMBINED,P05,342,first,win,S12,8142
seven_opponent_panel,COMBINED,P05,343,second,win,S12,8146
seven_opponent_panel,COMBINED,P05,344,first,win,S12,8145
seven_opponent_panel,COMBINED,P05,345,second,win,S12,8147
seven_opponent_panel,COMBINED,P05,346,first,win,S12,8148
seven_opponent_panel,COMBINED,P05,347,second,win,S12,8150
seven_opponent_panel,COMBINED,P05,348,first,win,S12,8149
seven_opponent_panel,COMBINED,P05,349,second,win,S12,8151
seven_opponent_panel,COMBINED,P05,350,first,win,S12,8153
seven_opponent_panel,COMBINED,P05,351,second,win,S12,8152
seven_opponent_panel,COMBINED,P05,352,first,win,S12,8154
seven_opponent_panel,COMBINED,P05,353,second,win,S12,8155
seven_opponent_panel,COMBINED,P05,354,first,win,S12,8156
seven_opponent_panel,COMBINED,P05,355,second,win,S12,8158
seven_opponent_panel,COMBINED,P05,356,first,loss,S12,8157
seven_opponent_panel,COMBINED,P05,357,second,win,S12,8159
seven_opponent_panel,COMBINED,P05,358,first,loss,S12,8161
seven_opponent_panel,COMBINED,P05,359,second,win,S12,8160
seven_opponent_panel,COMBINED,P05,360,first,loss,S12,8162
seven_opponent_panel,COMBINED,P05,361,second,win,S12,8163
seven_opponent_panel,COMBINED,P05,362,first,win,S12,8164
seven_opponent_panel,COMBINED,P05,363,second,loss,S12,8165
seven_opponent_panel,COMBINED,P05,364,first,win,S12,8166
seven_opponent_panel,COMBINED,P05,365,second,win,S12,8168
seven_opponent_panel,COMBINED,P05,366,first,win,S12,8167
seven_opponent_panel,COMBINED,P05,367,second,win,S12,8170
seven_opponent_panel,COMBINED,P05,368,first,win,S12,8171
seven_opponent_panel,COMBINED,P05,369,second,win,S12,8169
seven_opponent_panel,COMBINED,P05,370,first,win,S12,8172
seven_opponent_panel,COMBINED,P05,371,second,win,S12,8173
seven_opponent_panel,COMBINED,P05,372,first,win,S12,8174
seven_opponent_panel,COMBINED,P05,373,second,win,S12,8175
seven_opponent_panel,COMBINED,P05,374,first,win,S12,8176
seven_opponent_panel,COMBINED,P05,375,second,loss,S12,8177
seven_opponent_panel,COMBINED,P05,376,first,win,S12,8178
seven_opponent_panel,COMBINED,P05,377,second,win,S12,8179
seven_opponent_panel,COMBINED,P05,378,first,win,S12,8180
seven_opponent_panel,COMBINED,P05,379,second,win,S12,8181
seven_opponent_panel,COMBINED,P05,380,first,win,S12,8182
seven_opponent_panel,COMBINED,P05,381,second,win,S12,8183
seven_opponent_panel,COMBINED,P05,382,first,win,S12,8184
seven_opponent_panel,COMBINED,P05,383,second,win,S12,8185
seven_opponent_panel,COMBINED,P05,384,first,loss,S12,8186
seven_opponent_panel,COMBINED,P05,385,second,win,S12,8187
seven_opponent_panel,COMBINED,P05,386,first,win,S12,8188
seven_opponent_panel,COMBINED,P05,387,second,win,S12,8189
seven_opponent_panel,COMBINED,P05,388,first,win,S12,8190
seven_opponent_panel,COMBINED,P05,389,second,loss,S12,8191
seven_opponent_panel,COMBINED,P05,390,first,win,S12,8192
seven_opponent_panel,COMBINED,P05,391,second,win,S12,8193
seven_opponent_panel,COMBINED,P05,392,first,win,S12,8195
seven_opponent_panel,COMBINED,P05,393,second,loss,S12,8194
seven_opponent_panel,COMBINED,P05,394,first,win,S12,8196
seven_opponent_panel,COMBINED,P05,395,second,win,S12,8197
seven_opponent_panel,COMBINED,P05,396,first,win,S12,8198
seven_opponent_panel,COMBINED,P05,397,second,win,S12,8199
seven_opponent_panel,COMBINED,P05,398,first,win,S12,8201
seven_opponent_panel,COMBINED,P05,399,second,win,S12,8200
seven_opponent_panel,COMBINED,P05,400,first,win,S12,8202
seven_opponent_panel,COMBINED,P05,401,second,win,S12,8203
seven_opponent_panel,COMBINED,P05,402,first,win,S12,8204
seven_opponent_panel,COMBINED,P05,403,second,loss,S12,8205
seven_opponent_panel,COMBINED,P05,404,first,win,S12,8206
seven_opponent_panel,COMBINED,P05,405,second,win,S12,8207
seven_opponent_panel,COMBINED,P05,406,first,win,S12,8208
seven_opponent_panel,COMBINED,P05,407,second,win,S12,8209
seven_opponent_panel,COMBINED,P05,408,first,win,S12,8210
seven_opponent_panel,COMBINED,P05,409,second,win,S12,8211
seven_opponent_panel,COMBINED,P05,410,first,win,S12,8212
seven_opponent_panel,COMBINED,P05,411,second,win,S12,8213
seven_opponent_panel,COMBINED,P05,412,first,win,S12,8214
seven_opponent_panel,COMBINED,P05,413,second,win,S12,8215
seven_opponent_panel,COMBINED,P05,414,first,win,S12,8216
seven_opponent_panel,COMBINED,P05,415,second,win,S12,8217
seven_opponent_panel,COMBINED,P05,416,first,win,S12,8218
seven_opponent_panel,COMBINED,P05,417,second,win,S12,8219
seven_opponent_panel,COMBINED,P05,418,first,loss,S12,8220
seven_opponent_panel,COMBINED,P05,419,second,win,S12,8221
seven_opponent_panel,COMBINED,P05,420,first,win,S12,8222
seven_opponent_panel,COMBINED,P05,421,second,win,S12,8224
seven_opponent_panel,COMBINED,P05,422,first,win,S12,8223
seven_opponent_panel,COMBINED,P05,423,second,win,S12,8225
seven_opponent_panel,COMBINED,P05,424,first,win,S12,8226
seven_opponent_panel,COMBINED,P05,425,second,win,S12,8227
seven_opponent_panel,COMBINED,P05,426,first,win,S12,8228
seven_opponent_panel,COMBINED,P05,427,second,win,S12,8230
seven_opponent_panel,COMBINED,P05,428,first,win,S12,8229
seven_opponent_panel,COMBINED,P05,429,second,win,S12,8231
seven_opponent_panel,COMBINED,P05,430,first,win,S12,8232
seven_opponent_panel,COMBINED,P05,431,second,win,S12,8233
seven_opponent_panel,COMBINED,P05,432,first,loss,S12,8234
seven_opponent_panel,COMBINED,P05,433,second,win,S12,8237
seven_opponent_panel,COMBINED,P05,434,first,loss,S12,8236
seven_opponent_panel,COMBINED,P05,435,second,win,S12,8235
seven_opponent_panel,COMBINED,P05,436,first,win,S12,8238
seven_opponent_panel,COMBINED,P05,437,second,win,S12,8240
seven_opponent_panel,COMBINED,P05,438,first,win,S12,8239
seven_opponent_panel,COMBINED,P05,439,second,loss,S12,8242
seven_opponent_panel,COMBINED,P05,440,first,win,S12,8241
seven_opponent_panel,COMBINED,P05,441,second,win,S12,8243
seven_opponent_panel,COMBINED,P05,442,first,loss,S12,8246
seven_opponent_panel,COMBINED,P05,443,second,win,S12,8245
seven_opponent_panel,COMBINED,P05,444,first,win,S12,8244
seven_opponent_panel,COMBINED,P05,445,second,win,S12,8247
seven_opponent_panel,COMBINED,P05,446,first,win,S12,8249
seven_opponent_panel,COMBINED,P05,447,second,win,S12,8248
seven_opponent_panel,COMBINED,P05,448,first,win,S12,8251
seven_opponent_panel,COMBINED,P05,449,second,win,S12,8250
seven_opponent_panel,COMBINED,P05,450,first,win,S12,8252
seven_opponent_panel,COMBINED,P05,451,second,win,S12,8253
seven_opponent_panel,COMBINED,P05,452,first,win,S12,8254
seven_opponent_panel,COMBINED,P05,453,second,win,S12,8255
seven_opponent_panel,COMBINED,P05,454,first,win,S12,8257
seven_opponent_panel,COMBINED,P05,455,second,win,S12,8256
seven_opponent_panel,COMBINED,P05,456,first,win,S12,8258
seven_opponent_panel,COMBINED,P05,457,second,win,S12,8259
seven_opponent_panel,COMBINED,P05,458,first,win,S12,8260
seven_opponent_panel,COMBINED,P05,459,second,win,S12,8261
seven_opponent_panel,COMBINED,P05,460,first,win,S12,8262
seven_opponent_panel,COMBINED,P05,461,second,win,S12,8263
seven_opponent_panel,COMBINED,P05,462,first,win,S12,8264
seven_opponent_panel,COMBINED,P05,463,second,win,S12,8265
seven_opponent_panel,COMBINED,P05,464,first,win,S12,8266
seven_opponent_panel,COMBINED,P05,465,second,win,S12,8267
seven_opponent_panel,COMBINED,P05,466,first,win,S12,8268
seven_opponent_panel,COMBINED,P05,467,second,win,S12,8270
seven_opponent_panel,COMBINED,P05,468,first,win,S12,8269
seven_opponent_panel,COMBINED,P05,469,second,win,S12,8271
seven_opponent_panel,COMBINED,P05,470,first,win,S12,8273
seven_opponent_panel,COMBINED,P05,471,second,win,S12,8272
seven_opponent_panel,COMBINED,P05,472,first,win,S12,8274
seven_opponent_panel,COMBINED,P05,473,second,win,S12,8275
seven_opponent_panel,COMBINED,P05,474,first,loss,S12,8276
seven_opponent_panel,COMBINED,P05,475,second,win,S12,8277
seven_opponent_panel,COMBINED,P05,476,first,win,S12,8278
seven_opponent_panel,COMBINED,P05,477,second,win,S12,8279
seven_opponent_panel,COMBINED,P05,478,first,win,S12,8280
seven_opponent_panel,COMBINED,P05,479,second,win,S12,8281
seven_opponent_panel,COMBINED,P05,480,first,win,S12,8282
seven_opponent_panel,COMBINED,P05,481,second,loss,S12,8283
seven_opponent_panel,COMBINED,P05,482,first,win,S12,8284
seven_opponent_panel,COMBINED,P05,483,second,win,S12,8285
seven_opponent_panel,COMBINED,P05,484,first,win,S12,8286
seven_opponent_panel,COMBINED,P05,485,second,win,S12,8287
seven_opponent_panel,COMBINED,P05,486,first,win,S12,8288
seven_opponent_panel,COMBINED,P05,487,second,win,S12,8289
seven_opponent_panel,COMBINED,P05,488,first,win,S12,8290
seven_opponent_panel,COMBINED,P05,489,second,win,S12,8291
seven_opponent_panel,COMBINED,P05,490,first,loss,S12,8292
seven_opponent_panel,COMBINED,P05,491,second,win,S12,8293
seven_opponent_panel,COMBINED,P05,492,first,win,S12,8294
seven_opponent_panel,COMBINED,P05,493,second,win,S12,8295
seven_opponent_panel,COMBINED,P05,494,first,win,S12,8296
seven_opponent_panel,COMBINED,P05,495,second,win,S12,8297
seven_opponent_panel,COMBINED,P05,496,first,win,S12,8298
seven_opponent_panel,COMBINED,P05,497,second,win,S12,8299
seven_opponent_panel,COMBINED,P05,498,first,win,S12,8300
seven_opponent_panel,COMBINED,P05,499,second,win,S12,8302
seven_opponent_panel,COMBINED,P05,500,first,win,S12,8301
seven_opponent_panel,COMBINED,P05,501,second,loss,S12,8303
seven_opponent_panel,COMBINED,P05,502,first,win,S12,8304
seven_opponent_panel,COMBINED,P05,503,second,win,S12,8305
seven_opponent_panel,COMBINED,P05,504,first,win,S12,8306
seven_opponent_panel,COMBINED,P05,505,second,win,S12,8307
seven_opponent_panel,COMBINED,P05,506,first,win,S12,8308
seven_opponent_panel,COMBINED,P05,507,second,win,S12,8309
seven_opponent_panel,COMBINED,P05,508,first,win,S12,8311
seven_opponent_panel,COMBINED,P05,509,second,win,S12,8310
seven_opponent_panel,COMBINED,P05,510,first,win,S12,8312
seven_opponent_panel,COMBINED,P05,511,second,win,S12,8314
seven_opponent_panel,COMBINED,P05,512,first,win,S12,8313
seven_opponent_panel,COMBINED,P05,513,second,draw,S12,8315
seven_opponent_panel,COMBINED,P05,514,first,loss,S12,8316
seven_opponent_panel,COMBINED,P05,515,second,win,S12,8317
seven_opponent_panel,COMBINED,P05,516,first,loss,S12,8318
seven_opponent_panel,COMBINED,P05,517,second,win,S12,8320
seven_opponent_panel,COMBINED,P05,518,first,win,S12,8319
seven_opponent_panel,COMBINED,P05,519,second,win,S12,8321
seven_opponent_panel,COMBINED,P05,520,first,win,S12,8322
seven_opponent_panel,COMBINED,P05,521,second,loss,S12,8324
seven_opponent_panel,COMBINED,P05,522,first,win,S12,8323
seven_opponent_panel,COMBINED,P05,523,second,win,S12,8325
seven_opponent_panel,COMBINED,P05,524,first,loss,S12,8326
seven_opponent_panel,COMBINED,P05,525,second,win,S12,8327
seven_opponent_panel,COMBINED,P05,526,first,win,S12,8328
seven_opponent_panel,COMBINED,P05,527,second,win,S12,8329
seven_opponent_panel,COMBINED,P05,528,first,win,S12,8330
seven_opponent_panel,COMBINED,P05,529,second,win,S12,8331
seven_opponent_panel,COMBINED,P05,530,first,win,S12,8332
seven_opponent_panel,COMBINED,P05,531,second,loss,S12,8333
seven_opponent_panel,COMBINED,P05,532,first,win,S12,8335
seven_opponent_panel,COMBINED,P05,533,second,loss,S12,8336
seven_opponent_panel,COMBINED,P05,534,first,win,S12,8334
seven_opponent_panel,COMBINED,P05,535,second,win,S12,8337
seven_opponent_panel,COMBINED,P05,536,first,win,S12,8338
seven_opponent_panel,COMBINED,P05,537,second,win,S12,8339
seven_opponent_panel,COMBINED,P05,538,first,loss,S12,8340
seven_opponent_panel,COMBINED,P05,539,second,win,S12,8342
seven_opponent_panel,COMBINED,P05,540,first,win,S12,8341
seven_opponent_panel,COMBINED,P05,541,second,win,S12,8344
seven_opponent_panel,COMBINED,P05,542,first,win,S12,8343
seven_opponent_panel,COMBINED,P05,543,second,win,S12,8345
seven_opponent_panel,COMBINED,P05,544,first,loss,S12,8348
seven_opponent_panel,COMBINED,P05,545,second,win,S12,8346
seven_opponent_panel,COMBINED,P05,546,first,win,S12,8347
seven_opponent_panel,COMBINED,P05,547,second,win,S12,8351
seven_opponent_panel,COMBINED,P05,548,first,win,S12,8349
seven_opponent_panel,COMBINED,P05,549,second,win,S12,8350
seven_opponent_panel,COMBINED,P05,550,first,win,S12,8352
seven_opponent_panel,COMBINED,P05,551,second,win,S12,8354
seven_opponent_panel,COMBINED,P05,552,first,win,S12,8353
seven_opponent_panel,COMBINED,P05,553,second,win,S12,8356
seven_opponent_panel,COMBINED,P05,554,first,win,S12,8355
seven_opponent_panel,COMBINED,P05,555,second,win,S12,8357
seven_opponent_panel,COMBINED,P05,556,first,win,S12,8358
seven_opponent_panel,COMBINED,P05,557,second,loss,S12,8359
seven_opponent_panel,COMBINED,P05,558,first,win,S12,8360
seven_opponent_panel,COMBINED,P05,559,second,loss,S12,8361
seven_opponent_panel,COMBINED,P05,560,first,win,S12,8362
seven_opponent_panel,COMBINED,P05,561,second,draw,S12,8363
seven_opponent_panel,COMBINED,P05,562,first,loss,S12,8364
seven_opponent_panel,COMBINED,P05,563,second,win,S12,8365
seven_opponent_panel,COMBINED,P05,564,first,win,S12,8366
seven_opponent_panel,COMBINED,P05,565,second,win,S12,8367
seven_opponent_panel,COMBINED,P05,566,first,win,S12,8368
seven_opponent_panel,COMBINED,P05,567,second,win,S12,8369
seven_opponent_panel,COMBINED,P05,568,first,win,S12,8370
seven_opponent_panel,COMBINED,P05,569,second,win,S12,8372
seven_opponent_panel,COMBINED,P05,570,first,win,S12,8371
seven_opponent_panel,COMBINED,P05,571,second,win,S12,8373
seven_opponent_panel,COMBINED,P05,572,first,win,S12,8374
seven_opponent_panel,COMBINED,P05,573,second,win,S12,8375
seven_opponent_panel,COMBINED,P05,574,first,win,S12,8376
seven_opponent_panel,COMBINED,P05,575,second,win,S12,8377
seven_opponent_panel,COMBINED,P05,576,first,win,S12,8378
seven_opponent_panel,COMBINED,P05,577,second,win,S12,8379
seven_opponent_panel,COMBINED,P05,578,first,win,S12,8380
seven_opponent_panel,COMBINED,P05,579,second,win,S12,8381
seven_opponent_panel,COMBINED,P05,580,first,win,S12,8382
seven_opponent_panel,COMBINED,P05,581,second,win,S12,8384
seven_opponent_panel,COMBINED,P05,582,first,win,S12,8383
seven_opponent_panel,COMBINED,P05,583,second,loss,S12,8385
seven_opponent_panel,COMBINED,P05,584,first,win,S12,8386
seven_opponent_panel,COMBINED,P05,585,second,win,S12,8387
seven_opponent_panel,COMBINED,P05,586,first,loss,S12,8388
seven_opponent_panel,COMBINED,P05,587,second,win,S12,8389
seven_opponent_panel,COMBINED,P05,588,first,win,S12,8390
seven_opponent_panel,COMBINED,P05,589,second,win,S12,8391
seven_opponent_panel,COMBINED,P05,590,first,win,S12,8392
seven_opponent_panel,COMBINED,P05,591,second,win,S12,8393
seven_opponent_panel,COMBINED,P05,592,first,loss,S12,8394
seven_opponent_panel,COMBINED,P05,593,second,win,S12,8395
seven_opponent_panel,COMBINED,P05,594,first,win,S12,8396
seven_opponent_panel,COMBINED,P05,595,second,win,S12,8397
seven_opponent_panel,COMBINED,P05,596,first,win,S12,8398
seven_opponent_panel,COMBINED,P05,597,second,win,S12,8399
seven_opponent_panel,COMBINED,P05,598,first,win,S12,8400
seven_opponent_panel,COMBINED,P05,599,second,win,S12,8401
seven_opponent_panel,COMBINED,P06,0,first,loss,S12,5400
seven_opponent_panel,COMBINED,P06,1,second,loss,S12,5402
seven_opponent_panel,COMBINED,P06,2,first,win,S12,5404
seven_opponent_panel,COMBINED,P06,3,second,win,S12,5403
seven_opponent_panel,COMBINED,P06,4,first,win,S12,5406
seven_opponent_panel,COMBINED,P06,5,second,win,S12,5407
seven_opponent_panel,COMBINED,P06,6,first,win,S12,5408
seven_opponent_panel,COMBINED,P06,7,second,win,S12,5409
seven_opponent_panel,COMBINED,P06,8,first,loss,S12,5410
seven_opponent_panel,COMBINED,P06,9,second,win,S12,5411
seven_opponent_panel,COMBINED,P06,10,first,win,S12,5412
seven_opponent_panel,COMBINED,P06,11,second,win,S12,5413
seven_opponent_panel,COMBINED,P06,12,first,win,S12,5415
seven_opponent_panel,COMBINED,P06,13,second,win,S12,5414
seven_opponent_panel,COMBINED,P06,14,first,win,S12,5416
seven_opponent_panel,COMBINED,P06,15,second,win,S12,5417
seven_opponent_panel,COMBINED,P06,16,first,loss,S12,5418
seven_opponent_panel,COMBINED,P06,17,second,win,S12,5419
seven_opponent_panel,COMBINED,P06,18,first,win,S12,5420
seven_opponent_panel,COMBINED,P06,19,second,win,S12,5421
seven_opponent_panel,COMBINED,P06,20,first,win,S12,5422
seven_opponent_panel,COMBINED,P06,21,second,loss,S12,5423
seven_opponent_panel,COMBINED,P06,22,first,loss,S12,5425
seven_opponent_panel,COMBINED,P06,23,second,win,S12,5424
seven_opponent_panel,COMBINED,P06,24,first,win,S12,5426
seven_opponent_panel,COMBINED,P06,25,second,win,S12,5427
seven_opponent_panel,COMBINED,P06,26,first,win,S12,5428
seven_opponent_panel,COMBINED,P06,27,second,win,S12,5429
seven_opponent_panel,COMBINED,P06,28,first,win,S12,5431
seven_opponent_panel,COMBINED,P06,29,second,win,S12,5430
seven_opponent_panel,COMBINED,P06,30,first,win,S12,5432
seven_opponent_panel,COMBINED,P06,31,second,win,S12,5433
seven_opponent_panel,COMBINED,P06,32,first,win,S12,5434
seven_opponent_panel,COMBINED,P06,33,second,win,S12,5435
seven_opponent_panel,COMBINED,P06,34,first,win,S12,5436
seven_opponent_panel,COMBINED,P06,35,second,win,S12,5437
seven_opponent_panel,COMBINED,P06,36,first,loss,S12,5438
seven_opponent_panel,COMBINED,P06,37,second,win,S12,5439
seven_opponent_panel,COMBINED,P06,38,first,win,S12,5440
seven_opponent_panel,COMBINED,P06,39,second,win,S12,5441
seven_opponent_panel,COMBINED,P06,40,first,win,S12,5443
seven_opponent_panel,COMBINED,P06,41,second,win,S12,5442
seven_opponent_panel,COMBINED,P06,42,first,win,S12,5444
seven_opponent_panel,COMBINED,P06,43,second,win,S12,5445
seven_opponent_panel,COMBINED,P06,44,first,loss,S12,5446
seven_opponent_panel,COMBINED,P06,45,second,loss,S12,5447
seven_opponent_panel,COMBINED,P06,46,first,win,S12,5448
seven_opponent_panel,COMBINED,P06,47,second,win,S12,5449
seven_opponent_panel,COMBINED,P06,48,first,loss,S12,5450
seven_opponent_panel,COMBINED,P06,49,second,win,S12,5451
seven_opponent_panel,COMBINED,P06,50,first,loss,S12,5452
seven_opponent_panel,COMBINED,P06,51,second,win,S12,5453
seven_opponent_panel,COMBINED,P06,52,first,win,S12,5454
seven_opponent_panel,COMBINED,P06,53,second,win,S12,5455
seven_opponent_panel,COMBINED,P06,54,first,win,S12,5456
seven_opponent_panel,COMBINED,P06,55,second,loss,S12,5457
seven_opponent_panel,COMBINED,P06,56,first,win,S12,5458
seven_opponent_panel,COMBINED,P06,57,second,loss,S12,5459
seven_opponent_panel,COMBINED,P06,58,first,win,S12,5460
seven_opponent_panel,COMBINED,P06,59,second,win,S12,5461
seven_opponent_panel,COMBINED,P06,60,first,loss,S12,5462
seven_opponent_panel,COMBINED,P06,61,second,loss,S12,5464
seven_opponent_panel,COMBINED,P06,62,first,win,S12,5463
seven_opponent_panel,COMBINED,P06,63,second,win,S12,5465
seven_opponent_panel,COMBINED,P06,64,first,win,S12,5467
seven_opponent_panel,COMBINED,P06,65,second,win,S12,5466
seven_opponent_panel,COMBINED,P06,66,first,loss,S12,5469
seven_opponent_panel,COMBINED,P06,67,second,loss,S12,5468
seven_opponent_panel,COMBINED,P06,68,first,loss,S12,5470
seven_opponent_panel,COMBINED,P06,69,second,win,S12,5471
seven_opponent_panel,COMBINED,P06,70,first,win,S12,5472
seven_opponent_panel,COMBINED,P06,71,second,win,S12,5473
seven_opponent_panel,COMBINED,P06,72,first,win,S12,5474
seven_opponent_panel,COMBINED,P06,73,second,win,S12,5475
seven_opponent_panel,COMBINED,P06,74,first,win,S12,5476
seven_opponent_panel,COMBINED,P06,75,second,win,S12,5477
seven_opponent_panel,COMBINED,P06,76,first,win,S12,5478
seven_opponent_panel,COMBINED,P06,77,second,win,S12,5479
seven_opponent_panel,COMBINED,P06,78,first,win,S12,5480
seven_opponent_panel,COMBINED,P06,79,second,win,S12,5481
seven_opponent_panel,COMBINED,P06,80,first,win,S12,5482
seven_opponent_panel,COMBINED,P06,81,second,win,S12,5483
seven_opponent_panel,COMBINED,P06,82,first,loss,S12,5484
seven_opponent_panel,COMBINED,P06,83,second,win,S12,5485
seven_opponent_panel,COMBINED,P06,84,first,loss,S12,5486
seven_opponent_panel,COMBINED,P06,85,second,win,S12,5487
seven_opponent_panel,COMBINED,P06,86,first,win,S12,5488
seven_opponent_panel,COMBINED,P06,87,second,win,S12,5489
seven_opponent_panel,COMBINED,P06,88,first,loss,S12,5490
seven_opponent_panel,COMBINED,P06,89,second,win,S12,5491
seven_opponent_panel,COMBINED,P06,90,first,win,S12,5492
seven_opponent_panel,COMBINED,P06,91,second,win,S12,5493
seven_opponent_panel,COMBINED,P06,92,first,win,S12,5494
seven_opponent_panel,COMBINED,P06,93,second,loss,S12,5495
seven_opponent_panel,COMBINED,P06,94,first,win,S12,5496
seven_opponent_panel,COMBINED,P06,95,second,win,S12,5497
seven_opponent_panel,COMBINED,P06,96,first,win,S12,5498
seven_opponent_panel,COMBINED,P06,97,second,win,S12,5499
seven_opponent_panel,COMBINED,P06,98,first,win,S12,5500
seven_opponent_panel,COMBINED,P06,99,second,loss,S12,5501
seven_opponent_panel,COMBINED,P06,100,first,loss,S12,5502
seven_opponent_panel,COMBINED,P06,101,second,win,S12,5503
seven_opponent_panel,COMBINED,P06,102,first,win,S12,5504
seven_opponent_panel,COMBINED,P06,103,second,win,S12,5506
seven_opponent_panel,COMBINED,P06,104,first,win,S12,5505
seven_opponent_panel,COMBINED,P06,105,second,win,S12,5507
seven_opponent_panel,COMBINED,P06,106,first,win,S12,5508
seven_opponent_panel,COMBINED,P06,107,second,win,S12,5509
seven_opponent_panel,COMBINED,P06,108,first,win,S12,5510
seven_opponent_panel,COMBINED,P06,109,second,win,S12,5511
seven_opponent_panel,COMBINED,P06,110,first,win,S12,5513
seven_opponent_panel,COMBINED,P06,111,second,win,S12,5512
seven_opponent_panel,COMBINED,P06,112,first,win,S12,5514
seven_opponent_panel,COMBINED,P06,113,second,win,S12,5516
seven_opponent_panel,COMBINED,P06,114,first,win,S12,5515
seven_opponent_panel,COMBINED,P06,115,second,win,S12,5517
seven_opponent_panel,COMBINED,P06,116,first,win,S12,5518
seven_opponent_panel,COMBINED,P06,117,second,win,S12,5519
seven_opponent_panel,COMBINED,P06,118,first,win,S12,5520
seven_opponent_panel,COMBINED,P06,119,second,win,S12,5521
seven_opponent_panel,COMBINED,P06,120,first,loss,S12,5522
seven_opponent_panel,COMBINED,P06,121,second,win,S12,5523
seven_opponent_panel,COMBINED,P06,122,first,win,S12,5524
seven_opponent_panel,COMBINED,P06,123,second,win,S12,5525
seven_opponent_panel,COMBINED,P06,124,first,win,S12,5526
seven_opponent_panel,COMBINED,P06,125,second,win,S12,5527
seven_opponent_panel,COMBINED,P06,126,first,win,S12,5528
seven_opponent_panel,COMBINED,P06,127,second,win,S12,5529
seven_opponent_panel,COMBINED,P06,128,first,win,S12,5530
seven_opponent_panel,COMBINED,P06,129,second,win,S12,5531
seven_opponent_panel,COMBINED,P06,130,first,loss,S12,5532
seven_opponent_panel,COMBINED,P06,131,second,win,S12,5533
seven_opponent_panel,COMBINED,P06,132,first,win,S12,5534
seven_opponent_panel,COMBINED,P06,133,second,win,S12,5535
seven_opponent_panel,COMBINED,P06,134,first,loss,S12,5536
seven_opponent_panel,COMBINED,P06,135,second,loss,S12,5537
seven_opponent_panel,COMBINED,P06,136,first,win,S12,5539
seven_opponent_panel,COMBINED,P06,137,second,win,S12,5538
seven_opponent_panel,COMBINED,P06,138,first,loss,S12,5540
seven_opponent_panel,COMBINED,P06,139,second,win,S12,5541
seven_opponent_panel,COMBINED,P06,140,first,win,S12,5542
seven_opponent_panel,COMBINED,P06,141,second,loss,S12,5543
seven_opponent_panel,COMBINED,P06,142,first,win,S12,5544
seven_opponent_panel,COMBINED,P06,143,second,win,S12,5545
seven_opponent_panel,COMBINED,P06,144,first,win,S12,5546
seven_opponent_panel,COMBINED,P06,145,second,win,S12,5547
seven_opponent_panel,COMBINED,P06,146,first,win,S12,5548
seven_opponent_panel,COMBINED,P06,147,second,win,S12,5549
seven_opponent_panel,COMBINED,P06,148,first,win,S12,5550
seven_opponent_panel,COMBINED,P06,149,second,win,S12,5551
seven_opponent_panel,COMBINED,P06,150,first,win,S12,5552
seven_opponent_panel,COMBINED,P06,151,second,win,S12,5553
seven_opponent_panel,COMBINED,P06,152,first,win,S12,5554
seven_opponent_panel,COMBINED,P06,153,second,win,S12,5555
seven_opponent_panel,COMBINED,P06,154,first,win,S12,5556
seven_opponent_panel,COMBINED,P06,155,second,win,S12,5557
seven_opponent_panel,COMBINED,P06,156,first,win,S12,5558
seven_opponent_panel,COMBINED,P06,157,second,win,S12,5559
seven_opponent_panel,COMBINED,P06,158,first,win,S12,5560
seven_opponent_panel,COMBINED,P06,159,second,win,S12,5561
seven_opponent_panel,COMBINED,P06,160,first,win,S12,5562
seven_opponent_panel,COMBINED,P06,161,second,win,S12,5563
seven_opponent_panel,COMBINED,P06,162,first,win,S12,5564
seven_opponent_panel,COMBINED,P06,163,second,win,S12,5565
seven_opponent_panel,COMBINED,P06,164,first,win,S12,5566
seven_opponent_panel,COMBINED,P06,165,second,win,S12,5567
seven_opponent_panel,COMBINED,P06,166,first,win,S12,5568
seven_opponent_panel,COMBINED,P06,167,second,win,S12,5569
seven_opponent_panel,COMBINED,P06,168,first,loss,S12,5570
seven_opponent_panel,COMBINED,P06,169,second,win,S12,5571
seven_opponent_panel,COMBINED,P06,170,first,win,S12,5572
seven_opponent_panel,COMBINED,P06,171,second,loss,S12,5574
seven_opponent_panel,COMBINED,P06,172,first,loss,S12,5573
seven_opponent_panel,COMBINED,P06,173,second,win,S12,5575
seven_opponent_panel,COMBINED,P06,174,first,win,S12,5577
seven_opponent_panel,COMBINED,P06,175,second,win,S12,5576
seven_opponent_panel,COMBINED,P06,176,first,win,S12,5578
seven_opponent_panel,COMBINED,P06,177,second,loss,S12,5581
seven_opponent_panel,COMBINED,P06,178,first,win,S12,5580
seven_opponent_panel,COMBINED,P06,179,second,win,S12,5579
seven_opponent_panel,COMBINED,P06,180,first,win,S12,5583
seven_opponent_panel,COMBINED,P06,181,second,loss,S12,5584
seven_opponent_panel,COMBINED,P06,182,first,win,S12,5582
seven_opponent_panel,COMBINED,P06,183,second,win,S12,5586
seven_opponent_panel,COMBINED,P06,184,first,win,S12,5585
seven_opponent_panel,COMBINED,P06,185,second,win,S12,5587
seven_opponent_panel,COMBINED,P06,186,first,win,S12,5588
seven_opponent_panel,COMBINED,P06,187,second,win,S12,5589
seven_opponent_panel,COMBINED,P06,188,first,loss,S12,5590
seven_opponent_panel,COMBINED,P06,189,second,win,S12,5591
seven_opponent_panel,COMBINED,P06,190,first,win,S12,5592
seven_opponent_panel,COMBINED,P06,191,second,win,S12,5593
seven_opponent_panel,COMBINED,P06,192,first,win,S12,5594
seven_opponent_panel,COMBINED,P06,193,second,win,S12,5595
seven_opponent_panel,COMBINED,P06,194,first,win,S12,5596
seven_opponent_panel,COMBINED,P06,195,second,win,S12,5597
seven_opponent_panel,COMBINED,P06,196,first,win,S12,5598
seven_opponent_panel,COMBINED,P06,197,second,loss,S12,5599
seven_opponent_panel,COMBINED,P06,198,first,win,S12,5600
seven_opponent_panel,COMBINED,P06,199,second,win,S12,5602
seven_opponent_panel,COMBINED,P06,200,first,win,S12,5601
seven_opponent_panel,COMBINED,P06,201,second,win,S12,5603
seven_opponent_panel,COMBINED,P06,202,first,loss,S12,5605
seven_opponent_panel,COMBINED,P06,203,second,win,S12,5604
seven_opponent_panel,COMBINED,P06,204,first,win,S12,5606
seven_opponent_panel,COMBINED,P06,205,second,win,S12,5607
seven_opponent_panel,COMBINED,P06,206,first,win,S12,5608
seven_opponent_panel,COMBINED,P06,207,second,win,S12,5609
seven_opponent_panel,COMBINED,P06,208,first,win,S12,5610
seven_opponent_panel,COMBINED,P06,209,second,loss,S12,5611
seven_opponent_panel,COMBINED,P06,210,first,win,S12,5612
seven_opponent_panel,COMBINED,P06,211,second,win,S12,5613
seven_opponent_panel,COMBINED,P06,212,first,loss,S12,5614
seven_opponent_panel,COMBINED,P06,213,second,win,S12,5615
seven_opponent_panel,COMBINED,P06,214,first,win,S12,5616
seven_opponent_panel,COMBINED,P06,215,second,win,S12,5617
seven_opponent_panel,COMBINED,P06,216,first,loss,S12,5618
seven_opponent_panel,COMBINED,P06,217,second,win,S12,5619
seven_opponent_panel,COMBINED,P06,218,first,win,S12,5620
seven_opponent_panel,COMBINED,P06,219,second,win,S12,5621
seven_opponent_panel,COMBINED,P06,220,first,loss,S12,5622
seven_opponent_panel,COMBINED,P06,221,second,win,S12,5623
seven_opponent_panel,COMBINED,P06,222,first,win,S12,5624
seven_opponent_panel,COMBINED,P06,223,second,win,S12,5625
seven_opponent_panel,COMBINED,P06,224,first,win,S12,5626
seven_opponent_panel,COMBINED,P06,225,second,win,S12,5627
seven_opponent_panel,COMBINED,P06,226,first,loss,S12,5628
seven_opponent_panel,COMBINED,P06,227,second,win,S12,5629
seven_opponent_panel,COMBINED,P06,228,first,win,S12,5630
seven_opponent_panel,COMBINED,P06,229,second,win,S12,5631
seven_opponent_panel,COMBINED,P06,230,first,win,S12,5632
seven_opponent_panel,COMBINED,P06,231,second,win,S12,5633
seven_opponent_panel,COMBINED,P06,232,first,win,S12,5634
seven_opponent_panel,COMBINED,P06,233,second,win,S12,5635
seven_opponent_panel,COMBINED,P06,234,first,win,S12,5636
seven_opponent_panel,COMBINED,P06,235,second,win,S12,5637
seven_opponent_panel,COMBINED,P06,236,first,loss,S12,5638
seven_opponent_panel,COMBINED,P06,237,second,win,S12,5639
seven_opponent_panel,COMBINED,P06,238,first,win,S12,5640
seven_opponent_panel,COMBINED,P06,239,second,win,S12,5641
seven_opponent_panel,COMBINED,P06,240,first,win,S12,5642
seven_opponent_panel,COMBINED,P06,241,second,win,S12,5643
seven_opponent_panel,COMBINED,P06,242,first,win,S12,5644
seven_opponent_panel,COMBINED,P06,243,second,win,S12,5645
seven_opponent_panel,COMBINED,P06,244,first,win,S12,5646
seven_opponent_panel,COMBINED,P06,245,second,win,S12,5647
seven_opponent_panel,COMBINED,P06,246,first,win,S12,5648
seven_opponent_panel,COMBINED,P06,247,second,win,S12,5649
seven_opponent_panel,COMBINED,P06,248,first,win,S12,5650
seven_opponent_panel,COMBINED,P06,249,second,win,S12,5651
seven_opponent_panel,COMBINED,P06,250,first,loss,S12,5652
seven_opponent_panel,COMBINED,P06,251,second,win,S12,5653
seven_opponent_panel,COMBINED,P06,252,first,win,S12,5654
seven_opponent_panel,COMBINED,P06,253,second,win,S12,5655
seven_opponent_panel,COMBINED,P06,254,first,win,S12,5656
seven_opponent_panel,COMBINED,P06,255,second,loss,S12,5657
seven_opponent_panel,COMBINED,P06,256,first,win,S12,5658
seven_opponent_panel,COMBINED,P06,257,second,loss,S12,5659
seven_opponent_panel,COMBINED,P06,258,first,win,S12,5661
seven_opponent_panel,COMBINED,P06,259,second,win,S12,5660
seven_opponent_panel,COMBINED,P06,260,first,win,S12,5662
seven_opponent_panel,COMBINED,P06,261,second,win,S12,5664
seven_opponent_panel,COMBINED,P06,262,first,win,S12,5663
seven_opponent_panel,COMBINED,P06,263,second,win,S12,5665
seven_opponent_panel,COMBINED,P06,264,first,win,S12,5666
seven_opponent_panel,COMBINED,P06,265,second,win,S12,5667
seven_opponent_panel,COMBINED,P06,266,first,win,S12,5668
seven_opponent_panel,COMBINED,P06,267,second,win,S12,5669
seven_opponent_panel,COMBINED,P06,268,first,win,S12,5670
seven_opponent_panel,COMBINED,P06,269,second,loss,S12,5671
seven_opponent_panel,COMBINED,P06,270,first,win,S12,5672
seven_opponent_panel,COMBINED,P06,271,second,win,S12,5673
seven_opponent_panel,COMBINED,P06,272,first,win,S12,5674
seven_opponent_panel,COMBINED,P06,273,second,win,S12,5675
seven_opponent_panel,COMBINED,P06,274,first,win,S12,5676
seven_opponent_panel,COMBINED,P06,275,second,win,S12,5677
seven_opponent_panel,COMBINED,P06,276,first,win,S12,5678
seven_opponent_panel,COMBINED,P06,277,second,win,S12,5679
seven_opponent_panel,COMBINED,P06,278,first,win,S12,5680
seven_opponent_panel,COMBINED,P06,279,second,win,S12,5681
seven_opponent_panel,COMBINED,P06,280,first,win,S12,5682
seven_opponent_panel,COMBINED,P06,281,second,win,S12,5683
seven_opponent_panel,COMBINED,P06,282,first,win,S12,5684
seven_opponent_panel,COMBINED,P06,283,second,loss,S12,5685
seven_opponent_panel,COMBINED,P06,284,first,win,S12,5686
seven_opponent_panel,COMBINED,P06,285,second,win,S12,5687
seven_opponent_panel,COMBINED,P06,286,first,loss,S12,5688
seven_opponent_panel,COMBINED,P06,287,second,win,S12,5689
seven_opponent_panel,COMBINED,P06,288,first,win,S12,5690
seven_opponent_panel,COMBINED,P06,289,second,win,S12,5691
seven_opponent_panel,COMBINED,P06,290,first,loss,S12,5692
seven_opponent_panel,COMBINED,P06,291,second,loss,S12,5693
seven_opponent_panel,COMBINED,P06,292,first,loss,S12,5694
seven_opponent_panel,COMBINED,P06,293,second,win,S12,5695
seven_opponent_panel,COMBINED,P06,294,first,win,S12,5696
seven_opponent_panel,COMBINED,P06,295,second,win,S12,5698
seven_opponent_panel,COMBINED,P06,296,first,win,S12,5697
seven_opponent_panel,COMBINED,P06,297,second,win,S12,5699
seven_opponent_panel,COMBINED,P06,298,first,win,S12,5700
seven_opponent_panel,COMBINED,P06,299,second,win,S12,5701
seven_opponent_panel,COMBINED,P06,300,first,win,S12,5702
seven_opponent_panel,COMBINED,P06,301,second,loss,S12,5704
seven_opponent_panel,COMBINED,P06,302,first,win,S12,5703
seven_opponent_panel,COMBINED,P06,303,second,win,S12,5705
seven_opponent_panel,COMBINED,P06,304,first,win,S12,5706
seven_opponent_panel,COMBINED,P06,305,second,win,S12,5707
seven_opponent_panel,COMBINED,P06,306,first,win,S12,5708
seven_opponent_panel,COMBINED,P06,307,second,win,S12,5710
seven_opponent_panel,COMBINED,P06,308,first,win,S12,5709
seven_opponent_panel,COMBINED,P06,309,second,loss,S12,5711
seven_opponent_panel,COMBINED,P06,310,first,win,S12,5713
seven_opponent_panel,COMBINED,P06,311,second,win,S12,5712
seven_opponent_panel,COMBINED,P06,312,first,win,S12,5714
seven_opponent_panel,COMBINED,P06,313,second,win,S12,5716
seven_opponent_panel,COMBINED,P06,314,first,win,S12,5715
seven_opponent_panel,COMBINED,P06,315,second,win,S12,5717
seven_opponent_panel,COMBINED,P06,316,first,win,S12,5718
seven_opponent_panel,COMBINED,P06,317,second,win,S12,5719
seven_opponent_panel,COMBINED,P06,318,first,win,S12,5720
seven_opponent_panel,COMBINED,P06,319,second,win,S12,5721
seven_opponent_panel,COMBINED,P06,320,first,win,S12,5722
seven_opponent_panel,COMBINED,P06,321,second,win,S12,5723
seven_opponent_panel,COMBINED,P06,322,first,loss,S12,5724
seven_opponent_panel,COMBINED,P06,323,second,win,S12,5725
seven_opponent_panel,COMBINED,P06,324,first,win,S12,5726
seven_opponent_panel,COMBINED,P06,325,second,win,S12,5727
seven_opponent_panel,COMBINED,P06,326,first,loss,S12,5728
seven_opponent_panel,COMBINED,P06,327,second,win,S12,5729
seven_opponent_panel,COMBINED,P06,328,first,win,S12,5730
seven_opponent_panel,COMBINED,P06,329,second,win,S12,5731
seven_opponent_panel,COMBINED,P06,330,first,win,S12,5732
seven_opponent_panel,COMBINED,P06,331,second,loss,S12,5733
seven_opponent_panel,COMBINED,P06,332,first,win,S12,5734
seven_opponent_panel,COMBINED,P06,333,second,win,S12,5735
seven_opponent_panel,COMBINED,P06,334,first,win,S12,5736
seven_opponent_panel,COMBINED,P06,335,second,win,S12,5737
seven_opponent_panel,COMBINED,P06,336,first,win,S12,5738
seven_opponent_panel,COMBINED,P06,337,second,win,S12,5740
seven_opponent_panel,COMBINED,P06,338,first,win,S12,5739
seven_opponent_panel,COMBINED,P06,339,second,win,S12,5741
seven_opponent_panel,COMBINED,P06,340,first,win,S12,5742
seven_opponent_panel,COMBINED,P06,341,second,win,S12,5743
seven_opponent_panel,COMBINED,P06,342,first,win,S12,5744
seven_opponent_panel,COMBINED,P06,343,second,win,S12,5745
seven_opponent_panel,COMBINED,P06,344,first,win,S12,5746
seven_opponent_panel,COMBINED,P06,345,second,win,S12,5747
seven_opponent_panel,COMBINED,P06,346,first,win,S12,5748
seven_opponent_panel,COMBINED,P06,347,second,win,S12,5749
seven_opponent_panel,COMBINED,P06,348,first,win,S12,5750
seven_opponent_panel,COMBINED,P06,349,second,win,S12,5751
seven_opponent_panel,COMBINED,P06,350,first,win,S12,5752
seven_opponent_panel,COMBINED,P06,351,second,win,S12,5753
seven_opponent_panel,COMBINED,P06,352,first,win,S12,5754
seven_opponent_panel,COMBINED,P06,353,second,win,S12,5755
seven_opponent_panel,COMBINED,P06,354,first,loss,S12,5756
seven_opponent_panel,COMBINED,P06,355,second,win,S12,5757
seven_opponent_panel,COMBINED,P06,356,first,win,S12,5758
seven_opponent_panel,COMBINED,P06,357,second,win,S12,5759
seven_opponent_panel,COMBINED,P06,358,first,loss,S12,5760
seven_opponent_panel,COMBINED,P06,359,second,win,S12,5761
seven_opponent_panel,COMBINED,P06,360,first,loss,S12,5762
seven_opponent_panel,COMBINED,P06,361,second,loss,S12,5763
seven_opponent_panel,COMBINED,P06,362,first,win,S12,5764
seven_opponent_panel,COMBINED,P06,363,second,win,S12,5765
seven_opponent_panel,COMBINED,P06,364,first,win,S12,5766
seven_opponent_panel,COMBINED,P06,365,second,win,S12,5767
seven_opponent_panel,COMBINED,P06,366,first,win,S12,5768
seven_opponent_panel,COMBINED,P06,367,second,win,S12,5769
seven_opponent_panel,COMBINED,P06,368,first,win,S12,5770
seven_opponent_panel,COMBINED,P06,369,second,win,S12,5771
seven_opponent_panel,COMBINED,P06,370,first,win,S12,5773
seven_opponent_panel,COMBINED,P06,371,second,win,S12,5772
seven_opponent_panel,COMBINED,P06,372,first,win,S12,5774
seven_opponent_panel,COMBINED,P06,373,second,win,S12,5776
seven_opponent_panel,COMBINED,P06,374,first,win,S12,5775
seven_opponent_panel,COMBINED,P06,375,second,win,S12,5778
seven_opponent_panel,COMBINED,P06,376,first,win,S12,5777
seven_opponent_panel,COMBINED,P06,377,second,win,S12,5779
seven_opponent_panel,COMBINED,P06,378,first,win,S12,5780
seven_opponent_panel,COMBINED,P06,379,second,loss,S12,5782
seven_opponent_panel,COMBINED,P06,380,first,win,S12,5781
seven_opponent_panel,COMBINED,P06,381,second,win,S12,5784
seven_opponent_panel,COMBINED,P06,382,first,win,S12,5783
seven_opponent_panel,COMBINED,P06,383,second,win,S12,5785
seven_opponent_panel,COMBINED,P06,384,first,win,S12,5787
seven_opponent_panel,COMBINED,P06,385,second,loss,S12,5786
seven_opponent_panel,COMBINED,P06,386,first,win,S12,5788
seven_opponent_panel,COMBINED,P06,387,second,loss,S12,5789
seven_opponent_panel,COMBINED,P06,388,first,win,S12,5790
seven_opponent_panel,COMBINED,P06,389,second,win,S12,5791
seven_opponent_panel,COMBINED,P06,390,first,win,S12,5792
seven_opponent_panel,COMBINED,P06,391,second,win,S12,5793
seven_opponent_panel,COMBINED,P06,392,first,win,S12,5794
seven_opponent_panel,COMBINED,P06,393,second,win,S12,5795
seven_opponent_panel,COMBINED,P06,394,first,win,S12,5796
seven_opponent_panel,COMBINED,P06,395,second,win,S12,5797
seven_opponent_panel,COMBINED,P06,396,first,win,S12,5798
seven_opponent_panel,COMBINED,P06,397,second,win,S12,5799
seven_opponent_panel,COMBINED,P06,398,first,win,S12,5800
seven_opponent_panel,COMBINED,P06,399,second,win,S12,5801
seven_opponent_panel,COMBINED,P06,400,first,win,S12,5802
seven_opponent_panel,COMBINED,P06,401,second,win,S12,5803
seven_opponent_panel,COMBINED,P06,402,first,loss,S12,5804
seven_opponent_panel,COMBINED,P06,403,second,loss,S12,5805
seven_opponent_panel,COMBINED,P06,404,first,win,S12,5806
seven_opponent_panel,COMBINED,P06,405,second,win,S12,5807
seven_opponent_panel,COMBINED,P06,406,first,win,S12,5808
seven_opponent_panel,COMBINED,P06,407,second,win,S12,5809
seven_opponent_panel,COMBINED,P06,408,first,win,S12,5810
seven_opponent_panel,COMBINED,P06,409,second,win,S12,5811
seven_opponent_panel,COMBINED,P06,410,first,win,S12,5812
seven_opponent_panel,COMBINED,P06,411,second,win,S12,5813
seven_opponent_panel,COMBINED,P06,412,first,win,S12,5815
seven_opponent_panel,COMBINED,P06,413,second,win,S12,5814
seven_opponent_panel,COMBINED,P06,414,first,win,S12,5816
seven_opponent_panel,COMBINED,P06,415,second,win,S12,5817
seven_opponent_panel,COMBINED,P06,416,first,win,S12,5818
seven_opponent_panel,COMBINED,P06,417,second,win,S12,5819
seven_opponent_panel,COMBINED,P06,418,first,loss,S12,5821
seven_opponent_panel,COMBINED,P06,419,second,win,S12,5820
seven_opponent_panel,COMBINED,P06,420,first,win,S12,5822
seven_opponent_panel,COMBINED,P06,421,second,win,S12,5823
seven_opponent_panel,COMBINED,P06,422,first,win,S12,5824
seven_opponent_panel,COMBINED,P06,423,second,win,S12,5825
seven_opponent_panel,COMBINED,P06,424,first,win,S12,5826
seven_opponent_panel,COMBINED,P06,425,second,win,S12,5827
seven_opponent_panel,COMBINED,P06,426,first,win,S12,5828
seven_opponent_panel,COMBINED,P06,427,second,loss,S12,5829
seven_opponent_panel,COMBINED,P06,428,first,loss,S12,5830
seven_opponent_panel,COMBINED,P06,429,second,win,S12,5831
seven_opponent_panel,COMBINED,P06,430,first,win,S12,5832
seven_opponent_panel,COMBINED,P06,431,second,win,S12,5833
seven_opponent_panel,COMBINED,P06,432,first,win,S12,5834
seven_opponent_panel,COMBINED,P06,433,second,loss,S12,5835
seven_opponent_panel,COMBINED,P06,434,first,win,S12,5836
seven_opponent_panel,COMBINED,P06,435,second,win,S12,5837
seven_opponent_panel,COMBINED,P06,436,first,win,S12,5838
seven_opponent_panel,COMBINED,P06,437,second,win,S12,5839
seven_opponent_panel,COMBINED,P06,438,first,win,S12,5840
seven_opponent_panel,COMBINED,P06,439,second,win,S12,5841
seven_opponent_panel,COMBINED,P06,440,first,win,S12,5842
seven_opponent_panel,COMBINED,P06,441,second,loss,S12,5844
seven_opponent_panel,COMBINED,P06,442,first,win,S12,5843
seven_opponent_panel,COMBINED,P06,443,second,win,S12,5845
seven_opponent_panel,COMBINED,P06,444,first,win,S12,5846
seven_opponent_panel,COMBINED,P06,445,second,win,S12,5847
seven_opponent_panel,COMBINED,P06,446,first,win,S12,5848
seven_opponent_panel,COMBINED,P06,447,second,win,S12,5849
seven_opponent_panel,COMBINED,P06,448,first,win,S12,5851
seven_opponent_panel,COMBINED,P06,449,second,win,S12,5850
seven_opponent_panel,COMBINED,P06,450,first,win,S12,5852
seven_opponent_panel,COMBINED,P06,451,second,win,S12,5854
seven_opponent_panel,COMBINED,P06,452,first,win,S12,5853
seven_opponent_panel,COMBINED,P06,453,second,win,S12,5856
seven_opponent_panel,COMBINED,P06,454,first,win,S12,5855
seven_opponent_panel,COMBINED,P06,455,second,win,S12,5857
seven_opponent_panel,COMBINED,P06,456,first,win,S12,5858
seven_opponent_panel,COMBINED,P06,457,second,win,S12,5859
seven_opponent_panel,COMBINED,P06,458,first,win,S12,5860
seven_opponent_panel,COMBINED,P06,459,second,win,S12,5861
seven_opponent_panel,COMBINED,P06,460,first,win,S12,5862
seven_opponent_panel,COMBINED,P06,461,second,win,S12,5863
seven_opponent_panel,COMBINED,P06,462,first,win,S12,5864
seven_opponent_panel,COMBINED,P06,463,second,loss,S12,5866
seven_opponent_panel,COMBINED,P06,464,first,win,S12,5865
seven_opponent_panel,COMBINED,P06,465,second,loss,S12,5867
seven_opponent_panel,COMBINED,P06,466,first,win,S12,5869
seven_opponent_panel,COMBINED,P06,467,second,win,S12,5868
seven_opponent_panel,COMBINED,P06,468,first,loss,S12,5870
seven_opponent_panel,COMBINED,P06,469,second,win,S12,5872
seven_opponent_panel,COMBINED,P06,470,first,win,S12,5871
seven_opponent_panel,COMBINED,P06,471,second,win,S12,5873
seven_opponent_panel,COMBINED,P06,472,first,win,S12,5875
seven_opponent_panel,COMBINED,P06,473,second,win,S12,5874
seven_opponent_panel,COMBINED,P06,474,first,loss,S12,5876
seven_opponent_panel,COMBINED,P06,475,second,win,S12,5878
seven_opponent_panel,COMBINED,P06,476,first,win,S12,5877
seven_opponent_panel,COMBINED,P06,477,second,win,S12,5879
seven_opponent_panel,COMBINED,P06,478,first,loss,S12,5881
seven_opponent_panel,COMBINED,P06,479,second,win,S12,5880
seven_opponent_panel,COMBINED,P06,480,first,win,S12,5882
seven_opponent_panel,COMBINED,P06,481,second,win,S12,5883
seven_opponent_panel,COMBINED,P06,482,first,win,S12,5884
seven_opponent_panel,COMBINED,P06,483,second,win,S12,5885
seven_opponent_panel,COMBINED,P06,484,first,loss,S12,5886
seven_opponent_panel,COMBINED,P06,485,second,win,S12,5887
seven_opponent_panel,COMBINED,P06,486,first,win,S12,5888
seven_opponent_panel,COMBINED,P06,487,second,win,S12,5889
seven_opponent_panel,COMBINED,P06,488,first,win,S12,5890
seven_opponent_panel,COMBINED,P06,489,second,win,S12,5891
seven_opponent_panel,COMBINED,P06,490,first,loss,S12,5892
seven_opponent_panel,COMBINED,P06,491,second,win,S12,5893
seven_opponent_panel,COMBINED,P06,492,first,loss,S12,5894
seven_opponent_panel,COMBINED,P06,493,second,win,S12,5896
seven_opponent_panel,COMBINED,P06,494,first,win,S12,5895
seven_opponent_panel,COMBINED,P06,495,second,win,S12,5897
seven_opponent_panel,COMBINED,P06,496,first,win,S12,5898
seven_opponent_panel,COMBINED,P06,497,second,win,S12,5899
seven_opponent_panel,COMBINED,P06,498,first,win,S12,5900
seven_opponent_panel,COMBINED,P06,499,second,win,S12,5901
seven_opponent_panel,COMBINED,P06,500,first,win,S12,5902
seven_opponent_panel,COMBINED,P06,501,second,win,S12,5903
seven_opponent_panel,COMBINED,P06,502,first,win,S12,5904
seven_opponent_panel,COMBINED,P06,503,second,win,S12,5905
seven_opponent_panel,COMBINED,P06,504,first,win,S12,5906
seven_opponent_panel,COMBINED,P06,505,second,win,S12,5907
seven_opponent_panel,COMBINED,P06,506,first,win,S12,5908
seven_opponent_panel,COMBINED,P06,507,second,win,S12,5909
seven_opponent_panel,COMBINED,P06,508,first,win,S12,5911
seven_opponent_panel,COMBINED,P06,509,second,win,S12,5910
seven_opponent_panel,COMBINED,P06,510,first,win,S12,5913
seven_opponent_panel,COMBINED,P06,511,second,win,S12,5912
seven_opponent_panel,COMBINED,P06,512,first,win,S12,5914
seven_opponent_panel,COMBINED,P06,513,second,win,S12,5915
seven_opponent_panel,COMBINED,P06,514,first,loss,S12,5916
seven_opponent_panel,COMBINED,P06,515,second,loss,S12,5917
seven_opponent_panel,COMBINED,P06,516,first,win,S12,5918
seven_opponent_panel,COMBINED,P06,517,second,win,S12,5919
seven_opponent_panel,COMBINED,P06,518,first,win,S12,5920
seven_opponent_panel,COMBINED,P06,519,second,win,S12,5921
seven_opponent_panel,COMBINED,P06,520,first,win,S12,5922
seven_opponent_panel,COMBINED,P06,521,second,loss,S12,5923
seven_opponent_panel,COMBINED,P06,522,first,win,S12,5924
seven_opponent_panel,COMBINED,P06,523,second,win,S12,5925
seven_opponent_panel,COMBINED,P06,524,first,win,S12,5926
seven_opponent_panel,COMBINED,P06,525,second,win,S12,5927
seven_opponent_panel,COMBINED,P06,526,first,win,S12,5928
seven_opponent_panel,COMBINED,P06,527,second,loss,S12,5929
seven_opponent_panel,COMBINED,P06,528,first,win,S12,5931
seven_opponent_panel,COMBINED,P06,529,second,win,S12,5930
seven_opponent_panel,COMBINED,P06,530,first,win,S12,5932
seven_opponent_panel,COMBINED,P06,531,second,win,S12,5933
seven_opponent_panel,COMBINED,P06,532,first,win,S12,5934
seven_opponent_panel,COMBINED,P06,533,second,win,S12,5935
seven_opponent_panel,COMBINED,P06,534,first,win,S12,5936
seven_opponent_panel,COMBINED,P06,535,second,win,S12,5938
seven_opponent_panel,COMBINED,P06,536,first,win,S12,5937
seven_opponent_panel,COMBINED,P06,537,second,win,S12,5939
seven_opponent_panel,COMBINED,P06,538,first,win,S12,5941
seven_opponent_panel,COMBINED,P06,539,second,win,S12,5940
seven_opponent_panel,COMBINED,P06,540,first,win,S12,5942
seven_opponent_panel,COMBINED,P06,541,second,win,S12,5943
seven_opponent_panel,COMBINED,P06,542,first,win,S12,5944
seven_opponent_panel,COMBINED,P06,543,second,win,S12,5945
seven_opponent_panel,COMBINED,P06,544,first,win,S12,5947
seven_opponent_panel,COMBINED,P06,545,second,win,S12,5946
seven_opponent_panel,COMBINED,P06,546,first,win,S12,5948
seven_opponent_panel,COMBINED,P06,547,second,win,S12,5949
seven_opponent_panel,COMBINED,P06,548,first,win,S12,5950
seven_opponent_panel,COMBINED,P06,549,second,win,S12,5951
seven_opponent_panel,COMBINED,P06,550,first,win,S12,5952
seven_opponent_panel,COMBINED,P06,551,second,win,S12,5953
seven_opponent_panel,COMBINED,P06,552,first,win,S12,5955
seven_opponent_panel,COMBINED,P06,553,second,win,S12,5954
seven_opponent_panel,COMBINED,P06,554,first,loss,S12,5956
seven_opponent_panel,COMBINED,P06,555,second,win,S12,5957
seven_opponent_panel,COMBINED,P06,556,first,win,S12,5958
seven_opponent_panel,COMBINED,P06,557,second,win,S12,5959
seven_opponent_panel,COMBINED,P06,558,first,win,S12,5961
seven_opponent_panel,COMBINED,P06,559,second,win,S12,5960
seven_opponent_panel,COMBINED,P06,560,first,win,S12,5962
seven_opponent_panel,COMBINED,P06,561,second,win,S12,5963
seven_opponent_panel,COMBINED,P06,562,first,loss,S12,5964
seven_opponent_panel,COMBINED,P06,563,second,win,S12,5965
seven_opponent_panel,COMBINED,P06,564,first,win,S12,5966
seven_opponent_panel,COMBINED,P06,565,second,loss,S12,5967
seven_opponent_panel,COMBINED,P06,566,first,win,S12,5968
seven_opponent_panel,COMBINED,P06,567,second,win,S12,5970
seven_opponent_panel,COMBINED,P06,568,first,win,S12,5971
seven_opponent_panel,COMBINED,P06,569,second,win,S12,5969
seven_opponent_panel,COMBINED,P06,570,first,win,S12,5972
seven_opponent_panel,COMBINED,P06,571,second,win,S12,5973
seven_opponent_panel,COMBINED,P06,572,first,win,S12,5974
seven_opponent_panel,COMBINED,P06,573,second,loss,S12,5975
seven_opponent_panel,COMBINED,P06,574,first,loss,S12,5977
seven_opponent_panel,COMBINED,P06,575,second,win,S12,5976
seven_opponent_panel,COMBINED,P06,576,first,win,S12,5978
seven_opponent_panel,COMBINED,P06,577,second,loss,S12,5979
seven_opponent_panel,COMBINED,P06,578,first,win,S12,5980
seven_opponent_panel,COMBINED,P06,579,second,win,S12,5981
seven_opponent_panel,COMBINED,P06,580,first,loss,S12,5982
seven_opponent_panel,COMBINED,P06,581,second,win,S12,5983
seven_opponent_panel,COMBINED,P06,582,first,loss,S12,5984
seven_opponent_panel,COMBINED,P06,583,second,win,S12,5985
seven_opponent_panel,COMBINED,P06,584,first,loss,S12,5986
seven_opponent_panel,COMBINED,P06,585,second,win,S12,5987
seven_opponent_panel,COMBINED,P06,586,first,win,S12,5988
seven_opponent_panel,COMBINED,P06,587,second,win,S12,5989
seven_opponent_panel,COMBINED,P06,588,first,win,S12,5990
seven_opponent_panel,COMBINED,P06,589,second,win,S12,5991
seven_opponent_panel,COMBINED,P06,590,first,win,S12,5992
seven_opponent_panel,COMBINED,P06,591,second,win,S12,5994
seven_opponent_panel,COMBINED,P06,592,first,win,S12,5993
seven_opponent_panel,COMBINED,P06,593,second,win,S12,5995
seven_opponent_panel,COMBINED,P06,594,first,win,S12,5997
seven_opponent_panel,COMBINED,P06,595,second,win,S12,5996
seven_opponent_panel,COMBINED,P06,596,first,win,S12,5998
seven_opponent_panel,COMBINED,P06,597,second,win,S12,6000
seven_opponent_panel,COMBINED,P06,598,first,win,S12,5999
seven_opponent_panel,COMBINED,P06,599,second,win,S12,6001
seven_opponent_panel,COMBINED,P07,0,first,win,S12,4802
seven_opponent_panel,COMBINED,P07,1,second,loss,S12,4803
seven_opponent_panel,COMBINED,P07,2,first,win,S12,4804
seven_opponent_panel,COMBINED,P07,3,second,loss,S12,4805
seven_opponent_panel,COMBINED,P07,4,first,loss,S12,4806
seven_opponent_panel,COMBINED,P07,5,second,loss,S12,4807
seven_opponent_panel,COMBINED,P07,6,first,win,S12,4808
seven_opponent_panel,COMBINED,P07,7,second,win,S12,4809
seven_opponent_panel,COMBINED,P07,8,first,win,S12,4810
seven_opponent_panel,COMBINED,P07,9,second,win,S12,4811
seven_opponent_panel,COMBINED,P07,10,first,loss,S12,4812
seven_opponent_panel,COMBINED,P07,11,second,loss,S12,4813
seven_opponent_panel,COMBINED,P07,12,first,win,S12,4814
seven_opponent_panel,COMBINED,P07,13,second,win,S12,4815
seven_opponent_panel,COMBINED,P07,14,first,loss,S12,4816
seven_opponent_panel,COMBINED,P07,15,second,loss,S12,4817
seven_opponent_panel,COMBINED,P07,16,first,win,S12,4818
seven_opponent_panel,COMBINED,P07,17,second,loss,S12,4819
seven_opponent_panel,COMBINED,P07,18,first,win,S12,4820
seven_opponent_panel,COMBINED,P07,19,second,win,S12,4821
seven_opponent_panel,COMBINED,P07,20,first,win,S12,4822
seven_opponent_panel,COMBINED,P07,21,second,loss,S12,4823
seven_opponent_panel,COMBINED,P07,22,first,win,S12,4824
seven_opponent_panel,COMBINED,P07,23,second,win,S12,4825
seven_opponent_panel,COMBINED,P07,24,first,win,S12,4826
seven_opponent_panel,COMBINED,P07,25,second,win,S12,4827
seven_opponent_panel,COMBINED,P07,26,first,win,S12,4828
seven_opponent_panel,COMBINED,P07,27,second,loss,S12,4829
seven_opponent_panel,COMBINED,P07,28,first,loss,S12,4830
seven_opponent_panel,COMBINED,P07,29,second,loss,S12,4831
seven_opponent_panel,COMBINED,P07,30,first,loss,S12,4832
seven_opponent_panel,COMBINED,P07,31,second,loss,S12,4833
seven_opponent_panel,COMBINED,P07,32,first,loss,S12,4834
seven_opponent_panel,COMBINED,P07,33,second,loss,S12,4835
seven_opponent_panel,COMBINED,P07,34,first,win,S12,4836
seven_opponent_panel,COMBINED,P07,35,second,loss,S12,4837
seven_opponent_panel,COMBINED,P07,36,first,loss,S12,4838
seven_opponent_panel,COMBINED,P07,37,second,win,S12,4839
seven_opponent_panel,COMBINED,P07,38,first,win,S12,4840
seven_opponent_panel,COMBINED,P07,39,second,loss,S12,4841
seven_opponent_panel,COMBINED,P07,40,first,win,S12,4842
seven_opponent_panel,COMBINED,P07,41,second,win,S12,4843
seven_opponent_panel,COMBINED,P07,42,first,loss,S12,4844
seven_opponent_panel,COMBINED,P07,43,second,loss,S12,4845
seven_opponent_panel,COMBINED,P07,44,first,win,S12,4846
seven_opponent_panel,COMBINED,P07,45,second,win,S12,4847
seven_opponent_panel,COMBINED,P07,46,first,win,S12,4848
seven_opponent_panel,COMBINED,P07,47,second,win,S12,4849
seven_opponent_panel,COMBINED,P07,48,first,loss,S12,4850
seven_opponent_panel,COMBINED,P07,49,second,loss,S12,4851
seven_opponent_panel,COMBINED,P07,50,first,win,S12,4852
seven_opponent_panel,COMBINED,P07,51,second,loss,S12,4853
seven_opponent_panel,COMBINED,P07,52,first,win,S12,4854
seven_opponent_panel,COMBINED,P07,53,second,win,S12,4855
seven_opponent_panel,COMBINED,P07,54,first,win,S12,4856
seven_opponent_panel,COMBINED,P07,55,second,loss,S12,4857
seven_opponent_panel,COMBINED,P07,56,first,loss,S12,4858
seven_opponent_panel,COMBINED,P07,57,second,win,S12,4859
seven_opponent_panel,COMBINED,P07,58,first,win,S12,4860
seven_opponent_panel,COMBINED,P07,59,second,loss,S12,4861
seven_opponent_panel,COMBINED,P07,60,first,loss,S12,4862
seven_opponent_panel,COMBINED,P07,61,second,loss,S12,4863
seven_opponent_panel,COMBINED,P07,62,first,win,S12,4864
seven_opponent_panel,COMBINED,P07,63,second,loss,S12,4865
seven_opponent_panel,COMBINED,P07,64,first,loss,S12,4866
seven_opponent_panel,COMBINED,P07,65,second,loss,S12,4867
seven_opponent_panel,COMBINED,P07,66,first,win,S12,4868
seven_opponent_panel,COMBINED,P07,67,second,loss,S12,4869
seven_opponent_panel,COMBINED,P07,68,first,win,S12,4870
seven_opponent_panel,COMBINED,P07,69,second,loss,S12,4871
seven_opponent_panel,COMBINED,P07,70,first,loss,S12,4872
seven_opponent_panel,COMBINED,P07,71,second,win,S12,4873
seven_opponent_panel,COMBINED,P07,72,first,win,S12,4874
seven_opponent_panel,COMBINED,P07,73,second,win,S12,4875
seven_opponent_panel,COMBINED,P07,74,first,win,S12,4876
seven_opponent_panel,COMBINED,P07,75,second,win,S12,4877
seven_opponent_panel,COMBINED,P07,76,first,loss,S12,4878
seven_opponent_panel,COMBINED,P07,77,second,win,S12,4879
seven_opponent_panel,COMBINED,P07,78,first,win,S12,4880
seven_opponent_panel,COMBINED,P07,79,second,win,S12,4881
seven_opponent_panel,COMBINED,P07,80,first,win,S12,4882
seven_opponent_panel,COMBINED,P07,81,second,loss,S12,4883
seven_opponent_panel,COMBINED,P07,82,first,win,S12,4884
seven_opponent_panel,COMBINED,P07,83,second,loss,S12,4885
seven_opponent_panel,COMBINED,P07,84,first,win,S12,4886
seven_opponent_panel,COMBINED,P07,85,second,win,S12,4887
seven_opponent_panel,COMBINED,P07,86,first,win,S12,4888
seven_opponent_panel,COMBINED,P07,87,second,win,S12,4889
seven_opponent_panel,COMBINED,P07,88,first,win,S12,4890
seven_opponent_panel,COMBINED,P07,89,second,win,S12,4891
seven_opponent_panel,COMBINED,P07,90,first,win,S12,4892
seven_opponent_panel,COMBINED,P07,91,second,loss,S12,4893
seven_opponent_panel,COMBINED,P07,92,first,win,S12,4894
seven_opponent_panel,COMBINED,P07,93,second,loss,S12,4895
seven_opponent_panel,COMBINED,P07,94,first,win,S12,4896
seven_opponent_panel,COMBINED,P07,95,second,win,S12,4897
seven_opponent_panel,COMBINED,P07,96,first,loss,S12,4898
seven_opponent_panel,COMBINED,P07,97,second,win,S12,4899
seven_opponent_panel,COMBINED,P07,98,first,win,S12,4900
seven_opponent_panel,COMBINED,P07,99,second,win,S12,4901
seven_opponent_panel,COMBINED,P07,100,first,loss,S12,4902
seven_opponent_panel,COMBINED,P07,101,second,loss,S12,4903
seven_opponent_panel,COMBINED,P07,102,first,loss,S12,4904
seven_opponent_panel,COMBINED,P07,103,second,loss,S12,4905
seven_opponent_panel,COMBINED,P07,104,first,loss,S12,4906
seven_opponent_panel,COMBINED,P07,105,second,loss,S12,4907
seven_opponent_panel,COMBINED,P07,106,first,loss,S12,4908
seven_opponent_panel,COMBINED,P07,107,second,win,S12,4909
seven_opponent_panel,COMBINED,P07,108,first,loss,S12,4910
seven_opponent_panel,COMBINED,P07,109,second,loss,S12,4911
seven_opponent_panel,COMBINED,P07,110,first,win,S12,4912
seven_opponent_panel,COMBINED,P07,111,second,win,S12,4913
seven_opponent_panel,COMBINED,P07,112,first,win,S12,4914
seven_opponent_panel,COMBINED,P07,113,second,win,S12,4915
seven_opponent_panel,COMBINED,P07,114,first,loss,S12,4916
seven_opponent_panel,COMBINED,P07,115,second,loss,S12,4917
seven_opponent_panel,COMBINED,P07,116,first,win,S12,4918
seven_opponent_panel,COMBINED,P07,117,second,loss,S12,4919
seven_opponent_panel,COMBINED,P07,118,first,loss,S12,4920
seven_opponent_panel,COMBINED,P07,119,second,win,S12,4921
seven_opponent_panel,COMBINED,P07,120,first,win,S12,4922
seven_opponent_panel,COMBINED,P07,121,second,win,S12,4923
seven_opponent_panel,COMBINED,P07,122,first,loss,S12,4924
seven_opponent_panel,COMBINED,P07,123,second,win,S12,4925
seven_opponent_panel,COMBINED,P07,124,first,win,S12,4926
seven_opponent_panel,COMBINED,P07,125,second,win,S12,4927
seven_opponent_panel,COMBINED,P07,126,first,win,S12,4928
seven_opponent_panel,COMBINED,P07,127,second,win,S12,4929
seven_opponent_panel,COMBINED,P07,128,first,win,S12,4930
seven_opponent_panel,COMBINED,P07,129,second,loss,S12,4931
seven_opponent_panel,COMBINED,P07,130,first,win,S12,4932
seven_opponent_panel,COMBINED,P07,131,second,loss,S12,4933
seven_opponent_panel,COMBINED,P07,132,first,loss,S12,4934
seven_opponent_panel,COMBINED,P07,133,second,win,S12,4935
seven_opponent_panel,COMBINED,P07,134,first,win,S12,4936
seven_opponent_panel,COMBINED,P07,135,second,loss,S12,4937
seven_opponent_panel,COMBINED,P07,136,first,win,S12,4938
seven_opponent_panel,COMBINED,P07,137,second,loss,S12,4939
seven_opponent_panel,COMBINED,P07,138,first,win,S12,4940
seven_opponent_panel,COMBINED,P07,139,second,loss,S12,4941
seven_opponent_panel,COMBINED,P07,140,first,win,S12,4942
seven_opponent_panel,COMBINED,P07,141,second,win,S12,4943
seven_opponent_panel,COMBINED,P07,142,first,loss,S12,4944
seven_opponent_panel,COMBINED,P07,143,second,loss,S12,4945
seven_opponent_panel,COMBINED,P07,144,first,loss,S12,4946
seven_opponent_panel,COMBINED,P07,145,second,loss,S12,4947
seven_opponent_panel,COMBINED,P07,146,first,loss,S12,4948
seven_opponent_panel,COMBINED,P07,147,second,win,S12,4949
seven_opponent_panel,COMBINED,P07,148,first,loss,S12,4950
seven_opponent_panel,COMBINED,P07,149,second,win,S12,4951
seven_opponent_panel,COMBINED,P07,150,first,win,S12,4952
seven_opponent_panel,COMBINED,P07,151,second,loss,S12,4953
seven_opponent_panel,COMBINED,P07,152,first,win,S12,4954
seven_opponent_panel,COMBINED,P07,153,second,win,S12,4955
seven_opponent_panel,COMBINED,P07,154,first,loss,S12,4956
seven_opponent_panel,COMBINED,P07,155,second,win,S12,4957
seven_opponent_panel,COMBINED,P07,156,first,win,S12,4958
seven_opponent_panel,COMBINED,P07,157,second,loss,S12,4959
seven_opponent_panel,COMBINED,P07,158,first,loss,S12,4960
seven_opponent_panel,COMBINED,P07,159,second,win,S12,4961
seven_opponent_panel,COMBINED,P07,160,first,win,S12,4962
seven_opponent_panel,COMBINED,P07,161,second,win,S12,4963
seven_opponent_panel,COMBINED,P07,162,first,win,S12,4964
seven_opponent_panel,COMBINED,P07,163,second,loss,S12,4965
seven_opponent_panel,COMBINED,P07,164,first,win,S12,4966
seven_opponent_panel,COMBINED,P07,165,second,win,S12,4967
seven_opponent_panel,COMBINED,P07,166,first,win,S12,4968
seven_opponent_panel,COMBINED,P07,167,second,win,S12,4969
seven_opponent_panel,COMBINED,P07,168,first,win,S12,4970
seven_opponent_panel,COMBINED,P07,169,second,loss,S12,4971
seven_opponent_panel,COMBINED,P07,170,first,loss,S12,4972
seven_opponent_panel,COMBINED,P07,171,second,win,S12,4973
seven_opponent_panel,COMBINED,P07,172,first,loss,S12,4974
seven_opponent_panel,COMBINED,P07,173,second,loss,S12,4975
seven_opponent_panel,COMBINED,P07,174,first,loss,S12,4976
seven_opponent_panel,COMBINED,P07,175,second,win,S12,4977
seven_opponent_panel,COMBINED,P07,176,first,loss,S12,4978
seven_opponent_panel,COMBINED,P07,177,second,win,S12,4979
seven_opponent_panel,COMBINED,P07,178,first,win,S12,4980
seven_opponent_panel,COMBINED,P07,179,second,win,S12,4981
seven_opponent_panel,COMBINED,P07,180,first,loss,S12,4982
seven_opponent_panel,COMBINED,P07,181,second,loss,S12,4983
seven_opponent_panel,COMBINED,P07,182,first,win,S12,4984
seven_opponent_panel,COMBINED,P07,183,second,loss,S12,4985
seven_opponent_panel,COMBINED,P07,184,first,loss,S12,4986
seven_opponent_panel,COMBINED,P07,185,second,win,S12,4987
seven_opponent_panel,COMBINED,P07,186,first,loss,S12,4988
seven_opponent_panel,COMBINED,P07,187,second,win,S12,4989
seven_opponent_panel,COMBINED,P07,188,first,win,S12,4990
seven_opponent_panel,COMBINED,P07,189,second,win,S12,4991
seven_opponent_panel,COMBINED,P07,190,first,win,S12,4992
seven_opponent_panel,COMBINED,P07,191,second,win,S12,4993
seven_opponent_panel,COMBINED,P07,192,first,win,S12,4994
seven_opponent_panel,COMBINED,P07,193,second,loss,S12,4995
seven_opponent_panel,COMBINED,P07,194,first,loss,S12,4996
seven_opponent_panel,COMBINED,P07,195,second,loss,S12,4997
seven_opponent_panel,COMBINED,P07,196,first,win,S12,4998
seven_opponent_panel,COMBINED,P07,197,second,loss,S12,4999
seven_opponent_panel,COMBINED,P07,198,first,loss,S12,5000
seven_opponent_panel,COMBINED,P07,199,second,win,S12,5001
seven_opponent_panel,COMBINED,P07,200,first,win,S12,5002
seven_opponent_panel,COMBINED,P07,201,second,win,S12,5003
seven_opponent_panel,COMBINED,P07,202,first,win,S12,5004
seven_opponent_panel,COMBINED,P07,203,second,win,S12,5005
seven_opponent_panel,COMBINED,P07,204,first,win,S12,5006
seven_opponent_panel,COMBINED,P07,205,second,loss,S12,5007
seven_opponent_panel,COMBINED,P07,206,first,win,S12,5008
seven_opponent_panel,COMBINED,P07,207,second,win,S12,5009
seven_opponent_panel,COMBINED,P07,208,first,loss,S12,5010
seven_opponent_panel,COMBINED,P07,209,second,loss,S12,5011
seven_opponent_panel,COMBINED,P07,210,first,win,S12,5012
seven_opponent_panel,COMBINED,P07,211,second,loss,S12,5014
seven_opponent_panel,COMBINED,P07,212,first,win,S12,5013
seven_opponent_panel,COMBINED,P07,213,second,loss,S12,5015
seven_opponent_panel,COMBINED,P07,214,first,win,S12,5016
seven_opponent_panel,COMBINED,P07,215,second,win,S12,5017
seven_opponent_panel,COMBINED,P07,216,first,win,S12,5018
seven_opponent_panel,COMBINED,P07,217,second,win,S12,5019
seven_opponent_panel,COMBINED,P07,218,first,loss,S12,5020
seven_opponent_panel,COMBINED,P07,219,second,win,S12,5021
seven_opponent_panel,COMBINED,P07,220,first,loss,S12,5023
seven_opponent_panel,COMBINED,P07,221,second,win,S12,5022
seven_opponent_panel,COMBINED,P07,222,first,loss,S12,5024
seven_opponent_panel,COMBINED,P07,223,second,win,S12,5026
seven_opponent_panel,COMBINED,P07,224,first,win,S12,5025
seven_opponent_panel,COMBINED,P07,225,second,loss,S12,5027
seven_opponent_panel,COMBINED,P07,226,first,win,S12,5028
seven_opponent_panel,COMBINED,P07,227,second,win,S12,5029
seven_opponent_panel,COMBINED,P07,228,first,loss,S12,5030
seven_opponent_panel,COMBINED,P07,229,second,loss,S12,5031
seven_opponent_panel,COMBINED,P07,230,first,win,S12,5032
seven_opponent_panel,COMBINED,P07,231,second,loss,S12,5033
seven_opponent_panel,COMBINED,P07,232,first,win,S12,5034
seven_opponent_panel,COMBINED,P07,233,second,loss,S12,5035
seven_opponent_panel,COMBINED,P07,234,first,win,S12,5036
seven_opponent_panel,COMBINED,P07,235,second,loss,S12,5037
seven_opponent_panel,COMBINED,P07,236,first,win,S12,5038
seven_opponent_panel,COMBINED,P07,237,second,win,S12,5039
seven_opponent_panel,COMBINED,P07,238,first,win,S12,5040
seven_opponent_panel,COMBINED,P07,239,second,loss,S12,5041
seven_opponent_panel,COMBINED,P07,240,first,win,S12,5042
seven_opponent_panel,COMBINED,P07,241,second,loss,S12,5043
seven_opponent_panel,COMBINED,P07,242,first,win,S12,5044
seven_opponent_panel,COMBINED,P07,243,second,loss,S12,5045
seven_opponent_panel,COMBINED,P07,244,first,loss,S12,5046
seven_opponent_panel,COMBINED,P07,245,second,loss,S12,5047
seven_opponent_panel,COMBINED,P07,246,first,loss,S12,5048
seven_opponent_panel,COMBINED,P07,247,second,win,S12,5049
seven_opponent_panel,COMBINED,P07,248,first,win,S12,5050
seven_opponent_panel,COMBINED,P07,249,second,loss,S12,5051
seven_opponent_panel,COMBINED,P07,250,first,win,S12,5052
seven_opponent_panel,COMBINED,P07,251,second,win,S12,5053
seven_opponent_panel,COMBINED,P07,252,first,loss,S12,5054
seven_opponent_panel,COMBINED,P07,253,second,loss,S12,5055
seven_opponent_panel,COMBINED,P07,254,first,win,S12,5056
seven_opponent_panel,COMBINED,P07,255,second,loss,S12,5057
seven_opponent_panel,COMBINED,P07,256,first,loss,S12,5058
seven_opponent_panel,COMBINED,P07,257,second,win,S12,5059
seven_opponent_panel,COMBINED,P07,258,first,loss,S12,5060
seven_opponent_panel,COMBINED,P07,259,second,loss,S12,5061
seven_opponent_panel,COMBINED,P07,260,first,win,S12,5062
seven_opponent_panel,COMBINED,P07,261,second,loss,S12,5063
seven_opponent_panel,COMBINED,P07,262,first,win,S12,5065
seven_opponent_panel,COMBINED,P07,263,second,win,S12,5064
seven_opponent_panel,COMBINED,P07,264,first,loss,S12,5066
seven_opponent_panel,COMBINED,P07,265,second,win,S12,5067
seven_opponent_panel,COMBINED,P07,266,first,win,S12,5068
seven_opponent_panel,COMBINED,P07,267,second,loss,S12,5069
seven_opponent_panel,COMBINED,P07,268,first,loss,S12,5070
seven_opponent_panel,COMBINED,P07,269,second,win,S12,5071
seven_opponent_panel,COMBINED,P07,270,first,loss,S12,5072
seven_opponent_panel,COMBINED,P07,271,second,loss,S12,5073
seven_opponent_panel,COMBINED,P07,272,first,win,S12,5074
seven_opponent_panel,COMBINED,P07,273,second,win,S12,5075
seven_opponent_panel,COMBINED,P07,274,first,win,S12,5076
seven_opponent_panel,COMBINED,P07,275,second,win,S12,5077
seven_opponent_panel,COMBINED,P07,276,first,win,S12,5078
seven_opponent_panel,COMBINED,P07,277,second,loss,S12,5079
seven_opponent_panel,COMBINED,P07,278,first,win,S12,5080
seven_opponent_panel,COMBINED,P07,279,second,loss,S12,5081
seven_opponent_panel,COMBINED,P07,280,first,win,S12,5082
seven_opponent_panel,COMBINED,P07,281,second,win,S12,5083
seven_opponent_panel,COMBINED,P07,282,first,win,S12,5084
seven_opponent_panel,COMBINED,P07,283,second,loss,S12,5086
seven_opponent_panel,COMBINED,P07,284,first,win,S12,5085
seven_opponent_panel,COMBINED,P07,285,second,loss,S12,5087
seven_opponent_panel,COMBINED,P07,286,first,win,S12,5088
seven_opponent_panel,COMBINED,P07,287,second,loss,S12,5089
seven_opponent_panel,COMBINED,P07,288,first,win,S12,5090
seven_opponent_panel,COMBINED,P07,289,second,loss,S12,5091
seven_opponent_panel,COMBINED,P07,290,first,win,S12,5092
seven_opponent_panel,COMBINED,P07,291,second,loss,S12,5093
seven_opponent_panel,COMBINED,P07,292,first,win,S12,5094
seven_opponent_panel,COMBINED,P07,293,second,win,S12,5095
seven_opponent_panel,COMBINED,P07,294,first,loss,S12,5096
seven_opponent_panel,COMBINED,P07,295,second,loss,S12,5097
seven_opponent_panel,COMBINED,P07,296,first,win,S12,5098
seven_opponent_panel,COMBINED,P07,297,second,loss,S12,5099
seven_opponent_panel,COMBINED,P07,298,first,win,S12,5100
seven_opponent_panel,COMBINED,P07,299,second,loss,S12,5101
seven_opponent_panel,COMBINED,P07,300,first,win,S12,5102
seven_opponent_panel,COMBINED,P07,301,second,loss,S12,5103
seven_opponent_panel,COMBINED,P07,302,first,win,S12,5104
seven_opponent_panel,COMBINED,P07,303,second,loss,S12,5105
seven_opponent_panel,COMBINED,P07,304,first,win,S12,5107
seven_opponent_panel,COMBINED,P07,305,second,loss,S12,5106
seven_opponent_panel,COMBINED,P07,306,first,win,S12,5108
seven_opponent_panel,COMBINED,P07,307,second,win,S12,5109
seven_opponent_panel,COMBINED,P07,308,first,loss,S12,5110
seven_opponent_panel,COMBINED,P07,309,second,win,S12,5111
seven_opponent_panel,COMBINED,P07,310,first,loss,S12,5113
seven_opponent_panel,COMBINED,P07,311,second,win,S12,5112
seven_opponent_panel,COMBINED,P07,312,first,win,S12,5114
seven_opponent_panel,COMBINED,P07,313,second,loss,S12,5116
seven_opponent_panel,COMBINED,P07,314,first,win,S12,5115
seven_opponent_panel,COMBINED,P07,315,second,loss,S12,5117
seven_opponent_panel,COMBINED,P07,316,first,win,S12,5118
seven_opponent_panel,COMBINED,P07,317,second,win,S12,5119
seven_opponent_panel,COMBINED,P07,318,first,loss,S12,5120
seven_opponent_panel,COMBINED,P07,319,second,loss,S12,5121
seven_opponent_panel,COMBINED,P07,320,first,win,S12,5122
seven_opponent_panel,COMBINED,P07,321,second,loss,S12,5123
seven_opponent_panel,COMBINED,P07,322,first,win,S12,5124
seven_opponent_panel,COMBINED,P07,323,second,win,S12,5125
seven_opponent_panel,COMBINED,P07,324,first,loss,S12,5126
seven_opponent_panel,COMBINED,P07,325,second,loss,S12,5127
seven_opponent_panel,COMBINED,P07,326,first,win,S12,5128
seven_opponent_panel,COMBINED,P07,327,second,loss,S12,5129
seven_opponent_panel,COMBINED,P07,328,first,win,S12,5130
seven_opponent_panel,COMBINED,P07,329,second,win,S12,5131
seven_opponent_panel,COMBINED,P07,330,first,loss,S12,5132
seven_opponent_panel,COMBINED,P07,331,second,win,S12,5133
seven_opponent_panel,COMBINED,P07,332,first,loss,S12,5134
seven_opponent_panel,COMBINED,P07,333,second,win,S12,5135
seven_opponent_panel,COMBINED,P07,334,first,win,S12,5136
seven_opponent_panel,COMBINED,P07,335,second,win,S12,5137
seven_opponent_panel,COMBINED,P07,336,first,win,S12,5138
seven_opponent_panel,COMBINED,P07,337,second,loss,S12,5139
seven_opponent_panel,COMBINED,P07,338,first,loss,S12,5140
seven_opponent_panel,COMBINED,P07,339,second,loss,S12,5141
seven_opponent_panel,COMBINED,P07,340,first,loss,S12,5142
seven_opponent_panel,COMBINED,P07,341,second,win,S12,5143
seven_opponent_panel,COMBINED,P07,342,first,loss,S12,5144
seven_opponent_panel,COMBINED,P07,343,second,win,S12,5145
seven_opponent_panel,COMBINED,P07,344,first,win,S12,5146
seven_opponent_panel,COMBINED,P07,345,second,loss,S12,5147
seven_opponent_panel,COMBINED,P07,346,first,loss,S12,5148
seven_opponent_panel,COMBINED,P07,347,second,win,S12,5149
seven_opponent_panel,COMBINED,P07,348,first,win,S12,5150
seven_opponent_panel,COMBINED,P07,349,second,loss,S12,5151
seven_opponent_panel,COMBINED,P07,350,first,win,S12,5152
seven_opponent_panel,COMBINED,P07,351,second,loss,S12,5153
seven_opponent_panel,COMBINED,P07,352,first,loss,S12,5154
seven_opponent_panel,COMBINED,P07,353,second,loss,S12,5155
seven_opponent_panel,COMBINED,P07,354,first,win,S12,5156
seven_opponent_panel,COMBINED,P07,355,second,loss,S12,5157
seven_opponent_panel,COMBINED,P07,356,first,win,S12,5158
seven_opponent_panel,COMBINED,P07,357,second,win,S12,5159
seven_opponent_panel,COMBINED,P07,358,first,win,S12,5160
seven_opponent_panel,COMBINED,P07,359,second,loss,S12,5161
seven_opponent_panel,COMBINED,P07,360,first,loss,S12,5162
seven_opponent_panel,COMBINED,P07,361,second,win,S12,5163
seven_opponent_panel,COMBINED,P07,362,first,win,S12,5164
seven_opponent_panel,COMBINED,P07,363,second,loss,S12,5165
seven_opponent_panel,COMBINED,P07,364,first,win,S12,5166
seven_opponent_panel,COMBINED,P07,365,second,win,S12,5167
seven_opponent_panel,COMBINED,P07,366,first,win,S12,5168
seven_opponent_panel,COMBINED,P07,367,second,loss,S12,5169
seven_opponent_panel,COMBINED,P07,368,first,win,S12,5170
seven_opponent_panel,COMBINED,P07,369,second,win,S12,5171
seven_opponent_panel,COMBINED,P07,370,first,loss,S12,5173
seven_opponent_panel,COMBINED,P07,371,second,win,S12,5172
seven_opponent_panel,COMBINED,P07,372,first,win,S12,5174
seven_opponent_panel,COMBINED,P07,373,second,win,S12,5175
seven_opponent_panel,COMBINED,P07,374,first,win,S12,5176
seven_opponent_panel,COMBINED,P07,375,second,win,S12,5177
seven_opponent_panel,COMBINED,P07,376,first,win,S12,5179
seven_opponent_panel,COMBINED,P07,377,second,loss,S12,5178
seven_opponent_panel,COMBINED,P07,378,first,loss,S12,5180
seven_opponent_panel,COMBINED,P07,379,second,win,S12,5181
seven_opponent_panel,COMBINED,P07,380,first,loss,S12,5182
seven_opponent_panel,COMBINED,P07,381,second,loss,S12,5183
seven_opponent_panel,COMBINED,P07,382,first,win,S12,5185
seven_opponent_panel,COMBINED,P07,383,second,loss,S12,5184
seven_opponent_panel,COMBINED,P07,384,first,win,S12,5186
seven_opponent_panel,COMBINED,P07,385,second,loss,S12,5188
seven_opponent_panel,COMBINED,P07,386,first,win,S12,5187
seven_opponent_panel,COMBINED,P07,387,second,win,S12,5189
seven_opponent_panel,COMBINED,P07,388,first,win,S12,5190
seven_opponent_panel,COMBINED,P07,389,second,win,S12,5191
seven_opponent_panel,COMBINED,P07,390,first,win,S12,5192
seven_opponent_panel,COMBINED,P07,391,second,loss,S12,5193
seven_opponent_panel,COMBINED,P07,392,first,loss,S12,5194
seven_opponent_panel,COMBINED,P07,393,second,loss,S12,5195
seven_opponent_panel,COMBINED,P07,394,first,loss,S12,5196
seven_opponent_panel,COMBINED,P07,395,second,loss,S12,5197
seven_opponent_panel,COMBINED,P07,396,first,loss,S12,5198
seven_opponent_panel,COMBINED,P07,397,second,win,S12,5199
seven_opponent_panel,COMBINED,P07,398,first,loss,S12,5200
seven_opponent_panel,COMBINED,P07,399,second,loss,S12,5201
seven_opponent_panel,COMBINED,P07,400,first,loss,S12,5202
seven_opponent_panel,COMBINED,P07,401,second,loss,S12,5203
seven_opponent_panel,COMBINED,P07,402,first,win,S12,5204
seven_opponent_panel,COMBINED,P07,403,second,win,S12,5206
seven_opponent_panel,COMBINED,P07,404,first,loss,S12,5205
seven_opponent_panel,COMBINED,P07,405,second,win,S12,5207
seven_opponent_panel,COMBINED,P07,406,first,win,S12,5208
seven_opponent_panel,COMBINED,P07,407,second,win,S12,5209
seven_opponent_panel,COMBINED,P07,408,first,win,S12,5210
seven_opponent_panel,COMBINED,P07,409,second,win,S12,5212
seven_opponent_panel,COMBINED,P07,410,first,win,S12,5211
seven_opponent_panel,COMBINED,P07,411,second,win,S12,5213
seven_opponent_panel,COMBINED,P07,412,first,loss,S12,5214
seven_opponent_panel,COMBINED,P07,413,second,win,S12,5215
seven_opponent_panel,COMBINED,P07,414,first,win,S12,5216
seven_opponent_panel,COMBINED,P07,415,second,win,S12,5217
seven_opponent_panel,COMBINED,P07,416,first,loss,S12,5218
seven_opponent_panel,COMBINED,P07,417,second,loss,S12,5219
seven_opponent_panel,COMBINED,P07,418,first,win,S12,5220
seven_opponent_panel,COMBINED,P07,419,second,loss,S12,5221
seven_opponent_panel,COMBINED,P07,420,first,loss,S12,5222
seven_opponent_panel,COMBINED,P07,421,second,loss,S12,5223
seven_opponent_panel,COMBINED,P07,422,first,win,S12,5224
seven_opponent_panel,COMBINED,P07,423,second,win,S12,5225
seven_opponent_panel,COMBINED,P07,424,first,win,S12,5226
seven_opponent_panel,COMBINED,P07,425,second,win,S12,5227
seven_opponent_panel,COMBINED,P07,426,first,loss,S12,5228
seven_opponent_panel,COMBINED,P07,427,second,loss,S12,5229
seven_opponent_panel,COMBINED,P07,428,first,loss,S12,5230
seven_opponent_panel,COMBINED,P07,429,second,loss,S12,5231
seven_opponent_panel,COMBINED,P07,430,first,loss,S12,5232
seven_opponent_panel,COMBINED,P07,431,second,loss,S12,5233
seven_opponent_panel,COMBINED,P07,432,first,win,S12,5234
seven_opponent_panel,COMBINED,P07,433,second,loss,S12,5236
seven_opponent_panel,COMBINED,P07,434,first,win,S12,5235
seven_opponent_panel,COMBINED,P07,435,second,loss,S12,5237
seven_opponent_panel,COMBINED,P07,436,first,win,S12,5239
seven_opponent_panel,COMBINED,P07,437,second,loss,S12,5238
seven_opponent_panel,COMBINED,P07,438,first,loss,S12,5240
seven_opponent_panel,COMBINED,P07,439,second,loss,S12,5242
seven_opponent_panel,COMBINED,P07,440,first,loss,S12,5241
seven_opponent_panel,COMBINED,P07,441,second,loss,S12,5243
seven_opponent_panel,COMBINED,P07,442,first,win,S12,5244
seven_opponent_panel,COMBINED,P07,443,second,loss,S12,5245
seven_opponent_panel,COMBINED,P07,444,first,win,S12,5246
seven_opponent_panel,COMBINED,P07,445,second,win,S12,5247
seven_opponent_panel,COMBINED,P07,446,first,win,S12,5248
seven_opponent_panel,COMBINED,P07,447,second,win,S12,5249
seven_opponent_panel,COMBINED,P07,448,first,loss,S12,5250
seven_opponent_panel,COMBINED,P07,449,second,loss,S12,5251
seven_opponent_panel,COMBINED,P07,450,first,loss,S12,5252
seven_opponent_panel,COMBINED,P07,451,second,loss,S12,5253
seven_opponent_panel,COMBINED,P07,452,first,loss,S12,5254
seven_opponent_panel,COMBINED,P07,453,second,loss,S12,5255
seven_opponent_panel,COMBINED,P07,454,first,win,S12,5256
seven_opponent_panel,COMBINED,P07,455,second,loss,S12,5257
seven_opponent_panel,COMBINED,P07,456,first,win,S12,5258
seven_opponent_panel,COMBINED,P07,457,second,loss,S12,5259
seven_opponent_panel,COMBINED,P07,458,first,win,S12,5260
seven_opponent_panel,COMBINED,P07,459,second,win,S12,5261
seven_opponent_panel,COMBINED,P07,460,first,win,S12,5262
seven_opponent_panel,COMBINED,P07,461,second,loss,S12,5263
seven_opponent_panel,COMBINED,P07,462,first,win,S12,5264
seven_opponent_panel,COMBINED,P07,463,second,loss,S12,5265
seven_opponent_panel,COMBINED,P07,464,first,win,S12,5266
seven_opponent_panel,COMBINED,P07,465,second,win,S12,5267
seven_opponent_panel,COMBINED,P07,466,first,win,S12,5268
seven_opponent_panel,COMBINED,P07,467,second,win,S12,5269
seven_opponent_panel,COMBINED,P07,468,first,loss,S12,5270
seven_opponent_panel,COMBINED,P07,469,second,win,S12,5271
seven_opponent_panel,COMBINED,P07,470,first,loss,S12,5272
seven_opponent_panel,COMBINED,P07,471,second,loss,S12,5273
seven_opponent_panel,COMBINED,P07,472,first,win,S12,5274
seven_opponent_panel,COMBINED,P07,473,second,win,S12,5275
seven_opponent_panel,COMBINED,P07,474,first,win,S12,5276
seven_opponent_panel,COMBINED,P07,475,second,win,S12,5277
seven_opponent_panel,COMBINED,P07,476,first,win,S12,5278
seven_opponent_panel,COMBINED,P07,477,second,win,S12,5279
seven_opponent_panel,COMBINED,P07,478,first,loss,S12,5280
seven_opponent_panel,COMBINED,P07,479,second,win,S12,5281
seven_opponent_panel,COMBINED,P07,480,first,win,S12,5282
seven_opponent_panel,COMBINED,P07,481,second,win,S12,5283
seven_opponent_panel,COMBINED,P07,482,first,win,S12,5284
seven_opponent_panel,COMBINED,P07,483,second,win,S12,5285
seven_opponent_panel,COMBINED,P07,484,first,win,S12,5286
seven_opponent_panel,COMBINED,P07,485,second,loss,S12,5287
seven_opponent_panel,COMBINED,P07,486,first,loss,S12,5288
seven_opponent_panel,COMBINED,P07,487,second,loss,S12,5289
seven_opponent_panel,COMBINED,P07,488,first,win,S12,5290
seven_opponent_panel,COMBINED,P07,489,second,win,S12,5291
seven_opponent_panel,COMBINED,P07,490,first,win,S12,5292
seven_opponent_panel,COMBINED,P07,491,second,loss,S12,5293
seven_opponent_panel,COMBINED,P07,492,first,loss,S12,5294
seven_opponent_panel,COMBINED,P07,493,second,loss,S12,5295
seven_opponent_panel,COMBINED,P07,494,first,win,S12,5296
seven_opponent_panel,COMBINED,P07,495,second,loss,S12,5297
seven_opponent_panel,COMBINED,P07,496,first,win,S12,5298
seven_opponent_panel,COMBINED,P07,497,second,loss,S12,5299
seven_opponent_panel,COMBINED,P07,498,first,loss,S12,5300
seven_opponent_panel,COMBINED,P07,499,second,win,S12,5301
seven_opponent_panel,COMBINED,P07,500,first,loss,S12,5302
seven_opponent_panel,COMBINED,P07,501,second,win,S12,5303
seven_opponent_panel,COMBINED,P07,502,first,loss,S12,5304
seven_opponent_panel,COMBINED,P07,503,second,loss,S12,5305
seven_opponent_panel,COMBINED,P07,504,first,win,S12,5306
seven_opponent_panel,COMBINED,P07,505,second,win,S12,5307
seven_opponent_panel,COMBINED,P07,506,first,win,S12,5308
seven_opponent_panel,COMBINED,P07,507,second,win,S12,5309
seven_opponent_panel,COMBINED,P07,508,first,win,S12,5310
seven_opponent_panel,COMBINED,P07,509,second,win,S12,5311
seven_opponent_panel,COMBINED,P07,510,first,win,S12,5312
seven_opponent_panel,COMBINED,P07,511,second,win,S12,5313
seven_opponent_panel,COMBINED,P07,512,first,win,S12,5314
seven_opponent_panel,COMBINED,P07,513,second,loss,S12,5315
seven_opponent_panel,COMBINED,P07,514,first,win,S12,5316
seven_opponent_panel,COMBINED,P07,515,second,win,S12,5317
seven_opponent_panel,COMBINED,P07,516,first,loss,S12,5318
seven_opponent_panel,COMBINED,P07,517,second,win,S12,5319
seven_opponent_panel,COMBINED,P07,518,first,win,S12,5320
seven_opponent_panel,COMBINED,P07,519,second,loss,S12,5321
seven_opponent_panel,COMBINED,P07,520,first,win,S12,5322
seven_opponent_panel,COMBINED,P07,521,second,win,S12,5323
seven_opponent_panel,COMBINED,P07,522,first,win,S12,5324
seven_opponent_panel,COMBINED,P07,523,second,loss,S12,5325
seven_opponent_panel,COMBINED,P07,524,first,win,S12,5326
seven_opponent_panel,COMBINED,P07,525,second,win,S12,5327
seven_opponent_panel,COMBINED,P07,526,first,loss,S12,5328
seven_opponent_panel,COMBINED,P07,527,second,loss,S12,5329
seven_opponent_panel,COMBINED,P07,528,first,win,S12,5330
seven_opponent_panel,COMBINED,P07,529,second,loss,S12,5331
seven_opponent_panel,COMBINED,P07,530,first,loss,S12,5332
seven_opponent_panel,COMBINED,P07,531,second,win,S12,5333
seven_opponent_panel,COMBINED,P07,532,first,win,S12,5334
seven_opponent_panel,COMBINED,P07,533,second,win,S12,5335
seven_opponent_panel,COMBINED,P07,534,first,win,S12,5336
seven_opponent_panel,COMBINED,P07,535,second,win,S12,5337
seven_opponent_panel,COMBINED,P07,536,first,win,S12,5338
seven_opponent_panel,COMBINED,P07,537,second,win,S12,5339
seven_opponent_panel,COMBINED,P07,538,first,win,S12,5340
seven_opponent_panel,COMBINED,P07,539,second,win,S12,5341
seven_opponent_panel,COMBINED,P07,540,first,loss,S12,5342
seven_opponent_panel,COMBINED,P07,541,second,loss,S12,5343
seven_opponent_panel,COMBINED,P07,542,first,loss,S12,5344
seven_opponent_panel,COMBINED,P07,543,second,loss,S12,5345
seven_opponent_panel,COMBINED,P07,544,first,loss,S12,5346
seven_opponent_panel,COMBINED,P07,545,second,win,S12,5347
seven_opponent_panel,COMBINED,P07,546,first,win,S12,5348
seven_opponent_panel,COMBINED,P07,547,second,win,S12,5349
seven_opponent_panel,COMBINED,P07,548,first,win,S12,5350
seven_opponent_panel,COMBINED,P07,549,second,win,S12,5351
seven_opponent_panel,COMBINED,P07,550,first,win,S12,5352
seven_opponent_panel,COMBINED,P07,551,second,loss,S12,5353
seven_opponent_panel,COMBINED,P07,552,first,loss,S12,5354
seven_opponent_panel,COMBINED,P07,553,second,win,S12,5355
seven_opponent_panel,COMBINED,P07,554,first,loss,S12,5356
seven_opponent_panel,COMBINED,P07,555,second,win,S12,5357
seven_opponent_panel,COMBINED,P07,556,first,win,S12,5358
seven_opponent_panel,COMBINED,P07,557,second,win,S12,5359
seven_opponent_panel,COMBINED,P07,558,first,loss,S12,5360
seven_opponent_panel,COMBINED,P07,559,second,win,S12,5361
seven_opponent_panel,COMBINED,P07,560,first,loss,S12,5362
seven_opponent_panel,COMBINED,P07,561,second,win,S12,5363
seven_opponent_panel,COMBINED,P07,562,first,win,S12,5364
seven_opponent_panel,COMBINED,P07,563,second,win,S12,5365
seven_opponent_panel,COMBINED,P07,564,first,win,S12,5366
seven_opponent_panel,COMBINED,P07,565,second,loss,S12,5367
seven_opponent_panel,COMBINED,P07,566,first,win,S12,5368
seven_opponent_panel,COMBINED,P07,567,second,loss,S12,5369
seven_opponent_panel,COMBINED,P07,568,first,loss,S12,5370
seven_opponent_panel,COMBINED,P07,569,second,win,S12,5371
seven_opponent_panel,COMBINED,P07,570,first,win,S12,5372
seven_opponent_panel,COMBINED,P07,571,second,loss,S12,5373
seven_opponent_panel,COMBINED,P07,572,first,loss,S12,5374
seven_opponent_panel,COMBINED,P07,573,second,loss,S12,5375
seven_opponent_panel,COMBINED,P07,574,first,win,S12,5376
seven_opponent_panel,COMBINED,P07,575,second,win,S12,5377
seven_opponent_panel,COMBINED,P07,576,first,loss,S12,5378
seven_opponent_panel,COMBINED,P07,577,second,loss,S12,5379
seven_opponent_panel,COMBINED,P07,578,first,loss,S12,5380
seven_opponent_panel,COMBINED,P07,579,second,loss,S12,5381
seven_opponent_panel,COMBINED,P07,580,first,win,S12,5382
seven_opponent_panel,COMBINED,P07,581,second,loss,S12,5383
seven_opponent_panel,COMBINED,P07,582,first,win,S12,5384
seven_opponent_panel,COMBINED,P07,583,second,win,S12,5385
seven_opponent_panel,COMBINED,P07,584,first,loss,S12,5386
seven_opponent_panel,COMBINED,P07,585,second,loss,S12,5387
seven_opponent_panel,COMBINED,P07,586,first,win,S12,5388
seven_opponent_panel,COMBINED,P07,587,second,loss,S12,5389
seven_opponent_panel,COMBINED,P07,588,first,loss,S12,5390
seven_opponent_panel,COMBINED,P07,589,second,loss,S12,5391
seven_opponent_panel,COMBINED,P07,590,first,loss,S12,5392
seven_opponent_panel,COMBINED,P07,591,second,loss,S12,5393
seven_opponent_panel,COMBINED,P07,592,first,win,S12,5394
seven_opponent_panel,COMBINED,P07,593,second,win,S12,5395
seven_opponent_panel,COMBINED,P07,594,first,win,S12,5396
seven_opponent_panel,COMBINED,P07,595,second,win,S12,5397
seven_opponent_panel,COMBINED,P07,596,first,win,S12,5398
seven_opponent_panel,COMBINED,P07,597,second,win,S12,5399
seven_opponent_panel,COMBINED,P07,598,first,win,S12,5401
seven_opponent_panel,COMBINED,P07,599,second,loss,S12,5405
